[2026-09-08T13:44:46.836+0000] {processor.py:161} INFO - Started process (PID=99) to work on /home/airflow/.local/lib/python3.8/site-packages/airflow/example_dags/example_setup_teardown_taskflow.py
[2026-09-08T13:44:46.843+0000] {processor.py:830} INFO - Processing file /home/airflow/.local/lib/python3.8/site-packages/airflow/example_dags/example_setup_teardown_taskflow.py for tasks to queue
[2026-09-08T13:44:46.852+0000] {logging_mixin.py:188} INFO - [2026-09-08T13:44:46.851+0000] {dagbag.py:540} INFO - Filling up the DagBag from /home/airflow/.local/lib/python3.8/site-packages/airflow/example_dags/example_setup_teardown_taskflow.py
[2026-09-08T13:44:46.879+0000] {processor.py:840} INFO - DAG(s) 'example_setup_teardown_taskflow' retrieved from /home/airflow/.local/lib/python3.8/site-packages/airflow/example_dags/example_setup_teardown_taskflow.py
[2026-09-08T13:44:46.924+0000] {logging_mixin.py:188} INFO - [2026-09-08T13:44:46.923+0000] {dag.py:3047} INFO - Sync 1 DAGs
[2026-09-08T13:44:47.038+0000] {logging_mixin.py:188} INFO - [2026-09-08T13:44:47.038+0000] {dag.py:3834} INFO - Setting next_dagrun for example_setup_teardown_taskflow to 2026-09-07 00:00:00+00:00, run_after=2026-09-08 00:00:00+00:00
[2026-09-08T13:44:47.081+0000] {processor.py:183} INFO - Processing /home/airflow/.local/lib/python3.8/site-packages/airflow/example_dags/example_setup_teardown_taskflow.py took 0.283 seconds
[2026-09-08T13:45:18.544+0000] {processor.py:161} INFO - Started process (PID=156) to work on /home/airflow/.local/lib/python3.8/site-packages/airflow/example_dags/example_setup_teardown_taskflow.py
[2026-09-08T13:45:18.547+0000] {processor.py:830} INFO - Processing file /home/airflow/.local/lib/python3.8/site-packages/airflow/example_dags/example_setup_teardown_taskflow.py for tasks to queue
[2026-09-08T13:45:18.552+0000] {logging_mixin.py:188} INFO - [2026-09-08T13:45:18.550+0000] {dagbag.py:540} INFO - Filling up the DagBag from /home/airflow/.local/lib/python3.8/site-packages/airflow/example_dags/example_setup_teardown_taskflow.py
[2026-09-08T13:45:18.581+0000] {processor.py:840} INFO - DAG(s) 'example_setup_teardown_taskflow' retrieved from /home/airflow/.local/lib/python3.8/site-packages/airflow/example_dags/example_setup_teardown_taskflow.py
[2026-09-08T13:45:18.865+0000] {logging_mixin.py:188} INFO - [2026-09-08T13:45:18.864+0000] {dag.py:3047} INFO - Sync 1 DAGs
[2026-09-08T13:45:18.927+0000] {logging_mixin.py:188} INFO - [2026-09-08T13:45:18.927+0000] {dag.py:3834} INFO - Setting next_dagrun for example_setup_teardown_taskflow to 2026-09-07 00:00:00+00:00, run_after=2026-09-08 00:00:00+00:00
[2026-09-08T13:45:18.974+0000] {processor.py:183} INFO - Processing /home/airflow/.local/lib/python3.8/site-packages/airflow/example_dags/example_setup_teardown_taskflow.py took 0.439 seconds
[2026-09-08T13:45:49.360+0000] {processor.py:161} INFO - Started process (PID=213) to work on /home/airflow/.local/lib/python3.8/site-packages/airflow/example_dags/example_setup_teardown_taskflow.py
[2026-09-08T13:45:49.362+0000] {processor.py:830} INFO - Processing file /home/airflow/.local/lib/python3.8/site-packages/airflow/example_dags/example_setup_teardown_taskflow.py for tasks to queue
[2026-09-08T13:45:49.375+0000] {logging_mixin.py:188} INFO - [2026-09-08T13:45:49.374+0000] {dagbag.py:540} INFO - Filling up the DagBag from /home/airflow/.local/lib/python3.8/site-packages/airflow/example_dags/example_setup_teardown_taskflow.py
[2026-09-08T13:45:49.408+0000] {processor.py:840} INFO - DAG(s) 'example_setup_teardown_taskflow' retrieved from /home/airflow/.local/lib/python3.8/site-packages/airflow/example_dags/example_setup_teardown_taskflow.py
[2026-09-08T13:45:49.468+0000] {logging_mixin.py:188} INFO - [2026-09-08T13:45:49.468+0000] {dag.py:3047} INFO - Sync 1 DAGs
[2026-09-08T13:45:49.538+0000] {logging_mixin.py:188} INFO - [2026-09-08T13:45:49.538+0000] {dag.py:3834} INFO - Setting next_dagrun for example_setup_teardown_taskflow to 2026-09-07 00:00:00+00:00, run_after=2026-09-08 00:00:00+00:00
[2026-09-08T13:45:49.617+0000] {processor.py:183} INFO - Processing /home/airflow/.local/lib/python3.8/site-packages/airflow/example_dags/example_setup_teardown_taskflow.py took 0.268 seconds
[2026-09-08T13:46:20.059+0000] {processor.py:161} INFO - Started process (PID=275) to work on /home/airflow/.local/lib/python3.8/site-packages/airflow/example_dags/example_setup_teardown_taskflow.py
[2026-09-08T13:46:20.061+0000] {processor.py:830} INFO - Processing file /home/airflow/.local/lib/python3.8/site-packages/airflow/example_dags/example_setup_teardown_taskflow.py for tasks to queue
[2026-09-08T13:46:20.065+0000] {logging_mixin.py:188} INFO - [2026-09-08T13:46:20.065+0000] {dagbag.py:540} INFO - Filling up the DagBag from /home/airflow/.local/lib/python3.8/site-packages/airflow/example_dags/example_setup_teardown_taskflow.py
[2026-09-08T13:46:20.080+0000] {processor.py:840} INFO - DAG(s) 'example_setup_teardown_taskflow' retrieved from /home/airflow/.local/lib/python3.8/site-packages/airflow/example_dags/example_setup_teardown_taskflow.py
[2026-09-08T13:46:20.113+0000] {logging_mixin.py:188} INFO - [2026-09-08T13:46:20.113+0000] {dag.py:3047} INFO - Sync 1 DAGs
[2026-09-08T13:46:20.143+0000] {logging_mixin.py:188} INFO - [2026-09-08T13:46:20.143+0000] {dag.py:3834} INFO - Setting next_dagrun for example_setup_teardown_taskflow to 2026-09-07 00:00:00+00:00, run_after=2026-09-08 00:00:00+00:00
[2026-09-08T13:46:20.179+0000] {processor.py:183} INFO - Processing /home/airflow/.local/lib/python3.8/site-packages/airflow/example_dags/example_setup_teardown_taskflow.py took 0.126 seconds
[2026-09-08T13:46:50.593+0000] {processor.py:161} INFO - Started process (PID=332) to work on /home/airflow/.local/lib/python3.8/site-packages/airflow/example_dags/example_setup_teardown_taskflow.py
[2026-09-08T13:46:50.595+0000] {processor.py:830} INFO - Processing file /home/airflow/.local/lib/python3.8/site-packages/airflow/example_dags/example_setup_teardown_taskflow.py for tasks to queue
[2026-09-08T13:46:50.599+0000] {logging_mixin.py:188} INFO - [2026-09-08T13:46:50.598+0000] {dagbag.py:540} INFO - Filling up the DagBag from /home/airflow/.local/lib/python3.8/site-packages/airflow/example_dags/example_setup_teardown_taskflow.py
[2026-09-08T13:46:50.615+0000] {processor.py:840} INFO - DAG(s) 'example_setup_teardown_taskflow' retrieved from /home/airflow/.local/lib/python3.8/site-packages/airflow/example_dags/example_setup_teardown_taskflow.py
[2026-09-08T13:46:50.642+0000] {logging_mixin.py:188} INFO - [2026-09-08T13:46:50.642+0000] {dag.py:3047} INFO - Sync 1 DAGs
[2026-09-08T13:46:50.672+0000] {logging_mixin.py:188} INFO - [2026-09-08T13:46:50.671+0000] {dag.py:3834} INFO - Setting next_dagrun for example_setup_teardown_taskflow to 2026-09-07 00:00:00+00:00, run_after=2026-09-08 00:00:00+00:00
[2026-09-08T13:46:50.696+0000] {processor.py:183} INFO - Processing /home/airflow/.local/lib/python3.8/site-packages/airflow/example_dags/example_setup_teardown_taskflow.py took 0.107 seconds
[2026-09-08T13:47:21.238+0000] {processor.py:161} INFO - Started process (PID=393) to work on /home/airflow/.local/lib/python3.8/site-packages/airflow/example_dags/example_setup_teardown_taskflow.py
[2026-09-08T13:47:21.240+0000] {processor.py:830} INFO - Processing file /home/airflow/.local/lib/python3.8/site-packages/airflow/example_dags/example_setup_teardown_taskflow.py for tasks to queue
[2026-09-08T13:47:21.244+0000] {logging_mixin.py:188} INFO - [2026-09-08T13:47:21.243+0000] {dagbag.py:540} INFO - Filling up the DagBag from /home/airflow/.local/lib/python3.8/site-packages/airflow/example_dags/example_setup_teardown_taskflow.py
[2026-09-08T13:47:21.277+0000] {processor.py:840} INFO - DAG(s) 'example_setup_teardown_taskflow' retrieved from /home/airflow/.local/lib/python3.8/site-packages/airflow/example_dags/example_setup_teardown_taskflow.py
[2026-09-08T13:47:21.312+0000] {logging_mixin.py:188} INFO - [2026-09-08T13:47:21.312+0000] {dag.py:3047} INFO - Sync 1 DAGs
[2026-09-08T13:47:21.351+0000] {logging_mixin.py:188} INFO - [2026-09-08T13:47:21.351+0000] {dag.py:3834} INFO - Setting next_dagrun for example_setup_teardown_taskflow to 2026-09-07 00:00:00+00:00, run_after=2026-09-08 00:00:00+00:00
[2026-09-08T13:47:21.379+0000] {processor.py:183} INFO - Processing /home/airflow/.local/lib/python3.8/site-packages/airflow/example_dags/example_setup_teardown_taskflow.py took 0.151 seconds
[2026-09-08T13:47:51.573+0000] {processor.py:161} INFO - Started process (PID=450) to work on /home/airflow/.local/lib/python3.8/site-packages/airflow/example_dags/example_setup_teardown_taskflow.py
[2026-09-08T13:47:51.575+0000] {processor.py:830} INFO - Processing file /home/airflow/.local/lib/python3.8/site-packages/airflow/example_dags/example_setup_teardown_taskflow.py for tasks to queue
[2026-09-08T13:47:51.577+0000] {logging_mixin.py:188} INFO - [2026-09-08T13:47:51.577+0000] {dagbag.py:540} INFO - Filling up the DagBag from /home/airflow/.local/lib/python3.8/site-packages/airflow/example_dags/example_setup_teardown_taskflow.py
[2026-09-08T13:47:51.589+0000] {processor.py:840} INFO - DAG(s) 'example_setup_teardown_taskflow' retrieved from /home/airflow/.local/lib/python3.8/site-packages/airflow/example_dags/example_setup_teardown_taskflow.py
[2026-09-08T13:47:51.606+0000] {logging_mixin.py:188} INFO - [2026-09-08T13:47:51.606+0000] {dag.py:3047} INFO - Sync 1 DAGs
[2026-09-08T13:47:51.635+0000] {logging_mixin.py:188} INFO - [2026-09-08T13:47:51.635+0000] {dag.py:3834} INFO - Setting next_dagrun for example_setup_teardown_taskflow to 2026-09-07 00:00:00+00:00, run_after=2026-09-08 00:00:00+00:00
[2026-09-08T13:47:51.664+0000] {processor.py:183} INFO - Processing /home/airflow/.local/lib/python3.8/site-packages/airflow/example_dags/example_setup_teardown_taskflow.py took 0.095 seconds
[2026-09-08T13:48:22.966+0000] {processor.py:161} INFO - Started process (PID=507) to work on /home/airflow/.local/lib/python3.8/site-packages/airflow/example_dags/example_setup_teardown_taskflow.py
[2026-09-08T13:48:22.968+0000] {processor.py:830} INFO - Processing file /home/airflow/.local/lib/python3.8/site-packages/airflow/example_dags/example_setup_teardown_taskflow.py for tasks to queue
[2026-09-08T13:48:22.974+0000] {logging_mixin.py:188} INFO - [2026-09-08T13:48:22.973+0000] {dagbag.py:540} INFO - Filling up the DagBag from /home/airflow/.local/lib/python3.8/site-packages/airflow/example_dags/example_setup_teardown_taskflow.py
[2026-09-08T13:48:22.987+0000] {processor.py:840} INFO - DAG(s) 'example_setup_teardown_taskflow' retrieved from /home/airflow/.local/lib/python3.8/site-packages/airflow/example_dags/example_setup_teardown_taskflow.py
[2026-09-08T13:48:23.125+0000] {logging_mixin.py:188} INFO - [2026-09-08T13:48:23.124+0000] {dag.py:3047} INFO - Sync 1 DAGs
[2026-09-08T13:48:23.150+0000] {logging_mixin.py:188} INFO - [2026-09-08T13:48:23.149+0000] {dag.py:3834} INFO - Setting next_dagrun for example_setup_teardown_taskflow to 2026-09-07 00:00:00+00:00, run_after=2026-09-08 00:00:00+00:00
[2026-09-08T13:48:23.178+0000] {processor.py:183} INFO - Processing /home/airflow/.local/lib/python3.8/site-packages/airflow/example_dags/example_setup_teardown_taskflow.py took 0.217 seconds
[2026-09-08T13:48:54.090+0000] {processor.py:161} INFO - Started process (PID=563) to work on /home/airflow/.local/lib/python3.8/site-packages/airflow/example_dags/example_setup_teardown_taskflow.py
[2026-09-08T13:48:54.097+0000] {processor.py:830} INFO - Processing file /home/airflow/.local/lib/python3.8/site-packages/airflow/example_dags/example_setup_teardown_taskflow.py for tasks to queue
[2026-09-08T13:48:54.102+0000] {logging_mixin.py:188} INFO - [2026-09-08T13:48:54.102+0000] {dagbag.py:540} INFO - Filling up the DagBag from /home/airflow/.local/lib/python3.8/site-packages/airflow/example_dags/example_setup_teardown_taskflow.py
[2026-09-08T13:48:54.131+0000] {processor.py:840} INFO - DAG(s) 'example_setup_teardown_taskflow' retrieved from /home/airflow/.local/lib/python3.8/site-packages/airflow/example_dags/example_setup_teardown_taskflow.py
[2026-09-08T13:48:54.174+0000] {logging_mixin.py:188} INFO - [2026-09-08T13:48:54.173+0000] {dag.py:3047} INFO - Sync 1 DAGs
[2026-09-08T13:48:54.216+0000] {logging_mixin.py:188} INFO - [2026-09-08T13:48:54.216+0000] {dag.py:3834} INFO - Setting next_dagrun for example_setup_teardown_taskflow to 2026-09-07 00:00:00+00:00, run_after=2026-09-08 00:00:00+00:00
[2026-09-08T13:48:54.248+0000] {processor.py:183} INFO - Processing /home/airflow/.local/lib/python3.8/site-packages/airflow/example_dags/example_setup_teardown_taskflow.py took 0.166 seconds
[2026-09-08T13:49:24.415+0000] {processor.py:161} INFO - Started process (PID=620) to work on /home/airflow/.local/lib/python3.8/site-packages/airflow/example_dags/example_setup_teardown_taskflow.py
[2026-09-08T13:49:24.419+0000] {processor.py:830} INFO - Processing file /home/airflow/.local/lib/python3.8/site-packages/airflow/example_dags/example_setup_teardown_taskflow.py for tasks to queue
[2026-09-08T13:49:24.424+0000] {logging_mixin.py:188} INFO - [2026-09-08T13:49:24.424+0000] {dagbag.py:540} INFO - Filling up the DagBag from /home/airflow/.local/lib/python3.8/site-packages/airflow/example_dags/example_setup_teardown_taskflow.py
[2026-09-08T13:49:24.444+0000] {processor.py:840} INFO - DAG(s) 'example_setup_teardown_taskflow' retrieved from /home/airflow/.local/lib/python3.8/site-packages/airflow/example_dags/example_setup_teardown_taskflow.py
[2026-09-08T13:49:24.477+0000] {logging_mixin.py:188} INFO - [2026-09-08T13:49:24.477+0000] {dag.py:3047} INFO - Sync 1 DAGs
[2026-09-08T13:49:24.509+0000] {logging_mixin.py:188} INFO - [2026-09-08T13:49:24.509+0000] {dag.py:3834} INFO - Setting next_dagrun for example_setup_teardown_taskflow to 2026-09-07 00:00:00+00:00, run_after=2026-09-08 00:00:00+00:00
[2026-09-08T13:49:24.541+0000] {processor.py:183} INFO - Processing /home/airflow/.local/lib/python3.8/site-packages/airflow/example_dags/example_setup_teardown_taskflow.py took 0.134 seconds
[2026-09-08T13:49:55.236+0000] {processor.py:161} INFO - Started process (PID=677) to work on /home/airflow/.local/lib/python3.8/site-packages/airflow/example_dags/example_setup_teardown_taskflow.py
[2026-09-08T13:49:55.239+0000] {processor.py:830} INFO - Processing file /home/airflow/.local/lib/python3.8/site-packages/airflow/example_dags/example_setup_teardown_taskflow.py for tasks to queue
[2026-09-08T13:49:55.243+0000] {logging_mixin.py:188} INFO - [2026-09-08T13:49:55.242+0000] {dagbag.py:540} INFO - Filling up the DagBag from /home/airflow/.local/lib/python3.8/site-packages/airflow/example_dags/example_setup_teardown_taskflow.py
[2026-09-08T13:49:55.258+0000] {processor.py:840} INFO - DAG(s) 'example_setup_teardown_taskflow' retrieved from /home/airflow/.local/lib/python3.8/site-packages/airflow/example_dags/example_setup_teardown_taskflow.py
[2026-09-08T13:49:55.290+0000] {logging_mixin.py:188} INFO - [2026-09-08T13:49:55.289+0000] {dag.py:3047} INFO - Sync 1 DAGs
[2026-09-08T13:49:55.320+0000] {logging_mixin.py:188} INFO - [2026-09-08T13:49:55.319+0000] {dag.py:3834} INFO - Setting next_dagrun for example_setup_teardown_taskflow to 2026-09-07 00:00:00+00:00, run_after=2026-09-08 00:00:00+00:00
[2026-09-08T13:49:55.347+0000] {processor.py:183} INFO - Processing /home/airflow/.local/lib/python3.8/site-packages/airflow/example_dags/example_setup_teardown_taskflow.py took 0.120 seconds
[2026-09-08T13:50:25.423+0000] {processor.py:161} INFO - Started process (PID=734) to work on /home/airflow/.local/lib/python3.8/site-packages/airflow/example_dags/example_setup_teardown_taskflow.py
[2026-09-08T13:50:25.425+0000] {processor.py:830} INFO - Processing file /home/airflow/.local/lib/python3.8/site-packages/airflow/example_dags/example_setup_teardown_taskflow.py for tasks to queue
[2026-09-08T13:50:25.428+0000] {logging_mixin.py:188} INFO - [2026-09-08T13:50:25.427+0000] {dagbag.py:540} INFO - Filling up the DagBag from /home/airflow/.local/lib/python3.8/site-packages/airflow/example_dags/example_setup_teardown_taskflow.py
[2026-09-08T13:50:25.443+0000] {processor.py:840} INFO - DAG(s) 'example_setup_teardown_taskflow' retrieved from /home/airflow/.local/lib/python3.8/site-packages/airflow/example_dags/example_setup_teardown_taskflow.py
[2026-09-08T13:50:25.473+0000] {logging_mixin.py:188} INFO - [2026-09-08T13:50:25.472+0000] {dag.py:3047} INFO - Sync 1 DAGs
[2026-09-08T13:50:25.501+0000] {logging_mixin.py:188} INFO - [2026-09-08T13:50:25.501+0000] {dag.py:3834} INFO - Setting next_dagrun for example_setup_teardown_taskflow to 2026-09-07 00:00:00+00:00, run_after=2026-09-08 00:00:00+00:00
[2026-09-08T13:50:25.523+0000] {processor.py:183} INFO - Processing /home/airflow/.local/lib/python3.8/site-packages/airflow/example_dags/example_setup_teardown_taskflow.py took 0.106 seconds
[2026-09-08T13:50:55.693+0000] {processor.py:161} INFO - Started process (PID=791) to work on /home/airflow/.local/lib/python3.8/site-packages/airflow/example_dags/example_setup_teardown_taskflow.py
[2026-09-08T13:50:55.695+0000] {processor.py:830} INFO - Processing file /home/airflow/.local/lib/python3.8/site-packages/airflow/example_dags/example_setup_teardown_taskflow.py for tasks to queue
[2026-09-08T13:50:55.698+0000] {logging_mixin.py:188} INFO - [2026-09-08T13:50:55.698+0000] {dagbag.py:540} INFO - Filling up the DagBag from /home/airflow/.local/lib/python3.8/site-packages/airflow/example_dags/example_setup_teardown_taskflow.py
[2026-09-08T13:50:55.711+0000] {processor.py:840} INFO - DAG(s) 'example_setup_teardown_taskflow' retrieved from /home/airflow/.local/lib/python3.8/site-packages/airflow/example_dags/example_setup_teardown_taskflow.py
[2026-09-08T13:50:55.738+0000] {logging_mixin.py:188} INFO - [2026-09-08T13:50:55.737+0000] {dag.py:3047} INFO - Sync 1 DAGs
[2026-09-08T13:50:55.762+0000] {logging_mixin.py:188} INFO - [2026-09-08T13:50:55.762+0000] {dag.py:3834} INFO - Setting next_dagrun for example_setup_teardown_taskflow to 2026-09-07 00:00:00+00:00, run_after=2026-09-08 00:00:00+00:00
[2026-09-08T13:50:55.789+0000] {processor.py:183} INFO - Processing /home/airflow/.local/lib/python3.8/site-packages/airflow/example_dags/example_setup_teardown_taskflow.py took 0.101 seconds
[2026-09-08T13:51:25.878+0000] {processor.py:161} INFO - Started process (PID=846) to work on /home/airflow/.local/lib/python3.8/site-packages/airflow/example_dags/example_setup_teardown_taskflow.py
[2026-09-08T13:51:25.880+0000] {processor.py:830} INFO - Processing file /home/airflow/.local/lib/python3.8/site-packages/airflow/example_dags/example_setup_teardown_taskflow.py for tasks to queue
[2026-09-08T13:51:25.882+0000] {logging_mixin.py:188} INFO - [2026-09-08T13:51:25.882+0000] {dagbag.py:540} INFO - Filling up the DagBag from /home/airflow/.local/lib/python3.8/site-packages/airflow/example_dags/example_setup_teardown_taskflow.py
[2026-09-08T13:51:25.893+0000] {processor.py:840} INFO - DAG(s) 'example_setup_teardown_taskflow' retrieved from /home/airflow/.local/lib/python3.8/site-packages/airflow/example_dags/example_setup_teardown_taskflow.py
[2026-09-08T13:51:25.919+0000] {logging_mixin.py:188} INFO - [2026-09-08T13:51:25.919+0000] {dag.py:3047} INFO - Sync 1 DAGs
[2026-09-08T13:51:25.943+0000] {logging_mixin.py:188} INFO - [2026-09-08T13:51:25.943+0000] {dag.py:3834} INFO - Setting next_dagrun for example_setup_teardown_taskflow to 2026-09-07 00:00:00+00:00, run_after=2026-09-08 00:00:00+00:00
[2026-09-08T13:51:25.967+0000] {processor.py:183} INFO - Processing /home/airflow/.local/lib/python3.8/site-packages/airflow/example_dags/example_setup_teardown_taskflow.py took 0.092 seconds
[2026-09-08T13:51:56.065+0000] {processor.py:161} INFO - Started process (PID=903) to work on /home/airflow/.local/lib/python3.8/site-packages/airflow/example_dags/example_setup_teardown_taskflow.py
[2026-09-08T13:51:56.067+0000] {processor.py:830} INFO - Processing file /home/airflow/.local/lib/python3.8/site-packages/airflow/example_dags/example_setup_teardown_taskflow.py for tasks to queue
[2026-09-08T13:51:56.069+0000] {logging_mixin.py:188} INFO - [2026-09-08T13:51:56.069+0000] {dagbag.py:540} INFO - Filling up the DagBag from /home/airflow/.local/lib/python3.8/site-packages/airflow/example_dags/example_setup_teardown_taskflow.py
[2026-09-08T13:51:56.080+0000] {processor.py:840} INFO - DAG(s) 'example_setup_teardown_taskflow' retrieved from /home/airflow/.local/lib/python3.8/site-packages/airflow/example_dags/example_setup_teardown_taskflow.py
[2026-09-08T13:51:56.104+0000] {logging_mixin.py:188} INFO - [2026-09-08T13:51:56.104+0000] {dag.py:3047} INFO - Sync 1 DAGs
[2026-09-08T13:51:56.126+0000] {logging_mixin.py:188} INFO - [2026-09-08T13:51:56.126+0000] {dag.py:3834} INFO - Setting next_dagrun for example_setup_teardown_taskflow to 2026-09-07 00:00:00+00:00, run_after=2026-09-08 00:00:00+00:00
[2026-09-08T13:51:56.146+0000] {processor.py:183} INFO - Processing /home/airflow/.local/lib/python3.8/site-packages/airflow/example_dags/example_setup_teardown_taskflow.py took 0.084 seconds
[2026-09-08T13:52:26.196+0000] {processor.py:161} INFO - Started process (PID=960) to work on /home/airflow/.local/lib/python3.8/site-packages/airflow/example_dags/example_setup_teardown_taskflow.py
[2026-09-08T13:52:26.199+0000] {processor.py:830} INFO - Processing file /home/airflow/.local/lib/python3.8/site-packages/airflow/example_dags/example_setup_teardown_taskflow.py for tasks to queue
[2026-09-08T13:52:26.202+0000] {logging_mixin.py:188} INFO - [2026-09-08T13:52:26.202+0000] {dagbag.py:540} INFO - Filling up the DagBag from /home/airflow/.local/lib/python3.8/site-packages/airflow/example_dags/example_setup_teardown_taskflow.py
[2026-09-08T13:52:26.216+0000] {processor.py:840} INFO - DAG(s) 'example_setup_teardown_taskflow' retrieved from /home/airflow/.local/lib/python3.8/site-packages/airflow/example_dags/example_setup_teardown_taskflow.py
[2026-09-08T13:52:26.244+0000] {logging_mixin.py:188} INFO - [2026-09-08T13:52:26.244+0000] {dag.py:3047} INFO - Sync 1 DAGs
[2026-09-08T13:52:26.269+0000] {logging_mixin.py:188} INFO - [2026-09-08T13:52:26.269+0000] {dag.py:3834} INFO - Setting next_dagrun for example_setup_teardown_taskflow to 2026-09-07 00:00:00+00:00, run_after=2026-09-08 00:00:00+00:00
[2026-09-08T13:52:26.289+0000] {processor.py:183} INFO - Processing /home/airflow/.local/lib/python3.8/site-packages/airflow/example_dags/example_setup_teardown_taskflow.py took 0.097 seconds
[2026-09-10T13:33:40.677+0000] {processor.py:161} INFO - Started process (PID=2754) to work on /home/airflow/.local/lib/python3.8/site-packages/airflow/example_dags/example_setup_teardown_taskflow.py
[2026-09-10T13:33:40.679+0000] {processor.py:830} INFO - Processing file /home/airflow/.local/lib/python3.8/site-packages/airflow/example_dags/example_setup_teardown_taskflow.py for tasks to queue
[2026-09-10T13:33:40.681+0000] {logging_mixin.py:188} INFO - [2026-09-10T13:33:40.681+0000] {dagbag.py:540} INFO - Filling up the DagBag from /home/airflow/.local/lib/python3.8/site-packages/airflow/example_dags/example_setup_teardown_taskflow.py
[2026-09-10T13:33:40.693+0000] {processor.py:840} INFO - DAG(s) 'example_setup_teardown_taskflow' retrieved from /home/airflow/.local/lib/python3.8/site-packages/airflow/example_dags/example_setup_teardown_taskflow.py
[2026-09-10T13:33:40.724+0000] {logging_mixin.py:188} INFO - [2026-09-10T13:33:40.723+0000] {dag.py:3047} INFO - Sync 1 DAGs
[2026-09-10T13:33:40.762+0000] {logging_mixin.py:188} INFO - [2026-09-10T13:33:40.762+0000] {dag.py:3834} INFO - Setting next_dagrun for example_setup_teardown_taskflow to 2026-09-09 00:00:00+00:00, run_after=2026-09-10 00:00:00+00:00
[2026-09-10T13:33:40.792+0000] {processor.py:183} INFO - Processing /home/airflow/.local/lib/python3.8/site-packages/airflow/example_dags/example_setup_teardown_taskflow.py took 0.120 seconds
[2026-09-10T13:34:12.034+0000] {processor.py:161} INFO - Started process (PID=2815) to work on /home/airflow/.local/lib/python3.8/site-packages/airflow/example_dags/example_setup_teardown_taskflow.py
[2026-09-10T13:34:12.036+0000] {processor.py:830} INFO - Processing file /home/airflow/.local/lib/python3.8/site-packages/airflow/example_dags/example_setup_teardown_taskflow.py for tasks to queue
[2026-09-10T13:34:12.039+0000] {logging_mixin.py:188} INFO - [2026-09-10T13:34:12.039+0000] {dagbag.py:540} INFO - Filling up the DagBag from /home/airflow/.local/lib/python3.8/site-packages/airflow/example_dags/example_setup_teardown_taskflow.py
[2026-09-10T13:34:12.051+0000] {processor.py:840} INFO - DAG(s) 'example_setup_teardown_taskflow' retrieved from /home/airflow/.local/lib/python3.8/site-packages/airflow/example_dags/example_setup_teardown_taskflow.py
[2026-09-10T13:34:12.085+0000] {logging_mixin.py:188} INFO - [2026-09-10T13:34:12.085+0000] {dag.py:3047} INFO - Sync 1 DAGs
[2026-09-10T13:34:12.120+0000] {logging_mixin.py:188} INFO - [2026-09-10T13:34:12.120+0000] {dag.py:3834} INFO - Setting next_dagrun for example_setup_teardown_taskflow to 2026-09-09 00:00:00+00:00, run_after=2026-09-10 00:00:00+00:00
[2026-09-10T13:34:12.147+0000] {processor.py:183} INFO - Processing /home/airflow/.local/lib/python3.8/site-packages/airflow/example_dags/example_setup_teardown_taskflow.py took 0.117 seconds
[2026-09-10T13:35:50.036+0000] {processor.py:161} INFO - Started process (PID=121) to work on /home/airflow/.local/lib/python3.8/site-packages/airflow/example_dags/example_setup_teardown_taskflow.py
[2026-09-10T13:35:50.038+0000] {processor.py:830} INFO - Processing file /home/airflow/.local/lib/python3.8/site-packages/airflow/example_dags/example_setup_teardown_taskflow.py for tasks to queue
[2026-09-10T13:35:50.042+0000] {logging_mixin.py:188} INFO - [2026-09-10T13:35:50.041+0000] {dagbag.py:540} INFO - Filling up the DagBag from /home/airflow/.local/lib/python3.8/site-packages/airflow/example_dags/example_setup_teardown_taskflow.py
[2026-09-10T13:35:50.063+0000] {processor.py:840} INFO - DAG(s) 'example_setup_teardown_taskflow' retrieved from /home/airflow/.local/lib/python3.8/site-packages/airflow/example_dags/example_setup_teardown_taskflow.py
[2026-09-10T13:35:50.289+0000] {logging_mixin.py:188} INFO - [2026-09-10T13:35:50.288+0000] {dag.py:3047} INFO - Sync 1 DAGs
[2026-09-10T13:35:50.343+0000] {logging_mixin.py:188} INFO - [2026-09-10T13:35:50.343+0000] {dag.py:3834} INFO - Setting next_dagrun for example_setup_teardown_taskflow to 2026-09-09 00:00:00+00:00, run_after=2026-09-10 00:00:00+00:00
[2026-09-10T13:35:50.421+0000] {processor.py:183} INFO - Processing /home/airflow/.local/lib/python3.8/site-packages/airflow/example_dags/example_setup_teardown_taskflow.py took 0.391 seconds
[2026-09-10T13:36:21.451+0000] {processor.py:161} INFO - Started process (PID=182) to work on /home/airflow/.local/lib/python3.8/site-packages/airflow/example_dags/example_setup_teardown_taskflow.py
[2026-09-10T13:36:21.460+0000] {processor.py:830} INFO - Processing file /home/airflow/.local/lib/python3.8/site-packages/airflow/example_dags/example_setup_teardown_taskflow.py for tasks to queue
[2026-09-10T13:36:21.499+0000] {logging_mixin.py:188} INFO - [2026-09-10T13:36:21.498+0000] {dagbag.py:540} INFO - Filling up the DagBag from /home/airflow/.local/lib/python3.8/site-packages/airflow/example_dags/example_setup_teardown_taskflow.py
[2026-09-10T13:36:21.541+0000] {processor.py:840} INFO - DAG(s) 'example_setup_teardown_taskflow' retrieved from /home/airflow/.local/lib/python3.8/site-packages/airflow/example_dags/example_setup_teardown_taskflow.py
[2026-09-10T13:36:21.584+0000] {logging_mixin.py:188} INFO - [2026-09-10T13:36:21.584+0000] {dag.py:3047} INFO - Sync 1 DAGs
[2026-09-10T13:36:21.669+0000] {logging_mixin.py:188} INFO - [2026-09-10T13:36:21.669+0000] {dag.py:3834} INFO - Setting next_dagrun for example_setup_teardown_taskflow to 2026-09-09 00:00:00+00:00, run_after=2026-09-10 00:00:00+00:00
[2026-09-10T13:36:21.701+0000] {processor.py:183} INFO - Processing /home/airflow/.local/lib/python3.8/site-packages/airflow/example_dags/example_setup_teardown_taskflow.py took 0.257 seconds
[2026-09-10T13:36:52.309+0000] {processor.py:161} INFO - Started process (PID=243) to work on /home/airflow/.local/lib/python3.8/site-packages/airflow/example_dags/example_setup_teardown_taskflow.py
[2026-09-10T13:36:52.310+0000] {processor.py:830} INFO - Processing file /home/airflow/.local/lib/python3.8/site-packages/airflow/example_dags/example_setup_teardown_taskflow.py for tasks to queue
[2026-09-10T13:36:52.314+0000] {logging_mixin.py:188} INFO - [2026-09-10T13:36:52.313+0000] {dagbag.py:540} INFO - Filling up the DagBag from /home/airflow/.local/lib/python3.8/site-packages/airflow/example_dags/example_setup_teardown_taskflow.py
[2026-09-10T13:36:52.323+0000] {processor.py:840} INFO - DAG(s) 'example_setup_teardown_taskflow' retrieved from /home/airflow/.local/lib/python3.8/site-packages/airflow/example_dags/example_setup_teardown_taskflow.py
[2026-09-10T13:36:52.350+0000] {logging_mixin.py:188} INFO - [2026-09-10T13:36:52.349+0000] {dag.py:3047} INFO - Sync 1 DAGs
[2026-09-10T13:36:52.371+0000] {logging_mixin.py:188} INFO - [2026-09-10T13:36:52.371+0000] {dag.py:3834} INFO - Setting next_dagrun for example_setup_teardown_taskflow to 2026-09-09 00:00:00+00:00, run_after=2026-09-10 00:00:00+00:00
[2026-09-10T13:36:52.393+0000] {processor.py:183} INFO - Processing /home/airflow/.local/lib/python3.8/site-packages/airflow/example_dags/example_setup_teardown_taskflow.py took 0.088 seconds
[2026-09-10T13:37:22.791+0000] {processor.py:161} INFO - Started process (PID=304) to work on /home/airflow/.local/lib/python3.8/site-packages/airflow/example_dags/example_setup_teardown_taskflow.py
[2026-09-10T13:37:22.793+0000] {processor.py:830} INFO - Processing file /home/airflow/.local/lib/python3.8/site-packages/airflow/example_dags/example_setup_teardown_taskflow.py for tasks to queue
[2026-09-10T13:37:22.797+0000] {logging_mixin.py:188} INFO - [2026-09-10T13:37:22.796+0000] {dagbag.py:540} INFO - Filling up the DagBag from /home/airflow/.local/lib/python3.8/site-packages/airflow/example_dags/example_setup_teardown_taskflow.py
[2026-09-10T13:37:22.807+0000] {processor.py:840} INFO - DAG(s) 'example_setup_teardown_taskflow' retrieved from /home/airflow/.local/lib/python3.8/site-packages/airflow/example_dags/example_setup_teardown_taskflow.py
[2026-09-10T13:37:22.833+0000] {logging_mixin.py:188} INFO - [2026-09-10T13:37:22.833+0000] {dag.py:3047} INFO - Sync 1 DAGs
[2026-09-10T13:37:22.863+0000] {logging_mixin.py:188} INFO - [2026-09-10T13:37:22.863+0000] {dag.py:3834} INFO - Setting next_dagrun for example_setup_teardown_taskflow to 2026-09-09 00:00:00+00:00, run_after=2026-09-10 00:00:00+00:00
[2026-09-10T13:37:22.886+0000] {processor.py:183} INFO - Processing /home/airflow/.local/lib/python3.8/site-packages/airflow/example_dags/example_setup_teardown_taskflow.py took 0.099 seconds
[2026-09-10T13:37:53.281+0000] {processor.py:161} INFO - Started process (PID=365) to work on /home/airflow/.local/lib/python3.8/site-packages/airflow/example_dags/example_setup_teardown_taskflow.py
[2026-09-10T13:37:53.283+0000] {processor.py:830} INFO - Processing file /home/airflow/.local/lib/python3.8/site-packages/airflow/example_dags/example_setup_teardown_taskflow.py for tasks to queue
[2026-09-10T13:37:53.288+0000] {logging_mixin.py:188} INFO - [2026-09-10T13:37:53.287+0000] {dagbag.py:540} INFO - Filling up the DagBag from /home/airflow/.local/lib/python3.8/site-packages/airflow/example_dags/example_setup_teardown_taskflow.py
[2026-09-10T13:37:53.306+0000] {processor.py:840} INFO - DAG(s) 'example_setup_teardown_taskflow' retrieved from /home/airflow/.local/lib/python3.8/site-packages/airflow/example_dags/example_setup_teardown_taskflow.py
[2026-09-10T13:37:53.332+0000] {logging_mixin.py:188} INFO - [2026-09-10T13:37:53.331+0000] {dag.py:3047} INFO - Sync 1 DAGs
[2026-09-10T13:37:53.358+0000] {logging_mixin.py:188} INFO - [2026-09-10T13:37:53.358+0000] {dag.py:3834} INFO - Setting next_dagrun for example_setup_teardown_taskflow to 2026-09-09 00:00:00+00:00, run_after=2026-09-10 00:00:00+00:00
[2026-09-10T13:37:53.384+0000] {processor.py:183} INFO - Processing /home/airflow/.local/lib/python3.8/site-packages/airflow/example_dags/example_setup_teardown_taskflow.py took 0.113 seconds
[2026-09-10T13:38:23.995+0000] {processor.py:161} INFO - Started process (PID=426) to work on /home/airflow/.local/lib/python3.8/site-packages/airflow/example_dags/example_setup_teardown_taskflow.py
[2026-09-10T13:38:23.997+0000] {processor.py:830} INFO - Processing file /home/airflow/.local/lib/python3.8/site-packages/airflow/example_dags/example_setup_teardown_taskflow.py for tasks to queue
[2026-09-10T13:38:24.001+0000] {logging_mixin.py:188} INFO - [2026-09-10T13:38:24.000+0000] {dagbag.py:540} INFO - Filling up the DagBag from /home/airflow/.local/lib/python3.8/site-packages/airflow/example_dags/example_setup_teardown_taskflow.py
[2026-09-10T13:38:24.011+0000] {processor.py:840} INFO - DAG(s) 'example_setup_teardown_taskflow' retrieved from /home/airflow/.local/lib/python3.8/site-packages/airflow/example_dags/example_setup_teardown_taskflow.py
[2026-09-10T13:38:24.037+0000] {logging_mixin.py:188} INFO - [2026-09-10T13:38:24.036+0000] {dag.py:3047} INFO - Sync 1 DAGs
[2026-09-10T13:38:24.063+0000] {logging_mixin.py:188} INFO - [2026-09-10T13:38:24.063+0000] {dag.py:3834} INFO - Setting next_dagrun for example_setup_teardown_taskflow to 2026-09-09 00:00:00+00:00, run_after=2026-09-10 00:00:00+00:00
[2026-09-10T13:38:24.084+0000] {processor.py:183} INFO - Processing /home/airflow/.local/lib/python3.8/site-packages/airflow/example_dags/example_setup_teardown_taskflow.py took 0.092 seconds
[2026-09-10T13:40:00.877+0000] {processor.py:161} INFO - Started process (PID=122) to work on /home/airflow/.local/lib/python3.8/site-packages/airflow/example_dags/example_setup_teardown_taskflow.py
[2026-09-10T13:40:00.880+0000] {processor.py:830} INFO - Processing file /home/airflow/.local/lib/python3.8/site-packages/airflow/example_dags/example_setup_teardown_taskflow.py for tasks to queue
[2026-09-10T13:40:00.884+0000] {logging_mixin.py:188} INFO - [2026-09-10T13:40:00.884+0000] {dagbag.py:540} INFO - Filling up the DagBag from /home/airflow/.local/lib/python3.8/site-packages/airflow/example_dags/example_setup_teardown_taskflow.py
[2026-09-10T13:40:00.905+0000] {processor.py:840} INFO - DAG(s) 'example_setup_teardown_taskflow' retrieved from /home/airflow/.local/lib/python3.8/site-packages/airflow/example_dags/example_setup_teardown_taskflow.py
[2026-09-10T13:40:01.054+0000] {logging_mixin.py:188} INFO - [2026-09-10T13:40:01.054+0000] {dag.py:3047} INFO - Sync 1 DAGs
[2026-09-10T13:40:01.085+0000] {logging_mixin.py:188} INFO - [2026-09-10T13:40:01.084+0000] {dag.py:3834} INFO - Setting next_dagrun for example_setup_teardown_taskflow to 2026-09-09 00:00:00+00:00, run_after=2026-09-10 00:00:00+00:00
[2026-09-10T13:40:01.111+0000] {processor.py:183} INFO - Processing /home/airflow/.local/lib/python3.8/site-packages/airflow/example_dags/example_setup_teardown_taskflow.py took 0.241 seconds
[2026-09-10T13:40:41.435+0000] {processor.py:161} INFO - Started process (PID=109) to work on /home/airflow/.local/lib/python3.8/site-packages/airflow/example_dags/example_setup_teardown_taskflow.py
[2026-09-10T13:40:41.438+0000] {processor.py:830} INFO - Processing file /home/airflow/.local/lib/python3.8/site-packages/airflow/example_dags/example_setup_teardown_taskflow.py for tasks to queue
[2026-09-10T13:40:41.447+0000] {logging_mixin.py:188} INFO - [2026-09-10T13:40:41.446+0000] {dagbag.py:540} INFO - Filling up the DagBag from /home/airflow/.local/lib/python3.8/site-packages/airflow/example_dags/example_setup_teardown_taskflow.py
[2026-09-10T13:40:41.470+0000] {processor.py:840} INFO - DAG(s) 'example_setup_teardown_taskflow' retrieved from /home/airflow/.local/lib/python3.8/site-packages/airflow/example_dags/example_setup_teardown_taskflow.py
[2026-09-10T13:40:41.572+0000] {logging_mixin.py:188} INFO - [2026-09-10T13:40:41.572+0000] {dag.py:3047} INFO - Sync 1 DAGs
[2026-09-10T13:40:41.619+0000] {logging_mixin.py:188} INFO - [2026-09-10T13:40:41.619+0000] {dag.py:3834} INFO - Setting next_dagrun for example_setup_teardown_taskflow to 2026-09-09 00:00:00+00:00, run_after=2026-09-10 00:00:00+00:00
[2026-09-10T13:40:41.647+0000] {processor.py:183} INFO - Processing /home/airflow/.local/lib/python3.8/site-packages/airflow/example_dags/example_setup_teardown_taskflow.py took 0.219 seconds
[2026-09-10T13:41:12.134+0000] {processor.py:161} INFO - Started process (PID=170) to work on /home/airflow/.local/lib/python3.8/site-packages/airflow/example_dags/example_setup_teardown_taskflow.py
[2026-09-10T13:41:12.135+0000] {processor.py:830} INFO - Processing file /home/airflow/.local/lib/python3.8/site-packages/airflow/example_dags/example_setup_teardown_taskflow.py for tasks to queue
[2026-09-10T13:41:12.138+0000] {logging_mixin.py:188} INFO - [2026-09-10T13:41:12.138+0000] {dagbag.py:540} INFO - Filling up the DagBag from /home/airflow/.local/lib/python3.8/site-packages/airflow/example_dags/example_setup_teardown_taskflow.py
[2026-09-10T13:41:12.149+0000] {processor.py:840} INFO - DAG(s) 'example_setup_teardown_taskflow' retrieved from /home/airflow/.local/lib/python3.8/site-packages/airflow/example_dags/example_setup_teardown_taskflow.py
[2026-09-10T13:41:12.174+0000] {logging_mixin.py:188} INFO - [2026-09-10T13:41:12.173+0000] {dag.py:3047} INFO - Sync 1 DAGs
[2026-09-10T13:41:12.200+0000] {logging_mixin.py:188} INFO - [2026-09-10T13:41:12.200+0000] {dag.py:3834} INFO - Setting next_dagrun for example_setup_teardown_taskflow to 2026-09-09 00:00:00+00:00, run_after=2026-09-10 00:00:00+00:00
[2026-09-10T13:41:12.225+0000] {processor.py:183} INFO - Processing /home/airflow/.local/lib/python3.8/site-packages/airflow/example_dags/example_setup_teardown_taskflow.py took 0.095 seconds
[2026-09-10T13:41:43.338+0000] {processor.py:161} INFO - Started process (PID=231) to work on /home/airflow/.local/lib/python3.8/site-packages/airflow/example_dags/example_setup_teardown_taskflow.py
[2026-09-10T13:41:43.340+0000] {processor.py:830} INFO - Processing file /home/airflow/.local/lib/python3.8/site-packages/airflow/example_dags/example_setup_teardown_taskflow.py for tasks to queue
[2026-09-10T13:41:43.344+0000] {logging_mixin.py:188} INFO - [2026-09-10T13:41:43.344+0000] {dagbag.py:540} INFO - Filling up the DagBag from /home/airflow/.local/lib/python3.8/site-packages/airflow/example_dags/example_setup_teardown_taskflow.py
[2026-09-10T13:41:43.360+0000] {processor.py:840} INFO - DAG(s) 'example_setup_teardown_taskflow' retrieved from /home/airflow/.local/lib/python3.8/site-packages/airflow/example_dags/example_setup_teardown_taskflow.py
[2026-09-10T13:41:43.395+0000] {logging_mixin.py:188} INFO - [2026-09-10T13:41:43.395+0000] {dag.py:3047} INFO - Sync 1 DAGs
[2026-09-10T13:41:43.430+0000] {logging_mixin.py:188} INFO - [2026-09-10T13:41:43.430+0000] {dag.py:3834} INFO - Setting next_dagrun for example_setup_teardown_taskflow to 2026-09-09 00:00:00+00:00, run_after=2026-09-10 00:00:00+00:00
[2026-09-10T13:41:43.460+0000] {processor.py:183} INFO - Processing /home/airflow/.local/lib/python3.8/site-packages/airflow/example_dags/example_setup_teardown_taskflow.py took 0.128 seconds
[2026-09-10T13:42:14.262+0000] {processor.py:161} INFO - Started process (PID=292) to work on /home/airflow/.local/lib/python3.8/site-packages/airflow/example_dags/example_setup_teardown_taskflow.py
[2026-09-10T13:42:14.266+0000] {processor.py:830} INFO - Processing file /home/airflow/.local/lib/python3.8/site-packages/airflow/example_dags/example_setup_teardown_taskflow.py for tasks to queue
[2026-09-10T13:42:14.269+0000] {logging_mixin.py:188} INFO - [2026-09-10T13:42:14.269+0000] {dagbag.py:540} INFO - Filling up the DagBag from /home/airflow/.local/lib/python3.8/site-packages/airflow/example_dags/example_setup_teardown_taskflow.py
[2026-09-10T13:42:14.288+0000] {processor.py:840} INFO - DAG(s) 'example_setup_teardown_taskflow' retrieved from /home/airflow/.local/lib/python3.8/site-packages/airflow/example_dags/example_setup_teardown_taskflow.py
[2026-09-10T13:42:14.327+0000] {logging_mixin.py:188} INFO - [2026-09-10T13:42:14.327+0000] {dag.py:3047} INFO - Sync 1 DAGs
[2026-09-10T13:42:14.376+0000] {logging_mixin.py:188} INFO - [2026-09-10T13:42:14.376+0000] {dag.py:3834} INFO - Setting next_dagrun for example_setup_teardown_taskflow to 2026-09-09 00:00:00+00:00, run_after=2026-09-10 00:00:00+00:00
[2026-09-10T13:42:14.406+0000] {processor.py:183} INFO - Processing /home/airflow/.local/lib/python3.8/site-packages/airflow/example_dags/example_setup_teardown_taskflow.py took 0.148 seconds
[2026-09-10T13:42:44.556+0000] {processor.py:161} INFO - Started process (PID=353) to work on /home/airflow/.local/lib/python3.8/site-packages/airflow/example_dags/example_setup_teardown_taskflow.py
[2026-09-10T13:42:44.558+0000] {processor.py:830} INFO - Processing file /home/airflow/.local/lib/python3.8/site-packages/airflow/example_dags/example_setup_teardown_taskflow.py for tasks to queue
[2026-09-10T13:42:44.560+0000] {logging_mixin.py:188} INFO - [2026-09-10T13:42:44.560+0000] {dagbag.py:540} INFO - Filling up the DagBag from /home/airflow/.local/lib/python3.8/site-packages/airflow/example_dags/example_setup_teardown_taskflow.py
[2026-09-10T13:42:44.570+0000] {processor.py:840} INFO - DAG(s) 'example_setup_teardown_taskflow' retrieved from /home/airflow/.local/lib/python3.8/site-packages/airflow/example_dags/example_setup_teardown_taskflow.py
[2026-09-10T13:42:44.597+0000] {logging_mixin.py:188} INFO - [2026-09-10T13:42:44.597+0000] {dag.py:3047} INFO - Sync 1 DAGs
[2026-09-10T13:42:44.624+0000] {logging_mixin.py:188} INFO - [2026-09-10T13:42:44.624+0000] {dag.py:3834} INFO - Setting next_dagrun for example_setup_teardown_taskflow to 2026-09-09 00:00:00+00:00, run_after=2026-09-10 00:00:00+00:00
[2026-09-10T13:42:44.651+0000] {processor.py:183} INFO - Processing /home/airflow/.local/lib/python3.8/site-packages/airflow/example_dags/example_setup_teardown_taskflow.py took 0.099 seconds
[2026-09-10T13:44:17.999+0000] {processor.py:161} INFO - Started process (PID=120) to work on /home/airflow/.local/lib/python3.8/site-packages/airflow/example_dags/example_setup_teardown_taskflow.py
[2026-09-10T13:44:18.001+0000] {processor.py:830} INFO - Processing file /home/airflow/.local/lib/python3.8/site-packages/airflow/example_dags/example_setup_teardown_taskflow.py for tasks to queue
[2026-09-10T13:44:18.004+0000] {logging_mixin.py:188} INFO - [2026-09-10T13:44:18.003+0000] {dagbag.py:540} INFO - Filling up the DagBag from /home/airflow/.local/lib/python3.8/site-packages/airflow/example_dags/example_setup_teardown_taskflow.py
[2026-09-10T13:44:18.022+0000] {processor.py:840} INFO - DAG(s) 'example_setup_teardown_taskflow' retrieved from /home/airflow/.local/lib/python3.8/site-packages/airflow/example_dags/example_setup_teardown_taskflow.py
[2026-09-10T13:44:18.165+0000] {logging_mixin.py:188} INFO - [2026-09-10T13:44:18.165+0000] {dag.py:3047} INFO - Sync 1 DAGs
[2026-09-10T13:44:18.188+0000] {logging_mixin.py:188} INFO - [2026-09-10T13:44:18.188+0000] {dag.py:3834} INFO - Setting next_dagrun for example_setup_teardown_taskflow to 2026-09-09 00:00:00+00:00, run_after=2026-09-10 00:00:00+00:00
[2026-09-10T13:44:18.218+0000] {processor.py:183} INFO - Processing /home/airflow/.local/lib/python3.8/site-packages/airflow/example_dags/example_setup_teardown_taskflow.py took 0.223 seconds
[2026-09-10T13:44:48.444+0000] {processor.py:161} INFO - Started process (PID=181) to work on /home/airflow/.local/lib/python3.8/site-packages/airflow/example_dags/example_setup_teardown_taskflow.py
[2026-09-10T13:44:48.446+0000] {processor.py:830} INFO - Processing file /home/airflow/.local/lib/python3.8/site-packages/airflow/example_dags/example_setup_teardown_taskflow.py for tasks to queue
[2026-09-10T13:44:48.449+0000] {logging_mixin.py:188} INFO - [2026-09-10T13:44:48.448+0000] {dagbag.py:540} INFO - Filling up the DagBag from /home/airflow/.local/lib/python3.8/site-packages/airflow/example_dags/example_setup_teardown_taskflow.py
[2026-09-10T13:44:48.469+0000] {processor.py:840} INFO - DAG(s) 'example_setup_teardown_taskflow' retrieved from /home/airflow/.local/lib/python3.8/site-packages/airflow/example_dags/example_setup_teardown_taskflow.py
[2026-09-10T13:44:48.502+0000] {logging_mixin.py:188} INFO - [2026-09-10T13:44:48.502+0000] {dag.py:3047} INFO - Sync 1 DAGs
[2026-09-10T13:44:48.535+0000] {logging_mixin.py:188} INFO - [2026-09-10T13:44:48.534+0000] {dag.py:3834} INFO - Setting next_dagrun for example_setup_teardown_taskflow to 2026-09-09 00:00:00+00:00, run_after=2026-09-10 00:00:00+00:00
[2026-09-10T13:44:48.603+0000] {processor.py:183} INFO - Processing /home/airflow/.local/lib/python3.8/site-packages/airflow/example_dags/example_setup_teardown_taskflow.py took 0.167 seconds
[2026-09-10T13:45:19.162+0000] {processor.py:161} INFO - Started process (PID=242) to work on /home/airflow/.local/lib/python3.8/site-packages/airflow/example_dags/example_setup_teardown_taskflow.py
[2026-09-10T13:45:19.164+0000] {processor.py:830} INFO - Processing file /home/airflow/.local/lib/python3.8/site-packages/airflow/example_dags/example_setup_teardown_taskflow.py for tasks to queue
[2026-09-10T13:45:19.168+0000] {logging_mixin.py:188} INFO - [2026-09-10T13:45:19.167+0000] {dagbag.py:540} INFO - Filling up the DagBag from /home/airflow/.local/lib/python3.8/site-packages/airflow/example_dags/example_setup_teardown_taskflow.py
[2026-09-10T13:45:19.185+0000] {processor.py:840} INFO - DAG(s) 'example_setup_teardown_taskflow' retrieved from /home/airflow/.local/lib/python3.8/site-packages/airflow/example_dags/example_setup_teardown_taskflow.py
[2026-09-10T13:45:19.217+0000] {logging_mixin.py:188} INFO - [2026-09-10T13:45:19.216+0000] {dag.py:3047} INFO - Sync 1 DAGs
[2026-09-10T13:45:19.248+0000] {logging_mixin.py:188} INFO - [2026-09-10T13:45:19.247+0000] {dag.py:3834} INFO - Setting next_dagrun for example_setup_teardown_taskflow to 2026-09-09 00:00:00+00:00, run_after=2026-09-10 00:00:00+00:00
[2026-09-10T13:45:19.303+0000] {processor.py:183} INFO - Processing /home/airflow/.local/lib/python3.8/site-packages/airflow/example_dags/example_setup_teardown_taskflow.py took 0.146 seconds
[2026-09-10T13:45:49.993+0000] {processor.py:161} INFO - Started process (PID=303) to work on /home/airflow/.local/lib/python3.8/site-packages/airflow/example_dags/example_setup_teardown_taskflow.py
[2026-09-10T13:45:49.995+0000] {processor.py:830} INFO - Processing file /home/airflow/.local/lib/python3.8/site-packages/airflow/example_dags/example_setup_teardown_taskflow.py for tasks to queue
[2026-09-10T13:45:49.997+0000] {logging_mixin.py:188} INFO - [2026-09-10T13:45:49.997+0000] {dagbag.py:540} INFO - Filling up the DagBag from /home/airflow/.local/lib/python3.8/site-packages/airflow/example_dags/example_setup_teardown_taskflow.py
[2026-09-10T13:45:50.007+0000] {processor.py:840} INFO - DAG(s) 'example_setup_teardown_taskflow' retrieved from /home/airflow/.local/lib/python3.8/site-packages/airflow/example_dags/example_setup_teardown_taskflow.py
[2026-09-10T13:45:50.033+0000] {logging_mixin.py:188} INFO - [2026-09-10T13:45:50.033+0000] {dag.py:3047} INFO - Sync 1 DAGs
[2026-09-10T13:45:50.056+0000] {logging_mixin.py:188} INFO - [2026-09-10T13:45:50.056+0000] {dag.py:3834} INFO - Setting next_dagrun for example_setup_teardown_taskflow to 2026-09-09 00:00:00+00:00, run_after=2026-09-10 00:00:00+00:00
[2026-09-10T13:45:50.268+0000] {processor.py:183} INFO - Processing /home/airflow/.local/lib/python3.8/site-packages/airflow/example_dags/example_setup_teardown_taskflow.py took 0.279 seconds
[2026-09-10T13:46:21.072+0000] {processor.py:161} INFO - Started process (PID=364) to work on /home/airflow/.local/lib/python3.8/site-packages/airflow/example_dags/example_setup_teardown_taskflow.py
[2026-09-10T13:46:21.073+0000] {processor.py:830} INFO - Processing file /home/airflow/.local/lib/python3.8/site-packages/airflow/example_dags/example_setup_teardown_taskflow.py for tasks to queue
[2026-09-10T13:46:21.076+0000] {logging_mixin.py:188} INFO - [2026-09-10T13:46:21.075+0000] {dagbag.py:540} INFO - Filling up the DagBag from /home/airflow/.local/lib/python3.8/site-packages/airflow/example_dags/example_setup_teardown_taskflow.py
[2026-09-10T13:46:21.090+0000] {processor.py:840} INFO - DAG(s) 'example_setup_teardown_taskflow' retrieved from /home/airflow/.local/lib/python3.8/site-packages/airflow/example_dags/example_setup_teardown_taskflow.py
[2026-09-10T13:46:21.161+0000] {logging_mixin.py:188} INFO - [2026-09-10T13:46:21.160+0000] {dag.py:3047} INFO - Sync 1 DAGs
[2026-09-10T13:46:21.229+0000] {logging_mixin.py:188} INFO - [2026-09-10T13:46:21.229+0000] {dag.py:3834} INFO - Setting next_dagrun for example_setup_teardown_taskflow to 2026-09-09 00:00:00+00:00, run_after=2026-09-10 00:00:00+00:00
[2026-09-10T13:46:21.448+0000] {processor.py:183} INFO - Processing /home/airflow/.local/lib/python3.8/site-packages/airflow/example_dags/example_setup_teardown_taskflow.py took 0.380 seconds
[2026-09-10T13:46:54.788+0000] {processor.py:161} INFO - Started process (PID=425) to work on /home/airflow/.local/lib/python3.8/site-packages/airflow/example_dags/example_setup_teardown_taskflow.py
[2026-09-10T13:46:54.790+0000] {processor.py:830} INFO - Processing file /home/airflow/.local/lib/python3.8/site-packages/airflow/example_dags/example_setup_teardown_taskflow.py for tasks to queue
[2026-09-10T13:46:54.794+0000] {logging_mixin.py:188} INFO - [2026-09-10T13:46:54.794+0000] {dagbag.py:540} INFO - Filling up the DagBag from /home/airflow/.local/lib/python3.8/site-packages/airflow/example_dags/example_setup_teardown_taskflow.py
[2026-09-10T13:46:54.812+0000] {processor.py:840} INFO - DAG(s) 'example_setup_teardown_taskflow' retrieved from /home/airflow/.local/lib/python3.8/site-packages/airflow/example_dags/example_setup_teardown_taskflow.py
[2026-09-10T13:46:54.858+0000] {logging_mixin.py:188} INFO - [2026-09-10T13:46:54.858+0000] {dag.py:3047} INFO - Sync 1 DAGs
[2026-09-10T13:46:54.897+0000] {logging_mixin.py:188} INFO - [2026-09-10T13:46:54.896+0000] {dag.py:3834} INFO - Setting next_dagrun for example_setup_teardown_taskflow to 2026-09-09 00:00:00+00:00, run_after=2026-09-10 00:00:00+00:00
[2026-09-10T13:46:55.166+0000] {processor.py:183} INFO - Processing /home/airflow/.local/lib/python3.8/site-packages/airflow/example_dags/example_setup_teardown_taskflow.py took 0.384 seconds
[2026-09-10T13:47:26.013+0000] {processor.py:161} INFO - Started process (PID=486) to work on /home/airflow/.local/lib/python3.8/site-packages/airflow/example_dags/example_setup_teardown_taskflow.py
[2026-09-10T13:47:26.017+0000] {processor.py:830} INFO - Processing file /home/airflow/.local/lib/python3.8/site-packages/airflow/example_dags/example_setup_teardown_taskflow.py for tasks to queue
[2026-09-10T13:47:26.022+0000] {logging_mixin.py:188} INFO - [2026-09-10T13:47:26.021+0000] {dagbag.py:540} INFO - Filling up the DagBag from /home/airflow/.local/lib/python3.8/site-packages/airflow/example_dags/example_setup_teardown_taskflow.py
[2026-09-10T13:47:26.056+0000] {processor.py:840} INFO - DAG(s) 'example_setup_teardown_taskflow' retrieved from /home/airflow/.local/lib/python3.8/site-packages/airflow/example_dags/example_setup_teardown_taskflow.py
[2026-09-10T13:47:26.096+0000] {logging_mixin.py:188} INFO - [2026-09-10T13:47:26.095+0000] {dag.py:3047} INFO - Sync 1 DAGs
[2026-09-10T13:47:26.121+0000] {logging_mixin.py:188} INFO - [2026-09-10T13:47:26.121+0000] {dag.py:3834} INFO - Setting next_dagrun for example_setup_teardown_taskflow to 2026-09-09 00:00:00+00:00, run_after=2026-09-10 00:00:00+00:00
[2026-09-10T13:47:26.217+0000] {processor.py:183} INFO - Processing /home/airflow/.local/lib/python3.8/site-packages/airflow/example_dags/example_setup_teardown_taskflow.py took 0.212 seconds
[2026-09-10T13:47:56.657+0000] {processor.py:161} INFO - Started process (PID=555) to work on /home/airflow/.local/lib/python3.8/site-packages/airflow/example_dags/example_setup_teardown_taskflow.py
[2026-09-10T13:47:56.659+0000] {processor.py:830} INFO - Processing file /home/airflow/.local/lib/python3.8/site-packages/airflow/example_dags/example_setup_teardown_taskflow.py for tasks to queue
[2026-09-10T13:47:56.662+0000] {logging_mixin.py:188} INFO - [2026-09-10T13:47:56.662+0000] {dagbag.py:540} INFO - Filling up the DagBag from /home/airflow/.local/lib/python3.8/site-packages/airflow/example_dags/example_setup_teardown_taskflow.py
[2026-09-10T13:47:56.676+0000] {processor.py:840} INFO - DAG(s) 'example_setup_teardown_taskflow' retrieved from /home/airflow/.local/lib/python3.8/site-packages/airflow/example_dags/example_setup_teardown_taskflow.py
[2026-09-10T13:47:56.711+0000] {logging_mixin.py:188} INFO - [2026-09-10T13:47:56.711+0000] {dag.py:3047} INFO - Sync 1 DAGs
[2026-09-10T13:47:56.739+0000] {logging_mixin.py:188} INFO - [2026-09-10T13:47:56.739+0000] {dag.py:3834} INFO - Setting next_dagrun for example_setup_teardown_taskflow to 2026-09-09 00:00:00+00:00, run_after=2026-09-10 00:00:00+00:00
[2026-09-10T13:47:56.843+0000] {processor.py:183} INFO - Processing /home/airflow/.local/lib/python3.8/site-packages/airflow/example_dags/example_setup_teardown_taskflow.py took 0.191 seconds
[2026-09-10T13:48:27.342+0000] {processor.py:161} INFO - Started process (PID=616) to work on /home/airflow/.local/lib/python3.8/site-packages/airflow/example_dags/example_setup_teardown_taskflow.py
[2026-09-10T13:48:27.344+0000] {processor.py:830} INFO - Processing file /home/airflow/.local/lib/python3.8/site-packages/airflow/example_dags/example_setup_teardown_taskflow.py for tasks to queue
[2026-09-10T13:48:27.348+0000] {logging_mixin.py:188} INFO - [2026-09-10T13:48:27.348+0000] {dagbag.py:540} INFO - Filling up the DagBag from /home/airflow/.local/lib/python3.8/site-packages/airflow/example_dags/example_setup_teardown_taskflow.py
[2026-09-10T13:48:27.363+0000] {processor.py:840} INFO - DAG(s) 'example_setup_teardown_taskflow' retrieved from /home/airflow/.local/lib/python3.8/site-packages/airflow/example_dags/example_setup_teardown_taskflow.py
[2026-09-10T13:48:27.395+0000] {logging_mixin.py:188} INFO - [2026-09-10T13:48:27.395+0000] {dag.py:3047} INFO - Sync 1 DAGs
[2026-09-10T13:48:27.419+0000] {logging_mixin.py:188} INFO - [2026-09-10T13:48:27.419+0000] {dag.py:3834} INFO - Setting next_dagrun for example_setup_teardown_taskflow to 2026-09-09 00:00:00+00:00, run_after=2026-09-10 00:00:00+00:00
[2026-09-10T13:48:27.625+0000] {processor.py:183} INFO - Processing /home/airflow/.local/lib/python3.8/site-packages/airflow/example_dags/example_setup_teardown_taskflow.py took 0.289 seconds
[2026-09-10T13:48:57.953+0000] {processor.py:161} INFO - Started process (PID=678) to work on /home/airflow/.local/lib/python3.8/site-packages/airflow/example_dags/example_setup_teardown_taskflow.py
[2026-09-10T13:48:57.955+0000] {processor.py:830} INFO - Processing file /home/airflow/.local/lib/python3.8/site-packages/airflow/example_dags/example_setup_teardown_taskflow.py for tasks to queue
[2026-09-10T13:48:57.957+0000] {logging_mixin.py:188} INFO - [2026-09-10T13:48:57.957+0000] {dagbag.py:540} INFO - Filling up the DagBag from /home/airflow/.local/lib/python3.8/site-packages/airflow/example_dags/example_setup_teardown_taskflow.py
[2026-09-10T13:48:57.970+0000] {processor.py:840} INFO - DAG(s) 'example_setup_teardown_taskflow' retrieved from /home/airflow/.local/lib/python3.8/site-packages/airflow/example_dags/example_setup_teardown_taskflow.py
[2026-09-10T13:48:58.000+0000] {logging_mixin.py:188} INFO - [2026-09-10T13:48:58.000+0000] {dag.py:3047} INFO - Sync 1 DAGs
[2026-09-10T13:48:58.029+0000] {logging_mixin.py:188} INFO - [2026-09-10T13:48:58.029+0000] {dag.py:3834} INFO - Setting next_dagrun for example_setup_teardown_taskflow to 2026-09-09 00:00:00+00:00, run_after=2026-09-10 00:00:00+00:00
[2026-09-10T13:48:58.120+0000] {processor.py:183} INFO - Processing /home/airflow/.local/lib/python3.8/site-packages/airflow/example_dags/example_setup_teardown_taskflow.py took 0.174 seconds
[2026-09-10T13:49:28.270+0000] {processor.py:161} INFO - Started process (PID=739) to work on /home/airflow/.local/lib/python3.8/site-packages/airflow/example_dags/example_setup_teardown_taskflow.py
[2026-09-10T13:49:28.272+0000] {processor.py:830} INFO - Processing file /home/airflow/.local/lib/python3.8/site-packages/airflow/example_dags/example_setup_teardown_taskflow.py for tasks to queue
[2026-09-10T13:49:28.276+0000] {logging_mixin.py:188} INFO - [2026-09-10T13:49:28.275+0000] {dagbag.py:540} INFO - Filling up the DagBag from /home/airflow/.local/lib/python3.8/site-packages/airflow/example_dags/example_setup_teardown_taskflow.py
[2026-09-10T13:49:28.290+0000] {processor.py:840} INFO - DAG(s) 'example_setup_teardown_taskflow' retrieved from /home/airflow/.local/lib/python3.8/site-packages/airflow/example_dags/example_setup_teardown_taskflow.py
[2026-09-10T13:49:28.317+0000] {logging_mixin.py:188} INFO - [2026-09-10T13:49:28.317+0000] {dag.py:3047} INFO - Sync 1 DAGs
[2026-09-10T13:49:28.343+0000] {logging_mixin.py:188} INFO - [2026-09-10T13:49:28.343+0000] {dag.py:3834} INFO - Setting next_dagrun for example_setup_teardown_taskflow to 2026-09-09 00:00:00+00:00, run_after=2026-09-10 00:00:00+00:00
[2026-09-10T13:49:28.465+0000] {processor.py:183} INFO - Processing /home/airflow/.local/lib/python3.8/site-packages/airflow/example_dags/example_setup_teardown_taskflow.py took 0.199 seconds
[2026-09-10T13:49:58.727+0000] {processor.py:161} INFO - Started process (PID=799) to work on /home/airflow/.local/lib/python3.8/site-packages/airflow/example_dags/example_setup_teardown_taskflow.py
[2026-09-10T13:49:58.735+0000] {processor.py:830} INFO - Processing file /home/airflow/.local/lib/python3.8/site-packages/airflow/example_dags/example_setup_teardown_taskflow.py for tasks to queue
[2026-09-10T13:49:58.738+0000] {logging_mixin.py:188} INFO - [2026-09-10T13:49:58.738+0000] {dagbag.py:540} INFO - Filling up the DagBag from /home/airflow/.local/lib/python3.8/site-packages/airflow/example_dags/example_setup_teardown_taskflow.py
[2026-09-10T13:49:58.758+0000] {processor.py:840} INFO - DAG(s) 'example_setup_teardown_taskflow' retrieved from /home/airflow/.local/lib/python3.8/site-packages/airflow/example_dags/example_setup_teardown_taskflow.py
[2026-09-10T13:49:58.802+0000] {logging_mixin.py:188} INFO - [2026-09-10T13:49:58.802+0000] {dag.py:3047} INFO - Sync 1 DAGs
[2026-09-10T13:49:58.833+0000] {logging_mixin.py:188} INFO - [2026-09-10T13:49:58.833+0000] {dag.py:3834} INFO - Setting next_dagrun for example_setup_teardown_taskflow to 2026-09-09 00:00:00+00:00, run_after=2026-09-10 00:00:00+00:00
[2026-09-10T13:49:58.908+0000] {processor.py:183} INFO - Processing /home/airflow/.local/lib/python3.8/site-packages/airflow/example_dags/example_setup_teardown_taskflow.py took 0.186 seconds
[2026-09-10T13:50:29.628+0000] {processor.py:161} INFO - Started process (PID=860) to work on /home/airflow/.local/lib/python3.8/site-packages/airflow/example_dags/example_setup_teardown_taskflow.py
[2026-09-10T13:50:29.631+0000] {processor.py:830} INFO - Processing file /home/airflow/.local/lib/python3.8/site-packages/airflow/example_dags/example_setup_teardown_taskflow.py for tasks to queue
[2026-09-10T13:50:29.636+0000] {logging_mixin.py:188} INFO - [2026-09-10T13:50:29.636+0000] {dagbag.py:540} INFO - Filling up the DagBag from /home/airflow/.local/lib/python3.8/site-packages/airflow/example_dags/example_setup_teardown_taskflow.py
[2026-09-10T13:50:29.651+0000] {processor.py:840} INFO - DAG(s) 'example_setup_teardown_taskflow' retrieved from /home/airflow/.local/lib/python3.8/site-packages/airflow/example_dags/example_setup_teardown_taskflow.py
[2026-09-10T13:50:29.682+0000] {logging_mixin.py:188} INFO - [2026-09-10T13:50:29.681+0000] {dag.py:3047} INFO - Sync 1 DAGs
[2026-09-10T13:50:29.708+0000] {logging_mixin.py:188} INFO - [2026-09-10T13:50:29.707+0000] {dag.py:3834} INFO - Setting next_dagrun for example_setup_teardown_taskflow to 2026-09-09 00:00:00+00:00, run_after=2026-09-10 00:00:00+00:00
[2026-09-10T13:50:30.167+0000] {processor.py:183} INFO - Processing /home/airflow/.local/lib/python3.8/site-packages/airflow/example_dags/example_setup_teardown_taskflow.py took 0.546 seconds
[2026-09-10T13:51:00.333+0000] {processor.py:161} INFO - Started process (PID=925) to work on /home/airflow/.local/lib/python3.8/site-packages/airflow/example_dags/example_setup_teardown_taskflow.py
[2026-09-10T13:51:00.335+0000] {processor.py:830} INFO - Processing file /home/airflow/.local/lib/python3.8/site-packages/airflow/example_dags/example_setup_teardown_taskflow.py for tasks to queue
[2026-09-10T13:51:00.338+0000] {logging_mixin.py:188} INFO - [2026-09-10T13:51:00.338+0000] {dagbag.py:540} INFO - Filling up the DagBag from /home/airflow/.local/lib/python3.8/site-packages/airflow/example_dags/example_setup_teardown_taskflow.py
[2026-09-10T13:51:00.353+0000] {processor.py:840} INFO - DAG(s) 'example_setup_teardown_taskflow' retrieved from /home/airflow/.local/lib/python3.8/site-packages/airflow/example_dags/example_setup_teardown_taskflow.py
[2026-09-10T13:51:00.387+0000] {logging_mixin.py:188} INFO - [2026-09-10T13:51:00.387+0000] {dag.py:3047} INFO - Sync 1 DAGs
[2026-09-10T13:51:00.421+0000] {logging_mixin.py:188} INFO - [2026-09-10T13:51:00.420+0000] {dag.py:3834} INFO - Setting next_dagrun for example_setup_teardown_taskflow to 2026-09-09 00:00:00+00:00, run_after=2026-09-10 00:00:00+00:00
[2026-09-10T13:51:00.448+0000] {processor.py:183} INFO - Processing /home/airflow/.local/lib/python3.8/site-packages/airflow/example_dags/example_setup_teardown_taskflow.py took 0.120 seconds
[2026-09-10T13:51:30.998+0000] {processor.py:161} INFO - Started process (PID=986) to work on /home/airflow/.local/lib/python3.8/site-packages/airflow/example_dags/example_setup_teardown_taskflow.py
[2026-09-10T13:51:30.999+0000] {processor.py:830} INFO - Processing file /home/airflow/.local/lib/python3.8/site-packages/airflow/example_dags/example_setup_teardown_taskflow.py for tasks to queue
[2026-09-10T13:51:31.003+0000] {logging_mixin.py:188} INFO - [2026-09-10T13:51:31.002+0000] {dagbag.py:540} INFO - Filling up the DagBag from /home/airflow/.local/lib/python3.8/site-packages/airflow/example_dags/example_setup_teardown_taskflow.py
[2026-09-10T13:51:31.019+0000] {processor.py:840} INFO - DAG(s) 'example_setup_teardown_taskflow' retrieved from /home/airflow/.local/lib/python3.8/site-packages/airflow/example_dags/example_setup_teardown_taskflow.py
[2026-09-10T13:51:31.050+0000] {logging_mixin.py:188} INFO - [2026-09-10T13:51:31.049+0000] {dag.py:3047} INFO - Sync 1 DAGs
[2026-09-10T13:51:31.082+0000] {logging_mixin.py:188} INFO - [2026-09-10T13:51:31.082+0000] {dag.py:3834} INFO - Setting next_dagrun for example_setup_teardown_taskflow to 2026-09-09 00:00:00+00:00, run_after=2026-09-10 00:00:00+00:00
[2026-09-10T13:51:31.115+0000] {processor.py:183} INFO - Processing /home/airflow/.local/lib/python3.8/site-packages/airflow/example_dags/example_setup_teardown_taskflow.py took 0.122 seconds
[2026-09-10T13:52:01.549+0000] {processor.py:161} INFO - Started process (PID=1047) to work on /home/airflow/.local/lib/python3.8/site-packages/airflow/example_dags/example_setup_teardown_taskflow.py
[2026-09-10T13:52:01.551+0000] {processor.py:830} INFO - Processing file /home/airflow/.local/lib/python3.8/site-packages/airflow/example_dags/example_setup_teardown_taskflow.py for tasks to queue
[2026-09-10T13:52:01.554+0000] {logging_mixin.py:188} INFO - [2026-09-10T13:52:01.554+0000] {dagbag.py:540} INFO - Filling up the DagBag from /home/airflow/.local/lib/python3.8/site-packages/airflow/example_dags/example_setup_teardown_taskflow.py
[2026-09-10T13:52:01.570+0000] {processor.py:840} INFO - DAG(s) 'example_setup_teardown_taskflow' retrieved from /home/airflow/.local/lib/python3.8/site-packages/airflow/example_dags/example_setup_teardown_taskflow.py
[2026-09-10T13:52:01.598+0000] {logging_mixin.py:188} INFO - [2026-09-10T13:52:01.597+0000] {dag.py:3047} INFO - Sync 1 DAGs
[2026-09-10T13:52:01.623+0000] {logging_mixin.py:188} INFO - [2026-09-10T13:52:01.623+0000] {dag.py:3834} INFO - Setting next_dagrun for example_setup_teardown_taskflow to 2026-09-09 00:00:00+00:00, run_after=2026-09-10 00:00:00+00:00
[2026-09-10T13:52:01.648+0000] {processor.py:183} INFO - Processing /home/airflow/.local/lib/python3.8/site-packages/airflow/example_dags/example_setup_teardown_taskflow.py took 0.105 seconds
[2026-09-10T13:52:31.816+0000] {processor.py:161} INFO - Started process (PID=1112) to work on /home/airflow/.local/lib/python3.8/site-packages/airflow/example_dags/example_setup_teardown_taskflow.py
[2026-09-10T13:52:31.818+0000] {processor.py:830} INFO - Processing file /home/airflow/.local/lib/python3.8/site-packages/airflow/example_dags/example_setup_teardown_taskflow.py for tasks to queue
[2026-09-10T13:52:31.821+0000] {logging_mixin.py:188} INFO - [2026-09-10T13:52:31.821+0000] {dagbag.py:540} INFO - Filling up the DagBag from /home/airflow/.local/lib/python3.8/site-packages/airflow/example_dags/example_setup_teardown_taskflow.py
[2026-09-10T13:52:31.833+0000] {processor.py:840} INFO - DAG(s) 'example_setup_teardown_taskflow' retrieved from /home/airflow/.local/lib/python3.8/site-packages/airflow/example_dags/example_setup_teardown_taskflow.py
[2026-09-10T13:52:31.859+0000] {logging_mixin.py:188} INFO - [2026-09-10T13:52:31.859+0000] {dag.py:3047} INFO - Sync 1 DAGs
[2026-09-10T13:52:31.884+0000] {logging_mixin.py:188} INFO - [2026-09-10T13:52:31.883+0000] {dag.py:3834} INFO - Setting next_dagrun for example_setup_teardown_taskflow to 2026-09-09 00:00:00+00:00, run_after=2026-09-10 00:00:00+00:00
[2026-09-10T13:52:31.907+0000] {processor.py:183} INFO - Processing /home/airflow/.local/lib/python3.8/site-packages/airflow/example_dags/example_setup_teardown_taskflow.py took 0.096 seconds
[2026-09-10T13:53:03.004+0000] {processor.py:161} INFO - Started process (PID=1173) to work on /home/airflow/.local/lib/python3.8/site-packages/airflow/example_dags/example_setup_teardown_taskflow.py
[2026-09-10T13:53:03.007+0000] {processor.py:830} INFO - Processing file /home/airflow/.local/lib/python3.8/site-packages/airflow/example_dags/example_setup_teardown_taskflow.py for tasks to queue
[2026-09-10T13:53:03.011+0000] {logging_mixin.py:188} INFO - [2026-09-10T13:53:03.010+0000] {dagbag.py:540} INFO - Filling up the DagBag from /home/airflow/.local/lib/python3.8/site-packages/airflow/example_dags/example_setup_teardown_taskflow.py
[2026-09-10T13:53:03.029+0000] {processor.py:840} INFO - DAG(s) 'example_setup_teardown_taskflow' retrieved from /home/airflow/.local/lib/python3.8/site-packages/airflow/example_dags/example_setup_teardown_taskflow.py
[2026-09-10T13:53:03.068+0000] {logging_mixin.py:188} INFO - [2026-09-10T13:53:03.068+0000] {dag.py:3047} INFO - Sync 1 DAGs
[2026-09-10T13:53:03.104+0000] {logging_mixin.py:188} INFO - [2026-09-10T13:53:03.104+0000] {dag.py:3834} INFO - Setting next_dagrun for example_setup_teardown_taskflow to 2026-09-09 00:00:00+00:00, run_after=2026-09-10 00:00:00+00:00
[2026-09-10T13:53:03.144+0000] {processor.py:183} INFO - Processing /home/airflow/.local/lib/python3.8/site-packages/airflow/example_dags/example_setup_teardown_taskflow.py took 0.145 seconds
[2026-09-10T13:53:34.026+0000] {processor.py:161} INFO - Started process (PID=1234) to work on /home/airflow/.local/lib/python3.8/site-packages/airflow/example_dags/example_setup_teardown_taskflow.py
[2026-09-10T13:53:34.029+0000] {processor.py:830} INFO - Processing file /home/airflow/.local/lib/python3.8/site-packages/airflow/example_dags/example_setup_teardown_taskflow.py for tasks to queue
[2026-09-10T13:53:34.031+0000] {logging_mixin.py:188} INFO - [2026-09-10T13:53:34.031+0000] {dagbag.py:540} INFO - Filling up the DagBag from /home/airflow/.local/lib/python3.8/site-packages/airflow/example_dags/example_setup_teardown_taskflow.py
[2026-09-10T13:53:34.047+0000] {processor.py:840} INFO - DAG(s) 'example_setup_teardown_taskflow' retrieved from /home/airflow/.local/lib/python3.8/site-packages/airflow/example_dags/example_setup_teardown_taskflow.py
[2026-09-10T13:53:34.082+0000] {logging_mixin.py:188} INFO - [2026-09-10T13:53:34.081+0000] {dag.py:3047} INFO - Sync 1 DAGs
[2026-09-10T13:53:34.115+0000] {logging_mixin.py:188} INFO - [2026-09-10T13:53:34.115+0000] {dag.py:3834} INFO - Setting next_dagrun for example_setup_teardown_taskflow to 2026-09-09 00:00:00+00:00, run_after=2026-09-10 00:00:00+00:00
[2026-09-10T13:53:34.146+0000] {processor.py:183} INFO - Processing /home/airflow/.local/lib/python3.8/site-packages/airflow/example_dags/example_setup_teardown_taskflow.py took 0.124 seconds
[2026-09-10T13:54:05.259+0000] {processor.py:161} INFO - Started process (PID=1296) to work on /home/airflow/.local/lib/python3.8/site-packages/airflow/example_dags/example_setup_teardown_taskflow.py
[2026-09-10T13:54:05.266+0000] {processor.py:830} INFO - Processing file /home/airflow/.local/lib/python3.8/site-packages/airflow/example_dags/example_setup_teardown_taskflow.py for tasks to queue
[2026-09-10T13:54:05.271+0000] {logging_mixin.py:188} INFO - [2026-09-10T13:54:05.271+0000] {dagbag.py:540} INFO - Filling up the DagBag from /home/airflow/.local/lib/python3.8/site-packages/airflow/example_dags/example_setup_teardown_taskflow.py
[2026-09-10T13:54:05.297+0000] {processor.py:840} INFO - DAG(s) 'example_setup_teardown_taskflow' retrieved from /home/airflow/.local/lib/python3.8/site-packages/airflow/example_dags/example_setup_teardown_taskflow.py
[2026-09-10T13:54:05.338+0000] {logging_mixin.py:188} INFO - [2026-09-10T13:54:05.337+0000] {dag.py:3047} INFO - Sync 1 DAGs
[2026-09-10T13:54:05.376+0000] {logging_mixin.py:188} INFO - [2026-09-10T13:54:05.375+0000] {dag.py:3834} INFO - Setting next_dagrun for example_setup_teardown_taskflow to 2026-09-09 00:00:00+00:00, run_after=2026-09-10 00:00:00+00:00
[2026-09-10T13:54:05.404+0000] {processor.py:183} INFO - Processing /home/airflow/.local/lib/python3.8/site-packages/airflow/example_dags/example_setup_teardown_taskflow.py took 0.152 seconds
[2026-09-10T13:54:35.556+0000] {processor.py:161} INFO - Started process (PID=1357) to work on /home/airflow/.local/lib/python3.8/site-packages/airflow/example_dags/example_setup_teardown_taskflow.py
[2026-09-10T13:54:35.558+0000] {processor.py:830} INFO - Processing file /home/airflow/.local/lib/python3.8/site-packages/airflow/example_dags/example_setup_teardown_taskflow.py for tasks to queue
[2026-09-10T13:54:35.561+0000] {logging_mixin.py:188} INFO - [2026-09-10T13:54:35.561+0000] {dagbag.py:540} INFO - Filling up the DagBag from /home/airflow/.local/lib/python3.8/site-packages/airflow/example_dags/example_setup_teardown_taskflow.py
[2026-09-10T13:54:35.574+0000] {processor.py:840} INFO - DAG(s) 'example_setup_teardown_taskflow' retrieved from /home/airflow/.local/lib/python3.8/site-packages/airflow/example_dags/example_setup_teardown_taskflow.py
[2026-09-10T13:54:35.603+0000] {logging_mixin.py:188} INFO - [2026-09-10T13:54:35.603+0000] {dag.py:3047} INFO - Sync 1 DAGs
[2026-09-10T13:54:35.634+0000] {logging_mixin.py:188} INFO - [2026-09-10T13:54:35.634+0000] {dag.py:3834} INFO - Setting next_dagrun for example_setup_teardown_taskflow to 2026-09-09 00:00:00+00:00, run_after=2026-09-10 00:00:00+00:00
[2026-09-10T13:54:35.668+0000] {processor.py:183} INFO - Processing /home/airflow/.local/lib/python3.8/site-packages/airflow/example_dags/example_setup_teardown_taskflow.py took 0.117 seconds
[2026-09-10T13:55:06.127+0000] {processor.py:161} INFO - Started process (PID=1416) to work on /home/airflow/.local/lib/python3.8/site-packages/airflow/example_dags/example_setup_teardown_taskflow.py
[2026-09-10T13:55:06.130+0000] {processor.py:830} INFO - Processing file /home/airflow/.local/lib/python3.8/site-packages/airflow/example_dags/example_setup_teardown_taskflow.py for tasks to queue
[2026-09-10T13:55:06.133+0000] {logging_mixin.py:188} INFO - [2026-09-10T13:55:06.132+0000] {dagbag.py:540} INFO - Filling up the DagBag from /home/airflow/.local/lib/python3.8/site-packages/airflow/example_dags/example_setup_teardown_taskflow.py
[2026-09-10T13:55:06.162+0000] {processor.py:840} INFO - DAG(s) 'example_setup_teardown_taskflow' retrieved from /home/airflow/.local/lib/python3.8/site-packages/airflow/example_dags/example_setup_teardown_taskflow.py
[2026-09-10T13:55:06.259+0000] {logging_mixin.py:188} INFO - [2026-09-10T13:55:06.258+0000] {dag.py:3047} INFO - Sync 1 DAGs
[2026-09-10T13:55:06.345+0000] {logging_mixin.py:188} INFO - [2026-09-10T13:55:06.345+0000] {dag.py:3834} INFO - Setting next_dagrun for example_setup_teardown_taskflow to 2026-09-09 00:00:00+00:00, run_after=2026-09-10 00:00:00+00:00
[2026-09-10T13:55:06.415+0000] {processor.py:183} INFO - Processing /home/airflow/.local/lib/python3.8/site-packages/airflow/example_dags/example_setup_teardown_taskflow.py took 0.294 seconds
[2026-09-10T13:55:37.275+0000] {processor.py:161} INFO - Started process (PID=1482) to work on /home/airflow/.local/lib/python3.8/site-packages/airflow/example_dags/example_setup_teardown_taskflow.py
[2026-09-10T13:55:37.277+0000] {processor.py:830} INFO - Processing file /home/airflow/.local/lib/python3.8/site-packages/airflow/example_dags/example_setup_teardown_taskflow.py for tasks to queue
[2026-09-10T13:55:37.281+0000] {logging_mixin.py:188} INFO - [2026-09-10T13:55:37.280+0000] {dagbag.py:540} INFO - Filling up the DagBag from /home/airflow/.local/lib/python3.8/site-packages/airflow/example_dags/example_setup_teardown_taskflow.py
[2026-09-10T13:55:37.296+0000] {processor.py:840} INFO - DAG(s) 'example_setup_teardown_taskflow' retrieved from /home/airflow/.local/lib/python3.8/site-packages/airflow/example_dags/example_setup_teardown_taskflow.py
[2026-09-10T13:55:37.328+0000] {logging_mixin.py:188} INFO - [2026-09-10T13:55:37.328+0000] {dag.py:3047} INFO - Sync 1 DAGs
[2026-09-10T13:55:37.364+0000] {logging_mixin.py:188} INFO - [2026-09-10T13:55:37.363+0000] {dag.py:3834} INFO - Setting next_dagrun for example_setup_teardown_taskflow to 2026-09-09 00:00:00+00:00, run_after=2026-09-10 00:00:00+00:00
[2026-09-10T13:55:37.394+0000] {processor.py:183} INFO - Processing /home/airflow/.local/lib/python3.8/site-packages/airflow/example_dags/example_setup_teardown_taskflow.py took 0.125 seconds
[2026-09-10T13:56:07.501+0000] {processor.py:161} INFO - Started process (PID=1542) to work on /home/airflow/.local/lib/python3.8/site-packages/airflow/example_dags/example_setup_teardown_taskflow.py
[2026-09-10T13:56:07.503+0000] {processor.py:830} INFO - Processing file /home/airflow/.local/lib/python3.8/site-packages/airflow/example_dags/example_setup_teardown_taskflow.py for tasks to queue
[2026-09-10T13:56:07.507+0000] {logging_mixin.py:188} INFO - [2026-09-10T13:56:07.506+0000] {dagbag.py:540} INFO - Filling up the DagBag from /home/airflow/.local/lib/python3.8/site-packages/airflow/example_dags/example_setup_teardown_taskflow.py
[2026-09-10T13:56:07.527+0000] {processor.py:840} INFO - DAG(s) 'example_setup_teardown_taskflow' retrieved from /home/airflow/.local/lib/python3.8/site-packages/airflow/example_dags/example_setup_teardown_taskflow.py
[2026-09-10T13:56:07.557+0000] {logging_mixin.py:188} INFO - [2026-09-10T13:56:07.557+0000] {dag.py:3047} INFO - Sync 1 DAGs
[2026-09-10T13:56:07.593+0000] {logging_mixin.py:188} INFO - [2026-09-10T13:56:07.592+0000] {dag.py:3834} INFO - Setting next_dagrun for example_setup_teardown_taskflow to 2026-09-09 00:00:00+00:00, run_after=2026-09-10 00:00:00+00:00
[2026-09-10T13:56:07.621+0000] {processor.py:183} INFO - Processing /home/airflow/.local/lib/python3.8/site-packages/airflow/example_dags/example_setup_teardown_taskflow.py took 0.125 seconds
[2026-09-10T13:56:37.828+0000] {processor.py:161} INFO - Started process (PID=1602) to work on /home/airflow/.local/lib/python3.8/site-packages/airflow/example_dags/example_setup_teardown_taskflow.py
[2026-09-10T13:56:37.831+0000] {processor.py:830} INFO - Processing file /home/airflow/.local/lib/python3.8/site-packages/airflow/example_dags/example_setup_teardown_taskflow.py for tasks to queue
[2026-09-10T13:56:37.834+0000] {logging_mixin.py:188} INFO - [2026-09-10T13:56:37.834+0000] {dagbag.py:540} INFO - Filling up the DagBag from /home/airflow/.local/lib/python3.8/site-packages/airflow/example_dags/example_setup_teardown_taskflow.py
[2026-09-10T13:56:37.849+0000] {processor.py:840} INFO - DAG(s) 'example_setup_teardown_taskflow' retrieved from /home/airflow/.local/lib/python3.8/site-packages/airflow/example_dags/example_setup_teardown_taskflow.py
[2026-09-10T13:56:37.884+0000] {logging_mixin.py:188} INFO - [2026-09-10T13:56:37.883+0000] {dag.py:3047} INFO - Sync 1 DAGs
[2026-09-10T13:56:37.917+0000] {logging_mixin.py:188} INFO - [2026-09-10T13:56:37.917+0000] {dag.py:3834} INFO - Setting next_dagrun for example_setup_teardown_taskflow to 2026-09-09 00:00:00+00:00, run_after=2026-09-10 00:00:00+00:00
[2026-09-10T13:56:37.943+0000] {processor.py:183} INFO - Processing /home/airflow/.local/lib/python3.8/site-packages/airflow/example_dags/example_setup_teardown_taskflow.py took 0.120 seconds
[2026-09-10T13:57:08.813+0000] {processor.py:161} INFO - Started process (PID=1663) to work on /home/airflow/.local/lib/python3.8/site-packages/airflow/example_dags/example_setup_teardown_taskflow.py
[2026-09-10T13:57:08.815+0000] {processor.py:830} INFO - Processing file /home/airflow/.local/lib/python3.8/site-packages/airflow/example_dags/example_setup_teardown_taskflow.py for tasks to queue
[2026-09-10T13:57:08.818+0000] {logging_mixin.py:188} INFO - [2026-09-10T13:57:08.817+0000] {dagbag.py:540} INFO - Filling up the DagBag from /home/airflow/.local/lib/python3.8/site-packages/airflow/example_dags/example_setup_teardown_taskflow.py
[2026-09-10T13:57:08.829+0000] {processor.py:840} INFO - DAG(s) 'example_setup_teardown_taskflow' retrieved from /home/airflow/.local/lib/python3.8/site-packages/airflow/example_dags/example_setup_teardown_taskflow.py
[2026-09-10T13:57:08.859+0000] {logging_mixin.py:188} INFO - [2026-09-10T13:57:08.859+0000] {dag.py:3047} INFO - Sync 1 DAGs
[2026-09-10T13:57:08.916+0000] {logging_mixin.py:188} INFO - [2026-09-10T13:57:08.915+0000] {dag.py:3834} INFO - Setting next_dagrun for example_setup_teardown_taskflow to 2026-09-09 00:00:00+00:00, run_after=2026-09-10 00:00:00+00:00
[2026-09-10T13:57:08.947+0000] {processor.py:183} INFO - Processing /home/airflow/.local/lib/python3.8/site-packages/airflow/example_dags/example_setup_teardown_taskflow.py took 0.139 seconds
[2026-09-10T13:57:39.078+0000] {processor.py:161} INFO - Started process (PID=1724) to work on /home/airflow/.local/lib/python3.8/site-packages/airflow/example_dags/example_setup_teardown_taskflow.py
[2026-09-10T13:57:39.080+0000] {processor.py:830} INFO - Processing file /home/airflow/.local/lib/python3.8/site-packages/airflow/example_dags/example_setup_teardown_taskflow.py for tasks to queue
[2026-09-10T13:57:39.084+0000] {logging_mixin.py:188} INFO - [2026-09-10T13:57:39.084+0000] {dagbag.py:540} INFO - Filling up the DagBag from /home/airflow/.local/lib/python3.8/site-packages/airflow/example_dags/example_setup_teardown_taskflow.py
[2026-09-10T13:57:39.098+0000] {processor.py:840} INFO - DAG(s) 'example_setup_teardown_taskflow' retrieved from /home/airflow/.local/lib/python3.8/site-packages/airflow/example_dags/example_setup_teardown_taskflow.py
[2026-09-10T13:57:39.133+0000] {logging_mixin.py:188} INFO - [2026-09-10T13:57:39.132+0000] {dag.py:3047} INFO - Sync 1 DAGs
[2026-09-10T13:57:39.167+0000] {logging_mixin.py:188} INFO - [2026-09-10T13:57:39.167+0000] {dag.py:3834} INFO - Setting next_dagrun for example_setup_teardown_taskflow to 2026-09-09 00:00:00+00:00, run_after=2026-09-10 00:00:00+00:00
[2026-09-10T13:57:39.188+0000] {processor.py:183} INFO - Processing /home/airflow/.local/lib/python3.8/site-packages/airflow/example_dags/example_setup_teardown_taskflow.py took 0.117 seconds
[2026-09-10T13:58:10.085+0000] {processor.py:161} INFO - Started process (PID=1785) to work on /home/airflow/.local/lib/python3.8/site-packages/airflow/example_dags/example_setup_teardown_taskflow.py
[2026-09-10T13:58:10.087+0000] {processor.py:830} INFO - Processing file /home/airflow/.local/lib/python3.8/site-packages/airflow/example_dags/example_setup_teardown_taskflow.py for tasks to queue
[2026-09-10T13:58:10.089+0000] {logging_mixin.py:188} INFO - [2026-09-10T13:58:10.089+0000] {dagbag.py:540} INFO - Filling up the DagBag from /home/airflow/.local/lib/python3.8/site-packages/airflow/example_dags/example_setup_teardown_taskflow.py
[2026-09-10T13:58:10.100+0000] {processor.py:840} INFO - DAG(s) 'example_setup_teardown_taskflow' retrieved from /home/airflow/.local/lib/python3.8/site-packages/airflow/example_dags/example_setup_teardown_taskflow.py
[2026-09-10T13:58:10.127+0000] {logging_mixin.py:188} INFO - [2026-09-10T13:58:10.126+0000] {dag.py:3047} INFO - Sync 1 DAGs
[2026-09-10T13:58:10.156+0000] {logging_mixin.py:188} INFO - [2026-09-10T13:58:10.156+0000] {dag.py:3834} INFO - Setting next_dagrun for example_setup_teardown_taskflow to 2026-09-09 00:00:00+00:00, run_after=2026-09-10 00:00:00+00:00
[2026-09-10T13:58:10.179+0000] {processor.py:183} INFO - Processing /home/airflow/.local/lib/python3.8/site-packages/airflow/example_dags/example_setup_teardown_taskflow.py took 0.098 seconds
[2026-09-10T13:58:40.379+0000] {processor.py:161} INFO - Started process (PID=1844) to work on /home/airflow/.local/lib/python3.8/site-packages/airflow/example_dags/example_setup_teardown_taskflow.py
[2026-09-10T13:58:40.382+0000] {processor.py:830} INFO - Processing file /home/airflow/.local/lib/python3.8/site-packages/airflow/example_dags/example_setup_teardown_taskflow.py for tasks to queue
[2026-09-10T13:58:40.386+0000] {logging_mixin.py:188} INFO - [2026-09-10T13:58:40.385+0000] {dagbag.py:540} INFO - Filling up the DagBag from /home/airflow/.local/lib/python3.8/site-packages/airflow/example_dags/example_setup_teardown_taskflow.py
[2026-09-10T13:58:40.408+0000] {processor.py:840} INFO - DAG(s) 'example_setup_teardown_taskflow' retrieved from /home/airflow/.local/lib/python3.8/site-packages/airflow/example_dags/example_setup_teardown_taskflow.py
[2026-09-10T13:58:40.442+0000] {logging_mixin.py:188} INFO - [2026-09-10T13:58:40.441+0000] {dag.py:3047} INFO - Sync 1 DAGs
[2026-09-10T13:58:40.485+0000] {logging_mixin.py:188} INFO - [2026-09-10T13:58:40.485+0000] {dag.py:3834} INFO - Setting next_dagrun for example_setup_teardown_taskflow to 2026-09-09 00:00:00+00:00, run_after=2026-09-10 00:00:00+00:00
[2026-09-10T13:58:40.520+0000] {processor.py:183} INFO - Processing /home/airflow/.local/lib/python3.8/site-packages/airflow/example_dags/example_setup_teardown_taskflow.py took 0.146 seconds
[2026-09-10T13:59:10.572+0000] {processor.py:161} INFO - Started process (PID=1911) to work on /home/airflow/.local/lib/python3.8/site-packages/airflow/example_dags/example_setup_teardown_taskflow.py
[2026-09-10T13:59:10.573+0000] {processor.py:830} INFO - Processing file /home/airflow/.local/lib/python3.8/site-packages/airflow/example_dags/example_setup_teardown_taskflow.py for tasks to queue
[2026-09-10T13:59:10.576+0000] {logging_mixin.py:188} INFO - [2026-09-10T13:59:10.576+0000] {dagbag.py:540} INFO - Filling up the DagBag from /home/airflow/.local/lib/python3.8/site-packages/airflow/example_dags/example_setup_teardown_taskflow.py
[2026-09-10T13:59:10.596+0000] {processor.py:840} INFO - DAG(s) 'example_setup_teardown_taskflow' retrieved from /home/airflow/.local/lib/python3.8/site-packages/airflow/example_dags/example_setup_teardown_taskflow.py
[2026-09-10T13:59:10.622+0000] {logging_mixin.py:188} INFO - [2026-09-10T13:59:10.622+0000] {dag.py:3047} INFO - Sync 1 DAGs
[2026-09-10T13:59:10.650+0000] {logging_mixin.py:188} INFO - [2026-09-10T13:59:10.650+0000] {dag.py:3834} INFO - Setting next_dagrun for example_setup_teardown_taskflow to 2026-09-09 00:00:00+00:00, run_after=2026-09-10 00:00:00+00:00
[2026-09-10T13:59:10.673+0000] {processor.py:183} INFO - Processing /home/airflow/.local/lib/python3.8/site-packages/airflow/example_dags/example_setup_teardown_taskflow.py took 0.105 seconds
[2026-09-10T13:59:41.113+0000] {processor.py:161} INFO - Started process (PID=1972) to work on /home/airflow/.local/lib/python3.8/site-packages/airflow/example_dags/example_setup_teardown_taskflow.py
[2026-09-10T13:59:41.115+0000] {processor.py:830} INFO - Processing file /home/airflow/.local/lib/python3.8/site-packages/airflow/example_dags/example_setup_teardown_taskflow.py for tasks to queue
[2026-09-10T13:59:41.118+0000] {logging_mixin.py:188} INFO - [2026-09-10T13:59:41.118+0000] {dagbag.py:540} INFO - Filling up the DagBag from /home/airflow/.local/lib/python3.8/site-packages/airflow/example_dags/example_setup_teardown_taskflow.py
[2026-09-10T13:59:41.130+0000] {processor.py:840} INFO - DAG(s) 'example_setup_teardown_taskflow' retrieved from /home/airflow/.local/lib/python3.8/site-packages/airflow/example_dags/example_setup_teardown_taskflow.py
[2026-09-10T13:59:41.162+0000] {logging_mixin.py:188} INFO - [2026-09-10T13:59:41.162+0000] {dag.py:3047} INFO - Sync 1 DAGs
[2026-09-10T13:59:41.191+0000] {logging_mixin.py:188} INFO - [2026-09-10T13:59:41.191+0000] {dag.py:3834} INFO - Setting next_dagrun for example_setup_teardown_taskflow to 2026-09-09 00:00:00+00:00, run_after=2026-09-10 00:00:00+00:00
[2026-09-10T13:59:41.216+0000] {processor.py:183} INFO - Processing /home/airflow/.local/lib/python3.8/site-packages/airflow/example_dags/example_setup_teardown_taskflow.py took 0.108 seconds
[2026-09-10T14:00:11.390+0000] {processor.py:161} INFO - Started process (PID=2033) to work on /home/airflow/.local/lib/python3.8/site-packages/airflow/example_dags/example_setup_teardown_taskflow.py
[2026-09-10T14:00:11.392+0000] {processor.py:830} INFO - Processing file /home/airflow/.local/lib/python3.8/site-packages/airflow/example_dags/example_setup_teardown_taskflow.py for tasks to queue
[2026-09-10T14:00:11.395+0000] {logging_mixin.py:188} INFO - [2026-09-10T14:00:11.395+0000] {dagbag.py:540} INFO - Filling up the DagBag from /home/airflow/.local/lib/python3.8/site-packages/airflow/example_dags/example_setup_teardown_taskflow.py
[2026-09-10T14:00:11.405+0000] {processor.py:840} INFO - DAG(s) 'example_setup_teardown_taskflow' retrieved from /home/airflow/.local/lib/python3.8/site-packages/airflow/example_dags/example_setup_teardown_taskflow.py
[2026-09-10T14:00:11.429+0000] {logging_mixin.py:188} INFO - [2026-09-10T14:00:11.429+0000] {dag.py:3047} INFO - Sync 1 DAGs
[2026-09-10T14:00:11.455+0000] {logging_mixin.py:188} INFO - [2026-09-10T14:00:11.455+0000] {dag.py:3834} INFO - Setting next_dagrun for example_setup_teardown_taskflow to 2026-09-09 00:00:00+00:00, run_after=2026-09-10 00:00:00+00:00
[2026-09-10T14:00:11.476+0000] {processor.py:183} INFO - Processing /home/airflow/.local/lib/python3.8/site-packages/airflow/example_dags/example_setup_teardown_taskflow.py took 0.089 seconds
[2026-09-10T14:00:42.490+0000] {processor.py:161} INFO - Started process (PID=2095) to work on /home/airflow/.local/lib/python3.8/site-packages/airflow/example_dags/example_setup_teardown_taskflow.py
[2026-09-10T14:00:42.492+0000] {processor.py:830} INFO - Processing file /home/airflow/.local/lib/python3.8/site-packages/airflow/example_dags/example_setup_teardown_taskflow.py for tasks to queue
[2026-09-10T14:00:42.495+0000] {logging_mixin.py:188} INFO - [2026-09-10T14:00:42.494+0000] {dagbag.py:540} INFO - Filling up the DagBag from /home/airflow/.local/lib/python3.8/site-packages/airflow/example_dags/example_setup_teardown_taskflow.py
[2026-09-10T14:00:42.506+0000] {processor.py:840} INFO - DAG(s) 'example_setup_teardown_taskflow' retrieved from /home/airflow/.local/lib/python3.8/site-packages/airflow/example_dags/example_setup_teardown_taskflow.py
[2026-09-10T14:00:42.531+0000] {logging_mixin.py:188} INFO - [2026-09-10T14:00:42.530+0000] {dag.py:3047} INFO - Sync 1 DAGs
[2026-09-10T14:00:42.559+0000] {logging_mixin.py:188} INFO - [2026-09-10T14:00:42.558+0000] {dag.py:3834} INFO - Setting next_dagrun for example_setup_teardown_taskflow to 2026-09-09 00:00:00+00:00, run_after=2026-09-10 00:00:00+00:00
[2026-09-10T14:00:42.579+0000] {processor.py:183} INFO - Processing /home/airflow/.local/lib/python3.8/site-packages/airflow/example_dags/example_setup_teardown_taskflow.py took 0.093 seconds
[2026-09-10T14:01:13.097+0000] {processor.py:161} INFO - Started process (PID=2156) to work on /home/airflow/.local/lib/python3.8/site-packages/airflow/example_dags/example_setup_teardown_taskflow.py
[2026-09-10T14:01:13.099+0000] {processor.py:830} INFO - Processing file /home/airflow/.local/lib/python3.8/site-packages/airflow/example_dags/example_setup_teardown_taskflow.py for tasks to queue
[2026-09-10T14:01:13.102+0000] {logging_mixin.py:188} INFO - [2026-09-10T14:01:13.101+0000] {dagbag.py:540} INFO - Filling up the DagBag from /home/airflow/.local/lib/python3.8/site-packages/airflow/example_dags/example_setup_teardown_taskflow.py
[2026-09-10T14:01:13.119+0000] {processor.py:840} INFO - DAG(s) 'example_setup_teardown_taskflow' retrieved from /home/airflow/.local/lib/python3.8/site-packages/airflow/example_dags/example_setup_teardown_taskflow.py
[2026-09-10T14:01:13.162+0000] {logging_mixin.py:188} INFO - [2026-09-10T14:01:13.162+0000] {dag.py:3047} INFO - Sync 1 DAGs
[2026-09-10T14:01:13.206+0000] {logging_mixin.py:188} INFO - [2026-09-10T14:01:13.205+0000] {dag.py:3834} INFO - Setting next_dagrun for example_setup_teardown_taskflow to 2026-09-09 00:00:00+00:00, run_after=2026-09-10 00:00:00+00:00
[2026-09-10T14:01:13.231+0000] {processor.py:183} INFO - Processing /home/airflow/.local/lib/python3.8/site-packages/airflow/example_dags/example_setup_teardown_taskflow.py took 0.140 seconds
[2026-09-10T14:01:43.455+0000] {processor.py:161} INFO - Started process (PID=2217) to work on /home/airflow/.local/lib/python3.8/site-packages/airflow/example_dags/example_setup_teardown_taskflow.py
[2026-09-10T14:01:43.456+0000] {processor.py:830} INFO - Processing file /home/airflow/.local/lib/python3.8/site-packages/airflow/example_dags/example_setup_teardown_taskflow.py for tasks to queue
[2026-09-10T14:01:43.459+0000] {logging_mixin.py:188} INFO - [2026-09-10T14:01:43.459+0000] {dagbag.py:540} INFO - Filling up the DagBag from /home/airflow/.local/lib/python3.8/site-packages/airflow/example_dags/example_setup_teardown_taskflow.py
[2026-09-10T14:01:43.470+0000] {processor.py:840} INFO - DAG(s) 'example_setup_teardown_taskflow' retrieved from /home/airflow/.local/lib/python3.8/site-packages/airflow/example_dags/example_setup_teardown_taskflow.py
[2026-09-10T14:01:43.496+0000] {logging_mixin.py:188} INFO - [2026-09-10T14:01:43.496+0000] {dag.py:3047} INFO - Sync 1 DAGs
[2026-09-10T14:01:43.521+0000] {logging_mixin.py:188} INFO - [2026-09-10T14:01:43.521+0000] {dag.py:3834} INFO - Setting next_dagrun for example_setup_teardown_taskflow to 2026-09-09 00:00:00+00:00, run_after=2026-09-10 00:00:00+00:00
[2026-09-10T14:01:43.548+0000] {processor.py:183} INFO - Processing /home/airflow/.local/lib/python3.8/site-packages/airflow/example_dags/example_setup_teardown_taskflow.py took 0.097 seconds
[2026-09-10T14:02:14.085+0000] {processor.py:161} INFO - Started process (PID=2278) to work on /home/airflow/.local/lib/python3.8/site-packages/airflow/example_dags/example_setup_teardown_taskflow.py
[2026-09-10T14:02:14.087+0000] {processor.py:830} INFO - Processing file /home/airflow/.local/lib/python3.8/site-packages/airflow/example_dags/example_setup_teardown_taskflow.py for tasks to queue
[2026-09-10T14:02:14.090+0000] {logging_mixin.py:188} INFO - [2026-09-10T14:02:14.090+0000] {dagbag.py:540} INFO - Filling up the DagBag from /home/airflow/.local/lib/python3.8/site-packages/airflow/example_dags/example_setup_teardown_taskflow.py
[2026-09-10T14:02:14.102+0000] {processor.py:840} INFO - DAG(s) 'example_setup_teardown_taskflow' retrieved from /home/airflow/.local/lib/python3.8/site-packages/airflow/example_dags/example_setup_teardown_taskflow.py
[2026-09-10T14:02:14.128+0000] {logging_mixin.py:188} INFO - [2026-09-10T14:02:14.128+0000] {dag.py:3047} INFO - Sync 1 DAGs
[2026-09-10T14:02:14.301+0000] {logging_mixin.py:188} INFO - [2026-09-10T14:02:14.301+0000] {dag.py:3834} INFO - Setting next_dagrun for example_setup_teardown_taskflow to 2026-09-09 00:00:00+00:00, run_after=2026-09-10 00:00:00+00:00
[2026-09-10T14:02:14.325+0000] {processor.py:183} INFO - Processing /home/airflow/.local/lib/python3.8/site-packages/airflow/example_dags/example_setup_teardown_taskflow.py took 0.244 seconds
[2026-09-10T14:02:44.857+0000] {processor.py:161} INFO - Started process (PID=2339) to work on /home/airflow/.local/lib/python3.8/site-packages/airflow/example_dags/example_setup_teardown_taskflow.py
[2026-09-10T14:02:44.861+0000] {processor.py:830} INFO - Processing file /home/airflow/.local/lib/python3.8/site-packages/airflow/example_dags/example_setup_teardown_taskflow.py for tasks to queue
[2026-09-10T14:02:44.867+0000] {logging_mixin.py:188} INFO - [2026-09-10T14:02:44.866+0000] {dagbag.py:540} INFO - Filling up the DagBag from /home/airflow/.local/lib/python3.8/site-packages/airflow/example_dags/example_setup_teardown_taskflow.py
[2026-09-10T14:02:44.900+0000] {processor.py:840} INFO - DAG(s) 'example_setup_teardown_taskflow' retrieved from /home/airflow/.local/lib/python3.8/site-packages/airflow/example_dags/example_setup_teardown_taskflow.py
[2026-09-10T14:02:45.020+0000] {logging_mixin.py:188} INFO - [2026-09-10T14:02:45.019+0000] {dag.py:3047} INFO - Sync 1 DAGs
[2026-09-10T14:02:45.118+0000] {logging_mixin.py:188} INFO - [2026-09-10T14:02:45.118+0000] {dag.py:3834} INFO - Setting next_dagrun for example_setup_teardown_taskflow to 2026-09-09 00:00:00+00:00, run_after=2026-09-10 00:00:00+00:00
[2026-09-10T14:02:45.221+0000] {processor.py:183} INFO - Processing /home/airflow/.local/lib/python3.8/site-packages/airflow/example_dags/example_setup_teardown_taskflow.py took 0.374 seconds
[2026-09-10T14:03:15.703+0000] {processor.py:161} INFO - Started process (PID=2400) to work on /home/airflow/.local/lib/python3.8/site-packages/airflow/example_dags/example_setup_teardown_taskflow.py
[2026-09-10T14:03:15.704+0000] {processor.py:830} INFO - Processing file /home/airflow/.local/lib/python3.8/site-packages/airflow/example_dags/example_setup_teardown_taskflow.py for tasks to queue
[2026-09-10T14:03:15.707+0000] {logging_mixin.py:188} INFO - [2026-09-10T14:03:15.706+0000] {dagbag.py:540} INFO - Filling up the DagBag from /home/airflow/.local/lib/python3.8/site-packages/airflow/example_dags/example_setup_teardown_taskflow.py
[2026-09-10T14:03:15.716+0000] {processor.py:840} INFO - DAG(s) 'example_setup_teardown_taskflow' retrieved from /home/airflow/.local/lib/python3.8/site-packages/airflow/example_dags/example_setup_teardown_taskflow.py
[2026-09-10T14:03:15.742+0000] {logging_mixin.py:188} INFO - [2026-09-10T14:03:15.741+0000] {dag.py:3047} INFO - Sync 1 DAGs
[2026-09-10T14:03:15.765+0000] {logging_mixin.py:188} INFO - [2026-09-10T14:03:15.765+0000] {dag.py:3834} INFO - Setting next_dagrun for example_setup_teardown_taskflow to 2026-09-09 00:00:00+00:00, run_after=2026-09-10 00:00:00+00:00
[2026-09-10T14:03:15.786+0000] {processor.py:183} INFO - Processing /home/airflow/.local/lib/python3.8/site-packages/airflow/example_dags/example_setup_teardown_taskflow.py took 0.087 seconds
[2026-09-10T14:03:45.932+0000] {processor.py:161} INFO - Started process (PID=2461) to work on /home/airflow/.local/lib/python3.8/site-packages/airflow/example_dags/example_setup_teardown_taskflow.py
[2026-09-10T14:03:45.933+0000] {processor.py:830} INFO - Processing file /home/airflow/.local/lib/python3.8/site-packages/airflow/example_dags/example_setup_teardown_taskflow.py for tasks to queue
[2026-09-10T14:03:45.936+0000] {logging_mixin.py:188} INFO - [2026-09-10T14:03:45.936+0000] {dagbag.py:540} INFO - Filling up the DagBag from /home/airflow/.local/lib/python3.8/site-packages/airflow/example_dags/example_setup_teardown_taskflow.py
[2026-09-10T14:03:45.950+0000] {processor.py:840} INFO - DAG(s) 'example_setup_teardown_taskflow' retrieved from /home/airflow/.local/lib/python3.8/site-packages/airflow/example_dags/example_setup_teardown_taskflow.py
[2026-09-10T14:03:45.979+0000] {logging_mixin.py:188} INFO - [2026-09-10T14:03:45.978+0000] {dag.py:3047} INFO - Sync 1 DAGs
[2026-09-10T14:03:46.003+0000] {logging_mixin.py:188} INFO - [2026-09-10T14:03:46.002+0000] {dag.py:3834} INFO - Setting next_dagrun for example_setup_teardown_taskflow to 2026-09-09 00:00:00+00:00, run_after=2026-09-10 00:00:00+00:00
[2026-09-10T14:03:46.024+0000] {processor.py:183} INFO - Processing /home/airflow/.local/lib/python3.8/site-packages/airflow/example_dags/example_setup_teardown_taskflow.py took 0.096 seconds
[2026-09-10T14:04:16.293+0000] {processor.py:161} INFO - Started process (PID=2522) to work on /home/airflow/.local/lib/python3.8/site-packages/airflow/example_dags/example_setup_teardown_taskflow.py
[2026-09-10T14:04:16.295+0000] {processor.py:830} INFO - Processing file /home/airflow/.local/lib/python3.8/site-packages/airflow/example_dags/example_setup_teardown_taskflow.py for tasks to queue
[2026-09-10T14:04:16.299+0000] {logging_mixin.py:188} INFO - [2026-09-10T14:04:16.299+0000] {dagbag.py:540} INFO - Filling up the DagBag from /home/airflow/.local/lib/python3.8/site-packages/airflow/example_dags/example_setup_teardown_taskflow.py
[2026-09-10T14:04:16.313+0000] {processor.py:840} INFO - DAG(s) 'example_setup_teardown_taskflow' retrieved from /home/airflow/.local/lib/python3.8/site-packages/airflow/example_dags/example_setup_teardown_taskflow.py
[2026-09-10T14:04:16.344+0000] {logging_mixin.py:188} INFO - [2026-09-10T14:04:16.344+0000] {dag.py:3047} INFO - Sync 1 DAGs
[2026-09-10T14:04:16.370+0000] {logging_mixin.py:188} INFO - [2026-09-10T14:04:16.370+0000] {dag.py:3834} INFO - Setting next_dagrun for example_setup_teardown_taskflow to 2026-09-09 00:00:00+00:00, run_after=2026-09-10 00:00:00+00:00
[2026-09-10T14:04:16.393+0000] {processor.py:183} INFO - Processing /home/airflow/.local/lib/python3.8/site-packages/airflow/example_dags/example_setup_teardown_taskflow.py took 0.104 seconds
[2026-09-10T14:04:46.861+0000] {processor.py:161} INFO - Started process (PID=2583) to work on /home/airflow/.local/lib/python3.8/site-packages/airflow/example_dags/example_setup_teardown_taskflow.py
[2026-09-10T14:04:46.863+0000] {processor.py:830} INFO - Processing file /home/airflow/.local/lib/python3.8/site-packages/airflow/example_dags/example_setup_teardown_taskflow.py for tasks to queue
[2026-09-10T14:04:46.865+0000] {logging_mixin.py:188} INFO - [2026-09-10T14:04:46.865+0000] {dagbag.py:540} INFO - Filling up the DagBag from /home/airflow/.local/lib/python3.8/site-packages/airflow/example_dags/example_setup_teardown_taskflow.py
[2026-09-10T14:04:46.875+0000] {processor.py:840} INFO - DAG(s) 'example_setup_teardown_taskflow' retrieved from /home/airflow/.local/lib/python3.8/site-packages/airflow/example_dags/example_setup_teardown_taskflow.py
[2026-09-10T14:04:46.901+0000] {logging_mixin.py:188} INFO - [2026-09-10T14:04:46.900+0000] {dag.py:3047} INFO - Sync 1 DAGs
[2026-09-10T14:04:46.926+0000] {logging_mixin.py:188} INFO - [2026-09-10T14:04:46.926+0000] {dag.py:3834} INFO - Setting next_dagrun for example_setup_teardown_taskflow to 2026-09-09 00:00:00+00:00, run_after=2026-09-10 00:00:00+00:00
[2026-09-10T14:04:46.952+0000] {processor.py:183} INFO - Processing /home/airflow/.local/lib/python3.8/site-packages/airflow/example_dags/example_setup_teardown_taskflow.py took 0.095 seconds
[2026-09-10T14:05:17.200+0000] {processor.py:161} INFO - Started process (PID=2644) to work on /home/airflow/.local/lib/python3.8/site-packages/airflow/example_dags/example_setup_teardown_taskflow.py
[2026-09-10T14:05:17.202+0000] {processor.py:830} INFO - Processing file /home/airflow/.local/lib/python3.8/site-packages/airflow/example_dags/example_setup_teardown_taskflow.py for tasks to queue
[2026-09-10T14:05:17.205+0000] {logging_mixin.py:188} INFO - [2026-09-10T14:05:17.204+0000] {dagbag.py:540} INFO - Filling up the DagBag from /home/airflow/.local/lib/python3.8/site-packages/airflow/example_dags/example_setup_teardown_taskflow.py
[2026-09-10T14:05:17.217+0000] {processor.py:840} INFO - DAG(s) 'example_setup_teardown_taskflow' retrieved from /home/airflow/.local/lib/python3.8/site-packages/airflow/example_dags/example_setup_teardown_taskflow.py
[2026-09-10T14:05:17.241+0000] {logging_mixin.py:188} INFO - [2026-09-10T14:05:17.241+0000] {dag.py:3047} INFO - Sync 1 DAGs
[2026-09-10T14:05:17.265+0000] {logging_mixin.py:188} INFO - [2026-09-10T14:05:17.264+0000] {dag.py:3834} INFO - Setting next_dagrun for example_setup_teardown_taskflow to 2026-09-09 00:00:00+00:00, run_after=2026-09-10 00:00:00+00:00
[2026-09-10T14:05:17.291+0000] {processor.py:183} INFO - Processing /home/airflow/.local/lib/python3.8/site-packages/airflow/example_dags/example_setup_teardown_taskflow.py took 0.095 seconds
[2026-09-10T14:05:47.742+0000] {processor.py:161} INFO - Started process (PID=2705) to work on /home/airflow/.local/lib/python3.8/site-packages/airflow/example_dags/example_setup_teardown_taskflow.py
[2026-09-10T14:05:47.744+0000] {processor.py:830} INFO - Processing file /home/airflow/.local/lib/python3.8/site-packages/airflow/example_dags/example_setup_teardown_taskflow.py for tasks to queue
[2026-09-10T14:05:47.746+0000] {logging_mixin.py:188} INFO - [2026-09-10T14:05:47.746+0000] {dagbag.py:540} INFO - Filling up the DagBag from /home/airflow/.local/lib/python3.8/site-packages/airflow/example_dags/example_setup_teardown_taskflow.py
[2026-09-10T14:05:47.756+0000] {processor.py:840} INFO - DAG(s) 'example_setup_teardown_taskflow' retrieved from /home/airflow/.local/lib/python3.8/site-packages/airflow/example_dags/example_setup_teardown_taskflow.py
[2026-09-10T14:05:47.781+0000] {logging_mixin.py:188} INFO - [2026-09-10T14:05:47.781+0000] {dag.py:3047} INFO - Sync 1 DAGs
[2026-09-10T14:05:47.808+0000] {logging_mixin.py:188} INFO - [2026-09-10T14:05:47.807+0000] {dag.py:3834} INFO - Setting next_dagrun for example_setup_teardown_taskflow to 2026-09-09 00:00:00+00:00, run_after=2026-09-10 00:00:00+00:00
[2026-09-10T14:05:47.830+0000] {processor.py:183} INFO - Processing /home/airflow/.local/lib/python3.8/site-packages/airflow/example_dags/example_setup_teardown_taskflow.py took 0.092 seconds
[2026-09-10T14:06:18.465+0000] {processor.py:161} INFO - Started process (PID=2766) to work on /home/airflow/.local/lib/python3.8/site-packages/airflow/example_dags/example_setup_teardown_taskflow.py
[2026-09-10T14:06:18.466+0000] {processor.py:830} INFO - Processing file /home/airflow/.local/lib/python3.8/site-packages/airflow/example_dags/example_setup_teardown_taskflow.py for tasks to queue
[2026-09-10T14:06:18.472+0000] {logging_mixin.py:188} INFO - [2026-09-10T14:06:18.471+0000] {dagbag.py:540} INFO - Filling up the DagBag from /home/airflow/.local/lib/python3.8/site-packages/airflow/example_dags/example_setup_teardown_taskflow.py
[2026-09-10T14:06:18.497+0000] {processor.py:840} INFO - DAG(s) 'example_setup_teardown_taskflow' retrieved from /home/airflow/.local/lib/python3.8/site-packages/airflow/example_dags/example_setup_teardown_taskflow.py
[2026-09-10T14:06:18.547+0000] {logging_mixin.py:188} INFO - [2026-09-10T14:06:18.546+0000] {dag.py:3047} INFO - Sync 1 DAGs
[2026-09-10T14:06:18.591+0000] {logging_mixin.py:188} INFO - [2026-09-10T14:06:18.590+0000] {dag.py:3834} INFO - Setting next_dagrun for example_setup_teardown_taskflow to 2026-09-09 00:00:00+00:00, run_after=2026-09-10 00:00:00+00:00
[2026-09-10T14:06:18.624+0000] {processor.py:183} INFO - Processing /home/airflow/.local/lib/python3.8/site-packages/airflow/example_dags/example_setup_teardown_taskflow.py took 0.165 seconds
[2026-09-10T14:06:49.590+0000] {processor.py:161} INFO - Started process (PID=2827) to work on /home/airflow/.local/lib/python3.8/site-packages/airflow/example_dags/example_setup_teardown_taskflow.py
[2026-09-10T14:06:49.593+0000] {processor.py:830} INFO - Processing file /home/airflow/.local/lib/python3.8/site-packages/airflow/example_dags/example_setup_teardown_taskflow.py for tasks to queue
[2026-09-10T14:06:49.595+0000] {logging_mixin.py:188} INFO - [2026-09-10T14:06:49.595+0000] {dagbag.py:540} INFO - Filling up the DagBag from /home/airflow/.local/lib/python3.8/site-packages/airflow/example_dags/example_setup_teardown_taskflow.py
[2026-09-10T14:06:49.606+0000] {processor.py:840} INFO - DAG(s) 'example_setup_teardown_taskflow' retrieved from /home/airflow/.local/lib/python3.8/site-packages/airflow/example_dags/example_setup_teardown_taskflow.py
[2026-09-10T14:06:49.633+0000] {logging_mixin.py:188} INFO - [2026-09-10T14:06:49.633+0000] {dag.py:3047} INFO - Sync 1 DAGs
[2026-09-10T14:06:49.657+0000] {logging_mixin.py:188} INFO - [2026-09-10T14:06:49.657+0000] {dag.py:3834} INFO - Setting next_dagrun for example_setup_teardown_taskflow to 2026-09-09 00:00:00+00:00, run_after=2026-09-10 00:00:00+00:00
[2026-09-10T14:06:49.681+0000] {processor.py:183} INFO - Processing /home/airflow/.local/lib/python3.8/site-packages/airflow/example_dags/example_setup_teardown_taskflow.py took 0.095 seconds
[2026-09-10T14:07:20.457+0000] {processor.py:161} INFO - Started process (PID=2888) to work on /home/airflow/.local/lib/python3.8/site-packages/airflow/example_dags/example_setup_teardown_taskflow.py
[2026-09-10T14:07:20.459+0000] {processor.py:830} INFO - Processing file /home/airflow/.local/lib/python3.8/site-packages/airflow/example_dags/example_setup_teardown_taskflow.py for tasks to queue
[2026-09-10T14:07:20.464+0000] {logging_mixin.py:188} INFO - [2026-09-10T14:07:20.463+0000] {dagbag.py:540} INFO - Filling up the DagBag from /home/airflow/.local/lib/python3.8/site-packages/airflow/example_dags/example_setup_teardown_taskflow.py
[2026-09-10T14:07:20.485+0000] {processor.py:840} INFO - DAG(s) 'example_setup_teardown_taskflow' retrieved from /home/airflow/.local/lib/python3.8/site-packages/airflow/example_dags/example_setup_teardown_taskflow.py
[2026-09-10T14:07:20.524+0000] {logging_mixin.py:188} INFO - [2026-09-10T14:07:20.524+0000] {dag.py:3047} INFO - Sync 1 DAGs
[2026-09-10T14:07:20.559+0000] {logging_mixin.py:188} INFO - [2026-09-10T14:07:20.559+0000] {dag.py:3834} INFO - Setting next_dagrun for example_setup_teardown_taskflow to 2026-09-09 00:00:00+00:00, run_after=2026-09-10 00:00:00+00:00
[2026-09-10T14:07:20.591+0000] {processor.py:183} INFO - Processing /home/airflow/.local/lib/python3.8/site-packages/airflow/example_dags/example_setup_teardown_taskflow.py took 0.145 seconds
[2026-09-10T14:07:50.895+0000] {processor.py:161} INFO - Started process (PID=2949) to work on /home/airflow/.local/lib/python3.8/site-packages/airflow/example_dags/example_setup_teardown_taskflow.py
[2026-09-10T14:07:50.898+0000] {processor.py:830} INFO - Processing file /home/airflow/.local/lib/python3.8/site-packages/airflow/example_dags/example_setup_teardown_taskflow.py for tasks to queue
[2026-09-10T14:07:50.903+0000] {logging_mixin.py:188} INFO - [2026-09-10T14:07:50.902+0000] {dagbag.py:540} INFO - Filling up the DagBag from /home/airflow/.local/lib/python3.8/site-packages/airflow/example_dags/example_setup_teardown_taskflow.py
[2026-09-10T14:07:50.922+0000] {processor.py:840} INFO - DAG(s) 'example_setup_teardown_taskflow' retrieved from /home/airflow/.local/lib/python3.8/site-packages/airflow/example_dags/example_setup_teardown_taskflow.py
[2026-09-10T14:07:50.960+0000] {logging_mixin.py:188} INFO - [2026-09-10T14:07:50.960+0000] {dag.py:3047} INFO - Sync 1 DAGs
[2026-09-10T14:07:51.007+0000] {logging_mixin.py:188} INFO - [2026-09-10T14:07:51.006+0000] {dag.py:3834} INFO - Setting next_dagrun for example_setup_teardown_taskflow to 2026-09-09 00:00:00+00:00, run_after=2026-09-10 00:00:00+00:00
[2026-09-10T14:07:51.036+0000] {processor.py:183} INFO - Processing /home/airflow/.local/lib/python3.8/site-packages/airflow/example_dags/example_setup_teardown_taskflow.py took 0.154 seconds
[2026-09-10T14:08:21.220+0000] {processor.py:161} INFO - Started process (PID=3010) to work on /home/airflow/.local/lib/python3.8/site-packages/airflow/example_dags/example_setup_teardown_taskflow.py
[2026-09-10T14:08:21.222+0000] {processor.py:830} INFO - Processing file /home/airflow/.local/lib/python3.8/site-packages/airflow/example_dags/example_setup_teardown_taskflow.py for tasks to queue
[2026-09-10T14:08:21.226+0000] {logging_mixin.py:188} INFO - [2026-09-10T14:08:21.225+0000] {dagbag.py:540} INFO - Filling up the DagBag from /home/airflow/.local/lib/python3.8/site-packages/airflow/example_dags/example_setup_teardown_taskflow.py
[2026-09-10T14:08:21.240+0000] {processor.py:840} INFO - DAG(s) 'example_setup_teardown_taskflow' retrieved from /home/airflow/.local/lib/python3.8/site-packages/airflow/example_dags/example_setup_teardown_taskflow.py
[2026-09-10T14:08:21.269+0000] {logging_mixin.py:188} INFO - [2026-09-10T14:08:21.269+0000] {dag.py:3047} INFO - Sync 1 DAGs
[2026-09-10T14:08:21.299+0000] {logging_mixin.py:188} INFO - [2026-09-10T14:08:21.299+0000] {dag.py:3834} INFO - Setting next_dagrun for example_setup_teardown_taskflow to 2026-09-09 00:00:00+00:00, run_after=2026-09-10 00:00:00+00:00
[2026-09-10T14:08:21.323+0000] {processor.py:183} INFO - Processing /home/airflow/.local/lib/python3.8/site-packages/airflow/example_dags/example_setup_teardown_taskflow.py took 0.106 seconds
[2026-09-10T14:08:51.571+0000] {processor.py:161} INFO - Started process (PID=3071) to work on /home/airflow/.local/lib/python3.8/site-packages/airflow/example_dags/example_setup_teardown_taskflow.py
[2026-09-10T14:08:51.574+0000] {processor.py:830} INFO - Processing file /home/airflow/.local/lib/python3.8/site-packages/airflow/example_dags/example_setup_teardown_taskflow.py for tasks to queue
[2026-09-10T14:08:51.578+0000] {logging_mixin.py:188} INFO - [2026-09-10T14:08:51.577+0000] {dagbag.py:540} INFO - Filling up the DagBag from /home/airflow/.local/lib/python3.8/site-packages/airflow/example_dags/example_setup_teardown_taskflow.py
[2026-09-10T14:08:51.594+0000] {processor.py:840} INFO - DAG(s) 'example_setup_teardown_taskflow' retrieved from /home/airflow/.local/lib/python3.8/site-packages/airflow/example_dags/example_setup_teardown_taskflow.py
[2026-09-10T14:08:51.628+0000] {logging_mixin.py:188} INFO - [2026-09-10T14:08:51.628+0000] {dag.py:3047} INFO - Sync 1 DAGs
[2026-09-10T14:08:51.659+0000] {logging_mixin.py:188} INFO - [2026-09-10T14:08:51.659+0000] {dag.py:3834} INFO - Setting next_dagrun for example_setup_teardown_taskflow to 2026-09-09 00:00:00+00:00, run_after=2026-09-10 00:00:00+00:00
[2026-09-10T14:08:51.704+0000] {processor.py:183} INFO - Processing /home/airflow/.local/lib/python3.8/site-packages/airflow/example_dags/example_setup_teardown_taskflow.py took 0.142 seconds
[2026-09-10T14:09:21.782+0000] {processor.py:161} INFO - Started process (PID=3132) to work on /home/airflow/.local/lib/python3.8/site-packages/airflow/example_dags/example_setup_teardown_taskflow.py
[2026-09-10T14:09:21.785+0000] {processor.py:830} INFO - Processing file /home/airflow/.local/lib/python3.8/site-packages/airflow/example_dags/example_setup_teardown_taskflow.py for tasks to queue
[2026-09-10T14:09:21.789+0000] {logging_mixin.py:188} INFO - [2026-09-10T14:09:21.789+0000] {dagbag.py:540} INFO - Filling up the DagBag from /home/airflow/.local/lib/python3.8/site-packages/airflow/example_dags/example_setup_teardown_taskflow.py
[2026-09-10T14:09:21.810+0000] {processor.py:840} INFO - DAG(s) 'example_setup_teardown_taskflow' retrieved from /home/airflow/.local/lib/python3.8/site-packages/airflow/example_dags/example_setup_teardown_taskflow.py
[2026-09-10T14:09:21.846+0000] {logging_mixin.py:188} INFO - [2026-09-10T14:09:21.845+0000] {dag.py:3047} INFO - Sync 1 DAGs
[2026-09-10T14:09:21.883+0000] {logging_mixin.py:188} INFO - [2026-09-10T14:09:21.882+0000] {dag.py:3834} INFO - Setting next_dagrun for example_setup_teardown_taskflow to 2026-09-09 00:00:00+00:00, run_after=2026-09-10 00:00:00+00:00
[2026-09-10T14:09:21.921+0000] {processor.py:183} INFO - Processing /home/airflow/.local/lib/python3.8/site-packages/airflow/example_dags/example_setup_teardown_taskflow.py took 0.149 seconds
[2026-09-10T14:09:52.917+0000] {processor.py:161} INFO - Started process (PID=3193) to work on /home/airflow/.local/lib/python3.8/site-packages/airflow/example_dags/example_setup_teardown_taskflow.py
[2026-09-10T14:09:52.919+0000] {processor.py:830} INFO - Processing file /home/airflow/.local/lib/python3.8/site-packages/airflow/example_dags/example_setup_teardown_taskflow.py for tasks to queue
[2026-09-10T14:09:52.924+0000] {logging_mixin.py:188} INFO - [2026-09-10T14:09:52.923+0000] {dagbag.py:540} INFO - Filling up the DagBag from /home/airflow/.local/lib/python3.8/site-packages/airflow/example_dags/example_setup_teardown_taskflow.py
[2026-09-10T14:09:52.938+0000] {processor.py:840} INFO - DAG(s) 'example_setup_teardown_taskflow' retrieved from /home/airflow/.local/lib/python3.8/site-packages/airflow/example_dags/example_setup_teardown_taskflow.py
[2026-09-10T14:09:52.966+0000] {logging_mixin.py:188} INFO - [2026-09-10T14:09:52.965+0000] {dag.py:3047} INFO - Sync 1 DAGs
[2026-09-10T14:09:52.993+0000] {logging_mixin.py:188} INFO - [2026-09-10T14:09:52.992+0000] {dag.py:3834} INFO - Setting next_dagrun for example_setup_teardown_taskflow to 2026-09-09 00:00:00+00:00, run_after=2026-09-10 00:00:00+00:00
[2026-09-10T14:09:53.029+0000] {processor.py:183} INFO - Processing /home/airflow/.local/lib/python3.8/site-packages/airflow/example_dags/example_setup_teardown_taskflow.py took 0.116 seconds
[2026-09-10T14:10:23.219+0000] {processor.py:161} INFO - Started process (PID=3258) to work on /home/airflow/.local/lib/python3.8/site-packages/airflow/example_dags/example_setup_teardown_taskflow.py
[2026-09-10T14:10:23.221+0000] {processor.py:830} INFO - Processing file /home/airflow/.local/lib/python3.8/site-packages/airflow/example_dags/example_setup_teardown_taskflow.py for tasks to queue
[2026-09-10T14:10:23.225+0000] {logging_mixin.py:188} INFO - [2026-09-10T14:10:23.224+0000] {dagbag.py:540} INFO - Filling up the DagBag from /home/airflow/.local/lib/python3.8/site-packages/airflow/example_dags/example_setup_teardown_taskflow.py
[2026-09-10T14:10:23.239+0000] {processor.py:840} INFO - DAG(s) 'example_setup_teardown_taskflow' retrieved from /home/airflow/.local/lib/python3.8/site-packages/airflow/example_dags/example_setup_teardown_taskflow.py
[2026-09-10T14:10:23.269+0000] {logging_mixin.py:188} INFO - [2026-09-10T14:10:23.269+0000] {dag.py:3047} INFO - Sync 1 DAGs
[2026-09-10T14:10:23.297+0000] {logging_mixin.py:188} INFO - [2026-09-10T14:10:23.296+0000] {dag.py:3834} INFO - Setting next_dagrun for example_setup_teardown_taskflow to 2026-09-09 00:00:00+00:00, run_after=2026-09-10 00:00:00+00:00
[2026-09-10T14:10:23.321+0000] {processor.py:183} INFO - Processing /home/airflow/.local/lib/python3.8/site-packages/airflow/example_dags/example_setup_teardown_taskflow.py took 0.108 seconds
[2026-09-10T14:10:54.238+0000] {processor.py:161} INFO - Started process (PID=3321) to work on /home/airflow/.local/lib/python3.8/site-packages/airflow/example_dags/example_setup_teardown_taskflow.py
[2026-09-10T14:10:54.240+0000] {processor.py:830} INFO - Processing file /home/airflow/.local/lib/python3.8/site-packages/airflow/example_dags/example_setup_teardown_taskflow.py for tasks to queue
[2026-09-10T14:10:54.244+0000] {logging_mixin.py:188} INFO - [2026-09-10T14:10:54.243+0000] {dagbag.py:540} INFO - Filling up the DagBag from /home/airflow/.local/lib/python3.8/site-packages/airflow/example_dags/example_setup_teardown_taskflow.py
[2026-09-10T14:10:54.257+0000] {processor.py:840} INFO - DAG(s) 'example_setup_teardown_taskflow' retrieved from /home/airflow/.local/lib/python3.8/site-packages/airflow/example_dags/example_setup_teardown_taskflow.py
[2026-09-10T14:10:54.290+0000] {logging_mixin.py:188} INFO - [2026-09-10T14:10:54.290+0000] {dag.py:3047} INFO - Sync 1 DAGs
[2026-09-10T14:10:54.319+0000] {logging_mixin.py:188} INFO - [2026-09-10T14:10:54.319+0000] {dag.py:3834} INFO - Setting next_dagrun for example_setup_teardown_taskflow to 2026-09-09 00:00:00+00:00, run_after=2026-09-10 00:00:00+00:00
[2026-09-10T14:10:54.347+0000] {processor.py:183} INFO - Processing /home/airflow/.local/lib/python3.8/site-packages/airflow/example_dags/example_setup_teardown_taskflow.py took 0.114 seconds
[2026-09-10T14:11:25.006+0000] {processor.py:161} INFO - Started process (PID=3382) to work on /home/airflow/.local/lib/python3.8/site-packages/airflow/example_dags/example_setup_teardown_taskflow.py
[2026-09-10T14:11:25.009+0000] {processor.py:830} INFO - Processing file /home/airflow/.local/lib/python3.8/site-packages/airflow/example_dags/example_setup_teardown_taskflow.py for tasks to queue
[2026-09-10T14:11:25.014+0000] {logging_mixin.py:188} INFO - [2026-09-10T14:11:25.012+0000] {dagbag.py:540} INFO - Filling up the DagBag from /home/airflow/.local/lib/python3.8/site-packages/airflow/example_dags/example_setup_teardown_taskflow.py
[2026-09-10T14:11:25.034+0000] {processor.py:840} INFO - DAG(s) 'example_setup_teardown_taskflow' retrieved from /home/airflow/.local/lib/python3.8/site-packages/airflow/example_dags/example_setup_teardown_taskflow.py
[2026-09-10T14:11:25.068+0000] {logging_mixin.py:188} INFO - [2026-09-10T14:11:25.068+0000] {dag.py:3047} INFO - Sync 1 DAGs
[2026-09-10T14:11:25.126+0000] {logging_mixin.py:188} INFO - [2026-09-10T14:11:25.126+0000] {dag.py:3834} INFO - Setting next_dagrun for example_setup_teardown_taskflow to 2026-09-09 00:00:00+00:00, run_after=2026-09-10 00:00:00+00:00
[2026-09-10T14:11:25.210+0000] {processor.py:183} INFO - Processing /home/airflow/.local/lib/python3.8/site-packages/airflow/example_dags/example_setup_teardown_taskflow.py took 0.210 seconds
[2026-09-10T14:11:55.297+0000] {processor.py:161} INFO - Started process (PID=3443) to work on /home/airflow/.local/lib/python3.8/site-packages/airflow/example_dags/example_setup_teardown_taskflow.py
[2026-09-10T14:11:55.299+0000] {processor.py:830} INFO - Processing file /home/airflow/.local/lib/python3.8/site-packages/airflow/example_dags/example_setup_teardown_taskflow.py for tasks to queue
[2026-09-10T14:11:55.304+0000] {logging_mixin.py:188} INFO - [2026-09-10T14:11:55.303+0000] {dagbag.py:540} INFO - Filling up the DagBag from /home/airflow/.local/lib/python3.8/site-packages/airflow/example_dags/example_setup_teardown_taskflow.py
[2026-09-10T14:11:55.322+0000] {processor.py:840} INFO - DAG(s) 'example_setup_teardown_taskflow' retrieved from /home/airflow/.local/lib/python3.8/site-packages/airflow/example_dags/example_setup_teardown_taskflow.py
[2026-09-10T14:11:55.364+0000] {logging_mixin.py:188} INFO - [2026-09-10T14:11:55.364+0000] {dag.py:3047} INFO - Sync 1 DAGs
[2026-09-10T14:11:55.425+0000] {logging_mixin.py:188} INFO - [2026-09-10T14:11:55.425+0000] {dag.py:3834} INFO - Setting next_dagrun for example_setup_teardown_taskflow to 2026-09-09 00:00:00+00:00, run_after=2026-09-10 00:00:00+00:00
[2026-09-10T14:11:55.474+0000] {processor.py:183} INFO - Processing /home/airflow/.local/lib/python3.8/site-packages/airflow/example_dags/example_setup_teardown_taskflow.py took 0.185 seconds
[2026-09-10T14:12:18.048+0000] {processor.py:161} INFO - Started process (PID=109) to work on /home/airflow/.local/lib/python3.8/site-packages/airflow/example_dags/example_setup_teardown_taskflow.py
[2026-09-10T14:12:18.050+0000] {processor.py:830} INFO - Processing file /home/airflow/.local/lib/python3.8/site-packages/airflow/example_dags/example_setup_teardown_taskflow.py for tasks to queue
[2026-09-10T14:12:18.054+0000] {logging_mixin.py:188} INFO - [2026-09-10T14:12:18.053+0000] {dagbag.py:540} INFO - Filling up the DagBag from /home/airflow/.local/lib/python3.8/site-packages/airflow/example_dags/example_setup_teardown_taskflow.py
[2026-09-10T14:12:18.069+0000] {processor.py:840} INFO - DAG(s) 'example_setup_teardown_taskflow' retrieved from /home/airflow/.local/lib/python3.8/site-packages/airflow/example_dags/example_setup_teardown_taskflow.py
[2026-09-10T14:12:18.099+0000] {logging_mixin.py:188} INFO - [2026-09-10T14:12:18.098+0000] {dag.py:3047} INFO - Sync 1 DAGs
[2026-09-10T14:12:18.136+0000] {logging_mixin.py:188} INFO - [2026-09-10T14:12:18.136+0000] {dag.py:3834} INFO - Setting next_dagrun for example_setup_teardown_taskflow to 2026-09-09 00:00:00+00:00, run_after=2026-09-10 00:00:00+00:00
[2026-09-10T14:12:18.166+0000] {processor.py:183} INFO - Processing /home/airflow/.local/lib/python3.8/site-packages/airflow/example_dags/example_setup_teardown_taskflow.py took 0.127 seconds
[2026-09-10T14:12:48.313+0000] {processor.py:161} INFO - Started process (PID=170) to work on /home/airflow/.local/lib/python3.8/site-packages/airflow/example_dags/example_setup_teardown_taskflow.py
[2026-09-10T14:12:48.316+0000] {processor.py:830} INFO - Processing file /home/airflow/.local/lib/python3.8/site-packages/airflow/example_dags/example_setup_teardown_taskflow.py for tasks to queue
[2026-09-10T14:12:48.320+0000] {logging_mixin.py:188} INFO - [2026-09-10T14:12:48.320+0000] {dagbag.py:540} INFO - Filling up the DagBag from /home/airflow/.local/lib/python3.8/site-packages/airflow/example_dags/example_setup_teardown_taskflow.py
[2026-09-10T14:12:48.337+0000] {processor.py:840} INFO - DAG(s) 'example_setup_teardown_taskflow' retrieved from /home/airflow/.local/lib/python3.8/site-packages/airflow/example_dags/example_setup_teardown_taskflow.py
[2026-09-10T14:12:48.372+0000] {logging_mixin.py:188} INFO - [2026-09-10T14:12:48.372+0000] {dag.py:3047} INFO - Sync 1 DAGs
[2026-09-10T14:12:48.404+0000] {logging_mixin.py:188} INFO - [2026-09-10T14:12:48.404+0000] {dag.py:3834} INFO - Setting next_dagrun for example_setup_teardown_taskflow to 2026-09-09 00:00:00+00:00, run_after=2026-09-10 00:00:00+00:00
[2026-09-10T14:12:48.425+0000] {processor.py:183} INFO - Processing /home/airflow/.local/lib/python3.8/site-packages/airflow/example_dags/example_setup_teardown_taskflow.py took 0.118 seconds
[2026-09-10T14:13:19.217+0000] {processor.py:161} INFO - Started process (PID=239) to work on /home/airflow/.local/lib/python3.8/site-packages/airflow/example_dags/example_setup_teardown_taskflow.py
[2026-09-10T14:13:19.219+0000] {processor.py:830} INFO - Processing file /home/airflow/.local/lib/python3.8/site-packages/airflow/example_dags/example_setup_teardown_taskflow.py for tasks to queue
[2026-09-10T14:13:19.222+0000] {logging_mixin.py:188} INFO - [2026-09-10T14:13:19.221+0000] {dagbag.py:540} INFO - Filling up the DagBag from /home/airflow/.local/lib/python3.8/site-packages/airflow/example_dags/example_setup_teardown_taskflow.py
[2026-09-10T14:13:19.237+0000] {processor.py:840} INFO - DAG(s) 'example_setup_teardown_taskflow' retrieved from /home/airflow/.local/lib/python3.8/site-packages/airflow/example_dags/example_setup_teardown_taskflow.py
[2026-09-10T14:13:19.270+0000] {logging_mixin.py:188} INFO - [2026-09-10T14:13:19.270+0000] {dag.py:3047} INFO - Sync 1 DAGs
[2026-09-10T14:13:19.303+0000] {logging_mixin.py:188} INFO - [2026-09-10T14:13:19.303+0000] {dag.py:3834} INFO - Setting next_dagrun for example_setup_teardown_taskflow to 2026-09-09 00:00:00+00:00, run_after=2026-09-10 00:00:00+00:00
[2026-09-10T14:13:19.328+0000] {processor.py:183} INFO - Processing /home/airflow/.local/lib/python3.8/site-packages/airflow/example_dags/example_setup_teardown_taskflow.py took 0.117 seconds
[2026-09-10T14:13:50.108+0000] {processor.py:161} INFO - Started process (PID=304) to work on /home/airflow/.local/lib/python3.8/site-packages/airflow/example_dags/example_setup_teardown_taskflow.py
[2026-09-10T14:13:50.110+0000] {processor.py:830} INFO - Processing file /home/airflow/.local/lib/python3.8/site-packages/airflow/example_dags/example_setup_teardown_taskflow.py for tasks to queue
[2026-09-10T14:13:50.113+0000] {logging_mixin.py:188} INFO - [2026-09-10T14:13:50.112+0000] {dagbag.py:540} INFO - Filling up the DagBag from /home/airflow/.local/lib/python3.8/site-packages/airflow/example_dags/example_setup_teardown_taskflow.py
[2026-09-10T14:13:50.126+0000] {processor.py:840} INFO - DAG(s) 'example_setup_teardown_taskflow' retrieved from /home/airflow/.local/lib/python3.8/site-packages/airflow/example_dags/example_setup_teardown_taskflow.py
[2026-09-10T14:13:50.154+0000] {logging_mixin.py:188} INFO - [2026-09-10T14:13:50.154+0000] {dag.py:3047} INFO - Sync 1 DAGs
[2026-09-10T14:13:50.181+0000] {logging_mixin.py:188} INFO - [2026-09-10T14:13:50.181+0000] {dag.py:3834} INFO - Setting next_dagrun for example_setup_teardown_taskflow to 2026-09-09 00:00:00+00:00, run_after=2026-09-10 00:00:00+00:00
[2026-09-10T14:13:50.208+0000] {processor.py:183} INFO - Processing /home/airflow/.local/lib/python3.8/site-packages/airflow/example_dags/example_setup_teardown_taskflow.py took 0.105 seconds
[2026-09-10T14:14:20.481+0000] {processor.py:161} INFO - Started process (PID=365) to work on /home/airflow/.local/lib/python3.8/site-packages/airflow/example_dags/example_setup_teardown_taskflow.py
[2026-09-10T14:14:20.483+0000] {processor.py:830} INFO - Processing file /home/airflow/.local/lib/python3.8/site-packages/airflow/example_dags/example_setup_teardown_taskflow.py for tasks to queue
[2026-09-10T14:14:20.486+0000] {logging_mixin.py:188} INFO - [2026-09-10T14:14:20.486+0000] {dagbag.py:540} INFO - Filling up the DagBag from /home/airflow/.local/lib/python3.8/site-packages/airflow/example_dags/example_setup_teardown_taskflow.py
[2026-09-10T14:14:20.506+0000] {processor.py:840} INFO - DAG(s) 'example_setup_teardown_taskflow' retrieved from /home/airflow/.local/lib/python3.8/site-packages/airflow/example_dags/example_setup_teardown_taskflow.py
[2026-09-10T14:14:20.538+0000] {logging_mixin.py:188} INFO - [2026-09-10T14:14:20.537+0000] {dag.py:3047} INFO - Sync 1 DAGs
[2026-09-10T14:14:20.564+0000] {logging_mixin.py:188} INFO - [2026-09-10T14:14:20.563+0000] {dag.py:3834} INFO - Setting next_dagrun for example_setup_teardown_taskflow to 2026-09-09 00:00:00+00:00, run_after=2026-09-10 00:00:00+00:00
[2026-09-10T14:14:20.587+0000] {processor.py:183} INFO - Processing /home/airflow/.local/lib/python3.8/site-packages/airflow/example_dags/example_setup_teardown_taskflow.py took 0.111 seconds
[2026-09-10T14:14:50.761+0000] {processor.py:161} INFO - Started process (PID=426) to work on /home/airflow/.local/lib/python3.8/site-packages/airflow/example_dags/example_setup_teardown_taskflow.py
[2026-09-10T14:14:50.763+0000] {processor.py:830} INFO - Processing file /home/airflow/.local/lib/python3.8/site-packages/airflow/example_dags/example_setup_teardown_taskflow.py for tasks to queue
[2026-09-10T14:14:50.767+0000] {logging_mixin.py:188} INFO - [2026-09-10T14:14:50.766+0000] {dagbag.py:540} INFO - Filling up the DagBag from /home/airflow/.local/lib/python3.8/site-packages/airflow/example_dags/example_setup_teardown_taskflow.py
[2026-09-10T14:14:50.778+0000] {processor.py:840} INFO - DAG(s) 'example_setup_teardown_taskflow' retrieved from /home/airflow/.local/lib/python3.8/site-packages/airflow/example_dags/example_setup_teardown_taskflow.py
[2026-09-10T14:14:50.807+0000] {logging_mixin.py:188} INFO - [2026-09-10T14:14:50.807+0000] {dag.py:3047} INFO - Sync 1 DAGs
[2026-09-10T14:14:50.834+0000] {logging_mixin.py:188} INFO - [2026-09-10T14:14:50.834+0000] {dag.py:3834} INFO - Setting next_dagrun for example_setup_teardown_taskflow to 2026-09-09 00:00:00+00:00, run_after=2026-09-10 00:00:00+00:00
[2026-09-10T14:14:50.856+0000] {processor.py:183} INFO - Processing /home/airflow/.local/lib/python3.8/site-packages/airflow/example_dags/example_setup_teardown_taskflow.py took 0.099 seconds
[2026-09-10T14:15:21.597+0000] {processor.py:161} INFO - Started process (PID=487) to work on /home/airflow/.local/lib/python3.8/site-packages/airflow/example_dags/example_setup_teardown_taskflow.py
[2026-09-10T14:15:21.599+0000] {processor.py:830} INFO - Processing file /home/airflow/.local/lib/python3.8/site-packages/airflow/example_dags/example_setup_teardown_taskflow.py for tasks to queue
[2026-09-10T14:15:21.602+0000] {logging_mixin.py:188} INFO - [2026-09-10T14:15:21.602+0000] {dagbag.py:540} INFO - Filling up the DagBag from /home/airflow/.local/lib/python3.8/site-packages/airflow/example_dags/example_setup_teardown_taskflow.py
[2026-09-10T14:15:21.617+0000] {processor.py:840} INFO - DAG(s) 'example_setup_teardown_taskflow' retrieved from /home/airflow/.local/lib/python3.8/site-packages/airflow/example_dags/example_setup_teardown_taskflow.py
[2026-09-10T14:15:21.648+0000] {logging_mixin.py:188} INFO - [2026-09-10T14:15:21.647+0000] {dag.py:3047} INFO - Sync 1 DAGs
[2026-09-10T14:15:21.682+0000] {logging_mixin.py:188} INFO - [2026-09-10T14:15:21.681+0000] {dag.py:3834} INFO - Setting next_dagrun for example_setup_teardown_taskflow to 2026-09-09 00:00:00+00:00, run_after=2026-09-10 00:00:00+00:00
[2026-09-10T14:15:21.714+0000] {processor.py:183} INFO - Processing /home/airflow/.local/lib/python3.8/site-packages/airflow/example_dags/example_setup_teardown_taskflow.py took 0.122 seconds
[2026-09-10T14:15:52.975+0000] {processor.py:161} INFO - Started process (PID=548) to work on /home/airflow/.local/lib/python3.8/site-packages/airflow/example_dags/example_setup_teardown_taskflow.py
[2026-09-10T14:15:52.977+0000] {processor.py:830} INFO - Processing file /home/airflow/.local/lib/python3.8/site-packages/airflow/example_dags/example_setup_teardown_taskflow.py for tasks to queue
[2026-09-10T14:15:52.982+0000] {logging_mixin.py:188} INFO - [2026-09-10T14:15:52.980+0000] {dagbag.py:540} INFO - Filling up the DagBag from /home/airflow/.local/lib/python3.8/site-packages/airflow/example_dags/example_setup_teardown_taskflow.py
[2026-09-10T14:15:53.001+0000] {processor.py:840} INFO - DAG(s) 'example_setup_teardown_taskflow' retrieved from /home/airflow/.local/lib/python3.8/site-packages/airflow/example_dags/example_setup_teardown_taskflow.py
[2026-09-10T14:15:53.036+0000] {logging_mixin.py:188} INFO - [2026-09-10T14:15:53.036+0000] {dag.py:3047} INFO - Sync 1 DAGs
[2026-09-10T14:15:53.061+0000] {logging_mixin.py:188} INFO - [2026-09-10T14:15:53.061+0000] {dag.py:3834} INFO - Setting next_dagrun for example_setup_teardown_taskflow to 2026-09-09 00:00:00+00:00, run_after=2026-09-10 00:00:00+00:00
[2026-09-10T14:15:53.081+0000] {processor.py:183} INFO - Processing /home/airflow/.local/lib/python3.8/site-packages/airflow/example_dags/example_setup_teardown_taskflow.py took 0.112 seconds
[2026-09-10T14:16:23.810+0000] {processor.py:161} INFO - Started process (PID=609) to work on /home/airflow/.local/lib/python3.8/site-packages/airflow/example_dags/example_setup_teardown_taskflow.py
[2026-09-10T14:16:23.812+0000] {processor.py:830} INFO - Processing file /home/airflow/.local/lib/python3.8/site-packages/airflow/example_dags/example_setup_teardown_taskflow.py for tasks to queue
[2026-09-10T14:16:23.814+0000] {logging_mixin.py:188} INFO - [2026-09-10T14:16:23.814+0000] {dagbag.py:540} INFO - Filling up the DagBag from /home/airflow/.local/lib/python3.8/site-packages/airflow/example_dags/example_setup_teardown_taskflow.py
[2026-09-10T14:16:23.825+0000] {processor.py:840} INFO - DAG(s) 'example_setup_teardown_taskflow' retrieved from /home/airflow/.local/lib/python3.8/site-packages/airflow/example_dags/example_setup_teardown_taskflow.py
[2026-09-10T14:16:23.855+0000] {logging_mixin.py:188} INFO - [2026-09-10T14:16:23.854+0000] {dag.py:3047} INFO - Sync 1 DAGs
[2026-09-10T14:16:23.885+0000] {logging_mixin.py:188} INFO - [2026-09-10T14:16:23.885+0000] {dag.py:3834} INFO - Setting next_dagrun for example_setup_teardown_taskflow to 2026-09-09 00:00:00+00:00, run_after=2026-09-10 00:00:00+00:00
[2026-09-10T14:16:23.911+0000] {processor.py:183} INFO - Processing /home/airflow/.local/lib/python3.8/site-packages/airflow/example_dags/example_setup_teardown_taskflow.py took 0.104 seconds
[2026-09-10T14:16:54.691+0000] {processor.py:161} INFO - Started process (PID=670) to work on /home/airflow/.local/lib/python3.8/site-packages/airflow/example_dags/example_setup_teardown_taskflow.py
[2026-09-10T14:16:54.693+0000] {processor.py:830} INFO - Processing file /home/airflow/.local/lib/python3.8/site-packages/airflow/example_dags/example_setup_teardown_taskflow.py for tasks to queue
[2026-09-10T14:16:54.697+0000] {logging_mixin.py:188} INFO - [2026-09-10T14:16:54.696+0000] {dagbag.py:540} INFO - Filling up the DagBag from /home/airflow/.local/lib/python3.8/site-packages/airflow/example_dags/example_setup_teardown_taskflow.py
[2026-09-10T14:16:54.716+0000] {processor.py:840} INFO - DAG(s) 'example_setup_teardown_taskflow' retrieved from /home/airflow/.local/lib/python3.8/site-packages/airflow/example_dags/example_setup_teardown_taskflow.py
[2026-09-10T14:16:54.749+0000] {logging_mixin.py:188} INFO - [2026-09-10T14:16:54.748+0000] {dag.py:3047} INFO - Sync 1 DAGs
[2026-09-10T14:16:54.778+0000] {logging_mixin.py:188} INFO - [2026-09-10T14:16:54.777+0000] {dag.py:3834} INFO - Setting next_dagrun for example_setup_teardown_taskflow to 2026-09-09 00:00:00+00:00, run_after=2026-09-10 00:00:00+00:00
[2026-09-10T14:16:54.803+0000] {processor.py:183} INFO - Processing /home/airflow/.local/lib/python3.8/site-packages/airflow/example_dags/example_setup_teardown_taskflow.py took 0.117 seconds
[2026-09-10T14:17:24.997+0000] {processor.py:161} INFO - Started process (PID=731) to work on /home/airflow/.local/lib/python3.8/site-packages/airflow/example_dags/example_setup_teardown_taskflow.py
[2026-09-10T14:17:24.999+0000] {processor.py:830} INFO - Processing file /home/airflow/.local/lib/python3.8/site-packages/airflow/example_dags/example_setup_teardown_taskflow.py for tasks to queue
[2026-09-10T14:17:25.003+0000] {logging_mixin.py:188} INFO - [2026-09-10T14:17:25.002+0000] {dagbag.py:540} INFO - Filling up the DagBag from /home/airflow/.local/lib/python3.8/site-packages/airflow/example_dags/example_setup_teardown_taskflow.py
[2026-09-10T14:17:25.016+0000] {processor.py:840} INFO - DAG(s) 'example_setup_teardown_taskflow' retrieved from /home/airflow/.local/lib/python3.8/site-packages/airflow/example_dags/example_setup_teardown_taskflow.py
[2026-09-10T14:17:25.051+0000] {logging_mixin.py:188} INFO - [2026-09-10T14:17:25.051+0000] {dag.py:3047} INFO - Sync 1 DAGs
[2026-09-10T14:17:25.077+0000] {logging_mixin.py:188} INFO - [2026-09-10T14:17:25.077+0000] {dag.py:3834} INFO - Setting next_dagrun for example_setup_teardown_taskflow to 2026-09-09 00:00:00+00:00, run_after=2026-09-10 00:00:00+00:00
[2026-09-10T14:17:25.099+0000] {processor.py:183} INFO - Processing /home/airflow/.local/lib/python3.8/site-packages/airflow/example_dags/example_setup_teardown_taskflow.py took 0.106 seconds
[2026-09-10T14:17:57.179+0000] {processor.py:161} INFO - Started process (PID=792) to work on /home/airflow/.local/lib/python3.8/site-packages/airflow/example_dags/example_setup_teardown_taskflow.py
[2026-09-10T14:17:57.181+0000] {processor.py:830} INFO - Processing file /home/airflow/.local/lib/python3.8/site-packages/airflow/example_dags/example_setup_teardown_taskflow.py for tasks to queue
[2026-09-10T14:17:57.184+0000] {logging_mixin.py:188} INFO - [2026-09-10T14:17:57.184+0000] {dagbag.py:540} INFO - Filling up the DagBag from /home/airflow/.local/lib/python3.8/site-packages/airflow/example_dags/example_setup_teardown_taskflow.py
[2026-09-10T14:17:57.202+0000] {processor.py:840} INFO - DAG(s) 'example_setup_teardown_taskflow' retrieved from /home/airflow/.local/lib/python3.8/site-packages/airflow/example_dags/example_setup_teardown_taskflow.py
[2026-09-10T14:17:57.252+0000] {logging_mixin.py:188} INFO - [2026-09-10T14:17:57.252+0000] {dag.py:3047} INFO - Sync 1 DAGs
[2026-09-10T14:17:57.303+0000] {logging_mixin.py:188} INFO - [2026-09-10T14:17:57.303+0000] {dag.py:3834} INFO - Setting next_dagrun for example_setup_teardown_taskflow to 2026-09-09 00:00:00+00:00, run_after=2026-09-10 00:00:00+00:00
[2026-09-10T14:17:57.383+0000] {processor.py:183} INFO - Processing /home/airflow/.local/lib/python3.8/site-packages/airflow/example_dags/example_setup_teardown_taskflow.py took 0.211 seconds
[2026-09-10T14:18:27.909+0000] {processor.py:161} INFO - Started process (PID=853) to work on /home/airflow/.local/lib/python3.8/site-packages/airflow/example_dags/example_setup_teardown_taskflow.py
[2026-09-10T14:18:27.911+0000] {processor.py:830} INFO - Processing file /home/airflow/.local/lib/python3.8/site-packages/airflow/example_dags/example_setup_teardown_taskflow.py for tasks to queue
[2026-09-10T14:18:27.915+0000] {logging_mixin.py:188} INFO - [2026-09-10T14:18:27.914+0000] {dagbag.py:540} INFO - Filling up the DagBag from /home/airflow/.local/lib/python3.8/site-packages/airflow/example_dags/example_setup_teardown_taskflow.py
[2026-09-10T14:18:27.930+0000] {processor.py:840} INFO - DAG(s) 'example_setup_teardown_taskflow' retrieved from /home/airflow/.local/lib/python3.8/site-packages/airflow/example_dags/example_setup_teardown_taskflow.py
[2026-09-10T14:18:27.974+0000] {logging_mixin.py:188} INFO - [2026-09-10T14:18:27.972+0000] {dag.py:3047} INFO - Sync 1 DAGs
[2026-09-10T14:18:28.018+0000] {logging_mixin.py:188} INFO - [2026-09-10T14:18:28.017+0000] {dag.py:3834} INFO - Setting next_dagrun for example_setup_teardown_taskflow to 2026-09-09 00:00:00+00:00, run_after=2026-09-10 00:00:00+00:00
[2026-09-10T14:18:28.057+0000] {processor.py:183} INFO - Processing /home/airflow/.local/lib/python3.8/site-packages/airflow/example_dags/example_setup_teardown_taskflow.py took 0.155 seconds
[2026-09-10T14:18:59.470+0000] {processor.py:161} INFO - Started process (PID=914) to work on /home/airflow/.local/lib/python3.8/site-packages/airflow/example_dags/example_setup_teardown_taskflow.py
[2026-09-10T14:18:59.471+0000] {processor.py:830} INFO - Processing file /home/airflow/.local/lib/python3.8/site-packages/airflow/example_dags/example_setup_teardown_taskflow.py for tasks to queue
[2026-09-10T14:18:59.474+0000] {logging_mixin.py:188} INFO - [2026-09-10T14:18:59.473+0000] {dagbag.py:540} INFO - Filling up the DagBag from /home/airflow/.local/lib/python3.8/site-packages/airflow/example_dags/example_setup_teardown_taskflow.py
[2026-09-10T14:18:59.486+0000] {processor.py:840} INFO - DAG(s) 'example_setup_teardown_taskflow' retrieved from /home/airflow/.local/lib/python3.8/site-packages/airflow/example_dags/example_setup_teardown_taskflow.py
[2026-09-10T14:18:59.518+0000] {logging_mixin.py:188} INFO - [2026-09-10T14:18:59.518+0000] {dag.py:3047} INFO - Sync 1 DAGs
[2026-09-10T14:18:59.546+0000] {logging_mixin.py:188} INFO - [2026-09-10T14:18:59.545+0000] {dag.py:3834} INFO - Setting next_dagrun for example_setup_teardown_taskflow to 2026-09-09 00:00:00+00:00, run_after=2026-09-10 00:00:00+00:00
[2026-09-10T14:18:59.573+0000] {processor.py:183} INFO - Processing /home/airflow/.local/lib/python3.8/site-packages/airflow/example_dags/example_setup_teardown_taskflow.py took 0.108 seconds
[2026-09-10T14:19:31.496+0000] {processor.py:161} INFO - Started process (PID=979) to work on /home/airflow/.local/lib/python3.8/site-packages/airflow/example_dags/example_setup_teardown_taskflow.py
[2026-09-10T14:19:31.502+0000] {processor.py:830} INFO - Processing file /home/airflow/.local/lib/python3.8/site-packages/airflow/example_dags/example_setup_teardown_taskflow.py for tasks to queue
[2026-09-10T14:19:31.507+0000] {logging_mixin.py:188} INFO - [2026-09-10T14:19:31.507+0000] {dagbag.py:540} INFO - Filling up the DagBag from /home/airflow/.local/lib/python3.8/site-packages/airflow/example_dags/example_setup_teardown_taskflow.py
[2026-09-10T14:19:31.538+0000] {processor.py:840} INFO - DAG(s) 'example_setup_teardown_taskflow' retrieved from /home/airflow/.local/lib/python3.8/site-packages/airflow/example_dags/example_setup_teardown_taskflow.py
[2026-09-10T14:19:31.597+0000] {logging_mixin.py:188} INFO - [2026-09-10T14:19:31.597+0000] {dag.py:3047} INFO - Sync 1 DAGs
[2026-09-10T14:19:31.663+0000] {logging_mixin.py:188} INFO - [2026-09-10T14:19:31.663+0000] {dag.py:3834} INFO - Setting next_dagrun for example_setup_teardown_taskflow to 2026-09-09 00:00:00+00:00, run_after=2026-09-10 00:00:00+00:00
[2026-09-10T14:19:31.720+0000] {processor.py:183} INFO - Processing /home/airflow/.local/lib/python3.8/site-packages/airflow/example_dags/example_setup_teardown_taskflow.py took 0.238 seconds
[2026-09-10T14:20:01.913+0000] {processor.py:161} INFO - Started process (PID=1040) to work on /home/airflow/.local/lib/python3.8/site-packages/airflow/example_dags/example_setup_teardown_taskflow.py
[2026-09-10T14:20:01.915+0000] {processor.py:830} INFO - Processing file /home/airflow/.local/lib/python3.8/site-packages/airflow/example_dags/example_setup_teardown_taskflow.py for tasks to queue
[2026-09-10T14:20:01.918+0000] {logging_mixin.py:188} INFO - [2026-09-10T14:20:01.918+0000] {dagbag.py:540} INFO - Filling up the DagBag from /home/airflow/.local/lib/python3.8/site-packages/airflow/example_dags/example_setup_teardown_taskflow.py
[2026-09-10T14:20:01.933+0000] {processor.py:840} INFO - DAG(s) 'example_setup_teardown_taskflow' retrieved from /home/airflow/.local/lib/python3.8/site-packages/airflow/example_dags/example_setup_teardown_taskflow.py
[2026-09-10T14:20:01.962+0000] {logging_mixin.py:188} INFO - [2026-09-10T14:20:01.962+0000] {dag.py:3047} INFO - Sync 1 DAGs
[2026-09-10T14:20:01.999+0000] {logging_mixin.py:188} INFO - [2026-09-10T14:20:01.999+0000] {dag.py:3834} INFO - Setting next_dagrun for example_setup_teardown_taskflow to 2026-09-09 00:00:00+00:00, run_after=2026-09-10 00:00:00+00:00
[2026-09-10T14:20:02.029+0000] {processor.py:183} INFO - Processing /home/airflow/.local/lib/python3.8/site-packages/airflow/example_dags/example_setup_teardown_taskflow.py took 0.121 seconds
[2026-09-10T14:20:32.932+0000] {processor.py:161} INFO - Started process (PID=1101) to work on /home/airflow/.local/lib/python3.8/site-packages/airflow/example_dags/example_setup_teardown_taskflow.py
[2026-09-10T14:20:32.934+0000] {processor.py:830} INFO - Processing file /home/airflow/.local/lib/python3.8/site-packages/airflow/example_dags/example_setup_teardown_taskflow.py for tasks to queue
[2026-09-10T14:20:32.936+0000] {logging_mixin.py:188} INFO - [2026-09-10T14:20:32.936+0000] {dagbag.py:540} INFO - Filling up the DagBag from /home/airflow/.local/lib/python3.8/site-packages/airflow/example_dags/example_setup_teardown_taskflow.py
[2026-09-10T14:20:32.947+0000] {processor.py:840} INFO - DAG(s) 'example_setup_teardown_taskflow' retrieved from /home/airflow/.local/lib/python3.8/site-packages/airflow/example_dags/example_setup_teardown_taskflow.py
[2026-09-10T14:20:32.973+0000] {logging_mixin.py:188} INFO - [2026-09-10T14:20:32.972+0000] {dag.py:3047} INFO - Sync 1 DAGs
[2026-09-10T14:20:32.998+0000] {logging_mixin.py:188} INFO - [2026-09-10T14:20:32.998+0000] {dag.py:3834} INFO - Setting next_dagrun for example_setup_teardown_taskflow to 2026-09-09 00:00:00+00:00, run_after=2026-09-10 00:00:00+00:00
[2026-09-10T14:20:33.021+0000] {processor.py:183} INFO - Processing /home/airflow/.local/lib/python3.8/site-packages/airflow/example_dags/example_setup_teardown_taskflow.py took 0.092 seconds
[2026-09-10T14:21:04.155+0000] {processor.py:161} INFO - Started process (PID=1162) to work on /home/airflow/.local/lib/python3.8/site-packages/airflow/example_dags/example_setup_teardown_taskflow.py
[2026-09-10T14:21:04.156+0000] {processor.py:830} INFO - Processing file /home/airflow/.local/lib/python3.8/site-packages/airflow/example_dags/example_setup_teardown_taskflow.py for tasks to queue
[2026-09-10T14:21:04.159+0000] {logging_mixin.py:188} INFO - [2026-09-10T14:21:04.158+0000] {dagbag.py:540} INFO - Filling up the DagBag from /home/airflow/.local/lib/python3.8/site-packages/airflow/example_dags/example_setup_teardown_taskflow.py
[2026-09-10T14:21:04.169+0000] {processor.py:840} INFO - DAG(s) 'example_setup_teardown_taskflow' retrieved from /home/airflow/.local/lib/python3.8/site-packages/airflow/example_dags/example_setup_teardown_taskflow.py
[2026-09-10T14:21:04.194+0000] {logging_mixin.py:188} INFO - [2026-09-10T14:21:04.193+0000] {dag.py:3047} INFO - Sync 1 DAGs
[2026-09-10T14:21:04.218+0000] {logging_mixin.py:188} INFO - [2026-09-10T14:21:04.217+0000] {dag.py:3834} INFO - Setting next_dagrun for example_setup_teardown_taskflow to 2026-09-09 00:00:00+00:00, run_after=2026-09-10 00:00:00+00:00
[2026-09-10T14:21:04.240+0000] {processor.py:183} INFO - Processing /home/airflow/.local/lib/python3.8/site-packages/airflow/example_dags/example_setup_teardown_taskflow.py took 0.089 seconds
[2026-09-10T14:21:35.043+0000] {processor.py:161} INFO - Started process (PID=1223) to work on /home/airflow/.local/lib/python3.8/site-packages/airflow/example_dags/example_setup_teardown_taskflow.py
[2026-09-10T14:21:35.045+0000] {processor.py:830} INFO - Processing file /home/airflow/.local/lib/python3.8/site-packages/airflow/example_dags/example_setup_teardown_taskflow.py for tasks to queue
[2026-09-10T14:21:35.049+0000] {logging_mixin.py:188} INFO - [2026-09-10T14:21:35.049+0000] {dagbag.py:540} INFO - Filling up the DagBag from /home/airflow/.local/lib/python3.8/site-packages/airflow/example_dags/example_setup_teardown_taskflow.py
[2026-09-10T14:21:35.061+0000] {processor.py:840} INFO - DAG(s) 'example_setup_teardown_taskflow' retrieved from /home/airflow/.local/lib/python3.8/site-packages/airflow/example_dags/example_setup_teardown_taskflow.py
[2026-09-10T14:21:35.092+0000] {logging_mixin.py:188} INFO - [2026-09-10T14:21:35.092+0000] {dag.py:3047} INFO - Sync 1 DAGs
[2026-09-10T14:21:35.124+0000] {logging_mixin.py:188} INFO - [2026-09-10T14:21:35.124+0000] {dag.py:3834} INFO - Setting next_dagrun for example_setup_teardown_taskflow to 2026-09-09 00:00:00+00:00, run_after=2026-09-10 00:00:00+00:00
[2026-09-10T14:21:35.153+0000] {processor.py:183} INFO - Processing /home/airflow/.local/lib/python3.8/site-packages/airflow/example_dags/example_setup_teardown_taskflow.py took 0.115 seconds
[2026-09-10T14:22:05.903+0000] {processor.py:161} INFO - Started process (PID=1288) to work on /home/airflow/.local/lib/python3.8/site-packages/airflow/example_dags/example_setup_teardown_taskflow.py
[2026-09-10T14:22:05.906+0000] {processor.py:830} INFO - Processing file /home/airflow/.local/lib/python3.8/site-packages/airflow/example_dags/example_setup_teardown_taskflow.py for tasks to queue
[2026-09-10T14:22:05.911+0000] {logging_mixin.py:188} INFO - [2026-09-10T14:22:05.911+0000] {dagbag.py:540} INFO - Filling up the DagBag from /home/airflow/.local/lib/python3.8/site-packages/airflow/example_dags/example_setup_teardown_taskflow.py
[2026-09-10T14:22:05.933+0000] {processor.py:840} INFO - DAG(s) 'example_setup_teardown_taskflow' retrieved from /home/airflow/.local/lib/python3.8/site-packages/airflow/example_dags/example_setup_teardown_taskflow.py
[2026-09-10T14:22:05.986+0000] {logging_mixin.py:188} INFO - [2026-09-10T14:22:05.986+0000] {dag.py:3047} INFO - Sync 1 DAGs
[2026-09-10T14:22:06.013+0000] {logging_mixin.py:188} INFO - [2026-09-10T14:22:06.013+0000] {dag.py:3834} INFO - Setting next_dagrun for example_setup_teardown_taskflow to 2026-09-09 00:00:00+00:00, run_after=2026-09-10 00:00:00+00:00
[2026-09-10T14:22:06.034+0000] {processor.py:183} INFO - Processing /home/airflow/.local/lib/python3.8/site-packages/airflow/example_dags/example_setup_teardown_taskflow.py took 0.147 seconds
[2026-09-10T14:22:37.491+0000] {processor.py:161} INFO - Started process (PID=1349) to work on /home/airflow/.local/lib/python3.8/site-packages/airflow/example_dags/example_setup_teardown_taskflow.py
[2026-09-10T14:22:37.493+0000] {processor.py:830} INFO - Processing file /home/airflow/.local/lib/python3.8/site-packages/airflow/example_dags/example_setup_teardown_taskflow.py for tasks to queue
[2026-09-10T14:22:37.495+0000] {logging_mixin.py:188} INFO - [2026-09-10T14:22:37.495+0000] {dagbag.py:540} INFO - Filling up the DagBag from /home/airflow/.local/lib/python3.8/site-packages/airflow/example_dags/example_setup_teardown_taskflow.py
[2026-09-10T14:22:37.507+0000] {processor.py:840} INFO - DAG(s) 'example_setup_teardown_taskflow' retrieved from /home/airflow/.local/lib/python3.8/site-packages/airflow/example_dags/example_setup_teardown_taskflow.py
[2026-09-10T14:22:37.544+0000] {logging_mixin.py:188} INFO - [2026-09-10T14:22:37.544+0000] {dag.py:3047} INFO - Sync 1 DAGs
[2026-09-10T14:22:37.570+0000] {logging_mixin.py:188} INFO - [2026-09-10T14:22:37.569+0000] {dag.py:3834} INFO - Setting next_dagrun for example_setup_teardown_taskflow to 2026-09-09 00:00:00+00:00, run_after=2026-09-10 00:00:00+00:00
[2026-09-10T14:22:37.590+0000] {processor.py:183} INFO - Processing /home/airflow/.local/lib/python3.8/site-packages/airflow/example_dags/example_setup_teardown_taskflow.py took 0.103 seconds
[2026-09-10T14:23:07.731+0000] {processor.py:161} INFO - Started process (PID=1410) to work on /home/airflow/.local/lib/python3.8/site-packages/airflow/example_dags/example_setup_teardown_taskflow.py
[2026-09-10T14:23:07.733+0000] {processor.py:830} INFO - Processing file /home/airflow/.local/lib/python3.8/site-packages/airflow/example_dags/example_setup_teardown_taskflow.py for tasks to queue
[2026-09-10T14:23:07.736+0000] {logging_mixin.py:188} INFO - [2026-09-10T14:23:07.736+0000] {dagbag.py:540} INFO - Filling up the DagBag from /home/airflow/.local/lib/python3.8/site-packages/airflow/example_dags/example_setup_teardown_taskflow.py
[2026-09-10T14:23:07.747+0000] {processor.py:840} INFO - DAG(s) 'example_setup_teardown_taskflow' retrieved from /home/airflow/.local/lib/python3.8/site-packages/airflow/example_dags/example_setup_teardown_taskflow.py
[2026-09-10T14:23:07.777+0000] {logging_mixin.py:188} INFO - [2026-09-10T14:23:07.776+0000] {dag.py:3047} INFO - Sync 1 DAGs
[2026-09-10T14:23:07.803+0000] {logging_mixin.py:188} INFO - [2026-09-10T14:23:07.802+0000] {dag.py:3834} INFO - Setting next_dagrun for example_setup_teardown_taskflow to 2026-09-09 00:00:00+00:00, run_after=2026-09-10 00:00:00+00:00
[2026-09-10T14:23:07.830+0000] {processor.py:183} INFO - Processing /home/airflow/.local/lib/python3.8/site-packages/airflow/example_dags/example_setup_teardown_taskflow.py took 0.103 seconds
[2026-09-10T14:23:39.010+0000] {processor.py:161} INFO - Started process (PID=1471) to work on /home/airflow/.local/lib/python3.8/site-packages/airflow/example_dags/example_setup_teardown_taskflow.py
[2026-09-10T14:23:39.013+0000] {processor.py:830} INFO - Processing file /home/airflow/.local/lib/python3.8/site-packages/airflow/example_dags/example_setup_teardown_taskflow.py for tasks to queue
[2026-09-10T14:23:39.017+0000] {logging_mixin.py:188} INFO - [2026-09-10T14:23:39.016+0000] {dagbag.py:540} INFO - Filling up the DagBag from /home/airflow/.local/lib/python3.8/site-packages/airflow/example_dags/example_setup_teardown_taskflow.py
[2026-09-10T14:23:39.034+0000] {processor.py:840} INFO - DAG(s) 'example_setup_teardown_taskflow' retrieved from /home/airflow/.local/lib/python3.8/site-packages/airflow/example_dags/example_setup_teardown_taskflow.py
[2026-09-10T14:23:39.071+0000] {logging_mixin.py:188} INFO - [2026-09-10T14:23:39.071+0000] {dag.py:3047} INFO - Sync 1 DAGs
[2026-09-10T14:23:39.106+0000] {logging_mixin.py:188} INFO - [2026-09-10T14:23:39.106+0000] {dag.py:3834} INFO - Setting next_dagrun for example_setup_teardown_taskflow to 2026-09-09 00:00:00+00:00, run_after=2026-09-10 00:00:00+00:00
[2026-09-10T14:23:39.135+0000] {processor.py:183} INFO - Processing /home/airflow/.local/lib/python3.8/site-packages/airflow/example_dags/example_setup_teardown_taskflow.py took 0.131 seconds
[2026-09-10T14:24:10.135+0000] {processor.py:161} INFO - Started process (PID=1532) to work on /home/airflow/.local/lib/python3.8/site-packages/airflow/example_dags/example_setup_teardown_taskflow.py
[2026-09-10T14:24:10.137+0000] {processor.py:830} INFO - Processing file /home/airflow/.local/lib/python3.8/site-packages/airflow/example_dags/example_setup_teardown_taskflow.py for tasks to queue
[2026-09-10T14:24:10.141+0000] {logging_mixin.py:188} INFO - [2026-09-10T14:24:10.140+0000] {dagbag.py:540} INFO - Filling up the DagBag from /home/airflow/.local/lib/python3.8/site-packages/airflow/example_dags/example_setup_teardown_taskflow.py
[2026-09-10T14:24:10.170+0000] {processor.py:840} INFO - DAG(s) 'example_setup_teardown_taskflow' retrieved from /home/airflow/.local/lib/python3.8/site-packages/airflow/example_dags/example_setup_teardown_taskflow.py
[2026-09-10T14:24:10.204+0000] {logging_mixin.py:188} INFO - [2026-09-10T14:24:10.203+0000] {dag.py:3047} INFO - Sync 1 DAGs
[2026-09-10T14:24:10.238+0000] {logging_mixin.py:188} INFO - [2026-09-10T14:24:10.237+0000] {dag.py:3834} INFO - Setting next_dagrun for example_setup_teardown_taskflow to 2026-09-09 00:00:00+00:00, run_after=2026-09-10 00:00:00+00:00
[2026-09-10T14:24:10.264+0000] {processor.py:183} INFO - Processing /home/airflow/.local/lib/python3.8/site-packages/airflow/example_dags/example_setup_teardown_taskflow.py took 0.136 seconds
[2026-09-10T14:24:42.045+0000] {processor.py:161} INFO - Started process (PID=1593) to work on /home/airflow/.local/lib/python3.8/site-packages/airflow/example_dags/example_setup_teardown_taskflow.py
[2026-09-10T14:24:42.047+0000] {processor.py:830} INFO - Processing file /home/airflow/.local/lib/python3.8/site-packages/airflow/example_dags/example_setup_teardown_taskflow.py for tasks to queue
[2026-09-10T14:24:42.051+0000] {logging_mixin.py:188} INFO - [2026-09-10T14:24:42.051+0000] {dagbag.py:540} INFO - Filling up the DagBag from /home/airflow/.local/lib/python3.8/site-packages/airflow/example_dags/example_setup_teardown_taskflow.py
[2026-09-10T14:24:42.070+0000] {processor.py:840} INFO - DAG(s) 'example_setup_teardown_taskflow' retrieved from /home/airflow/.local/lib/python3.8/site-packages/airflow/example_dags/example_setup_teardown_taskflow.py
[2026-09-10T14:24:42.100+0000] {logging_mixin.py:188} INFO - [2026-09-10T14:24:42.100+0000] {dag.py:3047} INFO - Sync 1 DAGs
[2026-09-10T14:24:42.124+0000] {logging_mixin.py:188} INFO - [2026-09-10T14:24:42.124+0000] {dag.py:3834} INFO - Setting next_dagrun for example_setup_teardown_taskflow to 2026-09-09 00:00:00+00:00, run_after=2026-09-10 00:00:00+00:00
[2026-09-10T14:24:42.144+0000] {processor.py:183} INFO - Processing /home/airflow/.local/lib/python3.8/site-packages/airflow/example_dags/example_setup_teardown_taskflow.py took 0.104 seconds
[2026-09-10T14:25:13.183+0000] {processor.py:161} INFO - Started process (PID=1654) to work on /home/airflow/.local/lib/python3.8/site-packages/airflow/example_dags/example_setup_teardown_taskflow.py
[2026-09-10T14:25:13.188+0000] {processor.py:830} INFO - Processing file /home/airflow/.local/lib/python3.8/site-packages/airflow/example_dags/example_setup_teardown_taskflow.py for tasks to queue
[2026-09-10T14:25:13.195+0000] {logging_mixin.py:188} INFO - [2026-09-10T14:25:13.194+0000] {dagbag.py:540} INFO - Filling up the DagBag from /home/airflow/.local/lib/python3.8/site-packages/airflow/example_dags/example_setup_teardown_taskflow.py
[2026-09-10T14:25:13.223+0000] {processor.py:840} INFO - DAG(s) 'example_setup_teardown_taskflow' retrieved from /home/airflow/.local/lib/python3.8/site-packages/airflow/example_dags/example_setup_teardown_taskflow.py
[2026-09-10T14:25:13.278+0000] {logging_mixin.py:188} INFO - [2026-09-10T14:25:13.277+0000] {dag.py:3047} INFO - Sync 1 DAGs
[2026-09-10T14:25:13.340+0000] {logging_mixin.py:188} INFO - [2026-09-10T14:25:13.339+0000] {dag.py:3834} INFO - Setting next_dagrun for example_setup_teardown_taskflow to 2026-09-09 00:00:00+00:00, run_after=2026-09-10 00:00:00+00:00
[2026-09-10T14:25:13.375+0000] {processor.py:183} INFO - Processing /home/airflow/.local/lib/python3.8/site-packages/airflow/example_dags/example_setup_teardown_taskflow.py took 0.201 seconds
[2026-09-10T14:25:44.312+0000] {processor.py:161} INFO - Started process (PID=1714) to work on /home/airflow/.local/lib/python3.8/site-packages/airflow/example_dags/example_setup_teardown_taskflow.py
[2026-09-10T14:25:44.314+0000] {processor.py:830} INFO - Processing file /home/airflow/.local/lib/python3.8/site-packages/airflow/example_dags/example_setup_teardown_taskflow.py for tasks to queue
[2026-09-10T14:25:44.317+0000] {logging_mixin.py:188} INFO - [2026-09-10T14:25:44.317+0000] {dagbag.py:540} INFO - Filling up the DagBag from /home/airflow/.local/lib/python3.8/site-packages/airflow/example_dags/example_setup_teardown_taskflow.py
[2026-09-10T14:25:44.330+0000] {processor.py:840} INFO - DAG(s) 'example_setup_teardown_taskflow' retrieved from /home/airflow/.local/lib/python3.8/site-packages/airflow/example_dags/example_setup_teardown_taskflow.py
[2026-09-10T14:25:44.362+0000] {logging_mixin.py:188} INFO - [2026-09-10T14:25:44.362+0000] {dag.py:3047} INFO - Sync 1 DAGs
[2026-09-10T14:25:44.392+0000] {logging_mixin.py:188} INFO - [2026-09-10T14:25:44.391+0000] {dag.py:3834} INFO - Setting next_dagrun for example_setup_teardown_taskflow to 2026-09-09 00:00:00+00:00, run_after=2026-09-10 00:00:00+00:00
[2026-09-10T14:25:44.416+0000] {processor.py:183} INFO - Processing /home/airflow/.local/lib/python3.8/site-packages/airflow/example_dags/example_setup_teardown_taskflow.py took 0.108 seconds
[2026-09-10T14:26:19.404+0000] {processor.py:161} INFO - Started process (PID=108) to work on /home/airflow/.local/lib/python3.8/site-packages/airflow/example_dags/example_setup_teardown_taskflow.py
[2026-09-10T14:26:19.407+0000] {processor.py:830} INFO - Processing file /home/airflow/.local/lib/python3.8/site-packages/airflow/example_dags/example_setup_teardown_taskflow.py for tasks to queue
[2026-09-10T14:26:19.410+0000] {logging_mixin.py:188} INFO - [2026-09-10T14:26:19.409+0000] {dagbag.py:540} INFO - Filling up the DagBag from /home/airflow/.local/lib/python3.8/site-packages/airflow/example_dags/example_setup_teardown_taskflow.py
[2026-09-10T14:26:19.430+0000] {processor.py:840} INFO - DAG(s) 'example_setup_teardown_taskflow' retrieved from /home/airflow/.local/lib/python3.8/site-packages/airflow/example_dags/example_setup_teardown_taskflow.py
[2026-09-10T14:26:19.469+0000] {logging_mixin.py:188} INFO - [2026-09-10T14:26:19.469+0000] {dag.py:3047} INFO - Sync 1 DAGs
[2026-09-10T14:26:19.509+0000] {logging_mixin.py:188} INFO - [2026-09-10T14:26:19.509+0000] {dag.py:3834} INFO - Setting next_dagrun for example_setup_teardown_taskflow to 2026-09-09 00:00:00+00:00, run_after=2026-09-10 00:00:00+00:00
[2026-09-10T14:26:19.539+0000] {processor.py:183} INFO - Processing /home/airflow/.local/lib/python3.8/site-packages/airflow/example_dags/example_setup_teardown_taskflow.py took 0.142 seconds
[2026-09-10T14:26:49.765+0000] {processor.py:161} INFO - Started process (PID=167) to work on /home/airflow/.local/lib/python3.8/site-packages/airflow/example_dags/example_setup_teardown_taskflow.py
[2026-09-10T14:26:49.768+0000] {processor.py:830} INFO - Processing file /home/airflow/.local/lib/python3.8/site-packages/airflow/example_dags/example_setup_teardown_taskflow.py for tasks to queue
[2026-09-10T14:26:49.776+0000] {logging_mixin.py:188} INFO - [2026-09-10T14:26:49.774+0000] {dagbag.py:540} INFO - Filling up the DagBag from /home/airflow/.local/lib/python3.8/site-packages/airflow/example_dags/example_setup_teardown_taskflow.py
[2026-09-10T14:26:49.797+0000] {processor.py:840} INFO - DAG(s) 'example_setup_teardown_taskflow' retrieved from /home/airflow/.local/lib/python3.8/site-packages/airflow/example_dags/example_setup_teardown_taskflow.py
[2026-09-10T14:26:49.835+0000] {logging_mixin.py:188} INFO - [2026-09-10T14:26:49.834+0000] {dag.py:3047} INFO - Sync 1 DAGs
[2026-09-10T14:26:49.867+0000] {logging_mixin.py:188} INFO - [2026-09-10T14:26:49.866+0000] {dag.py:3834} INFO - Setting next_dagrun for example_setup_teardown_taskflow to 2026-09-09 00:00:00+00:00, run_after=2026-09-10 00:00:00+00:00
[2026-09-10T14:26:49.888+0000] {processor.py:183} INFO - Processing /home/airflow/.local/lib/python3.8/site-packages/airflow/example_dags/example_setup_teardown_taskflow.py took 0.129 seconds
[2026-09-10T14:27:20.987+0000] {processor.py:161} INFO - Started process (PID=226) to work on /home/airflow/.local/lib/python3.8/site-packages/airflow/example_dags/example_setup_teardown_taskflow.py
[2026-09-10T14:27:20.989+0000] {processor.py:830} INFO - Processing file /home/airflow/.local/lib/python3.8/site-packages/airflow/example_dags/example_setup_teardown_taskflow.py for tasks to queue
[2026-09-10T14:27:20.992+0000] {logging_mixin.py:188} INFO - [2026-09-10T14:27:20.992+0000] {dagbag.py:540} INFO - Filling up the DagBag from /home/airflow/.local/lib/python3.8/site-packages/airflow/example_dags/example_setup_teardown_taskflow.py
[2026-09-10T14:27:21.003+0000] {processor.py:840} INFO - DAG(s) 'example_setup_teardown_taskflow' retrieved from /home/airflow/.local/lib/python3.8/site-packages/airflow/example_dags/example_setup_teardown_taskflow.py
[2026-09-10T14:27:21.033+0000] {logging_mixin.py:188} INFO - [2026-09-10T14:27:21.033+0000] {dag.py:3047} INFO - Sync 1 DAGs
[2026-09-10T14:27:21.063+0000] {logging_mixin.py:188} INFO - [2026-09-10T14:27:21.063+0000] {dag.py:3834} INFO - Setting next_dagrun for example_setup_teardown_taskflow to 2026-09-09 00:00:00+00:00, run_after=2026-09-10 00:00:00+00:00
[2026-09-10T14:27:21.087+0000] {processor.py:183} INFO - Processing /home/airflow/.local/lib/python3.8/site-packages/airflow/example_dags/example_setup_teardown_taskflow.py took 0.104 seconds
[2026-09-10T14:27:51.644+0000] {processor.py:161} INFO - Started process (PID=285) to work on /home/airflow/.local/lib/python3.8/site-packages/airflow/example_dags/example_setup_teardown_taskflow.py
[2026-09-10T14:27:51.645+0000] {processor.py:830} INFO - Processing file /home/airflow/.local/lib/python3.8/site-packages/airflow/example_dags/example_setup_teardown_taskflow.py for tasks to queue
[2026-09-10T14:27:51.649+0000] {logging_mixin.py:188} INFO - [2026-09-10T14:27:51.648+0000] {dagbag.py:540} INFO - Filling up the DagBag from /home/airflow/.local/lib/python3.8/site-packages/airflow/example_dags/example_setup_teardown_taskflow.py
[2026-09-10T14:27:51.663+0000] {processor.py:840} INFO - DAG(s) 'example_setup_teardown_taskflow' retrieved from /home/airflow/.local/lib/python3.8/site-packages/airflow/example_dags/example_setup_teardown_taskflow.py
[2026-09-10T14:27:51.693+0000] {logging_mixin.py:188} INFO - [2026-09-10T14:27:51.692+0000] {dag.py:3047} INFO - Sync 1 DAGs
[2026-09-10T14:27:51.719+0000] {logging_mixin.py:188} INFO - [2026-09-10T14:27:51.719+0000] {dag.py:3834} INFO - Setting next_dagrun for example_setup_teardown_taskflow to 2026-09-09 00:00:00+00:00, run_after=2026-09-10 00:00:00+00:00
[2026-09-10T14:27:51.744+0000] {processor.py:183} INFO - Processing /home/airflow/.local/lib/python3.8/site-packages/airflow/example_dags/example_setup_teardown_taskflow.py took 0.104 seconds
[2026-09-10T14:28:23.047+0000] {processor.py:161} INFO - Started process (PID=348) to work on /home/airflow/.local/lib/python3.8/site-packages/airflow/example_dags/example_setup_teardown_taskflow.py
[2026-09-10T14:28:23.048+0000] {processor.py:830} INFO - Processing file /home/airflow/.local/lib/python3.8/site-packages/airflow/example_dags/example_setup_teardown_taskflow.py for tasks to queue
[2026-09-10T14:28:23.051+0000] {logging_mixin.py:188} INFO - [2026-09-10T14:28:23.051+0000] {dagbag.py:540} INFO - Filling up the DagBag from /home/airflow/.local/lib/python3.8/site-packages/airflow/example_dags/example_setup_teardown_taskflow.py
[2026-09-10T14:28:23.067+0000] {processor.py:840} INFO - DAG(s) 'example_setup_teardown_taskflow' retrieved from /home/airflow/.local/lib/python3.8/site-packages/airflow/example_dags/example_setup_teardown_taskflow.py
[2026-09-10T14:28:23.102+0000] {logging_mixin.py:188} INFO - [2026-09-10T14:28:23.101+0000] {dag.py:3047} INFO - Sync 1 DAGs
[2026-09-10T14:28:23.143+0000] {logging_mixin.py:188} INFO - [2026-09-10T14:28:23.143+0000] {dag.py:3834} INFO - Setting next_dagrun for example_setup_teardown_taskflow to 2026-09-09 00:00:00+00:00, run_after=2026-09-10 00:00:00+00:00
[2026-09-10T14:28:23.173+0000] {processor.py:183} INFO - Processing /home/airflow/.local/lib/python3.8/site-packages/airflow/example_dags/example_setup_teardown_taskflow.py took 0.130 seconds
[2026-09-10T14:28:53.426+0000] {processor.py:161} INFO - Started process (PID=407) to work on /home/airflow/.local/lib/python3.8/site-packages/airflow/example_dags/example_setup_teardown_taskflow.py
[2026-09-10T14:28:53.429+0000] {processor.py:830} INFO - Processing file /home/airflow/.local/lib/python3.8/site-packages/airflow/example_dags/example_setup_teardown_taskflow.py for tasks to queue
[2026-09-10T14:28:53.432+0000] {logging_mixin.py:188} INFO - [2026-09-10T14:28:53.432+0000] {dagbag.py:540} INFO - Filling up the DagBag from /home/airflow/.local/lib/python3.8/site-packages/airflow/example_dags/example_setup_teardown_taskflow.py
[2026-09-10T14:28:53.447+0000] {processor.py:840} INFO - DAG(s) 'example_setup_teardown_taskflow' retrieved from /home/airflow/.local/lib/python3.8/site-packages/airflow/example_dags/example_setup_teardown_taskflow.py
[2026-09-10T14:28:53.477+0000] {logging_mixin.py:188} INFO - [2026-09-10T14:28:53.476+0000] {dag.py:3047} INFO - Sync 1 DAGs
[2026-09-10T14:28:53.512+0000] {logging_mixin.py:188} INFO - [2026-09-10T14:28:53.512+0000] {dag.py:3834} INFO - Setting next_dagrun for example_setup_teardown_taskflow to 2026-09-09 00:00:00+00:00, run_after=2026-09-10 00:00:00+00:00
[2026-09-10T14:28:53.548+0000] {processor.py:183} INFO - Processing /home/airflow/.local/lib/python3.8/site-packages/airflow/example_dags/example_setup_teardown_taskflow.py took 0.129 seconds
[2026-09-10T14:29:23.973+0000] {processor.py:161} INFO - Started process (PID=466) to work on /home/airflow/.local/lib/python3.8/site-packages/airflow/example_dags/example_setup_teardown_taskflow.py
[2026-09-10T14:29:23.975+0000] {processor.py:830} INFO - Processing file /home/airflow/.local/lib/python3.8/site-packages/airflow/example_dags/example_setup_teardown_taskflow.py for tasks to queue
[2026-09-10T14:29:23.978+0000] {logging_mixin.py:188} INFO - [2026-09-10T14:29:23.978+0000] {dagbag.py:540} INFO - Filling up the DagBag from /home/airflow/.local/lib/python3.8/site-packages/airflow/example_dags/example_setup_teardown_taskflow.py
[2026-09-10T14:29:23.991+0000] {processor.py:840} INFO - DAG(s) 'example_setup_teardown_taskflow' retrieved from /home/airflow/.local/lib/python3.8/site-packages/airflow/example_dags/example_setup_teardown_taskflow.py
[2026-09-10T14:29:24.018+0000] {logging_mixin.py:188} INFO - [2026-09-10T14:29:24.018+0000] {dag.py:3047} INFO - Sync 1 DAGs
[2026-09-10T14:29:24.047+0000] {logging_mixin.py:188} INFO - [2026-09-10T14:29:24.046+0000] {dag.py:3834} INFO - Setting next_dagrun for example_setup_teardown_taskflow to 2026-09-09 00:00:00+00:00, run_after=2026-09-10 00:00:00+00:00
[2026-09-10T14:29:24.071+0000] {processor.py:183} INFO - Processing /home/airflow/.local/lib/python3.8/site-packages/airflow/example_dags/example_setup_teardown_taskflow.py took 0.104 seconds
[2026-09-10T14:29:55.130+0000] {processor.py:161} INFO - Started process (PID=525) to work on /home/airflow/.local/lib/python3.8/site-packages/airflow/example_dags/example_setup_teardown_taskflow.py
[2026-09-10T14:29:55.132+0000] {processor.py:830} INFO - Processing file /home/airflow/.local/lib/python3.8/site-packages/airflow/example_dags/example_setup_teardown_taskflow.py for tasks to queue
[2026-09-10T14:29:55.135+0000] {logging_mixin.py:188} INFO - [2026-09-10T14:29:55.135+0000] {dagbag.py:540} INFO - Filling up the DagBag from /home/airflow/.local/lib/python3.8/site-packages/airflow/example_dags/example_setup_teardown_taskflow.py
[2026-09-10T14:29:55.153+0000] {processor.py:840} INFO - DAG(s) 'example_setup_teardown_taskflow' retrieved from /home/airflow/.local/lib/python3.8/site-packages/airflow/example_dags/example_setup_teardown_taskflow.py
[2026-09-10T14:29:55.180+0000] {logging_mixin.py:188} INFO - [2026-09-10T14:29:55.179+0000] {dag.py:3047} INFO - Sync 1 DAGs
[2026-09-10T14:29:55.208+0000] {logging_mixin.py:188} INFO - [2026-09-10T14:29:55.208+0000] {dag.py:3834} INFO - Setting next_dagrun for example_setup_teardown_taskflow to 2026-09-09 00:00:00+00:00, run_after=2026-09-10 00:00:00+00:00
[2026-09-10T14:29:55.233+0000] {processor.py:183} INFO - Processing /home/airflow/.local/lib/python3.8/site-packages/airflow/example_dags/example_setup_teardown_taskflow.py took 0.108 seconds
[2026-09-10T14:30:25.589+0000] {processor.py:161} INFO - Started process (PID=584) to work on /home/airflow/.local/lib/python3.8/site-packages/airflow/example_dags/example_setup_teardown_taskflow.py
[2026-09-10T14:30:25.592+0000] {processor.py:830} INFO - Processing file /home/airflow/.local/lib/python3.8/site-packages/airflow/example_dags/example_setup_teardown_taskflow.py for tasks to queue
[2026-09-10T14:30:25.595+0000] {logging_mixin.py:188} INFO - [2026-09-10T14:30:25.594+0000] {dagbag.py:540} INFO - Filling up the DagBag from /home/airflow/.local/lib/python3.8/site-packages/airflow/example_dags/example_setup_teardown_taskflow.py
[2026-09-10T14:30:25.605+0000] {processor.py:840} INFO - DAG(s) 'example_setup_teardown_taskflow' retrieved from /home/airflow/.local/lib/python3.8/site-packages/airflow/example_dags/example_setup_teardown_taskflow.py
[2026-09-10T14:30:25.632+0000] {logging_mixin.py:188} INFO - [2026-09-10T14:30:25.632+0000] {dag.py:3047} INFO - Sync 1 DAGs
[2026-09-10T14:30:25.659+0000] {logging_mixin.py:188} INFO - [2026-09-10T14:30:25.659+0000] {dag.py:3834} INFO - Setting next_dagrun for example_setup_teardown_taskflow to 2026-09-09 00:00:00+00:00, run_after=2026-09-10 00:00:00+00:00
[2026-09-10T14:30:25.683+0000] {processor.py:183} INFO - Processing /home/airflow/.local/lib/python3.8/site-packages/airflow/example_dags/example_setup_teardown_taskflow.py took 0.097 seconds
[2026-09-10T14:30:56.868+0000] {processor.py:161} INFO - Started process (PID=643) to work on /home/airflow/.local/lib/python3.8/site-packages/airflow/example_dags/example_setup_teardown_taskflow.py
[2026-09-10T14:30:56.870+0000] {processor.py:830} INFO - Processing file /home/airflow/.local/lib/python3.8/site-packages/airflow/example_dags/example_setup_teardown_taskflow.py for tasks to queue
[2026-09-10T14:30:56.873+0000] {logging_mixin.py:188} INFO - [2026-09-10T14:30:56.872+0000] {dagbag.py:540} INFO - Filling up the DagBag from /home/airflow/.local/lib/python3.8/site-packages/airflow/example_dags/example_setup_teardown_taskflow.py
[2026-09-10T14:30:56.886+0000] {processor.py:840} INFO - DAG(s) 'example_setup_teardown_taskflow' retrieved from /home/airflow/.local/lib/python3.8/site-packages/airflow/example_dags/example_setup_teardown_taskflow.py
[2026-09-10T14:30:56.919+0000] {logging_mixin.py:188} INFO - [2026-09-10T14:30:56.918+0000] {dag.py:3047} INFO - Sync 1 DAGs
[2026-09-10T14:30:56.947+0000] {logging_mixin.py:188} INFO - [2026-09-10T14:30:56.947+0000] {dag.py:3834} INFO - Setting next_dagrun for example_setup_teardown_taskflow to 2026-09-09 00:00:00+00:00, run_after=2026-09-10 00:00:00+00:00
[2026-09-10T14:30:56.978+0000] {processor.py:183} INFO - Processing /home/airflow/.local/lib/python3.8/site-packages/airflow/example_dags/example_setup_teardown_taskflow.py took 0.114 seconds
[2026-09-10T14:31:27.494+0000] {processor.py:161} INFO - Started process (PID=702) to work on /home/airflow/.local/lib/python3.8/site-packages/airflow/example_dags/example_setup_teardown_taskflow.py
[2026-09-10T14:31:27.496+0000] {processor.py:830} INFO - Processing file /home/airflow/.local/lib/python3.8/site-packages/airflow/example_dags/example_setup_teardown_taskflow.py for tasks to queue
[2026-09-10T14:31:27.500+0000] {logging_mixin.py:188} INFO - [2026-09-10T14:31:27.499+0000] {dagbag.py:540} INFO - Filling up the DagBag from /home/airflow/.local/lib/python3.8/site-packages/airflow/example_dags/example_setup_teardown_taskflow.py
[2026-09-10T14:31:27.516+0000] {processor.py:840} INFO - DAG(s) 'example_setup_teardown_taskflow' retrieved from /home/airflow/.local/lib/python3.8/site-packages/airflow/example_dags/example_setup_teardown_taskflow.py
[2026-09-10T14:31:27.545+0000] {logging_mixin.py:188} INFO - [2026-09-10T14:31:27.544+0000] {dag.py:3047} INFO - Sync 1 DAGs
[2026-09-10T14:31:27.572+0000] {logging_mixin.py:188} INFO - [2026-09-10T14:31:27.572+0000] {dag.py:3834} INFO - Setting next_dagrun for example_setup_teardown_taskflow to 2026-09-09 00:00:00+00:00, run_after=2026-09-10 00:00:00+00:00
[2026-09-10T14:31:27.596+0000] {processor.py:183} INFO - Processing /home/airflow/.local/lib/python3.8/site-packages/airflow/example_dags/example_setup_teardown_taskflow.py took 0.107 seconds
[2026-09-10T14:31:58.473+0000] {processor.py:161} INFO - Started process (PID=761) to work on /home/airflow/.local/lib/python3.8/site-packages/airflow/example_dags/example_setup_teardown_taskflow.py
[2026-09-10T14:31:58.475+0000] {processor.py:830} INFO - Processing file /home/airflow/.local/lib/python3.8/site-packages/airflow/example_dags/example_setup_teardown_taskflow.py for tasks to queue
[2026-09-10T14:31:58.482+0000] {logging_mixin.py:188} INFO - [2026-09-10T14:31:58.481+0000] {dagbag.py:540} INFO - Filling up the DagBag from /home/airflow/.local/lib/python3.8/site-packages/airflow/example_dags/example_setup_teardown_taskflow.py
[2026-09-10T14:31:58.505+0000] {processor.py:840} INFO - DAG(s) 'example_setup_teardown_taskflow' retrieved from /home/airflow/.local/lib/python3.8/site-packages/airflow/example_dags/example_setup_teardown_taskflow.py
[2026-09-10T14:31:58.537+0000] {logging_mixin.py:188} INFO - [2026-09-10T14:31:58.537+0000] {dag.py:3047} INFO - Sync 1 DAGs
[2026-09-10T14:31:58.568+0000] {logging_mixin.py:188} INFO - [2026-09-10T14:31:58.568+0000] {dag.py:3834} INFO - Setting next_dagrun for example_setup_teardown_taskflow to 2026-09-09 00:00:00+00:00, run_after=2026-09-10 00:00:00+00:00
[2026-09-10T14:31:58.595+0000] {processor.py:183} INFO - Processing /home/airflow/.local/lib/python3.8/site-packages/airflow/example_dags/example_setup_teardown_taskflow.py took 0.128 seconds
[2026-09-10T14:32:29.059+0000] {processor.py:161} INFO - Started process (PID=820) to work on /home/airflow/.local/lib/python3.8/site-packages/airflow/example_dags/example_setup_teardown_taskflow.py
[2026-09-10T14:32:29.061+0000] {processor.py:830} INFO - Processing file /home/airflow/.local/lib/python3.8/site-packages/airflow/example_dags/example_setup_teardown_taskflow.py for tasks to queue
[2026-09-10T14:32:29.064+0000] {logging_mixin.py:188} INFO - [2026-09-10T14:32:29.064+0000] {dagbag.py:540} INFO - Filling up the DagBag from /home/airflow/.local/lib/python3.8/site-packages/airflow/example_dags/example_setup_teardown_taskflow.py
[2026-09-10T14:32:29.078+0000] {processor.py:840} INFO - DAG(s) 'example_setup_teardown_taskflow' retrieved from /home/airflow/.local/lib/python3.8/site-packages/airflow/example_dags/example_setup_teardown_taskflow.py
[2026-09-10T14:32:29.107+0000] {logging_mixin.py:188} INFO - [2026-09-10T14:32:29.106+0000] {dag.py:3047} INFO - Sync 1 DAGs
[2026-09-10T14:32:29.134+0000] {logging_mixin.py:188} INFO - [2026-09-10T14:32:29.134+0000] {dag.py:3834} INFO - Setting next_dagrun for example_setup_teardown_taskflow to 2026-09-09 00:00:00+00:00, run_after=2026-09-10 00:00:00+00:00
[2026-09-10T14:32:29.156+0000] {processor.py:183} INFO - Processing /home/airflow/.local/lib/python3.8/site-packages/airflow/example_dags/example_setup_teardown_taskflow.py took 0.103 seconds
[2026-09-10T14:33:00.337+0000] {processor.py:161} INFO - Started process (PID=879) to work on /home/airflow/.local/lib/python3.8/site-packages/airflow/example_dags/example_setup_teardown_taskflow.py
[2026-09-10T14:33:00.338+0000] {processor.py:830} INFO - Processing file /home/airflow/.local/lib/python3.8/site-packages/airflow/example_dags/example_setup_teardown_taskflow.py for tasks to queue
[2026-09-10T14:33:00.341+0000] {logging_mixin.py:188} INFO - [2026-09-10T14:33:00.340+0000] {dagbag.py:540} INFO - Filling up the DagBag from /home/airflow/.local/lib/python3.8/site-packages/airflow/example_dags/example_setup_teardown_taskflow.py
[2026-09-10T14:33:00.351+0000] {processor.py:840} INFO - DAG(s) 'example_setup_teardown_taskflow' retrieved from /home/airflow/.local/lib/python3.8/site-packages/airflow/example_dags/example_setup_teardown_taskflow.py
[2026-09-10T14:33:00.376+0000] {logging_mixin.py:188} INFO - [2026-09-10T14:33:00.376+0000] {dag.py:3047} INFO - Sync 1 DAGs
[2026-09-10T14:33:00.400+0000] {logging_mixin.py:188} INFO - [2026-09-10T14:33:00.400+0000] {dag.py:3834} INFO - Setting next_dagrun for example_setup_teardown_taskflow to 2026-09-09 00:00:00+00:00, run_after=2026-09-10 00:00:00+00:00
[2026-09-10T14:33:00.424+0000] {processor.py:183} INFO - Processing /home/airflow/.local/lib/python3.8/site-packages/airflow/example_dags/example_setup_teardown_taskflow.py took 0.091 seconds
[2026-09-10T14:33:32.576+0000] {processor.py:161} INFO - Started process (PID=938) to work on /home/airflow/.local/lib/python3.8/site-packages/airflow/example_dags/example_setup_teardown_taskflow.py
[2026-09-10T14:33:32.578+0000] {processor.py:830} INFO - Processing file /home/airflow/.local/lib/python3.8/site-packages/airflow/example_dags/example_setup_teardown_taskflow.py for tasks to queue
[2026-09-10T14:33:32.581+0000] {logging_mixin.py:188} INFO - [2026-09-10T14:33:32.581+0000] {dagbag.py:540} INFO - Filling up the DagBag from /home/airflow/.local/lib/python3.8/site-packages/airflow/example_dags/example_setup_teardown_taskflow.py
[2026-09-10T14:33:32.599+0000] {processor.py:840} INFO - DAG(s) 'example_setup_teardown_taskflow' retrieved from /home/airflow/.local/lib/python3.8/site-packages/airflow/example_dags/example_setup_teardown_taskflow.py
[2026-09-10T14:33:32.630+0000] {logging_mixin.py:188} INFO - [2026-09-10T14:33:32.629+0000] {dag.py:3047} INFO - Sync 1 DAGs
[2026-09-10T14:33:32.655+0000] {logging_mixin.py:188} INFO - [2026-09-10T14:33:32.655+0000] {dag.py:3834} INFO - Setting next_dagrun for example_setup_teardown_taskflow to 2026-09-09 00:00:00+00:00, run_after=2026-09-10 00:00:00+00:00
[2026-09-10T14:33:32.676+0000] {processor.py:183} INFO - Processing /home/airflow/.local/lib/python3.8/site-packages/airflow/example_dags/example_setup_teardown_taskflow.py took 0.108 seconds
[2026-09-10T14:34:02.806+0000] {processor.py:161} INFO - Started process (PID=997) to work on /home/airflow/.local/lib/python3.8/site-packages/airflow/example_dags/example_setup_teardown_taskflow.py
[2026-09-10T14:34:02.807+0000] {processor.py:830} INFO - Processing file /home/airflow/.local/lib/python3.8/site-packages/airflow/example_dags/example_setup_teardown_taskflow.py for tasks to queue
[2026-09-10T14:34:02.810+0000] {logging_mixin.py:188} INFO - [2026-09-10T14:34:02.810+0000] {dagbag.py:540} INFO - Filling up the DagBag from /home/airflow/.local/lib/python3.8/site-packages/airflow/example_dags/example_setup_teardown_taskflow.py
[2026-09-10T14:34:02.821+0000] {processor.py:840} INFO - DAG(s) 'example_setup_teardown_taskflow' retrieved from /home/airflow/.local/lib/python3.8/site-packages/airflow/example_dags/example_setup_teardown_taskflow.py
[2026-09-10T14:34:02.849+0000] {logging_mixin.py:188} INFO - [2026-09-10T14:34:02.849+0000] {dag.py:3047} INFO - Sync 1 DAGs
[2026-09-10T14:34:02.878+0000] {logging_mixin.py:188} INFO - [2026-09-10T14:34:02.878+0000] {dag.py:3834} INFO - Setting next_dagrun for example_setup_teardown_taskflow to 2026-09-09 00:00:00+00:00, run_after=2026-09-10 00:00:00+00:00
[2026-09-10T14:34:02.903+0000] {processor.py:183} INFO - Processing /home/airflow/.local/lib/python3.8/site-packages/airflow/example_dags/example_setup_teardown_taskflow.py took 0.102 seconds
[2026-09-10T14:34:34.170+0000] {processor.py:161} INFO - Started process (PID=1056) to work on /home/airflow/.local/lib/python3.8/site-packages/airflow/example_dags/example_setup_teardown_taskflow.py
[2026-09-10T14:34:34.172+0000] {processor.py:830} INFO - Processing file /home/airflow/.local/lib/python3.8/site-packages/airflow/example_dags/example_setup_teardown_taskflow.py for tasks to queue
[2026-09-10T14:34:34.175+0000] {logging_mixin.py:188} INFO - [2026-09-10T14:34:34.174+0000] {dagbag.py:540} INFO - Filling up the DagBag from /home/airflow/.local/lib/python3.8/site-packages/airflow/example_dags/example_setup_teardown_taskflow.py
[2026-09-10T14:34:34.186+0000] {processor.py:840} INFO - DAG(s) 'example_setup_teardown_taskflow' retrieved from /home/airflow/.local/lib/python3.8/site-packages/airflow/example_dags/example_setup_teardown_taskflow.py
[2026-09-10T14:34:34.216+0000] {logging_mixin.py:188} INFO - [2026-09-10T14:34:34.216+0000] {dag.py:3047} INFO - Sync 1 DAGs
[2026-09-10T14:34:34.249+0000] {logging_mixin.py:188} INFO - [2026-09-10T14:34:34.248+0000] {dag.py:3834} INFO - Setting next_dagrun for example_setup_teardown_taskflow to 2026-09-09 00:00:00+00:00, run_after=2026-09-10 00:00:00+00:00
[2026-09-10T14:34:34.281+0000] {processor.py:183} INFO - Processing /home/airflow/.local/lib/python3.8/site-packages/airflow/example_dags/example_setup_teardown_taskflow.py took 0.115 seconds
[2026-09-10T14:35:04.442+0000] {processor.py:161} INFO - Started process (PID=1116) to work on /home/airflow/.local/lib/python3.8/site-packages/airflow/example_dags/example_setup_teardown_taskflow.py
[2026-09-10T14:35:04.454+0000] {processor.py:830} INFO - Processing file /home/airflow/.local/lib/python3.8/site-packages/airflow/example_dags/example_setup_teardown_taskflow.py for tasks to queue
[2026-09-10T14:35:04.459+0000] {logging_mixin.py:188} INFO - [2026-09-10T14:35:04.459+0000] {dagbag.py:540} INFO - Filling up the DagBag from /home/airflow/.local/lib/python3.8/site-packages/airflow/example_dags/example_setup_teardown_taskflow.py
[2026-09-10T14:35:04.500+0000] {processor.py:840} INFO - DAG(s) 'example_setup_teardown_taskflow' retrieved from /home/airflow/.local/lib/python3.8/site-packages/airflow/example_dags/example_setup_teardown_taskflow.py
[2026-09-10T14:35:04.560+0000] {logging_mixin.py:188} INFO - [2026-09-10T14:35:04.559+0000] {dag.py:3047} INFO - Sync 1 DAGs
[2026-09-10T14:35:04.631+0000] {logging_mixin.py:188} INFO - [2026-09-10T14:35:04.630+0000] {dag.py:3834} INFO - Setting next_dagrun for example_setup_teardown_taskflow to 2026-09-09 00:00:00+00:00, run_after=2026-09-10 00:00:00+00:00
[2026-09-10T14:35:04.706+0000] {processor.py:183} INFO - Processing /home/airflow/.local/lib/python3.8/site-packages/airflow/example_dags/example_setup_teardown_taskflow.py took 0.279 seconds
[2026-09-10T14:35:35.351+0000] {processor.py:161} INFO - Started process (PID=1175) to work on /home/airflow/.local/lib/python3.8/site-packages/airflow/example_dags/example_setup_teardown_taskflow.py
[2026-09-10T14:35:35.352+0000] {processor.py:830} INFO - Processing file /home/airflow/.local/lib/python3.8/site-packages/airflow/example_dags/example_setup_teardown_taskflow.py for tasks to queue
[2026-09-10T14:35:35.355+0000] {logging_mixin.py:188} INFO - [2026-09-10T14:35:35.354+0000] {dagbag.py:540} INFO - Filling up the DagBag from /home/airflow/.local/lib/python3.8/site-packages/airflow/example_dags/example_setup_teardown_taskflow.py
[2026-09-10T14:35:35.368+0000] {processor.py:840} INFO - DAG(s) 'example_setup_teardown_taskflow' retrieved from /home/airflow/.local/lib/python3.8/site-packages/airflow/example_dags/example_setup_teardown_taskflow.py
[2026-09-10T14:35:35.402+0000] {logging_mixin.py:188} INFO - [2026-09-10T14:35:35.402+0000] {dag.py:3047} INFO - Sync 1 DAGs
[2026-09-10T14:35:35.430+0000] {logging_mixin.py:188} INFO - [2026-09-10T14:35:35.430+0000] {dag.py:3834} INFO - Setting next_dagrun for example_setup_teardown_taskflow to 2026-09-09 00:00:00+00:00, run_after=2026-09-10 00:00:00+00:00
[2026-09-10T14:35:35.458+0000] {processor.py:183} INFO - Processing /home/airflow/.local/lib/python3.8/site-packages/airflow/example_dags/example_setup_teardown_taskflow.py took 0.111 seconds
[2026-09-10T14:36:06.820+0000] {processor.py:161} INFO - Started process (PID=1235) to work on /home/airflow/.local/lib/python3.8/site-packages/airflow/example_dags/example_setup_teardown_taskflow.py
[2026-09-10T14:36:06.822+0000] {processor.py:830} INFO - Processing file /home/airflow/.local/lib/python3.8/site-packages/airflow/example_dags/example_setup_teardown_taskflow.py for tasks to queue
[2026-09-10T14:36:06.825+0000] {logging_mixin.py:188} INFO - [2026-09-10T14:36:06.825+0000] {dagbag.py:540} INFO - Filling up the DagBag from /home/airflow/.local/lib/python3.8/site-packages/airflow/example_dags/example_setup_teardown_taskflow.py
[2026-09-10T14:36:06.843+0000] {processor.py:840} INFO - DAG(s) 'example_setup_teardown_taskflow' retrieved from /home/airflow/.local/lib/python3.8/site-packages/airflow/example_dags/example_setup_teardown_taskflow.py
[2026-09-10T14:36:06.878+0000] {logging_mixin.py:188} INFO - [2026-09-10T14:36:06.878+0000] {dag.py:3047} INFO - Sync 1 DAGs
[2026-09-10T14:36:06.920+0000] {logging_mixin.py:188} INFO - [2026-09-10T14:36:06.920+0000] {dag.py:3834} INFO - Setting next_dagrun for example_setup_teardown_taskflow to 2026-09-09 00:00:00+00:00, run_after=2026-09-10 00:00:00+00:00
[2026-09-10T14:36:06.949+0000] {processor.py:183} INFO - Processing /home/airflow/.local/lib/python3.8/site-packages/airflow/example_dags/example_setup_teardown_taskflow.py took 0.135 seconds
[2026-09-10T14:36:38.278+0000] {processor.py:161} INFO - Started process (PID=1295) to work on /home/airflow/.local/lib/python3.8/site-packages/airflow/example_dags/example_setup_teardown_taskflow.py
[2026-09-10T14:36:38.280+0000] {processor.py:830} INFO - Processing file /home/airflow/.local/lib/python3.8/site-packages/airflow/example_dags/example_setup_teardown_taskflow.py for tasks to queue
[2026-09-10T14:36:38.283+0000] {logging_mixin.py:188} INFO - [2026-09-10T14:36:38.282+0000] {dagbag.py:540} INFO - Filling up the DagBag from /home/airflow/.local/lib/python3.8/site-packages/airflow/example_dags/example_setup_teardown_taskflow.py
[2026-09-10T14:36:38.297+0000] {processor.py:840} INFO - DAG(s) 'example_setup_teardown_taskflow' retrieved from /home/airflow/.local/lib/python3.8/site-packages/airflow/example_dags/example_setup_teardown_taskflow.py
[2026-09-10T14:36:38.325+0000] {logging_mixin.py:188} INFO - [2026-09-10T14:36:38.325+0000] {dag.py:3047} INFO - Sync 1 DAGs
[2026-09-10T14:36:38.355+0000] {logging_mixin.py:188} INFO - [2026-09-10T14:36:38.354+0000] {dag.py:3834} INFO - Setting next_dagrun for example_setup_teardown_taskflow to 2026-09-09 00:00:00+00:00, run_after=2026-09-10 00:00:00+00:00
[2026-09-10T14:36:38.383+0000] {processor.py:183} INFO - Processing /home/airflow/.local/lib/python3.8/site-packages/airflow/example_dags/example_setup_teardown_taskflow.py took 0.110 seconds
[2026-09-10T14:37:08.592+0000] {processor.py:161} INFO - Started process (PID=1354) to work on /home/airflow/.local/lib/python3.8/site-packages/airflow/example_dags/example_setup_teardown_taskflow.py
[2026-09-10T14:37:08.595+0000] {processor.py:830} INFO - Processing file /home/airflow/.local/lib/python3.8/site-packages/airflow/example_dags/example_setup_teardown_taskflow.py for tasks to queue
[2026-09-10T14:37:08.598+0000] {logging_mixin.py:188} INFO - [2026-09-10T14:37:08.597+0000] {dagbag.py:540} INFO - Filling up the DagBag from /home/airflow/.local/lib/python3.8/site-packages/airflow/example_dags/example_setup_teardown_taskflow.py
[2026-09-10T14:37:08.611+0000] {processor.py:840} INFO - DAG(s) 'example_setup_teardown_taskflow' retrieved from /home/airflow/.local/lib/python3.8/site-packages/airflow/example_dags/example_setup_teardown_taskflow.py
[2026-09-10T14:37:08.647+0000] {logging_mixin.py:188} INFO - [2026-09-10T14:37:08.647+0000] {dag.py:3047} INFO - Sync 1 DAGs
[2026-09-10T14:37:08.676+0000] {logging_mixin.py:188} INFO - [2026-09-10T14:37:08.675+0000] {dag.py:3834} INFO - Setting next_dagrun for example_setup_teardown_taskflow to 2026-09-09 00:00:00+00:00, run_after=2026-09-10 00:00:00+00:00
[2026-09-10T14:37:08.697+0000] {processor.py:183} INFO - Processing /home/airflow/.local/lib/python3.8/site-packages/airflow/example_dags/example_setup_teardown_taskflow.py took 0.110 seconds
[2026-09-10T14:37:39.546+0000] {processor.py:161} INFO - Started process (PID=1413) to work on /home/airflow/.local/lib/python3.8/site-packages/airflow/example_dags/example_setup_teardown_taskflow.py
[2026-09-10T14:37:39.548+0000] {processor.py:830} INFO - Processing file /home/airflow/.local/lib/python3.8/site-packages/airflow/example_dags/example_setup_teardown_taskflow.py for tasks to queue
[2026-09-10T14:37:39.550+0000] {logging_mixin.py:188} INFO - [2026-09-10T14:37:39.550+0000] {dagbag.py:540} INFO - Filling up the DagBag from /home/airflow/.local/lib/python3.8/site-packages/airflow/example_dags/example_setup_teardown_taskflow.py
[2026-09-10T14:37:39.568+0000] {processor.py:840} INFO - DAG(s) 'example_setup_teardown_taskflow' retrieved from /home/airflow/.local/lib/python3.8/site-packages/airflow/example_dags/example_setup_teardown_taskflow.py
[2026-09-10T14:37:39.604+0000] {logging_mixin.py:188} INFO - [2026-09-10T14:37:39.604+0000] {dag.py:3047} INFO - Sync 1 DAGs
[2026-09-10T14:37:39.634+0000] {logging_mixin.py:188} INFO - [2026-09-10T14:37:39.634+0000] {dag.py:3834} INFO - Setting next_dagrun for example_setup_teardown_taskflow to 2026-09-09 00:00:00+00:00, run_after=2026-09-10 00:00:00+00:00
[2026-09-10T14:37:39.663+0000] {processor.py:183} INFO - Processing /home/airflow/.local/lib/python3.8/site-packages/airflow/example_dags/example_setup_teardown_taskflow.py took 0.123 seconds
[2026-09-10T14:38:11.377+0000] {processor.py:161} INFO - Started process (PID=1472) to work on /home/airflow/.local/lib/python3.8/site-packages/airflow/example_dags/example_setup_teardown_taskflow.py
[2026-09-10T14:38:11.378+0000] {processor.py:830} INFO - Processing file /home/airflow/.local/lib/python3.8/site-packages/airflow/example_dags/example_setup_teardown_taskflow.py for tasks to queue
[2026-09-10T14:38:11.381+0000] {logging_mixin.py:188} INFO - [2026-09-10T14:38:11.381+0000] {dagbag.py:540} INFO - Filling up the DagBag from /home/airflow/.local/lib/python3.8/site-packages/airflow/example_dags/example_setup_teardown_taskflow.py
[2026-09-10T14:38:11.395+0000] {processor.py:840} INFO - DAG(s) 'example_setup_teardown_taskflow' retrieved from /home/airflow/.local/lib/python3.8/site-packages/airflow/example_dags/example_setup_teardown_taskflow.py
[2026-09-10T14:38:11.424+0000] {logging_mixin.py:188} INFO - [2026-09-10T14:38:11.423+0000] {dag.py:3047} INFO - Sync 1 DAGs
[2026-09-10T14:38:11.456+0000] {logging_mixin.py:188} INFO - [2026-09-10T14:38:11.456+0000] {dag.py:3834} INFO - Setting next_dagrun for example_setup_teardown_taskflow to 2026-09-09 00:00:00+00:00, run_after=2026-09-10 00:00:00+00:00
[2026-09-10T14:38:11.494+0000] {processor.py:183} INFO - Processing /home/airflow/.local/lib/python3.8/site-packages/airflow/example_dags/example_setup_teardown_taskflow.py took 0.121 seconds
[2026-09-10T14:38:42.812+0000] {processor.py:161} INFO - Started process (PID=1531) to work on /home/airflow/.local/lib/python3.8/site-packages/airflow/example_dags/example_setup_teardown_taskflow.py
[2026-09-10T14:38:42.814+0000] {processor.py:830} INFO - Processing file /home/airflow/.local/lib/python3.8/site-packages/airflow/example_dags/example_setup_teardown_taskflow.py for tasks to queue
[2026-09-10T14:38:42.820+0000] {logging_mixin.py:188} INFO - [2026-09-10T14:38:42.819+0000] {dagbag.py:540} INFO - Filling up the DagBag from /home/airflow/.local/lib/python3.8/site-packages/airflow/example_dags/example_setup_teardown_taskflow.py
[2026-09-10T14:38:42.850+0000] {processor.py:840} INFO - DAG(s) 'example_setup_teardown_taskflow' retrieved from /home/airflow/.local/lib/python3.8/site-packages/airflow/example_dags/example_setup_teardown_taskflow.py
[2026-09-10T14:38:42.927+0000] {logging_mixin.py:188} INFO - [2026-09-10T14:38:42.926+0000] {dag.py:3047} INFO - Sync 1 DAGs
[2026-09-10T14:38:42.989+0000] {logging_mixin.py:188} INFO - [2026-09-10T14:38:42.989+0000] {dag.py:3834} INFO - Setting next_dagrun for example_setup_teardown_taskflow to 2026-09-09 00:00:00+00:00, run_after=2026-09-10 00:00:00+00:00
[2026-09-10T14:38:43.026+0000] {processor.py:183} INFO - Processing /home/airflow/.local/lib/python3.8/site-packages/airflow/example_dags/example_setup_teardown_taskflow.py took 0.219 seconds
[2026-09-10T14:39:13.525+0000] {processor.py:161} INFO - Started process (PID=1590) to work on /home/airflow/.local/lib/python3.8/site-packages/airflow/example_dags/example_setup_teardown_taskflow.py
[2026-09-10T14:39:13.528+0000] {processor.py:830} INFO - Processing file /home/airflow/.local/lib/python3.8/site-packages/airflow/example_dags/example_setup_teardown_taskflow.py for tasks to queue
[2026-09-10T14:39:13.539+0000] {logging_mixin.py:188} INFO - [2026-09-10T14:39:13.538+0000] {dagbag.py:540} INFO - Filling up the DagBag from /home/airflow/.local/lib/python3.8/site-packages/airflow/example_dags/example_setup_teardown_taskflow.py
[2026-09-10T14:39:13.558+0000] {processor.py:840} INFO - DAG(s) 'example_setup_teardown_taskflow' retrieved from /home/airflow/.local/lib/python3.8/site-packages/airflow/example_dags/example_setup_teardown_taskflow.py
[2026-09-10T14:39:13.594+0000] {logging_mixin.py:188} INFO - [2026-09-10T14:39:13.594+0000] {dag.py:3047} INFO - Sync 1 DAGs
[2026-09-10T14:39:13.625+0000] {logging_mixin.py:188} INFO - [2026-09-10T14:39:13.625+0000] {dag.py:3834} INFO - Setting next_dagrun for example_setup_teardown_taskflow to 2026-09-09 00:00:00+00:00, run_after=2026-09-10 00:00:00+00:00
[2026-09-10T14:39:13.657+0000] {processor.py:183} INFO - Processing /home/airflow/.local/lib/python3.8/site-packages/airflow/example_dags/example_setup_teardown_taskflow.py took 0.139 seconds
[2026-09-10T14:39:45.043+0000] {processor.py:161} INFO - Started process (PID=1649) to work on /home/airflow/.local/lib/python3.8/site-packages/airflow/example_dags/example_setup_teardown_taskflow.py
[2026-09-10T14:39:45.049+0000] {processor.py:830} INFO - Processing file /home/airflow/.local/lib/python3.8/site-packages/airflow/example_dags/example_setup_teardown_taskflow.py for tasks to queue
[2026-09-10T14:39:45.054+0000] {logging_mixin.py:188} INFO - [2026-09-10T14:39:45.054+0000] {dagbag.py:540} INFO - Filling up the DagBag from /home/airflow/.local/lib/python3.8/site-packages/airflow/example_dags/example_setup_teardown_taskflow.py
[2026-09-10T14:39:45.080+0000] {processor.py:840} INFO - DAG(s) 'example_setup_teardown_taskflow' retrieved from /home/airflow/.local/lib/python3.8/site-packages/airflow/example_dags/example_setup_teardown_taskflow.py
[2026-09-10T14:39:45.120+0000] {logging_mixin.py:188} INFO - [2026-09-10T14:39:45.120+0000] {dag.py:3047} INFO - Sync 1 DAGs
[2026-09-10T14:39:45.157+0000] {logging_mixin.py:188} INFO - [2026-09-10T14:39:45.157+0000] {dag.py:3834} INFO - Setting next_dagrun for example_setup_teardown_taskflow to 2026-09-09 00:00:00+00:00, run_after=2026-09-10 00:00:00+00:00
[2026-09-10T14:39:45.187+0000] {processor.py:183} INFO - Processing /home/airflow/.local/lib/python3.8/site-packages/airflow/example_dags/example_setup_teardown_taskflow.py took 0.150 seconds
[2026-09-10T14:40:16.308+0000] {processor.py:161} INFO - Started process (PID=1708) to work on /home/airflow/.local/lib/python3.8/site-packages/airflow/example_dags/example_setup_teardown_taskflow.py
[2026-09-10T14:40:16.310+0000] {processor.py:830} INFO - Processing file /home/airflow/.local/lib/python3.8/site-packages/airflow/example_dags/example_setup_teardown_taskflow.py for tasks to queue
[2026-09-10T14:40:16.313+0000] {logging_mixin.py:188} INFO - [2026-09-10T14:40:16.312+0000] {dagbag.py:540} INFO - Filling up the DagBag from /home/airflow/.local/lib/python3.8/site-packages/airflow/example_dags/example_setup_teardown_taskflow.py
[2026-09-10T14:40:16.323+0000] {processor.py:840} INFO - DAG(s) 'example_setup_teardown_taskflow' retrieved from /home/airflow/.local/lib/python3.8/site-packages/airflow/example_dags/example_setup_teardown_taskflow.py
[2026-09-10T14:40:16.352+0000] {logging_mixin.py:188} INFO - [2026-09-10T14:40:16.352+0000] {dag.py:3047} INFO - Sync 1 DAGs
[2026-09-10T14:40:16.378+0000] {logging_mixin.py:188} INFO - [2026-09-10T14:40:16.378+0000] {dag.py:3834} INFO - Setting next_dagrun for example_setup_teardown_taskflow to 2026-09-09 00:00:00+00:00, run_after=2026-09-10 00:00:00+00:00
[2026-09-10T14:40:16.400+0000] {processor.py:183} INFO - Processing /home/airflow/.local/lib/python3.8/site-packages/airflow/example_dags/example_setup_teardown_taskflow.py took 0.096 seconds
