[2026-09-08T13:44:50.320+0000] {processor.py:161} INFO - Started process (PID=114) to work on /home/airflow/.local/lib/python3.8/site-packages/airflow/example_dags/example_datasets.py
[2026-09-08T13:44:50.325+0000] {processor.py:830} INFO - Processing file /home/airflow/.local/lib/python3.8/site-packages/airflow/example_dags/example_datasets.py for tasks to queue
[2026-09-08T13:44:50.328+0000] {logging_mixin.py:188} INFO - [2026-09-08T13:44:50.328+0000] {dagbag.py:540} INFO - Filling up the DagBag from /home/airflow/.local/lib/python3.8/site-packages/airflow/example_dags/example_datasets.py
[2026-09-08T13:44:50.364+0000] {processor.py:840} INFO - DAG(s) 'dataset_consumes_1_and_2', 'dataset_consumes_1', 'dataset_produces_1', 'dataset_consumes_1_never_scheduled', 'dataset_produces_2', 'dataset_consumes_unknown_never_scheduled' retrieved from /home/airflow/.local/lib/python3.8/site-packages/airflow/example_dags/example_datasets.py
[2026-09-08T13:44:50.450+0000] {logging_mixin.py:188} INFO - [2026-09-08T13:44:50.450+0000] {dag.py:3047} INFO - Sync 6 DAGs
[2026-09-08T13:44:50.521+0000] {logging_mixin.py:188} INFO - [2026-09-08T13:44:50.520+0000] {dag.py:3834} INFO - Setting next_dagrun for dataset_consumes_1 to None, run_after=None
[2026-09-08T13:44:50.532+0000] {logging_mixin.py:188} INFO - [2026-09-08T13:44:50.531+0000] {dag.py:3834} INFO - Setting next_dagrun for dataset_consumes_1_and_2 to None, run_after=None
[2026-09-08T13:44:50.535+0000] {logging_mixin.py:188} INFO - [2026-09-08T13:44:50.535+0000] {dag.py:3834} INFO - Setting next_dagrun for dataset_consumes_1_never_scheduled to None, run_after=None
[2026-09-08T13:44:50.540+0000] {logging_mixin.py:188} INFO - [2026-09-08T13:44:50.539+0000] {dag.py:3834} INFO - Setting next_dagrun for dataset_consumes_unknown_never_scheduled to None, run_after=None
[2026-09-08T13:44:50.546+0000] {logging_mixin.py:188} INFO - [2026-09-08T13:44:50.546+0000] {dag.py:3834} INFO - Setting next_dagrun for dataset_produces_1 to 2026-09-07 00:00:00+00:00, run_after=2026-09-08 00:00:00+00:00
[2026-09-08T13:44:50.550+0000] {logging_mixin.py:188} INFO - [2026-09-08T13:44:50.550+0000] {dag.py:3834} INFO - Setting next_dagrun for dataset_produces_2 to None, run_after=None
[2026-09-08T13:44:50.626+0000] {processor.py:183} INFO - Processing /home/airflow/.local/lib/python3.8/site-packages/airflow/example_dags/example_datasets.py took 0.314 seconds
[2026-09-08T13:45:25.002+0000] {processor.py:161} INFO - Started process (PID=171) to work on /home/airflow/.local/lib/python3.8/site-packages/airflow/example_dags/example_datasets.py
[2026-09-08T13:45:25.007+0000] {processor.py:830} INFO - Processing file /home/airflow/.local/lib/python3.8/site-packages/airflow/example_dags/example_datasets.py for tasks to queue
[2026-09-08T13:45:25.010+0000] {logging_mixin.py:188} INFO - [2026-09-08T13:45:25.010+0000] {dagbag.py:540} INFO - Filling up the DagBag from /home/airflow/.local/lib/python3.8/site-packages/airflow/example_dags/example_datasets.py
[2026-09-08T13:45:25.024+0000] {processor.py:840} INFO - DAG(s) 'dataset_produces_1', 'dataset_consumes_1_and_2', 'dataset_consumes_1', 'dataset_consumes_1_never_scheduled', 'dataset_consumes_unknown_never_scheduled', 'dataset_produces_2' retrieved from /home/airflow/.local/lib/python3.8/site-packages/airflow/example_dags/example_datasets.py
[2026-09-08T13:45:25.262+0000] {logging_mixin.py:188} INFO - [2026-09-08T13:45:25.262+0000] {dag.py:3047} INFO - Sync 6 DAGs
[2026-09-08T13:45:25.303+0000] {logging_mixin.py:188} INFO - [2026-09-08T13:45:25.302+0000] {dag.py:3834} INFO - Setting next_dagrun for dataset_consumes_1 to None, run_after=None
[2026-09-08T13:45:25.309+0000] {logging_mixin.py:188} INFO - [2026-09-08T13:45:25.308+0000] {dag.py:3834} INFO - Setting next_dagrun for dataset_consumes_1_and_2 to None, run_after=None
[2026-09-08T13:45:25.312+0000] {logging_mixin.py:188} INFO - [2026-09-08T13:45:25.312+0000] {dag.py:3834} INFO - Setting next_dagrun for dataset_consumes_1_never_scheduled to None, run_after=None
[2026-09-08T13:45:25.318+0000] {logging_mixin.py:188} INFO - [2026-09-08T13:45:25.317+0000] {dag.py:3834} INFO - Setting next_dagrun for dataset_consumes_unknown_never_scheduled to None, run_after=None
[2026-09-08T13:45:25.326+0000] {logging_mixin.py:188} INFO - [2026-09-08T13:45:25.325+0000] {dag.py:3834} INFO - Setting next_dagrun for dataset_produces_1 to 2026-09-07 00:00:00+00:00, run_after=2026-09-08 00:00:00+00:00
[2026-09-08T13:45:25.328+0000] {logging_mixin.py:188} INFO - [2026-09-08T13:45:25.328+0000] {dag.py:3834} INFO - Setting next_dagrun for dataset_produces_2 to None, run_after=None
[2026-09-08T13:45:25.387+0000] {processor.py:183} INFO - Processing /home/airflow/.local/lib/python3.8/site-packages/airflow/example_dags/example_datasets.py took 0.390 seconds
[2026-09-08T13:45:55.900+0000] {processor.py:161} INFO - Started process (PID=232) to work on /home/airflow/.local/lib/python3.8/site-packages/airflow/example_dags/example_datasets.py
[2026-09-08T13:45:55.912+0000] {processor.py:830} INFO - Processing file /home/airflow/.local/lib/python3.8/site-packages/airflow/example_dags/example_datasets.py for tasks to queue
[2026-09-08T13:45:55.918+0000] {logging_mixin.py:188} INFO - [2026-09-08T13:45:55.917+0000] {dagbag.py:540} INFO - Filling up the DagBag from /home/airflow/.local/lib/python3.8/site-packages/airflow/example_dags/example_datasets.py
[2026-09-08T13:45:55.962+0000] {processor.py:840} INFO - DAG(s) 'dataset_consumes_1_never_scheduled', 'dataset_produces_2', 'dataset_consumes_unknown_never_scheduled', 'dataset_consumes_1', 'dataset_produces_1', 'dataset_consumes_1_and_2' retrieved from /home/airflow/.local/lib/python3.8/site-packages/airflow/example_dags/example_datasets.py
[2026-09-08T13:45:56.102+0000] {logging_mixin.py:188} INFO - [2026-09-08T13:45:56.101+0000] {dag.py:3047} INFO - Sync 6 DAGs
[2026-09-08T13:45:56.223+0000] {logging_mixin.py:188} INFO - [2026-09-08T13:45:56.222+0000] {dag.py:3834} INFO - Setting next_dagrun for dataset_consumes_1 to None, run_after=None
[2026-09-08T13:45:56.235+0000] {logging_mixin.py:188} INFO - [2026-09-08T13:45:56.234+0000] {dag.py:3834} INFO - Setting next_dagrun for dataset_consumes_1_and_2 to None, run_after=None
[2026-09-08T13:45:56.257+0000] {logging_mixin.py:188} INFO - [2026-09-08T13:45:56.256+0000] {dag.py:3834} INFO - Setting next_dagrun for dataset_consumes_1_never_scheduled to None, run_after=None
[2026-09-08T13:45:56.272+0000] {logging_mixin.py:188} INFO - [2026-09-08T13:45:56.272+0000] {dag.py:3834} INFO - Setting next_dagrun for dataset_consumes_unknown_never_scheduled to None, run_after=None
[2026-09-08T13:45:56.286+0000] {logging_mixin.py:188} INFO - [2026-09-08T13:45:56.285+0000] {dag.py:3834} INFO - Setting next_dagrun for dataset_produces_1 to 2026-09-07 00:00:00+00:00, run_after=2026-09-08 00:00:00+00:00
[2026-09-08T13:45:56.289+0000] {logging_mixin.py:188} INFO - [2026-09-08T13:45:56.289+0000] {dag.py:3834} INFO - Setting next_dagrun for dataset_produces_2 to None, run_after=None
[2026-09-08T13:45:56.418+0000] {processor.py:183} INFO - Processing /home/airflow/.local/lib/python3.8/site-packages/airflow/example_dags/example_datasets.py took 0.537 seconds
[2026-09-08T13:46:27.302+0000] {processor.py:161} INFO - Started process (PID=290) to work on /home/airflow/.local/lib/python3.8/site-packages/airflow/example_dags/example_datasets.py
[2026-09-08T13:46:27.304+0000] {processor.py:830} INFO - Processing file /home/airflow/.local/lib/python3.8/site-packages/airflow/example_dags/example_datasets.py for tasks to queue
[2026-09-08T13:46:27.307+0000] {logging_mixin.py:188} INFO - [2026-09-08T13:46:27.307+0000] {dagbag.py:540} INFO - Filling up the DagBag from /home/airflow/.local/lib/python3.8/site-packages/airflow/example_dags/example_datasets.py
[2026-09-08T13:46:27.319+0000] {processor.py:840} INFO - DAG(s) 'dataset_consumes_unknown_never_scheduled', 'dataset_consumes_1', 'dataset_produces_2', 'dataset_consumes_1_and_2', 'dataset_produces_1', 'dataset_consumes_1_never_scheduled' retrieved from /home/airflow/.local/lib/python3.8/site-packages/airflow/example_dags/example_datasets.py
[2026-09-08T13:46:27.361+0000] {logging_mixin.py:188} INFO - [2026-09-08T13:46:27.361+0000] {dag.py:3047} INFO - Sync 6 DAGs
[2026-09-08T13:46:27.389+0000] {logging_mixin.py:188} INFO - [2026-09-08T13:46:27.388+0000] {dag.py:3834} INFO - Setting next_dagrun for dataset_consumes_1 to None, run_after=None
[2026-09-08T13:46:27.394+0000] {logging_mixin.py:188} INFO - [2026-09-08T13:46:27.394+0000] {dag.py:3834} INFO - Setting next_dagrun for dataset_consumes_1_and_2 to None, run_after=None
[2026-09-08T13:46:27.398+0000] {logging_mixin.py:188} INFO - [2026-09-08T13:46:27.397+0000] {dag.py:3834} INFO - Setting next_dagrun for dataset_consumes_1_never_scheduled to None, run_after=None
[2026-09-08T13:46:27.401+0000] {logging_mixin.py:188} INFO - [2026-09-08T13:46:27.400+0000] {dag.py:3834} INFO - Setting next_dagrun for dataset_consumes_unknown_never_scheduled to None, run_after=None
[2026-09-08T13:46:27.404+0000] {logging_mixin.py:188} INFO - [2026-09-08T13:46:27.404+0000] {dag.py:3834} INFO - Setting next_dagrun for dataset_produces_1 to 2026-09-07 00:00:00+00:00, run_after=2026-09-08 00:00:00+00:00
[2026-09-08T13:46:27.407+0000] {logging_mixin.py:188} INFO - [2026-09-08T13:46:27.407+0000] {dag.py:3834} INFO - Setting next_dagrun for dataset_produces_2 to None, run_after=None
[2026-09-08T13:46:27.449+0000] {processor.py:183} INFO - Processing /home/airflow/.local/lib/python3.8/site-packages/airflow/example_dags/example_datasets.py took 0.150 seconds
[2026-09-08T13:46:57.575+0000] {processor.py:161} INFO - Started process (PID=346) to work on /home/airflow/.local/lib/python3.8/site-packages/airflow/example_dags/example_datasets.py
[2026-09-08T13:46:57.577+0000] {processor.py:830} INFO - Processing file /home/airflow/.local/lib/python3.8/site-packages/airflow/example_dags/example_datasets.py for tasks to queue
[2026-09-08T13:46:57.579+0000] {logging_mixin.py:188} INFO - [2026-09-08T13:46:57.579+0000] {dagbag.py:540} INFO - Filling up the DagBag from /home/airflow/.local/lib/python3.8/site-packages/airflow/example_dags/example_datasets.py
[2026-09-08T13:46:57.591+0000] {processor.py:840} INFO - DAG(s) 'dataset_consumes_1_and_2', 'dataset_produces_2', 'dataset_consumes_1', 'dataset_consumes_1_never_scheduled', 'dataset_produces_1', 'dataset_consumes_unknown_never_scheduled' retrieved from /home/airflow/.local/lib/python3.8/site-packages/airflow/example_dags/example_datasets.py
[2026-09-08T13:46:57.632+0000] {logging_mixin.py:188} INFO - [2026-09-08T13:46:57.631+0000] {dag.py:3047} INFO - Sync 6 DAGs
[2026-09-08T13:46:57.662+0000] {logging_mixin.py:188} INFO - [2026-09-08T13:46:57.662+0000] {dag.py:3834} INFO - Setting next_dagrun for dataset_consumes_1 to None, run_after=None
[2026-09-08T13:46:57.666+0000] {logging_mixin.py:188} INFO - [2026-09-08T13:46:57.666+0000] {dag.py:3834} INFO - Setting next_dagrun for dataset_consumes_1_and_2 to None, run_after=None
[2026-09-08T13:46:57.669+0000] {logging_mixin.py:188} INFO - [2026-09-08T13:46:57.669+0000] {dag.py:3834} INFO - Setting next_dagrun for dataset_consumes_1_never_scheduled to None, run_after=None
[2026-09-08T13:46:57.673+0000] {logging_mixin.py:188} INFO - [2026-09-08T13:46:57.672+0000] {dag.py:3834} INFO - Setting next_dagrun for dataset_consumes_unknown_never_scheduled to None, run_after=None
[2026-09-08T13:46:57.679+0000] {logging_mixin.py:188} INFO - [2026-09-08T13:46:57.678+0000] {dag.py:3834} INFO - Setting next_dagrun for dataset_produces_1 to 2026-09-07 00:00:00+00:00, run_after=2026-09-08 00:00:00+00:00
[2026-09-08T13:46:57.682+0000] {logging_mixin.py:188} INFO - [2026-09-08T13:46:57.681+0000] {dag.py:3834} INFO - Setting next_dagrun for dataset_produces_2 to None, run_after=None
[2026-09-08T13:46:57.736+0000] {processor.py:183} INFO - Processing /home/airflow/.local/lib/python3.8/site-packages/airflow/example_dags/example_datasets.py took 0.166 seconds
[2026-09-08T13:47:28.462+0000] {processor.py:161} INFO - Started process (PID=408) to work on /home/airflow/.local/lib/python3.8/site-packages/airflow/example_dags/example_datasets.py
[2026-09-08T13:47:28.463+0000] {processor.py:830} INFO - Processing file /home/airflow/.local/lib/python3.8/site-packages/airflow/example_dags/example_datasets.py for tasks to queue
[2026-09-08T13:47:28.466+0000] {logging_mixin.py:188} INFO - [2026-09-08T13:47:28.466+0000] {dagbag.py:540} INFO - Filling up the DagBag from /home/airflow/.local/lib/python3.8/site-packages/airflow/example_dags/example_datasets.py
[2026-09-08T13:47:28.479+0000] {processor.py:840} INFO - DAG(s) 'dataset_produces_2', 'dataset_consumes_1', 'dataset_consumes_1_and_2', 'dataset_produces_1', 'dataset_consumes_1_never_scheduled', 'dataset_consumes_unknown_never_scheduled' retrieved from /home/airflow/.local/lib/python3.8/site-packages/airflow/example_dags/example_datasets.py
[2026-09-08T13:47:28.533+0000] {logging_mixin.py:188} INFO - [2026-09-08T13:47:28.533+0000] {dag.py:3047} INFO - Sync 6 DAGs
[2026-09-08T13:47:28.565+0000] {logging_mixin.py:188} INFO - [2026-09-08T13:47:28.565+0000] {dag.py:3834} INFO - Setting next_dagrun for dataset_consumes_1 to None, run_after=None
[2026-09-08T13:47:28.571+0000] {logging_mixin.py:188} INFO - [2026-09-08T13:47:28.570+0000] {dag.py:3834} INFO - Setting next_dagrun for dataset_consumes_1_and_2 to None, run_after=None
[2026-09-08T13:47:28.574+0000] {logging_mixin.py:188} INFO - [2026-09-08T13:47:28.573+0000] {dag.py:3834} INFO - Setting next_dagrun for dataset_consumes_1_never_scheduled to None, run_after=None
[2026-09-08T13:47:28.576+0000] {logging_mixin.py:188} INFO - [2026-09-08T13:47:28.576+0000] {dag.py:3834} INFO - Setting next_dagrun for dataset_consumes_unknown_never_scheduled to None, run_after=None
[2026-09-08T13:47:28.580+0000] {logging_mixin.py:188} INFO - [2026-09-08T13:47:28.580+0000] {dag.py:3834} INFO - Setting next_dagrun for dataset_produces_1 to 2026-09-07 00:00:00+00:00, run_after=2026-09-08 00:00:00+00:00
[2026-09-08T13:47:28.582+0000] {logging_mixin.py:188} INFO - [2026-09-08T13:47:28.582+0000] {dag.py:3834} INFO - Setting next_dagrun for dataset_produces_2 to None, run_after=None
[2026-09-08T13:47:28.628+0000] {processor.py:183} INFO - Processing /home/airflow/.local/lib/python3.8/site-packages/airflow/example_dags/example_datasets.py took 0.171 seconds
[2026-09-08T13:47:59.052+0000] {processor.py:161} INFO - Started process (PID=465) to work on /home/airflow/.local/lib/python3.8/site-packages/airflow/example_dags/example_datasets.py
[2026-09-08T13:47:59.054+0000] {processor.py:830} INFO - Processing file /home/airflow/.local/lib/python3.8/site-packages/airflow/example_dags/example_datasets.py for tasks to queue
[2026-09-08T13:47:59.057+0000] {logging_mixin.py:188} INFO - [2026-09-08T13:47:59.056+0000] {dagbag.py:540} INFO - Filling up the DagBag from /home/airflow/.local/lib/python3.8/site-packages/airflow/example_dags/example_datasets.py
[2026-09-08T13:47:59.070+0000] {processor.py:840} INFO - DAG(s) 'dataset_consumes_1_never_scheduled', 'dataset_produces_1', 'dataset_consumes_1', 'dataset_consumes_unknown_never_scheduled', 'dataset_consumes_1_and_2', 'dataset_produces_2' retrieved from /home/airflow/.local/lib/python3.8/site-packages/airflow/example_dags/example_datasets.py
[2026-09-08T13:47:59.092+0000] {logging_mixin.py:188} INFO - [2026-09-08T13:47:59.091+0000] {dag.py:3047} INFO - Sync 6 DAGs
[2026-09-08T13:47:59.122+0000] {logging_mixin.py:188} INFO - [2026-09-08T13:47:59.122+0000] {dag.py:3834} INFO - Setting next_dagrun for dataset_consumes_1 to None, run_after=None
[2026-09-08T13:47:59.127+0000] {logging_mixin.py:188} INFO - [2026-09-08T13:47:59.127+0000] {dag.py:3834} INFO - Setting next_dagrun for dataset_consumes_1_and_2 to None, run_after=None
[2026-09-08T13:47:59.130+0000] {logging_mixin.py:188} INFO - [2026-09-08T13:47:59.130+0000] {dag.py:3834} INFO - Setting next_dagrun for dataset_consumes_1_never_scheduled to None, run_after=None
[2026-09-08T13:47:59.134+0000] {logging_mixin.py:188} INFO - [2026-09-08T13:47:59.134+0000] {dag.py:3834} INFO - Setting next_dagrun for dataset_consumes_unknown_never_scheduled to None, run_after=None
[2026-09-08T13:47:59.141+0000] {logging_mixin.py:188} INFO - [2026-09-08T13:47:59.140+0000] {dag.py:3834} INFO - Setting next_dagrun for dataset_produces_1 to 2026-09-07 00:00:00+00:00, run_after=2026-09-08 00:00:00+00:00
[2026-09-08T13:47:59.143+0000] {logging_mixin.py:188} INFO - [2026-09-08T13:47:59.143+0000] {dag.py:3834} INFO - Setting next_dagrun for dataset_produces_2 to None, run_after=None
[2026-09-08T13:47:59.188+0000] {processor.py:183} INFO - Processing /home/airflow/.local/lib/python3.8/site-packages/airflow/example_dags/example_datasets.py took 0.140 seconds
[2026-09-08T13:48:29.717+0000] {processor.py:161} INFO - Started process (PID=522) to work on /home/airflow/.local/lib/python3.8/site-packages/airflow/example_dags/example_datasets.py
[2026-09-08T13:48:29.719+0000] {processor.py:830} INFO - Processing file /home/airflow/.local/lib/python3.8/site-packages/airflow/example_dags/example_datasets.py for tasks to queue
[2026-09-08T13:48:29.722+0000] {logging_mixin.py:188} INFO - [2026-09-08T13:48:29.722+0000] {dagbag.py:540} INFO - Filling up the DagBag from /home/airflow/.local/lib/python3.8/site-packages/airflow/example_dags/example_datasets.py
[2026-09-08T13:48:29.739+0000] {processor.py:840} INFO - DAG(s) 'dataset_produces_2', 'dataset_consumes_1', 'dataset_produces_1', 'dataset_consumes_1_never_scheduled', 'dataset_consumes_1_and_2', 'dataset_consumes_unknown_never_scheduled' retrieved from /home/airflow/.local/lib/python3.8/site-packages/airflow/example_dags/example_datasets.py
[2026-09-08T13:48:29.962+0000] {logging_mixin.py:188} INFO - [2026-09-08T13:48:29.961+0000] {dag.py:3047} INFO - Sync 6 DAGs
[2026-09-08T13:48:30.003+0000] {logging_mixin.py:188} INFO - [2026-09-08T13:48:30.003+0000] {dag.py:3834} INFO - Setting next_dagrun for dataset_consumes_1 to None, run_after=None
[2026-09-08T13:48:30.011+0000] {logging_mixin.py:188} INFO - [2026-09-08T13:48:30.011+0000] {dag.py:3834} INFO - Setting next_dagrun for dataset_consumes_1_and_2 to None, run_after=None
[2026-09-08T13:48:30.017+0000] {logging_mixin.py:188} INFO - [2026-09-08T13:48:30.016+0000] {dag.py:3834} INFO - Setting next_dagrun for dataset_consumes_1_never_scheduled to None, run_after=None
[2026-09-08T13:48:30.022+0000] {logging_mixin.py:188} INFO - [2026-09-08T13:48:30.021+0000] {dag.py:3834} INFO - Setting next_dagrun for dataset_consumes_unknown_never_scheduled to None, run_after=None
[2026-09-08T13:48:30.028+0000] {logging_mixin.py:188} INFO - [2026-09-08T13:48:30.027+0000] {dag.py:3834} INFO - Setting next_dagrun for dataset_produces_1 to 2026-09-07 00:00:00+00:00, run_after=2026-09-08 00:00:00+00:00
[2026-09-08T13:48:30.032+0000] {logging_mixin.py:188} INFO - [2026-09-08T13:48:30.031+0000] {dag.py:3834} INFO - Setting next_dagrun for dataset_produces_2 to None, run_after=None
[2026-09-08T13:48:30.103+0000] {processor.py:183} INFO - Processing /home/airflow/.local/lib/python3.8/site-packages/airflow/example_dags/example_datasets.py took 0.389 seconds
[2026-09-08T13:49:00.261+0000] {processor.py:161} INFO - Started process (PID=578) to work on /home/airflow/.local/lib/python3.8/site-packages/airflow/example_dags/example_datasets.py
[2026-09-08T13:49:00.266+0000] {processor.py:830} INFO - Processing file /home/airflow/.local/lib/python3.8/site-packages/airflow/example_dags/example_datasets.py for tasks to queue
[2026-09-08T13:49:00.274+0000] {logging_mixin.py:188} INFO - [2026-09-08T13:49:00.273+0000] {dagbag.py:540} INFO - Filling up the DagBag from /home/airflow/.local/lib/python3.8/site-packages/airflow/example_dags/example_datasets.py
[2026-09-08T13:49:00.306+0000] {processor.py:840} INFO - DAG(s) 'dataset_consumes_1_and_2', 'dataset_consumes_1_never_scheduled', 'dataset_produces_1', 'dataset_consumes_1', 'dataset_produces_2', 'dataset_consumes_unknown_never_scheduled' retrieved from /home/airflow/.local/lib/python3.8/site-packages/airflow/example_dags/example_datasets.py
[2026-09-08T13:49:00.376+0000] {logging_mixin.py:188} INFO - [2026-09-08T13:49:00.375+0000] {dag.py:3047} INFO - Sync 6 DAGs
[2026-09-08T13:49:00.424+0000] {logging_mixin.py:188} INFO - [2026-09-08T13:49:00.424+0000] {dag.py:3834} INFO - Setting next_dagrun for dataset_consumes_1 to None, run_after=None
[2026-09-08T13:49:00.433+0000] {logging_mixin.py:188} INFO - [2026-09-08T13:49:00.433+0000] {dag.py:3834} INFO - Setting next_dagrun for dataset_consumes_1_and_2 to None, run_after=None
[2026-09-08T13:49:00.436+0000] {logging_mixin.py:188} INFO - [2026-09-08T13:49:00.435+0000] {dag.py:3834} INFO - Setting next_dagrun for dataset_consumes_1_never_scheduled to None, run_after=None
[2026-09-08T13:49:00.438+0000] {logging_mixin.py:188} INFO - [2026-09-08T13:49:00.438+0000] {dag.py:3834} INFO - Setting next_dagrun for dataset_consumes_unknown_never_scheduled to None, run_after=None
[2026-09-08T13:49:00.443+0000] {logging_mixin.py:188} INFO - [2026-09-08T13:49:00.442+0000] {dag.py:3834} INFO - Setting next_dagrun for dataset_produces_1 to 2026-09-07 00:00:00+00:00, run_after=2026-09-08 00:00:00+00:00
[2026-09-08T13:49:00.445+0000] {logging_mixin.py:188} INFO - [2026-09-08T13:49:00.445+0000] {dag.py:3834} INFO - Setting next_dagrun for dataset_produces_2 to None, run_after=None
[2026-09-08T13:49:00.491+0000] {processor.py:183} INFO - Processing /home/airflow/.local/lib/python3.8/site-packages/airflow/example_dags/example_datasets.py took 0.247 seconds
[2026-09-08T13:49:30.896+0000] {processor.py:161} INFO - Started process (PID=635) to work on /home/airflow/.local/lib/python3.8/site-packages/airflow/example_dags/example_datasets.py
[2026-09-08T13:49:30.898+0000] {processor.py:830} INFO - Processing file /home/airflow/.local/lib/python3.8/site-packages/airflow/example_dags/example_datasets.py for tasks to queue
[2026-09-08T13:49:30.902+0000] {logging_mixin.py:188} INFO - [2026-09-08T13:49:30.902+0000] {dagbag.py:540} INFO - Filling up the DagBag from /home/airflow/.local/lib/python3.8/site-packages/airflow/example_dags/example_datasets.py
[2026-09-08T13:49:30.917+0000] {processor.py:840} INFO - DAG(s) 'dataset_consumes_1_never_scheduled', 'dataset_produces_1', 'dataset_consumes_1_and_2', 'dataset_produces_2', 'dataset_consumes_1', 'dataset_consumes_unknown_never_scheduled' retrieved from /home/airflow/.local/lib/python3.8/site-packages/airflow/example_dags/example_datasets.py
[2026-09-08T13:49:30.969+0000] {logging_mixin.py:188} INFO - [2026-09-08T13:49:30.969+0000] {dag.py:3047} INFO - Sync 6 DAGs
[2026-09-08T13:49:30.998+0000] {logging_mixin.py:188} INFO - [2026-09-08T13:49:30.998+0000] {dag.py:3834} INFO - Setting next_dagrun for dataset_consumes_1 to None, run_after=None
[2026-09-08T13:49:31.004+0000] {logging_mixin.py:188} INFO - [2026-09-08T13:49:31.003+0000] {dag.py:3834} INFO - Setting next_dagrun for dataset_consumes_1_and_2 to None, run_after=None
[2026-09-08T13:49:31.007+0000] {logging_mixin.py:188} INFO - [2026-09-08T13:49:31.006+0000] {dag.py:3834} INFO - Setting next_dagrun for dataset_consumes_1_never_scheduled to None, run_after=None
[2026-09-08T13:49:31.010+0000] {logging_mixin.py:188} INFO - [2026-09-08T13:49:31.010+0000] {dag.py:3834} INFO - Setting next_dagrun for dataset_consumes_unknown_never_scheduled to None, run_after=None
[2026-09-08T13:49:31.016+0000] {logging_mixin.py:188} INFO - [2026-09-08T13:49:31.016+0000] {dag.py:3834} INFO - Setting next_dagrun for dataset_produces_1 to 2026-09-07 00:00:00+00:00, run_after=2026-09-08 00:00:00+00:00
[2026-09-08T13:49:31.019+0000] {logging_mixin.py:188} INFO - [2026-09-08T13:49:31.018+0000] {dag.py:3834} INFO - Setting next_dagrun for dataset_produces_2 to None, run_after=None
[2026-09-08T13:49:31.062+0000] {processor.py:183} INFO - Processing /home/airflow/.local/lib/python3.8/site-packages/airflow/example_dags/example_datasets.py took 0.172 seconds
[2026-09-08T13:50:01.378+0000] {processor.py:161} INFO - Started process (PID=692) to work on /home/airflow/.local/lib/python3.8/site-packages/airflow/example_dags/example_datasets.py
[2026-09-08T13:50:01.380+0000] {processor.py:830} INFO - Processing file /home/airflow/.local/lib/python3.8/site-packages/airflow/example_dags/example_datasets.py for tasks to queue
[2026-09-08T13:50:01.383+0000] {logging_mixin.py:188} INFO - [2026-09-08T13:50:01.382+0000] {dagbag.py:540} INFO - Filling up the DagBag from /home/airflow/.local/lib/python3.8/site-packages/airflow/example_dags/example_datasets.py
[2026-09-08T13:50:01.400+0000] {processor.py:840} INFO - DAG(s) 'dataset_produces_2', 'dataset_consumes_1', 'dataset_consumes_unknown_never_scheduled', 'dataset_consumes_1_and_2', 'dataset_consumes_1_never_scheduled', 'dataset_produces_1' retrieved from /home/airflow/.local/lib/python3.8/site-packages/airflow/example_dags/example_datasets.py
[2026-09-08T13:50:01.467+0000] {logging_mixin.py:188} INFO - [2026-09-08T13:50:01.467+0000] {dag.py:3047} INFO - Sync 6 DAGs
[2026-09-08T13:50:01.504+0000] {logging_mixin.py:188} INFO - [2026-09-08T13:50:01.504+0000] {dag.py:3834} INFO - Setting next_dagrun for dataset_consumes_1 to None, run_after=None
[2026-09-08T13:50:01.512+0000] {logging_mixin.py:188} INFO - [2026-09-08T13:50:01.512+0000] {dag.py:3834} INFO - Setting next_dagrun for dataset_consumes_1_and_2 to None, run_after=None
[2026-09-08T13:50:01.516+0000] {logging_mixin.py:188} INFO - [2026-09-08T13:50:01.516+0000] {dag.py:3834} INFO - Setting next_dagrun for dataset_consumes_1_never_scheduled to None, run_after=None
[2026-09-08T13:50:01.519+0000] {logging_mixin.py:188} INFO - [2026-09-08T13:50:01.518+0000] {dag.py:3834} INFO - Setting next_dagrun for dataset_consumes_unknown_never_scheduled to None, run_after=None
[2026-09-08T13:50:01.527+0000] {logging_mixin.py:188} INFO - [2026-09-08T13:50:01.527+0000] {dag.py:3834} INFO - Setting next_dagrun for dataset_produces_1 to 2026-09-07 00:00:00+00:00, run_after=2026-09-08 00:00:00+00:00
[2026-09-08T13:50:01.531+0000] {logging_mixin.py:188} INFO - [2026-09-08T13:50:01.530+0000] {dag.py:3834} INFO - Setting next_dagrun for dataset_produces_2 to None, run_after=None
[2026-09-08T13:50:01.604+0000] {processor.py:183} INFO - Processing /home/airflow/.local/lib/python3.8/site-packages/airflow/example_dags/example_datasets.py took 0.232 seconds
[2026-09-08T13:50:32.598+0000] {processor.py:161} INFO - Started process (PID=749) to work on /home/airflow/.local/lib/python3.8/site-packages/airflow/example_dags/example_datasets.py
[2026-09-08T13:50:32.601+0000] {processor.py:830} INFO - Processing file /home/airflow/.local/lib/python3.8/site-packages/airflow/example_dags/example_datasets.py for tasks to queue
[2026-09-08T13:50:32.607+0000] {logging_mixin.py:188} INFO - [2026-09-08T13:50:32.607+0000] {dagbag.py:540} INFO - Filling up the DagBag from /home/airflow/.local/lib/python3.8/site-packages/airflow/example_dags/example_datasets.py
[2026-09-08T13:50:32.626+0000] {processor.py:840} INFO - DAG(s) 'dataset_consumes_1_never_scheduled', 'dataset_consumes_1_and_2', 'dataset_produces_2', 'dataset_consumes_unknown_never_scheduled', 'dataset_produces_1', 'dataset_consumes_1' retrieved from /home/airflow/.local/lib/python3.8/site-packages/airflow/example_dags/example_datasets.py
[2026-09-08T13:50:32.680+0000] {logging_mixin.py:188} INFO - [2026-09-08T13:50:32.680+0000] {dag.py:3047} INFO - Sync 6 DAGs
[2026-09-08T13:50:32.719+0000] {logging_mixin.py:188} INFO - [2026-09-08T13:50:32.716+0000] {dag.py:3834} INFO - Setting next_dagrun for dataset_consumes_1 to None, run_after=None
[2026-09-08T13:50:32.727+0000] {logging_mixin.py:188} INFO - [2026-09-08T13:50:32.727+0000] {dag.py:3834} INFO - Setting next_dagrun for dataset_consumes_1_and_2 to None, run_after=None
[2026-09-08T13:50:32.729+0000] {logging_mixin.py:188} INFO - [2026-09-08T13:50:32.729+0000] {dag.py:3834} INFO - Setting next_dagrun for dataset_consumes_1_never_scheduled to None, run_after=None
[2026-09-08T13:50:32.731+0000] {logging_mixin.py:188} INFO - [2026-09-08T13:50:32.731+0000] {dag.py:3834} INFO - Setting next_dagrun for dataset_consumes_unknown_never_scheduled to None, run_after=None
[2026-09-08T13:50:32.741+0000] {logging_mixin.py:188} INFO - [2026-09-08T13:50:32.740+0000] {dag.py:3834} INFO - Setting next_dagrun for dataset_produces_1 to 2026-09-07 00:00:00+00:00, run_after=2026-09-08 00:00:00+00:00
[2026-09-08T13:50:32.744+0000] {logging_mixin.py:188} INFO - [2026-09-08T13:50:32.743+0000] {dag.py:3834} INFO - Setting next_dagrun for dataset_produces_2 to None, run_after=None
[2026-09-08T13:50:32.798+0000] {processor.py:183} INFO - Processing /home/airflow/.local/lib/python3.8/site-packages/airflow/example_dags/example_datasets.py took 0.203 seconds
[2026-09-08T13:51:02.844+0000] {processor.py:161} INFO - Started process (PID=805) to work on /home/airflow/.local/lib/python3.8/site-packages/airflow/example_dags/example_datasets.py
[2026-09-08T13:51:02.845+0000] {processor.py:830} INFO - Processing file /home/airflow/.local/lib/python3.8/site-packages/airflow/example_dags/example_datasets.py for tasks to queue
[2026-09-08T13:51:02.848+0000] {logging_mixin.py:188} INFO - [2026-09-08T13:51:02.848+0000] {dagbag.py:540} INFO - Filling up the DagBag from /home/airflow/.local/lib/python3.8/site-packages/airflow/example_dags/example_datasets.py
[2026-09-08T13:51:02.858+0000] {processor.py:840} INFO - DAG(s) 'dataset_consumes_1', 'dataset_consumes_unknown_never_scheduled', 'dataset_consumes_1_and_2', 'dataset_produces_2', 'dataset_produces_1', 'dataset_consumes_1_never_scheduled' retrieved from /home/airflow/.local/lib/python3.8/site-packages/airflow/example_dags/example_datasets.py
[2026-09-08T13:51:02.912+0000] {logging_mixin.py:188} INFO - [2026-09-08T13:51:02.911+0000] {dag.py:3047} INFO - Sync 6 DAGs
[2026-09-08T13:51:02.942+0000] {logging_mixin.py:188} INFO - [2026-09-08T13:51:02.942+0000] {dag.py:3834} INFO - Setting next_dagrun for dataset_consumes_1 to None, run_after=None
[2026-09-08T13:51:02.949+0000] {logging_mixin.py:188} INFO - [2026-09-08T13:51:02.948+0000] {dag.py:3834} INFO - Setting next_dagrun for dataset_consumes_1_and_2 to None, run_after=None
[2026-09-08T13:51:02.952+0000] {logging_mixin.py:188} INFO - [2026-09-08T13:51:02.952+0000] {dag.py:3834} INFO - Setting next_dagrun for dataset_consumes_1_never_scheduled to None, run_after=None
[2026-09-08T13:51:02.955+0000] {logging_mixin.py:188} INFO - [2026-09-08T13:51:02.954+0000] {dag.py:3834} INFO - Setting next_dagrun for dataset_consumes_unknown_never_scheduled to None, run_after=None
[2026-09-08T13:51:02.958+0000] {logging_mixin.py:188} INFO - [2026-09-08T13:51:02.958+0000] {dag.py:3834} INFO - Setting next_dagrun for dataset_produces_1 to 2026-09-07 00:00:00+00:00, run_after=2026-09-08 00:00:00+00:00
[2026-09-08T13:51:02.961+0000] {logging_mixin.py:188} INFO - [2026-09-08T13:51:02.960+0000] {dag.py:3834} INFO - Setting next_dagrun for dataset_produces_2 to None, run_after=None
[2026-09-08T13:51:03.003+0000] {processor.py:183} INFO - Processing /home/airflow/.local/lib/python3.8/site-packages/airflow/example_dags/example_datasets.py took 0.164 seconds
[2026-09-08T13:51:33.422+0000] {processor.py:161} INFO - Started process (PID=863) to work on /home/airflow/.local/lib/python3.8/site-packages/airflow/example_dags/example_datasets.py
[2026-09-08T13:51:33.424+0000] {processor.py:830} INFO - Processing file /home/airflow/.local/lib/python3.8/site-packages/airflow/example_dags/example_datasets.py for tasks to queue
[2026-09-08T13:51:33.427+0000] {logging_mixin.py:188} INFO - [2026-09-08T13:51:33.426+0000] {dagbag.py:540} INFO - Filling up the DagBag from /home/airflow/.local/lib/python3.8/site-packages/airflow/example_dags/example_datasets.py
[2026-09-08T13:51:33.439+0000] {processor.py:840} INFO - DAG(s) 'dataset_produces_1', 'dataset_consumes_1_never_scheduled', 'dataset_produces_2', 'dataset_consumes_1', 'dataset_consumes_unknown_never_scheduled', 'dataset_consumes_1_and_2' retrieved from /home/airflow/.local/lib/python3.8/site-packages/airflow/example_dags/example_datasets.py
[2026-09-08T13:51:33.480+0000] {logging_mixin.py:188} INFO - [2026-09-08T13:51:33.480+0000] {dag.py:3047} INFO - Sync 6 DAGs
[2026-09-08T13:51:33.506+0000] {logging_mixin.py:188} INFO - [2026-09-08T13:51:33.505+0000] {dag.py:3834} INFO - Setting next_dagrun for dataset_consumes_1 to None, run_after=None
[2026-09-08T13:51:33.513+0000] {logging_mixin.py:188} INFO - [2026-09-08T13:51:33.513+0000] {dag.py:3834} INFO - Setting next_dagrun for dataset_consumes_1_and_2 to None, run_after=None
[2026-09-08T13:51:33.516+0000] {logging_mixin.py:188} INFO - [2026-09-08T13:51:33.516+0000] {dag.py:3834} INFO - Setting next_dagrun for dataset_consumes_1_never_scheduled to None, run_after=None
[2026-09-08T13:51:33.520+0000] {logging_mixin.py:188} INFO - [2026-09-08T13:51:33.519+0000] {dag.py:3834} INFO - Setting next_dagrun for dataset_consumes_unknown_never_scheduled to None, run_after=None
[2026-09-08T13:51:33.524+0000] {logging_mixin.py:188} INFO - [2026-09-08T13:51:33.524+0000] {dag.py:3834} INFO - Setting next_dagrun for dataset_produces_1 to 2026-09-07 00:00:00+00:00, run_after=2026-09-08 00:00:00+00:00
[2026-09-08T13:51:33.527+0000] {logging_mixin.py:188} INFO - [2026-09-08T13:51:33.526+0000] {dag.py:3834} INFO - Setting next_dagrun for dataset_produces_2 to None, run_after=None
[2026-09-08T13:51:33.566+0000] {processor.py:183} INFO - Processing /home/airflow/.local/lib/python3.8/site-packages/airflow/example_dags/example_datasets.py took 0.148 seconds
[2026-09-08T13:52:04.353+0000] {processor.py:161} INFO - Started process (PID=920) to work on /home/airflow/.local/lib/python3.8/site-packages/airflow/example_dags/example_datasets.py
[2026-09-08T13:52:04.355+0000] {processor.py:830} INFO - Processing file /home/airflow/.local/lib/python3.8/site-packages/airflow/example_dags/example_datasets.py for tasks to queue
[2026-09-08T13:52:04.360+0000] {logging_mixin.py:188} INFO - [2026-09-08T13:52:04.359+0000] {dagbag.py:540} INFO - Filling up the DagBag from /home/airflow/.local/lib/python3.8/site-packages/airflow/example_dags/example_datasets.py
[2026-09-08T13:52:04.374+0000] {processor.py:840} INFO - DAG(s) 'dataset_consumes_1_and_2', 'dataset_produces_2', 'dataset_produces_1', 'dataset_consumes_unknown_never_scheduled', 'dataset_consumes_1_never_scheduled', 'dataset_consumes_1' retrieved from /home/airflow/.local/lib/python3.8/site-packages/airflow/example_dags/example_datasets.py
[2026-09-08T13:52:04.424+0000] {logging_mixin.py:188} INFO - [2026-09-08T13:52:04.423+0000] {dag.py:3047} INFO - Sync 6 DAGs
[2026-09-08T13:52:04.452+0000] {logging_mixin.py:188} INFO - [2026-09-08T13:52:04.451+0000] {dag.py:3834} INFO - Setting next_dagrun for dataset_consumes_1 to None, run_after=None
[2026-09-08T13:52:04.459+0000] {logging_mixin.py:188} INFO - [2026-09-08T13:52:04.458+0000] {dag.py:3834} INFO - Setting next_dagrun for dataset_consumes_1_and_2 to None, run_after=None
[2026-09-08T13:52:04.462+0000] {logging_mixin.py:188} INFO - [2026-09-08T13:52:04.462+0000] {dag.py:3834} INFO - Setting next_dagrun for dataset_consumes_1_never_scheduled to None, run_after=None
[2026-09-08T13:52:04.465+0000] {logging_mixin.py:188} INFO - [2026-09-08T13:52:04.464+0000] {dag.py:3834} INFO - Setting next_dagrun for dataset_consumes_unknown_never_scheduled to None, run_after=None
[2026-09-08T13:52:04.468+0000] {logging_mixin.py:188} INFO - [2026-09-08T13:52:04.468+0000] {dag.py:3834} INFO - Setting next_dagrun for dataset_produces_1 to 2026-09-07 00:00:00+00:00, run_after=2026-09-08 00:00:00+00:00
[2026-09-08T13:52:04.471+0000] {logging_mixin.py:188} INFO - [2026-09-08T13:52:04.471+0000] {dag.py:3834} INFO - Setting next_dagrun for dataset_produces_2 to None, run_after=None
[2026-09-08T13:52:04.509+0000] {processor.py:183} INFO - Processing /home/airflow/.local/lib/python3.8/site-packages/airflow/example_dags/example_datasets.py took 0.160 seconds
[2026-09-08T13:52:34.644+0000] {processor.py:161} INFO - Started process (PID=976) to work on /home/airflow/.local/lib/python3.8/site-packages/airflow/example_dags/example_datasets.py
[2026-09-08T13:52:34.646+0000] {processor.py:830} INFO - Processing file /home/airflow/.local/lib/python3.8/site-packages/airflow/example_dags/example_datasets.py for tasks to queue
[2026-09-08T13:52:34.649+0000] {logging_mixin.py:188} INFO - [2026-09-08T13:52:34.649+0000] {dagbag.py:540} INFO - Filling up the DagBag from /home/airflow/.local/lib/python3.8/site-packages/airflow/example_dags/example_datasets.py
[2026-09-08T13:52:34.663+0000] {processor.py:840} INFO - DAG(s) 'dataset_produces_1', 'dataset_consumes_1_never_scheduled', 'dataset_consumes_unknown_never_scheduled', 'dataset_consumes_1_and_2', 'dataset_consumes_1', 'dataset_produces_2' retrieved from /home/airflow/.local/lib/python3.8/site-packages/airflow/example_dags/example_datasets.py
[2026-09-08T13:52:34.719+0000] {logging_mixin.py:188} INFO - [2026-09-08T13:52:34.719+0000] {dag.py:3047} INFO - Sync 6 DAGs
[2026-09-08T13:52:34.752+0000] {logging_mixin.py:188} INFO - [2026-09-08T13:52:34.751+0000] {dag.py:3834} INFO - Setting next_dagrun for dataset_consumes_1 to None, run_after=None
[2026-09-08T13:52:34.757+0000] {logging_mixin.py:188} INFO - [2026-09-08T13:52:34.757+0000] {dag.py:3834} INFO - Setting next_dagrun for dataset_consumes_1_and_2 to None, run_after=None
[2026-09-08T13:52:34.760+0000] {logging_mixin.py:188} INFO - [2026-09-08T13:52:34.760+0000] {dag.py:3834} INFO - Setting next_dagrun for dataset_consumes_1_never_scheduled to None, run_after=None
[2026-09-08T13:52:34.763+0000] {logging_mixin.py:188} INFO - [2026-09-08T13:52:34.762+0000] {dag.py:3834} INFO - Setting next_dagrun for dataset_consumes_unknown_never_scheduled to None, run_after=None
[2026-09-08T13:52:34.766+0000] {logging_mixin.py:188} INFO - [2026-09-08T13:52:34.766+0000] {dag.py:3834} INFO - Setting next_dagrun for dataset_produces_1 to 2026-09-07 00:00:00+00:00, run_after=2026-09-08 00:00:00+00:00
[2026-09-08T13:52:34.768+0000] {logging_mixin.py:188} INFO - [2026-09-08T13:52:34.768+0000] {dag.py:3834} INFO - Setting next_dagrun for dataset_produces_2 to None, run_after=None
[2026-09-08T13:52:34.811+0000] {processor.py:183} INFO - Processing /home/airflow/.local/lib/python3.8/site-packages/airflow/example_dags/example_datasets.py took 0.174 seconds
[2026-09-10T13:33:12.605+0000] {processor.py:161} INFO - Started process (PID=2707) to work on /home/airflow/.local/lib/python3.8/site-packages/airflow/example_dags/example_datasets.py
[2026-09-10T13:33:12.606+0000] {processor.py:830} INFO - Processing file /home/airflow/.local/lib/python3.8/site-packages/airflow/example_dags/example_datasets.py for tasks to queue
[2026-09-10T13:33:12.609+0000] {logging_mixin.py:188} INFO - [2026-09-10T13:33:12.608+0000] {dagbag.py:540} INFO - Filling up the DagBag from /home/airflow/.local/lib/python3.8/site-packages/airflow/example_dags/example_datasets.py
[2026-09-10T13:33:12.620+0000] {processor.py:840} INFO - DAG(s) 'dataset_consumes_unknown_never_scheduled', 'dataset_consumes_1', 'dataset_produces_2', 'dataset_consumes_1_never_scheduled', 'dataset_produces_1', 'dataset_consumes_1_and_2' retrieved from /home/airflow/.local/lib/python3.8/site-packages/airflow/example_dags/example_datasets.py
[2026-09-10T13:33:12.665+0000] {logging_mixin.py:188} INFO - [2026-09-10T13:33:12.664+0000] {dag.py:3047} INFO - Sync 6 DAGs
[2026-09-10T13:33:12.690+0000] {logging_mixin.py:188} INFO - [2026-09-10T13:33:12.690+0000] {dag.py:3834} INFO - Setting next_dagrun for dataset_consumes_1 to None, run_after=None
[2026-09-10T13:33:12.696+0000] {logging_mixin.py:188} INFO - [2026-09-10T13:33:12.696+0000] {dag.py:3834} INFO - Setting next_dagrun for dataset_consumes_1_and_2 to None, run_after=None
[2026-09-10T13:33:12.698+0000] {logging_mixin.py:188} INFO - [2026-09-10T13:33:12.698+0000] {dag.py:3834} INFO - Setting next_dagrun for dataset_consumes_1_never_scheduled to None, run_after=None
[2026-09-10T13:33:12.700+0000] {logging_mixin.py:188} INFO - [2026-09-10T13:33:12.700+0000] {dag.py:3834} INFO - Setting next_dagrun for dataset_consumes_unknown_never_scheduled to None, run_after=None
[2026-09-10T13:33:12.704+0000] {logging_mixin.py:188} INFO - [2026-09-10T13:33:12.703+0000] {dag.py:3834} INFO - Setting next_dagrun for dataset_produces_1 to 2026-09-09 00:00:00+00:00, run_after=2026-09-10 00:00:00+00:00
[2026-09-10T13:33:12.706+0000] {logging_mixin.py:188} INFO - [2026-09-10T13:33:12.706+0000] {dag.py:3834} INFO - Setting next_dagrun for dataset_produces_2 to None, run_after=None
[2026-09-10T13:33:12.739+0000] {processor.py:183} INFO - Processing /home/airflow/.local/lib/python3.8/site-packages/airflow/example_dags/example_datasets.py took 0.138 seconds
[2026-09-10T13:33:42.884+0000] {processor.py:161} INFO - Started process (PID=2769) to work on /home/airflow/.local/lib/python3.8/site-packages/airflow/example_dags/example_datasets.py
[2026-09-10T13:33:42.886+0000] {processor.py:830} INFO - Processing file /home/airflow/.local/lib/python3.8/site-packages/airflow/example_dags/example_datasets.py for tasks to queue
[2026-09-10T13:33:42.889+0000] {logging_mixin.py:188} INFO - [2026-09-10T13:33:42.889+0000] {dagbag.py:540} INFO - Filling up the DagBag from /home/airflow/.local/lib/python3.8/site-packages/airflow/example_dags/example_datasets.py
[2026-09-10T13:33:42.907+0000] {processor.py:840} INFO - DAG(s) 'dataset_consumes_1_never_scheduled', 'dataset_consumes_1', 'dataset_produces_1', 'dataset_produces_2', 'dataset_consumes_unknown_never_scheduled', 'dataset_consumes_1_and_2' retrieved from /home/airflow/.local/lib/python3.8/site-packages/airflow/example_dags/example_datasets.py
[2026-09-10T13:33:42.949+0000] {logging_mixin.py:188} INFO - [2026-09-10T13:33:42.949+0000] {dag.py:3047} INFO - Sync 6 DAGs
[2026-09-10T13:33:42.980+0000] {logging_mixin.py:188} INFO - [2026-09-10T13:33:42.979+0000] {dag.py:3834} INFO - Setting next_dagrun for dataset_consumes_1 to None, run_after=None
[2026-09-10T13:33:42.985+0000] {logging_mixin.py:188} INFO - [2026-09-10T13:33:42.985+0000] {dag.py:3834} INFO - Setting next_dagrun for dataset_consumes_1_and_2 to None, run_after=None
[2026-09-10T13:33:42.990+0000] {logging_mixin.py:188} INFO - [2026-09-10T13:33:42.989+0000] {dag.py:3834} INFO - Setting next_dagrun for dataset_consumes_1_never_scheduled to None, run_after=None
[2026-09-10T13:33:42.993+0000] {logging_mixin.py:188} INFO - [2026-09-10T13:33:42.993+0000] {dag.py:3834} INFO - Setting next_dagrun for dataset_consumes_unknown_never_scheduled to None, run_after=None
[2026-09-10T13:33:43.001+0000] {logging_mixin.py:188} INFO - [2026-09-10T13:33:43.000+0000] {dag.py:3834} INFO - Setting next_dagrun for dataset_produces_1 to 2026-09-09 00:00:00+00:00, run_after=2026-09-10 00:00:00+00:00
[2026-09-10T13:33:43.004+0000] {logging_mixin.py:188} INFO - [2026-09-10T13:33:43.003+0000] {dag.py:3834} INFO - Setting next_dagrun for dataset_produces_2 to None, run_after=None
[2026-09-10T13:33:43.056+0000] {processor.py:183} INFO - Processing /home/airflow/.local/lib/python3.8/site-packages/airflow/example_dags/example_datasets.py took 0.176 seconds
[2026-09-10T13:34:13.319+0000] {processor.py:161} INFO - Started process (PID=2830) to work on /home/airflow/.local/lib/python3.8/site-packages/airflow/example_dags/example_datasets.py
[2026-09-10T13:34:13.320+0000] {processor.py:830} INFO - Processing file /home/airflow/.local/lib/python3.8/site-packages/airflow/example_dags/example_datasets.py for tasks to queue
[2026-09-10T13:34:13.323+0000] {logging_mixin.py:188} INFO - [2026-09-10T13:34:13.322+0000] {dagbag.py:540} INFO - Filling up the DagBag from /home/airflow/.local/lib/python3.8/site-packages/airflow/example_dags/example_datasets.py
[2026-09-10T13:34:13.340+0000] {processor.py:840} INFO - DAG(s) 'dataset_produces_2', 'dataset_consumes_1_and_2', 'dataset_consumes_1', 'dataset_consumes_1_never_scheduled', 'dataset_produces_1', 'dataset_consumes_unknown_never_scheduled' retrieved from /home/airflow/.local/lib/python3.8/site-packages/airflow/example_dags/example_datasets.py
[2026-09-10T13:34:13.392+0000] {logging_mixin.py:188} INFO - [2026-09-10T13:34:13.392+0000] {dag.py:3047} INFO - Sync 6 DAGs
[2026-09-10T13:34:13.427+0000] {logging_mixin.py:188} INFO - [2026-09-10T13:34:13.427+0000] {dag.py:3834} INFO - Setting next_dagrun for dataset_consumes_1 to None, run_after=None
[2026-09-10T13:34:13.431+0000] {logging_mixin.py:188} INFO - [2026-09-10T13:34:13.431+0000] {dag.py:3834} INFO - Setting next_dagrun for dataset_consumes_1_and_2 to None, run_after=None
[2026-09-10T13:34:13.434+0000] {logging_mixin.py:188} INFO - [2026-09-10T13:34:13.433+0000] {dag.py:3834} INFO - Setting next_dagrun for dataset_consumes_1_never_scheduled to None, run_after=None
[2026-09-10T13:34:13.437+0000] {logging_mixin.py:188} INFO - [2026-09-10T13:34:13.437+0000] {dag.py:3834} INFO - Setting next_dagrun for dataset_consumes_unknown_never_scheduled to None, run_after=None
[2026-09-10T13:34:13.441+0000] {logging_mixin.py:188} INFO - [2026-09-10T13:34:13.441+0000] {dag.py:3834} INFO - Setting next_dagrun for dataset_produces_1 to 2026-09-09 00:00:00+00:00, run_after=2026-09-10 00:00:00+00:00
[2026-09-10T13:34:13.443+0000] {logging_mixin.py:188} INFO - [2026-09-10T13:34:13.443+0000] {dag.py:3834} INFO - Setting next_dagrun for dataset_produces_2 to None, run_after=None
[2026-09-10T13:34:13.478+0000] {processor.py:183} INFO - Processing /home/airflow/.local/lib/python3.8/site-packages/airflow/example_dags/example_datasets.py took 0.165 seconds
[2026-09-10T13:35:52.912+0000] {processor.py:161} INFO - Started process (PID=136) to work on /home/airflow/.local/lib/python3.8/site-packages/airflow/example_dags/example_datasets.py
[2026-09-10T13:35:52.914+0000] {processor.py:830} INFO - Processing file /home/airflow/.local/lib/python3.8/site-packages/airflow/example_dags/example_datasets.py for tasks to queue
[2026-09-10T13:35:52.918+0000] {logging_mixin.py:188} INFO - [2026-09-10T13:35:52.918+0000] {dagbag.py:540} INFO - Filling up the DagBag from /home/airflow/.local/lib/python3.8/site-packages/airflow/example_dags/example_datasets.py
[2026-09-10T13:35:52.931+0000] {processor.py:840} INFO - DAG(s) 'dataset_consumes_1_never_scheduled', 'dataset_consumes_1_and_2', 'dataset_consumes_1', 'dataset_produces_1', 'dataset_produces_2', 'dataset_consumes_unknown_never_scheduled' retrieved from /home/airflow/.local/lib/python3.8/site-packages/airflow/example_dags/example_datasets.py
[2026-09-10T13:35:53.188+0000] {logging_mixin.py:188} INFO - [2026-09-10T13:35:53.188+0000] {dag.py:3047} INFO - Sync 6 DAGs
[2026-09-10T13:35:53.225+0000] {logging_mixin.py:188} INFO - [2026-09-10T13:35:53.225+0000] {dag.py:3834} INFO - Setting next_dagrun for dataset_consumes_1 to None, run_after=None
[2026-09-10T13:35:53.228+0000] {logging_mixin.py:188} INFO - [2026-09-10T13:35:53.228+0000] {dag.py:3834} INFO - Setting next_dagrun for dataset_consumes_1_and_2 to None, run_after=None
[2026-09-10T13:35:53.230+0000] {logging_mixin.py:188} INFO - [2026-09-10T13:35:53.230+0000] {dag.py:3834} INFO - Setting next_dagrun for dataset_consumes_1_never_scheduled to None, run_after=None
[2026-09-10T13:35:53.233+0000] {logging_mixin.py:188} INFO - [2026-09-10T13:35:53.233+0000] {dag.py:3834} INFO - Setting next_dagrun for dataset_consumes_unknown_never_scheduled to None, run_after=None
[2026-09-10T13:35:53.237+0000] {logging_mixin.py:188} INFO - [2026-09-10T13:35:53.237+0000] {dag.py:3834} INFO - Setting next_dagrun for dataset_produces_1 to 2026-09-09 00:00:00+00:00, run_after=2026-09-10 00:00:00+00:00
[2026-09-10T13:35:53.239+0000] {logging_mixin.py:188} INFO - [2026-09-10T13:35:53.239+0000] {dag.py:3834} INFO - Setting next_dagrun for dataset_produces_2 to None, run_after=None
[2026-09-10T13:35:53.279+0000] {processor.py:183} INFO - Processing /home/airflow/.local/lib/python3.8/site-packages/airflow/example_dags/example_datasets.py took 0.371 seconds
[2026-09-10T13:36:23.696+0000] {processor.py:161} INFO - Started process (PID=197) to work on /home/airflow/.local/lib/python3.8/site-packages/airflow/example_dags/example_datasets.py
[2026-09-10T13:36:23.699+0000] {processor.py:830} INFO - Processing file /home/airflow/.local/lib/python3.8/site-packages/airflow/example_dags/example_datasets.py for tasks to queue
[2026-09-10T13:36:23.702+0000] {logging_mixin.py:188} INFO - [2026-09-10T13:36:23.701+0000] {dagbag.py:540} INFO - Filling up the DagBag from /home/airflow/.local/lib/python3.8/site-packages/airflow/example_dags/example_datasets.py
[2026-09-10T13:36:23.714+0000] {processor.py:840} INFO - DAG(s) 'dataset_consumes_1_never_scheduled', 'dataset_produces_2', 'dataset_consumes_1_and_2', 'dataset_consumes_unknown_never_scheduled', 'dataset_consumes_1', 'dataset_produces_1' retrieved from /home/airflow/.local/lib/python3.8/site-packages/airflow/example_dags/example_datasets.py
[2026-09-10T13:36:23.758+0000] {logging_mixin.py:188} INFO - [2026-09-10T13:36:23.758+0000] {dag.py:3047} INFO - Sync 6 DAGs
[2026-09-10T13:36:23.785+0000] {logging_mixin.py:188} INFO - [2026-09-10T13:36:23.785+0000] {dag.py:3834} INFO - Setting next_dagrun for dataset_consumes_1 to None, run_after=None
[2026-09-10T13:36:23.790+0000] {logging_mixin.py:188} INFO - [2026-09-10T13:36:23.790+0000] {dag.py:3834} INFO - Setting next_dagrun for dataset_consumes_1_and_2 to None, run_after=None
[2026-09-10T13:36:23.793+0000] {logging_mixin.py:188} INFO - [2026-09-10T13:36:23.792+0000] {dag.py:3834} INFO - Setting next_dagrun for dataset_consumes_1_never_scheduled to None, run_after=None
[2026-09-10T13:36:23.795+0000] {logging_mixin.py:188} INFO - [2026-09-10T13:36:23.795+0000] {dag.py:3834} INFO - Setting next_dagrun for dataset_consumes_unknown_never_scheduled to None, run_after=None
[2026-09-10T13:36:23.799+0000] {logging_mixin.py:188} INFO - [2026-09-10T13:36:23.799+0000] {dag.py:3834} INFO - Setting next_dagrun for dataset_produces_1 to 2026-09-09 00:00:00+00:00, run_after=2026-09-10 00:00:00+00:00
[2026-09-10T13:36:23.803+0000] {logging_mixin.py:188} INFO - [2026-09-10T13:36:23.802+0000] {dag.py:3834} INFO - Setting next_dagrun for dataset_produces_2 to None, run_after=None
[2026-09-10T13:36:23.850+0000] {processor.py:183} INFO - Processing /home/airflow/.local/lib/python3.8/site-packages/airflow/example_dags/example_datasets.py took 0.159 seconds
[2026-09-10T13:36:54.387+0000] {processor.py:161} INFO - Started process (PID=258) to work on /home/airflow/.local/lib/python3.8/site-packages/airflow/example_dags/example_datasets.py
[2026-09-10T13:36:54.389+0000] {processor.py:830} INFO - Processing file /home/airflow/.local/lib/python3.8/site-packages/airflow/example_dags/example_datasets.py for tasks to queue
[2026-09-10T13:36:54.393+0000] {logging_mixin.py:188} INFO - [2026-09-10T13:36:54.392+0000] {dagbag.py:540} INFO - Filling up the DagBag from /home/airflow/.local/lib/python3.8/site-packages/airflow/example_dags/example_datasets.py
[2026-09-10T13:36:54.407+0000] {processor.py:840} INFO - DAG(s) 'dataset_consumes_1', 'dataset_consumes_unknown_never_scheduled', 'dataset_consumes_1_and_2', 'dataset_consumes_1_never_scheduled', 'dataset_produces_2', 'dataset_produces_1' retrieved from /home/airflow/.local/lib/python3.8/site-packages/airflow/example_dags/example_datasets.py
[2026-09-10T13:36:54.471+0000] {logging_mixin.py:188} INFO - [2026-09-10T13:36:54.471+0000] {dag.py:3047} INFO - Sync 6 DAGs
[2026-09-10T13:36:54.501+0000] {logging_mixin.py:188} INFO - [2026-09-10T13:36:54.501+0000] {dag.py:3834} INFO - Setting next_dagrun for dataset_consumes_1 to None, run_after=None
[2026-09-10T13:36:54.505+0000] {logging_mixin.py:188} INFO - [2026-09-10T13:36:54.505+0000] {dag.py:3834} INFO - Setting next_dagrun for dataset_consumes_1_and_2 to None, run_after=None
[2026-09-10T13:36:54.507+0000] {logging_mixin.py:188} INFO - [2026-09-10T13:36:54.507+0000] {dag.py:3834} INFO - Setting next_dagrun for dataset_consumes_1_never_scheduled to None, run_after=None
[2026-09-10T13:36:54.509+0000] {logging_mixin.py:188} INFO - [2026-09-10T13:36:54.509+0000] {dag.py:3834} INFO - Setting next_dagrun for dataset_consumes_unknown_never_scheduled to None, run_after=None
[2026-09-10T13:36:54.514+0000] {logging_mixin.py:188} INFO - [2026-09-10T13:36:54.514+0000] {dag.py:3834} INFO - Setting next_dagrun for dataset_produces_1 to 2026-09-09 00:00:00+00:00, run_after=2026-09-10 00:00:00+00:00
[2026-09-10T13:36:54.517+0000] {logging_mixin.py:188} INFO - [2026-09-10T13:36:54.517+0000] {dag.py:3834} INFO - Setting next_dagrun for dataset_produces_2 to None, run_after=None
[2026-09-10T13:36:54.554+0000] {processor.py:183} INFO - Processing /home/airflow/.local/lib/python3.8/site-packages/airflow/example_dags/example_datasets.py took 0.172 seconds
[2026-09-10T13:37:25.324+0000] {processor.py:161} INFO - Started process (PID=319) to work on /home/airflow/.local/lib/python3.8/site-packages/airflow/example_dags/example_datasets.py
[2026-09-10T13:37:25.326+0000] {processor.py:830} INFO - Processing file /home/airflow/.local/lib/python3.8/site-packages/airflow/example_dags/example_datasets.py for tasks to queue
[2026-09-10T13:37:25.330+0000] {logging_mixin.py:188} INFO - [2026-09-10T13:37:25.329+0000] {dagbag.py:540} INFO - Filling up the DagBag from /home/airflow/.local/lib/python3.8/site-packages/airflow/example_dags/example_datasets.py
[2026-09-10T13:37:25.348+0000] {processor.py:840} INFO - DAG(s) 'dataset_consumes_1_never_scheduled', 'dataset_consumes_unknown_never_scheduled', 'dataset_consumes_1_and_2', 'dataset_produces_2', 'dataset_consumes_1', 'dataset_produces_1' retrieved from /home/airflow/.local/lib/python3.8/site-packages/airflow/example_dags/example_datasets.py
[2026-09-10T13:37:25.404+0000] {logging_mixin.py:188} INFO - [2026-09-10T13:37:25.404+0000] {dag.py:3047} INFO - Sync 6 DAGs
[2026-09-10T13:37:25.432+0000] {logging_mixin.py:188} INFO - [2026-09-10T13:37:25.432+0000] {dag.py:3834} INFO - Setting next_dagrun for dataset_consumes_1 to None, run_after=None
[2026-09-10T13:37:25.437+0000] {logging_mixin.py:188} INFO - [2026-09-10T13:37:25.437+0000] {dag.py:3834} INFO - Setting next_dagrun for dataset_consumes_1_and_2 to None, run_after=None
[2026-09-10T13:37:25.440+0000] {logging_mixin.py:188} INFO - [2026-09-10T13:37:25.440+0000] {dag.py:3834} INFO - Setting next_dagrun for dataset_consumes_1_never_scheduled to None, run_after=None
[2026-09-10T13:37:25.442+0000] {logging_mixin.py:188} INFO - [2026-09-10T13:37:25.442+0000] {dag.py:3834} INFO - Setting next_dagrun for dataset_consumes_unknown_never_scheduled to None, run_after=None
[2026-09-10T13:37:25.447+0000] {logging_mixin.py:188} INFO - [2026-09-10T13:37:25.447+0000] {dag.py:3834} INFO - Setting next_dagrun for dataset_produces_1 to 2026-09-09 00:00:00+00:00, run_after=2026-09-10 00:00:00+00:00
[2026-09-10T13:37:25.449+0000] {logging_mixin.py:188} INFO - [2026-09-10T13:37:25.449+0000] {dag.py:3834} INFO - Setting next_dagrun for dataset_produces_2 to None, run_after=None
[2026-09-10T13:37:25.487+0000] {processor.py:183} INFO - Processing /home/airflow/.local/lib/python3.8/site-packages/airflow/example_dags/example_datasets.py took 0.171 seconds
[2026-09-10T13:37:55.870+0000] {processor.py:161} INFO - Started process (PID=380) to work on /home/airflow/.local/lib/python3.8/site-packages/airflow/example_dags/example_datasets.py
[2026-09-10T13:37:55.871+0000] {processor.py:830} INFO - Processing file /home/airflow/.local/lib/python3.8/site-packages/airflow/example_dags/example_datasets.py for tasks to queue
[2026-09-10T13:37:55.874+0000] {logging_mixin.py:188} INFO - [2026-09-10T13:37:55.874+0000] {dagbag.py:540} INFO - Filling up the DagBag from /home/airflow/.local/lib/python3.8/site-packages/airflow/example_dags/example_datasets.py
[2026-09-10T13:37:55.885+0000] {processor.py:840} INFO - DAG(s) 'dataset_consumes_unknown_never_scheduled', 'dataset_produces_2', 'dataset_consumes_1_and_2', 'dataset_consumes_1', 'dataset_produces_1', 'dataset_consumes_1_never_scheduled' retrieved from /home/airflow/.local/lib/python3.8/site-packages/airflow/example_dags/example_datasets.py
[2026-09-10T13:37:55.923+0000] {logging_mixin.py:188} INFO - [2026-09-10T13:37:55.922+0000] {dag.py:3047} INFO - Sync 6 DAGs
[2026-09-10T13:37:55.946+0000] {logging_mixin.py:188} INFO - [2026-09-10T13:37:55.946+0000] {dag.py:3834} INFO - Setting next_dagrun for dataset_consumes_1 to None, run_after=None
[2026-09-10T13:37:55.951+0000] {logging_mixin.py:188} INFO - [2026-09-10T13:37:55.950+0000] {dag.py:3834} INFO - Setting next_dagrun for dataset_consumes_1_and_2 to None, run_after=None
[2026-09-10T13:37:55.952+0000] {logging_mixin.py:188} INFO - [2026-09-10T13:37:55.952+0000] {dag.py:3834} INFO - Setting next_dagrun for dataset_consumes_1_never_scheduled to None, run_after=None
[2026-09-10T13:37:55.955+0000] {logging_mixin.py:188} INFO - [2026-09-10T13:37:55.954+0000] {dag.py:3834} INFO - Setting next_dagrun for dataset_consumes_unknown_never_scheduled to None, run_after=None
[2026-09-10T13:37:55.959+0000] {logging_mixin.py:188} INFO - [2026-09-10T13:37:55.958+0000] {dag.py:3834} INFO - Setting next_dagrun for dataset_produces_1 to 2026-09-09 00:00:00+00:00, run_after=2026-09-10 00:00:00+00:00
[2026-09-10T13:37:55.961+0000] {logging_mixin.py:188} INFO - [2026-09-10T13:37:55.961+0000] {dag.py:3834} INFO - Setting next_dagrun for dataset_produces_2 to None, run_after=None
[2026-09-10T13:37:55.993+0000] {processor.py:183} INFO - Processing /home/airflow/.local/lib/python3.8/site-packages/airflow/example_dags/example_datasets.py took 0.127 seconds
[2026-09-10T13:38:26.199+0000] {processor.py:161} INFO - Started process (PID=441) to work on /home/airflow/.local/lib/python3.8/site-packages/airflow/example_dags/example_datasets.py
[2026-09-10T13:38:26.202+0000] {processor.py:830} INFO - Processing file /home/airflow/.local/lib/python3.8/site-packages/airflow/example_dags/example_datasets.py for tasks to queue
[2026-09-10T13:38:26.206+0000] {logging_mixin.py:188} INFO - [2026-09-10T13:38:26.205+0000] {dagbag.py:540} INFO - Filling up the DagBag from /home/airflow/.local/lib/python3.8/site-packages/airflow/example_dags/example_datasets.py
[2026-09-10T13:38:26.218+0000] {processor.py:840} INFO - DAG(s) 'dataset_consumes_unknown_never_scheduled', 'dataset_consumes_1_never_scheduled', 'dataset_consumes_1_and_2', 'dataset_produces_1', 'dataset_produces_2', 'dataset_consumes_1' retrieved from /home/airflow/.local/lib/python3.8/site-packages/airflow/example_dags/example_datasets.py
[2026-09-10T13:38:26.267+0000] {logging_mixin.py:188} INFO - [2026-09-10T13:38:26.267+0000] {dag.py:3047} INFO - Sync 6 DAGs
[2026-09-10T13:38:26.296+0000] {logging_mixin.py:188} INFO - [2026-09-10T13:38:26.296+0000] {dag.py:3834} INFO - Setting next_dagrun for dataset_consumes_1 to None, run_after=None
[2026-09-10T13:38:26.301+0000] {logging_mixin.py:188} INFO - [2026-09-10T13:38:26.301+0000] {dag.py:3834} INFO - Setting next_dagrun for dataset_consumes_1_and_2 to None, run_after=None
[2026-09-10T13:38:26.304+0000] {logging_mixin.py:188} INFO - [2026-09-10T13:38:26.304+0000] {dag.py:3834} INFO - Setting next_dagrun for dataset_consumes_1_never_scheduled to None, run_after=None
[2026-09-10T13:38:26.307+0000] {logging_mixin.py:188} INFO - [2026-09-10T13:38:26.307+0000] {dag.py:3834} INFO - Setting next_dagrun for dataset_consumes_unknown_never_scheduled to None, run_after=None
[2026-09-10T13:38:26.313+0000] {logging_mixin.py:188} INFO - [2026-09-10T13:38:26.313+0000] {dag.py:3834} INFO - Setting next_dagrun for dataset_produces_1 to 2026-09-09 00:00:00+00:00, run_after=2026-09-10 00:00:00+00:00
[2026-09-10T13:38:26.316+0000] {logging_mixin.py:188} INFO - [2026-09-10T13:38:26.316+0000] {dag.py:3834} INFO - Setting next_dagrun for dataset_produces_2 to None, run_after=None
[2026-09-10T13:38:26.352+0000] {processor.py:183} INFO - Processing /home/airflow/.local/lib/python3.8/site-packages/airflow/example_dags/example_datasets.py took 0.158 seconds
[2026-09-10T13:40:04.871+0000] {processor.py:161} INFO - Started process (PID=137) to work on /home/airflow/.local/lib/python3.8/site-packages/airflow/example_dags/example_datasets.py
[2026-09-10T13:40:04.881+0000] {processor.py:830} INFO - Processing file /home/airflow/.local/lib/python3.8/site-packages/airflow/example_dags/example_datasets.py for tasks to queue
[2026-09-10T13:40:04.887+0000] {logging_mixin.py:188} INFO - [2026-09-10T13:40:04.886+0000] {dagbag.py:540} INFO - Filling up the DagBag from /home/airflow/.local/lib/python3.8/site-packages/airflow/example_dags/example_datasets.py
[2026-09-10T13:40:04.922+0000] {processor.py:840} INFO - DAG(s) 'dataset_produces_2', 'dataset_produces_1', 'dataset_consumes_1_never_scheduled', 'dataset_consumes_1', 'dataset_consumes_1_and_2', 'dataset_consumes_unknown_never_scheduled' retrieved from /home/airflow/.local/lib/python3.8/site-packages/airflow/example_dags/example_datasets.py
[2026-09-10T13:40:05.273+0000] {logging_mixin.py:188} INFO - [2026-09-10T13:40:05.272+0000] {dag.py:3047} INFO - Sync 6 DAGs
[2026-09-10T13:40:05.325+0000] {logging_mixin.py:188} INFO - [2026-09-10T13:40:05.324+0000] {dag.py:3834} INFO - Setting next_dagrun for dataset_consumes_1 to None, run_after=None
[2026-09-10T13:40:05.329+0000] {logging_mixin.py:188} INFO - [2026-09-10T13:40:05.329+0000] {dag.py:3834} INFO - Setting next_dagrun for dataset_consumes_1_and_2 to None, run_after=None
[2026-09-10T13:40:05.331+0000] {logging_mixin.py:188} INFO - [2026-09-10T13:40:05.331+0000] {dag.py:3834} INFO - Setting next_dagrun for dataset_consumes_1_never_scheduled to None, run_after=None
[2026-09-10T13:40:05.334+0000] {logging_mixin.py:188} INFO - [2026-09-10T13:40:05.333+0000] {dag.py:3834} INFO - Setting next_dagrun for dataset_consumes_unknown_never_scheduled to None, run_after=None
[2026-09-10T13:40:05.339+0000] {logging_mixin.py:188} INFO - [2026-09-10T13:40:05.339+0000] {dag.py:3834} INFO - Setting next_dagrun for dataset_produces_1 to 2026-09-09 00:00:00+00:00, run_after=2026-09-10 00:00:00+00:00
[2026-09-10T13:40:05.342+0000] {logging_mixin.py:188} INFO - [2026-09-10T13:40:05.342+0000] {dag.py:3834} INFO - Setting next_dagrun for dataset_produces_2 to None, run_after=None
[2026-09-10T13:40:05.417+0000] {processor.py:183} INFO - Processing /home/airflow/.local/lib/python3.8/site-packages/airflow/example_dags/example_datasets.py took 0.555 seconds
[2026-09-10T13:40:43.035+0000] {processor.py:161} INFO - Started process (PID=124) to work on /home/airflow/.local/lib/python3.8/site-packages/airflow/example_dags/example_datasets.py
[2026-09-10T13:40:43.037+0000] {processor.py:830} INFO - Processing file /home/airflow/.local/lib/python3.8/site-packages/airflow/example_dags/example_datasets.py for tasks to queue
[2026-09-10T13:40:43.041+0000] {logging_mixin.py:188} INFO - [2026-09-10T13:40:43.040+0000] {dagbag.py:540} INFO - Filling up the DagBag from /home/airflow/.local/lib/python3.8/site-packages/airflow/example_dags/example_datasets.py
[2026-09-10T13:40:43.059+0000] {processor.py:840} INFO - DAG(s) 'dataset_consumes_unknown_never_scheduled', 'dataset_consumes_1_never_scheduled', 'dataset_consumes_1', 'dataset_consumes_1_and_2', 'dataset_produces_2', 'dataset_produces_1' retrieved from /home/airflow/.local/lib/python3.8/site-packages/airflow/example_dags/example_datasets.py
[2026-09-10T13:40:43.114+0000] {logging_mixin.py:188} INFO - [2026-09-10T13:40:43.114+0000] {dag.py:3047} INFO - Sync 6 DAGs
[2026-09-10T13:40:43.150+0000] {logging_mixin.py:188} INFO - [2026-09-10T13:40:43.150+0000] {dag.py:3834} INFO - Setting next_dagrun for dataset_consumes_1 to None, run_after=None
[2026-09-10T13:40:43.158+0000] {logging_mixin.py:188} INFO - [2026-09-10T13:40:43.158+0000] {dag.py:3834} INFO - Setting next_dagrun for dataset_consumes_1_and_2 to None, run_after=None
[2026-09-10T13:40:43.161+0000] {logging_mixin.py:188} INFO - [2026-09-10T13:40:43.161+0000] {dag.py:3834} INFO - Setting next_dagrun for dataset_consumes_1_never_scheduled to None, run_after=None
[2026-09-10T13:40:43.165+0000] {logging_mixin.py:188} INFO - [2026-09-10T13:40:43.164+0000] {dag.py:3834} INFO - Setting next_dagrun for dataset_consumes_unknown_never_scheduled to None, run_after=None
[2026-09-10T13:40:43.177+0000] {logging_mixin.py:188} INFO - [2026-09-10T13:40:43.177+0000] {dag.py:3834} INFO - Setting next_dagrun for dataset_produces_1 to 2026-09-09 00:00:00+00:00, run_after=2026-09-10 00:00:00+00:00
[2026-09-10T13:40:43.180+0000] {logging_mixin.py:188} INFO - [2026-09-10T13:40:43.180+0000] {dag.py:3834} INFO - Setting next_dagrun for dataset_produces_2 to None, run_after=None
[2026-09-10T13:40:43.227+0000] {processor.py:183} INFO - Processing /home/airflow/.local/lib/python3.8/site-packages/airflow/example_dags/example_datasets.py took 0.202 seconds
[2026-09-10T13:41:13.905+0000] {processor.py:161} INFO - Started process (PID=185) to work on /home/airflow/.local/lib/python3.8/site-packages/airflow/example_dags/example_datasets.py
[2026-09-10T13:41:13.907+0000] {processor.py:830} INFO - Processing file /home/airflow/.local/lib/python3.8/site-packages/airflow/example_dags/example_datasets.py for tasks to queue
[2026-09-10T13:41:13.911+0000] {logging_mixin.py:188} INFO - [2026-09-10T13:41:13.910+0000] {dagbag.py:540} INFO - Filling up the DagBag from /home/airflow/.local/lib/python3.8/site-packages/airflow/example_dags/example_datasets.py
[2026-09-10T13:41:13.927+0000] {processor.py:840} INFO - DAG(s) 'dataset_consumes_1_never_scheduled', 'dataset_consumes_unknown_never_scheduled', 'dataset_produces_1', 'dataset_consumes_1_and_2', 'dataset_consumes_1', 'dataset_produces_2' retrieved from /home/airflow/.local/lib/python3.8/site-packages/airflow/example_dags/example_datasets.py
[2026-09-10T13:41:14.001+0000] {logging_mixin.py:188} INFO - [2026-09-10T13:41:14.001+0000] {dag.py:3047} INFO - Sync 6 DAGs
[2026-09-10T13:41:14.045+0000] {logging_mixin.py:188} INFO - [2026-09-10T13:41:14.045+0000] {dag.py:3834} INFO - Setting next_dagrun for dataset_consumes_1 to None, run_after=None
[2026-09-10T13:41:14.054+0000] {logging_mixin.py:188} INFO - [2026-09-10T13:41:14.054+0000] {dag.py:3834} INFO - Setting next_dagrun for dataset_consumes_1_and_2 to None, run_after=None
[2026-09-10T13:41:14.060+0000] {logging_mixin.py:188} INFO - [2026-09-10T13:41:14.059+0000] {dag.py:3834} INFO - Setting next_dagrun for dataset_consumes_1_never_scheduled to None, run_after=None
[2026-09-10T13:41:14.065+0000] {logging_mixin.py:188} INFO - [2026-09-10T13:41:14.064+0000] {dag.py:3834} INFO - Setting next_dagrun for dataset_consumes_unknown_never_scheduled to None, run_after=None
[2026-09-10T13:41:14.072+0000] {logging_mixin.py:188} INFO - [2026-09-10T13:41:14.071+0000] {dag.py:3834} INFO - Setting next_dagrun for dataset_produces_1 to 2026-09-09 00:00:00+00:00, run_after=2026-09-10 00:00:00+00:00
[2026-09-10T13:41:14.078+0000] {logging_mixin.py:188} INFO - [2026-09-10T13:41:14.077+0000] {dag.py:3834} INFO - Setting next_dagrun for dataset_produces_2 to None, run_after=None
[2026-09-10T13:41:14.187+0000] {processor.py:183} INFO - Processing /home/airflow/.local/lib/python3.8/site-packages/airflow/example_dags/example_datasets.py took 0.288 seconds
[2026-09-10T13:41:45.284+0000] {processor.py:161} INFO - Started process (PID=246) to work on /home/airflow/.local/lib/python3.8/site-packages/airflow/example_dags/example_datasets.py
[2026-09-10T13:41:45.297+0000] {processor.py:830} INFO - Processing file /home/airflow/.local/lib/python3.8/site-packages/airflow/example_dags/example_datasets.py for tasks to queue
[2026-09-10T13:41:45.302+0000] {logging_mixin.py:188} INFO - [2026-09-10T13:41:45.301+0000] {dagbag.py:540} INFO - Filling up the DagBag from /home/airflow/.local/lib/python3.8/site-packages/airflow/example_dags/example_datasets.py
[2026-09-10T13:41:45.355+0000] {processor.py:840} INFO - DAG(s) 'dataset_produces_2', 'dataset_consumes_1_never_scheduled', 'dataset_consumes_unknown_never_scheduled', 'dataset_consumes_1', 'dataset_consumes_1_and_2', 'dataset_produces_1' retrieved from /home/airflow/.local/lib/python3.8/site-packages/airflow/example_dags/example_datasets.py
[2026-09-10T13:41:45.513+0000] {logging_mixin.py:188} INFO - [2026-09-10T13:41:45.512+0000] {dag.py:3047} INFO - Sync 6 DAGs
[2026-09-10T13:41:45.633+0000] {logging_mixin.py:188} INFO - [2026-09-10T13:41:45.633+0000] {dag.py:3834} INFO - Setting next_dagrun for dataset_consumes_1 to None, run_after=None
[2026-09-10T13:41:45.656+0000] {logging_mixin.py:188} INFO - [2026-09-10T13:41:45.655+0000] {dag.py:3834} INFO - Setting next_dagrun for dataset_consumes_1_and_2 to None, run_after=None
[2026-09-10T13:41:45.666+0000] {logging_mixin.py:188} INFO - [2026-09-10T13:41:45.665+0000] {dag.py:3834} INFO - Setting next_dagrun for dataset_consumes_1_never_scheduled to None, run_after=None
[2026-09-10T13:41:45.670+0000] {logging_mixin.py:188} INFO - [2026-09-10T13:41:45.669+0000] {dag.py:3834} INFO - Setting next_dagrun for dataset_consumes_unknown_never_scheduled to None, run_after=None
[2026-09-10T13:41:45.685+0000] {logging_mixin.py:188} INFO - [2026-09-10T13:41:45.684+0000] {dag.py:3834} INFO - Setting next_dagrun for dataset_produces_1 to 2026-09-09 00:00:00+00:00, run_after=2026-09-10 00:00:00+00:00
[2026-09-10T13:41:45.740+0000] {logging_mixin.py:188} INFO - [2026-09-10T13:41:45.739+0000] {dag.py:3834} INFO - Setting next_dagrun for dataset_produces_2 to None, run_after=None
[2026-09-10T13:41:46.022+0000] {processor.py:183} INFO - Processing /home/airflow/.local/lib/python3.8/site-packages/airflow/example_dags/example_datasets.py took 0.747 seconds
[2026-09-10T13:42:16.938+0000] {processor.py:161} INFO - Started process (PID=307) to work on /home/airflow/.local/lib/python3.8/site-packages/airflow/example_dags/example_datasets.py
[2026-09-10T13:42:16.944+0000] {processor.py:830} INFO - Processing file /home/airflow/.local/lib/python3.8/site-packages/airflow/example_dags/example_datasets.py for tasks to queue
[2026-09-10T13:42:16.949+0000] {logging_mixin.py:188} INFO - [2026-09-10T13:42:16.948+0000] {dagbag.py:540} INFO - Filling up the DagBag from /home/airflow/.local/lib/python3.8/site-packages/airflow/example_dags/example_datasets.py
[2026-09-10T13:42:16.982+0000] {processor.py:840} INFO - DAG(s) 'dataset_produces_1', 'dataset_consumes_1_never_scheduled', 'dataset_produces_2', 'dataset_consumes_1', 'dataset_consumes_1_and_2', 'dataset_consumes_unknown_never_scheduled' retrieved from /home/airflow/.local/lib/python3.8/site-packages/airflow/example_dags/example_datasets.py
[2026-09-10T13:42:17.051+0000] {logging_mixin.py:188} INFO - [2026-09-10T13:42:17.050+0000] {dag.py:3047} INFO - Sync 6 DAGs
[2026-09-10T13:42:17.086+0000] {logging_mixin.py:188} INFO - [2026-09-10T13:42:17.086+0000] {dag.py:3834} INFO - Setting next_dagrun for dataset_consumes_1 to None, run_after=None
[2026-09-10T13:42:17.091+0000] {logging_mixin.py:188} INFO - [2026-09-10T13:42:17.091+0000] {dag.py:3834} INFO - Setting next_dagrun for dataset_consumes_1_and_2 to None, run_after=None
[2026-09-10T13:42:17.094+0000] {logging_mixin.py:188} INFO - [2026-09-10T13:42:17.093+0000] {dag.py:3834} INFO - Setting next_dagrun for dataset_consumes_1_never_scheduled to None, run_after=None
[2026-09-10T13:42:17.096+0000] {logging_mixin.py:188} INFO - [2026-09-10T13:42:17.096+0000] {dag.py:3834} INFO - Setting next_dagrun for dataset_consumes_unknown_never_scheduled to None, run_after=None
[2026-09-10T13:42:17.100+0000] {logging_mixin.py:188} INFO - [2026-09-10T13:42:17.100+0000] {dag.py:3834} INFO - Setting next_dagrun for dataset_produces_1 to 2026-09-09 00:00:00+00:00, run_after=2026-09-10 00:00:00+00:00
[2026-09-10T13:42:17.102+0000] {logging_mixin.py:188} INFO - [2026-09-10T13:42:17.102+0000] {dag.py:3834} INFO - Setting next_dagrun for dataset_produces_2 to None, run_after=None
[2026-09-10T13:42:17.146+0000] {processor.py:183} INFO - Processing /home/airflow/.local/lib/python3.8/site-packages/airflow/example_dags/example_datasets.py took 0.215 seconds
[2026-09-10T13:42:47.706+0000] {processor.py:161} INFO - Started process (PID=368) to work on /home/airflow/.local/lib/python3.8/site-packages/airflow/example_dags/example_datasets.py
[2026-09-10T13:42:47.708+0000] {processor.py:830} INFO - Processing file /home/airflow/.local/lib/python3.8/site-packages/airflow/example_dags/example_datasets.py for tasks to queue
[2026-09-10T13:42:47.712+0000] {logging_mixin.py:188} INFO - [2026-09-10T13:42:47.711+0000] {dagbag.py:540} INFO - Filling up the DagBag from /home/airflow/.local/lib/python3.8/site-packages/airflow/example_dags/example_datasets.py
[2026-09-10T13:42:47.733+0000] {processor.py:840} INFO - DAG(s) 'dataset_produces_2', 'dataset_consumes_1_and_2', 'dataset_consumes_1', 'dataset_produces_1', 'dataset_consumes_1_never_scheduled', 'dataset_consumes_unknown_never_scheduled' retrieved from /home/airflow/.local/lib/python3.8/site-packages/airflow/example_dags/example_datasets.py
[2026-09-10T13:42:47.793+0000] {logging_mixin.py:188} INFO - [2026-09-10T13:42:47.793+0000] {dag.py:3047} INFO - Sync 6 DAGs
[2026-09-10T13:42:47.837+0000] {logging_mixin.py:188} INFO - [2026-09-10T13:42:47.837+0000] {dag.py:3834} INFO - Setting next_dagrun for dataset_consumes_1 to None, run_after=None
[2026-09-10T13:42:47.844+0000] {logging_mixin.py:188} INFO - [2026-09-10T13:42:47.843+0000] {dag.py:3834} INFO - Setting next_dagrun for dataset_consumes_1_and_2 to None, run_after=None
[2026-09-10T13:42:47.849+0000] {logging_mixin.py:188} INFO - [2026-09-10T13:42:47.848+0000] {dag.py:3834} INFO - Setting next_dagrun for dataset_consumes_1_never_scheduled to None, run_after=None
[2026-09-10T13:42:47.854+0000] {logging_mixin.py:188} INFO - [2026-09-10T13:42:47.852+0000] {dag.py:3834} INFO - Setting next_dagrun for dataset_consumes_unknown_never_scheduled to None, run_after=None
[2026-09-10T13:42:47.862+0000] {logging_mixin.py:188} INFO - [2026-09-10T13:42:47.862+0000] {dag.py:3834} INFO - Setting next_dagrun for dataset_produces_1 to 2026-09-09 00:00:00+00:00, run_after=2026-09-10 00:00:00+00:00
[2026-09-10T13:42:47.865+0000] {logging_mixin.py:188} INFO - [2026-09-10T13:42:47.865+0000] {dag.py:3834} INFO - Setting next_dagrun for dataset_produces_2 to None, run_after=None
[2026-09-10T13:42:47.922+0000] {processor.py:183} INFO - Processing /home/airflow/.local/lib/python3.8/site-packages/airflow/example_dags/example_datasets.py took 0.220 seconds
[2026-09-10T13:44:20.089+0000] {processor.py:161} INFO - Started process (PID=135) to work on /home/airflow/.local/lib/python3.8/site-packages/airflow/example_dags/example_datasets.py
[2026-09-10T13:44:20.091+0000] {processor.py:830} INFO - Processing file /home/airflow/.local/lib/python3.8/site-packages/airflow/example_dags/example_datasets.py for tasks to queue
[2026-09-10T13:44:20.094+0000] {logging_mixin.py:188} INFO - [2026-09-10T13:44:20.093+0000] {dagbag.py:540} INFO - Filling up the DagBag from /home/airflow/.local/lib/python3.8/site-packages/airflow/example_dags/example_datasets.py
[2026-09-10T13:44:20.109+0000] {processor.py:840} INFO - DAG(s) 'dataset_consumes_1_never_scheduled', 'dataset_consumes_1', 'dataset_consumes_1_and_2', 'dataset_produces_1', 'dataset_produces_2', 'dataset_consumes_unknown_never_scheduled' retrieved from /home/airflow/.local/lib/python3.8/site-packages/airflow/example_dags/example_datasets.py
[2026-09-10T13:44:20.312+0000] {logging_mixin.py:188} INFO - [2026-09-10T13:44:20.311+0000] {dag.py:3047} INFO - Sync 6 DAGs
[2026-09-10T13:44:20.341+0000] {logging_mixin.py:188} INFO - [2026-09-10T13:44:20.340+0000] {dag.py:3834} INFO - Setting next_dagrun for dataset_consumes_1 to None, run_after=None
[2026-09-10T13:44:20.348+0000] {logging_mixin.py:188} INFO - [2026-09-10T13:44:20.348+0000] {dag.py:3834} INFO - Setting next_dagrun for dataset_consumes_1_and_2 to None, run_after=None
[2026-09-10T13:44:20.351+0000] {logging_mixin.py:188} INFO - [2026-09-10T13:44:20.351+0000] {dag.py:3834} INFO - Setting next_dagrun for dataset_consumes_1_never_scheduled to None, run_after=None
[2026-09-10T13:44:20.355+0000] {logging_mixin.py:188} INFO - [2026-09-10T13:44:20.355+0000] {dag.py:3834} INFO - Setting next_dagrun for dataset_consumes_unknown_never_scheduled to None, run_after=None
[2026-09-10T13:44:20.362+0000] {logging_mixin.py:188} INFO - [2026-09-10T13:44:20.361+0000] {dag.py:3834} INFO - Setting next_dagrun for dataset_produces_1 to 2026-09-09 00:00:00+00:00, run_after=2026-09-10 00:00:00+00:00
[2026-09-10T13:44:20.364+0000] {logging_mixin.py:188} INFO - [2026-09-10T13:44:20.364+0000] {dag.py:3834} INFO - Setting next_dagrun for dataset_produces_2 to None, run_after=None
[2026-09-10T13:44:20.401+0000] {processor.py:183} INFO - Processing /home/airflow/.local/lib/python3.8/site-packages/airflow/example_dags/example_datasets.py took 0.317 seconds
[2026-09-10T13:44:50.780+0000] {processor.py:161} INFO - Started process (PID=196) to work on /home/airflow/.local/lib/python3.8/site-packages/airflow/example_dags/example_datasets.py
[2026-09-10T13:44:50.781+0000] {processor.py:830} INFO - Processing file /home/airflow/.local/lib/python3.8/site-packages/airflow/example_dags/example_datasets.py for tasks to queue
[2026-09-10T13:44:50.784+0000] {logging_mixin.py:188} INFO - [2026-09-10T13:44:50.784+0000] {dagbag.py:540} INFO - Filling up the DagBag from /home/airflow/.local/lib/python3.8/site-packages/airflow/example_dags/example_datasets.py
[2026-09-10T13:44:50.796+0000] {processor.py:840} INFO - DAG(s) 'dataset_consumes_1_never_scheduled', 'dataset_consumes_1_and_2', 'dataset_consumes_1', 'dataset_produces_2', 'dataset_produces_1', 'dataset_consumes_unknown_never_scheduled' retrieved from /home/airflow/.local/lib/python3.8/site-packages/airflow/example_dags/example_datasets.py
[2026-09-10T13:44:50.843+0000] {logging_mixin.py:188} INFO - [2026-09-10T13:44:50.843+0000] {dag.py:3047} INFO - Sync 6 DAGs
[2026-09-10T13:44:50.875+0000] {logging_mixin.py:188} INFO - [2026-09-10T13:44:50.874+0000] {dag.py:3834} INFO - Setting next_dagrun for dataset_consumes_1 to None, run_after=None
[2026-09-10T13:44:50.881+0000] {logging_mixin.py:188} INFO - [2026-09-10T13:44:50.880+0000] {dag.py:3834} INFO - Setting next_dagrun for dataset_consumes_1_and_2 to None, run_after=None
[2026-09-10T13:44:50.883+0000] {logging_mixin.py:188} INFO - [2026-09-10T13:44:50.883+0000] {dag.py:3834} INFO - Setting next_dagrun for dataset_consumes_1_never_scheduled to None, run_after=None
[2026-09-10T13:44:50.885+0000] {logging_mixin.py:188} INFO - [2026-09-10T13:44:50.885+0000] {dag.py:3834} INFO - Setting next_dagrun for dataset_consumes_unknown_never_scheduled to None, run_after=None
[2026-09-10T13:44:50.890+0000] {logging_mixin.py:188} INFO - [2026-09-10T13:44:50.889+0000] {dag.py:3834} INFO - Setting next_dagrun for dataset_produces_1 to 2026-09-09 00:00:00+00:00, run_after=2026-09-10 00:00:00+00:00
[2026-09-10T13:44:50.892+0000] {logging_mixin.py:188} INFO - [2026-09-10T13:44:50.892+0000] {dag.py:3834} INFO - Setting next_dagrun for dataset_produces_2 to None, run_after=None
[2026-09-10T13:44:50.983+0000] {processor.py:183} INFO - Processing /home/airflow/.local/lib/python3.8/site-packages/airflow/example_dags/example_datasets.py took 0.207 seconds
[2026-09-10T13:45:21.614+0000] {processor.py:161} INFO - Started process (PID=257) to work on /home/airflow/.local/lib/python3.8/site-packages/airflow/example_dags/example_datasets.py
[2026-09-10T13:45:21.616+0000] {processor.py:830} INFO - Processing file /home/airflow/.local/lib/python3.8/site-packages/airflow/example_dags/example_datasets.py for tasks to queue
[2026-09-10T13:45:21.619+0000] {logging_mixin.py:188} INFO - [2026-09-10T13:45:21.619+0000] {dagbag.py:540} INFO - Filling up the DagBag from /home/airflow/.local/lib/python3.8/site-packages/airflow/example_dags/example_datasets.py
[2026-09-10T13:45:21.630+0000] {processor.py:840} INFO - DAG(s) 'dataset_consumes_1_never_scheduled', 'dataset_consumes_1_and_2', 'dataset_produces_1', 'dataset_consumes_unknown_never_scheduled', 'dataset_consumes_1', 'dataset_produces_2' retrieved from /home/airflow/.local/lib/python3.8/site-packages/airflow/example_dags/example_datasets.py
[2026-09-10T13:45:21.682+0000] {logging_mixin.py:188} INFO - [2026-09-10T13:45:21.682+0000] {dag.py:3047} INFO - Sync 6 DAGs
[2026-09-10T13:45:21.709+0000] {logging_mixin.py:188} INFO - [2026-09-10T13:45:21.709+0000] {dag.py:3834} INFO - Setting next_dagrun for dataset_consumes_1 to None, run_after=None
[2026-09-10T13:45:21.716+0000] {logging_mixin.py:188} INFO - [2026-09-10T13:45:21.715+0000] {dag.py:3834} INFO - Setting next_dagrun for dataset_consumes_1_and_2 to None, run_after=None
[2026-09-10T13:45:21.718+0000] {logging_mixin.py:188} INFO - [2026-09-10T13:45:21.718+0000] {dag.py:3834} INFO - Setting next_dagrun for dataset_consumes_1_never_scheduled to None, run_after=None
[2026-09-10T13:45:21.720+0000] {logging_mixin.py:188} INFO - [2026-09-10T13:45:21.720+0000] {dag.py:3834} INFO - Setting next_dagrun for dataset_consumes_unknown_never_scheduled to None, run_after=None
[2026-09-10T13:45:21.723+0000] {logging_mixin.py:188} INFO - [2026-09-10T13:45:21.723+0000] {dag.py:3834} INFO - Setting next_dagrun for dataset_produces_1 to 2026-09-09 00:00:00+00:00, run_after=2026-09-10 00:00:00+00:00
[2026-09-10T13:45:21.726+0000] {logging_mixin.py:188} INFO - [2026-09-10T13:45:21.725+0000] {dag.py:3834} INFO - Setting next_dagrun for dataset_produces_2 to None, run_after=None
[2026-09-10T13:45:21.848+0000] {processor.py:183} INFO - Processing /home/airflow/.local/lib/python3.8/site-packages/airflow/example_dags/example_datasets.py took 0.238 seconds
[2026-09-10T13:45:52.040+0000] {processor.py:161} INFO - Started process (PID=318) to work on /home/airflow/.local/lib/python3.8/site-packages/airflow/example_dags/example_datasets.py
[2026-09-10T13:45:52.042+0000] {processor.py:830} INFO - Processing file /home/airflow/.local/lib/python3.8/site-packages/airflow/example_dags/example_datasets.py for tasks to queue
[2026-09-10T13:45:52.045+0000] {logging_mixin.py:188} INFO - [2026-09-10T13:45:52.045+0000] {dagbag.py:540} INFO - Filling up the DagBag from /home/airflow/.local/lib/python3.8/site-packages/airflow/example_dags/example_datasets.py
[2026-09-10T13:45:52.064+0000] {processor.py:840} INFO - DAG(s) 'dataset_consumes_1_never_scheduled', 'dataset_produces_1', 'dataset_consumes_unknown_never_scheduled', 'dataset_consumes_1_and_2', 'dataset_produces_2', 'dataset_consumes_1' retrieved from /home/airflow/.local/lib/python3.8/site-packages/airflow/example_dags/example_datasets.py
[2026-09-10T13:45:52.108+0000] {logging_mixin.py:188} INFO - [2026-09-10T13:45:52.108+0000] {dag.py:3047} INFO - Sync 6 DAGs
[2026-09-10T13:45:52.139+0000] {logging_mixin.py:188} INFO - [2026-09-10T13:45:52.138+0000] {dag.py:3834} INFO - Setting next_dagrun for dataset_consumes_1 to None, run_after=None
[2026-09-10T13:45:52.143+0000] {logging_mixin.py:188} INFO - [2026-09-10T13:45:52.143+0000] {dag.py:3834} INFO - Setting next_dagrun for dataset_consumes_1_and_2 to None, run_after=None
[2026-09-10T13:45:52.146+0000] {logging_mixin.py:188} INFO - [2026-09-10T13:45:52.145+0000] {dag.py:3834} INFO - Setting next_dagrun for dataset_consumes_1_never_scheduled to None, run_after=None
[2026-09-10T13:45:52.148+0000] {logging_mixin.py:188} INFO - [2026-09-10T13:45:52.148+0000] {dag.py:3834} INFO - Setting next_dagrun for dataset_consumes_unknown_never_scheduled to None, run_after=None
[2026-09-10T13:45:52.153+0000] {logging_mixin.py:188} INFO - [2026-09-10T13:45:52.152+0000] {dag.py:3834} INFO - Setting next_dagrun for dataset_produces_1 to 2026-09-09 00:00:00+00:00, run_after=2026-09-10 00:00:00+00:00
[2026-09-10T13:45:52.155+0000] {logging_mixin.py:188} INFO - [2026-09-10T13:45:52.155+0000] {dag.py:3834} INFO - Setting next_dagrun for dataset_produces_2 to None, run_after=None
[2026-09-10T13:45:52.264+0000] {processor.py:183} INFO - Processing /home/airflow/.local/lib/python3.8/site-packages/airflow/example_dags/example_datasets.py took 0.230 seconds
[2026-09-10T13:46:23.727+0000] {processor.py:161} INFO - Started process (PID=379) to work on /home/airflow/.local/lib/python3.8/site-packages/airflow/example_dags/example_datasets.py
[2026-09-10T13:46:23.729+0000] {processor.py:830} INFO - Processing file /home/airflow/.local/lib/python3.8/site-packages/airflow/example_dags/example_datasets.py for tasks to queue
[2026-09-10T13:46:23.732+0000] {logging_mixin.py:188} INFO - [2026-09-10T13:46:23.731+0000] {dagbag.py:540} INFO - Filling up the DagBag from /home/airflow/.local/lib/python3.8/site-packages/airflow/example_dags/example_datasets.py
[2026-09-10T13:46:23.742+0000] {processor.py:840} INFO - DAG(s) 'dataset_consumes_1_and_2', 'dataset_consumes_unknown_never_scheduled', 'dataset_consumes_1_never_scheduled', 'dataset_produces_2', 'dataset_produces_1', 'dataset_consumes_1' retrieved from /home/airflow/.local/lib/python3.8/site-packages/airflow/example_dags/example_datasets.py
[2026-09-10T13:46:23.783+0000] {logging_mixin.py:188} INFO - [2026-09-10T13:46:23.783+0000] {dag.py:3047} INFO - Sync 6 DAGs
[2026-09-10T13:46:23.808+0000] {logging_mixin.py:188} INFO - [2026-09-10T13:46:23.807+0000] {dag.py:3834} INFO - Setting next_dagrun for dataset_consumes_1 to None, run_after=None
[2026-09-10T13:46:23.813+0000] {logging_mixin.py:188} INFO - [2026-09-10T13:46:23.812+0000] {dag.py:3834} INFO - Setting next_dagrun for dataset_consumes_1_and_2 to None, run_after=None
[2026-09-10T13:46:23.816+0000] {logging_mixin.py:188} INFO - [2026-09-10T13:46:23.815+0000] {dag.py:3834} INFO - Setting next_dagrun for dataset_consumes_1_never_scheduled to None, run_after=None
[2026-09-10T13:46:23.818+0000] {logging_mixin.py:188} INFO - [2026-09-10T13:46:23.818+0000] {dag.py:3834} INFO - Setting next_dagrun for dataset_consumes_unknown_never_scheduled to None, run_after=None
[2026-09-10T13:46:23.822+0000] {logging_mixin.py:188} INFO - [2026-09-10T13:46:23.822+0000] {dag.py:3834} INFO - Setting next_dagrun for dataset_produces_1 to 2026-09-09 00:00:00+00:00, run_after=2026-09-10 00:00:00+00:00
[2026-09-10T13:46:23.825+0000] {logging_mixin.py:188} INFO - [2026-09-10T13:46:23.825+0000] {dag.py:3834} INFO - Setting next_dagrun for dataset_produces_2 to None, run_after=None
[2026-09-10T13:46:23.988+0000] {processor.py:183} INFO - Processing /home/airflow/.local/lib/python3.8/site-packages/airflow/example_dags/example_datasets.py took 0.265 seconds
[2026-09-10T13:46:57.819+0000] {processor.py:161} INFO - Started process (PID=440) to work on /home/airflow/.local/lib/python3.8/site-packages/airflow/example_dags/example_datasets.py
[2026-09-10T13:46:57.821+0000] {processor.py:830} INFO - Processing file /home/airflow/.local/lib/python3.8/site-packages/airflow/example_dags/example_datasets.py for tasks to queue
[2026-09-10T13:46:57.824+0000] {logging_mixin.py:188} INFO - [2026-09-10T13:46:57.823+0000] {dagbag.py:540} INFO - Filling up the DagBag from /home/airflow/.local/lib/python3.8/site-packages/airflow/example_dags/example_datasets.py
[2026-09-10T13:46:57.834+0000] {processor.py:840} INFO - DAG(s) 'dataset_consumes_1', 'dataset_produces_1', 'dataset_consumes_1_never_scheduled', 'dataset_consumes_unknown_never_scheduled', 'dataset_produces_2', 'dataset_consumes_1_and_2' retrieved from /home/airflow/.local/lib/python3.8/site-packages/airflow/example_dags/example_datasets.py
[2026-09-10T13:46:57.899+0000] {logging_mixin.py:188} INFO - [2026-09-10T13:46:57.898+0000] {dag.py:3047} INFO - Sync 6 DAGs
[2026-09-10T13:46:57.938+0000] {logging_mixin.py:188} INFO - [2026-09-10T13:46:57.938+0000] {dag.py:3834} INFO - Setting next_dagrun for dataset_consumes_1 to None, run_after=None
[2026-09-10T13:46:57.944+0000] {logging_mixin.py:188} INFO - [2026-09-10T13:46:57.943+0000] {dag.py:3834} INFO - Setting next_dagrun for dataset_consumes_1_and_2 to None, run_after=None
[2026-09-10T13:46:57.949+0000] {logging_mixin.py:188} INFO - [2026-09-10T13:46:57.949+0000] {dag.py:3834} INFO - Setting next_dagrun for dataset_consumes_1_never_scheduled to None, run_after=None
[2026-09-10T13:46:57.953+0000] {logging_mixin.py:188} INFO - [2026-09-10T13:46:57.953+0000] {dag.py:3834} INFO - Setting next_dagrun for dataset_consumes_unknown_never_scheduled to None, run_after=None
[2026-09-10T13:46:57.958+0000] {logging_mixin.py:188} INFO - [2026-09-10T13:46:57.958+0000] {dag.py:3834} INFO - Setting next_dagrun for dataset_produces_1 to 2026-09-09 00:00:00+00:00, run_after=2026-09-10 00:00:00+00:00
[2026-09-10T13:46:57.960+0000] {logging_mixin.py:188} INFO - [2026-09-10T13:46:57.960+0000] {dag.py:3834} INFO - Setting next_dagrun for dataset_produces_2 to None, run_after=None
[2026-09-10T13:46:58.050+0000] {processor.py:183} INFO - Processing /home/airflow/.local/lib/python3.8/site-packages/airflow/example_dags/example_datasets.py took 0.234 seconds
[2026-09-10T13:47:29.011+0000] {processor.py:161} INFO - Started process (PID=501) to work on /home/airflow/.local/lib/python3.8/site-packages/airflow/example_dags/example_datasets.py
[2026-09-10T13:47:29.013+0000] {processor.py:830} INFO - Processing file /home/airflow/.local/lib/python3.8/site-packages/airflow/example_dags/example_datasets.py for tasks to queue
[2026-09-10T13:47:29.017+0000] {logging_mixin.py:188} INFO - [2026-09-10T13:47:29.016+0000] {dagbag.py:540} INFO - Filling up the DagBag from /home/airflow/.local/lib/python3.8/site-packages/airflow/example_dags/example_datasets.py
[2026-09-10T13:47:29.035+0000] {processor.py:840} INFO - DAG(s) 'dataset_consumes_unknown_never_scheduled', 'dataset_produces_1', 'dataset_consumes_1_never_scheduled', 'dataset_produces_2', 'dataset_consumes_1', 'dataset_consumes_1_and_2' retrieved from /home/airflow/.local/lib/python3.8/site-packages/airflow/example_dags/example_datasets.py
[2026-09-10T13:47:29.090+0000] {logging_mixin.py:188} INFO - [2026-09-10T13:47:29.089+0000] {dag.py:3047} INFO - Sync 6 DAGs
[2026-09-10T13:47:29.125+0000] {logging_mixin.py:188} INFO - [2026-09-10T13:47:29.125+0000] {dag.py:3834} INFO - Setting next_dagrun for dataset_consumes_1 to None, run_after=None
[2026-09-10T13:47:29.130+0000] {logging_mixin.py:188} INFO - [2026-09-10T13:47:29.130+0000] {dag.py:3834} INFO - Setting next_dagrun for dataset_consumes_1_and_2 to None, run_after=None
[2026-09-10T13:47:29.134+0000] {logging_mixin.py:188} INFO - [2026-09-10T13:47:29.134+0000] {dag.py:3834} INFO - Setting next_dagrun for dataset_consumes_1_never_scheduled to None, run_after=None
[2026-09-10T13:47:29.136+0000] {logging_mixin.py:188} INFO - [2026-09-10T13:47:29.136+0000] {dag.py:3834} INFO - Setting next_dagrun for dataset_consumes_unknown_never_scheduled to None, run_after=None
[2026-09-10T13:47:29.139+0000] {logging_mixin.py:188} INFO - [2026-09-10T13:47:29.139+0000] {dag.py:3834} INFO - Setting next_dagrun for dataset_produces_1 to 2026-09-09 00:00:00+00:00, run_after=2026-09-10 00:00:00+00:00
[2026-09-10T13:47:29.140+0000] {logging_mixin.py:188} INFO - [2026-09-10T13:47:29.140+0000] {dag.py:3834} INFO - Setting next_dagrun for dataset_produces_2 to None, run_after=None
[2026-09-10T13:47:29.348+0000] {processor.py:183} INFO - Processing /home/airflow/.local/lib/python3.8/site-packages/airflow/example_dags/example_datasets.py took 0.341 seconds
[2026-09-10T13:48:00.105+0000] {processor.py:161} INFO - Started process (PID=570) to work on /home/airflow/.local/lib/python3.8/site-packages/airflow/example_dags/example_datasets.py
[2026-09-10T13:48:00.107+0000] {processor.py:830} INFO - Processing file /home/airflow/.local/lib/python3.8/site-packages/airflow/example_dags/example_datasets.py for tasks to queue
[2026-09-10T13:48:00.109+0000] {logging_mixin.py:188} INFO - [2026-09-10T13:48:00.109+0000] {dagbag.py:540} INFO - Filling up the DagBag from /home/airflow/.local/lib/python3.8/site-packages/airflow/example_dags/example_datasets.py
[2026-09-10T13:48:00.123+0000] {processor.py:840} INFO - DAG(s) 'dataset_consumes_1_never_scheduled', 'dataset_consumes_unknown_never_scheduled', 'dataset_consumes_1', 'dataset_consumes_1_and_2', 'dataset_produces_2', 'dataset_produces_1' retrieved from /home/airflow/.local/lib/python3.8/site-packages/airflow/example_dags/example_datasets.py
[2026-09-10T13:48:00.172+0000] {logging_mixin.py:188} INFO - [2026-09-10T13:48:00.172+0000] {dag.py:3047} INFO - Sync 6 DAGs
[2026-09-10T13:48:00.209+0000] {logging_mixin.py:188} INFO - [2026-09-10T13:48:00.209+0000] {dag.py:3834} INFO - Setting next_dagrun for dataset_consumes_1 to None, run_after=None
[2026-09-10T13:48:00.215+0000] {logging_mixin.py:188} INFO - [2026-09-10T13:48:00.214+0000] {dag.py:3834} INFO - Setting next_dagrun for dataset_consumes_1_and_2 to None, run_after=None
[2026-09-10T13:48:00.218+0000] {logging_mixin.py:188} INFO - [2026-09-10T13:48:00.218+0000] {dag.py:3834} INFO - Setting next_dagrun for dataset_consumes_1_never_scheduled to None, run_after=None
[2026-09-10T13:48:00.221+0000] {logging_mixin.py:188} INFO - [2026-09-10T13:48:00.221+0000] {dag.py:3834} INFO - Setting next_dagrun for dataset_consumes_unknown_never_scheduled to None, run_after=None
[2026-09-10T13:48:00.226+0000] {logging_mixin.py:188} INFO - [2026-09-10T13:48:00.226+0000] {dag.py:3834} INFO - Setting next_dagrun for dataset_produces_1 to 2026-09-09 00:00:00+00:00, run_after=2026-09-10 00:00:00+00:00
[2026-09-10T13:48:00.230+0000] {logging_mixin.py:188} INFO - [2026-09-10T13:48:00.230+0000] {dag.py:3834} INFO - Setting next_dagrun for dataset_produces_2 to None, run_after=None
[2026-09-10T13:48:00.309+0000] {processor.py:183} INFO - Processing /home/airflow/.local/lib/python3.8/site-packages/airflow/example_dags/example_datasets.py took 0.209 seconds
[2026-09-10T13:48:30.352+0000] {processor.py:161} INFO - Started process (PID=630) to work on /home/airflow/.local/lib/python3.8/site-packages/airflow/example_dags/example_datasets.py
[2026-09-10T13:48:30.354+0000] {processor.py:830} INFO - Processing file /home/airflow/.local/lib/python3.8/site-packages/airflow/example_dags/example_datasets.py for tasks to queue
[2026-09-10T13:48:30.357+0000] {logging_mixin.py:188} INFO - [2026-09-10T13:48:30.356+0000] {dagbag.py:540} INFO - Filling up the DagBag from /home/airflow/.local/lib/python3.8/site-packages/airflow/example_dags/example_datasets.py
[2026-09-10T13:48:30.368+0000] {processor.py:840} INFO - DAG(s) 'dataset_consumes_unknown_never_scheduled', 'dataset_produces_2', 'dataset_produces_1', 'dataset_consumes_1_never_scheduled', 'dataset_consumes_1', 'dataset_consumes_1_and_2' retrieved from /home/airflow/.local/lib/python3.8/site-packages/airflow/example_dags/example_datasets.py
[2026-09-10T13:48:30.408+0000] {logging_mixin.py:188} INFO - [2026-09-10T13:48:30.408+0000] {dag.py:3047} INFO - Sync 6 DAGs
[2026-09-10T13:48:30.432+0000] {logging_mixin.py:188} INFO - [2026-09-10T13:48:30.432+0000] {dag.py:3834} INFO - Setting next_dagrun for dataset_consumes_1 to None, run_after=None
[2026-09-10T13:48:30.438+0000] {logging_mixin.py:188} INFO - [2026-09-10T13:48:30.438+0000] {dag.py:3834} INFO - Setting next_dagrun for dataset_consumes_1_and_2 to None, run_after=None
[2026-09-10T13:48:30.440+0000] {logging_mixin.py:188} INFO - [2026-09-10T13:48:30.440+0000] {dag.py:3834} INFO - Setting next_dagrun for dataset_consumes_1_never_scheduled to None, run_after=None
[2026-09-10T13:48:30.444+0000] {logging_mixin.py:188} INFO - [2026-09-10T13:48:30.443+0000] {dag.py:3834} INFO - Setting next_dagrun for dataset_consumes_unknown_never_scheduled to None, run_after=None
[2026-09-10T13:48:30.448+0000] {logging_mixin.py:188} INFO - [2026-09-10T13:48:30.448+0000] {dag.py:3834} INFO - Setting next_dagrun for dataset_produces_1 to 2026-09-09 00:00:00+00:00, run_after=2026-09-10 00:00:00+00:00
[2026-09-10T13:48:30.451+0000] {logging_mixin.py:188} INFO - [2026-09-10T13:48:30.450+0000] {dag.py:3834} INFO - Setting next_dagrun for dataset_produces_2 to None, run_after=None
[2026-09-10T13:48:30.526+0000] {processor.py:183} INFO - Processing /home/airflow/.local/lib/python3.8/site-packages/airflow/example_dags/example_datasets.py took 0.177 seconds
[2026-09-10T13:49:00.867+0000] {processor.py:161} INFO - Started process (PID=691) to work on /home/airflow/.local/lib/python3.8/site-packages/airflow/example_dags/example_datasets.py
[2026-09-10T13:49:00.869+0000] {processor.py:830} INFO - Processing file /home/airflow/.local/lib/python3.8/site-packages/airflow/example_dags/example_datasets.py for tasks to queue
[2026-09-10T13:49:00.873+0000] {logging_mixin.py:188} INFO - [2026-09-10T13:49:00.873+0000] {dagbag.py:540} INFO - Filling up the DagBag from /home/airflow/.local/lib/python3.8/site-packages/airflow/example_dags/example_datasets.py
[2026-09-10T13:49:00.886+0000] {processor.py:840} INFO - DAG(s) 'dataset_produces_2', 'dataset_consumes_1', 'dataset_consumes_unknown_never_scheduled', 'dataset_consumes_1_never_scheduled', 'dataset_consumes_1_and_2', 'dataset_produces_1' retrieved from /home/airflow/.local/lib/python3.8/site-packages/airflow/example_dags/example_datasets.py
[2026-09-10T13:49:00.939+0000] {logging_mixin.py:188} INFO - [2026-09-10T13:49:00.938+0000] {dag.py:3047} INFO - Sync 6 DAGs
[2026-09-10T13:49:00.976+0000] {logging_mixin.py:188} INFO - [2026-09-10T13:49:00.976+0000] {dag.py:3834} INFO - Setting next_dagrun for dataset_consumes_1 to None, run_after=None
[2026-09-10T13:49:00.985+0000] {logging_mixin.py:188} INFO - [2026-09-10T13:49:00.984+0000] {dag.py:3834} INFO - Setting next_dagrun for dataset_consumes_1_and_2 to None, run_after=None
[2026-09-10T13:49:00.990+0000] {logging_mixin.py:188} INFO - [2026-09-10T13:49:00.990+0000] {dag.py:3834} INFO - Setting next_dagrun for dataset_consumes_1_never_scheduled to None, run_after=None
[2026-09-10T13:49:00.995+0000] {logging_mixin.py:188} INFO - [2026-09-10T13:49:00.995+0000] {dag.py:3834} INFO - Setting next_dagrun for dataset_consumes_unknown_never_scheduled to None, run_after=None
[2026-09-10T13:49:01.001+0000] {logging_mixin.py:188} INFO - [2026-09-10T13:49:01.001+0000] {dag.py:3834} INFO - Setting next_dagrun for dataset_produces_1 to 2026-09-09 00:00:00+00:00, run_after=2026-09-10 00:00:00+00:00
[2026-09-10T13:49:01.004+0000] {logging_mixin.py:188} INFO - [2026-09-10T13:49:01.003+0000] {dag.py:3834} INFO - Setting next_dagrun for dataset_produces_2 to None, run_after=None
[2026-09-10T13:49:01.151+0000] {processor.py:183} INFO - Processing /home/airflow/.local/lib/python3.8/site-packages/airflow/example_dags/example_datasets.py took 0.289 seconds
[2026-09-10T13:49:31.488+0000] {processor.py:161} INFO - Started process (PID=752) to work on /home/airflow/.local/lib/python3.8/site-packages/airflow/example_dags/example_datasets.py
[2026-09-10T13:49:31.490+0000] {processor.py:830} INFO - Processing file /home/airflow/.local/lib/python3.8/site-packages/airflow/example_dags/example_datasets.py for tasks to queue
[2026-09-10T13:49:31.500+0000] {logging_mixin.py:188} INFO - [2026-09-10T13:49:31.499+0000] {dagbag.py:540} INFO - Filling up the DagBag from /home/airflow/.local/lib/python3.8/site-packages/airflow/example_dags/example_datasets.py
[2026-09-10T13:49:31.520+0000] {processor.py:840} INFO - DAG(s) 'dataset_consumes_1', 'dataset_consumes_1_and_2', 'dataset_produces_1', 'dataset_consumes_unknown_never_scheduled', 'dataset_produces_2', 'dataset_consumes_1_never_scheduled' retrieved from /home/airflow/.local/lib/python3.8/site-packages/airflow/example_dags/example_datasets.py
[2026-09-10T13:49:31.589+0000] {logging_mixin.py:188} INFO - [2026-09-10T13:49:31.589+0000] {dag.py:3047} INFO - Sync 6 DAGs
[2026-09-10T13:49:31.639+0000] {logging_mixin.py:188} INFO - [2026-09-10T13:49:31.638+0000] {dag.py:3834} INFO - Setting next_dagrun for dataset_consumes_1 to None, run_after=None
[2026-09-10T13:49:31.652+0000] {logging_mixin.py:188} INFO - [2026-09-10T13:49:31.652+0000] {dag.py:3834} INFO - Setting next_dagrun for dataset_consumes_1_and_2 to None, run_after=None
[2026-09-10T13:49:31.657+0000] {logging_mixin.py:188} INFO - [2026-09-10T13:49:31.657+0000] {dag.py:3834} INFO - Setting next_dagrun for dataset_consumes_1_never_scheduled to None, run_after=None
[2026-09-10T13:49:31.660+0000] {logging_mixin.py:188} INFO - [2026-09-10T13:49:31.660+0000] {dag.py:3834} INFO - Setting next_dagrun for dataset_consumes_unknown_never_scheduled to None, run_after=None
[2026-09-10T13:49:31.666+0000] {logging_mixin.py:188} INFO - [2026-09-10T13:49:31.666+0000] {dag.py:3834} INFO - Setting next_dagrun for dataset_produces_1 to 2026-09-09 00:00:00+00:00, run_after=2026-09-10 00:00:00+00:00
[2026-09-10T13:49:31.671+0000] {logging_mixin.py:188} INFO - [2026-09-10T13:49:31.670+0000] {dag.py:3834} INFO - Setting next_dagrun for dataset_produces_2 to None, run_after=None
[2026-09-10T13:49:31.980+0000] {processor.py:183} INFO - Processing /home/airflow/.local/lib/python3.8/site-packages/airflow/example_dags/example_datasets.py took 0.499 seconds
[2026-09-10T13:50:02.337+0000] {processor.py:161} INFO - Started process (PID=813) to work on /home/airflow/.local/lib/python3.8/site-packages/airflow/example_dags/example_datasets.py
[2026-09-10T13:50:02.339+0000] {processor.py:830} INFO - Processing file /home/airflow/.local/lib/python3.8/site-packages/airflow/example_dags/example_datasets.py for tasks to queue
[2026-09-10T13:50:02.343+0000] {logging_mixin.py:188} INFO - [2026-09-10T13:50:02.342+0000] {dagbag.py:540} INFO - Filling up the DagBag from /home/airflow/.local/lib/python3.8/site-packages/airflow/example_dags/example_datasets.py
[2026-09-10T13:50:02.362+0000] {processor.py:840} INFO - DAG(s) 'dataset_consumes_unknown_never_scheduled', 'dataset_consumes_1_and_2', 'dataset_consumes_1', 'dataset_produces_1', 'dataset_consumes_1_never_scheduled', 'dataset_produces_2' retrieved from /home/airflow/.local/lib/python3.8/site-packages/airflow/example_dags/example_datasets.py
[2026-09-10T13:50:02.426+0000] {logging_mixin.py:188} INFO - [2026-09-10T13:50:02.426+0000] {dag.py:3047} INFO - Sync 6 DAGs
[2026-09-10T13:50:02.474+0000] {logging_mixin.py:188} INFO - [2026-09-10T13:50:02.474+0000] {dag.py:3834} INFO - Setting next_dagrun for dataset_consumes_1 to None, run_after=None
[2026-09-10T13:50:02.479+0000] {logging_mixin.py:188} INFO - [2026-09-10T13:50:02.478+0000] {dag.py:3834} INFO - Setting next_dagrun for dataset_consumes_1_and_2 to None, run_after=None
[2026-09-10T13:50:02.481+0000] {logging_mixin.py:188} INFO - [2026-09-10T13:50:02.481+0000] {dag.py:3834} INFO - Setting next_dagrun for dataset_consumes_1_never_scheduled to None, run_after=None
[2026-09-10T13:50:02.483+0000] {logging_mixin.py:188} INFO - [2026-09-10T13:50:02.483+0000] {dag.py:3834} INFO - Setting next_dagrun for dataset_consumes_unknown_never_scheduled to None, run_after=None
[2026-09-10T13:50:02.488+0000] {logging_mixin.py:188} INFO - [2026-09-10T13:50:02.488+0000] {dag.py:3834} INFO - Setting next_dagrun for dataset_produces_1 to 2026-09-09 00:00:00+00:00, run_after=2026-09-10 00:00:00+00:00
[2026-09-10T13:50:02.491+0000] {logging_mixin.py:188} INFO - [2026-09-10T13:50:02.490+0000] {dag.py:3834} INFO - Setting next_dagrun for dataset_produces_2 to None, run_after=None
[2026-09-10T13:50:02.601+0000] {processor.py:183} INFO - Processing /home/airflow/.local/lib/python3.8/site-packages/airflow/example_dags/example_datasets.py took 0.272 seconds
[2026-09-10T13:50:32.960+0000] {processor.py:161} INFO - Started process (PID=874) to work on /home/airflow/.local/lib/python3.8/site-packages/airflow/example_dags/example_datasets.py
[2026-09-10T13:50:32.962+0000] {processor.py:830} INFO - Processing file /home/airflow/.local/lib/python3.8/site-packages/airflow/example_dags/example_datasets.py for tasks to queue
[2026-09-10T13:50:32.965+0000] {logging_mixin.py:188} INFO - [2026-09-10T13:50:32.964+0000] {dagbag.py:540} INFO - Filling up the DagBag from /home/airflow/.local/lib/python3.8/site-packages/airflow/example_dags/example_datasets.py
[2026-09-10T13:50:32.982+0000] {processor.py:840} INFO - DAG(s) 'dataset_consumes_1', 'dataset_consumes_unknown_never_scheduled', 'dataset_consumes_1_never_scheduled', 'dataset_produces_2', 'dataset_produces_1', 'dataset_consumes_1_and_2' retrieved from /home/airflow/.local/lib/python3.8/site-packages/airflow/example_dags/example_datasets.py
[2026-09-10T13:50:33.030+0000] {logging_mixin.py:188} INFO - [2026-09-10T13:50:33.030+0000] {dag.py:3047} INFO - Sync 6 DAGs
[2026-09-10T13:50:33.065+0000] {logging_mixin.py:188} INFO - [2026-09-10T13:50:33.065+0000] {dag.py:3834} INFO - Setting next_dagrun for dataset_consumes_1 to None, run_after=None
[2026-09-10T13:50:33.069+0000] {logging_mixin.py:188} INFO - [2026-09-10T13:50:33.069+0000] {dag.py:3834} INFO - Setting next_dagrun for dataset_consumes_1_and_2 to None, run_after=None
[2026-09-10T13:50:33.071+0000] {logging_mixin.py:188} INFO - [2026-09-10T13:50:33.071+0000] {dag.py:3834} INFO - Setting next_dagrun for dataset_consumes_1_never_scheduled to None, run_after=None
[2026-09-10T13:50:33.075+0000] {logging_mixin.py:188} INFO - [2026-09-10T13:50:33.074+0000] {dag.py:3834} INFO - Setting next_dagrun for dataset_consumes_unknown_never_scheduled to None, run_after=None
[2026-09-10T13:50:33.080+0000] {logging_mixin.py:188} INFO - [2026-09-10T13:50:33.079+0000] {dag.py:3834} INFO - Setting next_dagrun for dataset_produces_1 to 2026-09-09 00:00:00+00:00, run_after=2026-09-10 00:00:00+00:00
[2026-09-10T13:50:33.083+0000] {logging_mixin.py:188} INFO - [2026-09-10T13:50:33.083+0000] {dag.py:3834} INFO - Setting next_dagrun for dataset_produces_2 to None, run_after=None
[2026-09-10T13:50:33.205+0000] {processor.py:183} INFO - Processing /home/airflow/.local/lib/python3.8/site-packages/airflow/example_dags/example_datasets.py took 0.249 seconds
[2026-09-10T13:51:03.630+0000] {processor.py:161} INFO - Started process (PID=939) to work on /home/airflow/.local/lib/python3.8/site-packages/airflow/example_dags/example_datasets.py
[2026-09-10T13:51:03.632+0000] {processor.py:830} INFO - Processing file /home/airflow/.local/lib/python3.8/site-packages/airflow/example_dags/example_datasets.py for tasks to queue
[2026-09-10T13:51:03.636+0000] {logging_mixin.py:188} INFO - [2026-09-10T13:51:03.636+0000] {dagbag.py:540} INFO - Filling up the DagBag from /home/airflow/.local/lib/python3.8/site-packages/airflow/example_dags/example_datasets.py
[2026-09-10T13:51:03.654+0000] {processor.py:840} INFO - DAG(s) 'dataset_consumes_unknown_never_scheduled', 'dataset_consumes_1_never_scheduled', 'dataset_produces_1', 'dataset_consumes_1', 'dataset_produces_2', 'dataset_consumes_1_and_2' retrieved from /home/airflow/.local/lib/python3.8/site-packages/airflow/example_dags/example_datasets.py
[2026-09-10T13:51:03.702+0000] {logging_mixin.py:188} INFO - [2026-09-10T13:51:03.702+0000] {dag.py:3047} INFO - Sync 6 DAGs
[2026-09-10T13:51:03.735+0000] {logging_mixin.py:188} INFO - [2026-09-10T13:51:03.735+0000] {dag.py:3834} INFO - Setting next_dagrun for dataset_consumes_1 to None, run_after=None
[2026-09-10T13:51:03.743+0000] {logging_mixin.py:188} INFO - [2026-09-10T13:51:03.743+0000] {dag.py:3834} INFO - Setting next_dagrun for dataset_consumes_1_and_2 to None, run_after=None
[2026-09-10T13:51:03.746+0000] {logging_mixin.py:188} INFO - [2026-09-10T13:51:03.746+0000] {dag.py:3834} INFO - Setting next_dagrun for dataset_consumes_1_never_scheduled to None, run_after=None
[2026-09-10T13:51:03.749+0000] {logging_mixin.py:188} INFO - [2026-09-10T13:51:03.748+0000] {dag.py:3834} INFO - Setting next_dagrun for dataset_consumes_unknown_never_scheduled to None, run_after=None
[2026-09-10T13:51:03.753+0000] {logging_mixin.py:188} INFO - [2026-09-10T13:51:03.753+0000] {dag.py:3834} INFO - Setting next_dagrun for dataset_produces_1 to 2026-09-09 00:00:00+00:00, run_after=2026-09-10 00:00:00+00:00
[2026-09-10T13:51:03.755+0000] {logging_mixin.py:188} INFO - [2026-09-10T13:51:03.755+0000] {dag.py:3834} INFO - Setting next_dagrun for dataset_produces_2 to None, run_after=None
[2026-09-10T13:51:03.795+0000] {processor.py:183} INFO - Processing /home/airflow/.local/lib/python3.8/site-packages/airflow/example_dags/example_datasets.py took 0.171 seconds
[2026-09-10T13:51:34.361+0000] {processor.py:161} INFO - Started process (PID=1000) to work on /home/airflow/.local/lib/python3.8/site-packages/airflow/example_dags/example_datasets.py
[2026-09-10T13:51:34.363+0000] {processor.py:830} INFO - Processing file /home/airflow/.local/lib/python3.8/site-packages/airflow/example_dags/example_datasets.py for tasks to queue
[2026-09-10T13:51:34.369+0000] {logging_mixin.py:188} INFO - [2026-09-10T13:51:34.369+0000] {dagbag.py:540} INFO - Filling up the DagBag from /home/airflow/.local/lib/python3.8/site-packages/airflow/example_dags/example_datasets.py
[2026-09-10T13:51:34.390+0000] {processor.py:840} INFO - DAG(s) 'dataset_produces_2', 'dataset_consumes_1_never_scheduled', 'dataset_consumes_unknown_never_scheduled', 'dataset_consumes_1_and_2', 'dataset_consumes_1', 'dataset_produces_1' retrieved from /home/airflow/.local/lib/python3.8/site-packages/airflow/example_dags/example_datasets.py
[2026-09-10T13:51:34.461+0000] {logging_mixin.py:188} INFO - [2026-09-10T13:51:34.461+0000] {dag.py:3047} INFO - Sync 6 DAGs
[2026-09-10T13:51:34.497+0000] {logging_mixin.py:188} INFO - [2026-09-10T13:51:34.497+0000] {dag.py:3834} INFO - Setting next_dagrun for dataset_consumes_1 to None, run_after=None
[2026-09-10T13:51:34.504+0000] {logging_mixin.py:188} INFO - [2026-09-10T13:51:34.504+0000] {dag.py:3834} INFO - Setting next_dagrun for dataset_consumes_1_and_2 to None, run_after=None
[2026-09-10T13:51:34.508+0000] {logging_mixin.py:188} INFO - [2026-09-10T13:51:34.508+0000] {dag.py:3834} INFO - Setting next_dagrun for dataset_consumes_1_never_scheduled to None, run_after=None
[2026-09-10T13:51:34.512+0000] {logging_mixin.py:188} INFO - [2026-09-10T13:51:34.512+0000] {dag.py:3834} INFO - Setting next_dagrun for dataset_consumes_unknown_never_scheduled to None, run_after=None
[2026-09-10T13:51:34.518+0000] {logging_mixin.py:188} INFO - [2026-09-10T13:51:34.518+0000] {dag.py:3834} INFO - Setting next_dagrun for dataset_produces_1 to 2026-09-09 00:00:00+00:00, run_after=2026-09-10 00:00:00+00:00
[2026-09-10T13:51:34.521+0000] {logging_mixin.py:188} INFO - [2026-09-10T13:51:34.521+0000] {dag.py:3834} INFO - Setting next_dagrun for dataset_produces_2 to None, run_after=None
[2026-09-10T13:51:34.561+0000] {processor.py:183} INFO - Processing /home/airflow/.local/lib/python3.8/site-packages/airflow/example_dags/example_datasets.py took 0.206 seconds
[2026-09-10T13:52:04.628+0000] {processor.py:161} INFO - Started process (PID=1061) to work on /home/airflow/.local/lib/python3.8/site-packages/airflow/example_dags/example_datasets.py
[2026-09-10T13:52:04.630+0000] {processor.py:830} INFO - Processing file /home/airflow/.local/lib/python3.8/site-packages/airflow/example_dags/example_datasets.py for tasks to queue
[2026-09-10T13:52:04.633+0000] {logging_mixin.py:188} INFO - [2026-09-10T13:52:04.632+0000] {dagbag.py:540} INFO - Filling up the DagBag from /home/airflow/.local/lib/python3.8/site-packages/airflow/example_dags/example_datasets.py
[2026-09-10T13:52:04.648+0000] {processor.py:840} INFO - DAG(s) 'dataset_consumes_1_and_2', 'dataset_produces_1', 'dataset_consumes_1_never_scheduled', 'dataset_produces_2', 'dataset_consumes_1', 'dataset_consumes_unknown_never_scheduled' retrieved from /home/airflow/.local/lib/python3.8/site-packages/airflow/example_dags/example_datasets.py
[2026-09-10T13:52:04.701+0000] {logging_mixin.py:188} INFO - [2026-09-10T13:52:04.701+0000] {dag.py:3047} INFO - Sync 6 DAGs
[2026-09-10T13:52:04.740+0000] {logging_mixin.py:188} INFO - [2026-09-10T13:52:04.740+0000] {dag.py:3834} INFO - Setting next_dagrun for dataset_consumes_1 to None, run_after=None
[2026-09-10T13:52:04.746+0000] {logging_mixin.py:188} INFO - [2026-09-10T13:52:04.746+0000] {dag.py:3834} INFO - Setting next_dagrun for dataset_consumes_1_and_2 to None, run_after=None
[2026-09-10T13:52:04.750+0000] {logging_mixin.py:188} INFO - [2026-09-10T13:52:04.749+0000] {dag.py:3834} INFO - Setting next_dagrun for dataset_consumes_1_never_scheduled to None, run_after=None
[2026-09-10T13:52:04.753+0000] {logging_mixin.py:188} INFO - [2026-09-10T13:52:04.752+0000] {dag.py:3834} INFO - Setting next_dagrun for dataset_consumes_unknown_never_scheduled to None, run_after=None
[2026-09-10T13:52:04.758+0000] {logging_mixin.py:188} INFO - [2026-09-10T13:52:04.757+0000] {dag.py:3834} INFO - Setting next_dagrun for dataset_produces_1 to 2026-09-09 00:00:00+00:00, run_after=2026-09-10 00:00:00+00:00
[2026-09-10T13:52:04.761+0000] {logging_mixin.py:188} INFO - [2026-09-10T13:52:04.760+0000] {dag.py:3834} INFO - Setting next_dagrun for dataset_produces_2 to None, run_after=None
[2026-09-10T13:52:04.806+0000] {processor.py:183} INFO - Processing /home/airflow/.local/lib/python3.8/site-packages/airflow/example_dags/example_datasets.py took 0.183 seconds
[2026-09-10T13:52:35.131+0000] {processor.py:161} INFO - Started process (PID=1126) to work on /home/airflow/.local/lib/python3.8/site-packages/airflow/example_dags/example_datasets.py
[2026-09-10T13:52:35.134+0000] {processor.py:830} INFO - Processing file /home/airflow/.local/lib/python3.8/site-packages/airflow/example_dags/example_datasets.py for tasks to queue
[2026-09-10T13:52:35.138+0000] {logging_mixin.py:188} INFO - [2026-09-10T13:52:35.137+0000] {dagbag.py:540} INFO - Filling up the DagBag from /home/airflow/.local/lib/python3.8/site-packages/airflow/example_dags/example_datasets.py
[2026-09-10T13:52:35.153+0000] {processor.py:840} INFO - DAG(s) 'dataset_consumes_1', 'dataset_produces_2', 'dataset_consumes_1_and_2', 'dataset_produces_1', 'dataset_consumes_unknown_never_scheduled', 'dataset_consumes_1_never_scheduled' retrieved from /home/airflow/.local/lib/python3.8/site-packages/airflow/example_dags/example_datasets.py
[2026-09-10T13:52:35.208+0000] {logging_mixin.py:188} INFO - [2026-09-10T13:52:35.207+0000] {dag.py:3047} INFO - Sync 6 DAGs
[2026-09-10T13:52:35.238+0000] {logging_mixin.py:188} INFO - [2026-09-10T13:52:35.238+0000] {dag.py:3834} INFO - Setting next_dagrun for dataset_consumes_1 to None, run_after=None
[2026-09-10T13:52:35.244+0000] {logging_mixin.py:188} INFO - [2026-09-10T13:52:35.243+0000] {dag.py:3834} INFO - Setting next_dagrun for dataset_consumes_1_and_2 to None, run_after=None
[2026-09-10T13:52:35.247+0000] {logging_mixin.py:188} INFO - [2026-09-10T13:52:35.247+0000] {dag.py:3834} INFO - Setting next_dagrun for dataset_consumes_1_never_scheduled to None, run_after=None
[2026-09-10T13:52:35.250+0000] {logging_mixin.py:188} INFO - [2026-09-10T13:52:35.250+0000] {dag.py:3834} INFO - Setting next_dagrun for dataset_consumes_unknown_never_scheduled to None, run_after=None
[2026-09-10T13:52:35.256+0000] {logging_mixin.py:188} INFO - [2026-09-10T13:52:35.255+0000] {dag.py:3834} INFO - Setting next_dagrun for dataset_produces_1 to 2026-09-09 00:00:00+00:00, run_after=2026-09-10 00:00:00+00:00
[2026-09-10T13:52:35.265+0000] {logging_mixin.py:188} INFO - [2026-09-10T13:52:35.264+0000] {dag.py:3834} INFO - Setting next_dagrun for dataset_produces_2 to None, run_after=None
[2026-09-10T13:52:35.306+0000] {processor.py:183} INFO - Processing /home/airflow/.local/lib/python3.8/site-packages/airflow/example_dags/example_datasets.py took 0.181 seconds
[2026-09-10T13:53:06.020+0000] {processor.py:161} INFO - Started process (PID=1187) to work on /home/airflow/.local/lib/python3.8/site-packages/airflow/example_dags/example_datasets.py
[2026-09-10T13:53:06.022+0000] {processor.py:830} INFO - Processing file /home/airflow/.local/lib/python3.8/site-packages/airflow/example_dags/example_datasets.py for tasks to queue
[2026-09-10T13:53:06.025+0000] {logging_mixin.py:188} INFO - [2026-09-10T13:53:06.025+0000] {dagbag.py:540} INFO - Filling up the DagBag from /home/airflow/.local/lib/python3.8/site-packages/airflow/example_dags/example_datasets.py
[2026-09-10T13:53:06.037+0000] {processor.py:840} INFO - DAG(s) 'dataset_consumes_1_never_scheduled', 'dataset_produces_2', 'dataset_produces_1', 'dataset_consumes_unknown_never_scheduled', 'dataset_consumes_1', 'dataset_consumes_1_and_2' retrieved from /home/airflow/.local/lib/python3.8/site-packages/airflow/example_dags/example_datasets.py
[2026-09-10T13:53:06.089+0000] {logging_mixin.py:188} INFO - [2026-09-10T13:53:06.088+0000] {dag.py:3047} INFO - Sync 6 DAGs
[2026-09-10T13:53:06.122+0000] {logging_mixin.py:188} INFO - [2026-09-10T13:53:06.122+0000] {dag.py:3834} INFO - Setting next_dagrun for dataset_consumes_1 to None, run_after=None
[2026-09-10T13:53:06.127+0000] {logging_mixin.py:188} INFO - [2026-09-10T13:53:06.127+0000] {dag.py:3834} INFO - Setting next_dagrun for dataset_consumes_1_and_2 to None, run_after=None
[2026-09-10T13:53:06.131+0000] {logging_mixin.py:188} INFO - [2026-09-10T13:53:06.130+0000] {dag.py:3834} INFO - Setting next_dagrun for dataset_consumes_1_never_scheduled to None, run_after=None
[2026-09-10T13:53:06.135+0000] {logging_mixin.py:188} INFO - [2026-09-10T13:53:06.135+0000] {dag.py:3834} INFO - Setting next_dagrun for dataset_consumes_unknown_never_scheduled to None, run_after=None
[2026-09-10T13:53:06.139+0000] {logging_mixin.py:188} INFO - [2026-09-10T13:53:06.139+0000] {dag.py:3834} INFO - Setting next_dagrun for dataset_produces_1 to 2026-09-09 00:00:00+00:00, run_after=2026-09-10 00:00:00+00:00
[2026-09-10T13:53:06.143+0000] {logging_mixin.py:188} INFO - [2026-09-10T13:53:06.142+0000] {dag.py:3834} INFO - Setting next_dagrun for dataset_produces_2 to None, run_after=None
[2026-09-10T13:53:06.192+0000] {processor.py:183} INFO - Processing /home/airflow/.local/lib/python3.8/site-packages/airflow/example_dags/example_datasets.py took 0.178 seconds
[2026-09-10T13:53:36.462+0000] {processor.py:161} INFO - Started process (PID=1248) to work on /home/airflow/.local/lib/python3.8/site-packages/airflow/example_dags/example_datasets.py
[2026-09-10T13:53:36.464+0000] {processor.py:830} INFO - Processing file /home/airflow/.local/lib/python3.8/site-packages/airflow/example_dags/example_datasets.py for tasks to queue
[2026-09-10T13:53:36.468+0000] {logging_mixin.py:188} INFO - [2026-09-10T13:53:36.468+0000] {dagbag.py:540} INFO - Filling up the DagBag from /home/airflow/.local/lib/python3.8/site-packages/airflow/example_dags/example_datasets.py
[2026-09-10T13:53:36.490+0000] {processor.py:840} INFO - DAG(s) 'dataset_consumes_unknown_never_scheduled', 'dataset_produces_2', 'dataset_consumes_1_and_2', 'dataset_produces_1', 'dataset_consumes_1_never_scheduled', 'dataset_consumes_1' retrieved from /home/airflow/.local/lib/python3.8/site-packages/airflow/example_dags/example_datasets.py
[2026-09-10T13:53:36.572+0000] {logging_mixin.py:188} INFO - [2026-09-10T13:53:36.572+0000] {dag.py:3047} INFO - Sync 6 DAGs
[2026-09-10T13:53:36.619+0000] {logging_mixin.py:188} INFO - [2026-09-10T13:53:36.618+0000] {dag.py:3834} INFO - Setting next_dagrun for dataset_consumes_1 to None, run_after=None
[2026-09-10T13:53:36.627+0000] {logging_mixin.py:188} INFO - [2026-09-10T13:53:36.626+0000] {dag.py:3834} INFO - Setting next_dagrun for dataset_consumes_1_and_2 to None, run_after=None
[2026-09-10T13:53:36.630+0000] {logging_mixin.py:188} INFO - [2026-09-10T13:53:36.630+0000] {dag.py:3834} INFO - Setting next_dagrun for dataset_consumes_1_never_scheduled to None, run_after=None
[2026-09-10T13:53:36.635+0000] {logging_mixin.py:188} INFO - [2026-09-10T13:53:36.634+0000] {dag.py:3834} INFO - Setting next_dagrun for dataset_consumes_unknown_never_scheduled to None, run_after=None
[2026-09-10T13:53:36.641+0000] {logging_mixin.py:188} INFO - [2026-09-10T13:53:36.641+0000] {dag.py:3834} INFO - Setting next_dagrun for dataset_produces_1 to 2026-09-09 00:00:00+00:00, run_after=2026-09-10 00:00:00+00:00
[2026-09-10T13:53:36.643+0000] {logging_mixin.py:188} INFO - [2026-09-10T13:53:36.643+0000] {dag.py:3834} INFO - Setting next_dagrun for dataset_produces_2 to None, run_after=None
[2026-09-10T13:53:36.685+0000] {processor.py:183} INFO - Processing /home/airflow/.local/lib/python3.8/site-packages/airflow/example_dags/example_datasets.py took 0.227 seconds
[2026-09-10T13:54:07.013+0000] {processor.py:161} INFO - Started process (PID=1310) to work on /home/airflow/.local/lib/python3.8/site-packages/airflow/example_dags/example_datasets.py
[2026-09-10T13:54:07.244+0000] {processor.py:830} INFO - Processing file /home/airflow/.local/lib/python3.8/site-packages/airflow/example_dags/example_datasets.py for tasks to queue
[2026-09-10T13:54:07.451+0000] {logging_mixin.py:188} INFO - [2026-09-10T13:54:07.450+0000] {dagbag.py:540} INFO - Filling up the DagBag from /home/airflow/.local/lib/python3.8/site-packages/airflow/example_dags/example_datasets.py
[2026-09-10T13:54:07.523+0000] {processor.py:840} INFO - DAG(s) 'dataset_consumes_unknown_never_scheduled', 'dataset_consumes_1_and_2', 'dataset_consumes_1', 'dataset_consumes_1_never_scheduled', 'dataset_produces_2', 'dataset_produces_1' retrieved from /home/airflow/.local/lib/python3.8/site-packages/airflow/example_dags/example_datasets.py
[2026-09-10T13:54:07.650+0000] {logging_mixin.py:188} INFO - [2026-09-10T13:54:07.649+0000] {dag.py:3047} INFO - Sync 6 DAGs
[2026-09-10T13:54:07.704+0000] {logging_mixin.py:188} INFO - [2026-09-10T13:54:07.704+0000] {dag.py:3834} INFO - Setting next_dagrun for dataset_consumes_1 to None, run_after=None
[2026-09-10T13:54:07.714+0000] {logging_mixin.py:188} INFO - [2026-09-10T13:54:07.713+0000] {dag.py:3834} INFO - Setting next_dagrun for dataset_consumes_1_and_2 to None, run_after=None
[2026-09-10T13:54:07.717+0000] {logging_mixin.py:188} INFO - [2026-09-10T13:54:07.717+0000] {dag.py:3834} INFO - Setting next_dagrun for dataset_consumes_1_never_scheduled to None, run_after=None
[2026-09-10T13:54:07.720+0000] {logging_mixin.py:188} INFO - [2026-09-10T13:54:07.720+0000] {dag.py:3834} INFO - Setting next_dagrun for dataset_consumes_unknown_never_scheduled to None, run_after=None
[2026-09-10T13:54:07.727+0000] {logging_mixin.py:188} INFO - [2026-09-10T13:54:07.727+0000] {dag.py:3834} INFO - Setting next_dagrun for dataset_produces_1 to 2026-09-09 00:00:00+00:00, run_after=2026-09-10 00:00:00+00:00
[2026-09-10T13:54:07.730+0000] {logging_mixin.py:188} INFO - [2026-09-10T13:54:07.730+0000] {dag.py:3834} INFO - Setting next_dagrun for dataset_produces_2 to None, run_after=None
[2026-09-10T13:54:07.836+0000] {processor.py:183} INFO - Processing /home/airflow/.local/lib/python3.8/site-packages/airflow/example_dags/example_datasets.py took 0.829 seconds
[2026-09-10T13:54:38.058+0000] {processor.py:161} INFO - Started process (PID=1372) to work on /home/airflow/.local/lib/python3.8/site-packages/airflow/example_dags/example_datasets.py
[2026-09-10T13:54:38.060+0000] {processor.py:830} INFO - Processing file /home/airflow/.local/lib/python3.8/site-packages/airflow/example_dags/example_datasets.py for tasks to queue
[2026-09-10T13:54:38.063+0000] {logging_mixin.py:188} INFO - [2026-09-10T13:54:38.062+0000] {dagbag.py:540} INFO - Filling up the DagBag from /home/airflow/.local/lib/python3.8/site-packages/airflow/example_dags/example_datasets.py
[2026-09-10T13:54:38.077+0000] {processor.py:840} INFO - DAG(s) 'dataset_produces_1', 'dataset_produces_2', 'dataset_consumes_1', 'dataset_consumes_1_and_2', 'dataset_consumes_1_never_scheduled', 'dataset_consumes_unknown_never_scheduled' retrieved from /home/airflow/.local/lib/python3.8/site-packages/airflow/example_dags/example_datasets.py
[2026-09-10T13:54:38.119+0000] {logging_mixin.py:188} INFO - [2026-09-10T13:54:38.118+0000] {dag.py:3047} INFO - Sync 6 DAGs
[2026-09-10T13:54:38.148+0000] {logging_mixin.py:188} INFO - [2026-09-10T13:54:38.147+0000] {dag.py:3834} INFO - Setting next_dagrun for dataset_consumes_1 to None, run_after=None
[2026-09-10T13:54:38.153+0000] {logging_mixin.py:188} INFO - [2026-09-10T13:54:38.152+0000] {dag.py:3834} INFO - Setting next_dagrun for dataset_consumes_1_and_2 to None, run_after=None
[2026-09-10T13:54:38.156+0000] {logging_mixin.py:188} INFO - [2026-09-10T13:54:38.156+0000] {dag.py:3834} INFO - Setting next_dagrun for dataset_consumes_1_never_scheduled to None, run_after=None
[2026-09-10T13:54:38.159+0000] {logging_mixin.py:188} INFO - [2026-09-10T13:54:38.159+0000] {dag.py:3834} INFO - Setting next_dagrun for dataset_consumes_unknown_never_scheduled to None, run_after=None
[2026-09-10T13:54:38.163+0000] {logging_mixin.py:188} INFO - [2026-09-10T13:54:38.163+0000] {dag.py:3834} INFO - Setting next_dagrun for dataset_produces_1 to 2026-09-09 00:00:00+00:00, run_after=2026-09-10 00:00:00+00:00
[2026-09-10T13:54:38.169+0000] {logging_mixin.py:188} INFO - [2026-09-10T13:54:38.168+0000] {dag.py:3834} INFO - Setting next_dagrun for dataset_produces_2 to None, run_after=None
[2026-09-10T13:54:38.217+0000] {processor.py:183} INFO - Processing /home/airflow/.local/lib/python3.8/site-packages/airflow/example_dags/example_datasets.py took 0.165 seconds
[2026-09-10T13:55:09.683+0000] {processor.py:161} INFO - Started process (PID=1432) to work on /home/airflow/.local/lib/python3.8/site-packages/airflow/example_dags/example_datasets.py
[2026-09-10T13:55:09.686+0000] {processor.py:830} INFO - Processing file /home/airflow/.local/lib/python3.8/site-packages/airflow/example_dags/example_datasets.py for tasks to queue
[2026-09-10T13:55:09.691+0000] {logging_mixin.py:188} INFO - [2026-09-10T13:55:09.690+0000] {dagbag.py:540} INFO - Filling up the DagBag from /home/airflow/.local/lib/python3.8/site-packages/airflow/example_dags/example_datasets.py
[2026-09-10T13:55:09.719+0000] {processor.py:840} INFO - DAG(s) 'dataset_produces_2', 'dataset_produces_1', 'dataset_consumes_1_and_2', 'dataset_consumes_unknown_never_scheduled', 'dataset_consumes_1', 'dataset_consumes_1_never_scheduled' retrieved from /home/airflow/.local/lib/python3.8/site-packages/airflow/example_dags/example_datasets.py
[2026-09-10T13:55:09.811+0000] {logging_mixin.py:188} INFO - [2026-09-10T13:55:09.810+0000] {dag.py:3047} INFO - Sync 6 DAGs
[2026-09-10T13:55:09.853+0000] {logging_mixin.py:188} INFO - [2026-09-10T13:55:09.852+0000] {dag.py:3834} INFO - Setting next_dagrun for dataset_consumes_1 to None, run_after=None
[2026-09-10T13:55:09.862+0000] {logging_mixin.py:188} INFO - [2026-09-10T13:55:09.862+0000] {dag.py:3834} INFO - Setting next_dagrun for dataset_consumes_1_and_2 to None, run_after=None
[2026-09-10T13:55:09.864+0000] {logging_mixin.py:188} INFO - [2026-09-10T13:55:09.864+0000] {dag.py:3834} INFO - Setting next_dagrun for dataset_consumes_1_never_scheduled to None, run_after=None
[2026-09-10T13:55:09.867+0000] {logging_mixin.py:188} INFO - [2026-09-10T13:55:09.866+0000] {dag.py:3834} INFO - Setting next_dagrun for dataset_consumes_unknown_never_scheduled to None, run_after=None
[2026-09-10T13:55:09.873+0000] {logging_mixin.py:188} INFO - [2026-09-10T13:55:09.873+0000] {dag.py:3834} INFO - Setting next_dagrun for dataset_produces_1 to 2026-09-09 00:00:00+00:00, run_after=2026-09-10 00:00:00+00:00
[2026-09-10T13:55:09.878+0000] {logging_mixin.py:188} INFO - [2026-09-10T13:55:09.878+0000] {dag.py:3834} INFO - Setting next_dagrun for dataset_produces_2 to None, run_after=None
[2026-09-10T13:55:09.936+0000] {processor.py:183} INFO - Processing /home/airflow/.local/lib/python3.8/site-packages/airflow/example_dags/example_datasets.py took 0.260 seconds
[2026-09-10T13:55:40.739+0000] {processor.py:161} INFO - Started process (PID=1504) to work on /home/airflow/.local/lib/python3.8/site-packages/airflow/example_dags/example_datasets.py
[2026-09-10T13:55:40.741+0000] {processor.py:830} INFO - Processing file /home/airflow/.local/lib/python3.8/site-packages/airflow/example_dags/example_datasets.py for tasks to queue
[2026-09-10T13:55:40.744+0000] {logging_mixin.py:188} INFO - [2026-09-10T13:55:40.743+0000] {dagbag.py:540} INFO - Filling up the DagBag from /home/airflow/.local/lib/python3.8/site-packages/airflow/example_dags/example_datasets.py
[2026-09-10T13:55:40.761+0000] {processor.py:840} INFO - DAG(s) 'dataset_consumes_1_never_scheduled', 'dataset_consumes_1', 'dataset_produces_2', 'dataset_consumes_1_and_2', 'dataset_consumes_unknown_never_scheduled', 'dataset_produces_1' retrieved from /home/airflow/.local/lib/python3.8/site-packages/airflow/example_dags/example_datasets.py
[2026-09-10T13:55:40.813+0000] {logging_mixin.py:188} INFO - [2026-09-10T13:55:40.813+0000] {dag.py:3047} INFO - Sync 6 DAGs
[2026-09-10T13:55:40.843+0000] {logging_mixin.py:188} INFO - [2026-09-10T13:55:40.843+0000] {dag.py:3834} INFO - Setting next_dagrun for dataset_consumes_1 to None, run_after=None
[2026-09-10T13:55:40.848+0000] {logging_mixin.py:188} INFO - [2026-09-10T13:55:40.847+0000] {dag.py:3834} INFO - Setting next_dagrun for dataset_consumes_1_and_2 to None, run_after=None
[2026-09-10T13:55:40.850+0000] {logging_mixin.py:188} INFO - [2026-09-10T13:55:40.850+0000] {dag.py:3834} INFO - Setting next_dagrun for dataset_consumes_1_never_scheduled to None, run_after=None
[2026-09-10T13:55:40.853+0000] {logging_mixin.py:188} INFO - [2026-09-10T13:55:40.852+0000] {dag.py:3834} INFO - Setting next_dagrun for dataset_consumes_unknown_never_scheduled to None, run_after=None
[2026-09-10T13:55:40.858+0000] {logging_mixin.py:188} INFO - [2026-09-10T13:55:40.858+0000] {dag.py:3834} INFO - Setting next_dagrun for dataset_produces_1 to 2026-09-09 00:00:00+00:00, run_after=2026-09-10 00:00:00+00:00
[2026-09-10T13:55:40.861+0000] {logging_mixin.py:188} INFO - [2026-09-10T13:55:40.861+0000] {dag.py:3834} INFO - Setting next_dagrun for dataset_produces_2 to None, run_after=None
[2026-09-10T13:55:40.911+0000] {processor.py:183} INFO - Processing /home/airflow/.local/lib/python3.8/site-packages/airflow/example_dags/example_datasets.py took 0.178 seconds
[2026-09-10T13:56:11.280+0000] {processor.py:161} INFO - Started process (PID=1565) to work on /home/airflow/.local/lib/python3.8/site-packages/airflow/example_dags/example_datasets.py
[2026-09-10T13:56:11.283+0000] {processor.py:830} INFO - Processing file /home/airflow/.local/lib/python3.8/site-packages/airflow/example_dags/example_datasets.py for tasks to queue
[2026-09-10T13:56:11.286+0000] {logging_mixin.py:188} INFO - [2026-09-10T13:56:11.285+0000] {dagbag.py:540} INFO - Filling up the DagBag from /home/airflow/.local/lib/python3.8/site-packages/airflow/example_dags/example_datasets.py
[2026-09-10T13:56:11.299+0000] {processor.py:840} INFO - DAG(s) 'dataset_produces_2', 'dataset_consumes_1', 'dataset_produces_1', 'dataset_consumes_1_never_scheduled', 'dataset_consumes_1_and_2', 'dataset_consumes_unknown_never_scheduled' retrieved from /home/airflow/.local/lib/python3.8/site-packages/airflow/example_dags/example_datasets.py
[2026-09-10T13:56:11.347+0000] {logging_mixin.py:188} INFO - [2026-09-10T13:56:11.347+0000] {dag.py:3047} INFO - Sync 6 DAGs
[2026-09-10T13:56:11.379+0000] {logging_mixin.py:188} INFO - [2026-09-10T13:56:11.379+0000] {dag.py:3834} INFO - Setting next_dagrun for dataset_consumes_1 to None, run_after=None
[2026-09-10T13:56:11.384+0000] {logging_mixin.py:188} INFO - [2026-09-10T13:56:11.384+0000] {dag.py:3834} INFO - Setting next_dagrun for dataset_consumes_1_and_2 to None, run_after=None
[2026-09-10T13:56:11.387+0000] {logging_mixin.py:188} INFO - [2026-09-10T13:56:11.387+0000] {dag.py:3834} INFO - Setting next_dagrun for dataset_consumes_1_never_scheduled to None, run_after=None
[2026-09-10T13:56:11.390+0000] {logging_mixin.py:188} INFO - [2026-09-10T13:56:11.390+0000] {dag.py:3834} INFO - Setting next_dagrun for dataset_consumes_unknown_never_scheduled to None, run_after=None
[2026-09-10T13:56:11.394+0000] {logging_mixin.py:188} INFO - [2026-09-10T13:56:11.394+0000] {dag.py:3834} INFO - Setting next_dagrun for dataset_produces_1 to 2026-09-09 00:00:00+00:00, run_after=2026-09-10 00:00:00+00:00
[2026-09-10T13:56:11.397+0000] {logging_mixin.py:188} INFO - [2026-09-10T13:56:11.397+0000] {dag.py:3834} INFO - Setting next_dagrun for dataset_produces_2 to None, run_after=None
[2026-09-10T13:56:11.444+0000] {processor.py:183} INFO - Processing /home/airflow/.local/lib/python3.8/site-packages/airflow/example_dags/example_datasets.py took 0.169 seconds
[2026-09-10T13:56:42.131+0000] {processor.py:161} INFO - Started process (PID=1626) to work on /home/airflow/.local/lib/python3.8/site-packages/airflow/example_dags/example_datasets.py
[2026-09-10T13:56:42.135+0000] {processor.py:830} INFO - Processing file /home/airflow/.local/lib/python3.8/site-packages/airflow/example_dags/example_datasets.py for tasks to queue
[2026-09-10T13:56:42.142+0000] {logging_mixin.py:188} INFO - [2026-09-10T13:56:42.140+0000] {dagbag.py:540} INFO - Filling up the DagBag from /home/airflow/.local/lib/python3.8/site-packages/airflow/example_dags/example_datasets.py
[2026-09-10T13:56:42.162+0000] {processor.py:840} INFO - DAG(s) 'dataset_consumes_1_never_scheduled', 'dataset_produces_1', 'dataset_consumes_unknown_never_scheduled', 'dataset_consumes_1_and_2', 'dataset_consumes_1', 'dataset_produces_2' retrieved from /home/airflow/.local/lib/python3.8/site-packages/airflow/example_dags/example_datasets.py
[2026-09-10T13:56:42.294+0000] {logging_mixin.py:188} INFO - [2026-09-10T13:56:42.293+0000] {dag.py:3047} INFO - Sync 6 DAGs
[2026-09-10T13:56:42.375+0000] {logging_mixin.py:188} INFO - [2026-09-10T13:56:42.373+0000] {dag.py:3834} INFO - Setting next_dagrun for dataset_consumes_1 to None, run_after=None
[2026-09-10T13:56:42.387+0000] {logging_mixin.py:188} INFO - [2026-09-10T13:56:42.386+0000] {dag.py:3834} INFO - Setting next_dagrun for dataset_consumes_1_and_2 to None, run_after=None
[2026-09-10T13:56:42.392+0000] {logging_mixin.py:188} INFO - [2026-09-10T13:56:42.392+0000] {dag.py:3834} INFO - Setting next_dagrun for dataset_consumes_1_never_scheduled to None, run_after=None
[2026-09-10T13:56:42.396+0000] {logging_mixin.py:188} INFO - [2026-09-10T13:56:42.396+0000] {dag.py:3834} INFO - Setting next_dagrun for dataset_consumes_unknown_never_scheduled to None, run_after=None
[2026-09-10T13:56:42.409+0000] {logging_mixin.py:188} INFO - [2026-09-10T13:56:42.409+0000] {dag.py:3834} INFO - Setting next_dagrun for dataset_produces_1 to 2026-09-09 00:00:00+00:00, run_after=2026-09-10 00:00:00+00:00
[2026-09-10T13:56:42.412+0000] {logging_mixin.py:188} INFO - [2026-09-10T13:56:42.412+0000] {dag.py:3834} INFO - Setting next_dagrun for dataset_produces_2 to None, run_after=None
[2026-09-10T13:56:42.525+0000] {processor.py:183} INFO - Processing /home/airflow/.local/lib/python3.8/site-packages/airflow/example_dags/example_datasets.py took 0.403 seconds
[2026-09-10T13:57:12.711+0000] {processor.py:161} INFO - Started process (PID=1687) to work on /home/airflow/.local/lib/python3.8/site-packages/airflow/example_dags/example_datasets.py
[2026-09-10T13:57:12.716+0000] {processor.py:830} INFO - Processing file /home/airflow/.local/lib/python3.8/site-packages/airflow/example_dags/example_datasets.py for tasks to queue
[2026-09-10T13:57:12.720+0000] {logging_mixin.py:188} INFO - [2026-09-10T13:57:12.719+0000] {dagbag.py:540} INFO - Filling up the DagBag from /home/airflow/.local/lib/python3.8/site-packages/airflow/example_dags/example_datasets.py
[2026-09-10T13:57:12.744+0000] {processor.py:840} INFO - DAG(s) 'dataset_produces_2', 'dataset_consumes_1_never_scheduled', 'dataset_produces_1', 'dataset_consumes_unknown_never_scheduled', 'dataset_consumes_1_and_2', 'dataset_consumes_1' retrieved from /home/airflow/.local/lib/python3.8/site-packages/airflow/example_dags/example_datasets.py
[2026-09-10T13:57:12.825+0000] {logging_mixin.py:188} INFO - [2026-09-10T13:57:12.825+0000] {dag.py:3047} INFO - Sync 6 DAGs
[2026-09-10T13:57:12.873+0000] {logging_mixin.py:188} INFO - [2026-09-10T13:57:12.873+0000] {dag.py:3834} INFO - Setting next_dagrun for dataset_consumes_1 to None, run_after=None
[2026-09-10T13:57:12.882+0000] {logging_mixin.py:188} INFO - [2026-09-10T13:57:12.881+0000] {dag.py:3834} INFO - Setting next_dagrun for dataset_consumes_1_and_2 to None, run_after=None
[2026-09-10T13:57:12.885+0000] {logging_mixin.py:188} INFO - [2026-09-10T13:57:12.884+0000] {dag.py:3834} INFO - Setting next_dagrun for dataset_consumes_1_never_scheduled to None, run_after=None
[2026-09-10T13:57:12.887+0000] {logging_mixin.py:188} INFO - [2026-09-10T13:57:12.887+0000] {dag.py:3834} INFO - Setting next_dagrun for dataset_consumes_unknown_never_scheduled to None, run_after=None
[2026-09-10T13:57:12.891+0000] {logging_mixin.py:188} INFO - [2026-09-10T13:57:12.890+0000] {dag.py:3834} INFO - Setting next_dagrun for dataset_produces_1 to 2026-09-09 00:00:00+00:00, run_after=2026-09-10 00:00:00+00:00
[2026-09-10T13:57:12.894+0000] {logging_mixin.py:188} INFO - [2026-09-10T13:57:12.893+0000] {dag.py:3834} INFO - Setting next_dagrun for dataset_produces_2 to None, run_after=None
[2026-09-10T13:57:12.938+0000] {processor.py:183} INFO - Processing /home/airflow/.local/lib/python3.8/site-packages/airflow/example_dags/example_datasets.py took 0.235 seconds
[2026-09-10T13:57:43.228+0000] {processor.py:161} INFO - Started process (PID=1748) to work on /home/airflow/.local/lib/python3.8/site-packages/airflow/example_dags/example_datasets.py
[2026-09-10T13:57:43.230+0000] {processor.py:830} INFO - Processing file /home/airflow/.local/lib/python3.8/site-packages/airflow/example_dags/example_datasets.py for tasks to queue
[2026-09-10T13:57:43.233+0000] {logging_mixin.py:188} INFO - [2026-09-10T13:57:43.232+0000] {dagbag.py:540} INFO - Filling up the DagBag from /home/airflow/.local/lib/python3.8/site-packages/airflow/example_dags/example_datasets.py
[2026-09-10T13:57:43.245+0000] {processor.py:840} INFO - DAG(s) 'dataset_consumes_1_and_2', 'dataset_consumes_1_never_scheduled', 'dataset_produces_2', 'dataset_produces_1', 'dataset_consumes_1', 'dataset_consumes_unknown_never_scheduled' retrieved from /home/airflow/.local/lib/python3.8/site-packages/airflow/example_dags/example_datasets.py
[2026-09-10T13:57:43.289+0000] {logging_mixin.py:188} INFO - [2026-09-10T13:57:43.288+0000] {dag.py:3047} INFO - Sync 6 DAGs
[2026-09-10T13:57:43.320+0000] {logging_mixin.py:188} INFO - [2026-09-10T13:57:43.320+0000] {dag.py:3834} INFO - Setting next_dagrun for dataset_consumes_1 to None, run_after=None
[2026-09-10T13:57:43.326+0000] {logging_mixin.py:188} INFO - [2026-09-10T13:57:43.326+0000] {dag.py:3834} INFO - Setting next_dagrun for dataset_consumes_1_and_2 to None, run_after=None
[2026-09-10T13:57:43.329+0000] {logging_mixin.py:188} INFO - [2026-09-10T13:57:43.328+0000] {dag.py:3834} INFO - Setting next_dagrun for dataset_consumes_1_never_scheduled to None, run_after=None
[2026-09-10T13:57:43.332+0000] {logging_mixin.py:188} INFO - [2026-09-10T13:57:43.332+0000] {dag.py:3834} INFO - Setting next_dagrun for dataset_consumes_unknown_never_scheduled to None, run_after=None
[2026-09-10T13:57:43.336+0000] {logging_mixin.py:188} INFO - [2026-09-10T13:57:43.336+0000] {dag.py:3834} INFO - Setting next_dagrun for dataset_produces_1 to 2026-09-09 00:00:00+00:00, run_after=2026-09-10 00:00:00+00:00
[2026-09-10T13:57:43.339+0000] {logging_mixin.py:188} INFO - [2026-09-10T13:57:43.338+0000] {dag.py:3834} INFO - Setting next_dagrun for dataset_produces_2 to None, run_after=None
[2026-09-10T13:57:43.384+0000] {processor.py:183} INFO - Processing /home/airflow/.local/lib/python3.8/site-packages/airflow/example_dags/example_datasets.py took 0.161 seconds
[2026-09-10T13:58:13.745+0000] {processor.py:161} INFO - Started process (PID=1809) to work on /home/airflow/.local/lib/python3.8/site-packages/airflow/example_dags/example_datasets.py
[2026-09-10T13:58:13.747+0000] {processor.py:830} INFO - Processing file /home/airflow/.local/lib/python3.8/site-packages/airflow/example_dags/example_datasets.py for tasks to queue
[2026-09-10T13:58:13.750+0000] {logging_mixin.py:188} INFO - [2026-09-10T13:58:13.749+0000] {dagbag.py:540} INFO - Filling up the DagBag from /home/airflow/.local/lib/python3.8/site-packages/airflow/example_dags/example_datasets.py
[2026-09-10T13:58:13.764+0000] {processor.py:840} INFO - DAG(s) 'dataset_consumes_1_never_scheduled', 'dataset_produces_2', 'dataset_produces_1', 'dataset_consumes_1_and_2', 'dataset_consumes_unknown_never_scheduled', 'dataset_consumes_1' retrieved from /home/airflow/.local/lib/python3.8/site-packages/airflow/example_dags/example_datasets.py
[2026-09-10T13:58:13.803+0000] {logging_mixin.py:188} INFO - [2026-09-10T13:58:13.803+0000] {dag.py:3047} INFO - Sync 6 DAGs
[2026-09-10T13:58:13.827+0000] {logging_mixin.py:188} INFO - [2026-09-10T13:58:13.827+0000] {dag.py:3834} INFO - Setting next_dagrun for dataset_consumes_1 to None, run_after=None
[2026-09-10T13:58:13.831+0000] {logging_mixin.py:188} INFO - [2026-09-10T13:58:13.831+0000] {dag.py:3834} INFO - Setting next_dagrun for dataset_consumes_1_and_2 to None, run_after=None
[2026-09-10T13:58:13.833+0000] {logging_mixin.py:188} INFO - [2026-09-10T13:58:13.833+0000] {dag.py:3834} INFO - Setting next_dagrun for dataset_consumes_1_never_scheduled to None, run_after=None
[2026-09-10T13:58:13.836+0000] {logging_mixin.py:188} INFO - [2026-09-10T13:58:13.836+0000] {dag.py:3834} INFO - Setting next_dagrun for dataset_consumes_unknown_never_scheduled to None, run_after=None
[2026-09-10T13:58:13.840+0000] {logging_mixin.py:188} INFO - [2026-09-10T13:58:13.839+0000] {dag.py:3834} INFO - Setting next_dagrun for dataset_produces_1 to 2026-09-09 00:00:00+00:00, run_after=2026-09-10 00:00:00+00:00
[2026-09-10T13:58:13.842+0000] {logging_mixin.py:188} INFO - [2026-09-10T13:58:13.842+0000] {dag.py:3834} INFO - Setting next_dagrun for dataset_produces_2 to None, run_after=None
[2026-09-10T13:58:13.880+0000] {processor.py:183} INFO - Processing /home/airflow/.local/lib/python3.8/site-packages/airflow/example_dags/example_datasets.py took 0.139 seconds
[2026-09-10T13:58:44.068+0000] {processor.py:161} INFO - Started process (PID=1868) to work on /home/airflow/.local/lib/python3.8/site-packages/airflow/example_dags/example_datasets.py
[2026-09-10T13:58:44.070+0000] {processor.py:830} INFO - Processing file /home/airflow/.local/lib/python3.8/site-packages/airflow/example_dags/example_datasets.py for tasks to queue
[2026-09-10T13:58:44.073+0000] {logging_mixin.py:188} INFO - [2026-09-10T13:58:44.072+0000] {dagbag.py:540} INFO - Filling up the DagBag from /home/airflow/.local/lib/python3.8/site-packages/airflow/example_dags/example_datasets.py
[2026-09-10T13:58:44.088+0000] {processor.py:840} INFO - DAG(s) 'dataset_produces_1', 'dataset_produces_2', 'dataset_consumes_1_never_scheduled', 'dataset_consumes_1', 'dataset_consumes_1_and_2', 'dataset_consumes_unknown_never_scheduled' retrieved from /home/airflow/.local/lib/python3.8/site-packages/airflow/example_dags/example_datasets.py
[2026-09-10T13:58:44.131+0000] {logging_mixin.py:188} INFO - [2026-09-10T13:58:44.131+0000] {dag.py:3047} INFO - Sync 6 DAGs
[2026-09-10T13:58:44.165+0000] {logging_mixin.py:188} INFO - [2026-09-10T13:58:44.165+0000] {dag.py:3834} INFO - Setting next_dagrun for dataset_consumes_1 to None, run_after=None
[2026-09-10T13:58:44.170+0000] {logging_mixin.py:188} INFO - [2026-09-10T13:58:44.170+0000] {dag.py:3834} INFO - Setting next_dagrun for dataset_consumes_1_and_2 to None, run_after=None
[2026-09-10T13:58:44.174+0000] {logging_mixin.py:188} INFO - [2026-09-10T13:58:44.174+0000] {dag.py:3834} INFO - Setting next_dagrun for dataset_consumes_1_never_scheduled to None, run_after=None
[2026-09-10T13:58:44.176+0000] {logging_mixin.py:188} INFO - [2026-09-10T13:58:44.176+0000] {dag.py:3834} INFO - Setting next_dagrun for dataset_consumes_unknown_never_scheduled to None, run_after=None
[2026-09-10T13:58:44.180+0000] {logging_mixin.py:188} INFO - [2026-09-10T13:58:44.180+0000] {dag.py:3834} INFO - Setting next_dagrun for dataset_produces_1 to 2026-09-09 00:00:00+00:00, run_after=2026-09-10 00:00:00+00:00
[2026-09-10T13:58:44.184+0000] {logging_mixin.py:188} INFO - [2026-09-10T13:58:44.184+0000] {dag.py:3834} INFO - Setting next_dagrun for dataset_produces_2 to None, run_after=None
[2026-09-10T13:58:44.221+0000] {processor.py:183} INFO - Processing /home/airflow/.local/lib/python3.8/site-packages/airflow/example_dags/example_datasets.py took 0.158 seconds
[2026-09-10T13:59:14.265+0000] {processor.py:161} INFO - Started process (PID=1929) to work on /home/airflow/.local/lib/python3.8/site-packages/airflow/example_dags/example_datasets.py
[2026-09-10T13:59:14.267+0000] {processor.py:830} INFO - Processing file /home/airflow/.local/lib/python3.8/site-packages/airflow/example_dags/example_datasets.py for tasks to queue
[2026-09-10T13:59:14.271+0000] {logging_mixin.py:188} INFO - [2026-09-10T13:59:14.270+0000] {dagbag.py:540} INFO - Filling up the DagBag from /home/airflow/.local/lib/python3.8/site-packages/airflow/example_dags/example_datasets.py
[2026-09-10T13:59:14.285+0000] {processor.py:840} INFO - DAG(s) 'dataset_produces_1', 'dataset_produces_2', 'dataset_consumes_1_never_scheduled', 'dataset_consumes_1_and_2', 'dataset_consumes_1', 'dataset_consumes_unknown_never_scheduled' retrieved from /home/airflow/.local/lib/python3.8/site-packages/airflow/example_dags/example_datasets.py
[2026-09-10T13:59:14.331+0000] {logging_mixin.py:188} INFO - [2026-09-10T13:59:14.331+0000] {dag.py:3047} INFO - Sync 6 DAGs
[2026-09-10T13:59:14.359+0000] {logging_mixin.py:188} INFO - [2026-09-10T13:59:14.358+0000] {dag.py:3834} INFO - Setting next_dagrun for dataset_consumes_1 to None, run_after=None
[2026-09-10T13:59:14.364+0000] {logging_mixin.py:188} INFO - [2026-09-10T13:59:14.363+0000] {dag.py:3834} INFO - Setting next_dagrun for dataset_consumes_1_and_2 to None, run_after=None
[2026-09-10T13:59:14.367+0000] {logging_mixin.py:188} INFO - [2026-09-10T13:59:14.366+0000] {dag.py:3834} INFO - Setting next_dagrun for dataset_consumes_1_never_scheduled to None, run_after=None
[2026-09-10T13:59:14.370+0000] {logging_mixin.py:188} INFO - [2026-09-10T13:59:14.369+0000] {dag.py:3834} INFO - Setting next_dagrun for dataset_consumes_unknown_never_scheduled to None, run_after=None
[2026-09-10T13:59:14.374+0000] {logging_mixin.py:188} INFO - [2026-09-10T13:59:14.373+0000] {dag.py:3834} INFO - Setting next_dagrun for dataset_produces_1 to 2026-09-09 00:00:00+00:00, run_after=2026-09-10 00:00:00+00:00
[2026-09-10T13:59:14.376+0000] {logging_mixin.py:188} INFO - [2026-09-10T13:59:14.376+0000] {dag.py:3834} INFO - Setting next_dagrun for dataset_produces_2 to None, run_after=None
[2026-09-10T13:59:14.411+0000] {processor.py:183} INFO - Processing /home/airflow/.local/lib/python3.8/site-packages/airflow/example_dags/example_datasets.py took 0.151 seconds
[2026-09-10T13:59:44.559+0000] {processor.py:161} INFO - Started process (PID=1988) to work on /home/airflow/.local/lib/python3.8/site-packages/airflow/example_dags/example_datasets.py
[2026-09-10T13:59:44.561+0000] {processor.py:830} INFO - Processing file /home/airflow/.local/lib/python3.8/site-packages/airflow/example_dags/example_datasets.py for tasks to queue
[2026-09-10T13:59:44.564+0000] {logging_mixin.py:188} INFO - [2026-09-10T13:59:44.563+0000] {dagbag.py:540} INFO - Filling up the DagBag from /home/airflow/.local/lib/python3.8/site-packages/airflow/example_dags/example_datasets.py
[2026-09-10T13:59:44.594+0000] {processor.py:840} INFO - DAG(s) 'dataset_consumes_unknown_never_scheduled', 'dataset_produces_1', 'dataset_consumes_1_and_2', 'dataset_produces_2', 'dataset_consumes_1', 'dataset_consumes_1_never_scheduled' retrieved from /home/airflow/.local/lib/python3.8/site-packages/airflow/example_dags/example_datasets.py
[2026-09-10T13:59:44.687+0000] {logging_mixin.py:188} INFO - [2026-09-10T13:59:44.686+0000] {dag.py:3047} INFO - Sync 6 DAGs
[2026-09-10T13:59:44.809+0000] {logging_mixin.py:188} INFO - [2026-09-10T13:59:44.808+0000] {dag.py:3834} INFO - Setting next_dagrun for dataset_consumes_1 to None, run_after=None
[2026-09-10T13:59:44.823+0000] {logging_mixin.py:188} INFO - [2026-09-10T13:59:44.823+0000] {dag.py:3834} INFO - Setting next_dagrun for dataset_consumes_1_and_2 to None, run_after=None
[2026-09-10T13:59:44.828+0000] {logging_mixin.py:188} INFO - [2026-09-10T13:59:44.827+0000] {dag.py:3834} INFO - Setting next_dagrun for dataset_consumes_1_never_scheduled to None, run_after=None
[2026-09-10T13:59:44.843+0000] {logging_mixin.py:188} INFO - [2026-09-10T13:59:44.842+0000] {dag.py:3834} INFO - Setting next_dagrun for dataset_consumes_unknown_never_scheduled to None, run_after=None
[2026-09-10T13:59:44.861+0000] {logging_mixin.py:188} INFO - [2026-09-10T13:59:44.860+0000] {dag.py:3834} INFO - Setting next_dagrun for dataset_produces_1 to 2026-09-09 00:00:00+00:00, run_after=2026-09-10 00:00:00+00:00
[2026-09-10T13:59:44.867+0000] {logging_mixin.py:188} INFO - [2026-09-10T13:59:44.866+0000] {dag.py:3834} INFO - Setting next_dagrun for dataset_produces_2 to None, run_after=None
[2026-09-10T13:59:45.040+0000] {processor.py:183} INFO - Processing /home/airflow/.local/lib/python3.8/site-packages/airflow/example_dags/example_datasets.py took 0.486 seconds
[2026-09-10T14:00:15.668+0000] {processor.py:161} INFO - Started process (PID=2049) to work on /home/airflow/.local/lib/python3.8/site-packages/airflow/example_dags/example_datasets.py
[2026-09-10T14:00:15.670+0000] {processor.py:830} INFO - Processing file /home/airflow/.local/lib/python3.8/site-packages/airflow/example_dags/example_datasets.py for tasks to queue
[2026-09-10T14:00:15.674+0000] {logging_mixin.py:188} INFO - [2026-09-10T14:00:15.673+0000] {dagbag.py:540} INFO - Filling up the DagBag from /home/airflow/.local/lib/python3.8/site-packages/airflow/example_dags/example_datasets.py
[2026-09-10T14:00:15.687+0000] {processor.py:840} INFO - DAG(s) 'dataset_consumes_1', 'dataset_consumes_1_never_scheduled', 'dataset_produces_2', 'dataset_consumes_1_and_2', 'dataset_produces_1', 'dataset_consumes_unknown_never_scheduled' retrieved from /home/airflow/.local/lib/python3.8/site-packages/airflow/example_dags/example_datasets.py
[2026-09-10T14:00:15.737+0000] {logging_mixin.py:188} INFO - [2026-09-10T14:00:15.736+0000] {dag.py:3047} INFO - Sync 6 DAGs
[2026-09-10T14:00:15.773+0000] {logging_mixin.py:188} INFO - [2026-09-10T14:00:15.773+0000] {dag.py:3834} INFO - Setting next_dagrun for dataset_consumes_1 to None, run_after=None
[2026-09-10T14:00:15.780+0000] {logging_mixin.py:188} INFO - [2026-09-10T14:00:15.779+0000] {dag.py:3834} INFO - Setting next_dagrun for dataset_consumes_1_and_2 to None, run_after=None
[2026-09-10T14:00:15.783+0000] {logging_mixin.py:188} INFO - [2026-09-10T14:00:15.783+0000] {dag.py:3834} INFO - Setting next_dagrun for dataset_consumes_1_never_scheduled to None, run_after=None
[2026-09-10T14:00:15.786+0000] {logging_mixin.py:188} INFO - [2026-09-10T14:00:15.785+0000] {dag.py:3834} INFO - Setting next_dagrun for dataset_consumes_unknown_never_scheduled to None, run_after=None
[2026-09-10T14:00:15.789+0000] {logging_mixin.py:188} INFO - [2026-09-10T14:00:15.789+0000] {dag.py:3834} INFO - Setting next_dagrun for dataset_produces_1 to 2026-09-09 00:00:00+00:00, run_after=2026-09-10 00:00:00+00:00
[2026-09-10T14:00:15.792+0000] {logging_mixin.py:188} INFO - [2026-09-10T14:00:15.792+0000] {dag.py:3834} INFO - Setting next_dagrun for dataset_produces_2 to None, run_after=None
[2026-09-10T14:00:15.834+0000] {processor.py:183} INFO - Processing /home/airflow/.local/lib/python3.8/site-packages/airflow/example_dags/example_datasets.py took 0.171 seconds
[2026-09-10T14:00:46.730+0000] {processor.py:161} INFO - Started process (PID=2112) to work on /home/airflow/.local/lib/python3.8/site-packages/airflow/example_dags/example_datasets.py
[2026-09-10T14:00:46.732+0000] {processor.py:830} INFO - Processing file /home/airflow/.local/lib/python3.8/site-packages/airflow/example_dags/example_datasets.py for tasks to queue
[2026-09-10T14:00:46.735+0000] {logging_mixin.py:188} INFO - [2026-09-10T14:00:46.735+0000] {dagbag.py:540} INFO - Filling up the DagBag from /home/airflow/.local/lib/python3.8/site-packages/airflow/example_dags/example_datasets.py
[2026-09-10T14:00:46.747+0000] {processor.py:840} INFO - DAG(s) 'dataset_produces_2', 'dataset_consumes_1_and_2', 'dataset_consumes_1_never_scheduled', 'dataset_consumes_unknown_never_scheduled', 'dataset_consumes_1', 'dataset_produces_1' retrieved from /home/airflow/.local/lib/python3.8/site-packages/airflow/example_dags/example_datasets.py
[2026-09-10T14:00:46.803+0000] {logging_mixin.py:188} INFO - [2026-09-10T14:00:46.803+0000] {dag.py:3047} INFO - Sync 6 DAGs
[2026-09-10T14:00:46.834+0000] {logging_mixin.py:188} INFO - [2026-09-10T14:00:46.833+0000] {dag.py:3834} INFO - Setting next_dagrun for dataset_consumes_1 to None, run_after=None
[2026-09-10T14:00:46.839+0000] {logging_mixin.py:188} INFO - [2026-09-10T14:00:46.838+0000] {dag.py:3834} INFO - Setting next_dagrun for dataset_consumes_1_and_2 to None, run_after=None
[2026-09-10T14:00:46.841+0000] {logging_mixin.py:188} INFO - [2026-09-10T14:00:46.841+0000] {dag.py:3834} INFO - Setting next_dagrun for dataset_consumes_1_never_scheduled to None, run_after=None
[2026-09-10T14:00:46.844+0000] {logging_mixin.py:188} INFO - [2026-09-10T14:00:46.844+0000] {dag.py:3834} INFO - Setting next_dagrun for dataset_consumes_unknown_never_scheduled to None, run_after=None
[2026-09-10T14:00:46.848+0000] {logging_mixin.py:188} INFO - [2026-09-10T14:00:46.848+0000] {dag.py:3834} INFO - Setting next_dagrun for dataset_produces_1 to 2026-09-09 00:00:00+00:00, run_after=2026-09-10 00:00:00+00:00
[2026-09-10T14:00:46.851+0000] {logging_mixin.py:188} INFO - [2026-09-10T14:00:46.851+0000] {dag.py:3834} INFO - Setting next_dagrun for dataset_produces_2 to None, run_after=None
[2026-09-10T14:00:46.896+0000] {processor.py:183} INFO - Processing /home/airflow/.local/lib/python3.8/site-packages/airflow/example_dags/example_datasets.py took 0.171 seconds
[2026-09-10T14:01:17.434+0000] {processor.py:161} INFO - Started process (PID=2173) to work on /home/airflow/.local/lib/python3.8/site-packages/airflow/example_dags/example_datasets.py
[2026-09-10T14:01:17.437+0000] {processor.py:830} INFO - Processing file /home/airflow/.local/lib/python3.8/site-packages/airflow/example_dags/example_datasets.py for tasks to queue
[2026-09-10T14:01:17.440+0000] {logging_mixin.py:188} INFO - [2026-09-10T14:01:17.439+0000] {dagbag.py:540} INFO - Filling up the DagBag from /home/airflow/.local/lib/python3.8/site-packages/airflow/example_dags/example_datasets.py
[2026-09-10T14:01:17.458+0000] {processor.py:840} INFO - DAG(s) 'dataset_produces_1', 'dataset_consumes_1_and_2', 'dataset_consumes_unknown_never_scheduled', 'dataset_produces_2', 'dataset_consumes_1_never_scheduled', 'dataset_consumes_1' retrieved from /home/airflow/.local/lib/python3.8/site-packages/airflow/example_dags/example_datasets.py
[2026-09-10T14:01:17.506+0000] {logging_mixin.py:188} INFO - [2026-09-10T14:01:17.506+0000] {dag.py:3047} INFO - Sync 6 DAGs
[2026-09-10T14:01:17.535+0000] {logging_mixin.py:188} INFO - [2026-09-10T14:01:17.534+0000] {dag.py:3834} INFO - Setting next_dagrun for dataset_consumes_1 to None, run_after=None
[2026-09-10T14:01:17.540+0000] {logging_mixin.py:188} INFO - [2026-09-10T14:01:17.540+0000] {dag.py:3834} INFO - Setting next_dagrun for dataset_consumes_1_and_2 to None, run_after=None
[2026-09-10T14:01:17.543+0000] {logging_mixin.py:188} INFO - [2026-09-10T14:01:17.542+0000] {dag.py:3834} INFO - Setting next_dagrun for dataset_consumes_1_never_scheduled to None, run_after=None
[2026-09-10T14:01:17.545+0000] {logging_mixin.py:188} INFO - [2026-09-10T14:01:17.545+0000] {dag.py:3834} INFO - Setting next_dagrun for dataset_consumes_unknown_never_scheduled to None, run_after=None
[2026-09-10T14:01:17.549+0000] {logging_mixin.py:188} INFO - [2026-09-10T14:01:17.549+0000] {dag.py:3834} INFO - Setting next_dagrun for dataset_produces_1 to 2026-09-09 00:00:00+00:00, run_after=2026-09-10 00:00:00+00:00
[2026-09-10T14:01:17.551+0000] {logging_mixin.py:188} INFO - [2026-09-10T14:01:17.551+0000] {dag.py:3834} INFO - Setting next_dagrun for dataset_produces_2 to None, run_after=None
[2026-09-10T14:01:17.590+0000] {processor.py:183} INFO - Processing /home/airflow/.local/lib/python3.8/site-packages/airflow/example_dags/example_datasets.py took 0.161 seconds
[2026-09-10T14:01:48.125+0000] {processor.py:161} INFO - Started process (PID=2234) to work on /home/airflow/.local/lib/python3.8/site-packages/airflow/example_dags/example_datasets.py
[2026-09-10T14:01:48.127+0000] {processor.py:830} INFO - Processing file /home/airflow/.local/lib/python3.8/site-packages/airflow/example_dags/example_datasets.py for tasks to queue
[2026-09-10T14:01:48.130+0000] {logging_mixin.py:188} INFO - [2026-09-10T14:01:48.130+0000] {dagbag.py:540} INFO - Filling up the DagBag from /home/airflow/.local/lib/python3.8/site-packages/airflow/example_dags/example_datasets.py
[2026-09-10T14:01:48.144+0000] {processor.py:840} INFO - DAG(s) 'dataset_produces_1', 'dataset_consumes_1_and_2', 'dataset_consumes_1_never_scheduled', 'dataset_consumes_1', 'dataset_produces_2', 'dataset_consumes_unknown_never_scheduled' retrieved from /home/airflow/.local/lib/python3.8/site-packages/airflow/example_dags/example_datasets.py
[2026-09-10T14:01:48.192+0000] {logging_mixin.py:188} INFO - [2026-09-10T14:01:48.191+0000] {dag.py:3047} INFO - Sync 6 DAGs
[2026-09-10T14:01:48.220+0000] {logging_mixin.py:188} INFO - [2026-09-10T14:01:48.220+0000] {dag.py:3834} INFO - Setting next_dagrun for dataset_consumes_1 to None, run_after=None
[2026-09-10T14:01:48.225+0000] {logging_mixin.py:188} INFO - [2026-09-10T14:01:48.225+0000] {dag.py:3834} INFO - Setting next_dagrun for dataset_consumes_1_and_2 to None, run_after=None
[2026-09-10T14:01:48.228+0000] {logging_mixin.py:188} INFO - [2026-09-10T14:01:48.228+0000] {dag.py:3834} INFO - Setting next_dagrun for dataset_consumes_1_never_scheduled to None, run_after=None
[2026-09-10T14:01:48.231+0000] {logging_mixin.py:188} INFO - [2026-09-10T14:01:48.231+0000] {dag.py:3834} INFO - Setting next_dagrun for dataset_consumes_unknown_never_scheduled to None, run_after=None
[2026-09-10T14:01:48.235+0000] {logging_mixin.py:188} INFO - [2026-09-10T14:01:48.235+0000] {dag.py:3834} INFO - Setting next_dagrun for dataset_produces_1 to 2026-09-09 00:00:00+00:00, run_after=2026-09-10 00:00:00+00:00
[2026-09-10T14:01:48.238+0000] {logging_mixin.py:188} INFO - [2026-09-10T14:01:48.238+0000] {dag.py:3834} INFO - Setting next_dagrun for dataset_produces_2 to None, run_after=None
[2026-09-10T14:01:48.276+0000] {processor.py:183} INFO - Processing /home/airflow/.local/lib/python3.8/site-packages/airflow/example_dags/example_datasets.py took 0.157 seconds
[2026-09-10T14:02:18.685+0000] {processor.py:161} INFO - Started process (PID=2294) to work on /home/airflow/.local/lib/python3.8/site-packages/airflow/example_dags/example_datasets.py
[2026-09-10T14:02:18.687+0000] {processor.py:830} INFO - Processing file /home/airflow/.local/lib/python3.8/site-packages/airflow/example_dags/example_datasets.py for tasks to queue
[2026-09-10T14:02:18.690+0000] {logging_mixin.py:188} INFO - [2026-09-10T14:02:18.690+0000] {dagbag.py:540} INFO - Filling up the DagBag from /home/airflow/.local/lib/python3.8/site-packages/airflow/example_dags/example_datasets.py
[2026-09-10T14:02:18.703+0000] {processor.py:840} INFO - DAG(s) 'dataset_produces_2', 'dataset_consumes_1_never_scheduled', 'dataset_produces_1', 'dataset_consumes_unknown_never_scheduled', 'dataset_consumes_1_and_2', 'dataset_consumes_1' retrieved from /home/airflow/.local/lib/python3.8/site-packages/airflow/example_dags/example_datasets.py
[2026-09-10T14:02:18.755+0000] {logging_mixin.py:188} INFO - [2026-09-10T14:02:18.755+0000] {dag.py:3047} INFO - Sync 6 DAGs
[2026-09-10T14:02:18.782+0000] {logging_mixin.py:188} INFO - [2026-09-10T14:02:18.782+0000] {dag.py:3834} INFO - Setting next_dagrun for dataset_consumes_1 to None, run_after=None
[2026-09-10T14:02:18.788+0000] {logging_mixin.py:188} INFO - [2026-09-10T14:02:18.788+0000] {dag.py:3834} INFO - Setting next_dagrun for dataset_consumes_1_and_2 to None, run_after=None
[2026-09-10T14:02:18.790+0000] {logging_mixin.py:188} INFO - [2026-09-10T14:02:18.790+0000] {dag.py:3834} INFO - Setting next_dagrun for dataset_consumes_1_never_scheduled to None, run_after=None
[2026-09-10T14:02:18.793+0000] {logging_mixin.py:188} INFO - [2026-09-10T14:02:18.793+0000] {dag.py:3834} INFO - Setting next_dagrun for dataset_consumes_unknown_never_scheduled to None, run_after=None
[2026-09-10T14:02:18.797+0000] {logging_mixin.py:188} INFO - [2026-09-10T14:02:18.797+0000] {dag.py:3834} INFO - Setting next_dagrun for dataset_produces_1 to 2026-09-09 00:00:00+00:00, run_after=2026-09-10 00:00:00+00:00
[2026-09-10T14:02:18.799+0000] {logging_mixin.py:188} INFO - [2026-09-10T14:02:18.799+0000] {dag.py:3834} INFO - Setting next_dagrun for dataset_produces_2 to None, run_after=None
[2026-09-10T14:02:18.843+0000] {processor.py:183} INFO - Processing /home/airflow/.local/lib/python3.8/site-packages/airflow/example_dags/example_datasets.py took 0.163 seconds
[2026-09-10T14:02:49.514+0000] {processor.py:161} INFO - Started process (PID=2356) to work on /home/airflow/.local/lib/python3.8/site-packages/airflow/example_dags/example_datasets.py
[2026-09-10T14:02:49.518+0000] {processor.py:830} INFO - Processing file /home/airflow/.local/lib/python3.8/site-packages/airflow/example_dags/example_datasets.py for tasks to queue
[2026-09-10T14:02:49.524+0000] {logging_mixin.py:188} INFO - [2026-09-10T14:02:49.523+0000] {dagbag.py:540} INFO - Filling up the DagBag from /home/airflow/.local/lib/python3.8/site-packages/airflow/example_dags/example_datasets.py
[2026-09-10T14:02:49.545+0000] {processor.py:840} INFO - DAG(s) 'dataset_consumes_1_never_scheduled', 'dataset_consumes_1_and_2', 'dataset_consumes_unknown_never_scheduled', 'dataset_produces_2', 'dataset_consumes_1', 'dataset_produces_1' retrieved from /home/airflow/.local/lib/python3.8/site-packages/airflow/example_dags/example_datasets.py
[2026-09-10T14:02:49.596+0000] {logging_mixin.py:188} INFO - [2026-09-10T14:02:49.595+0000] {dag.py:3047} INFO - Sync 6 DAGs
[2026-09-10T14:02:49.627+0000] {logging_mixin.py:188} INFO - [2026-09-10T14:02:49.627+0000] {dag.py:3834} INFO - Setting next_dagrun for dataset_consumes_1 to None, run_after=None
[2026-09-10T14:02:49.633+0000] {logging_mixin.py:188} INFO - [2026-09-10T14:02:49.633+0000] {dag.py:3834} INFO - Setting next_dagrun for dataset_consumes_1_and_2 to None, run_after=None
[2026-09-10T14:02:49.636+0000] {logging_mixin.py:188} INFO - [2026-09-10T14:02:49.636+0000] {dag.py:3834} INFO - Setting next_dagrun for dataset_consumes_1_never_scheduled to None, run_after=None
[2026-09-10T14:02:49.639+0000] {logging_mixin.py:188} INFO - [2026-09-10T14:02:49.638+0000] {dag.py:3834} INFO - Setting next_dagrun for dataset_consumes_unknown_never_scheduled to None, run_after=None
[2026-09-10T14:02:49.643+0000] {logging_mixin.py:188} INFO - [2026-09-10T14:02:49.642+0000] {dag.py:3834} INFO - Setting next_dagrun for dataset_produces_1 to 2026-09-09 00:00:00+00:00, run_after=2026-09-10 00:00:00+00:00
[2026-09-10T14:02:49.646+0000] {logging_mixin.py:188} INFO - [2026-09-10T14:02:49.646+0000] {dag.py:3834} INFO - Setting next_dagrun for dataset_produces_2 to None, run_after=None
[2026-09-10T14:02:49.703+0000] {processor.py:183} INFO - Processing /home/airflow/.local/lib/python3.8/site-packages/airflow/example_dags/example_datasets.py took 0.195 seconds
[2026-09-10T14:03:19.983+0000] {processor.py:161} INFO - Started process (PID=2416) to work on /home/airflow/.local/lib/python3.8/site-packages/airflow/example_dags/example_datasets.py
[2026-09-10T14:03:19.984+0000] {processor.py:830} INFO - Processing file /home/airflow/.local/lib/python3.8/site-packages/airflow/example_dags/example_datasets.py for tasks to queue
[2026-09-10T14:03:19.987+0000] {logging_mixin.py:188} INFO - [2026-09-10T14:03:19.987+0000] {dagbag.py:540} INFO - Filling up the DagBag from /home/airflow/.local/lib/python3.8/site-packages/airflow/example_dags/example_datasets.py
[2026-09-10T14:03:19.998+0000] {processor.py:840} INFO - DAG(s) 'dataset_consumes_unknown_never_scheduled', 'dataset_produces_1', 'dataset_consumes_1_and_2', 'dataset_produces_2', 'dataset_consumes_1', 'dataset_consumes_1_never_scheduled' retrieved from /home/airflow/.local/lib/python3.8/site-packages/airflow/example_dags/example_datasets.py
[2026-09-10T14:03:20.048+0000] {logging_mixin.py:188} INFO - [2026-09-10T14:03:20.048+0000] {dag.py:3047} INFO - Sync 6 DAGs
[2026-09-10T14:03:20.086+0000] {logging_mixin.py:188} INFO - [2026-09-10T14:03:20.086+0000] {dag.py:3834} INFO - Setting next_dagrun for dataset_consumes_1 to None, run_after=None
[2026-09-10T14:03:20.093+0000] {logging_mixin.py:188} INFO - [2026-09-10T14:03:20.092+0000] {dag.py:3834} INFO - Setting next_dagrun for dataset_consumes_1_and_2 to None, run_after=None
[2026-09-10T14:03:20.096+0000] {logging_mixin.py:188} INFO - [2026-09-10T14:03:20.095+0000] {dag.py:3834} INFO - Setting next_dagrun for dataset_consumes_1_never_scheduled to None, run_after=None
[2026-09-10T14:03:20.099+0000] {logging_mixin.py:188} INFO - [2026-09-10T14:03:20.098+0000] {dag.py:3834} INFO - Setting next_dagrun for dataset_consumes_unknown_never_scheduled to None, run_after=None
[2026-09-10T14:03:20.103+0000] {logging_mixin.py:188} INFO - [2026-09-10T14:03:20.103+0000] {dag.py:3834} INFO - Setting next_dagrun for dataset_produces_1 to 2026-09-09 00:00:00+00:00, run_after=2026-09-10 00:00:00+00:00
[2026-09-10T14:03:20.107+0000] {logging_mixin.py:188} INFO - [2026-09-10T14:03:20.106+0000] {dag.py:3834} INFO - Setting next_dagrun for dataset_produces_2 to None, run_after=None
[2026-09-10T14:03:20.148+0000] {processor.py:183} INFO - Processing /home/airflow/.local/lib/python3.8/site-packages/airflow/example_dags/example_datasets.py took 0.168 seconds
[2026-09-10T14:03:50.218+0000] {processor.py:161} INFO - Started process (PID=2477) to work on /home/airflow/.local/lib/python3.8/site-packages/airflow/example_dags/example_datasets.py
[2026-09-10T14:03:50.220+0000] {processor.py:830} INFO - Processing file /home/airflow/.local/lib/python3.8/site-packages/airflow/example_dags/example_datasets.py for tasks to queue
[2026-09-10T14:03:50.222+0000] {logging_mixin.py:188} INFO - [2026-09-10T14:03:50.222+0000] {dagbag.py:540} INFO - Filling up the DagBag from /home/airflow/.local/lib/python3.8/site-packages/airflow/example_dags/example_datasets.py
[2026-09-10T14:03:50.233+0000] {processor.py:840} INFO - DAG(s) 'dataset_consumes_1', 'dataset_consumes_unknown_never_scheduled', 'dataset_produces_1', 'dataset_consumes_1_never_scheduled', 'dataset_produces_2', 'dataset_consumes_1_and_2' retrieved from /home/airflow/.local/lib/python3.8/site-packages/airflow/example_dags/example_datasets.py
[2026-09-10T14:03:50.279+0000] {logging_mixin.py:188} INFO - [2026-09-10T14:03:50.279+0000] {dag.py:3047} INFO - Sync 6 DAGs
[2026-09-10T14:03:50.306+0000] {logging_mixin.py:188} INFO - [2026-09-10T14:03:50.306+0000] {dag.py:3834} INFO - Setting next_dagrun for dataset_consumes_1 to None, run_after=None
[2026-09-10T14:03:50.311+0000] {logging_mixin.py:188} INFO - [2026-09-10T14:03:50.311+0000] {dag.py:3834} INFO - Setting next_dagrun for dataset_consumes_1_and_2 to None, run_after=None
[2026-09-10T14:03:50.314+0000] {logging_mixin.py:188} INFO - [2026-09-10T14:03:50.314+0000] {dag.py:3834} INFO - Setting next_dagrun for dataset_consumes_1_never_scheduled to None, run_after=None
[2026-09-10T14:03:50.316+0000] {logging_mixin.py:188} INFO - [2026-09-10T14:03:50.316+0000] {dag.py:3834} INFO - Setting next_dagrun for dataset_consumes_unknown_never_scheduled to None, run_after=None
[2026-09-10T14:03:50.320+0000] {logging_mixin.py:188} INFO - [2026-09-10T14:03:50.320+0000] {dag.py:3834} INFO - Setting next_dagrun for dataset_produces_1 to 2026-09-09 00:00:00+00:00, run_after=2026-09-10 00:00:00+00:00
[2026-09-10T14:03:50.323+0000] {logging_mixin.py:188} INFO - [2026-09-10T14:03:50.322+0000] {dag.py:3834} INFO - Setting next_dagrun for dataset_produces_2 to None, run_after=None
[2026-09-10T14:03:50.362+0000] {processor.py:183} INFO - Processing /home/airflow/.local/lib/python3.8/site-packages/airflow/example_dags/example_datasets.py took 0.148 seconds
[2026-09-10T14:04:20.549+0000] {processor.py:161} INFO - Started process (PID=2538) to work on /home/airflow/.local/lib/python3.8/site-packages/airflow/example_dags/example_datasets.py
[2026-09-10T14:04:20.551+0000] {processor.py:830} INFO - Processing file /home/airflow/.local/lib/python3.8/site-packages/airflow/example_dags/example_datasets.py for tasks to queue
[2026-09-10T14:04:20.554+0000] {logging_mixin.py:188} INFO - [2026-09-10T14:04:20.553+0000] {dagbag.py:540} INFO - Filling up the DagBag from /home/airflow/.local/lib/python3.8/site-packages/airflow/example_dags/example_datasets.py
[2026-09-10T14:04:20.568+0000] {processor.py:840} INFO - DAG(s) 'dataset_produces_1', 'dataset_consumes_1_and_2', 'dataset_produces_2', 'dataset_consumes_1', 'dataset_consumes_unknown_never_scheduled', 'dataset_consumes_1_never_scheduled' retrieved from /home/airflow/.local/lib/python3.8/site-packages/airflow/example_dags/example_datasets.py
[2026-09-10T14:04:20.620+0000] {logging_mixin.py:188} INFO - [2026-09-10T14:04:20.620+0000] {dag.py:3047} INFO - Sync 6 DAGs
[2026-09-10T14:04:20.645+0000] {logging_mixin.py:188} INFO - [2026-09-10T14:04:20.645+0000] {dag.py:3834} INFO - Setting next_dagrun for dataset_consumes_1 to None, run_after=None
[2026-09-10T14:04:20.650+0000] {logging_mixin.py:188} INFO - [2026-09-10T14:04:20.650+0000] {dag.py:3834} INFO - Setting next_dagrun for dataset_consumes_1_and_2 to None, run_after=None
[2026-09-10T14:04:20.653+0000] {logging_mixin.py:188} INFO - [2026-09-10T14:04:20.653+0000] {dag.py:3834} INFO - Setting next_dagrun for dataset_consumes_1_never_scheduled to None, run_after=None
[2026-09-10T14:04:20.656+0000] {logging_mixin.py:188} INFO - [2026-09-10T14:04:20.656+0000] {dag.py:3834} INFO - Setting next_dagrun for dataset_consumes_unknown_never_scheduled to None, run_after=None
[2026-09-10T14:04:20.661+0000] {logging_mixin.py:188} INFO - [2026-09-10T14:04:20.660+0000] {dag.py:3834} INFO - Setting next_dagrun for dataset_produces_1 to 2026-09-09 00:00:00+00:00, run_after=2026-09-10 00:00:00+00:00
[2026-09-10T14:04:20.664+0000] {logging_mixin.py:188} INFO - [2026-09-10T14:04:20.663+0000] {dag.py:3834} INFO - Setting next_dagrun for dataset_produces_2 to None, run_after=None
[2026-09-10T14:04:20.704+0000] {processor.py:183} INFO - Processing /home/airflow/.local/lib/python3.8/site-packages/airflow/example_dags/example_datasets.py took 0.158 seconds
[2026-09-10T14:04:51.275+0000] {processor.py:161} INFO - Started process (PID=2599) to work on /home/airflow/.local/lib/python3.8/site-packages/airflow/example_dags/example_datasets.py
[2026-09-10T14:04:51.278+0000] {processor.py:830} INFO - Processing file /home/airflow/.local/lib/python3.8/site-packages/airflow/example_dags/example_datasets.py for tasks to queue
[2026-09-10T14:04:51.283+0000] {logging_mixin.py:188} INFO - [2026-09-10T14:04:51.282+0000] {dagbag.py:540} INFO - Filling up the DagBag from /home/airflow/.local/lib/python3.8/site-packages/airflow/example_dags/example_datasets.py
[2026-09-10T14:04:51.303+0000] {processor.py:840} INFO - DAG(s) 'dataset_consumes_unknown_never_scheduled', 'dataset_produces_1', 'dataset_produces_2', 'dataset_consumes_1_and_2', 'dataset_consumes_1', 'dataset_consumes_1_never_scheduled' retrieved from /home/airflow/.local/lib/python3.8/site-packages/airflow/example_dags/example_datasets.py
[2026-09-10T14:04:51.371+0000] {logging_mixin.py:188} INFO - [2026-09-10T14:04:51.370+0000] {dag.py:3047} INFO - Sync 6 DAGs
[2026-09-10T14:04:51.416+0000] {logging_mixin.py:188} INFO - [2026-09-10T14:04:51.416+0000] {dag.py:3834} INFO - Setting next_dagrun for dataset_consumes_1 to None, run_after=None
[2026-09-10T14:04:51.422+0000] {logging_mixin.py:188} INFO - [2026-09-10T14:04:51.422+0000] {dag.py:3834} INFO - Setting next_dagrun for dataset_consumes_1_and_2 to None, run_after=None
[2026-09-10T14:04:51.425+0000] {logging_mixin.py:188} INFO - [2026-09-10T14:04:51.425+0000] {dag.py:3834} INFO - Setting next_dagrun for dataset_consumes_1_never_scheduled to None, run_after=None
[2026-09-10T14:04:51.428+0000] {logging_mixin.py:188} INFO - [2026-09-10T14:04:51.427+0000] {dag.py:3834} INFO - Setting next_dagrun for dataset_consumes_unknown_never_scheduled to None, run_after=None
[2026-09-10T14:04:51.432+0000] {logging_mixin.py:188} INFO - [2026-09-10T14:04:51.431+0000] {dag.py:3834} INFO - Setting next_dagrun for dataset_produces_1 to 2026-09-09 00:00:00+00:00, run_after=2026-09-10 00:00:00+00:00
[2026-09-10T14:04:51.435+0000] {logging_mixin.py:188} INFO - [2026-09-10T14:04:51.435+0000] {dag.py:3834} INFO - Setting next_dagrun for dataset_produces_2 to None, run_after=None
[2026-09-10T14:04:51.477+0000] {processor.py:183} INFO - Processing /home/airflow/.local/lib/python3.8/site-packages/airflow/example_dags/example_datasets.py took 0.209 seconds
[2026-09-10T14:05:21.804+0000] {processor.py:161} INFO - Started process (PID=2660) to work on /home/airflow/.local/lib/python3.8/site-packages/airflow/example_dags/example_datasets.py
[2026-09-10T14:05:21.805+0000] {processor.py:830} INFO - Processing file /home/airflow/.local/lib/python3.8/site-packages/airflow/example_dags/example_datasets.py for tasks to queue
[2026-09-10T14:05:21.808+0000] {logging_mixin.py:188} INFO - [2026-09-10T14:05:21.807+0000] {dagbag.py:540} INFO - Filling up the DagBag from /home/airflow/.local/lib/python3.8/site-packages/airflow/example_dags/example_datasets.py
[2026-09-10T14:05:21.820+0000] {processor.py:840} INFO - DAG(s) 'dataset_produces_2', 'dataset_consumes_1_and_2', 'dataset_consumes_1', 'dataset_consumes_1_never_scheduled', 'dataset_produces_1', 'dataset_consumes_unknown_never_scheduled' retrieved from /home/airflow/.local/lib/python3.8/site-packages/airflow/example_dags/example_datasets.py
[2026-09-10T14:05:21.868+0000] {logging_mixin.py:188} INFO - [2026-09-10T14:05:21.868+0000] {dag.py:3047} INFO - Sync 6 DAGs
[2026-09-10T14:05:21.895+0000] {logging_mixin.py:188} INFO - [2026-09-10T14:05:21.895+0000] {dag.py:3834} INFO - Setting next_dagrun for dataset_consumes_1 to None, run_after=None
[2026-09-10T14:05:21.900+0000] {logging_mixin.py:188} INFO - [2026-09-10T14:05:21.900+0000] {dag.py:3834} INFO - Setting next_dagrun for dataset_consumes_1_and_2 to None, run_after=None
[2026-09-10T14:05:21.903+0000] {logging_mixin.py:188} INFO - [2026-09-10T14:05:21.902+0000] {dag.py:3834} INFO - Setting next_dagrun for dataset_consumes_1_never_scheduled to None, run_after=None
[2026-09-10T14:05:21.905+0000] {logging_mixin.py:188} INFO - [2026-09-10T14:05:21.905+0000] {dag.py:3834} INFO - Setting next_dagrun for dataset_consumes_unknown_never_scheduled to None, run_after=None
[2026-09-10T14:05:21.909+0000] {logging_mixin.py:188} INFO - [2026-09-10T14:05:21.909+0000] {dag.py:3834} INFO - Setting next_dagrun for dataset_produces_1 to 2026-09-09 00:00:00+00:00, run_after=2026-09-10 00:00:00+00:00
[2026-09-10T14:05:21.912+0000] {logging_mixin.py:188} INFO - [2026-09-10T14:05:21.912+0000] {dag.py:3834} INFO - Setting next_dagrun for dataset_produces_2 to None, run_after=None
[2026-09-10T14:05:21.956+0000] {processor.py:183} INFO - Processing /home/airflow/.local/lib/python3.8/site-packages/airflow/example_dags/example_datasets.py took 0.156 seconds
[2026-09-10T14:05:52.032+0000] {processor.py:161} INFO - Started process (PID=2721) to work on /home/airflow/.local/lib/python3.8/site-packages/airflow/example_dags/example_datasets.py
[2026-09-10T14:05:52.034+0000] {processor.py:830} INFO - Processing file /home/airflow/.local/lib/python3.8/site-packages/airflow/example_dags/example_datasets.py for tasks to queue
[2026-09-10T14:05:52.037+0000] {logging_mixin.py:188} INFO - [2026-09-10T14:05:52.037+0000] {dagbag.py:540} INFO - Filling up the DagBag from /home/airflow/.local/lib/python3.8/site-packages/airflow/example_dags/example_datasets.py
[2026-09-10T14:05:52.048+0000] {processor.py:840} INFO - DAG(s) 'dataset_consumes_1_never_scheduled', 'dataset_produces_1', 'dataset_consumes_1', 'dataset_produces_2', 'dataset_consumes_unknown_never_scheduled', 'dataset_consumes_1_and_2' retrieved from /home/airflow/.local/lib/python3.8/site-packages/airflow/example_dags/example_datasets.py
[2026-09-10T14:05:52.105+0000] {logging_mixin.py:188} INFO - [2026-09-10T14:05:52.104+0000] {dag.py:3047} INFO - Sync 6 DAGs
[2026-09-10T14:05:52.131+0000] {logging_mixin.py:188} INFO - [2026-09-10T14:05:52.131+0000] {dag.py:3834} INFO - Setting next_dagrun for dataset_consumes_1 to None, run_after=None
[2026-09-10T14:05:52.136+0000] {logging_mixin.py:188} INFO - [2026-09-10T14:05:52.136+0000] {dag.py:3834} INFO - Setting next_dagrun for dataset_consumes_1_and_2 to None, run_after=None
[2026-09-10T14:05:52.139+0000] {logging_mixin.py:188} INFO - [2026-09-10T14:05:52.139+0000] {dag.py:3834} INFO - Setting next_dagrun for dataset_consumes_1_never_scheduled to None, run_after=None
[2026-09-10T14:05:52.142+0000] {logging_mixin.py:188} INFO - [2026-09-10T14:05:52.142+0000] {dag.py:3834} INFO - Setting next_dagrun for dataset_consumes_unknown_never_scheduled to None, run_after=None
[2026-09-10T14:05:52.146+0000] {logging_mixin.py:188} INFO - [2026-09-10T14:05:52.146+0000] {dag.py:3834} INFO - Setting next_dagrun for dataset_produces_1 to 2026-09-09 00:00:00+00:00, run_after=2026-09-10 00:00:00+00:00
[2026-09-10T14:05:52.149+0000] {logging_mixin.py:188} INFO - [2026-09-10T14:05:52.149+0000] {dag.py:3834} INFO - Setting next_dagrun for dataset_produces_2 to None, run_after=None
[2026-09-10T14:05:52.193+0000] {processor.py:183} INFO - Processing /home/airflow/.local/lib/python3.8/site-packages/airflow/example_dags/example_datasets.py took 0.165 seconds
[2026-09-10T14:06:22.939+0000] {processor.py:161} INFO - Started process (PID=2782) to work on /home/airflow/.local/lib/python3.8/site-packages/airflow/example_dags/example_datasets.py
[2026-09-10T14:06:22.941+0000] {processor.py:830} INFO - Processing file /home/airflow/.local/lib/python3.8/site-packages/airflow/example_dags/example_datasets.py for tasks to queue
[2026-09-10T14:06:22.944+0000] {logging_mixin.py:188} INFO - [2026-09-10T14:06:22.944+0000] {dagbag.py:540} INFO - Filling up the DagBag from /home/airflow/.local/lib/python3.8/site-packages/airflow/example_dags/example_datasets.py
[2026-09-10T14:06:22.957+0000] {processor.py:840} INFO - DAG(s) 'dataset_consumes_1_and_2', 'dataset_consumes_1_never_scheduled', 'dataset_produces_2', 'dataset_consumes_unknown_never_scheduled', 'dataset_consumes_1', 'dataset_produces_1' retrieved from /home/airflow/.local/lib/python3.8/site-packages/airflow/example_dags/example_datasets.py
[2026-09-10T14:06:23.009+0000] {logging_mixin.py:188} INFO - [2026-09-10T14:06:23.008+0000] {dag.py:3047} INFO - Sync 6 DAGs
[2026-09-10T14:06:23.051+0000] {logging_mixin.py:188} INFO - [2026-09-10T14:06:23.051+0000] {dag.py:3834} INFO - Setting next_dagrun for dataset_consumes_1 to None, run_after=None
[2026-09-10T14:06:23.057+0000] {logging_mixin.py:188} INFO - [2026-09-10T14:06:23.056+0000] {dag.py:3834} INFO - Setting next_dagrun for dataset_consumes_1_and_2 to None, run_after=None
[2026-09-10T14:06:23.060+0000] {logging_mixin.py:188} INFO - [2026-09-10T14:06:23.060+0000] {dag.py:3834} INFO - Setting next_dagrun for dataset_consumes_1_never_scheduled to None, run_after=None
[2026-09-10T14:06:23.062+0000] {logging_mixin.py:188} INFO - [2026-09-10T14:06:23.062+0000] {dag.py:3834} INFO - Setting next_dagrun for dataset_consumes_unknown_never_scheduled to None, run_after=None
[2026-09-10T14:06:23.068+0000] {logging_mixin.py:188} INFO - [2026-09-10T14:06:23.068+0000] {dag.py:3834} INFO - Setting next_dagrun for dataset_produces_1 to 2026-09-09 00:00:00+00:00, run_after=2026-09-10 00:00:00+00:00
[2026-09-10T14:06:23.070+0000] {logging_mixin.py:188} INFO - [2026-09-10T14:06:23.070+0000] {dag.py:3834} INFO - Setting next_dagrun for dataset_produces_2 to None, run_after=None
[2026-09-10T14:06:23.106+0000] {processor.py:183} INFO - Processing /home/airflow/.local/lib/python3.8/site-packages/airflow/example_dags/example_datasets.py took 0.172 seconds
[2026-09-10T14:06:53.636+0000] {processor.py:161} INFO - Started process (PID=2843) to work on /home/airflow/.local/lib/python3.8/site-packages/airflow/example_dags/example_datasets.py
[2026-09-10T14:06:53.638+0000] {processor.py:830} INFO - Processing file /home/airflow/.local/lib/python3.8/site-packages/airflow/example_dags/example_datasets.py for tasks to queue
[2026-09-10T14:06:53.641+0000] {logging_mixin.py:188} INFO - [2026-09-10T14:06:53.640+0000] {dagbag.py:540} INFO - Filling up the DagBag from /home/airflow/.local/lib/python3.8/site-packages/airflow/example_dags/example_datasets.py
[2026-09-10T14:06:53.653+0000] {processor.py:840} INFO - DAG(s) 'dataset_consumes_1', 'dataset_produces_2', 'dataset_consumes_unknown_never_scheduled', 'dataset_consumes_1_and_2', 'dataset_produces_1', 'dataset_consumes_1_never_scheduled' retrieved from /home/airflow/.local/lib/python3.8/site-packages/airflow/example_dags/example_datasets.py
[2026-09-10T14:06:53.702+0000] {logging_mixin.py:188} INFO - [2026-09-10T14:06:53.701+0000] {dag.py:3047} INFO - Sync 6 DAGs
[2026-09-10T14:06:53.729+0000] {logging_mixin.py:188} INFO - [2026-09-10T14:06:53.729+0000] {dag.py:3834} INFO - Setting next_dagrun for dataset_consumes_1 to None, run_after=None
[2026-09-10T14:06:53.734+0000] {logging_mixin.py:188} INFO - [2026-09-10T14:06:53.734+0000] {dag.py:3834} INFO - Setting next_dagrun for dataset_consumes_1_and_2 to None, run_after=None
[2026-09-10T14:06:53.736+0000] {logging_mixin.py:188} INFO - [2026-09-10T14:06:53.736+0000] {dag.py:3834} INFO - Setting next_dagrun for dataset_consumes_1_never_scheduled to None, run_after=None
[2026-09-10T14:06:53.738+0000] {logging_mixin.py:188} INFO - [2026-09-10T14:06:53.738+0000] {dag.py:3834} INFO - Setting next_dagrun for dataset_consumes_unknown_never_scheduled to None, run_after=None
[2026-09-10T14:06:53.743+0000] {logging_mixin.py:188} INFO - [2026-09-10T14:06:53.743+0000] {dag.py:3834} INFO - Setting next_dagrun for dataset_produces_1 to 2026-09-09 00:00:00+00:00, run_after=2026-09-10 00:00:00+00:00
[2026-09-10T14:06:53.745+0000] {logging_mixin.py:188} INFO - [2026-09-10T14:06:53.745+0000] {dag.py:3834} INFO - Setting next_dagrun for dataset_produces_2 to None, run_after=None
[2026-09-10T14:06:53.782+0000] {processor.py:183} INFO - Processing /home/airflow/.local/lib/python3.8/site-packages/airflow/example_dags/example_datasets.py took 0.150 seconds
[2026-09-10T14:07:24.638+0000] {processor.py:161} INFO - Started process (PID=2904) to work on /home/airflow/.local/lib/python3.8/site-packages/airflow/example_dags/example_datasets.py
[2026-09-10T14:07:24.640+0000] {processor.py:830} INFO - Processing file /home/airflow/.local/lib/python3.8/site-packages/airflow/example_dags/example_datasets.py for tasks to queue
[2026-09-10T14:07:24.645+0000] {logging_mixin.py:188} INFO - [2026-09-10T14:07:24.644+0000] {dagbag.py:540} INFO - Filling up the DagBag from /home/airflow/.local/lib/python3.8/site-packages/airflow/example_dags/example_datasets.py
[2026-09-10T14:07:24.671+0000] {processor.py:840} INFO - DAG(s) 'dataset_consumes_1', 'dataset_consumes_1_never_scheduled', 'dataset_produces_2', 'dataset_produces_1', 'dataset_consumes_1_and_2', 'dataset_consumes_unknown_never_scheduled' retrieved from /home/airflow/.local/lib/python3.8/site-packages/airflow/example_dags/example_datasets.py
[2026-09-10T14:07:24.733+0000] {logging_mixin.py:188} INFO - [2026-09-10T14:07:24.733+0000] {dag.py:3047} INFO - Sync 6 DAGs
[2026-09-10T14:07:24.772+0000] {logging_mixin.py:188} INFO - [2026-09-10T14:07:24.770+0000] {dag.py:3834} INFO - Setting next_dagrun for dataset_consumes_1 to None, run_after=None
[2026-09-10T14:07:24.778+0000] {logging_mixin.py:188} INFO - [2026-09-10T14:07:24.778+0000] {dag.py:3834} INFO - Setting next_dagrun for dataset_consumes_1_and_2 to None, run_after=None
[2026-09-10T14:07:24.780+0000] {logging_mixin.py:188} INFO - [2026-09-10T14:07:24.780+0000] {dag.py:3834} INFO - Setting next_dagrun for dataset_consumes_1_never_scheduled to None, run_after=None
[2026-09-10T14:07:24.783+0000] {logging_mixin.py:188} INFO - [2026-09-10T14:07:24.783+0000] {dag.py:3834} INFO - Setting next_dagrun for dataset_consumes_unknown_never_scheduled to None, run_after=None
[2026-09-10T14:07:24.790+0000] {logging_mixin.py:188} INFO - [2026-09-10T14:07:24.789+0000] {dag.py:3834} INFO - Setting next_dagrun for dataset_produces_1 to 2026-09-09 00:00:00+00:00, run_after=2026-09-10 00:00:00+00:00
[2026-09-10T14:07:24.793+0000] {logging_mixin.py:188} INFO - [2026-09-10T14:07:24.793+0000] {dag.py:3834} INFO - Setting next_dagrun for dataset_produces_2 to None, run_after=None
[2026-09-10T14:07:24.854+0000] {processor.py:183} INFO - Processing /home/airflow/.local/lib/python3.8/site-packages/airflow/example_dags/example_datasets.py took 0.227 seconds
[2026-09-10T14:07:55.035+0000] {processor.py:161} INFO - Started process (PID=2965) to work on /home/airflow/.local/lib/python3.8/site-packages/airflow/example_dags/example_datasets.py
[2026-09-10T14:07:55.038+0000] {processor.py:830} INFO - Processing file /home/airflow/.local/lib/python3.8/site-packages/airflow/example_dags/example_datasets.py for tasks to queue
[2026-09-10T14:07:55.044+0000] {logging_mixin.py:188} INFO - [2026-09-10T14:07:55.044+0000] {dagbag.py:540} INFO - Filling up the DagBag from /home/airflow/.local/lib/python3.8/site-packages/airflow/example_dags/example_datasets.py
[2026-09-10T14:07:55.068+0000] {processor.py:840} INFO - DAG(s) 'dataset_produces_1', 'dataset_consumes_1_never_scheduled', 'dataset_consumes_unknown_never_scheduled', 'dataset_consumes_1', 'dataset_consumes_1_and_2', 'dataset_produces_2' retrieved from /home/airflow/.local/lib/python3.8/site-packages/airflow/example_dags/example_datasets.py
[2026-09-10T14:07:55.159+0000] {logging_mixin.py:188} INFO - [2026-09-10T14:07:55.159+0000] {dag.py:3047} INFO - Sync 6 DAGs
[2026-09-10T14:07:55.191+0000] {logging_mixin.py:188} INFO - [2026-09-10T14:07:55.191+0000] {dag.py:3834} INFO - Setting next_dagrun for dataset_consumes_1 to None, run_after=None
[2026-09-10T14:07:55.196+0000] {logging_mixin.py:188} INFO - [2026-09-10T14:07:55.196+0000] {dag.py:3834} INFO - Setting next_dagrun for dataset_consumes_1_and_2 to None, run_after=None
[2026-09-10T14:07:55.198+0000] {logging_mixin.py:188} INFO - [2026-09-10T14:07:55.198+0000] {dag.py:3834} INFO - Setting next_dagrun for dataset_consumes_1_never_scheduled to None, run_after=None
[2026-09-10T14:07:55.200+0000] {logging_mixin.py:188} INFO - [2026-09-10T14:07:55.200+0000] {dag.py:3834} INFO - Setting next_dagrun for dataset_consumes_unknown_never_scheduled to None, run_after=None
[2026-09-10T14:07:55.205+0000] {logging_mixin.py:188} INFO - [2026-09-10T14:07:55.205+0000] {dag.py:3834} INFO - Setting next_dagrun for dataset_produces_1 to 2026-09-09 00:00:00+00:00, run_after=2026-09-10 00:00:00+00:00
[2026-09-10T14:07:55.208+0000] {logging_mixin.py:188} INFO - [2026-09-10T14:07:55.207+0000] {dag.py:3834} INFO - Setting next_dagrun for dataset_produces_2 to None, run_after=None
[2026-09-10T14:07:55.248+0000] {processor.py:183} INFO - Processing /home/airflow/.local/lib/python3.8/site-packages/airflow/example_dags/example_datasets.py took 0.221 seconds
[2026-09-10T14:08:26.047+0000] {processor.py:161} INFO - Started process (PID=3026) to work on /home/airflow/.local/lib/python3.8/site-packages/airflow/example_dags/example_datasets.py
[2026-09-10T14:08:26.049+0000] {processor.py:830} INFO - Processing file /home/airflow/.local/lib/python3.8/site-packages/airflow/example_dags/example_datasets.py for tasks to queue
[2026-09-10T14:08:26.053+0000] {logging_mixin.py:188} INFO - [2026-09-10T14:08:26.052+0000] {dagbag.py:540} INFO - Filling up the DagBag from /home/airflow/.local/lib/python3.8/site-packages/airflow/example_dags/example_datasets.py
[2026-09-10T14:08:26.070+0000] {processor.py:840} INFO - DAG(s) 'dataset_produces_2', 'dataset_consumes_1_and_2', 'dataset_consumes_1_never_scheduled', 'dataset_produces_1', 'dataset_consumes_unknown_never_scheduled', 'dataset_consumes_1' retrieved from /home/airflow/.local/lib/python3.8/site-packages/airflow/example_dags/example_datasets.py
[2026-09-10T14:08:26.179+0000] {logging_mixin.py:188} INFO - [2026-09-10T14:08:26.178+0000] {dag.py:3047} INFO - Sync 6 DAGs
[2026-09-10T14:08:26.234+0000] {logging_mixin.py:188} INFO - [2026-09-10T14:08:26.233+0000] {dag.py:3834} INFO - Setting next_dagrun for dataset_consumes_1 to None, run_after=None
[2026-09-10T14:08:26.239+0000] {logging_mixin.py:188} INFO - [2026-09-10T14:08:26.239+0000] {dag.py:3834} INFO - Setting next_dagrun for dataset_consumes_1_and_2 to None, run_after=None
[2026-09-10T14:08:26.243+0000] {logging_mixin.py:188} INFO - [2026-09-10T14:08:26.242+0000] {dag.py:3834} INFO - Setting next_dagrun for dataset_consumes_1_never_scheduled to None, run_after=None
[2026-09-10T14:08:26.246+0000] {logging_mixin.py:188} INFO - [2026-09-10T14:08:26.246+0000] {dag.py:3834} INFO - Setting next_dagrun for dataset_consumes_unknown_never_scheduled to None, run_after=None
[2026-09-10T14:08:26.252+0000] {logging_mixin.py:188} INFO - [2026-09-10T14:08:26.252+0000] {dag.py:3834} INFO - Setting next_dagrun for dataset_produces_1 to 2026-09-09 00:00:00+00:00, run_after=2026-09-10 00:00:00+00:00
[2026-09-10T14:08:26.257+0000] {logging_mixin.py:188} INFO - [2026-09-10T14:08:26.257+0000] {dag.py:3834} INFO - Setting next_dagrun for dataset_produces_2 to None, run_after=None
[2026-09-10T14:08:26.339+0000] {processor.py:183} INFO - Processing /home/airflow/.local/lib/python3.8/site-packages/airflow/example_dags/example_datasets.py took 0.297 seconds
[2026-09-10T14:08:58.765+0000] {processor.py:161} INFO - Started process (PID=3087) to work on /home/airflow/.local/lib/python3.8/site-packages/airflow/example_dags/example_datasets.py
[2026-09-10T14:08:58.768+0000] {processor.py:830} INFO - Processing file /home/airflow/.local/lib/python3.8/site-packages/airflow/example_dags/example_datasets.py for tasks to queue
[2026-09-10T14:08:58.912+0000] {logging_mixin.py:188} INFO - [2026-09-10T14:08:58.911+0000] {dagbag.py:540} INFO - Filling up the DagBag from /home/airflow/.local/lib/python3.8/site-packages/airflow/example_dags/example_datasets.py
[2026-09-10T14:08:59.009+0000] {processor.py:840} INFO - DAG(s) 'dataset_consumes_unknown_never_scheduled', 'dataset_consumes_1', 'dataset_consumes_1_never_scheduled', 'dataset_produces_1', 'dataset_produces_2', 'dataset_consumes_1_and_2' retrieved from /home/airflow/.local/lib/python3.8/site-packages/airflow/example_dags/example_datasets.py
[2026-09-10T14:08:59.138+0000] {logging_mixin.py:188} INFO - [2026-09-10T14:08:59.137+0000] {dag.py:3047} INFO - Sync 6 DAGs
[2026-09-10T14:08:59.202+0000] {logging_mixin.py:188} INFO - [2026-09-10T14:08:59.201+0000] {dag.py:3834} INFO - Setting next_dagrun for dataset_consumes_1 to None, run_after=None
[2026-09-10T14:08:59.212+0000] {logging_mixin.py:188} INFO - [2026-09-10T14:08:59.211+0000] {dag.py:3834} INFO - Setting next_dagrun for dataset_consumes_1_and_2 to None, run_after=None
[2026-09-10T14:08:59.218+0000] {logging_mixin.py:188} INFO - [2026-09-10T14:08:59.217+0000] {dag.py:3834} INFO - Setting next_dagrun for dataset_consumes_1_never_scheduled to None, run_after=None
[2026-09-10T14:08:59.230+0000] {logging_mixin.py:188} INFO - [2026-09-10T14:08:59.230+0000] {dag.py:3834} INFO - Setting next_dagrun for dataset_consumes_unknown_never_scheduled to None, run_after=None
[2026-09-10T14:08:59.254+0000] {logging_mixin.py:188} INFO - [2026-09-10T14:08:59.243+0000] {dag.py:3834} INFO - Setting next_dagrun for dataset_produces_1 to 2026-09-09 00:00:00+00:00, run_after=2026-09-10 00:00:00+00:00
[2026-09-10T14:08:59.281+0000] {logging_mixin.py:188} INFO - [2026-09-10T14:08:59.281+0000] {dag.py:3834} INFO - Setting next_dagrun for dataset_produces_2 to None, run_after=None
[2026-09-10T14:08:59.406+0000] {processor.py:183} INFO - Processing /home/airflow/.local/lib/python3.8/site-packages/airflow/example_dags/example_datasets.py took 0.688 seconds
[2026-09-10T14:09:30.175+0000] {processor.py:161} INFO - Started process (PID=3148) to work on /home/airflow/.local/lib/python3.8/site-packages/airflow/example_dags/example_datasets.py
[2026-09-10T14:09:30.176+0000] {processor.py:830} INFO - Processing file /home/airflow/.local/lib/python3.8/site-packages/airflow/example_dags/example_datasets.py for tasks to queue
[2026-09-10T14:09:30.179+0000] {logging_mixin.py:188} INFO - [2026-09-10T14:09:30.178+0000] {dagbag.py:540} INFO - Filling up the DagBag from /home/airflow/.local/lib/python3.8/site-packages/airflow/example_dags/example_datasets.py
[2026-09-10T14:09:30.193+0000] {processor.py:840} INFO - DAG(s) 'dataset_consumes_unknown_never_scheduled', 'dataset_consumes_1_never_scheduled', 'dataset_produces_1', 'dataset_consumes_1', 'dataset_consumes_1_and_2', 'dataset_produces_2' retrieved from /home/airflow/.local/lib/python3.8/site-packages/airflow/example_dags/example_datasets.py
[2026-09-10T14:09:30.239+0000] {logging_mixin.py:188} INFO - [2026-09-10T14:09:30.238+0000] {dag.py:3047} INFO - Sync 6 DAGs
[2026-09-10T14:09:30.267+0000] {logging_mixin.py:188} INFO - [2026-09-10T14:09:30.267+0000] {dag.py:3834} INFO - Setting next_dagrun for dataset_consumes_1 to None, run_after=None
[2026-09-10T14:09:30.273+0000] {logging_mixin.py:188} INFO - [2026-09-10T14:09:30.273+0000] {dag.py:3834} INFO - Setting next_dagrun for dataset_consumes_1_and_2 to None, run_after=None
[2026-09-10T14:09:30.276+0000] {logging_mixin.py:188} INFO - [2026-09-10T14:09:30.275+0000] {dag.py:3834} INFO - Setting next_dagrun for dataset_consumes_1_never_scheduled to None, run_after=None
[2026-09-10T14:09:30.279+0000] {logging_mixin.py:188} INFO - [2026-09-10T14:09:30.278+0000] {dag.py:3834} INFO - Setting next_dagrun for dataset_consumes_unknown_never_scheduled to None, run_after=None
[2026-09-10T14:09:30.285+0000] {logging_mixin.py:188} INFO - [2026-09-10T14:09:30.284+0000] {dag.py:3834} INFO - Setting next_dagrun for dataset_produces_1 to 2026-09-09 00:00:00+00:00, run_after=2026-09-10 00:00:00+00:00
[2026-09-10T14:09:30.287+0000] {logging_mixin.py:188} INFO - [2026-09-10T14:09:30.287+0000] {dag.py:3834} INFO - Setting next_dagrun for dataset_produces_2 to None, run_after=None
[2026-09-10T14:09:30.328+0000] {processor.py:183} INFO - Processing /home/airflow/.local/lib/python3.8/site-packages/airflow/example_dags/example_datasets.py took 0.157 seconds
[2026-09-10T14:10:00.606+0000] {processor.py:161} INFO - Started process (PID=3209) to work on /home/airflow/.local/lib/python3.8/site-packages/airflow/example_dags/example_datasets.py
[2026-09-10T14:10:00.609+0000] {processor.py:830} INFO - Processing file /home/airflow/.local/lib/python3.8/site-packages/airflow/example_dags/example_datasets.py for tasks to queue
[2026-09-10T14:10:00.615+0000] {logging_mixin.py:188} INFO - [2026-09-10T14:10:00.614+0000] {dagbag.py:540} INFO - Filling up the DagBag from /home/airflow/.local/lib/python3.8/site-packages/airflow/example_dags/example_datasets.py
[2026-09-10T14:10:00.637+0000] {processor.py:840} INFO - DAG(s) 'dataset_produces_1', 'dataset_consumes_1_never_scheduled', 'dataset_consumes_unknown_never_scheduled', 'dataset_produces_2', 'dataset_consumes_1_and_2', 'dataset_consumes_1' retrieved from /home/airflow/.local/lib/python3.8/site-packages/airflow/example_dags/example_datasets.py
[2026-09-10T14:10:00.694+0000] {logging_mixin.py:188} INFO - [2026-09-10T14:10:00.694+0000] {dag.py:3047} INFO - Sync 6 DAGs
[2026-09-10T14:10:00.727+0000] {logging_mixin.py:188} INFO - [2026-09-10T14:10:00.727+0000] {dag.py:3834} INFO - Setting next_dagrun for dataset_consumes_1 to None, run_after=None
[2026-09-10T14:10:00.736+0000] {logging_mixin.py:188} INFO - [2026-09-10T14:10:00.735+0000] {dag.py:3834} INFO - Setting next_dagrun for dataset_consumes_1_and_2 to None, run_after=None
[2026-09-10T14:10:00.738+0000] {logging_mixin.py:188} INFO - [2026-09-10T14:10:00.738+0000] {dag.py:3834} INFO - Setting next_dagrun for dataset_consumes_1_never_scheduled to None, run_after=None
[2026-09-10T14:10:00.741+0000] {logging_mixin.py:188} INFO - [2026-09-10T14:10:00.740+0000] {dag.py:3834} INFO - Setting next_dagrun for dataset_consumes_unknown_never_scheduled to None, run_after=None
[2026-09-10T14:10:00.745+0000] {logging_mixin.py:188} INFO - [2026-09-10T14:10:00.745+0000] {dag.py:3834} INFO - Setting next_dagrun for dataset_produces_1 to 2026-09-09 00:00:00+00:00, run_after=2026-09-10 00:00:00+00:00
[2026-09-10T14:10:00.750+0000] {logging_mixin.py:188} INFO - [2026-09-10T14:10:00.749+0000] {dag.py:3834} INFO - Setting next_dagrun for dataset_produces_2 to None, run_after=None
[2026-09-10T14:10:00.808+0000] {processor.py:183} INFO - Processing /home/airflow/.local/lib/python3.8/site-packages/airflow/example_dags/example_datasets.py took 0.208 seconds
[2026-09-10T14:10:31.533+0000] {processor.py:161} INFO - Started process (PID=3274) to work on /home/airflow/.local/lib/python3.8/site-packages/airflow/example_dags/example_datasets.py
[2026-09-10T14:10:31.535+0000] {processor.py:830} INFO - Processing file /home/airflow/.local/lib/python3.8/site-packages/airflow/example_dags/example_datasets.py for tasks to queue
[2026-09-10T14:10:31.539+0000] {logging_mixin.py:188} INFO - [2026-09-10T14:10:31.538+0000] {dagbag.py:540} INFO - Filling up the DagBag from /home/airflow/.local/lib/python3.8/site-packages/airflow/example_dags/example_datasets.py
[2026-09-10T14:10:31.551+0000] {processor.py:840} INFO - DAG(s) 'dataset_consumes_1', 'dataset_consumes_1_and_2', 'dataset_produces_1', 'dataset_consumes_unknown_never_scheduled', 'dataset_produces_2', 'dataset_consumes_1_never_scheduled' retrieved from /home/airflow/.local/lib/python3.8/site-packages/airflow/example_dags/example_datasets.py
[2026-09-10T14:10:31.594+0000] {logging_mixin.py:188} INFO - [2026-09-10T14:10:31.593+0000] {dag.py:3047} INFO - Sync 6 DAGs
[2026-09-10T14:10:31.620+0000] {logging_mixin.py:188} INFO - [2026-09-10T14:10:31.620+0000] {dag.py:3834} INFO - Setting next_dagrun for dataset_consumes_1 to None, run_after=None
[2026-09-10T14:10:31.625+0000] {logging_mixin.py:188} INFO - [2026-09-10T14:10:31.624+0000] {dag.py:3834} INFO - Setting next_dagrun for dataset_consumes_1_and_2 to None, run_after=None
[2026-09-10T14:10:31.628+0000] {logging_mixin.py:188} INFO - [2026-09-10T14:10:31.627+0000] {dag.py:3834} INFO - Setting next_dagrun for dataset_consumes_1_never_scheduled to None, run_after=None
[2026-09-10T14:10:31.630+0000] {logging_mixin.py:188} INFO - [2026-09-10T14:10:31.630+0000] {dag.py:3834} INFO - Setting next_dagrun for dataset_consumes_unknown_never_scheduled to None, run_after=None
[2026-09-10T14:10:31.634+0000] {logging_mixin.py:188} INFO - [2026-09-10T14:10:31.634+0000] {dag.py:3834} INFO - Setting next_dagrun for dataset_produces_1 to 2026-09-09 00:00:00+00:00, run_after=2026-09-10 00:00:00+00:00
[2026-09-10T14:10:31.636+0000] {logging_mixin.py:188} INFO - [2026-09-10T14:10:31.636+0000] {dag.py:3834} INFO - Setting next_dagrun for dataset_produces_2 to None, run_after=None
[2026-09-10T14:10:31.678+0000] {processor.py:183} INFO - Processing /home/airflow/.local/lib/python3.8/site-packages/airflow/example_dags/example_datasets.py took 0.149 seconds
[2026-09-10T14:11:02.201+0000] {processor.py:161} INFO - Started process (PID=3335) to work on /home/airflow/.local/lib/python3.8/site-packages/airflow/example_dags/example_datasets.py
[2026-09-10T14:11:02.203+0000] {processor.py:830} INFO - Processing file /home/airflow/.local/lib/python3.8/site-packages/airflow/example_dags/example_datasets.py for tasks to queue
[2026-09-10T14:11:02.206+0000] {logging_mixin.py:188} INFO - [2026-09-10T14:11:02.206+0000] {dagbag.py:540} INFO - Filling up the DagBag from /home/airflow/.local/lib/python3.8/site-packages/airflow/example_dags/example_datasets.py
[2026-09-10T14:11:02.220+0000] {processor.py:840} INFO - DAG(s) 'dataset_consumes_1', 'dataset_produces_1', 'dataset_consumes_unknown_never_scheduled', 'dataset_consumes_1_never_scheduled', 'dataset_consumes_1_and_2', 'dataset_produces_2' retrieved from /home/airflow/.local/lib/python3.8/site-packages/airflow/example_dags/example_datasets.py
[2026-09-10T14:11:02.271+0000] {logging_mixin.py:188} INFO - [2026-09-10T14:11:02.270+0000] {dag.py:3047} INFO - Sync 6 DAGs
[2026-09-10T14:11:02.304+0000] {logging_mixin.py:188} INFO - [2026-09-10T14:11:02.304+0000] {dag.py:3834} INFO - Setting next_dagrun for dataset_consumes_1 to None, run_after=None
[2026-09-10T14:11:02.310+0000] {logging_mixin.py:188} INFO - [2026-09-10T14:11:02.310+0000] {dag.py:3834} INFO - Setting next_dagrun for dataset_consumes_1_and_2 to None, run_after=None
[2026-09-10T14:11:02.313+0000] {logging_mixin.py:188} INFO - [2026-09-10T14:11:02.313+0000] {dag.py:3834} INFO - Setting next_dagrun for dataset_consumes_1_never_scheduled to None, run_after=None
[2026-09-10T14:11:02.316+0000] {logging_mixin.py:188} INFO - [2026-09-10T14:11:02.315+0000] {dag.py:3834} INFO - Setting next_dagrun for dataset_consumes_unknown_never_scheduled to None, run_after=None
[2026-09-10T14:11:02.320+0000] {logging_mixin.py:188} INFO - [2026-09-10T14:11:02.320+0000] {dag.py:3834} INFO - Setting next_dagrun for dataset_produces_1 to 2026-09-09 00:00:00+00:00, run_after=2026-09-10 00:00:00+00:00
[2026-09-10T14:11:02.323+0000] {logging_mixin.py:188} INFO - [2026-09-10T14:11:02.323+0000] {dag.py:3834} INFO - Setting next_dagrun for dataset_produces_2 to None, run_after=None
[2026-09-10T14:11:02.370+0000] {processor.py:183} INFO - Processing /home/airflow/.local/lib/python3.8/site-packages/airflow/example_dags/example_datasets.py took 0.174 seconds
[2026-09-10T14:11:32.775+0000] {processor.py:161} INFO - Started process (PID=3396) to work on /home/airflow/.local/lib/python3.8/site-packages/airflow/example_dags/example_datasets.py
[2026-09-10T14:11:32.777+0000] {processor.py:830} INFO - Processing file /home/airflow/.local/lib/python3.8/site-packages/airflow/example_dags/example_datasets.py for tasks to queue
[2026-09-10T14:11:32.780+0000] {logging_mixin.py:188} INFO - [2026-09-10T14:11:32.780+0000] {dagbag.py:540} INFO - Filling up the DagBag from /home/airflow/.local/lib/python3.8/site-packages/airflow/example_dags/example_datasets.py
[2026-09-10T14:11:32.796+0000] {processor.py:840} INFO - DAG(s) 'dataset_consumes_1_and_2', 'dataset_consumes_1_never_scheduled', 'dataset_produces_2', 'dataset_consumes_unknown_never_scheduled', 'dataset_produces_1', 'dataset_consumes_1' retrieved from /home/airflow/.local/lib/python3.8/site-packages/airflow/example_dags/example_datasets.py
[2026-09-10T14:11:32.847+0000] {logging_mixin.py:188} INFO - [2026-09-10T14:11:32.846+0000] {dag.py:3047} INFO - Sync 6 DAGs
[2026-09-10T14:11:32.874+0000] {logging_mixin.py:188} INFO - [2026-09-10T14:11:32.874+0000] {dag.py:3834} INFO - Setting next_dagrun for dataset_consumes_1 to None, run_after=None
[2026-09-10T14:11:32.879+0000] {logging_mixin.py:188} INFO - [2026-09-10T14:11:32.879+0000] {dag.py:3834} INFO - Setting next_dagrun for dataset_consumes_1_and_2 to None, run_after=None
[2026-09-10T14:11:32.881+0000] {logging_mixin.py:188} INFO - [2026-09-10T14:11:32.881+0000] {dag.py:3834} INFO - Setting next_dagrun for dataset_consumes_1_never_scheduled to None, run_after=None
[2026-09-10T14:11:32.883+0000] {logging_mixin.py:188} INFO - [2026-09-10T14:11:32.883+0000] {dag.py:3834} INFO - Setting next_dagrun for dataset_consumes_unknown_never_scheduled to None, run_after=None
[2026-09-10T14:11:32.887+0000] {logging_mixin.py:188} INFO - [2026-09-10T14:11:32.887+0000] {dag.py:3834} INFO - Setting next_dagrun for dataset_produces_1 to 2026-09-09 00:00:00+00:00, run_after=2026-09-10 00:00:00+00:00
[2026-09-10T14:11:32.890+0000] {logging_mixin.py:188} INFO - [2026-09-10T14:11:32.889+0000] {dag.py:3834} INFO - Setting next_dagrun for dataset_produces_2 to None, run_after=None
[2026-09-10T14:11:32.929+0000] {processor.py:183} INFO - Processing /home/airflow/.local/lib/python3.8/site-packages/airflow/example_dags/example_datasets.py took 0.163 seconds
[2026-09-10T14:12:19.391+0000] {processor.py:161} INFO - Started process (PID=124) to work on /home/airflow/.local/lib/python3.8/site-packages/airflow/example_dags/example_datasets.py
[2026-09-10T14:12:19.393+0000] {processor.py:830} INFO - Processing file /home/airflow/.local/lib/python3.8/site-packages/airflow/example_dags/example_datasets.py for tasks to queue
[2026-09-10T14:12:19.396+0000] {logging_mixin.py:188} INFO - [2026-09-10T14:12:19.395+0000] {dagbag.py:540} INFO - Filling up the DagBag from /home/airflow/.local/lib/python3.8/site-packages/airflow/example_dags/example_datasets.py
[2026-09-10T14:12:19.416+0000] {processor.py:840} INFO - DAG(s) 'dataset_produces_2', 'dataset_consumes_1', 'dataset_produces_1', 'dataset_consumes_1_and_2', 'dataset_consumes_unknown_never_scheduled', 'dataset_consumes_1_never_scheduled' retrieved from /home/airflow/.local/lib/python3.8/site-packages/airflow/example_dags/example_datasets.py
[2026-09-10T14:12:19.463+0000] {logging_mixin.py:188} INFO - [2026-09-10T14:12:19.463+0000] {dag.py:3047} INFO - Sync 6 DAGs
[2026-09-10T14:12:19.495+0000] {logging_mixin.py:188} INFO - [2026-09-10T14:12:19.495+0000] {dag.py:3834} INFO - Setting next_dagrun for dataset_consumes_1 to None, run_after=None
[2026-09-10T14:12:19.502+0000] {logging_mixin.py:188} INFO - [2026-09-10T14:12:19.502+0000] {dag.py:3834} INFO - Setting next_dagrun for dataset_consumes_1_and_2 to None, run_after=None
[2026-09-10T14:12:19.504+0000] {logging_mixin.py:188} INFO - [2026-09-10T14:12:19.503+0000] {dag.py:3834} INFO - Setting next_dagrun for dataset_consumes_1_never_scheduled to None, run_after=None
[2026-09-10T14:12:19.505+0000] {logging_mixin.py:188} INFO - [2026-09-10T14:12:19.505+0000] {dag.py:3834} INFO - Setting next_dagrun for dataset_consumes_unknown_never_scheduled to None, run_after=None
[2026-09-10T14:12:19.509+0000] {logging_mixin.py:188} INFO - [2026-09-10T14:12:19.508+0000] {dag.py:3834} INFO - Setting next_dagrun for dataset_produces_1 to 2026-09-09 00:00:00+00:00, run_after=2026-09-10 00:00:00+00:00
[2026-09-10T14:12:19.511+0000] {logging_mixin.py:188} INFO - [2026-09-10T14:12:19.510+0000] {dag.py:3834} INFO - Setting next_dagrun for dataset_produces_2 to None, run_after=None
[2026-09-10T14:12:19.543+0000] {processor.py:183} INFO - Processing /home/airflow/.local/lib/python3.8/site-packages/airflow/example_dags/example_datasets.py took 0.158 seconds
[2026-09-10T14:12:50.104+0000] {processor.py:161} INFO - Started process (PID=185) to work on /home/airflow/.local/lib/python3.8/site-packages/airflow/example_dags/example_datasets.py
[2026-09-10T14:12:50.118+0000] {processor.py:830} INFO - Processing file /home/airflow/.local/lib/python3.8/site-packages/airflow/example_dags/example_datasets.py for tasks to queue
[2026-09-10T14:12:50.125+0000] {logging_mixin.py:188} INFO - [2026-09-10T14:12:50.124+0000] {dagbag.py:540} INFO - Filling up the DagBag from /home/airflow/.local/lib/python3.8/site-packages/airflow/example_dags/example_datasets.py
[2026-09-10T14:12:50.167+0000] {processor.py:840} INFO - DAG(s) 'dataset_consumes_unknown_never_scheduled', 'dataset_consumes_1_and_2', 'dataset_produces_1', 'dataset_produces_2', 'dataset_consumes_1_never_scheduled', 'dataset_consumes_1' retrieved from /home/airflow/.local/lib/python3.8/site-packages/airflow/example_dags/example_datasets.py
[2026-09-10T14:12:50.320+0000] {logging_mixin.py:188} INFO - [2026-09-10T14:12:50.317+0000] {dag.py:3047} INFO - Sync 6 DAGs
[2026-09-10T14:12:50.408+0000] {logging_mixin.py:188} INFO - [2026-09-10T14:12:50.408+0000] {dag.py:3834} INFO - Setting next_dagrun for dataset_consumes_1 to None, run_after=None
[2026-09-10T14:12:50.418+0000] {logging_mixin.py:188} INFO - [2026-09-10T14:12:50.418+0000] {dag.py:3834} INFO - Setting next_dagrun for dataset_consumes_1_and_2 to None, run_after=None
[2026-09-10T14:12:50.422+0000] {logging_mixin.py:188} INFO - [2026-09-10T14:12:50.421+0000] {dag.py:3834} INFO - Setting next_dagrun for dataset_consumes_1_never_scheduled to None, run_after=None
[2026-09-10T14:12:50.426+0000] {logging_mixin.py:188} INFO - [2026-09-10T14:12:50.426+0000] {dag.py:3834} INFO - Setting next_dagrun for dataset_consumes_unknown_never_scheduled to None, run_after=None
[2026-09-10T14:12:50.433+0000] {logging_mixin.py:188} INFO - [2026-09-10T14:12:50.433+0000] {dag.py:3834} INFO - Setting next_dagrun for dataset_produces_1 to 2026-09-09 00:00:00+00:00, run_after=2026-09-10 00:00:00+00:00
[2026-09-10T14:12:50.437+0000] {logging_mixin.py:188} INFO - [2026-09-10T14:12:50.436+0000] {dag.py:3834} INFO - Setting next_dagrun for dataset_produces_2 to None, run_after=None
[2026-09-10T14:12:50.516+0000] {processor.py:183} INFO - Processing /home/airflow/.local/lib/python3.8/site-packages/airflow/example_dags/example_datasets.py took 0.417 seconds
[2026-09-10T14:13:20.860+0000] {processor.py:161} INFO - Started process (PID=254) to work on /home/airflow/.local/lib/python3.8/site-packages/airflow/example_dags/example_datasets.py
[2026-09-10T14:13:20.861+0000] {processor.py:830} INFO - Processing file /home/airflow/.local/lib/python3.8/site-packages/airflow/example_dags/example_datasets.py for tasks to queue
[2026-09-10T14:13:20.865+0000] {logging_mixin.py:188} INFO - [2026-09-10T14:13:20.865+0000] {dagbag.py:540} INFO - Filling up the DagBag from /home/airflow/.local/lib/python3.8/site-packages/airflow/example_dags/example_datasets.py
[2026-09-10T14:13:20.875+0000] {processor.py:840} INFO - DAG(s) 'dataset_consumes_1_and_2', 'dataset_consumes_1_never_scheduled', 'dataset_produces_2', 'dataset_consumes_unknown_never_scheduled', 'dataset_consumes_1', 'dataset_produces_1' retrieved from /home/airflow/.local/lib/python3.8/site-packages/airflow/example_dags/example_datasets.py
[2026-09-10T14:13:20.916+0000] {logging_mixin.py:188} INFO - [2026-09-10T14:13:20.916+0000] {dag.py:3047} INFO - Sync 6 DAGs
[2026-09-10T14:13:20.940+0000] {logging_mixin.py:188} INFO - [2026-09-10T14:13:20.940+0000] {dag.py:3834} INFO - Setting next_dagrun for dataset_consumes_1 to None, run_after=None
[2026-09-10T14:13:20.947+0000] {logging_mixin.py:188} INFO - [2026-09-10T14:13:20.947+0000] {dag.py:3834} INFO - Setting next_dagrun for dataset_consumes_1_and_2 to None, run_after=None
[2026-09-10T14:13:20.950+0000] {logging_mixin.py:188} INFO - [2026-09-10T14:13:20.949+0000] {dag.py:3834} INFO - Setting next_dagrun for dataset_consumes_1_never_scheduled to None, run_after=None
[2026-09-10T14:13:20.953+0000] {logging_mixin.py:188} INFO - [2026-09-10T14:13:20.953+0000] {dag.py:3834} INFO - Setting next_dagrun for dataset_consumes_unknown_never_scheduled to None, run_after=None
[2026-09-10T14:13:20.959+0000] {logging_mixin.py:188} INFO - [2026-09-10T14:13:20.959+0000] {dag.py:3834} INFO - Setting next_dagrun for dataset_produces_1 to 2026-09-09 00:00:00+00:00, run_after=2026-09-10 00:00:00+00:00
[2026-09-10T14:13:20.963+0000] {logging_mixin.py:188} INFO - [2026-09-10T14:13:20.962+0000] {dag.py:3834} INFO - Setting next_dagrun for dataset_produces_2 to None, run_after=None
[2026-09-10T14:13:21.023+0000] {processor.py:183} INFO - Processing /home/airflow/.local/lib/python3.8/site-packages/airflow/example_dags/example_datasets.py took 0.169 seconds
[2026-09-10T14:13:51.273+0000] {processor.py:161} INFO - Started process (PID=320) to work on /home/airflow/.local/lib/python3.8/site-packages/airflow/example_dags/example_datasets.py
[2026-09-10T14:13:51.276+0000] {processor.py:830} INFO - Processing file /home/airflow/.local/lib/python3.8/site-packages/airflow/example_dags/example_datasets.py for tasks to queue
[2026-09-10T14:13:51.279+0000] {logging_mixin.py:188} INFO - [2026-09-10T14:13:51.279+0000] {dagbag.py:540} INFO - Filling up the DagBag from /home/airflow/.local/lib/python3.8/site-packages/airflow/example_dags/example_datasets.py
[2026-09-10T14:13:51.296+0000] {processor.py:840} INFO - DAG(s) 'dataset_produces_1', 'dataset_consumes_1', 'dataset_produces_2', 'dataset_consumes_unknown_never_scheduled', 'dataset_consumes_1_never_scheduled', 'dataset_consumes_1_and_2' retrieved from /home/airflow/.local/lib/python3.8/site-packages/airflow/example_dags/example_datasets.py
[2026-09-10T14:13:51.346+0000] {logging_mixin.py:188} INFO - [2026-09-10T14:13:51.346+0000] {dag.py:3047} INFO - Sync 6 DAGs
[2026-09-10T14:13:51.376+0000] {logging_mixin.py:188} INFO - [2026-09-10T14:13:51.376+0000] {dag.py:3834} INFO - Setting next_dagrun for dataset_consumes_1 to None, run_after=None
[2026-09-10T14:13:51.383+0000] {logging_mixin.py:188} INFO - [2026-09-10T14:13:51.382+0000] {dag.py:3834} INFO - Setting next_dagrun for dataset_consumes_1_and_2 to None, run_after=None
[2026-09-10T14:13:51.385+0000] {logging_mixin.py:188} INFO - [2026-09-10T14:13:51.385+0000] {dag.py:3834} INFO - Setting next_dagrun for dataset_consumes_1_never_scheduled to None, run_after=None
[2026-09-10T14:13:51.388+0000] {logging_mixin.py:188} INFO - [2026-09-10T14:13:51.387+0000] {dag.py:3834} INFO - Setting next_dagrun for dataset_consumes_unknown_never_scheduled to None, run_after=None
[2026-09-10T14:13:51.393+0000] {logging_mixin.py:188} INFO - [2026-09-10T14:13:51.393+0000] {dag.py:3834} INFO - Setting next_dagrun for dataset_produces_1 to 2026-09-09 00:00:00+00:00, run_after=2026-09-10 00:00:00+00:00
[2026-09-10T14:13:51.395+0000] {logging_mixin.py:188} INFO - [2026-09-10T14:13:51.395+0000] {dag.py:3834} INFO - Setting next_dagrun for dataset_produces_2 to None, run_after=None
[2026-09-10T14:13:51.454+0000] {processor.py:183} INFO - Processing /home/airflow/.local/lib/python3.8/site-packages/airflow/example_dags/example_datasets.py took 0.185 seconds
[2026-09-10T14:14:21.912+0000] {processor.py:161} INFO - Started process (PID=381) to work on /home/airflow/.local/lib/python3.8/site-packages/airflow/example_dags/example_datasets.py
[2026-09-10T14:14:21.914+0000] {processor.py:830} INFO - Processing file /home/airflow/.local/lib/python3.8/site-packages/airflow/example_dags/example_datasets.py for tasks to queue
[2026-09-10T14:14:21.917+0000] {logging_mixin.py:188} INFO - [2026-09-10T14:14:21.916+0000] {dagbag.py:540} INFO - Filling up the DagBag from /home/airflow/.local/lib/python3.8/site-packages/airflow/example_dags/example_datasets.py
[2026-09-10T14:14:21.930+0000] {processor.py:840} INFO - DAG(s) 'dataset_consumes_1_and_2', 'dataset_consumes_1_never_scheduled', 'dataset_consumes_unknown_never_scheduled', 'dataset_produces_1', 'dataset_consumes_1', 'dataset_produces_2' retrieved from /home/airflow/.local/lib/python3.8/site-packages/airflow/example_dags/example_datasets.py
[2026-09-10T14:14:21.975+0000] {logging_mixin.py:188} INFO - [2026-09-10T14:14:21.974+0000] {dag.py:3047} INFO - Sync 6 DAGs
[2026-09-10T14:14:21.999+0000] {logging_mixin.py:188} INFO - [2026-09-10T14:14:21.999+0000] {dag.py:3834} INFO - Setting next_dagrun for dataset_consumes_1 to None, run_after=None
[2026-09-10T14:14:22.003+0000] {logging_mixin.py:188} INFO - [2026-09-10T14:14:22.003+0000] {dag.py:3834} INFO - Setting next_dagrun for dataset_consumes_1_and_2 to None, run_after=None
[2026-09-10T14:14:22.006+0000] {logging_mixin.py:188} INFO - [2026-09-10T14:14:22.005+0000] {dag.py:3834} INFO - Setting next_dagrun for dataset_consumes_1_never_scheduled to None, run_after=None
[2026-09-10T14:14:22.008+0000] {logging_mixin.py:188} INFO - [2026-09-10T14:14:22.007+0000] {dag.py:3834} INFO - Setting next_dagrun for dataset_consumes_unknown_never_scheduled to None, run_after=None
[2026-09-10T14:14:22.011+0000] {logging_mixin.py:188} INFO - [2026-09-10T14:14:22.011+0000] {dag.py:3834} INFO - Setting next_dagrun for dataset_produces_1 to 2026-09-09 00:00:00+00:00, run_after=2026-09-10 00:00:00+00:00
[2026-09-10T14:14:22.013+0000] {logging_mixin.py:188} INFO - [2026-09-10T14:14:22.013+0000] {dag.py:3834} INFO - Setting next_dagrun for dataset_produces_2 to None, run_after=None
[2026-09-10T14:14:22.046+0000] {processor.py:183} INFO - Processing /home/airflow/.local/lib/python3.8/site-packages/airflow/example_dags/example_datasets.py took 0.140 seconds
[2026-09-10T14:14:52.252+0000] {processor.py:161} INFO - Started process (PID=441) to work on /home/airflow/.local/lib/python3.8/site-packages/airflow/example_dags/example_datasets.py
[2026-09-10T14:14:52.254+0000] {processor.py:830} INFO - Processing file /home/airflow/.local/lib/python3.8/site-packages/airflow/example_dags/example_datasets.py for tasks to queue
[2026-09-10T14:14:52.257+0000] {logging_mixin.py:188} INFO - [2026-09-10T14:14:52.257+0000] {dagbag.py:540} INFO - Filling up the DagBag from /home/airflow/.local/lib/python3.8/site-packages/airflow/example_dags/example_datasets.py
[2026-09-10T14:14:52.275+0000] {processor.py:840} INFO - DAG(s) 'dataset_produces_1', 'dataset_consumes_1_never_scheduled', 'dataset_consumes_1_and_2', 'dataset_consumes_1', 'dataset_produces_2', 'dataset_consumes_unknown_never_scheduled' retrieved from /home/airflow/.local/lib/python3.8/site-packages/airflow/example_dags/example_datasets.py
[2026-09-10T14:14:52.324+0000] {logging_mixin.py:188} INFO - [2026-09-10T14:14:52.324+0000] {dag.py:3047} INFO - Sync 6 DAGs
[2026-09-10T14:14:52.355+0000] {logging_mixin.py:188} INFO - [2026-09-10T14:14:52.355+0000] {dag.py:3834} INFO - Setting next_dagrun for dataset_consumes_1 to None, run_after=None
[2026-09-10T14:14:52.360+0000] {logging_mixin.py:188} INFO - [2026-09-10T14:14:52.360+0000] {dag.py:3834} INFO - Setting next_dagrun for dataset_consumes_1_and_2 to None, run_after=None
[2026-09-10T14:14:52.362+0000] {logging_mixin.py:188} INFO - [2026-09-10T14:14:52.362+0000] {dag.py:3834} INFO - Setting next_dagrun for dataset_consumes_1_never_scheduled to None, run_after=None
[2026-09-10T14:14:52.365+0000] {logging_mixin.py:188} INFO - [2026-09-10T14:14:52.364+0000] {dag.py:3834} INFO - Setting next_dagrun for dataset_consumes_unknown_never_scheduled to None, run_after=None
[2026-09-10T14:14:52.370+0000] {logging_mixin.py:188} INFO - [2026-09-10T14:14:52.370+0000] {dag.py:3834} INFO - Setting next_dagrun for dataset_produces_1 to 2026-09-09 00:00:00+00:00, run_after=2026-09-10 00:00:00+00:00
[2026-09-10T14:14:52.373+0000] {logging_mixin.py:188} INFO - [2026-09-10T14:14:52.372+0000] {dag.py:3834} INFO - Setting next_dagrun for dataset_produces_2 to None, run_after=None
[2026-09-10T14:14:52.415+0000] {processor.py:183} INFO - Processing /home/airflow/.local/lib/python3.8/site-packages/airflow/example_dags/example_datasets.py took 0.169 seconds
[2026-09-10T14:15:23.602+0000] {processor.py:161} INFO - Started process (PID=502) to work on /home/airflow/.local/lib/python3.8/site-packages/airflow/example_dags/example_datasets.py
[2026-09-10T14:15:23.613+0000] {processor.py:830} INFO - Processing file /home/airflow/.local/lib/python3.8/site-packages/airflow/example_dags/example_datasets.py for tasks to queue
[2026-09-10T14:15:23.618+0000] {logging_mixin.py:188} INFO - [2026-09-10T14:15:23.618+0000] {dagbag.py:540} INFO - Filling up the DagBag from /home/airflow/.local/lib/python3.8/site-packages/airflow/example_dags/example_datasets.py
[2026-09-10T14:15:23.641+0000] {processor.py:840} INFO - DAG(s) 'dataset_consumes_unknown_never_scheduled', 'dataset_produces_1', 'dataset_consumes_1_and_2', 'dataset_consumes_1', 'dataset_produces_2', 'dataset_consumes_1_never_scheduled' retrieved from /home/airflow/.local/lib/python3.8/site-packages/airflow/example_dags/example_datasets.py
[2026-09-10T14:15:23.725+0000] {logging_mixin.py:188} INFO - [2026-09-10T14:15:23.725+0000] {dag.py:3047} INFO - Sync 6 DAGs
[2026-09-10T14:15:23.789+0000] {logging_mixin.py:188} INFO - [2026-09-10T14:15:23.789+0000] {dag.py:3834} INFO - Setting next_dagrun for dataset_consumes_1 to None, run_after=None
[2026-09-10T14:15:23.801+0000] {logging_mixin.py:188} INFO - [2026-09-10T14:15:23.801+0000] {dag.py:3834} INFO - Setting next_dagrun for dataset_consumes_1_and_2 to None, run_after=None
[2026-09-10T14:15:23.808+0000] {logging_mixin.py:188} INFO - [2026-09-10T14:15:23.807+0000] {dag.py:3834} INFO - Setting next_dagrun for dataset_consumes_1_never_scheduled to None, run_after=None
[2026-09-10T14:15:23.812+0000] {logging_mixin.py:188} INFO - [2026-09-10T14:15:23.812+0000] {dag.py:3834} INFO - Setting next_dagrun for dataset_consumes_unknown_never_scheduled to None, run_after=None
[2026-09-10T14:15:23.823+0000] {logging_mixin.py:188} INFO - [2026-09-10T14:15:23.823+0000] {dag.py:3834} INFO - Setting next_dagrun for dataset_produces_1 to 2026-09-09 00:00:00+00:00, run_after=2026-09-10 00:00:00+00:00
[2026-09-10T14:15:23.826+0000] {logging_mixin.py:188} INFO - [2026-09-10T14:15:23.825+0000] {dag.py:3834} INFO - Setting next_dagrun for dataset_produces_2 to None, run_after=None
[2026-09-10T14:15:23.915+0000] {processor.py:183} INFO - Processing /home/airflow/.local/lib/python3.8/site-packages/airflow/example_dags/example_datasets.py took 0.320 seconds
[2026-09-10T14:15:54.284+0000] {processor.py:161} INFO - Started process (PID=562) to work on /home/airflow/.local/lib/python3.8/site-packages/airflow/example_dags/example_datasets.py
[2026-09-10T14:15:54.286+0000] {processor.py:830} INFO - Processing file /home/airflow/.local/lib/python3.8/site-packages/airflow/example_dags/example_datasets.py for tasks to queue
[2026-09-10T14:15:54.289+0000] {logging_mixin.py:188} INFO - [2026-09-10T14:15:54.289+0000] {dagbag.py:540} INFO - Filling up the DagBag from /home/airflow/.local/lib/python3.8/site-packages/airflow/example_dags/example_datasets.py
[2026-09-10T14:15:54.300+0000] {processor.py:840} INFO - DAG(s) 'dataset_consumes_unknown_never_scheduled', 'dataset_consumes_1_never_scheduled', 'dataset_produces_2', 'dataset_produces_1', 'dataset_consumes_1_and_2', 'dataset_consumes_1' retrieved from /home/airflow/.local/lib/python3.8/site-packages/airflow/example_dags/example_datasets.py
[2026-09-10T14:15:54.350+0000] {logging_mixin.py:188} INFO - [2026-09-10T14:15:54.349+0000] {dag.py:3047} INFO - Sync 6 DAGs
[2026-09-10T14:15:54.377+0000] {logging_mixin.py:188} INFO - [2026-09-10T14:15:54.377+0000] {dag.py:3834} INFO - Setting next_dagrun for dataset_consumes_1 to None, run_after=None
[2026-09-10T14:15:54.385+0000] {logging_mixin.py:188} INFO - [2026-09-10T14:15:54.384+0000] {dag.py:3834} INFO - Setting next_dagrun for dataset_consumes_1_and_2 to None, run_after=None
[2026-09-10T14:15:54.388+0000] {logging_mixin.py:188} INFO - [2026-09-10T14:15:54.388+0000] {dag.py:3834} INFO - Setting next_dagrun for dataset_consumes_1_never_scheduled to None, run_after=None
[2026-09-10T14:15:54.390+0000] {logging_mixin.py:188} INFO - [2026-09-10T14:15:54.390+0000] {dag.py:3834} INFO - Setting next_dagrun for dataset_consumes_unknown_never_scheduled to None, run_after=None
[2026-09-10T14:15:54.394+0000] {logging_mixin.py:188} INFO - [2026-09-10T14:15:54.394+0000] {dag.py:3834} INFO - Setting next_dagrun for dataset_produces_1 to 2026-09-09 00:00:00+00:00, run_after=2026-09-10 00:00:00+00:00
[2026-09-10T14:15:54.396+0000] {logging_mixin.py:188} INFO - [2026-09-10T14:15:54.396+0000] {dag.py:3834} INFO - Setting next_dagrun for dataset_produces_2 to None, run_after=None
[2026-09-10T14:15:54.436+0000] {processor.py:183} INFO - Processing /home/airflow/.local/lib/python3.8/site-packages/airflow/example_dags/example_datasets.py took 0.157 seconds
[2026-09-10T14:16:24.784+0000] {processor.py:161} INFO - Started process (PID=623) to work on /home/airflow/.local/lib/python3.8/site-packages/airflow/example_dags/example_datasets.py
[2026-09-10T14:16:24.786+0000] {processor.py:830} INFO - Processing file /home/airflow/.local/lib/python3.8/site-packages/airflow/example_dags/example_datasets.py for tasks to queue
[2026-09-10T14:16:24.789+0000] {logging_mixin.py:188} INFO - [2026-09-10T14:16:24.789+0000] {dagbag.py:540} INFO - Filling up the DagBag from /home/airflow/.local/lib/python3.8/site-packages/airflow/example_dags/example_datasets.py
[2026-09-10T14:16:24.804+0000] {processor.py:840} INFO - DAG(s) 'dataset_consumes_1', 'dataset_produces_1', 'dataset_produces_2', 'dataset_consumes_1_and_2', 'dataset_consumes_1_never_scheduled', 'dataset_consumes_unknown_never_scheduled' retrieved from /home/airflow/.local/lib/python3.8/site-packages/airflow/example_dags/example_datasets.py
[2026-09-10T14:16:24.866+0000] {logging_mixin.py:188} INFO - [2026-09-10T14:16:24.865+0000] {dag.py:3047} INFO - Sync 6 DAGs
[2026-09-10T14:16:24.903+0000] {logging_mixin.py:188} INFO - [2026-09-10T14:16:24.902+0000] {dag.py:3834} INFO - Setting next_dagrun for dataset_consumes_1 to None, run_after=None
[2026-09-10T14:16:24.909+0000] {logging_mixin.py:188} INFO - [2026-09-10T14:16:24.909+0000] {dag.py:3834} INFO - Setting next_dagrun for dataset_consumes_1_and_2 to None, run_after=None
[2026-09-10T14:16:24.911+0000] {logging_mixin.py:188} INFO - [2026-09-10T14:16:24.911+0000] {dag.py:3834} INFO - Setting next_dagrun for dataset_consumes_1_never_scheduled to None, run_after=None
[2026-09-10T14:16:24.914+0000] {logging_mixin.py:188} INFO - [2026-09-10T14:16:24.913+0000] {dag.py:3834} INFO - Setting next_dagrun for dataset_consumes_unknown_never_scheduled to None, run_after=None
[2026-09-10T14:16:24.917+0000] {logging_mixin.py:188} INFO - [2026-09-10T14:16:24.917+0000] {dag.py:3834} INFO - Setting next_dagrun for dataset_produces_1 to 2026-09-09 00:00:00+00:00, run_after=2026-09-10 00:00:00+00:00
[2026-09-10T14:16:24.920+0000] {logging_mixin.py:188} INFO - [2026-09-10T14:16:24.919+0000] {dag.py:3834} INFO - Setting next_dagrun for dataset_produces_2 to None, run_after=None
[2026-09-10T14:16:24.954+0000] {processor.py:183} INFO - Processing /home/airflow/.local/lib/python3.8/site-packages/airflow/example_dags/example_datasets.py took 0.173 seconds
[2026-09-10T14:16:55.966+0000] {processor.py:161} INFO - Started process (PID=685) to work on /home/airflow/.local/lib/python3.8/site-packages/airflow/example_dags/example_datasets.py
[2026-09-10T14:16:55.968+0000] {processor.py:830} INFO - Processing file /home/airflow/.local/lib/python3.8/site-packages/airflow/example_dags/example_datasets.py for tasks to queue
[2026-09-10T14:16:55.971+0000] {logging_mixin.py:188} INFO - [2026-09-10T14:16:55.970+0000] {dagbag.py:540} INFO - Filling up the DagBag from /home/airflow/.local/lib/python3.8/site-packages/airflow/example_dags/example_datasets.py
[2026-09-10T14:16:55.982+0000] {processor.py:840} INFO - DAG(s) 'dataset_consumes_1', 'dataset_consumes_1_and_2', 'dataset_consumes_unknown_never_scheduled', 'dataset_produces_1', 'dataset_produces_2', 'dataset_consumes_1_never_scheduled' retrieved from /home/airflow/.local/lib/python3.8/site-packages/airflow/example_dags/example_datasets.py
[2026-09-10T14:16:56.026+0000] {logging_mixin.py:188} INFO - [2026-09-10T14:16:56.026+0000] {dag.py:3047} INFO - Sync 6 DAGs
[2026-09-10T14:16:56.054+0000] {logging_mixin.py:188} INFO - [2026-09-10T14:16:56.054+0000] {dag.py:3834} INFO - Setting next_dagrun for dataset_consumes_1 to None, run_after=None
[2026-09-10T14:16:56.060+0000] {logging_mixin.py:188} INFO - [2026-09-10T14:16:56.059+0000] {dag.py:3834} INFO - Setting next_dagrun for dataset_consumes_1_and_2 to None, run_after=None
[2026-09-10T14:16:56.062+0000] {logging_mixin.py:188} INFO - [2026-09-10T14:16:56.062+0000] {dag.py:3834} INFO - Setting next_dagrun for dataset_consumes_1_never_scheduled to None, run_after=None
[2026-09-10T14:16:56.065+0000] {logging_mixin.py:188} INFO - [2026-09-10T14:16:56.065+0000] {dag.py:3834} INFO - Setting next_dagrun for dataset_consumes_unknown_never_scheduled to None, run_after=None
[2026-09-10T14:16:56.069+0000] {logging_mixin.py:188} INFO - [2026-09-10T14:16:56.069+0000] {dag.py:3834} INFO - Setting next_dagrun for dataset_produces_1 to 2026-09-09 00:00:00+00:00, run_after=2026-09-10 00:00:00+00:00
[2026-09-10T14:16:56.072+0000] {logging_mixin.py:188} INFO - [2026-09-10T14:16:56.072+0000] {dag.py:3834} INFO - Setting next_dagrun for dataset_produces_2 to None, run_after=None
[2026-09-10T14:16:56.111+0000] {processor.py:183} INFO - Processing /home/airflow/.local/lib/python3.8/site-packages/airflow/example_dags/example_datasets.py took 0.149 seconds
[2026-09-10T14:17:26.227+0000] {processor.py:161} INFO - Started process (PID=746) to work on /home/airflow/.local/lib/python3.8/site-packages/airflow/example_dags/example_datasets.py
[2026-09-10T14:17:26.229+0000] {processor.py:830} INFO - Processing file /home/airflow/.local/lib/python3.8/site-packages/airflow/example_dags/example_datasets.py for tasks to queue
[2026-09-10T14:17:26.232+0000] {logging_mixin.py:188} INFO - [2026-09-10T14:17:26.232+0000] {dagbag.py:540} INFO - Filling up the DagBag from /home/airflow/.local/lib/python3.8/site-packages/airflow/example_dags/example_datasets.py
[2026-09-10T14:17:26.245+0000] {processor.py:840} INFO - DAG(s) 'dataset_consumes_1_never_scheduled', 'dataset_consumes_1', 'dataset_consumes_1_and_2', 'dataset_produces_1', 'dataset_produces_2', 'dataset_consumes_unknown_never_scheduled' retrieved from /home/airflow/.local/lib/python3.8/site-packages/airflow/example_dags/example_datasets.py
[2026-09-10T14:17:26.287+0000] {logging_mixin.py:188} INFO - [2026-09-10T14:17:26.286+0000] {dag.py:3047} INFO - Sync 6 DAGs
[2026-09-10T14:17:26.313+0000] {logging_mixin.py:188} INFO - [2026-09-10T14:17:26.313+0000] {dag.py:3834} INFO - Setting next_dagrun for dataset_consumes_1 to None, run_after=None
[2026-09-10T14:17:26.319+0000] {logging_mixin.py:188} INFO - [2026-09-10T14:17:26.319+0000] {dag.py:3834} INFO - Setting next_dagrun for dataset_consumes_1_and_2 to None, run_after=None
[2026-09-10T14:17:26.321+0000] {logging_mixin.py:188} INFO - [2026-09-10T14:17:26.321+0000] {dag.py:3834} INFO - Setting next_dagrun for dataset_consumes_1_never_scheduled to None, run_after=None
[2026-09-10T14:17:26.324+0000] {logging_mixin.py:188} INFO - [2026-09-10T14:17:26.323+0000] {dag.py:3834} INFO - Setting next_dagrun for dataset_consumes_unknown_never_scheduled to None, run_after=None
[2026-09-10T14:17:26.328+0000] {logging_mixin.py:188} INFO - [2026-09-10T14:17:26.327+0000] {dag.py:3834} INFO - Setting next_dagrun for dataset_produces_1 to 2026-09-09 00:00:00+00:00, run_after=2026-09-10 00:00:00+00:00
[2026-09-10T14:17:26.330+0000] {logging_mixin.py:188} INFO - [2026-09-10T14:17:26.330+0000] {dag.py:3834} INFO - Setting next_dagrun for dataset_produces_2 to None, run_after=None
[2026-09-10T14:17:26.367+0000] {processor.py:183} INFO - Processing /home/airflow/.local/lib/python3.8/site-packages/airflow/example_dags/example_datasets.py took 0.143 seconds
[2026-09-10T14:17:58.650+0000] {processor.py:161} INFO - Started process (PID=807) to work on /home/airflow/.local/lib/python3.8/site-packages/airflow/example_dags/example_datasets.py
[2026-09-10T14:17:58.652+0000] {processor.py:830} INFO - Processing file /home/airflow/.local/lib/python3.8/site-packages/airflow/example_dags/example_datasets.py for tasks to queue
[2026-09-10T14:17:58.654+0000] {logging_mixin.py:188} INFO - [2026-09-10T14:17:58.654+0000] {dagbag.py:540} INFO - Filling up the DagBag from /home/airflow/.local/lib/python3.8/site-packages/airflow/example_dags/example_datasets.py
[2026-09-10T14:17:58.667+0000] {processor.py:840} INFO - DAG(s) 'dataset_consumes_1_never_scheduled', 'dataset_produces_1', 'dataset_consumes_unknown_never_scheduled', 'dataset_produces_2', 'dataset_consumes_1', 'dataset_consumes_1_and_2' retrieved from /home/airflow/.local/lib/python3.8/site-packages/airflow/example_dags/example_datasets.py
[2026-09-10T14:17:58.713+0000] {logging_mixin.py:188} INFO - [2026-09-10T14:17:58.713+0000] {dag.py:3047} INFO - Sync 6 DAGs
[2026-09-10T14:17:58.742+0000] {logging_mixin.py:188} INFO - [2026-09-10T14:17:58.742+0000] {dag.py:3834} INFO - Setting next_dagrun for dataset_consumes_1 to None, run_after=None
[2026-09-10T14:17:58.751+0000] {logging_mixin.py:188} INFO - [2026-09-10T14:17:58.750+0000] {dag.py:3834} INFO - Setting next_dagrun for dataset_consumes_1_and_2 to None, run_after=None
[2026-09-10T14:17:58.753+0000] {logging_mixin.py:188} INFO - [2026-09-10T14:17:58.753+0000] {dag.py:3834} INFO - Setting next_dagrun for dataset_consumes_1_never_scheduled to None, run_after=None
[2026-09-10T14:17:58.756+0000] {logging_mixin.py:188} INFO - [2026-09-10T14:17:58.756+0000] {dag.py:3834} INFO - Setting next_dagrun for dataset_consumes_unknown_never_scheduled to None, run_after=None
[2026-09-10T14:17:58.761+0000] {logging_mixin.py:188} INFO - [2026-09-10T14:17:58.761+0000] {dag.py:3834} INFO - Setting next_dagrun for dataset_produces_1 to 2026-09-09 00:00:00+00:00, run_after=2026-09-10 00:00:00+00:00
[2026-09-10T14:17:58.765+0000] {logging_mixin.py:188} INFO - [2026-09-10T14:17:58.764+0000] {dag.py:3834} INFO - Setting next_dagrun for dataset_produces_2 to None, run_after=None
[2026-09-10T14:17:58.816+0000] {processor.py:183} INFO - Processing /home/airflow/.local/lib/python3.8/site-packages/airflow/example_dags/example_datasets.py took 0.171 seconds
[2026-09-10T14:18:29.390+0000] {processor.py:161} INFO - Started process (PID=868) to work on /home/airflow/.local/lib/python3.8/site-packages/airflow/example_dags/example_datasets.py
[2026-09-10T14:18:29.392+0000] {processor.py:830} INFO - Processing file /home/airflow/.local/lib/python3.8/site-packages/airflow/example_dags/example_datasets.py for tasks to queue
[2026-09-10T14:18:29.394+0000] {logging_mixin.py:188} INFO - [2026-09-10T14:18:29.394+0000] {dagbag.py:540} INFO - Filling up the DagBag from /home/airflow/.local/lib/python3.8/site-packages/airflow/example_dags/example_datasets.py
[2026-09-10T14:18:29.405+0000] {processor.py:840} INFO - DAG(s) 'dataset_produces_2', 'dataset_consumes_1_and_2', 'dataset_consumes_unknown_never_scheduled', 'dataset_produces_1', 'dataset_consumes_1', 'dataset_consumes_1_never_scheduled' retrieved from /home/airflow/.local/lib/python3.8/site-packages/airflow/example_dags/example_datasets.py
[2026-09-10T14:18:29.454+0000] {logging_mixin.py:188} INFO - [2026-09-10T14:18:29.453+0000] {dag.py:3047} INFO - Sync 6 DAGs
[2026-09-10T14:18:29.482+0000] {logging_mixin.py:188} INFO - [2026-09-10T14:18:29.482+0000] {dag.py:3834} INFO - Setting next_dagrun for dataset_consumes_1 to None, run_after=None
[2026-09-10T14:18:29.489+0000] {logging_mixin.py:188} INFO - [2026-09-10T14:18:29.489+0000] {dag.py:3834} INFO - Setting next_dagrun for dataset_consumes_1_and_2 to None, run_after=None
[2026-09-10T14:18:29.493+0000] {logging_mixin.py:188} INFO - [2026-09-10T14:18:29.493+0000] {dag.py:3834} INFO - Setting next_dagrun for dataset_consumes_1_never_scheduled to None, run_after=None
[2026-09-10T14:18:29.495+0000] {logging_mixin.py:188} INFO - [2026-09-10T14:18:29.495+0000] {dag.py:3834} INFO - Setting next_dagrun for dataset_consumes_unknown_never_scheduled to None, run_after=None
[2026-09-10T14:18:29.498+0000] {logging_mixin.py:188} INFO - [2026-09-10T14:18:29.498+0000] {dag.py:3834} INFO - Setting next_dagrun for dataset_produces_1 to 2026-09-09 00:00:00+00:00, run_after=2026-09-10 00:00:00+00:00
[2026-09-10T14:18:29.501+0000] {logging_mixin.py:188} INFO - [2026-09-10T14:18:29.501+0000] {dag.py:3834} INFO - Setting next_dagrun for dataset_produces_2 to None, run_after=None
[2026-09-10T14:18:29.537+0000] {processor.py:183} INFO - Processing /home/airflow/.local/lib/python3.8/site-packages/airflow/example_dags/example_datasets.py took 0.151 seconds
[2026-09-10T14:19:00.932+0000] {processor.py:161} INFO - Started process (PID=929) to work on /home/airflow/.local/lib/python3.8/site-packages/airflow/example_dags/example_datasets.py
[2026-09-10T14:19:00.935+0000] {processor.py:830} INFO - Processing file /home/airflow/.local/lib/python3.8/site-packages/airflow/example_dags/example_datasets.py for tasks to queue
[2026-09-10T14:19:00.940+0000] {logging_mixin.py:188} INFO - [2026-09-10T14:19:00.940+0000] {dagbag.py:540} INFO - Filling up the DagBag from /home/airflow/.local/lib/python3.8/site-packages/airflow/example_dags/example_datasets.py
[2026-09-10T14:19:00.963+0000] {processor.py:840} INFO - DAG(s) 'dataset_consumes_1', 'dataset_produces_1', 'dataset_produces_2', 'dataset_consumes_unknown_never_scheduled', 'dataset_consumes_1_and_2', 'dataset_consumes_1_never_scheduled' retrieved from /home/airflow/.local/lib/python3.8/site-packages/airflow/example_dags/example_datasets.py
[2026-09-10T14:19:01.064+0000] {logging_mixin.py:188} INFO - [2026-09-10T14:19:01.063+0000] {dag.py:3047} INFO - Sync 6 DAGs
[2026-09-10T14:19:01.105+0000] {logging_mixin.py:188} INFO - [2026-09-10T14:19:01.104+0000] {dag.py:3834} INFO - Setting next_dagrun for dataset_consumes_1 to None, run_after=None
[2026-09-10T14:19:01.112+0000] {logging_mixin.py:188} INFO - [2026-09-10T14:19:01.111+0000] {dag.py:3834} INFO - Setting next_dagrun for dataset_consumes_1_and_2 to None, run_after=None
[2026-09-10T14:19:01.114+0000] {logging_mixin.py:188} INFO - [2026-09-10T14:19:01.114+0000] {dag.py:3834} INFO - Setting next_dagrun for dataset_consumes_1_never_scheduled to None, run_after=None
[2026-09-10T14:19:01.116+0000] {logging_mixin.py:188} INFO - [2026-09-10T14:19:01.116+0000] {dag.py:3834} INFO - Setting next_dagrun for dataset_consumes_unknown_never_scheduled to None, run_after=None
[2026-09-10T14:19:01.120+0000] {logging_mixin.py:188} INFO - [2026-09-10T14:19:01.120+0000] {dag.py:3834} INFO - Setting next_dagrun for dataset_produces_1 to 2026-09-09 00:00:00+00:00, run_after=2026-09-10 00:00:00+00:00
[2026-09-10T14:19:01.123+0000] {logging_mixin.py:188} INFO - [2026-09-10T14:19:01.123+0000] {dag.py:3834} INFO - Setting next_dagrun for dataset_produces_2 to None, run_after=None
[2026-09-10T14:19:01.158+0000] {processor.py:183} INFO - Processing /home/airflow/.local/lib/python3.8/site-packages/airflow/example_dags/example_datasets.py took 0.233 seconds
[2026-09-10T14:19:34.170+0000] {processor.py:161} INFO - Started process (PID=994) to work on /home/airflow/.local/lib/python3.8/site-packages/airflow/example_dags/example_datasets.py
[2026-09-10T14:19:34.179+0000] {processor.py:830} INFO - Processing file /home/airflow/.local/lib/python3.8/site-packages/airflow/example_dags/example_datasets.py for tasks to queue
[2026-09-10T14:19:34.183+0000] {logging_mixin.py:188} INFO - [2026-09-10T14:19:34.182+0000] {dagbag.py:540} INFO - Filling up the DagBag from /home/airflow/.local/lib/python3.8/site-packages/airflow/example_dags/example_datasets.py
[2026-09-10T14:19:34.213+0000] {processor.py:840} INFO - DAG(s) 'dataset_produces_2', 'dataset_consumes_1_and_2', 'dataset_consumes_1', 'dataset_produces_1', 'dataset_consumes_1_never_scheduled', 'dataset_consumes_unknown_never_scheduled' retrieved from /home/airflow/.local/lib/python3.8/site-packages/airflow/example_dags/example_datasets.py
[2026-09-10T14:19:34.344+0000] {logging_mixin.py:188} INFO - [2026-09-10T14:19:34.344+0000] {dag.py:3047} INFO - Sync 6 DAGs
[2026-09-10T14:19:34.430+0000] {logging_mixin.py:188} INFO - [2026-09-10T14:19:34.429+0000] {dag.py:3834} INFO - Setting next_dagrun for dataset_consumes_1 to None, run_after=None
[2026-09-10T14:19:34.444+0000] {logging_mixin.py:188} INFO - [2026-09-10T14:19:34.443+0000] {dag.py:3834} INFO - Setting next_dagrun for dataset_consumes_1_and_2 to None, run_after=None
[2026-09-10T14:19:34.448+0000] {logging_mixin.py:188} INFO - [2026-09-10T14:19:34.447+0000] {dag.py:3834} INFO - Setting next_dagrun for dataset_consumes_1_never_scheduled to None, run_after=None
[2026-09-10T14:19:34.451+0000] {logging_mixin.py:188} INFO - [2026-09-10T14:19:34.451+0000] {dag.py:3834} INFO - Setting next_dagrun for dataset_consumes_unknown_never_scheduled to None, run_after=None
[2026-09-10T14:19:34.462+0000] {logging_mixin.py:188} INFO - [2026-09-10T14:19:34.462+0000] {dag.py:3834} INFO - Setting next_dagrun for dataset_produces_1 to 2026-09-09 00:00:00+00:00, run_after=2026-09-10 00:00:00+00:00
[2026-09-10T14:19:34.466+0000] {logging_mixin.py:188} INFO - [2026-09-10T14:19:34.465+0000] {dag.py:3834} INFO - Setting next_dagrun for dataset_produces_2 to None, run_after=None
[2026-09-10T14:19:34.571+0000] {processor.py:183} INFO - Processing /home/airflow/.local/lib/python3.8/site-packages/airflow/example_dags/example_datasets.py took 0.410 seconds
[2026-09-10T14:20:05.243+0000] {processor.py:161} INFO - Started process (PID=1055) to work on /home/airflow/.local/lib/python3.8/site-packages/airflow/example_dags/example_datasets.py
[2026-09-10T14:20:05.246+0000] {processor.py:830} INFO - Processing file /home/airflow/.local/lib/python3.8/site-packages/airflow/example_dags/example_datasets.py for tasks to queue
[2026-09-10T14:20:05.250+0000] {logging_mixin.py:188} INFO - [2026-09-10T14:20:05.249+0000] {dagbag.py:540} INFO - Filling up the DagBag from /home/airflow/.local/lib/python3.8/site-packages/airflow/example_dags/example_datasets.py
[2026-09-10T14:20:05.274+0000] {processor.py:840} INFO - DAG(s) 'dataset_produces_1', 'dataset_consumes_1_never_scheduled', 'dataset_consumes_1', 'dataset_consumes_1_and_2', 'dataset_produces_2', 'dataset_consumes_unknown_never_scheduled' retrieved from /home/airflow/.local/lib/python3.8/site-packages/airflow/example_dags/example_datasets.py
[2026-09-10T14:20:05.439+0000] {logging_mixin.py:188} INFO - [2026-09-10T14:20:05.439+0000] {dag.py:3047} INFO - Sync 6 DAGs
[2026-09-10T14:20:05.496+0000] {logging_mixin.py:188} INFO - [2026-09-10T14:20:05.496+0000] {dag.py:3834} INFO - Setting next_dagrun for dataset_consumes_1 to None, run_after=None
[2026-09-10T14:20:05.516+0000] {logging_mixin.py:188} INFO - [2026-09-10T14:20:05.515+0000] {dag.py:3834} INFO - Setting next_dagrun for dataset_consumes_1_and_2 to None, run_after=None
[2026-09-10T14:20:05.530+0000] {logging_mixin.py:188} INFO - [2026-09-10T14:20:05.530+0000] {dag.py:3834} INFO - Setting next_dagrun for dataset_consumes_1_never_scheduled to None, run_after=None
[2026-09-10T14:20:05.546+0000] {logging_mixin.py:188} INFO - [2026-09-10T14:20:05.545+0000] {dag.py:3834} INFO - Setting next_dagrun for dataset_consumes_unknown_never_scheduled to None, run_after=None
[2026-09-10T14:20:05.561+0000] {logging_mixin.py:188} INFO - [2026-09-10T14:20:05.560+0000] {dag.py:3834} INFO - Setting next_dagrun for dataset_produces_1 to 2026-09-09 00:00:00+00:00, run_after=2026-09-10 00:00:00+00:00
[2026-09-10T14:20:05.564+0000] {logging_mixin.py:188} INFO - [2026-09-10T14:20:05.564+0000] {dag.py:3834} INFO - Setting next_dagrun for dataset_produces_2 to None, run_after=None
[2026-09-10T14:20:05.635+0000] {processor.py:183} INFO - Processing /home/airflow/.local/lib/python3.8/site-packages/airflow/example_dags/example_datasets.py took 0.399 seconds
[2026-09-10T14:20:36.077+0000] {processor.py:161} INFO - Started process (PID=1116) to work on /home/airflow/.local/lib/python3.8/site-packages/airflow/example_dags/example_datasets.py
[2026-09-10T14:20:36.079+0000] {processor.py:830} INFO - Processing file /home/airflow/.local/lib/python3.8/site-packages/airflow/example_dags/example_datasets.py for tasks to queue
[2026-09-10T14:20:36.082+0000] {logging_mixin.py:188} INFO - [2026-09-10T14:20:36.082+0000] {dagbag.py:540} INFO - Filling up the DagBag from /home/airflow/.local/lib/python3.8/site-packages/airflow/example_dags/example_datasets.py
[2026-09-10T14:20:36.094+0000] {processor.py:840} INFO - DAG(s) 'dataset_consumes_1_and_2', 'dataset_consumes_1_never_scheduled', 'dataset_produces_2', 'dataset_produces_1', 'dataset_consumes_unknown_never_scheduled', 'dataset_consumes_1' retrieved from /home/airflow/.local/lib/python3.8/site-packages/airflow/example_dags/example_datasets.py
[2026-09-10T14:20:36.137+0000] {logging_mixin.py:188} INFO - [2026-09-10T14:20:36.136+0000] {dag.py:3047} INFO - Sync 6 DAGs
[2026-09-10T14:20:36.162+0000] {logging_mixin.py:188} INFO - [2026-09-10T14:20:36.162+0000] {dag.py:3834} INFO - Setting next_dagrun for dataset_consumes_1 to None, run_after=None
[2026-09-10T14:20:36.167+0000] {logging_mixin.py:188} INFO - [2026-09-10T14:20:36.166+0000] {dag.py:3834} INFO - Setting next_dagrun for dataset_consumes_1_and_2 to None, run_after=None
[2026-09-10T14:20:36.169+0000] {logging_mixin.py:188} INFO - [2026-09-10T14:20:36.169+0000] {dag.py:3834} INFO - Setting next_dagrun for dataset_consumes_1_never_scheduled to None, run_after=None
[2026-09-10T14:20:36.172+0000] {logging_mixin.py:188} INFO - [2026-09-10T14:20:36.171+0000] {dag.py:3834} INFO - Setting next_dagrun for dataset_consumes_unknown_never_scheduled to None, run_after=None
[2026-09-10T14:20:36.176+0000] {logging_mixin.py:188} INFO - [2026-09-10T14:20:36.175+0000] {dag.py:3834} INFO - Setting next_dagrun for dataset_produces_1 to 2026-09-09 00:00:00+00:00, run_after=2026-09-10 00:00:00+00:00
[2026-09-10T14:20:36.178+0000] {logging_mixin.py:188} INFO - [2026-09-10T14:20:36.178+0000] {dag.py:3834} INFO - Setting next_dagrun for dataset_produces_2 to None, run_after=None
[2026-09-10T14:20:36.220+0000] {processor.py:183} INFO - Processing /home/airflow/.local/lib/python3.8/site-packages/airflow/example_dags/example_datasets.py took 0.149 seconds
[2026-09-10T14:21:06.271+0000] {processor.py:161} INFO - Started process (PID=1177) to work on /home/airflow/.local/lib/python3.8/site-packages/airflow/example_dags/example_datasets.py
[2026-09-10T14:21:06.274+0000] {processor.py:830} INFO - Processing file /home/airflow/.local/lib/python3.8/site-packages/airflow/example_dags/example_datasets.py for tasks to queue
[2026-09-10T14:21:06.278+0000] {logging_mixin.py:188} INFO - [2026-09-10T14:21:06.277+0000] {dagbag.py:540} INFO - Filling up the DagBag from /home/airflow/.local/lib/python3.8/site-packages/airflow/example_dags/example_datasets.py
[2026-09-10T14:21:06.290+0000] {processor.py:840} INFO - DAG(s) 'dataset_consumes_1', 'dataset_consumes_1_never_scheduled', 'dataset_consumes_1_and_2', 'dataset_produces_1', 'dataset_consumes_unknown_never_scheduled', 'dataset_produces_2' retrieved from /home/airflow/.local/lib/python3.8/site-packages/airflow/example_dags/example_datasets.py
[2026-09-10T14:21:06.332+0000] {logging_mixin.py:188} INFO - [2026-09-10T14:21:06.331+0000] {dag.py:3047} INFO - Sync 6 DAGs
[2026-09-10T14:21:06.359+0000] {logging_mixin.py:188} INFO - [2026-09-10T14:21:06.359+0000] {dag.py:3834} INFO - Setting next_dagrun for dataset_consumes_1 to None, run_after=None
[2026-09-10T14:21:06.365+0000] {logging_mixin.py:188} INFO - [2026-09-10T14:21:06.364+0000] {dag.py:3834} INFO - Setting next_dagrun for dataset_consumes_1_and_2 to None, run_after=None
[2026-09-10T14:21:06.368+0000] {logging_mixin.py:188} INFO - [2026-09-10T14:21:06.367+0000] {dag.py:3834} INFO - Setting next_dagrun for dataset_consumes_1_never_scheduled to None, run_after=None
[2026-09-10T14:21:06.370+0000] {logging_mixin.py:188} INFO - [2026-09-10T14:21:06.370+0000] {dag.py:3834} INFO - Setting next_dagrun for dataset_consumes_unknown_never_scheduled to None, run_after=None
[2026-09-10T14:21:06.377+0000] {logging_mixin.py:188} INFO - [2026-09-10T14:21:06.377+0000] {dag.py:3834} INFO - Setting next_dagrun for dataset_produces_1 to 2026-09-09 00:00:00+00:00, run_after=2026-09-10 00:00:00+00:00
[2026-09-10T14:21:06.380+0000] {logging_mixin.py:188} INFO - [2026-09-10T14:21:06.380+0000] {dag.py:3834} INFO - Setting next_dagrun for dataset_produces_2 to None, run_after=None
[2026-09-10T14:21:06.450+0000] {processor.py:183} INFO - Processing /home/airflow/.local/lib/python3.8/site-packages/airflow/example_dags/example_datasets.py took 0.184 seconds
[2026-09-10T14:21:37.074+0000] {processor.py:161} INFO - Started process (PID=1237) to work on /home/airflow/.local/lib/python3.8/site-packages/airflow/example_dags/example_datasets.py
[2026-09-10T14:21:37.076+0000] {processor.py:830} INFO - Processing file /home/airflow/.local/lib/python3.8/site-packages/airflow/example_dags/example_datasets.py for tasks to queue
[2026-09-10T14:21:37.080+0000] {logging_mixin.py:188} INFO - [2026-09-10T14:21:37.079+0000] {dagbag.py:540} INFO - Filling up the DagBag from /home/airflow/.local/lib/python3.8/site-packages/airflow/example_dags/example_datasets.py
[2026-09-10T14:21:37.097+0000] {processor.py:840} INFO - DAG(s) 'dataset_consumes_1_never_scheduled', 'dataset_consumes_1', 'dataset_consumes_unknown_never_scheduled', 'dataset_produces_1', 'dataset_consumes_1_and_2', 'dataset_produces_2' retrieved from /home/airflow/.local/lib/python3.8/site-packages/airflow/example_dags/example_datasets.py
[2026-09-10T14:21:37.162+0000] {logging_mixin.py:188} INFO - [2026-09-10T14:21:37.161+0000] {dag.py:3047} INFO - Sync 6 DAGs
[2026-09-10T14:21:37.190+0000] {logging_mixin.py:188} INFO - [2026-09-10T14:21:37.189+0000] {dag.py:3834} INFO - Setting next_dagrun for dataset_consumes_1 to None, run_after=None
[2026-09-10T14:21:37.196+0000] {logging_mixin.py:188} INFO - [2026-09-10T14:21:37.196+0000] {dag.py:3834} INFO - Setting next_dagrun for dataset_consumes_1_and_2 to None, run_after=None
[2026-09-10T14:21:37.198+0000] {logging_mixin.py:188} INFO - [2026-09-10T14:21:37.198+0000] {dag.py:3834} INFO - Setting next_dagrun for dataset_consumes_1_never_scheduled to None, run_after=None
[2026-09-10T14:21:37.200+0000] {logging_mixin.py:188} INFO - [2026-09-10T14:21:37.200+0000] {dag.py:3834} INFO - Setting next_dagrun for dataset_consumes_unknown_never_scheduled to None, run_after=None
[2026-09-10T14:21:37.204+0000] {logging_mixin.py:188} INFO - [2026-09-10T14:21:37.203+0000] {dag.py:3834} INFO - Setting next_dagrun for dataset_produces_1 to 2026-09-09 00:00:00+00:00, run_after=2026-09-10 00:00:00+00:00
[2026-09-10T14:21:37.206+0000] {logging_mixin.py:188} INFO - [2026-09-10T14:21:37.206+0000] {dag.py:3834} INFO - Setting next_dagrun for dataset_produces_2 to None, run_after=None
[2026-09-10T14:21:37.250+0000] {processor.py:183} INFO - Processing /home/airflow/.local/lib/python3.8/site-packages/airflow/example_dags/example_datasets.py took 0.181 seconds
[2026-09-10T14:22:07.911+0000] {processor.py:161} INFO - Started process (PID=1302) to work on /home/airflow/.local/lib/python3.8/site-packages/airflow/example_dags/example_datasets.py
[2026-09-10T14:22:07.913+0000] {processor.py:830} INFO - Processing file /home/airflow/.local/lib/python3.8/site-packages/airflow/example_dags/example_datasets.py for tasks to queue
[2026-09-10T14:22:07.916+0000] {logging_mixin.py:188} INFO - [2026-09-10T14:22:07.915+0000] {dagbag.py:540} INFO - Filling up the DagBag from /home/airflow/.local/lib/python3.8/site-packages/airflow/example_dags/example_datasets.py
[2026-09-10T14:22:07.929+0000] {processor.py:840} INFO - DAG(s) 'dataset_consumes_1', 'dataset_produces_2', 'dataset_consumes_1_never_scheduled', 'dataset_consumes_unknown_never_scheduled', 'dataset_produces_1', 'dataset_consumes_1_and_2' retrieved from /home/airflow/.local/lib/python3.8/site-packages/airflow/example_dags/example_datasets.py
[2026-09-10T14:22:07.976+0000] {logging_mixin.py:188} INFO - [2026-09-10T14:22:07.975+0000] {dag.py:3047} INFO - Sync 6 DAGs
[2026-09-10T14:22:08.016+0000] {logging_mixin.py:188} INFO - [2026-09-10T14:22:08.016+0000] {dag.py:3834} INFO - Setting next_dagrun for dataset_consumes_1 to None, run_after=None
[2026-09-10T14:22:08.022+0000] {logging_mixin.py:188} INFO - [2026-09-10T14:22:08.021+0000] {dag.py:3834} INFO - Setting next_dagrun for dataset_consumes_1_and_2 to None, run_after=None
[2026-09-10T14:22:08.025+0000] {logging_mixin.py:188} INFO - [2026-09-10T14:22:08.024+0000] {dag.py:3834} INFO - Setting next_dagrun for dataset_consumes_1_never_scheduled to None, run_after=None
[2026-09-10T14:22:08.030+0000] {logging_mixin.py:188} INFO - [2026-09-10T14:22:08.029+0000] {dag.py:3834} INFO - Setting next_dagrun for dataset_consumes_unknown_never_scheduled to None, run_after=None
[2026-09-10T14:22:08.036+0000] {logging_mixin.py:188} INFO - [2026-09-10T14:22:08.035+0000] {dag.py:3834} INFO - Setting next_dagrun for dataset_produces_1 to 2026-09-09 00:00:00+00:00, run_after=2026-09-10 00:00:00+00:00
[2026-09-10T14:22:08.039+0000] {logging_mixin.py:188} INFO - [2026-09-10T14:22:08.038+0000] {dag.py:3834} INFO - Setting next_dagrun for dataset_produces_2 to None, run_after=None
[2026-09-10T14:22:08.077+0000] {processor.py:183} INFO - Processing /home/airflow/.local/lib/python3.8/site-packages/airflow/example_dags/example_datasets.py took 0.170 seconds
[2026-09-10T14:22:38.535+0000] {processor.py:161} INFO - Started process (PID=1364) to work on /home/airflow/.local/lib/python3.8/site-packages/airflow/example_dags/example_datasets.py
[2026-09-10T14:22:38.536+0000] {processor.py:830} INFO - Processing file /home/airflow/.local/lib/python3.8/site-packages/airflow/example_dags/example_datasets.py for tasks to queue
[2026-09-10T14:22:38.539+0000] {logging_mixin.py:188} INFO - [2026-09-10T14:22:38.538+0000] {dagbag.py:540} INFO - Filling up the DagBag from /home/airflow/.local/lib/python3.8/site-packages/airflow/example_dags/example_datasets.py
[2026-09-10T14:22:38.549+0000] {processor.py:840} INFO - DAG(s) 'dataset_consumes_unknown_never_scheduled', 'dataset_consumes_1_and_2', 'dataset_produces_1', 'dataset_produces_2', 'dataset_consumes_1', 'dataset_consumes_1_never_scheduled' retrieved from /home/airflow/.local/lib/python3.8/site-packages/airflow/example_dags/example_datasets.py
[2026-09-10T14:22:38.605+0000] {logging_mixin.py:188} INFO - [2026-09-10T14:22:38.605+0000] {dag.py:3047} INFO - Sync 6 DAGs
[2026-09-10T14:22:38.637+0000] {logging_mixin.py:188} INFO - [2026-09-10T14:22:38.636+0000] {dag.py:3834} INFO - Setting next_dagrun for dataset_consumes_1 to None, run_after=None
[2026-09-10T14:22:38.642+0000] {logging_mixin.py:188} INFO - [2026-09-10T14:22:38.642+0000] {dag.py:3834} INFO - Setting next_dagrun for dataset_consumes_1_and_2 to None, run_after=None
[2026-09-10T14:22:38.644+0000] {logging_mixin.py:188} INFO - [2026-09-10T14:22:38.644+0000] {dag.py:3834} INFO - Setting next_dagrun for dataset_consumes_1_never_scheduled to None, run_after=None
[2026-09-10T14:22:38.646+0000] {logging_mixin.py:188} INFO - [2026-09-10T14:22:38.646+0000] {dag.py:3834} INFO - Setting next_dagrun for dataset_consumes_unknown_never_scheduled to None, run_after=None
[2026-09-10T14:22:38.650+0000] {logging_mixin.py:188} INFO - [2026-09-10T14:22:38.650+0000] {dag.py:3834} INFO - Setting next_dagrun for dataset_produces_1 to 2026-09-09 00:00:00+00:00, run_after=2026-09-10 00:00:00+00:00
[2026-09-10T14:22:38.653+0000] {logging_mixin.py:188} INFO - [2026-09-10T14:22:38.652+0000] {dag.py:3834} INFO - Setting next_dagrun for dataset_produces_2 to None, run_after=None
[2026-09-10T14:22:38.693+0000] {processor.py:183} INFO - Processing /home/airflow/.local/lib/python3.8/site-packages/airflow/example_dags/example_datasets.py took 0.162 seconds
[2026-09-10T14:23:08.838+0000] {processor.py:161} INFO - Started process (PID=1424) to work on /home/airflow/.local/lib/python3.8/site-packages/airflow/example_dags/example_datasets.py
[2026-09-10T14:23:08.839+0000] {processor.py:830} INFO - Processing file /home/airflow/.local/lib/python3.8/site-packages/airflow/example_dags/example_datasets.py for tasks to queue
[2026-09-10T14:23:08.842+0000] {logging_mixin.py:188} INFO - [2026-09-10T14:23:08.842+0000] {dagbag.py:540} INFO - Filling up the DagBag from /home/airflow/.local/lib/python3.8/site-packages/airflow/example_dags/example_datasets.py
[2026-09-10T14:23:08.853+0000] {processor.py:840} INFO - DAG(s) 'dataset_consumes_unknown_never_scheduled', 'dataset_produces_2', 'dataset_consumes_1_and_2', 'dataset_consumes_1', 'dataset_produces_1', 'dataset_consumes_1_never_scheduled' retrieved from /home/airflow/.local/lib/python3.8/site-packages/airflow/example_dags/example_datasets.py
[2026-09-10T14:23:08.892+0000] {logging_mixin.py:188} INFO - [2026-09-10T14:23:08.892+0000] {dag.py:3047} INFO - Sync 6 DAGs
[2026-09-10T14:23:08.915+0000] {logging_mixin.py:188} INFO - [2026-09-10T14:23:08.915+0000] {dag.py:3834} INFO - Setting next_dagrun for dataset_consumes_1 to None, run_after=None
[2026-09-10T14:23:08.921+0000] {logging_mixin.py:188} INFO - [2026-09-10T14:23:08.920+0000] {dag.py:3834} INFO - Setting next_dagrun for dataset_consumes_1_and_2 to None, run_after=None
[2026-09-10T14:23:08.923+0000] {logging_mixin.py:188} INFO - [2026-09-10T14:23:08.923+0000] {dag.py:3834} INFO - Setting next_dagrun for dataset_consumes_1_never_scheduled to None, run_after=None
[2026-09-10T14:23:08.925+0000] {logging_mixin.py:188} INFO - [2026-09-10T14:23:08.925+0000] {dag.py:3834} INFO - Setting next_dagrun for dataset_consumes_unknown_never_scheduled to None, run_after=None
[2026-09-10T14:23:08.929+0000] {logging_mixin.py:188} INFO - [2026-09-10T14:23:08.929+0000] {dag.py:3834} INFO - Setting next_dagrun for dataset_produces_1 to 2026-09-09 00:00:00+00:00, run_after=2026-09-10 00:00:00+00:00
[2026-09-10T14:23:08.931+0000] {logging_mixin.py:188} INFO - [2026-09-10T14:23:08.931+0000] {dag.py:3834} INFO - Setting next_dagrun for dataset_produces_2 to None, run_after=None
[2026-09-10T14:23:08.963+0000] {processor.py:183} INFO - Processing /home/airflow/.local/lib/python3.8/site-packages/airflow/example_dags/example_datasets.py took 0.132 seconds
[2026-09-10T14:23:40.103+0000] {processor.py:161} INFO - Started process (PID=1486) to work on /home/airflow/.local/lib/python3.8/site-packages/airflow/example_dags/example_datasets.py
[2026-09-10T14:23:40.105+0000] {processor.py:830} INFO - Processing file /home/airflow/.local/lib/python3.8/site-packages/airflow/example_dags/example_datasets.py for tasks to queue
[2026-09-10T14:23:40.108+0000] {logging_mixin.py:188} INFO - [2026-09-10T14:23:40.107+0000] {dagbag.py:540} INFO - Filling up the DagBag from /home/airflow/.local/lib/python3.8/site-packages/airflow/example_dags/example_datasets.py
[2026-09-10T14:23:40.120+0000] {processor.py:840} INFO - DAG(s) 'dataset_consumes_1_never_scheduled', 'dataset_consumes_1', 'dataset_consumes_1_and_2', 'dataset_produces_2', 'dataset_consumes_unknown_never_scheduled', 'dataset_produces_1' retrieved from /home/airflow/.local/lib/python3.8/site-packages/airflow/example_dags/example_datasets.py
[2026-09-10T14:23:40.163+0000] {logging_mixin.py:188} INFO - [2026-09-10T14:23:40.163+0000] {dag.py:3047} INFO - Sync 6 DAGs
[2026-09-10T14:23:40.193+0000] {logging_mixin.py:188} INFO - [2026-09-10T14:23:40.193+0000] {dag.py:3834} INFO - Setting next_dagrun for dataset_consumes_1 to None, run_after=None
[2026-09-10T14:23:40.199+0000] {logging_mixin.py:188} INFO - [2026-09-10T14:23:40.198+0000] {dag.py:3834} INFO - Setting next_dagrun for dataset_consumes_1_and_2 to None, run_after=None
[2026-09-10T14:23:40.201+0000] {logging_mixin.py:188} INFO - [2026-09-10T14:23:40.200+0000] {dag.py:3834} INFO - Setting next_dagrun for dataset_consumes_1_never_scheduled to None, run_after=None
[2026-09-10T14:23:40.203+0000] {logging_mixin.py:188} INFO - [2026-09-10T14:23:40.203+0000] {dag.py:3834} INFO - Setting next_dagrun for dataset_consumes_unknown_never_scheduled to None, run_after=None
[2026-09-10T14:23:40.207+0000] {logging_mixin.py:188} INFO - [2026-09-10T14:23:40.206+0000] {dag.py:3834} INFO - Setting next_dagrun for dataset_produces_1 to 2026-09-09 00:00:00+00:00, run_after=2026-09-10 00:00:00+00:00
[2026-09-10T14:23:40.209+0000] {logging_mixin.py:188} INFO - [2026-09-10T14:23:40.209+0000] {dag.py:3834} INFO - Setting next_dagrun for dataset_produces_2 to None, run_after=None
[2026-09-10T14:23:40.246+0000] {processor.py:183} INFO - Processing /home/airflow/.local/lib/python3.8/site-packages/airflow/example_dags/example_datasets.py took 0.147 seconds
[2026-09-10T14:24:11.275+0000] {processor.py:161} INFO - Started process (PID=1547) to work on /home/airflow/.local/lib/python3.8/site-packages/airflow/example_dags/example_datasets.py
[2026-09-10T14:24:11.277+0000] {processor.py:830} INFO - Processing file /home/airflow/.local/lib/python3.8/site-packages/airflow/example_dags/example_datasets.py for tasks to queue
[2026-09-10T14:24:11.280+0000] {logging_mixin.py:188} INFO - [2026-09-10T14:24:11.279+0000] {dagbag.py:540} INFO - Filling up the DagBag from /home/airflow/.local/lib/python3.8/site-packages/airflow/example_dags/example_datasets.py
[2026-09-10T14:24:11.292+0000] {processor.py:840} INFO - DAG(s) 'dataset_consumes_unknown_never_scheduled', 'dataset_consumes_1', 'dataset_produces_1', 'dataset_consumes_1_and_2', 'dataset_consumes_1_never_scheduled', 'dataset_produces_2' retrieved from /home/airflow/.local/lib/python3.8/site-packages/airflow/example_dags/example_datasets.py
[2026-09-10T14:24:11.336+0000] {logging_mixin.py:188} INFO - [2026-09-10T14:24:11.335+0000] {dag.py:3047} INFO - Sync 6 DAGs
[2026-09-10T14:24:11.368+0000] {logging_mixin.py:188} INFO - [2026-09-10T14:24:11.367+0000] {dag.py:3834} INFO - Setting next_dagrun for dataset_consumes_1 to None, run_after=None
[2026-09-10T14:24:11.373+0000] {logging_mixin.py:188} INFO - [2026-09-10T14:24:11.372+0000] {dag.py:3834} INFO - Setting next_dagrun for dataset_consumes_1_and_2 to None, run_after=None
[2026-09-10T14:24:11.375+0000] {logging_mixin.py:188} INFO - [2026-09-10T14:24:11.375+0000] {dag.py:3834} INFO - Setting next_dagrun for dataset_consumes_1_never_scheduled to None, run_after=None
[2026-09-10T14:24:11.377+0000] {logging_mixin.py:188} INFO - [2026-09-10T14:24:11.377+0000] {dag.py:3834} INFO - Setting next_dagrun for dataset_consumes_unknown_never_scheduled to None, run_after=None
[2026-09-10T14:24:11.382+0000] {logging_mixin.py:188} INFO - [2026-09-10T14:24:11.382+0000] {dag.py:3834} INFO - Setting next_dagrun for dataset_produces_1 to 2026-09-09 00:00:00+00:00, run_after=2026-09-10 00:00:00+00:00
[2026-09-10T14:24:11.385+0000] {logging_mixin.py:188} INFO - [2026-09-10T14:24:11.385+0000] {dag.py:3834} INFO - Setting next_dagrun for dataset_produces_2 to None, run_after=None
[2026-09-10T14:24:11.433+0000] {processor.py:183} INFO - Processing /home/airflow/.local/lib/python3.8/site-packages/airflow/example_dags/example_datasets.py took 0.161 seconds
[2026-09-10T14:24:43.115+0000] {processor.py:161} INFO - Started process (PID=1608) to work on /home/airflow/.local/lib/python3.8/site-packages/airflow/example_dags/example_datasets.py
[2026-09-10T14:24:43.117+0000] {processor.py:830} INFO - Processing file /home/airflow/.local/lib/python3.8/site-packages/airflow/example_dags/example_datasets.py for tasks to queue
[2026-09-10T14:24:43.122+0000] {logging_mixin.py:188} INFO - [2026-09-10T14:24:43.122+0000] {dagbag.py:540} INFO - Filling up the DagBag from /home/airflow/.local/lib/python3.8/site-packages/airflow/example_dags/example_datasets.py
[2026-09-10T14:24:43.141+0000] {processor.py:840} INFO - DAG(s) 'dataset_produces_1', 'dataset_consumes_1', 'dataset_consumes_unknown_never_scheduled', 'dataset_consumes_1_and_2', 'dataset_produces_2', 'dataset_consumes_1_never_scheduled' retrieved from /home/airflow/.local/lib/python3.8/site-packages/airflow/example_dags/example_datasets.py
[2026-09-10T14:24:43.185+0000] {logging_mixin.py:188} INFO - [2026-09-10T14:24:43.185+0000] {dag.py:3047} INFO - Sync 6 DAGs
[2026-09-10T14:24:43.211+0000] {logging_mixin.py:188} INFO - [2026-09-10T14:24:43.211+0000] {dag.py:3834} INFO - Setting next_dagrun for dataset_consumes_1 to None, run_after=None
[2026-09-10T14:24:43.216+0000] {logging_mixin.py:188} INFO - [2026-09-10T14:24:43.216+0000] {dag.py:3834} INFO - Setting next_dagrun for dataset_consumes_1_and_2 to None, run_after=None
[2026-09-10T14:24:43.218+0000] {logging_mixin.py:188} INFO - [2026-09-10T14:24:43.218+0000] {dag.py:3834} INFO - Setting next_dagrun for dataset_consumes_1_never_scheduled to None, run_after=None
[2026-09-10T14:24:43.220+0000] {logging_mixin.py:188} INFO - [2026-09-10T14:24:43.220+0000] {dag.py:3834} INFO - Setting next_dagrun for dataset_consumes_unknown_never_scheduled to None, run_after=None
[2026-09-10T14:24:43.224+0000] {logging_mixin.py:188} INFO - [2026-09-10T14:24:43.224+0000] {dag.py:3834} INFO - Setting next_dagrun for dataset_produces_1 to 2026-09-09 00:00:00+00:00, run_after=2026-09-10 00:00:00+00:00
[2026-09-10T14:24:43.227+0000] {logging_mixin.py:188} INFO - [2026-09-10T14:24:43.226+0000] {dag.py:3834} INFO - Setting next_dagrun for dataset_produces_2 to None, run_after=None
[2026-09-10T14:24:43.266+0000] {processor.py:183} INFO - Processing /home/airflow/.local/lib/python3.8/site-packages/airflow/example_dags/example_datasets.py took 0.157 seconds
[2026-09-10T14:25:14.549+0000] {processor.py:161} INFO - Started process (PID=1669) to work on /home/airflow/.local/lib/python3.8/site-packages/airflow/example_dags/example_datasets.py
[2026-09-10T14:25:14.550+0000] {processor.py:830} INFO - Processing file /home/airflow/.local/lib/python3.8/site-packages/airflow/example_dags/example_datasets.py for tasks to queue
[2026-09-10T14:25:14.553+0000] {logging_mixin.py:188} INFO - [2026-09-10T14:25:14.552+0000] {dagbag.py:540} INFO - Filling up the DagBag from /home/airflow/.local/lib/python3.8/site-packages/airflow/example_dags/example_datasets.py
[2026-09-10T14:25:14.564+0000] {processor.py:840} INFO - DAG(s) 'dataset_consumes_1_never_scheduled', 'dataset_produces_1', 'dataset_produces_2', 'dataset_consumes_1', 'dataset_consumes_unknown_never_scheduled', 'dataset_consumes_1_and_2' retrieved from /home/airflow/.local/lib/python3.8/site-packages/airflow/example_dags/example_datasets.py
[2026-09-10T14:25:14.615+0000] {logging_mixin.py:188} INFO - [2026-09-10T14:25:14.615+0000] {dag.py:3047} INFO - Sync 6 DAGs
[2026-09-10T14:25:14.643+0000] {logging_mixin.py:188} INFO - [2026-09-10T14:25:14.643+0000] {dag.py:3834} INFO - Setting next_dagrun for dataset_consumes_1 to None, run_after=None
[2026-09-10T14:25:14.649+0000] {logging_mixin.py:188} INFO - [2026-09-10T14:25:14.648+0000] {dag.py:3834} INFO - Setting next_dagrun for dataset_consumes_1_and_2 to None, run_after=None
[2026-09-10T14:25:14.651+0000] {logging_mixin.py:188} INFO - [2026-09-10T14:25:14.651+0000] {dag.py:3834} INFO - Setting next_dagrun for dataset_consumes_1_never_scheduled to None, run_after=None
[2026-09-10T14:25:14.653+0000] {logging_mixin.py:188} INFO - [2026-09-10T14:25:14.653+0000] {dag.py:3834} INFO - Setting next_dagrun for dataset_consumes_unknown_never_scheduled to None, run_after=None
[2026-09-10T14:25:14.657+0000] {logging_mixin.py:188} INFO - [2026-09-10T14:25:14.657+0000] {dag.py:3834} INFO - Setting next_dagrun for dataset_produces_1 to 2026-09-09 00:00:00+00:00, run_after=2026-09-10 00:00:00+00:00
[2026-09-10T14:25:14.660+0000] {logging_mixin.py:188} INFO - [2026-09-10T14:25:14.659+0000] {dag.py:3834} INFO - Setting next_dagrun for dataset_produces_2 to None, run_after=None
[2026-09-10T14:25:14.698+0000] {processor.py:183} INFO - Processing /home/airflow/.local/lib/python3.8/site-packages/airflow/example_dags/example_datasets.py took 0.153 seconds
[2026-09-10T14:25:45.809+0000] {processor.py:161} INFO - Started process (PID=1729) to work on /home/airflow/.local/lib/python3.8/site-packages/airflow/example_dags/example_datasets.py
[2026-09-10T14:25:45.811+0000] {processor.py:830} INFO - Processing file /home/airflow/.local/lib/python3.8/site-packages/airflow/example_dags/example_datasets.py for tasks to queue
[2026-09-10T14:25:45.815+0000] {logging_mixin.py:188} INFO - [2026-09-10T14:25:45.815+0000] {dagbag.py:540} INFO - Filling up the DagBag from /home/airflow/.local/lib/python3.8/site-packages/airflow/example_dags/example_datasets.py
[2026-09-10T14:25:45.834+0000] {processor.py:840} INFO - DAG(s) 'dataset_consumes_1', 'dataset_produces_2', 'dataset_consumes_1_never_scheduled', 'dataset_consumes_unknown_never_scheduled', 'dataset_produces_1', 'dataset_consumes_1_and_2' retrieved from /home/airflow/.local/lib/python3.8/site-packages/airflow/example_dags/example_datasets.py
[2026-09-10T14:25:45.885+0000] {logging_mixin.py:188} INFO - [2026-09-10T14:25:45.885+0000] {dag.py:3047} INFO - Sync 6 DAGs
[2026-09-10T14:25:45.912+0000] {logging_mixin.py:188} INFO - [2026-09-10T14:25:45.912+0000] {dag.py:3834} INFO - Setting next_dagrun for dataset_consumes_1 to None, run_after=None
[2026-09-10T14:25:45.917+0000] {logging_mixin.py:188} INFO - [2026-09-10T14:25:45.917+0000] {dag.py:3834} INFO - Setting next_dagrun for dataset_consumes_1_and_2 to None, run_after=None
[2026-09-10T14:25:45.919+0000] {logging_mixin.py:188} INFO - [2026-09-10T14:25:45.919+0000] {dag.py:3834} INFO - Setting next_dagrun for dataset_consumes_1_never_scheduled to None, run_after=None
[2026-09-10T14:25:45.921+0000] {logging_mixin.py:188} INFO - [2026-09-10T14:25:45.920+0000] {dag.py:3834} INFO - Setting next_dagrun for dataset_consumes_unknown_never_scheduled to None, run_after=None
[2026-09-10T14:25:45.924+0000] {logging_mixin.py:188} INFO - [2026-09-10T14:25:45.924+0000] {dag.py:3834} INFO - Setting next_dagrun for dataset_produces_1 to 2026-09-09 00:00:00+00:00, run_after=2026-09-10 00:00:00+00:00
[2026-09-10T14:25:45.927+0000] {logging_mixin.py:188} INFO - [2026-09-10T14:25:45.926+0000] {dag.py:3834} INFO - Setting next_dagrun for dataset_produces_2 to None, run_after=None
[2026-09-10T14:25:45.966+0000] {processor.py:183} INFO - Processing /home/airflow/.local/lib/python3.8/site-packages/airflow/example_dags/example_datasets.py took 0.163 seconds
[2026-09-10T14:26:21.960+0000] {processor.py:161} INFO - Started process (PID=123) to work on /home/airflow/.local/lib/python3.8/site-packages/airflow/example_dags/example_datasets.py
[2026-09-10T14:26:21.961+0000] {processor.py:830} INFO - Processing file /home/airflow/.local/lib/python3.8/site-packages/airflow/example_dags/example_datasets.py for tasks to queue
[2026-09-10T14:26:21.964+0000] {logging_mixin.py:188} INFO - [2026-09-10T14:26:21.963+0000] {dagbag.py:540} INFO - Filling up the DagBag from /home/airflow/.local/lib/python3.8/site-packages/airflow/example_dags/example_datasets.py
[2026-09-10T14:26:21.978+0000] {processor.py:840} INFO - DAG(s) 'dataset_consumes_1', 'dataset_produces_1', 'dataset_consumes_1_and_2', 'dataset_produces_2', 'dataset_consumes_unknown_never_scheduled', 'dataset_consumes_1_never_scheduled' retrieved from /home/airflow/.local/lib/python3.8/site-packages/airflow/example_dags/example_datasets.py
[2026-09-10T14:26:22.030+0000] {logging_mixin.py:188} INFO - [2026-09-10T14:26:22.029+0000] {dag.py:3047} INFO - Sync 6 DAGs
[2026-09-10T14:26:22.073+0000] {logging_mixin.py:188} INFO - [2026-09-10T14:26:22.073+0000] {dag.py:3834} INFO - Setting next_dagrun for dataset_consumes_1 to None, run_after=None
[2026-09-10T14:26:22.079+0000] {logging_mixin.py:188} INFO - [2026-09-10T14:26:22.079+0000] {dag.py:3834} INFO - Setting next_dagrun for dataset_consumes_1_and_2 to None, run_after=None
[2026-09-10T14:26:22.082+0000] {logging_mixin.py:188} INFO - [2026-09-10T14:26:22.081+0000] {dag.py:3834} INFO - Setting next_dagrun for dataset_consumes_1_never_scheduled to None, run_after=None
[2026-09-10T14:26:22.085+0000] {logging_mixin.py:188} INFO - [2026-09-10T14:26:22.084+0000] {dag.py:3834} INFO - Setting next_dagrun for dataset_consumes_unknown_never_scheduled to None, run_after=None
[2026-09-10T14:26:22.088+0000] {logging_mixin.py:188} INFO - [2026-09-10T14:26:22.088+0000] {dag.py:3834} INFO - Setting next_dagrun for dataset_produces_1 to 2026-09-09 00:00:00+00:00, run_after=2026-09-10 00:00:00+00:00
[2026-09-10T14:26:22.093+0000] {logging_mixin.py:188} INFO - [2026-09-10T14:26:22.092+0000] {dag.py:3834} INFO - Setting next_dagrun for dataset_produces_2 to None, run_after=None
[2026-09-10T14:26:22.149+0000] {processor.py:183} INFO - Processing /home/airflow/.local/lib/python3.8/site-packages/airflow/example_dags/example_datasets.py took 0.194 seconds
[2026-09-10T14:26:53.052+0000] {processor.py:161} INFO - Started process (PID=182) to work on /home/airflow/.local/lib/python3.8/site-packages/airflow/example_dags/example_datasets.py
[2026-09-10T14:26:53.054+0000] {processor.py:830} INFO - Processing file /home/airflow/.local/lib/python3.8/site-packages/airflow/example_dags/example_datasets.py for tasks to queue
[2026-09-10T14:26:53.068+0000] {logging_mixin.py:188} INFO - [2026-09-10T14:26:53.067+0000] {dagbag.py:540} INFO - Filling up the DagBag from /home/airflow/.local/lib/python3.8/site-packages/airflow/example_dags/example_datasets.py
[2026-09-10T14:26:53.120+0000] {processor.py:840} INFO - DAG(s) 'dataset_consumes_1_and_2', 'dataset_produces_2', 'dataset_produces_1', 'dataset_consumes_unknown_never_scheduled', 'dataset_consumes_1_never_scheduled', 'dataset_consumes_1' retrieved from /home/airflow/.local/lib/python3.8/site-packages/airflow/example_dags/example_datasets.py
[2026-09-10T14:26:53.261+0000] {logging_mixin.py:188} INFO - [2026-09-10T14:26:53.261+0000] {dag.py:3047} INFO - Sync 6 DAGs
[2026-09-10T14:26:53.311+0000] {logging_mixin.py:188} INFO - [2026-09-10T14:26:53.310+0000] {dag.py:3834} INFO - Setting next_dagrun for dataset_consumes_1 to None, run_after=None
[2026-09-10T14:26:53.318+0000] {logging_mixin.py:188} INFO - [2026-09-10T14:26:53.318+0000] {dag.py:3834} INFO - Setting next_dagrun for dataset_consumes_1_and_2 to None, run_after=None
[2026-09-10T14:26:53.331+0000] {logging_mixin.py:188} INFO - [2026-09-10T14:26:53.330+0000] {dag.py:3834} INFO - Setting next_dagrun for dataset_consumes_1_never_scheduled to None, run_after=None
[2026-09-10T14:26:53.335+0000] {logging_mixin.py:188} INFO - [2026-09-10T14:26:53.335+0000] {dag.py:3834} INFO - Setting next_dagrun for dataset_consumes_unknown_never_scheduled to None, run_after=None
[2026-09-10T14:26:53.350+0000] {logging_mixin.py:188} INFO - [2026-09-10T14:26:53.350+0000] {dag.py:3834} INFO - Setting next_dagrun for dataset_produces_1 to 2026-09-09 00:00:00+00:00, run_after=2026-09-10 00:00:00+00:00
[2026-09-10T14:26:53.354+0000] {logging_mixin.py:188} INFO - [2026-09-10T14:26:53.353+0000] {dag.py:3834} INFO - Setting next_dagrun for dataset_produces_2 to None, run_after=None
[2026-09-10T14:26:53.394+0000] {processor.py:183} INFO - Processing /home/airflow/.local/lib/python3.8/site-packages/airflow/example_dags/example_datasets.py took 0.347 seconds
[2026-09-10T14:27:24.147+0000] {processor.py:161} INFO - Started process (PID=241) to work on /home/airflow/.local/lib/python3.8/site-packages/airflow/example_dags/example_datasets.py
[2026-09-10T14:27:24.149+0000] {processor.py:830} INFO - Processing file /home/airflow/.local/lib/python3.8/site-packages/airflow/example_dags/example_datasets.py for tasks to queue
[2026-09-10T14:27:24.152+0000] {logging_mixin.py:188} INFO - [2026-09-10T14:27:24.151+0000] {dagbag.py:540} INFO - Filling up the DagBag from /home/airflow/.local/lib/python3.8/site-packages/airflow/example_dags/example_datasets.py
[2026-09-10T14:27:24.163+0000] {processor.py:840} INFO - DAG(s) 'dataset_produces_2', 'dataset_consumes_unknown_never_scheduled', 'dataset_produces_1', 'dataset_consumes_1_and_2', 'dataset_consumes_1_never_scheduled', 'dataset_consumes_1' retrieved from /home/airflow/.local/lib/python3.8/site-packages/airflow/example_dags/example_datasets.py
[2026-09-10T14:27:24.219+0000] {logging_mixin.py:188} INFO - [2026-09-10T14:27:24.219+0000] {dag.py:3047} INFO - Sync 6 DAGs
[2026-09-10T14:27:24.252+0000] {logging_mixin.py:188} INFO - [2026-09-10T14:27:24.252+0000] {dag.py:3834} INFO - Setting next_dagrun for dataset_consumes_1 to None, run_after=None
[2026-09-10T14:27:24.257+0000] {logging_mixin.py:188} INFO - [2026-09-10T14:27:24.257+0000] {dag.py:3834} INFO - Setting next_dagrun for dataset_consumes_1_and_2 to None, run_after=None
[2026-09-10T14:27:24.259+0000] {logging_mixin.py:188} INFO - [2026-09-10T14:27:24.259+0000] {dag.py:3834} INFO - Setting next_dagrun for dataset_consumes_1_never_scheduled to None, run_after=None
[2026-09-10T14:27:24.262+0000] {logging_mixin.py:188} INFO - [2026-09-10T14:27:24.262+0000] {dag.py:3834} INFO - Setting next_dagrun for dataset_consumes_unknown_never_scheduled to None, run_after=None
[2026-09-10T14:27:24.266+0000] {logging_mixin.py:188} INFO - [2026-09-10T14:27:24.266+0000] {dag.py:3834} INFO - Setting next_dagrun for dataset_produces_1 to 2026-09-09 00:00:00+00:00, run_after=2026-09-10 00:00:00+00:00
[2026-09-10T14:27:24.269+0000] {logging_mixin.py:188} INFO - [2026-09-10T14:27:24.269+0000] {dag.py:3834} INFO - Setting next_dagrun for dataset_produces_2 to None, run_after=None
[2026-09-10T14:27:24.306+0000] {processor.py:183} INFO - Processing /home/airflow/.local/lib/python3.8/site-packages/airflow/example_dags/example_datasets.py took 0.163 seconds
[2026-09-10T14:27:54.964+0000] {processor.py:161} INFO - Started process (PID=300) to work on /home/airflow/.local/lib/python3.8/site-packages/airflow/example_dags/example_datasets.py
[2026-09-10T14:27:54.967+0000] {processor.py:830} INFO - Processing file /home/airflow/.local/lib/python3.8/site-packages/airflow/example_dags/example_datasets.py for tasks to queue
[2026-09-10T14:27:54.977+0000] {logging_mixin.py:188} INFO - [2026-09-10T14:27:54.977+0000] {dagbag.py:540} INFO - Filling up the DagBag from /home/airflow/.local/lib/python3.8/site-packages/airflow/example_dags/example_datasets.py
[2026-09-10T14:27:55.006+0000] {processor.py:840} INFO - DAG(s) 'dataset_produces_1', 'dataset_consumes_1_never_scheduled', 'dataset_produces_2', 'dataset_consumes_1_and_2', 'dataset_consumes_unknown_never_scheduled', 'dataset_consumes_1' retrieved from /home/airflow/.local/lib/python3.8/site-packages/airflow/example_dags/example_datasets.py
[2026-09-10T14:27:55.083+0000] {logging_mixin.py:188} INFO - [2026-09-10T14:27:55.083+0000] {dag.py:3047} INFO - Sync 6 DAGs
[2026-09-10T14:27:55.110+0000] {logging_mixin.py:188} INFO - [2026-09-10T14:27:55.109+0000] {dag.py:3834} INFO - Setting next_dagrun for dataset_consumes_1 to None, run_after=None
[2026-09-10T14:27:55.114+0000] {logging_mixin.py:188} INFO - [2026-09-10T14:27:55.114+0000] {dag.py:3834} INFO - Setting next_dagrun for dataset_consumes_1_and_2 to None, run_after=None
[2026-09-10T14:27:55.116+0000] {logging_mixin.py:188} INFO - [2026-09-10T14:27:55.116+0000] {dag.py:3834} INFO - Setting next_dagrun for dataset_consumes_1_never_scheduled to None, run_after=None
[2026-09-10T14:27:55.119+0000] {logging_mixin.py:188} INFO - [2026-09-10T14:27:55.119+0000] {dag.py:3834} INFO - Setting next_dagrun for dataset_consumes_unknown_never_scheduled to None, run_after=None
[2026-09-10T14:27:55.125+0000] {logging_mixin.py:188} INFO - [2026-09-10T14:27:55.124+0000] {dag.py:3834} INFO - Setting next_dagrun for dataset_produces_1 to 2026-09-09 00:00:00+00:00, run_after=2026-09-10 00:00:00+00:00
[2026-09-10T14:27:55.127+0000] {logging_mixin.py:188} INFO - [2026-09-10T14:27:55.127+0000] {dag.py:3834} INFO - Setting next_dagrun for dataset_produces_2 to None, run_after=None
[2026-09-10T14:27:55.167+0000] {processor.py:183} INFO - Processing /home/airflow/.local/lib/python3.8/site-packages/airflow/example_dags/example_datasets.py took 0.208 seconds
[2026-09-10T14:28:25.249+0000] {processor.py:161} INFO - Started process (PID=362) to work on /home/airflow/.local/lib/python3.8/site-packages/airflow/example_dags/example_datasets.py
[2026-09-10T14:28:25.251+0000] {processor.py:830} INFO - Processing file /home/airflow/.local/lib/python3.8/site-packages/airflow/example_dags/example_datasets.py for tasks to queue
[2026-09-10T14:28:25.256+0000] {logging_mixin.py:188} INFO - [2026-09-10T14:28:25.255+0000] {dagbag.py:540} INFO - Filling up the DagBag from /home/airflow/.local/lib/python3.8/site-packages/airflow/example_dags/example_datasets.py
[2026-09-10T14:28:25.271+0000] {processor.py:840} INFO - DAG(s) 'dataset_consumes_1', 'dataset_consumes_unknown_never_scheduled', 'dataset_produces_2', 'dataset_produces_1', 'dataset_consumes_1_never_scheduled', 'dataset_consumes_1_and_2' retrieved from /home/airflow/.local/lib/python3.8/site-packages/airflow/example_dags/example_datasets.py
[2026-09-10T14:28:25.321+0000] {logging_mixin.py:188} INFO - [2026-09-10T14:28:25.321+0000] {dag.py:3047} INFO - Sync 6 DAGs
[2026-09-10T14:28:25.346+0000] {logging_mixin.py:188} INFO - [2026-09-10T14:28:25.346+0000] {dag.py:3834} INFO - Setting next_dagrun for dataset_consumes_1 to None, run_after=None
[2026-09-10T14:28:25.351+0000] {logging_mixin.py:188} INFO - [2026-09-10T14:28:25.350+0000] {dag.py:3834} INFO - Setting next_dagrun for dataset_consumes_1_and_2 to None, run_after=None
[2026-09-10T14:28:25.353+0000] {logging_mixin.py:188} INFO - [2026-09-10T14:28:25.353+0000] {dag.py:3834} INFO - Setting next_dagrun for dataset_consumes_1_never_scheduled to None, run_after=None
[2026-09-10T14:28:25.355+0000] {logging_mixin.py:188} INFO - [2026-09-10T14:28:25.355+0000] {dag.py:3834} INFO - Setting next_dagrun for dataset_consumes_unknown_never_scheduled to None, run_after=None
[2026-09-10T14:28:25.359+0000] {logging_mixin.py:188} INFO - [2026-09-10T14:28:25.359+0000] {dag.py:3834} INFO - Setting next_dagrun for dataset_produces_1 to 2026-09-09 00:00:00+00:00, run_after=2026-09-10 00:00:00+00:00
[2026-09-10T14:28:25.361+0000] {logging_mixin.py:188} INFO - [2026-09-10T14:28:25.361+0000] {dag.py:3834} INFO - Setting next_dagrun for dataset_produces_2 to None, run_after=None
[2026-09-10T14:28:25.397+0000] {processor.py:183} INFO - Processing /home/airflow/.local/lib/python3.8/site-packages/airflow/example_dags/example_datasets.py took 0.152 seconds
[2026-09-10T14:28:55.750+0000] {processor.py:161} INFO - Started process (PID=421) to work on /home/airflow/.local/lib/python3.8/site-packages/airflow/example_dags/example_datasets.py
[2026-09-10T14:28:55.752+0000] {processor.py:830} INFO - Processing file /home/airflow/.local/lib/python3.8/site-packages/airflow/example_dags/example_datasets.py for tasks to queue
[2026-09-10T14:28:55.756+0000] {logging_mixin.py:188} INFO - [2026-09-10T14:28:55.756+0000] {dagbag.py:540} INFO - Filling up the DagBag from /home/airflow/.local/lib/python3.8/site-packages/airflow/example_dags/example_datasets.py
[2026-09-10T14:28:55.777+0000] {processor.py:840} INFO - DAG(s) 'dataset_consumes_1_and_2', 'dataset_consumes_unknown_never_scheduled', 'dataset_produces_2', 'dataset_consumes_1_never_scheduled', 'dataset_produces_1', 'dataset_consumes_1' retrieved from /home/airflow/.local/lib/python3.8/site-packages/airflow/example_dags/example_datasets.py
[2026-09-10T14:28:55.838+0000] {logging_mixin.py:188} INFO - [2026-09-10T14:28:55.838+0000] {dag.py:3047} INFO - Sync 6 DAGs
[2026-09-10T14:28:55.868+0000] {logging_mixin.py:188} INFO - [2026-09-10T14:28:55.867+0000] {dag.py:3834} INFO - Setting next_dagrun for dataset_consumes_1 to None, run_after=None
[2026-09-10T14:28:55.872+0000] {logging_mixin.py:188} INFO - [2026-09-10T14:28:55.872+0000] {dag.py:3834} INFO - Setting next_dagrun for dataset_consumes_1_and_2 to None, run_after=None
[2026-09-10T14:28:55.874+0000] {logging_mixin.py:188} INFO - [2026-09-10T14:28:55.874+0000] {dag.py:3834} INFO - Setting next_dagrun for dataset_consumes_1_never_scheduled to None, run_after=None
[2026-09-10T14:28:55.876+0000] {logging_mixin.py:188} INFO - [2026-09-10T14:28:55.876+0000] {dag.py:3834} INFO - Setting next_dagrun for dataset_consumes_unknown_never_scheduled to None, run_after=None
[2026-09-10T14:28:55.880+0000] {logging_mixin.py:188} INFO - [2026-09-10T14:28:55.880+0000] {dag.py:3834} INFO - Setting next_dagrun for dataset_produces_1 to 2026-09-09 00:00:00+00:00, run_after=2026-09-10 00:00:00+00:00
[2026-09-10T14:28:55.882+0000] {logging_mixin.py:188} INFO - [2026-09-10T14:28:55.882+0000] {dag.py:3834} INFO - Setting next_dagrun for dataset_produces_2 to None, run_after=None
[2026-09-10T14:28:55.935+0000] {processor.py:183} INFO - Processing /home/airflow/.local/lib/python3.8/site-packages/airflow/example_dags/example_datasets.py took 0.191 seconds
[2026-09-10T14:29:26.075+0000] {processor.py:161} INFO - Started process (PID=480) to work on /home/airflow/.local/lib/python3.8/site-packages/airflow/example_dags/example_datasets.py
[2026-09-10T14:29:26.078+0000] {processor.py:830} INFO - Processing file /home/airflow/.local/lib/python3.8/site-packages/airflow/example_dags/example_datasets.py for tasks to queue
[2026-09-10T14:29:26.082+0000] {logging_mixin.py:188} INFO - [2026-09-10T14:29:26.081+0000] {dagbag.py:540} INFO - Filling up the DagBag from /home/airflow/.local/lib/python3.8/site-packages/airflow/example_dags/example_datasets.py
[2026-09-10T14:29:26.096+0000] {processor.py:840} INFO - DAG(s) 'dataset_produces_1', 'dataset_consumes_unknown_never_scheduled', 'dataset_consumes_1_never_scheduled', 'dataset_produces_2', 'dataset_consumes_1', 'dataset_consumes_1_and_2' retrieved from /home/airflow/.local/lib/python3.8/site-packages/airflow/example_dags/example_datasets.py
[2026-09-10T14:29:26.146+0000] {logging_mixin.py:188} INFO - [2026-09-10T14:29:26.145+0000] {dag.py:3047} INFO - Sync 6 DAGs
[2026-09-10T14:29:26.181+0000] {logging_mixin.py:188} INFO - [2026-09-10T14:29:26.181+0000] {dag.py:3834} INFO - Setting next_dagrun for dataset_consumes_1 to None, run_after=None
[2026-09-10T14:29:26.189+0000] {logging_mixin.py:188} INFO - [2026-09-10T14:29:26.188+0000] {dag.py:3834} INFO - Setting next_dagrun for dataset_consumes_1_and_2 to None, run_after=None
[2026-09-10T14:29:26.194+0000] {logging_mixin.py:188} INFO - [2026-09-10T14:29:26.193+0000] {dag.py:3834} INFO - Setting next_dagrun for dataset_consumes_1_never_scheduled to None, run_after=None
[2026-09-10T14:29:26.197+0000] {logging_mixin.py:188} INFO - [2026-09-10T14:29:26.196+0000] {dag.py:3834} INFO - Setting next_dagrun for dataset_consumes_unknown_never_scheduled to None, run_after=None
[2026-09-10T14:29:26.202+0000] {logging_mixin.py:188} INFO - [2026-09-10T14:29:26.202+0000] {dag.py:3834} INFO - Setting next_dagrun for dataset_produces_1 to 2026-09-09 00:00:00+00:00, run_after=2026-09-10 00:00:00+00:00
[2026-09-10T14:29:26.206+0000] {logging_mixin.py:188} INFO - [2026-09-10T14:29:26.205+0000] {dag.py:3834} INFO - Setting next_dagrun for dataset_produces_2 to None, run_after=None
[2026-09-10T14:29:26.268+0000] {processor.py:183} INFO - Processing /home/airflow/.local/lib/python3.8/site-packages/airflow/example_dags/example_datasets.py took 0.198 seconds
[2026-09-10T14:29:57.118+0000] {processor.py:161} INFO - Started process (PID=540) to work on /home/airflow/.local/lib/python3.8/site-packages/airflow/example_dags/example_datasets.py
[2026-09-10T14:29:57.120+0000] {processor.py:830} INFO - Processing file /home/airflow/.local/lib/python3.8/site-packages/airflow/example_dags/example_datasets.py for tasks to queue
[2026-09-10T14:29:57.123+0000] {logging_mixin.py:188} INFO - [2026-09-10T14:29:57.122+0000] {dagbag.py:540} INFO - Filling up the DagBag from /home/airflow/.local/lib/python3.8/site-packages/airflow/example_dags/example_datasets.py
[2026-09-10T14:29:57.135+0000] {processor.py:840} INFO - DAG(s) 'dataset_produces_2', 'dataset_consumes_1_and_2', 'dataset_consumes_1_never_scheduled', 'dataset_consumes_unknown_never_scheduled', 'dataset_produces_1', 'dataset_consumes_1' retrieved from /home/airflow/.local/lib/python3.8/site-packages/airflow/example_dags/example_datasets.py
[2026-09-10T14:29:57.180+0000] {logging_mixin.py:188} INFO - [2026-09-10T14:29:57.180+0000] {dag.py:3047} INFO - Sync 6 DAGs
[2026-09-10T14:29:57.206+0000] {logging_mixin.py:188} INFO - [2026-09-10T14:29:57.206+0000] {dag.py:3834} INFO - Setting next_dagrun for dataset_consumes_1 to None, run_after=None
[2026-09-10T14:29:57.212+0000] {logging_mixin.py:188} INFO - [2026-09-10T14:29:57.212+0000] {dag.py:3834} INFO - Setting next_dagrun for dataset_consumes_1_and_2 to None, run_after=None
[2026-09-10T14:29:57.215+0000] {logging_mixin.py:188} INFO - [2026-09-10T14:29:57.214+0000] {dag.py:3834} INFO - Setting next_dagrun for dataset_consumes_1_never_scheduled to None, run_after=None
[2026-09-10T14:29:57.217+0000] {logging_mixin.py:188} INFO - [2026-09-10T14:29:57.217+0000] {dag.py:3834} INFO - Setting next_dagrun for dataset_consumes_unknown_never_scheduled to None, run_after=None
[2026-09-10T14:29:57.222+0000] {logging_mixin.py:188} INFO - [2026-09-10T14:29:57.221+0000] {dag.py:3834} INFO - Setting next_dagrun for dataset_produces_1 to 2026-09-09 00:00:00+00:00, run_after=2026-09-10 00:00:00+00:00
[2026-09-10T14:29:57.225+0000] {logging_mixin.py:188} INFO - [2026-09-10T14:29:57.224+0000] {dag.py:3834} INFO - Setting next_dagrun for dataset_produces_2 to None, run_after=None
[2026-09-10T14:29:57.272+0000] {processor.py:183} INFO - Processing /home/airflow/.local/lib/python3.8/site-packages/airflow/example_dags/example_datasets.py took 0.160 seconds
[2026-09-10T14:30:27.710+0000] {processor.py:161} INFO - Started process (PID=599) to work on /home/airflow/.local/lib/python3.8/site-packages/airflow/example_dags/example_datasets.py
[2026-09-10T14:30:27.712+0000] {processor.py:830} INFO - Processing file /home/airflow/.local/lib/python3.8/site-packages/airflow/example_dags/example_datasets.py for tasks to queue
[2026-09-10T14:30:27.714+0000] {logging_mixin.py:188} INFO - [2026-09-10T14:30:27.714+0000] {dagbag.py:540} INFO - Filling up the DagBag from /home/airflow/.local/lib/python3.8/site-packages/airflow/example_dags/example_datasets.py
[2026-09-10T14:30:27.727+0000] {processor.py:840} INFO - DAG(s) 'dataset_consumes_1', 'dataset_consumes_unknown_never_scheduled', 'dataset_consumes_1_never_scheduled', 'dataset_consumes_1_and_2', 'dataset_produces_1', 'dataset_produces_2' retrieved from /home/airflow/.local/lib/python3.8/site-packages/airflow/example_dags/example_datasets.py
[2026-09-10T14:30:27.773+0000] {logging_mixin.py:188} INFO - [2026-09-10T14:30:27.773+0000] {dag.py:3047} INFO - Sync 6 DAGs
[2026-09-10T14:30:27.800+0000] {logging_mixin.py:188} INFO - [2026-09-10T14:30:27.800+0000] {dag.py:3834} INFO - Setting next_dagrun for dataset_consumes_1 to None, run_after=None
[2026-09-10T14:30:27.807+0000] {logging_mixin.py:188} INFO - [2026-09-10T14:30:27.806+0000] {dag.py:3834} INFO - Setting next_dagrun for dataset_consumes_1_and_2 to None, run_after=None
[2026-09-10T14:30:27.809+0000] {logging_mixin.py:188} INFO - [2026-09-10T14:30:27.809+0000] {dag.py:3834} INFO - Setting next_dagrun for dataset_consumes_1_never_scheduled to None, run_after=None
[2026-09-10T14:30:27.812+0000] {logging_mixin.py:188} INFO - [2026-09-10T14:30:27.812+0000] {dag.py:3834} INFO - Setting next_dagrun for dataset_consumes_unknown_never_scheduled to None, run_after=None
[2026-09-10T14:30:27.817+0000] {logging_mixin.py:188} INFO - [2026-09-10T14:30:27.817+0000] {dag.py:3834} INFO - Setting next_dagrun for dataset_produces_1 to 2026-09-09 00:00:00+00:00, run_after=2026-09-10 00:00:00+00:00
[2026-09-10T14:30:27.819+0000] {logging_mixin.py:188} INFO - [2026-09-10T14:30:27.819+0000] {dag.py:3834} INFO - Setting next_dagrun for dataset_produces_2 to None, run_after=None
[2026-09-10T14:30:27.858+0000] {processor.py:183} INFO - Processing /home/airflow/.local/lib/python3.8/site-packages/airflow/example_dags/example_datasets.py took 0.152 seconds
[2026-09-10T14:30:58.113+0000] {processor.py:161} INFO - Started process (PID=658) to work on /home/airflow/.local/lib/python3.8/site-packages/airflow/example_dags/example_datasets.py
[2026-09-10T14:30:58.115+0000] {processor.py:830} INFO - Processing file /home/airflow/.local/lib/python3.8/site-packages/airflow/example_dags/example_datasets.py for tasks to queue
[2026-09-10T14:30:58.118+0000] {logging_mixin.py:188} INFO - [2026-09-10T14:30:58.117+0000] {dagbag.py:540} INFO - Filling up the DagBag from /home/airflow/.local/lib/python3.8/site-packages/airflow/example_dags/example_datasets.py
[2026-09-10T14:30:58.131+0000] {processor.py:840} INFO - DAG(s) 'dataset_consumes_1_never_scheduled', 'dataset_produces_2', 'dataset_consumes_1', 'dataset_consumes_unknown_never_scheduled', 'dataset_consumes_1_and_2', 'dataset_produces_1' retrieved from /home/airflow/.local/lib/python3.8/site-packages/airflow/example_dags/example_datasets.py
[2026-09-10T14:30:58.194+0000] {logging_mixin.py:188} INFO - [2026-09-10T14:30:58.193+0000] {dag.py:3047} INFO - Sync 6 DAGs
[2026-09-10T14:30:58.227+0000] {logging_mixin.py:188} INFO - [2026-09-10T14:30:58.226+0000] {dag.py:3834} INFO - Setting next_dagrun for dataset_consumes_1 to None, run_after=None
[2026-09-10T14:30:58.236+0000] {logging_mixin.py:188} INFO - [2026-09-10T14:30:58.235+0000] {dag.py:3834} INFO - Setting next_dagrun for dataset_consumes_1_and_2 to None, run_after=None
[2026-09-10T14:30:58.240+0000] {logging_mixin.py:188} INFO - [2026-09-10T14:30:58.239+0000] {dag.py:3834} INFO - Setting next_dagrun for dataset_consumes_1_never_scheduled to None, run_after=None
[2026-09-10T14:30:58.243+0000] {logging_mixin.py:188} INFO - [2026-09-10T14:30:58.242+0000] {dag.py:3834} INFO - Setting next_dagrun for dataset_consumes_unknown_never_scheduled to None, run_after=None
[2026-09-10T14:30:58.246+0000] {logging_mixin.py:188} INFO - [2026-09-10T14:30:58.246+0000] {dag.py:3834} INFO - Setting next_dagrun for dataset_produces_1 to 2026-09-09 00:00:00+00:00, run_after=2026-09-10 00:00:00+00:00
[2026-09-10T14:30:58.249+0000] {logging_mixin.py:188} INFO - [2026-09-10T14:30:58.248+0000] {dag.py:3834} INFO - Setting next_dagrun for dataset_produces_2 to None, run_after=None
[2026-09-10T14:30:58.294+0000] {processor.py:183} INFO - Processing /home/airflow/.local/lib/python3.8/site-packages/airflow/example_dags/example_datasets.py took 0.186 seconds
[2026-09-10T14:31:28.736+0000] {processor.py:161} INFO - Started process (PID=717) to work on /home/airflow/.local/lib/python3.8/site-packages/airflow/example_dags/example_datasets.py
[2026-09-10T14:31:28.737+0000] {processor.py:830} INFO - Processing file /home/airflow/.local/lib/python3.8/site-packages/airflow/example_dags/example_datasets.py for tasks to queue
[2026-09-10T14:31:28.740+0000] {logging_mixin.py:188} INFO - [2026-09-10T14:31:28.740+0000] {dagbag.py:540} INFO - Filling up the DagBag from /home/airflow/.local/lib/python3.8/site-packages/airflow/example_dags/example_datasets.py
[2026-09-10T14:31:28.753+0000] {processor.py:840} INFO - DAG(s) 'dataset_produces_1', 'dataset_consumes_1_and_2', 'dataset_consumes_1', 'dataset_consumes_unknown_never_scheduled', 'dataset_produces_2', 'dataset_consumes_1_never_scheduled' retrieved from /home/airflow/.local/lib/python3.8/site-packages/airflow/example_dags/example_datasets.py
[2026-09-10T14:31:28.798+0000] {logging_mixin.py:188} INFO - [2026-09-10T14:31:28.797+0000] {dag.py:3047} INFO - Sync 6 DAGs
[2026-09-10T14:31:28.829+0000] {logging_mixin.py:188} INFO - [2026-09-10T14:31:28.829+0000] {dag.py:3834} INFO - Setting next_dagrun for dataset_consumes_1 to None, run_after=None
[2026-09-10T14:31:28.835+0000] {logging_mixin.py:188} INFO - [2026-09-10T14:31:28.835+0000] {dag.py:3834} INFO - Setting next_dagrun for dataset_consumes_1_and_2 to None, run_after=None
[2026-09-10T14:31:28.838+0000] {logging_mixin.py:188} INFO - [2026-09-10T14:31:28.838+0000] {dag.py:3834} INFO - Setting next_dagrun for dataset_consumes_1_never_scheduled to None, run_after=None
[2026-09-10T14:31:28.840+0000] {logging_mixin.py:188} INFO - [2026-09-10T14:31:28.840+0000] {dag.py:3834} INFO - Setting next_dagrun for dataset_consumes_unknown_never_scheduled to None, run_after=None
[2026-09-10T14:31:28.844+0000] {logging_mixin.py:188} INFO - [2026-09-10T14:31:28.843+0000] {dag.py:3834} INFO - Setting next_dagrun for dataset_produces_1 to 2026-09-09 00:00:00+00:00, run_after=2026-09-10 00:00:00+00:00
[2026-09-10T14:31:28.846+0000] {logging_mixin.py:188} INFO - [2026-09-10T14:31:28.845+0000] {dag.py:3834} INFO - Setting next_dagrun for dataset_produces_2 to None, run_after=None
[2026-09-10T14:31:28.886+0000] {processor.py:183} INFO - Processing /home/airflow/.local/lib/python3.8/site-packages/airflow/example_dags/example_datasets.py took 0.154 seconds
[2026-09-10T14:31:59.660+0000] {processor.py:161} INFO - Started process (PID=776) to work on /home/airflow/.local/lib/python3.8/site-packages/airflow/example_dags/example_datasets.py
[2026-09-10T14:31:59.662+0000] {processor.py:830} INFO - Processing file /home/airflow/.local/lib/python3.8/site-packages/airflow/example_dags/example_datasets.py for tasks to queue
[2026-09-10T14:31:59.665+0000] {logging_mixin.py:188} INFO - [2026-09-10T14:31:59.665+0000] {dagbag.py:540} INFO - Filling up the DagBag from /home/airflow/.local/lib/python3.8/site-packages/airflow/example_dags/example_datasets.py
[2026-09-10T14:31:59.676+0000] {processor.py:840} INFO - DAG(s) 'dataset_produces_1', 'dataset_consumes_1', 'dataset_consumes_1_and_2', 'dataset_produces_2', 'dataset_consumes_unknown_never_scheduled', 'dataset_consumes_1_never_scheduled' retrieved from /home/airflow/.local/lib/python3.8/site-packages/airflow/example_dags/example_datasets.py
[2026-09-10T14:31:59.738+0000] {logging_mixin.py:188} INFO - [2026-09-10T14:31:59.738+0000] {dag.py:3047} INFO - Sync 6 DAGs
[2026-09-10T14:31:59.769+0000] {logging_mixin.py:188} INFO - [2026-09-10T14:31:59.769+0000] {dag.py:3834} INFO - Setting next_dagrun for dataset_consumes_1 to None, run_after=None
[2026-09-10T14:31:59.774+0000] {logging_mixin.py:188} INFO - [2026-09-10T14:31:59.774+0000] {dag.py:3834} INFO - Setting next_dagrun for dataset_consumes_1_and_2 to None, run_after=None
[2026-09-10T14:31:59.776+0000] {logging_mixin.py:188} INFO - [2026-09-10T14:31:59.776+0000] {dag.py:3834} INFO - Setting next_dagrun for dataset_consumes_1_never_scheduled to None, run_after=None
[2026-09-10T14:31:59.782+0000] {logging_mixin.py:188} INFO - [2026-09-10T14:31:59.781+0000] {dag.py:3834} INFO - Setting next_dagrun for dataset_consumes_unknown_never_scheduled to None, run_after=None
[2026-09-10T14:31:59.786+0000] {logging_mixin.py:188} INFO - [2026-09-10T14:31:59.785+0000] {dag.py:3834} INFO - Setting next_dagrun for dataset_produces_1 to 2026-09-09 00:00:00+00:00, run_after=2026-09-10 00:00:00+00:00
[2026-09-10T14:31:59.788+0000] {logging_mixin.py:188} INFO - [2026-09-10T14:31:59.788+0000] {dag.py:3834} INFO - Setting next_dagrun for dataset_produces_2 to None, run_after=None
[2026-09-10T14:31:59.828+0000] {processor.py:183} INFO - Processing /home/airflow/.local/lib/python3.8/site-packages/airflow/example_dags/example_datasets.py took 0.173 seconds
[2026-09-10T14:32:30.313+0000] {processor.py:161} INFO - Started process (PID=835) to work on /home/airflow/.local/lib/python3.8/site-packages/airflow/example_dags/example_datasets.py
[2026-09-10T14:32:30.315+0000] {processor.py:830} INFO - Processing file /home/airflow/.local/lib/python3.8/site-packages/airflow/example_dags/example_datasets.py for tasks to queue
[2026-09-10T14:32:30.319+0000] {logging_mixin.py:188} INFO - [2026-09-10T14:32:30.319+0000] {dagbag.py:540} INFO - Filling up the DagBag from /home/airflow/.local/lib/python3.8/site-packages/airflow/example_dags/example_datasets.py
[2026-09-10T14:32:30.330+0000] {processor.py:840} INFO - DAG(s) 'dataset_consumes_1', 'dataset_consumes_1_and_2', 'dataset_produces_1', 'dataset_consumes_1_never_scheduled', 'dataset_consumes_unknown_never_scheduled', 'dataset_produces_2' retrieved from /home/airflow/.local/lib/python3.8/site-packages/airflow/example_dags/example_datasets.py
[2026-09-10T14:32:30.375+0000] {logging_mixin.py:188} INFO - [2026-09-10T14:32:30.375+0000] {dag.py:3047} INFO - Sync 6 DAGs
[2026-09-10T14:32:30.420+0000] {logging_mixin.py:188} INFO - [2026-09-10T14:32:30.419+0000] {dag.py:3834} INFO - Setting next_dagrun for dataset_consumes_1 to None, run_after=None
[2026-09-10T14:32:30.426+0000] {logging_mixin.py:188} INFO - [2026-09-10T14:32:30.425+0000] {dag.py:3834} INFO - Setting next_dagrun for dataset_consumes_1_and_2 to None, run_after=None
[2026-09-10T14:32:30.430+0000] {logging_mixin.py:188} INFO - [2026-09-10T14:32:30.429+0000] {dag.py:3834} INFO - Setting next_dagrun for dataset_consumes_1_never_scheduled to None, run_after=None
[2026-09-10T14:32:30.433+0000] {logging_mixin.py:188} INFO - [2026-09-10T14:32:30.433+0000] {dag.py:3834} INFO - Setting next_dagrun for dataset_consumes_unknown_never_scheduled to None, run_after=None
[2026-09-10T14:32:30.438+0000] {logging_mixin.py:188} INFO - [2026-09-10T14:32:30.438+0000] {dag.py:3834} INFO - Setting next_dagrun for dataset_produces_1 to 2026-09-09 00:00:00+00:00, run_after=2026-09-10 00:00:00+00:00
[2026-09-10T14:32:30.440+0000] {logging_mixin.py:188} INFO - [2026-09-10T14:32:30.440+0000] {dag.py:3834} INFO - Setting next_dagrun for dataset_produces_2 to None, run_after=None
[2026-09-10T14:32:30.487+0000] {processor.py:183} INFO - Processing /home/airflow/.local/lib/python3.8/site-packages/airflow/example_dags/example_datasets.py took 0.179 seconds
[2026-09-10T14:33:01.434+0000] {processor.py:161} INFO - Started process (PID=894) to work on /home/airflow/.local/lib/python3.8/site-packages/airflow/example_dags/example_datasets.py
[2026-09-10T14:33:01.436+0000] {processor.py:830} INFO - Processing file /home/airflow/.local/lib/python3.8/site-packages/airflow/example_dags/example_datasets.py for tasks to queue
[2026-09-10T14:33:01.439+0000] {logging_mixin.py:188} INFO - [2026-09-10T14:33:01.439+0000] {dagbag.py:540} INFO - Filling up the DagBag from /home/airflow/.local/lib/python3.8/site-packages/airflow/example_dags/example_datasets.py
[2026-09-10T14:33:01.450+0000] {processor.py:840} INFO - DAG(s) 'dataset_consumes_1', 'dataset_consumes_1_and_2', 'dataset_produces_1', 'dataset_produces_2', 'dataset_consumes_unknown_never_scheduled', 'dataset_consumes_1_never_scheduled' retrieved from /home/airflow/.local/lib/python3.8/site-packages/airflow/example_dags/example_datasets.py
[2026-09-10T14:33:01.494+0000] {logging_mixin.py:188} INFO - [2026-09-10T14:33:01.494+0000] {dag.py:3047} INFO - Sync 6 DAGs
[2026-09-10T14:33:01.521+0000] {logging_mixin.py:188} INFO - [2026-09-10T14:33:01.521+0000] {dag.py:3834} INFO - Setting next_dagrun for dataset_consumes_1 to None, run_after=None
[2026-09-10T14:33:01.526+0000] {logging_mixin.py:188} INFO - [2026-09-10T14:33:01.526+0000] {dag.py:3834} INFO - Setting next_dagrun for dataset_consumes_1_and_2 to None, run_after=None
[2026-09-10T14:33:01.529+0000] {logging_mixin.py:188} INFO - [2026-09-10T14:33:01.529+0000] {dag.py:3834} INFO - Setting next_dagrun for dataset_consumes_1_never_scheduled to None, run_after=None
[2026-09-10T14:33:01.531+0000] {logging_mixin.py:188} INFO - [2026-09-10T14:33:01.531+0000] {dag.py:3834} INFO - Setting next_dagrun for dataset_consumes_unknown_never_scheduled to None, run_after=None
[2026-09-10T14:33:01.537+0000] {logging_mixin.py:188} INFO - [2026-09-10T14:33:01.537+0000] {dag.py:3834} INFO - Setting next_dagrun for dataset_produces_1 to 2026-09-09 00:00:00+00:00, run_after=2026-09-10 00:00:00+00:00
[2026-09-10T14:33:01.540+0000] {logging_mixin.py:188} INFO - [2026-09-10T14:33:01.540+0000] {dag.py:3834} INFO - Setting next_dagrun for dataset_produces_2 to None, run_after=None
[2026-09-10T14:33:01.578+0000] {processor.py:183} INFO - Processing /home/airflow/.local/lib/python3.8/site-packages/airflow/example_dags/example_datasets.py took 0.148 seconds
[2026-09-10T14:33:33.758+0000] {processor.py:161} INFO - Started process (PID=953) to work on /home/airflow/.local/lib/python3.8/site-packages/airflow/example_dags/example_datasets.py
[2026-09-10T14:33:33.760+0000] {processor.py:830} INFO - Processing file /home/airflow/.local/lib/python3.8/site-packages/airflow/example_dags/example_datasets.py for tasks to queue
[2026-09-10T14:33:33.763+0000] {logging_mixin.py:188} INFO - [2026-09-10T14:33:33.763+0000] {dagbag.py:540} INFO - Filling up the DagBag from /home/airflow/.local/lib/python3.8/site-packages/airflow/example_dags/example_datasets.py
[2026-09-10T14:33:33.779+0000] {processor.py:840} INFO - DAG(s) 'dataset_consumes_1_never_scheduled', 'dataset_produces_1', 'dataset_consumes_unknown_never_scheduled', 'dataset_consumes_1', 'dataset_consumes_1_and_2', 'dataset_produces_2' retrieved from /home/airflow/.local/lib/python3.8/site-packages/airflow/example_dags/example_datasets.py
[2026-09-10T14:33:33.823+0000] {logging_mixin.py:188} INFO - [2026-09-10T14:33:33.823+0000] {dag.py:3047} INFO - Sync 6 DAGs
[2026-09-10T14:33:33.855+0000] {logging_mixin.py:188} INFO - [2026-09-10T14:33:33.855+0000] {dag.py:3834} INFO - Setting next_dagrun for dataset_consumes_1 to None, run_after=None
[2026-09-10T14:33:33.860+0000] {logging_mixin.py:188} INFO - [2026-09-10T14:33:33.860+0000] {dag.py:3834} INFO - Setting next_dagrun for dataset_consumes_1_and_2 to None, run_after=None
[2026-09-10T14:33:33.863+0000] {logging_mixin.py:188} INFO - [2026-09-10T14:33:33.862+0000] {dag.py:3834} INFO - Setting next_dagrun for dataset_consumes_1_never_scheduled to None, run_after=None
[2026-09-10T14:33:33.865+0000] {logging_mixin.py:188} INFO - [2026-09-10T14:33:33.865+0000] {dag.py:3834} INFO - Setting next_dagrun for dataset_consumes_unknown_never_scheduled to None, run_after=None
[2026-09-10T14:33:33.870+0000] {logging_mixin.py:188} INFO - [2026-09-10T14:33:33.870+0000] {dag.py:3834} INFO - Setting next_dagrun for dataset_produces_1 to 2026-09-09 00:00:00+00:00, run_after=2026-09-10 00:00:00+00:00
[2026-09-10T14:33:33.873+0000] {logging_mixin.py:188} INFO - [2026-09-10T14:33:33.873+0000] {dag.py:3834} INFO - Setting next_dagrun for dataset_produces_2 to None, run_after=None
[2026-09-10T14:33:33.909+0000] {processor.py:183} INFO - Processing /home/airflow/.local/lib/python3.8/site-packages/airflow/example_dags/example_datasets.py took 0.156 seconds
[2026-09-10T14:34:04.269+0000] {processor.py:161} INFO - Started process (PID=1012) to work on /home/airflow/.local/lib/python3.8/site-packages/airflow/example_dags/example_datasets.py
[2026-09-10T14:34:04.271+0000] {processor.py:830} INFO - Processing file /home/airflow/.local/lib/python3.8/site-packages/airflow/example_dags/example_datasets.py for tasks to queue
[2026-09-10T14:34:04.274+0000] {logging_mixin.py:188} INFO - [2026-09-10T14:34:04.274+0000] {dagbag.py:540} INFO - Filling up the DagBag from /home/airflow/.local/lib/python3.8/site-packages/airflow/example_dags/example_datasets.py
[2026-09-10T14:34:04.287+0000] {processor.py:840} INFO - DAG(s) 'dataset_consumes_1_never_scheduled', 'dataset_consumes_unknown_never_scheduled', 'dataset_produces_2', 'dataset_produces_1', 'dataset_consumes_1_and_2', 'dataset_consumes_1' retrieved from /home/airflow/.local/lib/python3.8/site-packages/airflow/example_dags/example_datasets.py
[2026-09-10T14:34:04.327+0000] {logging_mixin.py:188} INFO - [2026-09-10T14:34:04.327+0000] {dag.py:3047} INFO - Sync 6 DAGs
[2026-09-10T14:34:04.352+0000] {logging_mixin.py:188} INFO - [2026-09-10T14:34:04.351+0000] {dag.py:3834} INFO - Setting next_dagrun for dataset_consumes_1 to None, run_after=None
[2026-09-10T14:34:04.356+0000] {logging_mixin.py:188} INFO - [2026-09-10T14:34:04.356+0000] {dag.py:3834} INFO - Setting next_dagrun for dataset_consumes_1_and_2 to None, run_after=None
[2026-09-10T14:34:04.359+0000] {logging_mixin.py:188} INFO - [2026-09-10T14:34:04.359+0000] {dag.py:3834} INFO - Setting next_dagrun for dataset_consumes_1_never_scheduled to None, run_after=None
[2026-09-10T14:34:04.361+0000] {logging_mixin.py:188} INFO - [2026-09-10T14:34:04.361+0000] {dag.py:3834} INFO - Setting next_dagrun for dataset_consumes_unknown_never_scheduled to None, run_after=None
[2026-09-10T14:34:04.365+0000] {logging_mixin.py:188} INFO - [2026-09-10T14:34:04.365+0000] {dag.py:3834} INFO - Setting next_dagrun for dataset_produces_1 to 2026-09-09 00:00:00+00:00, run_after=2026-09-10 00:00:00+00:00
[2026-09-10T14:34:04.368+0000] {logging_mixin.py:188} INFO - [2026-09-10T14:34:04.367+0000] {dag.py:3834} INFO - Setting next_dagrun for dataset_produces_2 to None, run_after=None
[2026-09-10T14:34:04.405+0000] {processor.py:183} INFO - Processing /home/airflow/.local/lib/python3.8/site-packages/airflow/example_dags/example_datasets.py took 0.141 seconds
[2026-09-10T14:34:35.482+0000] {processor.py:161} INFO - Started process (PID=1071) to work on /home/airflow/.local/lib/python3.8/site-packages/airflow/example_dags/example_datasets.py
[2026-09-10T14:34:35.484+0000] {processor.py:830} INFO - Processing file /home/airflow/.local/lib/python3.8/site-packages/airflow/example_dags/example_datasets.py for tasks to queue
[2026-09-10T14:34:35.495+0000] {logging_mixin.py:188} INFO - [2026-09-10T14:34:35.494+0000] {dagbag.py:540} INFO - Filling up the DagBag from /home/airflow/.local/lib/python3.8/site-packages/airflow/example_dags/example_datasets.py
[2026-09-10T14:34:35.518+0000] {processor.py:840} INFO - DAG(s) 'dataset_consumes_unknown_never_scheduled', 'dataset_consumes_1', 'dataset_produces_1', 'dataset_consumes_1_and_2', 'dataset_produces_2', 'dataset_consumes_1_never_scheduled' retrieved from /home/airflow/.local/lib/python3.8/site-packages/airflow/example_dags/example_datasets.py
[2026-09-10T14:34:35.597+0000] {logging_mixin.py:188} INFO - [2026-09-10T14:34:35.596+0000] {dag.py:3047} INFO - Sync 6 DAGs
[2026-09-10T14:34:35.660+0000] {logging_mixin.py:188} INFO - [2026-09-10T14:34:35.659+0000] {dag.py:3834} INFO - Setting next_dagrun for dataset_consumes_1 to None, run_after=None
[2026-09-10T14:34:35.670+0000] {logging_mixin.py:188} INFO - [2026-09-10T14:34:35.668+0000] {dag.py:3834} INFO - Setting next_dagrun for dataset_consumes_1_and_2 to None, run_after=None
[2026-09-10T14:34:35.677+0000] {logging_mixin.py:188} INFO - [2026-09-10T14:34:35.676+0000] {dag.py:3834} INFO - Setting next_dagrun for dataset_consumes_1_never_scheduled to None, run_after=None
[2026-09-10T14:34:35.680+0000] {logging_mixin.py:188} INFO - [2026-09-10T14:34:35.679+0000] {dag.py:3834} INFO - Setting next_dagrun for dataset_consumes_unknown_never_scheduled to None, run_after=None
[2026-09-10T14:34:35.684+0000] {logging_mixin.py:188} INFO - [2026-09-10T14:34:35.684+0000] {dag.py:3834} INFO - Setting next_dagrun for dataset_produces_1 to 2026-09-09 00:00:00+00:00, run_after=2026-09-10 00:00:00+00:00
[2026-09-10T14:34:35.688+0000] {logging_mixin.py:188} INFO - [2026-09-10T14:34:35.688+0000] {dag.py:3834} INFO - Setting next_dagrun for dataset_produces_2 to None, run_after=None
[2026-09-10T14:34:35.733+0000] {processor.py:183} INFO - Processing /home/airflow/.local/lib/python3.8/site-packages/airflow/example_dags/example_datasets.py took 0.258 seconds
[2026-09-10T14:35:07.707+0000] {processor.py:161} INFO - Started process (PID=1131) to work on /home/airflow/.local/lib/python3.8/site-packages/airflow/example_dags/example_datasets.py
[2026-09-10T14:35:07.712+0000] {processor.py:830} INFO - Processing file /home/airflow/.local/lib/python3.8/site-packages/airflow/example_dags/example_datasets.py for tasks to queue
[2026-09-10T14:35:07.718+0000] {logging_mixin.py:188} INFO - [2026-09-10T14:35:07.717+0000] {dagbag.py:540} INFO - Filling up the DagBag from /home/airflow/.local/lib/python3.8/site-packages/airflow/example_dags/example_datasets.py
[2026-09-10T14:35:07.746+0000] {processor.py:840} INFO - DAG(s) 'dataset_consumes_unknown_never_scheduled', 'dataset_consumes_1', 'dataset_consumes_1_and_2', 'dataset_consumes_1_never_scheduled', 'dataset_produces_2', 'dataset_produces_1' retrieved from /home/airflow/.local/lib/python3.8/site-packages/airflow/example_dags/example_datasets.py
[2026-09-10T14:35:07.809+0000] {logging_mixin.py:188} INFO - [2026-09-10T14:35:07.809+0000] {dag.py:3047} INFO - Sync 6 DAGs
[2026-09-10T14:35:07.846+0000] {logging_mixin.py:188} INFO - [2026-09-10T14:35:07.846+0000] {dag.py:3834} INFO - Setting next_dagrun for dataset_consumes_1 to None, run_after=None
[2026-09-10T14:35:07.852+0000] {logging_mixin.py:188} INFO - [2026-09-10T14:35:07.851+0000] {dag.py:3834} INFO - Setting next_dagrun for dataset_consumes_1_and_2 to None, run_after=None
[2026-09-10T14:35:07.854+0000] {logging_mixin.py:188} INFO - [2026-09-10T14:35:07.854+0000] {dag.py:3834} INFO - Setting next_dagrun for dataset_consumes_1_never_scheduled to None, run_after=None
[2026-09-10T14:35:07.858+0000] {logging_mixin.py:188} INFO - [2026-09-10T14:35:07.858+0000] {dag.py:3834} INFO - Setting next_dagrun for dataset_consumes_unknown_never_scheduled to None, run_after=None
[2026-09-10T14:35:07.862+0000] {logging_mixin.py:188} INFO - [2026-09-10T14:35:07.862+0000] {dag.py:3834} INFO - Setting next_dagrun for dataset_produces_1 to 2026-09-09 00:00:00+00:00, run_after=2026-09-10 00:00:00+00:00
[2026-09-10T14:35:07.865+0000] {logging_mixin.py:188} INFO - [2026-09-10T14:35:07.865+0000] {dag.py:3834} INFO - Setting next_dagrun for dataset_produces_2 to None, run_after=None
[2026-09-10T14:35:07.923+0000] {processor.py:183} INFO - Processing /home/airflow/.local/lib/python3.8/site-packages/airflow/example_dags/example_datasets.py took 0.225 seconds
[2026-09-10T14:35:38.678+0000] {processor.py:161} INFO - Started process (PID=1190) to work on /home/airflow/.local/lib/python3.8/site-packages/airflow/example_dags/example_datasets.py
[2026-09-10T14:35:38.681+0000] {processor.py:830} INFO - Processing file /home/airflow/.local/lib/python3.8/site-packages/airflow/example_dags/example_datasets.py for tasks to queue
[2026-09-10T14:35:38.686+0000] {logging_mixin.py:188} INFO - [2026-09-10T14:35:38.685+0000] {dagbag.py:540} INFO - Filling up the DagBag from /home/airflow/.local/lib/python3.8/site-packages/airflow/example_dags/example_datasets.py
[2026-09-10T14:35:38.699+0000] {processor.py:840} INFO - DAG(s) 'dataset_consumes_1_never_scheduled', 'dataset_produces_2', 'dataset_consumes_1', 'dataset_consumes_1_and_2', 'dataset_consumes_unknown_never_scheduled', 'dataset_produces_1' retrieved from /home/airflow/.local/lib/python3.8/site-packages/airflow/example_dags/example_datasets.py
[2026-09-10T14:35:38.748+0000] {logging_mixin.py:188} INFO - [2026-09-10T14:35:38.748+0000] {dag.py:3047} INFO - Sync 6 DAGs
[2026-09-10T14:35:38.777+0000] {logging_mixin.py:188} INFO - [2026-09-10T14:35:38.777+0000] {dag.py:3834} INFO - Setting next_dagrun for dataset_consumes_1 to None, run_after=None
[2026-09-10T14:35:38.783+0000] {logging_mixin.py:188} INFO - [2026-09-10T14:35:38.782+0000] {dag.py:3834} INFO - Setting next_dagrun for dataset_consumes_1_and_2 to None, run_after=None
[2026-09-10T14:35:38.785+0000] {logging_mixin.py:188} INFO - [2026-09-10T14:35:38.785+0000] {dag.py:3834} INFO - Setting next_dagrun for dataset_consumes_1_never_scheduled to None, run_after=None
[2026-09-10T14:35:38.787+0000] {logging_mixin.py:188} INFO - [2026-09-10T14:35:38.787+0000] {dag.py:3834} INFO - Setting next_dagrun for dataset_consumes_unknown_never_scheduled to None, run_after=None
[2026-09-10T14:35:38.791+0000] {logging_mixin.py:188} INFO - [2026-09-10T14:35:38.791+0000] {dag.py:3834} INFO - Setting next_dagrun for dataset_produces_1 to 2026-09-09 00:00:00+00:00, run_after=2026-09-10 00:00:00+00:00
[2026-09-10T14:35:38.793+0000] {logging_mixin.py:188} INFO - [2026-09-10T14:35:38.793+0000] {dag.py:3834} INFO - Setting next_dagrun for dataset_produces_2 to None, run_after=None
[2026-09-10T14:35:38.832+0000] {processor.py:183} INFO - Processing /home/airflow/.local/lib/python3.8/site-packages/airflow/example_dags/example_datasets.py took 0.159 seconds
[2026-09-10T14:36:09.143+0000] {processor.py:161} INFO - Started process (PID=1250) to work on /home/airflow/.local/lib/python3.8/site-packages/airflow/example_dags/example_datasets.py
[2026-09-10T14:36:09.149+0000] {processor.py:830} INFO - Processing file /home/airflow/.local/lib/python3.8/site-packages/airflow/example_dags/example_datasets.py for tasks to queue
[2026-09-10T14:36:09.154+0000] {logging_mixin.py:188} INFO - [2026-09-10T14:36:09.154+0000] {dagbag.py:540} INFO - Filling up the DagBag from /home/airflow/.local/lib/python3.8/site-packages/airflow/example_dags/example_datasets.py
[2026-09-10T14:36:09.181+0000] {processor.py:840} INFO - DAG(s) 'dataset_produces_2', 'dataset_consumes_1_never_scheduled', 'dataset_consumes_unknown_never_scheduled', 'dataset_produces_1', 'dataset_consumes_1_and_2', 'dataset_consumes_1' retrieved from /home/airflow/.local/lib/python3.8/site-packages/airflow/example_dags/example_datasets.py
[2026-09-10T14:36:09.274+0000] {logging_mixin.py:188} INFO - [2026-09-10T14:36:09.273+0000] {dag.py:3047} INFO - Sync 6 DAGs
[2026-09-10T14:36:09.344+0000] {logging_mixin.py:188} INFO - [2026-09-10T14:36:09.343+0000] {dag.py:3834} INFO - Setting next_dagrun for dataset_consumes_1 to None, run_after=None
[2026-09-10T14:36:09.400+0000] {logging_mixin.py:188} INFO - [2026-09-10T14:36:09.400+0000] {dag.py:3834} INFO - Setting next_dagrun for dataset_consumes_1_and_2 to None, run_after=None
[2026-09-10T14:36:09.404+0000] {logging_mixin.py:188} INFO - [2026-09-10T14:36:09.404+0000] {dag.py:3834} INFO - Setting next_dagrun for dataset_consumes_1_never_scheduled to None, run_after=None
[2026-09-10T14:36:09.413+0000] {logging_mixin.py:188} INFO - [2026-09-10T14:36:09.413+0000] {dag.py:3834} INFO - Setting next_dagrun for dataset_consumes_unknown_never_scheduled to None, run_after=None
[2026-09-10T14:36:09.420+0000] {logging_mixin.py:188} INFO - [2026-09-10T14:36:09.420+0000] {dag.py:3834} INFO - Setting next_dagrun for dataset_produces_1 to 2026-09-09 00:00:00+00:00, run_after=2026-09-10 00:00:00+00:00
[2026-09-10T14:36:09.424+0000] {logging_mixin.py:188} INFO - [2026-09-10T14:36:09.424+0000] {dag.py:3834} INFO - Setting next_dagrun for dataset_produces_2 to None, run_after=None
[2026-09-10T14:36:09.503+0000] {processor.py:183} INFO - Processing /home/airflow/.local/lib/python3.8/site-packages/airflow/example_dags/example_datasets.py took 0.375 seconds
[2026-09-10T14:36:40.344+0000] {processor.py:161} INFO - Started process (PID=1310) to work on /home/airflow/.local/lib/python3.8/site-packages/airflow/example_dags/example_datasets.py
[2026-09-10T14:36:40.345+0000] {processor.py:830} INFO - Processing file /home/airflow/.local/lib/python3.8/site-packages/airflow/example_dags/example_datasets.py for tasks to queue
[2026-09-10T14:36:40.348+0000] {logging_mixin.py:188} INFO - [2026-09-10T14:36:40.348+0000] {dagbag.py:540} INFO - Filling up the DagBag from /home/airflow/.local/lib/python3.8/site-packages/airflow/example_dags/example_datasets.py
[2026-09-10T14:36:40.363+0000] {processor.py:840} INFO - DAG(s) 'dataset_produces_1', 'dataset_consumes_unknown_never_scheduled', 'dataset_consumes_1', 'dataset_produces_2', 'dataset_consumes_1_never_scheduled', 'dataset_consumes_1_and_2' retrieved from /home/airflow/.local/lib/python3.8/site-packages/airflow/example_dags/example_datasets.py
[2026-09-10T14:36:40.411+0000] {logging_mixin.py:188} INFO - [2026-09-10T14:36:40.411+0000] {dag.py:3047} INFO - Sync 6 DAGs
[2026-09-10T14:36:40.448+0000] {logging_mixin.py:188} INFO - [2026-09-10T14:36:40.447+0000] {dag.py:3834} INFO - Setting next_dagrun for dataset_consumes_1 to None, run_after=None
[2026-09-10T14:36:40.454+0000] {logging_mixin.py:188} INFO - [2026-09-10T14:36:40.454+0000] {dag.py:3834} INFO - Setting next_dagrun for dataset_consumes_1_and_2 to None, run_after=None
[2026-09-10T14:36:40.457+0000] {logging_mixin.py:188} INFO - [2026-09-10T14:36:40.456+0000] {dag.py:3834} INFO - Setting next_dagrun for dataset_consumes_1_never_scheduled to None, run_after=None
[2026-09-10T14:36:40.459+0000] {logging_mixin.py:188} INFO - [2026-09-10T14:36:40.459+0000] {dag.py:3834} INFO - Setting next_dagrun for dataset_consumes_unknown_never_scheduled to None, run_after=None
[2026-09-10T14:36:40.464+0000] {logging_mixin.py:188} INFO - [2026-09-10T14:36:40.464+0000] {dag.py:3834} INFO - Setting next_dagrun for dataset_produces_1 to 2026-09-09 00:00:00+00:00, run_after=2026-09-10 00:00:00+00:00
[2026-09-10T14:36:40.467+0000] {logging_mixin.py:188} INFO - [2026-09-10T14:36:40.466+0000] {dag.py:3834} INFO - Setting next_dagrun for dataset_produces_2 to None, run_after=None
[2026-09-10T14:36:40.511+0000] {processor.py:183} INFO - Processing /home/airflow/.local/lib/python3.8/site-packages/airflow/example_dags/example_datasets.py took 0.172 seconds
[2026-09-10T14:37:10.700+0000] {processor.py:161} INFO - Started process (PID=1369) to work on /home/airflow/.local/lib/python3.8/site-packages/airflow/example_dags/example_datasets.py
[2026-09-10T14:37:10.701+0000] {processor.py:830} INFO - Processing file /home/airflow/.local/lib/python3.8/site-packages/airflow/example_dags/example_datasets.py for tasks to queue
[2026-09-10T14:37:10.704+0000] {logging_mixin.py:188} INFO - [2026-09-10T14:37:10.704+0000] {dagbag.py:540} INFO - Filling up the DagBag from /home/airflow/.local/lib/python3.8/site-packages/airflow/example_dags/example_datasets.py
[2026-09-10T14:37:10.716+0000] {processor.py:840} INFO - DAG(s) 'dataset_consumes_unknown_never_scheduled', 'dataset_produces_1', 'dataset_consumes_1', 'dataset_consumes_1_and_2', 'dataset_produces_2', 'dataset_consumes_1_never_scheduled' retrieved from /home/airflow/.local/lib/python3.8/site-packages/airflow/example_dags/example_datasets.py
[2026-09-10T14:37:10.761+0000] {logging_mixin.py:188} INFO - [2026-09-10T14:37:10.761+0000] {dag.py:3047} INFO - Sync 6 DAGs
[2026-09-10T14:37:10.790+0000] {logging_mixin.py:188} INFO - [2026-09-10T14:37:10.789+0000] {dag.py:3834} INFO - Setting next_dagrun for dataset_consumes_1 to None, run_after=None
[2026-09-10T14:37:10.795+0000] {logging_mixin.py:188} INFO - [2026-09-10T14:37:10.795+0000] {dag.py:3834} INFO - Setting next_dagrun for dataset_consumes_1_and_2 to None, run_after=None
[2026-09-10T14:37:10.797+0000] {logging_mixin.py:188} INFO - [2026-09-10T14:37:10.797+0000] {dag.py:3834} INFO - Setting next_dagrun for dataset_consumes_1_never_scheduled to None, run_after=None
[2026-09-10T14:37:10.800+0000] {logging_mixin.py:188} INFO - [2026-09-10T14:37:10.800+0000] {dag.py:3834} INFO - Setting next_dagrun for dataset_consumes_unknown_never_scheduled to None, run_after=None
[2026-09-10T14:37:10.804+0000] {logging_mixin.py:188} INFO - [2026-09-10T14:37:10.803+0000] {dag.py:3834} INFO - Setting next_dagrun for dataset_produces_1 to 2026-09-09 00:00:00+00:00, run_after=2026-09-10 00:00:00+00:00
[2026-09-10T14:37:10.807+0000] {logging_mixin.py:188} INFO - [2026-09-10T14:37:10.807+0000] {dag.py:3834} INFO - Setting next_dagrun for dataset_produces_2 to None, run_after=None
[2026-09-10T14:37:10.847+0000] {processor.py:183} INFO - Processing /home/airflow/.local/lib/python3.8/site-packages/airflow/example_dags/example_datasets.py took 0.152 seconds
[2026-09-10T14:37:41.757+0000] {processor.py:161} INFO - Started process (PID=1428) to work on /home/airflow/.local/lib/python3.8/site-packages/airflow/example_dags/example_datasets.py
[2026-09-10T14:37:41.759+0000] {processor.py:830} INFO - Processing file /home/airflow/.local/lib/python3.8/site-packages/airflow/example_dags/example_datasets.py for tasks to queue
[2026-09-10T14:37:41.762+0000] {logging_mixin.py:188} INFO - [2026-09-10T14:37:41.761+0000] {dagbag.py:540} INFO - Filling up the DagBag from /home/airflow/.local/lib/python3.8/site-packages/airflow/example_dags/example_datasets.py
[2026-09-10T14:37:41.774+0000] {processor.py:840} INFO - DAG(s) 'dataset_produces_1', 'dataset_consumes_1_and_2', 'dataset_consumes_unknown_never_scheduled', 'dataset_consumes_1', 'dataset_consumes_1_never_scheduled', 'dataset_produces_2' retrieved from /home/airflow/.local/lib/python3.8/site-packages/airflow/example_dags/example_datasets.py
[2026-09-10T14:37:41.825+0000] {logging_mixin.py:188} INFO - [2026-09-10T14:37:41.825+0000] {dag.py:3047} INFO - Sync 6 DAGs
[2026-09-10T14:37:41.864+0000] {logging_mixin.py:188} INFO - [2026-09-10T14:37:41.864+0000] {dag.py:3834} INFO - Setting next_dagrun for dataset_consumes_1 to None, run_after=None
[2026-09-10T14:37:41.872+0000] {logging_mixin.py:188} INFO - [2026-09-10T14:37:41.871+0000] {dag.py:3834} INFO - Setting next_dagrun for dataset_consumes_1_and_2 to None, run_after=None
[2026-09-10T14:37:41.876+0000] {logging_mixin.py:188} INFO - [2026-09-10T14:37:41.875+0000] {dag.py:3834} INFO - Setting next_dagrun for dataset_consumes_1_never_scheduled to None, run_after=None
[2026-09-10T14:37:41.880+0000] {logging_mixin.py:188} INFO - [2026-09-10T14:37:41.880+0000] {dag.py:3834} INFO - Setting next_dagrun for dataset_consumes_unknown_never_scheduled to None, run_after=None
[2026-09-10T14:37:41.885+0000] {logging_mixin.py:188} INFO - [2026-09-10T14:37:41.884+0000] {dag.py:3834} INFO - Setting next_dagrun for dataset_produces_1 to 2026-09-09 00:00:00+00:00, run_after=2026-09-10 00:00:00+00:00
[2026-09-10T14:37:41.887+0000] {logging_mixin.py:188} INFO - [2026-09-10T14:37:41.887+0000] {dag.py:3834} INFO - Setting next_dagrun for dataset_produces_2 to None, run_after=None
[2026-09-10T14:37:41.948+0000] {processor.py:183} INFO - Processing /home/airflow/.local/lib/python3.8/site-packages/airflow/example_dags/example_datasets.py took 0.197 seconds
[2026-09-10T14:38:13.082+0000] {processor.py:161} INFO - Started process (PID=1487) to work on /home/airflow/.local/lib/python3.8/site-packages/airflow/example_dags/example_datasets.py
[2026-09-10T14:38:13.084+0000] {processor.py:830} INFO - Processing file /home/airflow/.local/lib/python3.8/site-packages/airflow/example_dags/example_datasets.py for tasks to queue
[2026-09-10T14:38:13.090+0000] {logging_mixin.py:188} INFO - [2026-09-10T14:38:13.090+0000] {dagbag.py:540} INFO - Filling up the DagBag from /home/airflow/.local/lib/python3.8/site-packages/airflow/example_dags/example_datasets.py
[2026-09-10T14:38:13.112+0000] {processor.py:840} INFO - DAG(s) 'dataset_produces_1', 'dataset_consumes_1', 'dataset_consumes_1_and_2', 'dataset_consumes_1_never_scheduled', 'dataset_produces_2', 'dataset_consumes_unknown_never_scheduled' retrieved from /home/airflow/.local/lib/python3.8/site-packages/airflow/example_dags/example_datasets.py
[2026-09-10T14:38:13.177+0000] {logging_mixin.py:188} INFO - [2026-09-10T14:38:13.177+0000] {dag.py:3047} INFO - Sync 6 DAGs
[2026-09-10T14:38:13.212+0000] {logging_mixin.py:188} INFO - [2026-09-10T14:38:13.212+0000] {dag.py:3834} INFO - Setting next_dagrun for dataset_consumes_1 to None, run_after=None
[2026-09-10T14:38:13.218+0000] {logging_mixin.py:188} INFO - [2026-09-10T14:38:13.218+0000] {dag.py:3834} INFO - Setting next_dagrun for dataset_consumes_1_and_2 to None, run_after=None
[2026-09-10T14:38:13.221+0000] {logging_mixin.py:188} INFO - [2026-09-10T14:38:13.220+0000] {dag.py:3834} INFO - Setting next_dagrun for dataset_consumes_1_never_scheduled to None, run_after=None
[2026-09-10T14:38:13.224+0000] {logging_mixin.py:188} INFO - [2026-09-10T14:38:13.224+0000] {dag.py:3834} INFO - Setting next_dagrun for dataset_consumes_unknown_never_scheduled to None, run_after=None
[2026-09-10T14:38:13.231+0000] {logging_mixin.py:188} INFO - [2026-09-10T14:38:13.230+0000] {dag.py:3834} INFO - Setting next_dagrun for dataset_produces_1 to 2026-09-09 00:00:00+00:00, run_after=2026-09-10 00:00:00+00:00
[2026-09-10T14:38:13.233+0000] {logging_mixin.py:188} INFO - [2026-09-10T14:38:13.233+0000] {dag.py:3834} INFO - Setting next_dagrun for dataset_produces_2 to None, run_after=None
[2026-09-10T14:38:13.278+0000] {processor.py:183} INFO - Processing /home/airflow/.local/lib/python3.8/site-packages/airflow/example_dags/example_datasets.py took 0.202 seconds
[2026-09-10T14:38:44.813+0000] {processor.py:161} INFO - Started process (PID=1546) to work on /home/airflow/.local/lib/python3.8/site-packages/airflow/example_dags/example_datasets.py
[2026-09-10T14:38:44.815+0000] {processor.py:830} INFO - Processing file /home/airflow/.local/lib/python3.8/site-packages/airflow/example_dags/example_datasets.py for tasks to queue
[2026-09-10T14:38:44.817+0000] {logging_mixin.py:188} INFO - [2026-09-10T14:38:44.817+0000] {dagbag.py:540} INFO - Filling up the DagBag from /home/airflow/.local/lib/python3.8/site-packages/airflow/example_dags/example_datasets.py
[2026-09-10T14:38:44.831+0000] {processor.py:840} INFO - DAG(s) 'dataset_produces_1', 'dataset_consumes_1_and_2', 'dataset_consumes_unknown_never_scheduled', 'dataset_consumes_1', 'dataset_produces_2', 'dataset_consumes_1_never_scheduled' retrieved from /home/airflow/.local/lib/python3.8/site-packages/airflow/example_dags/example_datasets.py
[2026-09-10T14:38:44.893+0000] {logging_mixin.py:188} INFO - [2026-09-10T14:38:44.893+0000] {dag.py:3047} INFO - Sync 6 DAGs
[2026-09-10T14:38:44.939+0000] {logging_mixin.py:188} INFO - [2026-09-10T14:38:44.939+0000] {dag.py:3834} INFO - Setting next_dagrun for dataset_consumes_1 to None, run_after=None
[2026-09-10T14:38:44.946+0000] {logging_mixin.py:188} INFO - [2026-09-10T14:38:44.945+0000] {dag.py:3834} INFO - Setting next_dagrun for dataset_consumes_1_and_2 to None, run_after=None
[2026-09-10T14:38:44.949+0000] {logging_mixin.py:188} INFO - [2026-09-10T14:38:44.948+0000] {dag.py:3834} INFO - Setting next_dagrun for dataset_consumes_1_never_scheduled to None, run_after=None
[2026-09-10T14:38:44.978+0000] {logging_mixin.py:188} INFO - [2026-09-10T14:38:44.978+0000] {dag.py:3834} INFO - Setting next_dagrun for dataset_consumes_unknown_never_scheduled to None, run_after=None
[2026-09-10T14:38:45.235+0000] {logging_mixin.py:188} INFO - [2026-09-10T14:38:45.235+0000] {dag.py:3834} INFO - Setting next_dagrun for dataset_produces_1 to 2026-09-09 00:00:00+00:00, run_after=2026-09-10 00:00:00+00:00
[2026-09-10T14:38:45.240+0000] {logging_mixin.py:188} INFO - [2026-09-10T14:38:45.239+0000] {dag.py:3834} INFO - Setting next_dagrun for dataset_produces_2 to None, run_after=None
[2026-09-10T14:38:45.323+0000] {processor.py:183} INFO - Processing /home/airflow/.local/lib/python3.8/site-packages/airflow/example_dags/example_datasets.py took 0.515 seconds
[2026-09-10T14:39:15.380+0000] {processor.py:161} INFO - Started process (PID=1604) to work on /home/airflow/.local/lib/python3.8/site-packages/airflow/example_dags/example_datasets.py
[2026-09-10T14:39:15.386+0000] {processor.py:830} INFO - Processing file /home/airflow/.local/lib/python3.8/site-packages/airflow/example_dags/example_datasets.py for tasks to queue
[2026-09-10T14:39:15.390+0000] {logging_mixin.py:188} INFO - [2026-09-10T14:39:15.390+0000] {dagbag.py:540} INFO - Filling up the DagBag from /home/airflow/.local/lib/python3.8/site-packages/airflow/example_dags/example_datasets.py
[2026-09-10T14:39:15.412+0000] {processor.py:840} INFO - DAG(s) 'dataset_produces_2', 'dataset_consumes_1_and_2', 'dataset_consumes_unknown_never_scheduled', 'dataset_produces_1', 'dataset_consumes_1_never_scheduled', 'dataset_consumes_1' retrieved from /home/airflow/.local/lib/python3.8/site-packages/airflow/example_dags/example_datasets.py
[2026-09-10T14:39:15.462+0000] {logging_mixin.py:188} INFO - [2026-09-10T14:39:15.462+0000] {dag.py:3047} INFO - Sync 6 DAGs
[2026-09-10T14:39:15.493+0000] {logging_mixin.py:188} INFO - [2026-09-10T14:39:15.493+0000] {dag.py:3834} INFO - Setting next_dagrun for dataset_consumes_1 to None, run_after=None
[2026-09-10T14:39:15.497+0000] {logging_mixin.py:188} INFO - [2026-09-10T14:39:15.497+0000] {dag.py:3834} INFO - Setting next_dagrun for dataset_consumes_1_and_2 to None, run_after=None
[2026-09-10T14:39:15.500+0000] {logging_mixin.py:188} INFO - [2026-09-10T14:39:15.499+0000] {dag.py:3834} INFO - Setting next_dagrun for dataset_consumes_1_never_scheduled to None, run_after=None
[2026-09-10T14:39:15.503+0000] {logging_mixin.py:188} INFO - [2026-09-10T14:39:15.503+0000] {dag.py:3834} INFO - Setting next_dagrun for dataset_consumes_unknown_never_scheduled to None, run_after=None
[2026-09-10T14:39:15.507+0000] {logging_mixin.py:188} INFO - [2026-09-10T14:39:15.506+0000] {dag.py:3834} INFO - Setting next_dagrun for dataset_produces_1 to 2026-09-09 00:00:00+00:00, run_after=2026-09-10 00:00:00+00:00
[2026-09-10T14:39:15.508+0000] {logging_mixin.py:188} INFO - [2026-09-10T14:39:15.508+0000] {dag.py:3834} INFO - Setting next_dagrun for dataset_produces_2 to None, run_after=None
[2026-09-10T14:39:15.572+0000] {processor.py:183} INFO - Processing /home/airflow/.local/lib/python3.8/site-packages/airflow/example_dags/example_datasets.py took 0.196 seconds
[2026-09-10T14:39:46.351+0000] {processor.py:161} INFO - Started process (PID=1663) to work on /home/airflow/.local/lib/python3.8/site-packages/airflow/example_dags/example_datasets.py
[2026-09-10T14:39:46.353+0000] {processor.py:830} INFO - Processing file /home/airflow/.local/lib/python3.8/site-packages/airflow/example_dags/example_datasets.py for tasks to queue
[2026-09-10T14:39:46.355+0000] {logging_mixin.py:188} INFO - [2026-09-10T14:39:46.355+0000] {dagbag.py:540} INFO - Filling up the DagBag from /home/airflow/.local/lib/python3.8/site-packages/airflow/example_dags/example_datasets.py
[2026-09-10T14:39:46.369+0000] {processor.py:840} INFO - DAG(s) 'dataset_produces_1', 'dataset_consumes_1', 'dataset_produces_2', 'dataset_consumes_unknown_never_scheduled', 'dataset_consumes_1_never_scheduled', 'dataset_consumes_1_and_2' retrieved from /home/airflow/.local/lib/python3.8/site-packages/airflow/example_dags/example_datasets.py
[2026-09-10T14:39:46.421+0000] {logging_mixin.py:188} INFO - [2026-09-10T14:39:46.421+0000] {dag.py:3047} INFO - Sync 6 DAGs
[2026-09-10T14:39:46.456+0000] {logging_mixin.py:188} INFO - [2026-09-10T14:39:46.456+0000] {dag.py:3834} INFO - Setting next_dagrun for dataset_consumes_1 to None, run_after=None
[2026-09-10T14:39:46.464+0000] {logging_mixin.py:188} INFO - [2026-09-10T14:39:46.463+0000] {dag.py:3834} INFO - Setting next_dagrun for dataset_consumes_1_and_2 to None, run_after=None
[2026-09-10T14:39:46.467+0000] {logging_mixin.py:188} INFO - [2026-09-10T14:39:46.466+0000] {dag.py:3834} INFO - Setting next_dagrun for dataset_consumes_1_never_scheduled to None, run_after=None
[2026-09-10T14:39:46.470+0000] {logging_mixin.py:188} INFO - [2026-09-10T14:39:46.470+0000] {dag.py:3834} INFO - Setting next_dagrun for dataset_consumes_unknown_never_scheduled to None, run_after=None
[2026-09-10T14:39:46.474+0000] {logging_mixin.py:188} INFO - [2026-09-10T14:39:46.473+0000] {dag.py:3834} INFO - Setting next_dagrun for dataset_produces_1 to 2026-09-09 00:00:00+00:00, run_after=2026-09-10 00:00:00+00:00
[2026-09-10T14:39:46.476+0000] {logging_mixin.py:188} INFO - [2026-09-10T14:39:46.476+0000] {dag.py:3834} INFO - Setting next_dagrun for dataset_produces_2 to None, run_after=None
[2026-09-10T14:39:46.528+0000] {processor.py:183} INFO - Processing /home/airflow/.local/lib/python3.8/site-packages/airflow/example_dags/example_datasets.py took 0.184 seconds
[2026-09-10T14:40:17.502+0000] {processor.py:161} INFO - Started process (PID=1722) to work on /home/airflow/.local/lib/python3.8/site-packages/airflow/example_dags/example_datasets.py
[2026-09-10T14:40:17.504+0000] {processor.py:830} INFO - Processing file /home/airflow/.local/lib/python3.8/site-packages/airflow/example_dags/example_datasets.py for tasks to queue
[2026-09-10T14:40:17.506+0000] {logging_mixin.py:188} INFO - [2026-09-10T14:40:17.506+0000] {dagbag.py:540} INFO - Filling up the DagBag from /home/airflow/.local/lib/python3.8/site-packages/airflow/example_dags/example_datasets.py
[2026-09-10T14:40:17.519+0000] {processor.py:840} INFO - DAG(s) 'dataset_consumes_1_never_scheduled', 'dataset_produces_1', 'dataset_produces_2', 'dataset_consumes_1_and_2', 'dataset_consumes_1', 'dataset_consumes_unknown_never_scheduled' retrieved from /home/airflow/.local/lib/python3.8/site-packages/airflow/example_dags/example_datasets.py
[2026-09-10T14:40:17.573+0000] {logging_mixin.py:188} INFO - [2026-09-10T14:40:17.572+0000] {dag.py:3047} INFO - Sync 6 DAGs
[2026-09-10T14:40:17.598+0000] {logging_mixin.py:188} INFO - [2026-09-10T14:40:17.598+0000] {dag.py:3834} INFO - Setting next_dagrun for dataset_consumes_1 to None, run_after=None
[2026-09-10T14:40:17.603+0000] {logging_mixin.py:188} INFO - [2026-09-10T14:40:17.603+0000] {dag.py:3834} INFO - Setting next_dagrun for dataset_consumes_1_and_2 to None, run_after=None
[2026-09-10T14:40:17.605+0000] {logging_mixin.py:188} INFO - [2026-09-10T14:40:17.605+0000] {dag.py:3834} INFO - Setting next_dagrun for dataset_consumes_1_never_scheduled to None, run_after=None
[2026-09-10T14:40:17.607+0000] {logging_mixin.py:188} INFO - [2026-09-10T14:40:17.607+0000] {dag.py:3834} INFO - Setting next_dagrun for dataset_consumes_unknown_never_scheduled to None, run_after=None
[2026-09-10T14:40:17.612+0000] {logging_mixin.py:188} INFO - [2026-09-10T14:40:17.612+0000] {dag.py:3834} INFO - Setting next_dagrun for dataset_produces_1 to 2026-09-09 00:00:00+00:00, run_after=2026-09-10 00:00:00+00:00
[2026-09-10T14:40:17.614+0000] {logging_mixin.py:188} INFO - [2026-09-10T14:40:17.614+0000] {dag.py:3834} INFO - Setting next_dagrun for dataset_produces_2 to None, run_after=None
[2026-09-10T14:40:17.649+0000] {processor.py:183} INFO - Processing /home/airflow/.local/lib/python3.8/site-packages/airflow/example_dags/example_datasets.py took 0.153 seconds
