[2026-09-08T13:44:45.995+0000] {processor.py:161} INFO - Started process (PID=95) to work on /home/airflow/.local/lib/python3.8/site-packages/airflow/example_dags/example_branch_operator_decorator.py
[2026-09-08T13:44:45.998+0000] {processor.py:830} INFO - Processing file /home/airflow/.local/lib/python3.8/site-packages/airflow/example_dags/example_branch_operator_decorator.py for tasks to queue
[2026-09-08T13:44:46.002+0000] {logging_mixin.py:188} INFO - [2026-09-08T13:44:46.002+0000] {dagbag.py:540} INFO - Filling up the DagBag from /home/airflow/.local/lib/python3.8/site-packages/airflow/example_dags/example_branch_operator_decorator.py
[2026-09-08T13:44:46.055+0000] {processor.py:840} INFO - DAG(s) 'example_branch_python_operator_decorator' retrieved from /home/airflow/.local/lib/python3.8/site-packages/airflow/example_dags/example_branch_operator_decorator.py
[2026-09-08T13:44:46.076+0000] {logging_mixin.py:188} INFO - [2026-09-08T13:44:46.075+0000] {dag.py:3047} INFO - Sync 1 DAGs
[2026-09-08T13:44:46.174+0000] {logging_mixin.py:188} INFO - [2026-09-08T13:44:46.174+0000] {dag.py:3834} INFO - Setting next_dagrun for example_branch_python_operator_decorator to 2026-09-07 00:00:00+00:00, run_after=2026-09-08 00:00:00+00:00
[2026-09-08T13:44:46.256+0000] {processor.py:183} INFO - Processing /home/airflow/.local/lib/python3.8/site-packages/airflow/example_dags/example_branch_operator_decorator.py took 0.271 seconds
[2026-09-08T13:45:17.441+0000] {processor.py:161} INFO - Started process (PID=152) to work on /home/airflow/.local/lib/python3.8/site-packages/airflow/example_dags/example_branch_operator_decorator.py
[2026-09-08T13:45:17.448+0000] {processor.py:830} INFO - Processing file /home/airflow/.local/lib/python3.8/site-packages/airflow/example_dags/example_branch_operator_decorator.py for tasks to queue
[2026-09-08T13:45:17.454+0000] {logging_mixin.py:188} INFO - [2026-09-08T13:45:17.453+0000] {dagbag.py:540} INFO - Filling up the DagBag from /home/airflow/.local/lib/python3.8/site-packages/airflow/example_dags/example_branch_operator_decorator.py
[2026-09-08T13:45:17.555+0000] {processor.py:840} INFO - DAG(s) 'example_branch_python_operator_decorator' retrieved from /home/airflow/.local/lib/python3.8/site-packages/airflow/example_dags/example_branch_operator_decorator.py
[2026-09-08T13:45:17.883+0000] {logging_mixin.py:188} INFO - [2026-09-08T13:45:17.882+0000] {dag.py:3047} INFO - Sync 1 DAGs
[2026-09-08T13:45:17.961+0000] {logging_mixin.py:188} INFO - [2026-09-08T13:45:17.960+0000] {dag.py:3834} INFO - Setting next_dagrun for example_branch_python_operator_decorator to 2026-09-07 00:00:00+00:00, run_after=2026-09-08 00:00:00+00:00
[2026-09-08T13:45:18.005+0000] {processor.py:183} INFO - Processing /home/airflow/.local/lib/python3.8/site-packages/airflow/example_dags/example_branch_operator_decorator.py took 0.576 seconds
[2026-09-08T13:45:48.854+0000] {processor.py:161} INFO - Started process (PID=210) to work on /home/airflow/.local/lib/python3.8/site-packages/airflow/example_dags/example_branch_operator_decorator.py
[2026-09-08T13:45:48.856+0000] {processor.py:830} INFO - Processing file /home/airflow/.local/lib/python3.8/site-packages/airflow/example_dags/example_branch_operator_decorator.py for tasks to queue
[2026-09-08T13:45:48.867+0000] {logging_mixin.py:188} INFO - [2026-09-08T13:45:48.867+0000] {dagbag.py:540} INFO - Filling up the DagBag from /home/airflow/.local/lib/python3.8/site-packages/airflow/example_dags/example_branch_operator_decorator.py
[2026-09-08T13:45:48.952+0000] {processor.py:840} INFO - DAG(s) 'example_branch_python_operator_decorator' retrieved from /home/airflow/.local/lib/python3.8/site-packages/airflow/example_dags/example_branch_operator_decorator.py
[2026-09-08T13:45:49.049+0000] {logging_mixin.py:188} INFO - [2026-09-08T13:45:49.048+0000] {dag.py:3047} INFO - Sync 1 DAGs
[2026-09-08T13:45:49.145+0000] {logging_mixin.py:188} INFO - [2026-09-08T13:45:49.144+0000] {dag.py:3834} INFO - Setting next_dagrun for example_branch_python_operator_decorator to 2026-09-07 00:00:00+00:00, run_after=2026-09-08 00:00:00+00:00
[2026-09-08T13:45:49.210+0000] {processor.py:183} INFO - Processing /home/airflow/.local/lib/python3.8/site-packages/airflow/example_dags/example_branch_operator_decorator.py took 0.365 seconds
[2026-09-08T13:46:19.642+0000] {processor.py:161} INFO - Started process (PID=272) to work on /home/airflow/.local/lib/python3.8/site-packages/airflow/example_dags/example_branch_operator_decorator.py
[2026-09-08T13:46:19.644+0000] {processor.py:830} INFO - Processing file /home/airflow/.local/lib/python3.8/site-packages/airflow/example_dags/example_branch_operator_decorator.py for tasks to queue
[2026-09-08T13:46:19.646+0000] {logging_mixin.py:188} INFO - [2026-09-08T13:46:19.646+0000] {dagbag.py:540} INFO - Filling up the DagBag from /home/airflow/.local/lib/python3.8/site-packages/airflow/example_dags/example_branch_operator_decorator.py
[2026-09-08T13:46:19.672+0000] {processor.py:840} INFO - DAG(s) 'example_branch_python_operator_decorator' retrieved from /home/airflow/.local/lib/python3.8/site-packages/airflow/example_dags/example_branch_operator_decorator.py
[2026-09-08T13:46:19.714+0000] {logging_mixin.py:188} INFO - [2026-09-08T13:46:19.714+0000] {dag.py:3047} INFO - Sync 1 DAGs
[2026-09-08T13:46:19.745+0000] {logging_mixin.py:188} INFO - [2026-09-08T13:46:19.745+0000] {dag.py:3834} INFO - Setting next_dagrun for example_branch_python_operator_decorator to 2026-09-07 00:00:00+00:00, run_after=2026-09-08 00:00:00+00:00
[2026-09-08T13:46:19.821+0000] {processor.py:183} INFO - Processing /home/airflow/.local/lib/python3.8/site-packages/airflow/example_dags/example_branch_operator_decorator.py took 0.183 seconds
[2026-09-08T13:46:50.313+0000] {processor.py:161} INFO - Started process (PID=328) to work on /home/airflow/.local/lib/python3.8/site-packages/airflow/example_dags/example_branch_operator_decorator.py
[2026-09-08T13:46:50.316+0000] {processor.py:830} INFO - Processing file /home/airflow/.local/lib/python3.8/site-packages/airflow/example_dags/example_branch_operator_decorator.py for tasks to queue
[2026-09-08T13:46:50.319+0000] {logging_mixin.py:188} INFO - [2026-09-08T13:46:50.318+0000] {dagbag.py:540} INFO - Filling up the DagBag from /home/airflow/.local/lib/python3.8/site-packages/airflow/example_dags/example_branch_operator_decorator.py
[2026-09-08T13:46:50.345+0000] {processor.py:840} INFO - DAG(s) 'example_branch_python_operator_decorator' retrieved from /home/airflow/.local/lib/python3.8/site-packages/airflow/example_dags/example_branch_operator_decorator.py
[2026-09-08T13:46:50.381+0000] {logging_mixin.py:188} INFO - [2026-09-08T13:46:50.380+0000] {dag.py:3047} INFO - Sync 1 DAGs
[2026-09-08T13:46:50.417+0000] {logging_mixin.py:188} INFO - [2026-09-08T13:46:50.417+0000] {dag.py:3834} INFO - Setting next_dagrun for example_branch_python_operator_decorator to 2026-09-07 00:00:00+00:00, run_after=2026-09-08 00:00:00+00:00
[2026-09-08T13:46:50.448+0000] {processor.py:183} INFO - Processing /home/airflow/.local/lib/python3.8/site-packages/airflow/example_dags/example_branch_operator_decorator.py took 0.140 seconds
[2026-09-08T13:47:20.924+0000] {processor.py:161} INFO - Started process (PID=389) to work on /home/airflow/.local/lib/python3.8/site-packages/airflow/example_dags/example_branch_operator_decorator.py
[2026-09-08T13:47:20.926+0000] {processor.py:830} INFO - Processing file /home/airflow/.local/lib/python3.8/site-packages/airflow/example_dags/example_branch_operator_decorator.py for tasks to queue
[2026-09-08T13:47:20.930+0000] {logging_mixin.py:188} INFO - [2026-09-08T13:47:20.930+0000] {dagbag.py:540} INFO - Filling up the DagBag from /home/airflow/.local/lib/python3.8/site-packages/airflow/example_dags/example_branch_operator_decorator.py
[2026-09-08T13:47:20.958+0000] {processor.py:840} INFO - DAG(s) 'example_branch_python_operator_decorator' retrieved from /home/airflow/.local/lib/python3.8/site-packages/airflow/example_dags/example_branch_operator_decorator.py
[2026-09-08T13:47:21.000+0000] {logging_mixin.py:188} INFO - [2026-09-08T13:47:20.999+0000] {dag.py:3047} INFO - Sync 1 DAGs
[2026-09-08T13:47:21.024+0000] {logging_mixin.py:188} INFO - [2026-09-08T13:47:21.024+0000] {dag.py:3834} INFO - Setting next_dagrun for example_branch_python_operator_decorator to 2026-09-07 00:00:00+00:00, run_after=2026-09-08 00:00:00+00:00
[2026-09-08T13:47:21.116+0000] {processor.py:183} INFO - Processing /home/airflow/.local/lib/python3.8/site-packages/airflow/example_dags/example_branch_operator_decorator.py took 0.195 seconds
[2026-09-08T13:47:51.213+0000] {processor.py:161} INFO - Started process (PID=446) to work on /home/airflow/.local/lib/python3.8/site-packages/airflow/example_dags/example_branch_operator_decorator.py
[2026-09-08T13:47:51.215+0000] {processor.py:830} INFO - Processing file /home/airflow/.local/lib/python3.8/site-packages/airflow/example_dags/example_branch_operator_decorator.py for tasks to queue
[2026-09-08T13:47:51.218+0000] {logging_mixin.py:188} INFO - [2026-09-08T13:47:51.217+0000] {dagbag.py:540} INFO - Filling up the DagBag from /home/airflow/.local/lib/python3.8/site-packages/airflow/example_dags/example_branch_operator_decorator.py
[2026-09-08T13:47:51.250+0000] {processor.py:840} INFO - DAG(s) 'example_branch_python_operator_decorator' retrieved from /home/airflow/.local/lib/python3.8/site-packages/airflow/example_dags/example_branch_operator_decorator.py
[2026-09-08T13:47:51.266+0000] {logging_mixin.py:188} INFO - [2026-09-08T13:47:51.266+0000] {dag.py:3047} INFO - Sync 1 DAGs
[2026-09-08T13:47:51.300+0000] {logging_mixin.py:188} INFO - [2026-09-08T13:47:51.299+0000] {dag.py:3834} INFO - Setting next_dagrun for example_branch_python_operator_decorator to 2026-09-07 00:00:00+00:00, run_after=2026-09-08 00:00:00+00:00
[2026-09-08T13:47:51.324+0000] {processor.py:183} INFO - Processing /home/airflow/.local/lib/python3.8/site-packages/airflow/example_dags/example_branch_operator_decorator.py took 0.114 seconds
[2026-09-08T13:48:22.509+0000] {processor.py:161} INFO - Started process (PID=503) to work on /home/airflow/.local/lib/python3.8/site-packages/airflow/example_dags/example_branch_operator_decorator.py
[2026-09-08T13:48:22.512+0000] {processor.py:830} INFO - Processing file /home/airflow/.local/lib/python3.8/site-packages/airflow/example_dags/example_branch_operator_decorator.py for tasks to queue
[2026-09-08T13:48:22.516+0000] {logging_mixin.py:188} INFO - [2026-09-08T13:48:22.515+0000] {dagbag.py:540} INFO - Filling up the DagBag from /home/airflow/.local/lib/python3.8/site-packages/airflow/example_dags/example_branch_operator_decorator.py
[2026-09-08T13:48:22.550+0000] {processor.py:840} INFO - DAG(s) 'example_branch_python_operator_decorator' retrieved from /home/airflow/.local/lib/python3.8/site-packages/airflow/example_dags/example_branch_operator_decorator.py
[2026-09-08T13:48:22.681+0000] {logging_mixin.py:188} INFO - [2026-09-08T13:48:22.681+0000] {dag.py:3047} INFO - Sync 1 DAGs
[2026-09-08T13:48:22.706+0000] {logging_mixin.py:188} INFO - [2026-09-08T13:48:22.706+0000] {dag.py:3834} INFO - Setting next_dagrun for example_branch_python_operator_decorator to 2026-09-07 00:00:00+00:00, run_after=2026-09-08 00:00:00+00:00
[2026-09-08T13:48:22.731+0000] {processor.py:183} INFO - Processing /home/airflow/.local/lib/python3.8/site-packages/airflow/example_dags/example_branch_operator_decorator.py took 0.229 seconds
[2026-09-08T13:48:52.792+0000] {processor.py:161} INFO - Started process (PID=559) to work on /home/airflow/.local/lib/python3.8/site-packages/airflow/example_dags/example_branch_operator_decorator.py
[2026-09-08T13:48:52.794+0000] {processor.py:830} INFO - Processing file /home/airflow/.local/lib/python3.8/site-packages/airflow/example_dags/example_branch_operator_decorator.py for tasks to queue
[2026-09-08T13:48:52.797+0000] {logging_mixin.py:188} INFO - [2026-09-08T13:48:52.797+0000] {dagbag.py:540} INFO - Filling up the DagBag from /home/airflow/.local/lib/python3.8/site-packages/airflow/example_dags/example_branch_operator_decorator.py
[2026-09-08T13:48:52.821+0000] {processor.py:840} INFO - DAG(s) 'example_branch_python_operator_decorator' retrieved from /home/airflow/.local/lib/python3.8/site-packages/airflow/example_dags/example_branch_operator_decorator.py
[2026-09-08T13:48:52.853+0000] {logging_mixin.py:188} INFO - [2026-09-08T13:48:52.852+0000] {dag.py:3047} INFO - Sync 1 DAGs
[2026-09-08T13:48:52.879+0000] {logging_mixin.py:188} INFO - [2026-09-08T13:48:52.878+0000] {dag.py:3834} INFO - Setting next_dagrun for example_branch_python_operator_decorator to 2026-09-07 00:00:00+00:00, run_after=2026-09-08 00:00:00+00:00
[2026-09-08T13:48:52.900+0000] {processor.py:183} INFO - Processing /home/airflow/.local/lib/python3.8/site-packages/airflow/example_dags/example_branch_operator_decorator.py took 0.111 seconds
[2026-09-08T13:49:22.986+0000] {processor.py:161} INFO - Started process (PID=616) to work on /home/airflow/.local/lib/python3.8/site-packages/airflow/example_dags/example_branch_operator_decorator.py
[2026-09-08T13:49:22.987+0000] {processor.py:830} INFO - Processing file /home/airflow/.local/lib/python3.8/site-packages/airflow/example_dags/example_branch_operator_decorator.py for tasks to queue
[2026-09-08T13:49:22.990+0000] {logging_mixin.py:188} INFO - [2026-09-08T13:49:22.989+0000] {dagbag.py:540} INFO - Filling up the DagBag from /home/airflow/.local/lib/python3.8/site-packages/airflow/example_dags/example_branch_operator_decorator.py
[2026-09-08T13:49:23.012+0000] {processor.py:840} INFO - DAG(s) 'example_branch_python_operator_decorator' retrieved from /home/airflow/.local/lib/python3.8/site-packages/airflow/example_dags/example_branch_operator_decorator.py
[2026-09-08T13:49:23.044+0000] {logging_mixin.py:188} INFO - [2026-09-08T13:49:23.044+0000] {dag.py:3047} INFO - Sync 1 DAGs
[2026-09-08T13:49:23.069+0000] {logging_mixin.py:188} INFO - [2026-09-08T13:49:23.068+0000] {dag.py:3834} INFO - Setting next_dagrun for example_branch_python_operator_decorator to 2026-09-07 00:00:00+00:00, run_after=2026-09-08 00:00:00+00:00
[2026-09-08T13:49:23.090+0000] {processor.py:183} INFO - Processing /home/airflow/.local/lib/python3.8/site-packages/airflow/example_dags/example_branch_operator_decorator.py took 0.107 seconds
[2026-09-08T13:49:53.938+0000] {processor.py:161} INFO - Started process (PID=673) to work on /home/airflow/.local/lib/python3.8/site-packages/airflow/example_dags/example_branch_operator_decorator.py
[2026-09-08T13:49:53.952+0000] {processor.py:830} INFO - Processing file /home/airflow/.local/lib/python3.8/site-packages/airflow/example_dags/example_branch_operator_decorator.py for tasks to queue
[2026-09-08T13:49:53.955+0000] {logging_mixin.py:188} INFO - [2026-09-08T13:49:53.955+0000] {dagbag.py:540} INFO - Filling up the DagBag from /home/airflow/.local/lib/python3.8/site-packages/airflow/example_dags/example_branch_operator_decorator.py
[2026-09-08T13:49:54.008+0000] {processor.py:840} INFO - DAG(s) 'example_branch_python_operator_decorator' retrieved from /home/airflow/.local/lib/python3.8/site-packages/airflow/example_dags/example_branch_operator_decorator.py
[2026-09-08T13:49:54.038+0000] {logging_mixin.py:188} INFO - [2026-09-08T13:49:54.038+0000] {dag.py:3047} INFO - Sync 1 DAGs
[2026-09-08T13:49:54.064+0000] {logging_mixin.py:188} INFO - [2026-09-08T13:49:54.064+0000] {dag.py:3834} INFO - Setting next_dagrun for example_branch_python_operator_decorator to 2026-09-07 00:00:00+00:00, run_after=2026-09-08 00:00:00+00:00
[2026-09-08T13:49:54.086+0000] {processor.py:183} INFO - Processing /home/airflow/.local/lib/python3.8/site-packages/airflow/example_dags/example_branch_operator_decorator.py took 0.153 seconds
[2026-09-08T13:50:24.898+0000] {processor.py:161} INFO - Started process (PID=730) to work on /home/airflow/.local/lib/python3.8/site-packages/airflow/example_dags/example_branch_operator_decorator.py
[2026-09-08T13:50:24.900+0000] {processor.py:830} INFO - Processing file /home/airflow/.local/lib/python3.8/site-packages/airflow/example_dags/example_branch_operator_decorator.py for tasks to queue
[2026-09-08T13:50:24.904+0000] {logging_mixin.py:188} INFO - [2026-09-08T13:50:24.903+0000] {dagbag.py:540} INFO - Filling up the DagBag from /home/airflow/.local/lib/python3.8/site-packages/airflow/example_dags/example_branch_operator_decorator.py
[2026-09-08T13:50:24.937+0000] {processor.py:840} INFO - DAG(s) 'example_branch_python_operator_decorator' retrieved from /home/airflow/.local/lib/python3.8/site-packages/airflow/example_dags/example_branch_operator_decorator.py
[2026-09-08T13:50:24.984+0000] {logging_mixin.py:188} INFO - [2026-09-08T13:50:24.983+0000] {dag.py:3047} INFO - Sync 1 DAGs
[2026-09-08T13:50:25.014+0000] {logging_mixin.py:188} INFO - [2026-09-08T13:50:25.014+0000] {dag.py:3834} INFO - Setting next_dagrun for example_branch_python_operator_decorator to 2026-09-07 00:00:00+00:00, run_after=2026-09-08 00:00:00+00:00
[2026-09-08T13:50:25.039+0000] {processor.py:183} INFO - Processing /home/airflow/.local/lib/python3.8/site-packages/airflow/example_dags/example_branch_operator_decorator.py took 0.148 seconds
[2026-09-08T13:50:55.134+0000] {processor.py:161} INFO - Started process (PID=785) to work on /home/airflow/.local/lib/python3.8/site-packages/airflow/example_dags/example_branch_operator_decorator.py
[2026-09-08T13:50:55.136+0000] {processor.py:830} INFO - Processing file /home/airflow/.local/lib/python3.8/site-packages/airflow/example_dags/example_branch_operator_decorator.py for tasks to queue
[2026-09-08T13:50:55.138+0000] {logging_mixin.py:188} INFO - [2026-09-08T13:50:55.138+0000] {dagbag.py:540} INFO - Filling up the DagBag from /home/airflow/.local/lib/python3.8/site-packages/airflow/example_dags/example_branch_operator_decorator.py
[2026-09-08T13:50:55.159+0000] {processor.py:840} INFO - DAG(s) 'example_branch_python_operator_decorator' retrieved from /home/airflow/.local/lib/python3.8/site-packages/airflow/example_dags/example_branch_operator_decorator.py
[2026-09-08T13:50:55.197+0000] {logging_mixin.py:188} INFO - [2026-09-08T13:50:55.197+0000] {dag.py:3047} INFO - Sync 1 DAGs
[2026-09-08T13:50:55.221+0000] {logging_mixin.py:188} INFO - [2026-09-08T13:50:55.221+0000] {dag.py:3834} INFO - Setting next_dagrun for example_branch_python_operator_decorator to 2026-09-07 00:00:00+00:00, run_after=2026-09-08 00:00:00+00:00
[2026-09-08T13:50:55.247+0000] {processor.py:183} INFO - Processing /home/airflow/.local/lib/python3.8/site-packages/airflow/example_dags/example_branch_operator_decorator.py took 0.117 seconds
[2026-09-08T13:51:25.339+0000] {processor.py:161} INFO - Started process (PID=842) to work on /home/airflow/.local/lib/python3.8/site-packages/airflow/example_dags/example_branch_operator_decorator.py
[2026-09-08T13:51:25.341+0000] {processor.py:830} INFO - Processing file /home/airflow/.local/lib/python3.8/site-packages/airflow/example_dags/example_branch_operator_decorator.py for tasks to queue
[2026-09-08T13:51:25.343+0000] {logging_mixin.py:188} INFO - [2026-09-08T13:51:25.343+0000] {dagbag.py:540} INFO - Filling up the DagBag from /home/airflow/.local/lib/python3.8/site-packages/airflow/example_dags/example_branch_operator_decorator.py
[2026-09-08T13:51:25.365+0000] {processor.py:840} INFO - DAG(s) 'example_branch_python_operator_decorator' retrieved from /home/airflow/.local/lib/python3.8/site-packages/airflow/example_dags/example_branch_operator_decorator.py
[2026-09-08T13:51:25.395+0000] {logging_mixin.py:188} INFO - [2026-09-08T13:51:25.395+0000] {dag.py:3047} INFO - Sync 1 DAGs
[2026-09-08T13:51:25.421+0000] {logging_mixin.py:188} INFO - [2026-09-08T13:51:25.421+0000] {dag.py:3834} INFO - Setting next_dagrun for example_branch_python_operator_decorator to 2026-09-07 00:00:00+00:00, run_after=2026-09-08 00:00:00+00:00
[2026-09-08T13:51:25.445+0000] {processor.py:183} INFO - Processing /home/airflow/.local/lib/python3.8/site-packages/airflow/example_dags/example_branch_operator_decorator.py took 0.109 seconds
[2026-09-08T13:51:55.538+0000] {processor.py:161} INFO - Started process (PID=899) to work on /home/airflow/.local/lib/python3.8/site-packages/airflow/example_dags/example_branch_operator_decorator.py
[2026-09-08T13:51:55.540+0000] {processor.py:830} INFO - Processing file /home/airflow/.local/lib/python3.8/site-packages/airflow/example_dags/example_branch_operator_decorator.py for tasks to queue
[2026-09-08T13:51:55.543+0000] {logging_mixin.py:188} INFO - [2026-09-08T13:51:55.542+0000] {dagbag.py:540} INFO - Filling up the DagBag from /home/airflow/.local/lib/python3.8/site-packages/airflow/example_dags/example_branch_operator_decorator.py
[2026-09-08T13:51:55.565+0000] {processor.py:840} INFO - DAG(s) 'example_branch_python_operator_decorator' retrieved from /home/airflow/.local/lib/python3.8/site-packages/airflow/example_dags/example_branch_operator_decorator.py
[2026-09-08T13:51:55.593+0000] {logging_mixin.py:188} INFO - [2026-09-08T13:51:55.593+0000] {dag.py:3047} INFO - Sync 1 DAGs
[2026-09-08T13:51:55.616+0000] {logging_mixin.py:188} INFO - [2026-09-08T13:51:55.616+0000] {dag.py:3834} INFO - Setting next_dagrun for example_branch_python_operator_decorator to 2026-09-07 00:00:00+00:00, run_after=2026-09-08 00:00:00+00:00
[2026-09-08T13:51:55.638+0000] {processor.py:183} INFO - Processing /home/airflow/.local/lib/python3.8/site-packages/airflow/example_dags/example_branch_operator_decorator.py took 0.104 seconds
[2026-09-08T13:52:25.891+0000] {processor.py:161} INFO - Started process (PID=956) to work on /home/airflow/.local/lib/python3.8/site-packages/airflow/example_dags/example_branch_operator_decorator.py
[2026-09-08T13:52:25.893+0000] {processor.py:830} INFO - Processing file /home/airflow/.local/lib/python3.8/site-packages/airflow/example_dags/example_branch_operator_decorator.py for tasks to queue
[2026-09-08T13:52:25.896+0000] {logging_mixin.py:188} INFO - [2026-09-08T13:52:25.896+0000] {dagbag.py:540} INFO - Filling up the DagBag from /home/airflow/.local/lib/python3.8/site-packages/airflow/example_dags/example_branch_operator_decorator.py
[2026-09-08T13:52:25.923+0000] {processor.py:840} INFO - DAG(s) 'example_branch_python_operator_decorator' retrieved from /home/airflow/.local/lib/python3.8/site-packages/airflow/example_dags/example_branch_operator_decorator.py
[2026-09-08T13:52:25.955+0000] {logging_mixin.py:188} INFO - [2026-09-08T13:52:25.955+0000] {dag.py:3047} INFO - Sync 1 DAGs
[2026-09-08T13:52:25.984+0000] {logging_mixin.py:188} INFO - [2026-09-08T13:52:25.984+0000] {dag.py:3834} INFO - Setting next_dagrun for example_branch_python_operator_decorator to 2026-09-07 00:00:00+00:00, run_after=2026-09-08 00:00:00+00:00
[2026-09-08T13:52:26.007+0000] {processor.py:183} INFO - Processing /home/airflow/.local/lib/python3.8/site-packages/airflow/example_dags/example_branch_operator_decorator.py took 0.120 seconds
[2026-09-10T13:33:39.882+0000] {processor.py:161} INFO - Started process (PID=2750) to work on /home/airflow/.local/lib/python3.8/site-packages/airflow/example_dags/example_branch_operator_decorator.py
[2026-09-10T13:33:39.885+0000] {processor.py:830} INFO - Processing file /home/airflow/.local/lib/python3.8/site-packages/airflow/example_dags/example_branch_operator_decorator.py for tasks to queue
[2026-09-10T13:33:39.892+0000] {logging_mixin.py:188} INFO - [2026-09-10T13:33:39.891+0000] {dagbag.py:540} INFO - Filling up the DagBag from /home/airflow/.local/lib/python3.8/site-packages/airflow/example_dags/example_branch_operator_decorator.py
[2026-09-10T13:33:39.950+0000] {processor.py:840} INFO - DAG(s) 'example_branch_python_operator_decorator' retrieved from /home/airflow/.local/lib/python3.8/site-packages/airflow/example_dags/example_branch_operator_decorator.py
[2026-09-10T13:33:39.995+0000] {logging_mixin.py:188} INFO - [2026-09-10T13:33:39.994+0000] {dag.py:3047} INFO - Sync 1 DAGs
[2026-09-10T13:33:40.027+0000] {logging_mixin.py:188} INFO - [2026-09-10T13:33:40.027+0000] {dag.py:3834} INFO - Setting next_dagrun for example_branch_python_operator_decorator to 2026-09-09 00:00:00+00:00, run_after=2026-09-10 00:00:00+00:00
[2026-09-10T13:33:40.057+0000] {processor.py:183} INFO - Processing /home/airflow/.local/lib/python3.8/site-packages/airflow/example_dags/example_branch_operator_decorator.py took 0.184 seconds
[2026-09-10T13:34:10.387+0000] {processor.py:161} INFO - Started process (PID=2811) to work on /home/airflow/.local/lib/python3.8/site-packages/airflow/example_dags/example_branch_operator_decorator.py
[2026-09-10T13:34:10.389+0000] {processor.py:830} INFO - Processing file /home/airflow/.local/lib/python3.8/site-packages/airflow/example_dags/example_branch_operator_decorator.py for tasks to queue
[2026-09-10T13:34:10.392+0000] {logging_mixin.py:188} INFO - [2026-09-10T13:34:10.391+0000] {dagbag.py:540} INFO - Filling up the DagBag from /home/airflow/.local/lib/python3.8/site-packages/airflow/example_dags/example_branch_operator_decorator.py
[2026-09-10T13:34:10.422+0000] {processor.py:840} INFO - DAG(s) 'example_branch_python_operator_decorator' retrieved from /home/airflow/.local/lib/python3.8/site-packages/airflow/example_dags/example_branch_operator_decorator.py
[2026-09-10T13:34:10.460+0000] {logging_mixin.py:188} INFO - [2026-09-10T13:34:10.460+0000] {dag.py:3047} INFO - Sync 1 DAGs
[2026-09-10T13:34:10.497+0000] {logging_mixin.py:188} INFO - [2026-09-10T13:34:10.497+0000] {dag.py:3834} INFO - Setting next_dagrun for example_branch_python_operator_decorator to 2026-09-09 00:00:00+00:00, run_after=2026-09-10 00:00:00+00:00
[2026-09-10T13:34:10.529+0000] {processor.py:183} INFO - Processing /home/airflow/.local/lib/python3.8/site-packages/airflow/example_dags/example_branch_operator_decorator.py took 0.147 seconds
[2026-09-10T13:35:48.797+0000] {processor.py:161} INFO - Started process (PID=117) to work on /home/airflow/.local/lib/python3.8/site-packages/airflow/example_dags/example_branch_operator_decorator.py
[2026-09-10T13:35:48.802+0000] {processor.py:830} INFO - Processing file /home/airflow/.local/lib/python3.8/site-packages/airflow/example_dags/example_branch_operator_decorator.py for tasks to queue
[2026-09-10T13:35:48.807+0000] {logging_mixin.py:188} INFO - [2026-09-10T13:35:48.807+0000] {dagbag.py:540} INFO - Filling up the DagBag from /home/airflow/.local/lib/python3.8/site-packages/airflow/example_dags/example_branch_operator_decorator.py
[2026-09-10T13:35:48.877+0000] {processor.py:840} INFO - DAG(s) 'example_branch_python_operator_decorator' retrieved from /home/airflow/.local/lib/python3.8/site-packages/airflow/example_dags/example_branch_operator_decorator.py
[2026-09-10T13:35:49.176+0000] {logging_mixin.py:188} INFO - [2026-09-10T13:35:49.176+0000] {dag.py:3047} INFO - Sync 1 DAGs
[2026-09-10T13:35:49.313+0000] {logging_mixin.py:188} INFO - [2026-09-10T13:35:49.313+0000] {dag.py:3834} INFO - Setting next_dagrun for example_branch_python_operator_decorator to 2026-09-09 00:00:00+00:00, run_after=2026-09-10 00:00:00+00:00
[2026-09-10T13:35:49.489+0000] {processor.py:183} INFO - Processing /home/airflow/.local/lib/python3.8/site-packages/airflow/example_dags/example_branch_operator_decorator.py took 0.709 seconds
[2026-09-10T13:36:19.560+0000] {processor.py:161} INFO - Started process (PID=178) to work on /home/airflow/.local/lib/python3.8/site-packages/airflow/example_dags/example_branch_operator_decorator.py
[2026-09-10T13:36:19.563+0000] {processor.py:830} INFO - Processing file /home/airflow/.local/lib/python3.8/site-packages/airflow/example_dags/example_branch_operator_decorator.py for tasks to queue
[2026-09-10T13:36:19.566+0000] {logging_mixin.py:188} INFO - [2026-09-10T13:36:19.566+0000] {dagbag.py:540} INFO - Filling up the DagBag from /home/airflow/.local/lib/python3.8/site-packages/airflow/example_dags/example_branch_operator_decorator.py
[2026-09-10T13:36:19.590+0000] {processor.py:840} INFO - DAG(s) 'example_branch_python_operator_decorator' retrieved from /home/airflow/.local/lib/python3.8/site-packages/airflow/example_dags/example_branch_operator_decorator.py
[2026-09-10T13:36:19.684+0000] {logging_mixin.py:188} INFO - [2026-09-10T13:36:19.684+0000] {dag.py:3047} INFO - Sync 1 DAGs
[2026-09-10T13:36:19.775+0000] {logging_mixin.py:188} INFO - [2026-09-10T13:36:19.775+0000] {dag.py:3834} INFO - Setting next_dagrun for example_branch_python_operator_decorator to 2026-09-09 00:00:00+00:00, run_after=2026-09-10 00:00:00+00:00
[2026-09-10T13:36:19.832+0000] {processor.py:183} INFO - Processing /home/airflow/.local/lib/python3.8/site-packages/airflow/example_dags/example_branch_operator_decorator.py took 0.278 seconds
[2026-09-10T13:36:50.052+0000] {processor.py:161} INFO - Started process (PID=239) to work on /home/airflow/.local/lib/python3.8/site-packages/airflow/example_dags/example_branch_operator_decorator.py
[2026-09-10T13:36:50.053+0000] {processor.py:830} INFO - Processing file /home/airflow/.local/lib/python3.8/site-packages/airflow/example_dags/example_branch_operator_decorator.py for tasks to queue
[2026-09-10T13:36:50.056+0000] {logging_mixin.py:188} INFO - [2026-09-10T13:36:50.055+0000] {dagbag.py:540} INFO - Filling up the DagBag from /home/airflow/.local/lib/python3.8/site-packages/airflow/example_dags/example_branch_operator_decorator.py
[2026-09-10T13:36:50.080+0000] {processor.py:840} INFO - DAG(s) 'example_branch_python_operator_decorator' retrieved from /home/airflow/.local/lib/python3.8/site-packages/airflow/example_dags/example_branch_operator_decorator.py
[2026-09-10T13:36:50.108+0000] {logging_mixin.py:188} INFO - [2026-09-10T13:36:50.108+0000] {dag.py:3047} INFO - Sync 1 DAGs
[2026-09-10T13:36:50.134+0000] {logging_mixin.py:188} INFO - [2026-09-10T13:36:50.134+0000] {dag.py:3834} INFO - Setting next_dagrun for example_branch_python_operator_decorator to 2026-09-09 00:00:00+00:00, run_after=2026-09-10 00:00:00+00:00
[2026-09-10T13:36:50.154+0000] {processor.py:183} INFO - Processing /home/airflow/.local/lib/python3.8/site-packages/airflow/example_dags/example_branch_operator_decorator.py took 0.106 seconds
[2026-09-10T13:37:20.622+0000] {processor.py:161} INFO - Started process (PID=301) to work on /home/airflow/.local/lib/python3.8/site-packages/airflow/example_dags/example_branch_operator_decorator.py
[2026-09-10T13:37:20.623+0000] {processor.py:830} INFO - Processing file /home/airflow/.local/lib/python3.8/site-packages/airflow/example_dags/example_branch_operator_decorator.py for tasks to queue
[2026-09-10T13:37:20.626+0000] {logging_mixin.py:188} INFO - [2026-09-10T13:37:20.626+0000] {dagbag.py:540} INFO - Filling up the DagBag from /home/airflow/.local/lib/python3.8/site-packages/airflow/example_dags/example_branch_operator_decorator.py
[2026-09-10T13:37:20.655+0000] {processor.py:840} INFO - DAG(s) 'example_branch_python_operator_decorator' retrieved from /home/airflow/.local/lib/python3.8/site-packages/airflow/example_dags/example_branch_operator_decorator.py
[2026-09-10T13:37:20.686+0000] {logging_mixin.py:188} INFO - [2026-09-10T13:37:20.685+0000] {dag.py:3047} INFO - Sync 1 DAGs
[2026-09-10T13:37:20.718+0000] {logging_mixin.py:188} INFO - [2026-09-10T13:37:20.717+0000] {dag.py:3834} INFO - Setting next_dagrun for example_branch_python_operator_decorator to 2026-09-09 00:00:00+00:00, run_after=2026-09-10 00:00:00+00:00
[2026-09-10T13:37:20.742+0000] {processor.py:183} INFO - Processing /home/airflow/.local/lib/python3.8/site-packages/airflow/example_dags/example_branch_operator_decorator.py took 0.124 seconds
[2026-09-10T13:37:51.071+0000] {processor.py:161} INFO - Started process (PID=362) to work on /home/airflow/.local/lib/python3.8/site-packages/airflow/example_dags/example_branch_operator_decorator.py
[2026-09-10T13:37:51.072+0000] {processor.py:830} INFO - Processing file /home/airflow/.local/lib/python3.8/site-packages/airflow/example_dags/example_branch_operator_decorator.py for tasks to queue
[2026-09-10T13:37:51.075+0000] {logging_mixin.py:188} INFO - [2026-09-10T13:37:51.075+0000] {dagbag.py:540} INFO - Filling up the DagBag from /home/airflow/.local/lib/python3.8/site-packages/airflow/example_dags/example_branch_operator_decorator.py
[2026-09-10T13:37:51.098+0000] {processor.py:840} INFO - DAG(s) 'example_branch_python_operator_decorator' retrieved from /home/airflow/.local/lib/python3.8/site-packages/airflow/example_dags/example_branch_operator_decorator.py
[2026-09-10T13:37:51.136+0000] {logging_mixin.py:188} INFO - [2026-09-10T13:37:51.135+0000] {dag.py:3047} INFO - Sync 1 DAGs
[2026-09-10T13:37:51.167+0000] {logging_mixin.py:188} INFO - [2026-09-10T13:37:51.166+0000] {dag.py:3834} INFO - Setting next_dagrun for example_branch_python_operator_decorator to 2026-09-09 00:00:00+00:00, run_after=2026-09-10 00:00:00+00:00
[2026-09-10T13:37:51.190+0000] {processor.py:183} INFO - Processing /home/airflow/.local/lib/python3.8/site-packages/airflow/example_dags/example_branch_operator_decorator.py took 0.124 seconds
[2026-09-10T13:38:21.641+0000] {processor.py:161} INFO - Started process (PID=422) to work on /home/airflow/.local/lib/python3.8/site-packages/airflow/example_dags/example_branch_operator_decorator.py
[2026-09-10T13:38:21.644+0000] {processor.py:830} INFO - Processing file /home/airflow/.local/lib/python3.8/site-packages/airflow/example_dags/example_branch_operator_decorator.py for tasks to queue
[2026-09-10T13:38:21.647+0000] {logging_mixin.py:188} INFO - [2026-09-10T13:38:21.647+0000] {dagbag.py:540} INFO - Filling up the DagBag from /home/airflow/.local/lib/python3.8/site-packages/airflow/example_dags/example_branch_operator_decorator.py
[2026-09-10T13:38:21.706+0000] {processor.py:840} INFO - DAG(s) 'example_branch_python_operator_decorator' retrieved from /home/airflow/.local/lib/python3.8/site-packages/airflow/example_dags/example_branch_operator_decorator.py
[2026-09-10T13:38:21.761+0000] {logging_mixin.py:188} INFO - [2026-09-10T13:38:21.761+0000] {dag.py:3047} INFO - Sync 1 DAGs
[2026-09-10T13:38:21.846+0000] {logging_mixin.py:188} INFO - [2026-09-10T13:38:21.846+0000] {dag.py:3834} INFO - Setting next_dagrun for example_branch_python_operator_decorator to 2026-09-09 00:00:00+00:00, run_after=2026-09-10 00:00:00+00:00
[2026-09-10T13:38:21.896+0000] {processor.py:183} INFO - Processing /home/airflow/.local/lib/python3.8/site-packages/airflow/example_dags/example_branch_operator_decorator.py took 0.260 seconds
[2026-09-10T13:39:59.934+0000] {processor.py:161} INFO - Started process (PID=118) to work on /home/airflow/.local/lib/python3.8/site-packages/airflow/example_dags/example_branch_operator_decorator.py
[2026-09-10T13:39:59.936+0000] {processor.py:830} INFO - Processing file /home/airflow/.local/lib/python3.8/site-packages/airflow/example_dags/example_branch_operator_decorator.py for tasks to queue
[2026-09-10T13:39:59.940+0000] {logging_mixin.py:188} INFO - [2026-09-10T13:39:59.939+0000] {dagbag.py:540} INFO - Filling up the DagBag from /home/airflow/.local/lib/python3.8/site-packages/airflow/example_dags/example_branch_operator_decorator.py
[2026-09-10T13:39:59.986+0000] {processor.py:840} INFO - DAG(s) 'example_branch_python_operator_decorator' retrieved from /home/airflow/.local/lib/python3.8/site-packages/airflow/example_dags/example_branch_operator_decorator.py
[2026-09-10T13:40:00.129+0000] {logging_mixin.py:188} INFO - [2026-09-10T13:40:00.129+0000] {dag.py:3047} INFO - Sync 1 DAGs
[2026-09-10T13:40:00.155+0000] {logging_mixin.py:188} INFO - [2026-09-10T13:40:00.154+0000] {dag.py:3834} INFO - Setting next_dagrun for example_branch_python_operator_decorator to 2026-09-09 00:00:00+00:00, run_after=2026-09-10 00:00:00+00:00
[2026-09-10T13:40:00.186+0000] {processor.py:183} INFO - Processing /home/airflow/.local/lib/python3.8/site-packages/airflow/example_dags/example_branch_operator_decorator.py took 0.258 seconds
[2026-09-10T13:40:41.049+0000] {processor.py:161} INFO - Started process (PID=105) to work on /home/airflow/.local/lib/python3.8/site-packages/airflow/example_dags/example_branch_operator_decorator.py
[2026-09-10T13:40:41.050+0000] {processor.py:830} INFO - Processing file /home/airflow/.local/lib/python3.8/site-packages/airflow/example_dags/example_branch_operator_decorator.py for tasks to queue
[2026-09-10T13:40:41.053+0000] {logging_mixin.py:188} INFO - [2026-09-10T13:40:41.053+0000] {dagbag.py:540} INFO - Filling up the DagBag from /home/airflow/.local/lib/python3.8/site-packages/airflow/example_dags/example_branch_operator_decorator.py
[2026-09-10T13:40:41.089+0000] {processor.py:840} INFO - DAG(s) 'example_branch_python_operator_decorator' retrieved from /home/airflow/.local/lib/python3.8/site-packages/airflow/example_dags/example_branch_operator_decorator.py
[2026-09-10T13:40:41.252+0000] {logging_mixin.py:188} INFO - [2026-09-10T13:40:41.251+0000] {dag.py:3047} INFO - Sync 1 DAGs
[2026-09-10T13:40:41.281+0000] {logging_mixin.py:188} INFO - [2026-09-10T13:40:41.281+0000] {dag.py:3834} INFO - Setting next_dagrun for example_branch_python_operator_decorator to 2026-09-09 00:00:00+00:00, run_after=2026-09-10 00:00:00+00:00
[2026-09-10T13:40:41.310+0000] {processor.py:183} INFO - Processing /home/airflow/.local/lib/python3.8/site-packages/airflow/example_dags/example_branch_operator_decorator.py took 0.264 seconds
[2026-09-10T13:41:11.951+0000] {processor.py:161} INFO - Started process (PID=167) to work on /home/airflow/.local/lib/python3.8/site-packages/airflow/example_dags/example_branch_operator_decorator.py
[2026-09-10T13:41:11.954+0000] {processor.py:830} INFO - Processing file /home/airflow/.local/lib/python3.8/site-packages/airflow/example_dags/example_branch_operator_decorator.py for tasks to queue
[2026-09-10T13:41:11.958+0000] {logging_mixin.py:188} INFO - [2026-09-10T13:41:11.957+0000] {dagbag.py:540} INFO - Filling up the DagBag from /home/airflow/.local/lib/python3.8/site-packages/airflow/example_dags/example_branch_operator_decorator.py
[2026-09-10T13:41:11.987+0000] {processor.py:840} INFO - DAG(s) 'example_branch_python_operator_decorator' retrieved from /home/airflow/.local/lib/python3.8/site-packages/airflow/example_dags/example_branch_operator_decorator.py
[2026-09-10T13:41:12.022+0000] {logging_mixin.py:188} INFO - [2026-09-10T13:41:12.022+0000] {dag.py:3047} INFO - Sync 1 DAGs
[2026-09-10T13:41:12.047+0000] {logging_mixin.py:188} INFO - [2026-09-10T13:41:12.047+0000] {dag.py:3834} INFO - Setting next_dagrun for example_branch_python_operator_decorator to 2026-09-09 00:00:00+00:00, run_after=2026-09-10 00:00:00+00:00
[2026-09-10T13:41:12.069+0000] {processor.py:183} INFO - Processing /home/airflow/.local/lib/python3.8/site-packages/airflow/example_dags/example_branch_operator_decorator.py took 0.123 seconds
[2026-09-10T13:41:42.898+0000] {processor.py:161} INFO - Started process (PID=227) to work on /home/airflow/.local/lib/python3.8/site-packages/airflow/example_dags/example_branch_operator_decorator.py
[2026-09-10T13:41:42.900+0000] {processor.py:830} INFO - Processing file /home/airflow/.local/lib/python3.8/site-packages/airflow/example_dags/example_branch_operator_decorator.py for tasks to queue
[2026-09-10T13:41:42.904+0000] {logging_mixin.py:188} INFO - [2026-09-10T13:41:42.904+0000] {dagbag.py:540} INFO - Filling up the DagBag from /home/airflow/.local/lib/python3.8/site-packages/airflow/example_dags/example_branch_operator_decorator.py
[2026-09-10T13:41:42.937+0000] {processor.py:840} INFO - DAG(s) 'example_branch_python_operator_decorator' retrieved from /home/airflow/.local/lib/python3.8/site-packages/airflow/example_dags/example_branch_operator_decorator.py
[2026-09-10T13:41:42.979+0000] {logging_mixin.py:188} INFO - [2026-09-10T13:41:42.978+0000] {dag.py:3047} INFO - Sync 1 DAGs
[2026-09-10T13:41:43.018+0000] {logging_mixin.py:188} INFO - [2026-09-10T13:41:43.018+0000] {dag.py:3834} INFO - Setting next_dagrun for example_branch_python_operator_decorator to 2026-09-09 00:00:00+00:00, run_after=2026-09-10 00:00:00+00:00
[2026-09-10T13:41:43.061+0000] {processor.py:183} INFO - Processing /home/airflow/.local/lib/python3.8/site-packages/airflow/example_dags/example_branch_operator_decorator.py took 0.169 seconds
[2026-09-10T13:42:13.817+0000] {processor.py:161} INFO - Started process (PID=288) to work on /home/airflow/.local/lib/python3.8/site-packages/airflow/example_dags/example_branch_operator_decorator.py
[2026-09-10T13:42:13.821+0000] {processor.py:830} INFO - Processing file /home/airflow/.local/lib/python3.8/site-packages/airflow/example_dags/example_branch_operator_decorator.py for tasks to queue
[2026-09-10T13:42:13.823+0000] {logging_mixin.py:188} INFO - [2026-09-10T13:42:13.823+0000] {dagbag.py:540} INFO - Filling up the DagBag from /home/airflow/.local/lib/python3.8/site-packages/airflow/example_dags/example_branch_operator_decorator.py
[2026-09-10T13:42:13.865+0000] {processor.py:840} INFO - DAG(s) 'example_branch_python_operator_decorator' retrieved from /home/airflow/.local/lib/python3.8/site-packages/airflow/example_dags/example_branch_operator_decorator.py
[2026-09-10T13:42:13.909+0000] {logging_mixin.py:188} INFO - [2026-09-10T13:42:13.908+0000] {dag.py:3047} INFO - Sync 1 DAGs
[2026-09-10T13:42:13.949+0000] {logging_mixin.py:188} INFO - [2026-09-10T13:42:13.946+0000] {dag.py:3834} INFO - Setting next_dagrun for example_branch_python_operator_decorator to 2026-09-09 00:00:00+00:00, run_after=2026-09-10 00:00:00+00:00
[2026-09-10T13:42:13.990+0000] {processor.py:183} INFO - Processing /home/airflow/.local/lib/python3.8/site-packages/airflow/example_dags/example_branch_operator_decorator.py took 0.181 seconds
[2026-09-10T13:42:44.044+0000] {processor.py:161} INFO - Started process (PID=349) to work on /home/airflow/.local/lib/python3.8/site-packages/airflow/example_dags/example_branch_operator_decorator.py
[2026-09-10T13:42:44.045+0000] {processor.py:830} INFO - Processing file /home/airflow/.local/lib/python3.8/site-packages/airflow/example_dags/example_branch_operator_decorator.py for tasks to queue
[2026-09-10T13:42:44.049+0000] {logging_mixin.py:188} INFO - [2026-09-10T13:42:44.048+0000] {dagbag.py:540} INFO - Filling up the DagBag from /home/airflow/.local/lib/python3.8/site-packages/airflow/example_dags/example_branch_operator_decorator.py
[2026-09-10T13:42:44.078+0000] {processor.py:840} INFO - DAG(s) 'example_branch_python_operator_decorator' retrieved from /home/airflow/.local/lib/python3.8/site-packages/airflow/example_dags/example_branch_operator_decorator.py
[2026-09-10T13:42:44.115+0000] {logging_mixin.py:188} INFO - [2026-09-10T13:42:44.114+0000] {dag.py:3047} INFO - Sync 1 DAGs
[2026-09-10T13:42:44.152+0000] {logging_mixin.py:188} INFO - [2026-09-10T13:42:44.152+0000] {dag.py:3834} INFO - Setting next_dagrun for example_branch_python_operator_decorator to 2026-09-09 00:00:00+00:00, run_after=2026-09-10 00:00:00+00:00
[2026-09-10T13:42:44.178+0000] {processor.py:183} INFO - Processing /home/airflow/.local/lib/python3.8/site-packages/airflow/example_dags/example_branch_operator_decorator.py took 0.139 seconds
[2026-09-10T13:44:17.454+0000] {processor.py:161} INFO - Started process (PID=116) to work on /home/airflow/.local/lib/python3.8/site-packages/airflow/example_dags/example_branch_operator_decorator.py
[2026-09-10T13:44:17.456+0000] {processor.py:830} INFO - Processing file /home/airflow/.local/lib/python3.8/site-packages/airflow/example_dags/example_branch_operator_decorator.py for tasks to queue
[2026-09-10T13:44:17.460+0000] {logging_mixin.py:188} INFO - [2026-09-10T13:44:17.459+0000] {dagbag.py:540} INFO - Filling up the DagBag from /home/airflow/.local/lib/python3.8/site-packages/airflow/example_dags/example_branch_operator_decorator.py
[2026-09-10T13:44:17.489+0000] {processor.py:840} INFO - DAG(s) 'example_branch_python_operator_decorator' retrieved from /home/airflow/.local/lib/python3.8/site-packages/airflow/example_dags/example_branch_operator_decorator.py
[2026-09-10T13:44:17.649+0000] {logging_mixin.py:188} INFO - [2026-09-10T13:44:17.648+0000] {dag.py:3047} INFO - Sync 1 DAGs
[2026-09-10T13:44:17.677+0000] {logging_mixin.py:188} INFO - [2026-09-10T13:44:17.676+0000] {dag.py:3834} INFO - Setting next_dagrun for example_branch_python_operator_decorator to 2026-09-09 00:00:00+00:00, run_after=2026-09-10 00:00:00+00:00
[2026-09-10T13:44:17.708+0000] {processor.py:183} INFO - Processing /home/airflow/.local/lib/python3.8/site-packages/airflow/example_dags/example_branch_operator_decorator.py took 0.260 seconds
[2026-09-10T13:44:47.876+0000] {processor.py:161} INFO - Started process (PID=177) to work on /home/airflow/.local/lib/python3.8/site-packages/airflow/example_dags/example_branch_operator_decorator.py
[2026-09-10T13:44:47.878+0000] {processor.py:830} INFO - Processing file /home/airflow/.local/lib/python3.8/site-packages/airflow/example_dags/example_branch_operator_decorator.py for tasks to queue
[2026-09-10T13:44:47.881+0000] {logging_mixin.py:188} INFO - [2026-09-10T13:44:47.880+0000] {dagbag.py:540} INFO - Filling up the DagBag from /home/airflow/.local/lib/python3.8/site-packages/airflow/example_dags/example_branch_operator_decorator.py
[2026-09-10T13:44:47.906+0000] {processor.py:840} INFO - DAG(s) 'example_branch_python_operator_decorator' retrieved from /home/airflow/.local/lib/python3.8/site-packages/airflow/example_dags/example_branch_operator_decorator.py
[2026-09-10T13:44:47.940+0000] {logging_mixin.py:188} INFO - [2026-09-10T13:44:47.939+0000] {dag.py:3047} INFO - Sync 1 DAGs
[2026-09-10T13:44:47.963+0000] {logging_mixin.py:188} INFO - [2026-09-10T13:44:47.963+0000] {dag.py:3834} INFO - Setting next_dagrun for example_branch_python_operator_decorator to 2026-09-09 00:00:00+00:00, run_after=2026-09-10 00:00:00+00:00
[2026-09-10T13:44:48.032+0000] {processor.py:183} INFO - Processing /home/airflow/.local/lib/python3.8/site-packages/airflow/example_dags/example_branch_operator_decorator.py took 0.159 seconds
[2026-09-10T13:45:18.756+0000] {processor.py:161} INFO - Started process (PID=238) to work on /home/airflow/.local/lib/python3.8/site-packages/airflow/example_dags/example_branch_operator_decorator.py
[2026-09-10T13:45:18.758+0000] {processor.py:830} INFO - Processing file /home/airflow/.local/lib/python3.8/site-packages/airflow/example_dags/example_branch_operator_decorator.py for tasks to queue
[2026-09-10T13:45:18.761+0000] {logging_mixin.py:188} INFO - [2026-09-10T13:45:18.761+0000] {dagbag.py:540} INFO - Filling up the DagBag from /home/airflow/.local/lib/python3.8/site-packages/airflow/example_dags/example_branch_operator_decorator.py
[2026-09-10T13:45:18.790+0000] {processor.py:840} INFO - DAG(s) 'example_branch_python_operator_decorator' retrieved from /home/airflow/.local/lib/python3.8/site-packages/airflow/example_dags/example_branch_operator_decorator.py
[2026-09-10T13:45:18.826+0000] {logging_mixin.py:188} INFO - [2026-09-10T13:45:18.826+0000] {dag.py:3047} INFO - Sync 1 DAGs
[2026-09-10T13:45:18.858+0000] {logging_mixin.py:188} INFO - [2026-09-10T13:45:18.858+0000] {dag.py:3834} INFO - Setting next_dagrun for example_branch_python_operator_decorator to 2026-09-09 00:00:00+00:00, run_after=2026-09-10 00:00:00+00:00
[2026-09-10T13:45:18.910+0000] {processor.py:183} INFO - Processing /home/airflow/.local/lib/python3.8/site-packages/airflow/example_dags/example_branch_operator_decorator.py took 0.160 seconds
[2026-09-10T13:45:49.483+0000] {processor.py:161} INFO - Started process (PID=299) to work on /home/airflow/.local/lib/python3.8/site-packages/airflow/example_dags/example_branch_operator_decorator.py
[2026-09-10T13:45:49.485+0000] {processor.py:830} INFO - Processing file /home/airflow/.local/lib/python3.8/site-packages/airflow/example_dags/example_branch_operator_decorator.py for tasks to queue
[2026-09-10T13:45:49.489+0000] {logging_mixin.py:188} INFO - [2026-09-10T13:45:49.489+0000] {dagbag.py:540} INFO - Filling up the DagBag from /home/airflow/.local/lib/python3.8/site-packages/airflow/example_dags/example_branch_operator_decorator.py
[2026-09-10T13:45:49.527+0000] {processor.py:840} INFO - DAG(s) 'example_branch_python_operator_decorator' retrieved from /home/airflow/.local/lib/python3.8/site-packages/airflow/example_dags/example_branch_operator_decorator.py
[2026-09-10T13:45:49.559+0000] {logging_mixin.py:188} INFO - [2026-09-10T13:45:49.559+0000] {dag.py:3047} INFO - Sync 1 DAGs
[2026-09-10T13:45:49.589+0000] {logging_mixin.py:188} INFO - [2026-09-10T13:45:49.589+0000] {dag.py:3834} INFO - Setting next_dagrun for example_branch_python_operator_decorator to 2026-09-09 00:00:00+00:00, run_after=2026-09-10 00:00:00+00:00
[2026-09-10T13:45:49.762+0000] {processor.py:183} INFO - Processing /home/airflow/.local/lib/python3.8/site-packages/airflow/example_dags/example_branch_operator_decorator.py took 0.286 seconds
[2026-09-10T13:46:20.344+0000] {processor.py:161} INFO - Started process (PID=360) to work on /home/airflow/.local/lib/python3.8/site-packages/airflow/example_dags/example_branch_operator_decorator.py
[2026-09-10T13:46:20.345+0000] {processor.py:830} INFO - Processing file /home/airflow/.local/lib/python3.8/site-packages/airflow/example_dags/example_branch_operator_decorator.py for tasks to queue
[2026-09-10T13:46:20.348+0000] {logging_mixin.py:188} INFO - [2026-09-10T13:46:20.348+0000] {dagbag.py:540} INFO - Filling up the DagBag from /home/airflow/.local/lib/python3.8/site-packages/airflow/example_dags/example_branch_operator_decorator.py
[2026-09-10T13:46:20.383+0000] {processor.py:840} INFO - DAG(s) 'example_branch_python_operator_decorator' retrieved from /home/airflow/.local/lib/python3.8/site-packages/airflow/example_dags/example_branch_operator_decorator.py
[2026-09-10T13:46:20.413+0000] {logging_mixin.py:188} INFO - [2026-09-10T13:46:20.413+0000] {dag.py:3047} INFO - Sync 1 DAGs
[2026-09-10T13:46:20.440+0000] {logging_mixin.py:188} INFO - [2026-09-10T13:46:20.440+0000] {dag.py:3834} INFO - Setting next_dagrun for example_branch_python_operator_decorator to 2026-09-09 00:00:00+00:00, run_after=2026-09-10 00:00:00+00:00
[2026-09-10T13:46:20.588+0000] {processor.py:183} INFO - Processing /home/airflow/.local/lib/python3.8/site-packages/airflow/example_dags/example_branch_operator_decorator.py took 0.250 seconds
[2026-09-10T13:46:53.809+0000] {processor.py:161} INFO - Started process (PID=421) to work on /home/airflow/.local/lib/python3.8/site-packages/airflow/example_dags/example_branch_operator_decorator.py
[2026-09-10T13:46:53.811+0000] {processor.py:830} INFO - Processing file /home/airflow/.local/lib/python3.8/site-packages/airflow/example_dags/example_branch_operator_decorator.py for tasks to queue
[2026-09-10T13:46:53.815+0000] {logging_mixin.py:188} INFO - [2026-09-10T13:46:53.815+0000] {dagbag.py:540} INFO - Filling up the DagBag from /home/airflow/.local/lib/python3.8/site-packages/airflow/example_dags/example_branch_operator_decorator.py
[2026-09-10T13:46:53.856+0000] {processor.py:840} INFO - DAG(s) 'example_branch_python_operator_decorator' retrieved from /home/airflow/.local/lib/python3.8/site-packages/airflow/example_dags/example_branch_operator_decorator.py
[2026-09-10T13:46:53.902+0000] {logging_mixin.py:188} INFO - [2026-09-10T13:46:53.901+0000] {dag.py:3047} INFO - Sync 1 DAGs
[2026-09-10T13:46:53.930+0000] {logging_mixin.py:188} INFO - [2026-09-10T13:46:53.929+0000] {dag.py:3834} INFO - Setting next_dagrun for example_branch_python_operator_decorator to 2026-09-09 00:00:00+00:00, run_after=2026-09-10 00:00:00+00:00
[2026-09-10T13:46:54.027+0000] {processor.py:183} INFO - Processing /home/airflow/.local/lib/python3.8/site-packages/airflow/example_dags/example_branch_operator_decorator.py took 0.223 seconds
[2026-09-10T13:47:24.521+0000] {processor.py:161} INFO - Started process (PID=482) to work on /home/airflow/.local/lib/python3.8/site-packages/airflow/example_dags/example_branch_operator_decorator.py
[2026-09-10T13:47:24.523+0000] {processor.py:830} INFO - Processing file /home/airflow/.local/lib/python3.8/site-packages/airflow/example_dags/example_branch_operator_decorator.py for tasks to queue
[2026-09-10T13:47:24.525+0000] {logging_mixin.py:188} INFO - [2026-09-10T13:47:24.525+0000] {dagbag.py:540} INFO - Filling up the DagBag from /home/airflow/.local/lib/python3.8/site-packages/airflow/example_dags/example_branch_operator_decorator.py
[2026-09-10T13:47:24.565+0000] {processor.py:840} INFO - DAG(s) 'example_branch_python_operator_decorator' retrieved from /home/airflow/.local/lib/python3.8/site-packages/airflow/example_dags/example_branch_operator_decorator.py
[2026-09-10T13:47:24.603+0000] {logging_mixin.py:188} INFO - [2026-09-10T13:47:24.603+0000] {dag.py:3047} INFO - Sync 1 DAGs
[2026-09-10T13:47:24.631+0000] {logging_mixin.py:188} INFO - [2026-09-10T13:47:24.631+0000] {dag.py:3834} INFO - Setting next_dagrun for example_branch_python_operator_decorator to 2026-09-09 00:00:00+00:00, run_after=2026-09-10 00:00:00+00:00
[2026-09-10T13:47:24.726+0000] {processor.py:183} INFO - Processing /home/airflow/.local/lib/python3.8/site-packages/airflow/example_dags/example_branch_operator_decorator.py took 0.209 seconds
[2026-09-10T13:47:54.891+0000] {processor.py:161} INFO - Started process (PID=551) to work on /home/airflow/.local/lib/python3.8/site-packages/airflow/example_dags/example_branch_operator_decorator.py
[2026-09-10T13:47:54.894+0000] {processor.py:830} INFO - Processing file /home/airflow/.local/lib/python3.8/site-packages/airflow/example_dags/example_branch_operator_decorator.py for tasks to queue
[2026-09-10T13:47:54.908+0000] {logging_mixin.py:188} INFO - [2026-09-10T13:47:54.908+0000] {dagbag.py:540} INFO - Filling up the DagBag from /home/airflow/.local/lib/python3.8/site-packages/airflow/example_dags/example_branch_operator_decorator.py
[2026-09-10T13:47:54.985+0000] {processor.py:840} INFO - DAG(s) 'example_branch_python_operator_decorator' retrieved from /home/airflow/.local/lib/python3.8/site-packages/airflow/example_dags/example_branch_operator_decorator.py
[2026-09-10T13:47:55.133+0000] {logging_mixin.py:188} INFO - [2026-09-10T13:47:55.133+0000] {dag.py:3047} INFO - Sync 1 DAGs
[2026-09-10T13:47:55.197+0000] {logging_mixin.py:188} INFO - [2026-09-10T13:47:55.197+0000] {dag.py:3834} INFO - Setting next_dagrun for example_branch_python_operator_decorator to 2026-09-09 00:00:00+00:00, run_after=2026-09-10 00:00:00+00:00
[2026-09-10T13:47:55.337+0000] {processor.py:183} INFO - Processing /home/airflow/.local/lib/python3.8/site-packages/airflow/example_dags/example_branch_operator_decorator.py took 0.451 seconds
[2026-09-10T13:48:25.537+0000] {processor.py:161} INFO - Started process (PID=612) to work on /home/airflow/.local/lib/python3.8/site-packages/airflow/example_dags/example_branch_operator_decorator.py
[2026-09-10T13:48:25.539+0000] {processor.py:830} INFO - Processing file /home/airflow/.local/lib/python3.8/site-packages/airflow/example_dags/example_branch_operator_decorator.py for tasks to queue
[2026-09-10T13:48:25.542+0000] {logging_mixin.py:188} INFO - [2026-09-10T13:48:25.542+0000] {dagbag.py:540} INFO - Filling up the DagBag from /home/airflow/.local/lib/python3.8/site-packages/airflow/example_dags/example_branch_operator_decorator.py
[2026-09-10T13:48:25.567+0000] {processor.py:840} INFO - DAG(s) 'example_branch_python_operator_decorator' retrieved from /home/airflow/.local/lib/python3.8/site-packages/airflow/example_dags/example_branch_operator_decorator.py
[2026-09-10T13:48:25.599+0000] {logging_mixin.py:188} INFO - [2026-09-10T13:48:25.599+0000] {dag.py:3047} INFO - Sync 1 DAGs
[2026-09-10T13:48:25.631+0000] {logging_mixin.py:188} INFO - [2026-09-10T13:48:25.631+0000] {dag.py:3834} INFO - Setting next_dagrun for example_branch_python_operator_decorator to 2026-09-09 00:00:00+00:00, run_after=2026-09-10 00:00:00+00:00
[2026-09-10T13:48:25.884+0000] {processor.py:183} INFO - Processing /home/airflow/.local/lib/python3.8/site-packages/airflow/example_dags/example_branch_operator_decorator.py took 0.352 seconds
[2026-09-10T13:48:56.011+0000] {processor.py:161} INFO - Started process (PID=673) to work on /home/airflow/.local/lib/python3.8/site-packages/airflow/example_dags/example_branch_operator_decorator.py
[2026-09-10T13:48:56.013+0000] {processor.py:830} INFO - Processing file /home/airflow/.local/lib/python3.8/site-packages/airflow/example_dags/example_branch_operator_decorator.py for tasks to queue
[2026-09-10T13:48:56.016+0000] {logging_mixin.py:188} INFO - [2026-09-10T13:48:56.016+0000] {dagbag.py:540} INFO - Filling up the DagBag from /home/airflow/.local/lib/python3.8/site-packages/airflow/example_dags/example_branch_operator_decorator.py
[2026-09-10T13:48:56.041+0000] {processor.py:840} INFO - DAG(s) 'example_branch_python_operator_decorator' retrieved from /home/airflow/.local/lib/python3.8/site-packages/airflow/example_dags/example_branch_operator_decorator.py
[2026-09-10T13:48:56.076+0000] {logging_mixin.py:188} INFO - [2026-09-10T13:48:56.075+0000] {dag.py:3047} INFO - Sync 1 DAGs
[2026-09-10T13:48:56.102+0000] {logging_mixin.py:188} INFO - [2026-09-10T13:48:56.102+0000] {dag.py:3834} INFO - Setting next_dagrun for example_branch_python_operator_decorator to 2026-09-09 00:00:00+00:00, run_after=2026-09-10 00:00:00+00:00
[2026-09-10T13:48:56.172+0000] {processor.py:183} INFO - Processing /home/airflow/.local/lib/python3.8/site-packages/airflow/example_dags/example_branch_operator_decorator.py took 0.165 seconds
[2026-09-10T13:49:26.409+0000] {processor.py:161} INFO - Started process (PID=734) to work on /home/airflow/.local/lib/python3.8/site-packages/airflow/example_dags/example_branch_operator_decorator.py
[2026-09-10T13:49:26.410+0000] {processor.py:830} INFO - Processing file /home/airflow/.local/lib/python3.8/site-packages/airflow/example_dags/example_branch_operator_decorator.py for tasks to queue
[2026-09-10T13:49:26.413+0000] {logging_mixin.py:188} INFO - [2026-09-10T13:49:26.413+0000] {dagbag.py:540} INFO - Filling up the DagBag from /home/airflow/.local/lib/python3.8/site-packages/airflow/example_dags/example_branch_operator_decorator.py
[2026-09-10T13:49:26.437+0000] {processor.py:840} INFO - DAG(s) 'example_branch_python_operator_decorator' retrieved from /home/airflow/.local/lib/python3.8/site-packages/airflow/example_dags/example_branch_operator_decorator.py
[2026-09-10T13:49:26.465+0000] {logging_mixin.py:188} INFO - [2026-09-10T13:49:26.464+0000] {dag.py:3047} INFO - Sync 1 DAGs
[2026-09-10T13:49:26.488+0000] {logging_mixin.py:188} INFO - [2026-09-10T13:49:26.487+0000] {dag.py:3834} INFO - Setting next_dagrun for example_branch_python_operator_decorator to 2026-09-09 00:00:00+00:00, run_after=2026-09-10 00:00:00+00:00
[2026-09-10T13:49:26.589+0000] {processor.py:183} INFO - Processing /home/airflow/.local/lib/python3.8/site-packages/airflow/example_dags/example_branch_operator_decorator.py took 0.184 seconds
[2026-09-10T13:49:57.346+0000] {processor.py:161} INFO - Started process (PID=795) to work on /home/airflow/.local/lib/python3.8/site-packages/airflow/example_dags/example_branch_operator_decorator.py
[2026-09-10T13:49:57.349+0000] {processor.py:830} INFO - Processing file /home/airflow/.local/lib/python3.8/site-packages/airflow/example_dags/example_branch_operator_decorator.py for tasks to queue
[2026-09-10T13:49:57.353+0000] {logging_mixin.py:188} INFO - [2026-09-10T13:49:57.352+0000] {dagbag.py:540} INFO - Filling up the DagBag from /home/airflow/.local/lib/python3.8/site-packages/airflow/example_dags/example_branch_operator_decorator.py
[2026-09-10T13:49:57.393+0000] {processor.py:840} INFO - DAG(s) 'example_branch_python_operator_decorator' retrieved from /home/airflow/.local/lib/python3.8/site-packages/airflow/example_dags/example_branch_operator_decorator.py
[2026-09-10T13:49:57.450+0000] {logging_mixin.py:188} INFO - [2026-09-10T13:49:57.450+0000] {dag.py:3047} INFO - Sync 1 DAGs
[2026-09-10T13:49:57.487+0000] {logging_mixin.py:188} INFO - [2026-09-10T13:49:57.486+0000] {dag.py:3834} INFO - Setting next_dagrun for example_branch_python_operator_decorator to 2026-09-09 00:00:00+00:00, run_after=2026-09-10 00:00:00+00:00
[2026-09-10T13:49:57.573+0000] {processor.py:183} INFO - Processing /home/airflow/.local/lib/python3.8/site-packages/airflow/example_dags/example_branch_operator_decorator.py took 0.234 seconds
[2026-09-10T13:50:28.301+0000] {processor.py:161} INFO - Started process (PID=856) to work on /home/airflow/.local/lib/python3.8/site-packages/airflow/example_dags/example_branch_operator_decorator.py
[2026-09-10T13:50:28.304+0000] {processor.py:830} INFO - Processing file /home/airflow/.local/lib/python3.8/site-packages/airflow/example_dags/example_branch_operator_decorator.py for tasks to queue
[2026-09-10T13:50:28.307+0000] {logging_mixin.py:188} INFO - [2026-09-10T13:50:28.307+0000] {dagbag.py:540} INFO - Filling up the DagBag from /home/airflow/.local/lib/python3.8/site-packages/airflow/example_dags/example_branch_operator_decorator.py
[2026-09-10T13:50:28.330+0000] {processor.py:840} INFO - DAG(s) 'example_branch_python_operator_decorator' retrieved from /home/airflow/.local/lib/python3.8/site-packages/airflow/example_dags/example_branch_operator_decorator.py
[2026-09-10T13:50:28.362+0000] {logging_mixin.py:188} INFO - [2026-09-10T13:50:28.361+0000] {dag.py:3047} INFO - Sync 1 DAGs
[2026-09-10T13:50:28.387+0000] {logging_mixin.py:188} INFO - [2026-09-10T13:50:28.387+0000] {dag.py:3834} INFO - Setting next_dagrun for example_branch_python_operator_decorator to 2026-09-09 00:00:00+00:00, run_after=2026-09-10 00:00:00+00:00
[2026-09-10T13:50:28.446+0000] {processor.py:183} INFO - Processing /home/airflow/.local/lib/python3.8/site-packages/airflow/example_dags/example_branch_operator_decorator.py took 0.150 seconds
[2026-09-10T13:50:58.999+0000] {processor.py:161} INFO - Started process (PID=921) to work on /home/airflow/.local/lib/python3.8/site-packages/airflow/example_dags/example_branch_operator_decorator.py
[2026-09-10T13:50:59.001+0000] {processor.py:830} INFO - Processing file /home/airflow/.local/lib/python3.8/site-packages/airflow/example_dags/example_branch_operator_decorator.py for tasks to queue
[2026-09-10T13:50:59.003+0000] {logging_mixin.py:188} INFO - [2026-09-10T13:50:59.003+0000] {dagbag.py:540} INFO - Filling up the DagBag from /home/airflow/.local/lib/python3.8/site-packages/airflow/example_dags/example_branch_operator_decorator.py
[2026-09-10T13:50:59.038+0000] {processor.py:840} INFO - DAG(s) 'example_branch_python_operator_decorator' retrieved from /home/airflow/.local/lib/python3.8/site-packages/airflow/example_dags/example_branch_operator_decorator.py
[2026-09-10T13:50:59.086+0000] {logging_mixin.py:188} INFO - [2026-09-10T13:50:59.086+0000] {dag.py:3047} INFO - Sync 1 DAGs
[2026-09-10T13:50:59.137+0000] {logging_mixin.py:188} INFO - [2026-09-10T13:50:59.137+0000] {dag.py:3834} INFO - Setting next_dagrun for example_branch_python_operator_decorator to 2026-09-09 00:00:00+00:00, run_after=2026-09-10 00:00:00+00:00
[2026-09-10T13:50:59.171+0000] {processor.py:183} INFO - Processing /home/airflow/.local/lib/python3.8/site-packages/airflow/example_dags/example_branch_operator_decorator.py took 0.177 seconds
[2026-09-10T13:51:29.751+0000] {processor.py:161} INFO - Started process (PID=982) to work on /home/airflow/.local/lib/python3.8/site-packages/airflow/example_dags/example_branch_operator_decorator.py
[2026-09-10T13:51:29.755+0000] {processor.py:830} INFO - Processing file /home/airflow/.local/lib/python3.8/site-packages/airflow/example_dags/example_branch_operator_decorator.py for tasks to queue
[2026-09-10T13:51:29.759+0000] {logging_mixin.py:188} INFO - [2026-09-10T13:51:29.758+0000] {dagbag.py:540} INFO - Filling up the DagBag from /home/airflow/.local/lib/python3.8/site-packages/airflow/example_dags/example_branch_operator_decorator.py
[2026-09-10T13:51:29.804+0000] {processor.py:840} INFO - DAG(s) 'example_branch_python_operator_decorator' retrieved from /home/airflow/.local/lib/python3.8/site-packages/airflow/example_dags/example_branch_operator_decorator.py
[2026-09-10T13:51:29.843+0000] {logging_mixin.py:188} INFO - [2026-09-10T13:51:29.842+0000] {dag.py:3047} INFO - Sync 1 DAGs
[2026-09-10T13:51:29.878+0000] {logging_mixin.py:188} INFO - [2026-09-10T13:51:29.877+0000] {dag.py:3834} INFO - Setting next_dagrun for example_branch_python_operator_decorator to 2026-09-09 00:00:00+00:00, run_after=2026-09-10 00:00:00+00:00
[2026-09-10T13:51:29.906+0000] {processor.py:183} INFO - Processing /home/airflow/.local/lib/python3.8/site-packages/airflow/example_dags/example_branch_operator_decorator.py took 0.160 seconds
[2026-09-10T13:52:00.381+0000] {processor.py:161} INFO - Started process (PID=1043) to work on /home/airflow/.local/lib/python3.8/site-packages/airflow/example_dags/example_branch_operator_decorator.py
[2026-09-10T13:52:00.382+0000] {processor.py:830} INFO - Processing file /home/airflow/.local/lib/python3.8/site-packages/airflow/example_dags/example_branch_operator_decorator.py for tasks to queue
[2026-09-10T13:52:00.386+0000] {logging_mixin.py:188} INFO - [2026-09-10T13:52:00.385+0000] {dagbag.py:540} INFO - Filling up the DagBag from /home/airflow/.local/lib/python3.8/site-packages/airflow/example_dags/example_branch_operator_decorator.py
[2026-09-10T13:52:00.411+0000] {processor.py:840} INFO - DAG(s) 'example_branch_python_operator_decorator' retrieved from /home/airflow/.local/lib/python3.8/site-packages/airflow/example_dags/example_branch_operator_decorator.py
[2026-09-10T13:52:00.442+0000] {logging_mixin.py:188} INFO - [2026-09-10T13:52:00.442+0000] {dag.py:3047} INFO - Sync 1 DAGs
[2026-09-10T13:52:00.469+0000] {logging_mixin.py:188} INFO - [2026-09-10T13:52:00.469+0000] {dag.py:3834} INFO - Setting next_dagrun for example_branch_python_operator_decorator to 2026-09-09 00:00:00+00:00, run_after=2026-09-10 00:00:00+00:00
[2026-09-10T13:52:00.491+0000] {processor.py:183} INFO - Processing /home/airflow/.local/lib/python3.8/site-packages/airflow/example_dags/example_branch_operator_decorator.py took 0.115 seconds
[2026-09-10T13:52:31.355+0000] {processor.py:161} INFO - Started process (PID=1108) to work on /home/airflow/.local/lib/python3.8/site-packages/airflow/example_dags/example_branch_operator_decorator.py
[2026-09-10T13:52:31.357+0000] {processor.py:830} INFO - Processing file /home/airflow/.local/lib/python3.8/site-packages/airflow/example_dags/example_branch_operator_decorator.py for tasks to queue
[2026-09-10T13:52:31.361+0000] {logging_mixin.py:188} INFO - [2026-09-10T13:52:31.360+0000] {dagbag.py:540} INFO - Filling up the DagBag from /home/airflow/.local/lib/python3.8/site-packages/airflow/example_dags/example_branch_operator_decorator.py
[2026-09-10T13:52:31.408+0000] {processor.py:840} INFO - DAG(s) 'example_branch_python_operator_decorator' retrieved from /home/airflow/.local/lib/python3.8/site-packages/airflow/example_dags/example_branch_operator_decorator.py
[2026-09-10T13:52:31.444+0000] {logging_mixin.py:188} INFO - [2026-09-10T13:52:31.444+0000] {dag.py:3047} INFO - Sync 1 DAGs
[2026-09-10T13:52:31.474+0000] {logging_mixin.py:188} INFO - [2026-09-10T13:52:31.474+0000] {dag.py:3834} INFO - Setting next_dagrun for example_branch_python_operator_decorator to 2026-09-09 00:00:00+00:00, run_after=2026-09-10 00:00:00+00:00
[2026-09-10T13:52:31.496+0000] {processor.py:183} INFO - Processing /home/airflow/.local/lib/python3.8/site-packages/airflow/example_dags/example_branch_operator_decorator.py took 0.146 seconds
[2026-09-10T13:53:02.661+0000] {processor.py:161} INFO - Started process (PID=1169) to work on /home/airflow/.local/lib/python3.8/site-packages/airflow/example_dags/example_branch_operator_decorator.py
[2026-09-10T13:53:02.664+0000] {processor.py:830} INFO - Processing file /home/airflow/.local/lib/python3.8/site-packages/airflow/example_dags/example_branch_operator_decorator.py for tasks to queue
[2026-09-10T13:53:02.667+0000] {logging_mixin.py:188} INFO - [2026-09-10T13:53:02.667+0000] {dagbag.py:540} INFO - Filling up the DagBag from /home/airflow/.local/lib/python3.8/site-packages/airflow/example_dags/example_branch_operator_decorator.py
[2026-09-10T13:53:02.706+0000] {processor.py:840} INFO - DAG(s) 'example_branch_python_operator_decorator' retrieved from /home/airflow/.local/lib/python3.8/site-packages/airflow/example_dags/example_branch_operator_decorator.py
[2026-09-10T13:53:02.751+0000] {logging_mixin.py:188} INFO - [2026-09-10T13:53:02.751+0000] {dag.py:3047} INFO - Sync 1 DAGs
[2026-09-10T13:53:02.788+0000] {logging_mixin.py:188} INFO - [2026-09-10T13:53:02.787+0000] {dag.py:3834} INFO - Setting next_dagrun for example_branch_python_operator_decorator to 2026-09-09 00:00:00+00:00, run_after=2026-09-10 00:00:00+00:00
[2026-09-10T13:53:02.811+0000] {processor.py:183} INFO - Processing /home/airflow/.local/lib/python3.8/site-packages/airflow/example_dags/example_branch_operator_decorator.py took 0.155 seconds
[2026-09-10T13:53:33.655+0000] {processor.py:161} INFO - Started process (PID=1230) to work on /home/airflow/.local/lib/python3.8/site-packages/airflow/example_dags/example_branch_operator_decorator.py
[2026-09-10T13:53:33.657+0000] {processor.py:830} INFO - Processing file /home/airflow/.local/lib/python3.8/site-packages/airflow/example_dags/example_branch_operator_decorator.py for tasks to queue
[2026-09-10T13:53:33.661+0000] {logging_mixin.py:188} INFO - [2026-09-10T13:53:33.661+0000] {dagbag.py:540} INFO - Filling up the DagBag from /home/airflow/.local/lib/python3.8/site-packages/airflow/example_dags/example_branch_operator_decorator.py
[2026-09-10T13:53:33.700+0000] {processor.py:840} INFO - DAG(s) 'example_branch_python_operator_decorator' retrieved from /home/airflow/.local/lib/python3.8/site-packages/airflow/example_dags/example_branch_operator_decorator.py
[2026-09-10T13:53:33.741+0000] {logging_mixin.py:188} INFO - [2026-09-10T13:53:33.741+0000] {dag.py:3047} INFO - Sync 1 DAGs
[2026-09-10T13:53:33.779+0000] {logging_mixin.py:188} INFO - [2026-09-10T13:53:33.778+0000] {dag.py:3834} INFO - Setting next_dagrun for example_branch_python_operator_decorator to 2026-09-09 00:00:00+00:00, run_after=2026-09-10 00:00:00+00:00
[2026-09-10T13:53:33.816+0000] {processor.py:183} INFO - Processing /home/airflow/.local/lib/python3.8/site-packages/airflow/example_dags/example_branch_operator_decorator.py took 0.166 seconds
[2026-09-10T13:54:04.499+0000] {processor.py:161} INFO - Started process (PID=1291) to work on /home/airflow/.local/lib/python3.8/site-packages/airflow/example_dags/example_branch_operator_decorator.py
[2026-09-10T13:54:04.503+0000] {processor.py:830} INFO - Processing file /home/airflow/.local/lib/python3.8/site-packages/airflow/example_dags/example_branch_operator_decorator.py for tasks to queue
[2026-09-10T13:54:04.509+0000] {logging_mixin.py:188} INFO - [2026-09-10T13:54:04.508+0000] {dagbag.py:540} INFO - Filling up the DagBag from /home/airflow/.local/lib/python3.8/site-packages/airflow/example_dags/example_branch_operator_decorator.py
[2026-09-10T13:54:04.599+0000] {processor.py:840} INFO - DAG(s) 'example_branch_python_operator_decorator' retrieved from /home/airflow/.local/lib/python3.8/site-packages/airflow/example_dags/example_branch_operator_decorator.py
[2026-09-10T13:54:04.646+0000] {logging_mixin.py:188} INFO - [2026-09-10T13:54:04.646+0000] {dag.py:3047} INFO - Sync 1 DAGs
[2026-09-10T13:54:04.687+0000] {logging_mixin.py:188} INFO - [2026-09-10T13:54:04.687+0000] {dag.py:3834} INFO - Setting next_dagrun for example_branch_python_operator_decorator to 2026-09-09 00:00:00+00:00, run_after=2026-09-10 00:00:00+00:00
[2026-09-10T13:54:04.730+0000] {processor.py:183} INFO - Processing /home/airflow/.local/lib/python3.8/site-packages/airflow/example_dags/example_branch_operator_decorator.py took 0.246 seconds
[2026-09-10T13:54:35.007+0000] {processor.py:161} INFO - Started process (PID=1351) to work on /home/airflow/.local/lib/python3.8/site-packages/airflow/example_dags/example_branch_operator_decorator.py
[2026-09-10T13:54:35.008+0000] {processor.py:830} INFO - Processing file /home/airflow/.local/lib/python3.8/site-packages/airflow/example_dags/example_branch_operator_decorator.py for tasks to queue
[2026-09-10T13:54:35.012+0000] {logging_mixin.py:188} INFO - [2026-09-10T13:54:35.011+0000] {dagbag.py:540} INFO - Filling up the DagBag from /home/airflow/.local/lib/python3.8/site-packages/airflow/example_dags/example_branch_operator_decorator.py
[2026-09-10T13:54:35.042+0000] {processor.py:840} INFO - DAG(s) 'example_branch_python_operator_decorator' retrieved from /home/airflow/.local/lib/python3.8/site-packages/airflow/example_dags/example_branch_operator_decorator.py
[2026-09-10T13:54:35.077+0000] {logging_mixin.py:188} INFO - [2026-09-10T13:54:35.076+0000] {dag.py:3047} INFO - Sync 1 DAGs
[2026-09-10T13:54:35.118+0000] {logging_mixin.py:188} INFO - [2026-09-10T13:54:35.117+0000] {dag.py:3834} INFO - Setting next_dagrun for example_branch_python_operator_decorator to 2026-09-09 00:00:00+00:00, run_after=2026-09-10 00:00:00+00:00
[2026-09-10T13:54:35.147+0000] {processor.py:183} INFO - Processing /home/airflow/.local/lib/python3.8/site-packages/airflow/example_dags/example_branch_operator_decorator.py took 0.144 seconds
[2026-09-10T13:55:05.830+0000] {processor.py:161} INFO - Started process (PID=1412) to work on /home/airflow/.local/lib/python3.8/site-packages/airflow/example_dags/example_branch_operator_decorator.py
[2026-09-10T13:55:05.832+0000] {processor.py:830} INFO - Processing file /home/airflow/.local/lib/python3.8/site-packages/airflow/example_dags/example_branch_operator_decorator.py for tasks to queue
[2026-09-10T13:55:05.836+0000] {logging_mixin.py:188} INFO - [2026-09-10T13:55:05.836+0000] {dagbag.py:540} INFO - Filling up the DagBag from /home/airflow/.local/lib/python3.8/site-packages/airflow/example_dags/example_branch_operator_decorator.py
[2026-09-10T13:55:05.866+0000] {processor.py:840} INFO - DAG(s) 'example_branch_python_operator_decorator' retrieved from /home/airflow/.local/lib/python3.8/site-packages/airflow/example_dags/example_branch_operator_decorator.py
[2026-09-10T13:55:05.908+0000] {logging_mixin.py:188} INFO - [2026-09-10T13:55:05.908+0000] {dag.py:3047} INFO - Sync 1 DAGs
[2026-09-10T13:55:05.949+0000] {logging_mixin.py:188} INFO - [2026-09-10T13:55:05.948+0000] {dag.py:3834} INFO - Setting next_dagrun for example_branch_python_operator_decorator to 2026-09-09 00:00:00+00:00, run_after=2026-09-10 00:00:00+00:00
[2026-09-10T13:55:05.982+0000] {processor.py:183} INFO - Processing /home/airflow/.local/lib/python3.8/site-packages/airflow/example_dags/example_branch_operator_decorator.py took 0.157 seconds
[2026-09-10T13:55:36.680+0000] {processor.py:161} INFO - Started process (PID=1477) to work on /home/airflow/.local/lib/python3.8/site-packages/airflow/example_dags/example_branch_operator_decorator.py
[2026-09-10T13:55:36.682+0000] {processor.py:830} INFO - Processing file /home/airflow/.local/lib/python3.8/site-packages/airflow/example_dags/example_branch_operator_decorator.py for tasks to queue
[2026-09-10T13:55:36.685+0000] {logging_mixin.py:188} INFO - [2026-09-10T13:55:36.684+0000] {dagbag.py:540} INFO - Filling up the DagBag from /home/airflow/.local/lib/python3.8/site-packages/airflow/example_dags/example_branch_operator_decorator.py
[2026-09-10T13:55:36.720+0000] {processor.py:840} INFO - DAG(s) 'example_branch_python_operator_decorator' retrieved from /home/airflow/.local/lib/python3.8/site-packages/airflow/example_dags/example_branch_operator_decorator.py
[2026-09-10T13:55:36.759+0000] {logging_mixin.py:188} INFO - [2026-09-10T13:55:36.758+0000] {dag.py:3047} INFO - Sync 1 DAGs
[2026-09-10T13:55:36.791+0000] {logging_mixin.py:188} INFO - [2026-09-10T13:55:36.791+0000] {dag.py:3834} INFO - Setting next_dagrun for example_branch_python_operator_decorator to 2026-09-09 00:00:00+00:00, run_after=2026-09-10 00:00:00+00:00
[2026-09-10T13:55:36.821+0000] {processor.py:183} INFO - Processing /home/airflow/.local/lib/python3.8/site-packages/airflow/example_dags/example_branch_operator_decorator.py took 0.144 seconds
[2026-09-10T13:56:07.078+0000] {processor.py:161} INFO - Started process (PID=1537) to work on /home/airflow/.local/lib/python3.8/site-packages/airflow/example_dags/example_branch_operator_decorator.py
[2026-09-10T13:56:07.080+0000] {processor.py:830} INFO - Processing file /home/airflow/.local/lib/python3.8/site-packages/airflow/example_dags/example_branch_operator_decorator.py for tasks to queue
[2026-09-10T13:56:07.083+0000] {logging_mixin.py:188} INFO - [2026-09-10T13:56:07.083+0000] {dagbag.py:540} INFO - Filling up the DagBag from /home/airflow/.local/lib/python3.8/site-packages/airflow/example_dags/example_branch_operator_decorator.py
[2026-09-10T13:56:07.113+0000] {processor.py:840} INFO - DAG(s) 'example_branch_python_operator_decorator' retrieved from /home/airflow/.local/lib/python3.8/site-packages/airflow/example_dags/example_branch_operator_decorator.py
[2026-09-10T13:56:07.149+0000] {logging_mixin.py:188} INFO - [2026-09-10T13:56:07.149+0000] {dag.py:3047} INFO - Sync 1 DAGs
[2026-09-10T13:56:07.186+0000] {logging_mixin.py:188} INFO - [2026-09-10T13:56:07.185+0000] {dag.py:3834} INFO - Setting next_dagrun for example_branch_python_operator_decorator to 2026-09-09 00:00:00+00:00, run_after=2026-09-10 00:00:00+00:00
[2026-09-10T13:56:07.211+0000] {processor.py:183} INFO - Processing /home/airflow/.local/lib/python3.8/site-packages/airflow/example_dags/example_branch_operator_decorator.py took 0.137 seconds
[2026-09-10T13:56:37.552+0000] {processor.py:161} INFO - Started process (PID=1598) to work on /home/airflow/.local/lib/python3.8/site-packages/airflow/example_dags/example_branch_operator_decorator.py
[2026-09-10T13:56:37.554+0000] {processor.py:830} INFO - Processing file /home/airflow/.local/lib/python3.8/site-packages/airflow/example_dags/example_branch_operator_decorator.py for tasks to queue
[2026-09-10T13:56:37.558+0000] {logging_mixin.py:188} INFO - [2026-09-10T13:56:37.557+0000] {dagbag.py:540} INFO - Filling up the DagBag from /home/airflow/.local/lib/python3.8/site-packages/airflow/example_dags/example_branch_operator_decorator.py
[2026-09-10T13:56:37.592+0000] {processor.py:840} INFO - DAG(s) 'example_branch_python_operator_decorator' retrieved from /home/airflow/.local/lib/python3.8/site-packages/airflow/example_dags/example_branch_operator_decorator.py
[2026-09-10T13:56:37.637+0000] {logging_mixin.py:188} INFO - [2026-09-10T13:56:37.637+0000] {dag.py:3047} INFO - Sync 1 DAGs
[2026-09-10T13:56:37.680+0000] {logging_mixin.py:188} INFO - [2026-09-10T13:56:37.679+0000] {dag.py:3834} INFO - Setting next_dagrun for example_branch_python_operator_decorator to 2026-09-09 00:00:00+00:00, run_after=2026-09-10 00:00:00+00:00
[2026-09-10T13:56:37.717+0000] {processor.py:183} INFO - Processing /home/airflow/.local/lib/python3.8/site-packages/airflow/example_dags/example_branch_operator_decorator.py took 0.171 seconds
[2026-09-10T13:57:08.209+0000] {processor.py:161} INFO - Started process (PID=1658) to work on /home/airflow/.local/lib/python3.8/site-packages/airflow/example_dags/example_branch_operator_decorator.py
[2026-09-10T13:57:08.211+0000] {processor.py:830} INFO - Processing file /home/airflow/.local/lib/python3.8/site-packages/airflow/example_dags/example_branch_operator_decorator.py for tasks to queue
[2026-09-10T13:57:08.214+0000] {logging_mixin.py:188} INFO - [2026-09-10T13:57:08.214+0000] {dagbag.py:540} INFO - Filling up the DagBag from /home/airflow/.local/lib/python3.8/site-packages/airflow/example_dags/example_branch_operator_decorator.py
[2026-09-10T13:57:08.242+0000] {processor.py:840} INFO - DAG(s) 'example_branch_python_operator_decorator' retrieved from /home/airflow/.local/lib/python3.8/site-packages/airflow/example_dags/example_branch_operator_decorator.py
[2026-09-10T13:57:08.285+0000] {logging_mixin.py:188} INFO - [2026-09-10T13:57:08.284+0000] {dag.py:3047} INFO - Sync 1 DAGs
[2026-09-10T13:57:08.328+0000] {logging_mixin.py:188} INFO - [2026-09-10T13:57:08.328+0000] {dag.py:3834} INFO - Setting next_dagrun for example_branch_python_operator_decorator to 2026-09-09 00:00:00+00:00, run_after=2026-09-10 00:00:00+00:00
[2026-09-10T13:57:08.367+0000] {processor.py:183} INFO - Processing /home/airflow/.local/lib/python3.8/site-packages/airflow/example_dags/example_branch_operator_decorator.py took 0.163 seconds
[2026-09-10T13:57:38.438+0000] {processor.py:161} INFO - Started process (PID=1718) to work on /home/airflow/.local/lib/python3.8/site-packages/airflow/example_dags/example_branch_operator_decorator.py
[2026-09-10T13:57:38.441+0000] {processor.py:830} INFO - Processing file /home/airflow/.local/lib/python3.8/site-packages/airflow/example_dags/example_branch_operator_decorator.py for tasks to queue
[2026-09-10T13:57:38.443+0000] {logging_mixin.py:188} INFO - [2026-09-10T13:57:38.443+0000] {dagbag.py:540} INFO - Filling up the DagBag from /home/airflow/.local/lib/python3.8/site-packages/airflow/example_dags/example_branch_operator_decorator.py
[2026-09-10T13:57:38.466+0000] {processor.py:840} INFO - DAG(s) 'example_branch_python_operator_decorator' retrieved from /home/airflow/.local/lib/python3.8/site-packages/airflow/example_dags/example_branch_operator_decorator.py
[2026-09-10T13:57:38.500+0000] {logging_mixin.py:188} INFO - [2026-09-10T13:57:38.499+0000] {dag.py:3047} INFO - Sync 1 DAGs
[2026-09-10T13:57:38.527+0000] {logging_mixin.py:188} INFO - [2026-09-10T13:57:38.527+0000] {dag.py:3834} INFO - Setting next_dagrun for example_branch_python_operator_decorator to 2026-09-09 00:00:00+00:00, run_after=2026-09-10 00:00:00+00:00
[2026-09-10T13:57:38.547+0000] {processor.py:183} INFO - Processing /home/airflow/.local/lib/python3.8/site-packages/airflow/example_dags/example_branch_operator_decorator.py took 0.113 seconds
[2026-09-10T13:58:08.611+0000] {processor.py:161} INFO - Started process (PID=1779) to work on /home/airflow/.local/lib/python3.8/site-packages/airflow/example_dags/example_branch_operator_decorator.py
[2026-09-10T13:58:08.613+0000] {processor.py:830} INFO - Processing file /home/airflow/.local/lib/python3.8/site-packages/airflow/example_dags/example_branch_operator_decorator.py for tasks to queue
[2026-09-10T13:58:08.617+0000] {logging_mixin.py:188} INFO - [2026-09-10T13:58:08.616+0000] {dagbag.py:540} INFO - Filling up the DagBag from /home/airflow/.local/lib/python3.8/site-packages/airflow/example_dags/example_branch_operator_decorator.py
[2026-09-10T13:58:08.646+0000] {processor.py:840} INFO - DAG(s) 'example_branch_python_operator_decorator' retrieved from /home/airflow/.local/lib/python3.8/site-packages/airflow/example_dags/example_branch_operator_decorator.py
[2026-09-10T13:58:08.681+0000] {logging_mixin.py:188} INFO - [2026-09-10T13:58:08.680+0000] {dag.py:3047} INFO - Sync 1 DAGs
[2026-09-10T13:58:08.712+0000] {logging_mixin.py:188} INFO - [2026-09-10T13:58:08.711+0000] {dag.py:3834} INFO - Setting next_dagrun for example_branch_python_operator_decorator to 2026-09-09 00:00:00+00:00, run_after=2026-09-10 00:00:00+00:00
[2026-09-10T13:58:08.744+0000] {processor.py:183} INFO - Processing /home/airflow/.local/lib/python3.8/site-packages/airflow/example_dags/example_branch_operator_decorator.py took 0.136 seconds
[2026-09-10T13:58:38.925+0000] {processor.py:161} INFO - Started process (PID=1840) to work on /home/airflow/.local/lib/python3.8/site-packages/airflow/example_dags/example_branch_operator_decorator.py
[2026-09-10T13:58:38.927+0000] {processor.py:830} INFO - Processing file /home/airflow/.local/lib/python3.8/site-packages/airflow/example_dags/example_branch_operator_decorator.py for tasks to queue
[2026-09-10T13:58:38.930+0000] {logging_mixin.py:188} INFO - [2026-09-10T13:58:38.930+0000] {dagbag.py:540} INFO - Filling up the DagBag from /home/airflow/.local/lib/python3.8/site-packages/airflow/example_dags/example_branch_operator_decorator.py
[2026-09-10T13:58:38.968+0000] {processor.py:840} INFO - DAG(s) 'example_branch_python_operator_decorator' retrieved from /home/airflow/.local/lib/python3.8/site-packages/airflow/example_dags/example_branch_operator_decorator.py
[2026-09-10T13:58:39.021+0000] {logging_mixin.py:188} INFO - [2026-09-10T13:58:39.021+0000] {dag.py:3047} INFO - Sync 1 DAGs
[2026-09-10T13:58:39.057+0000] {logging_mixin.py:188} INFO - [2026-09-10T13:58:39.057+0000] {dag.py:3834} INFO - Setting next_dagrun for example_branch_python_operator_decorator to 2026-09-09 00:00:00+00:00, run_after=2026-09-10 00:00:00+00:00
[2026-09-10T13:58:39.085+0000] {processor.py:183} INFO - Processing /home/airflow/.local/lib/python3.8/site-packages/airflow/example_dags/example_branch_operator_decorator.py took 0.165 seconds
[2026-09-10T13:59:09.186+0000] {processor.py:161} INFO - Started process (PID=1901) to work on /home/airflow/.local/lib/python3.8/site-packages/airflow/example_dags/example_branch_operator_decorator.py
[2026-09-10T13:59:09.188+0000] {processor.py:830} INFO - Processing file /home/airflow/.local/lib/python3.8/site-packages/airflow/example_dags/example_branch_operator_decorator.py for tasks to queue
[2026-09-10T13:59:09.191+0000] {logging_mixin.py:188} INFO - [2026-09-10T13:59:09.190+0000] {dagbag.py:540} INFO - Filling up the DagBag from /home/airflow/.local/lib/python3.8/site-packages/airflow/example_dags/example_branch_operator_decorator.py
[2026-09-10T13:59:09.219+0000] {processor.py:840} INFO - DAG(s) 'example_branch_python_operator_decorator' retrieved from /home/airflow/.local/lib/python3.8/site-packages/airflow/example_dags/example_branch_operator_decorator.py
[2026-09-10T13:59:09.251+0000] {logging_mixin.py:188} INFO - [2026-09-10T13:59:09.250+0000] {dag.py:3047} INFO - Sync 1 DAGs
[2026-09-10T13:59:09.276+0000] {logging_mixin.py:188} INFO - [2026-09-10T13:59:09.276+0000] {dag.py:3834} INFO - Setting next_dagrun for example_branch_python_operator_decorator to 2026-09-09 00:00:00+00:00, run_after=2026-09-10 00:00:00+00:00
[2026-09-10T13:59:09.306+0000] {processor.py:183} INFO - Processing /home/airflow/.local/lib/python3.8/site-packages/airflow/example_dags/example_branch_operator_decorator.py took 0.123 seconds
[2026-09-10T13:59:39.758+0000] {processor.py:161} INFO - Started process (PID=1962) to work on /home/airflow/.local/lib/python3.8/site-packages/airflow/example_dags/example_branch_operator_decorator.py
[2026-09-10T13:59:39.760+0000] {processor.py:830} INFO - Processing file /home/airflow/.local/lib/python3.8/site-packages/airflow/example_dags/example_branch_operator_decorator.py for tasks to queue
[2026-09-10T13:59:39.763+0000] {logging_mixin.py:188} INFO - [2026-09-10T13:59:39.763+0000] {dagbag.py:540} INFO - Filling up the DagBag from /home/airflow/.local/lib/python3.8/site-packages/airflow/example_dags/example_branch_operator_decorator.py
[2026-09-10T13:59:39.798+0000] {processor.py:840} INFO - DAG(s) 'example_branch_python_operator_decorator' retrieved from /home/airflow/.local/lib/python3.8/site-packages/airflow/example_dags/example_branch_operator_decorator.py
[2026-09-10T13:59:39.843+0000] {logging_mixin.py:188} INFO - [2026-09-10T13:59:39.843+0000] {dag.py:3047} INFO - Sync 1 DAGs
[2026-09-10T13:59:39.880+0000] {logging_mixin.py:188} INFO - [2026-09-10T13:59:39.879+0000] {dag.py:3834} INFO - Setting next_dagrun for example_branch_python_operator_decorator to 2026-09-09 00:00:00+00:00, run_after=2026-09-10 00:00:00+00:00
[2026-09-10T13:59:39.905+0000] {processor.py:183} INFO - Processing /home/airflow/.local/lib/python3.8/site-packages/airflow/example_dags/example_branch_operator_decorator.py took 0.150 seconds
[2026-09-10T14:00:10.071+0000] {processor.py:161} INFO - Started process (PID=2023) to work on /home/airflow/.local/lib/python3.8/site-packages/airflow/example_dags/example_branch_operator_decorator.py
[2026-09-10T14:00:10.073+0000] {processor.py:830} INFO - Processing file /home/airflow/.local/lib/python3.8/site-packages/airflow/example_dags/example_branch_operator_decorator.py for tasks to queue
[2026-09-10T14:00:10.078+0000] {logging_mixin.py:188} INFO - [2026-09-10T14:00:10.077+0000] {dagbag.py:540} INFO - Filling up the DagBag from /home/airflow/.local/lib/python3.8/site-packages/airflow/example_dags/example_branch_operator_decorator.py
[2026-09-10T14:00:10.108+0000] {processor.py:840} INFO - DAG(s) 'example_branch_python_operator_decorator' retrieved from /home/airflow/.local/lib/python3.8/site-packages/airflow/example_dags/example_branch_operator_decorator.py
[2026-09-10T14:00:10.139+0000] {logging_mixin.py:188} INFO - [2026-09-10T14:00:10.139+0000] {dag.py:3047} INFO - Sync 1 DAGs
[2026-09-10T14:00:10.168+0000] {logging_mixin.py:188} INFO - [2026-09-10T14:00:10.168+0000] {dag.py:3834} INFO - Setting next_dagrun for example_branch_python_operator_decorator to 2026-09-09 00:00:00+00:00, run_after=2026-09-10 00:00:00+00:00
[2026-09-10T14:00:10.201+0000] {processor.py:183} INFO - Processing /home/airflow/.local/lib/python3.8/site-packages/airflow/example_dags/example_branch_operator_decorator.py took 0.134 seconds
[2026-09-10T14:00:40.992+0000] {processor.py:161} INFO - Started process (PID=2091) to work on /home/airflow/.local/lib/python3.8/site-packages/airflow/example_dags/example_branch_operator_decorator.py
[2026-09-10T14:00:40.994+0000] {processor.py:830} INFO - Processing file /home/airflow/.local/lib/python3.8/site-packages/airflow/example_dags/example_branch_operator_decorator.py for tasks to queue
[2026-09-10T14:00:40.998+0000] {logging_mixin.py:188} INFO - [2026-09-10T14:00:40.997+0000] {dagbag.py:540} INFO - Filling up the DagBag from /home/airflow/.local/lib/python3.8/site-packages/airflow/example_dags/example_branch_operator_decorator.py
[2026-09-10T14:00:41.038+0000] {processor.py:840} INFO - DAG(s) 'example_branch_python_operator_decorator' retrieved from /home/airflow/.local/lib/python3.8/site-packages/airflow/example_dags/example_branch_operator_decorator.py
[2026-09-10T14:00:41.085+0000] {logging_mixin.py:188} INFO - [2026-09-10T14:00:41.084+0000] {dag.py:3047} INFO - Sync 1 DAGs
[2026-09-10T14:00:41.124+0000] {logging_mixin.py:188} INFO - [2026-09-10T14:00:41.124+0000] {dag.py:3834} INFO - Setting next_dagrun for example_branch_python_operator_decorator to 2026-09-09 00:00:00+00:00, run_after=2026-09-10 00:00:00+00:00
[2026-09-10T14:00:41.159+0000] {processor.py:183} INFO - Processing /home/airflow/.local/lib/python3.8/site-packages/airflow/example_dags/example_branch_operator_decorator.py took 0.173 seconds
[2026-09-10T14:01:11.614+0000] {processor.py:161} INFO - Started process (PID=2152) to work on /home/airflow/.local/lib/python3.8/site-packages/airflow/example_dags/example_branch_operator_decorator.py
[2026-09-10T14:01:11.617+0000] {processor.py:830} INFO - Processing file /home/airflow/.local/lib/python3.8/site-packages/airflow/example_dags/example_branch_operator_decorator.py for tasks to queue
[2026-09-10T14:01:11.621+0000] {logging_mixin.py:188} INFO - [2026-09-10T14:01:11.620+0000] {dagbag.py:540} INFO - Filling up the DagBag from /home/airflow/.local/lib/python3.8/site-packages/airflow/example_dags/example_branch_operator_decorator.py
[2026-09-10T14:01:11.661+0000] {processor.py:840} INFO - DAG(s) 'example_branch_python_operator_decorator' retrieved from /home/airflow/.local/lib/python3.8/site-packages/airflow/example_dags/example_branch_operator_decorator.py
[2026-09-10T14:01:11.693+0000] {logging_mixin.py:188} INFO - [2026-09-10T14:01:11.693+0000] {dag.py:3047} INFO - Sync 1 DAGs
[2026-09-10T14:01:11.719+0000] {logging_mixin.py:188} INFO - [2026-09-10T14:01:11.719+0000] {dag.py:3834} INFO - Setting next_dagrun for example_branch_python_operator_decorator to 2026-09-09 00:00:00+00:00, run_after=2026-09-10 00:00:00+00:00
[2026-09-10T14:01:11.745+0000] {processor.py:183} INFO - Processing /home/airflow/.local/lib/python3.8/site-packages/airflow/example_dags/example_branch_operator_decorator.py took 0.136 seconds
[2026-09-10T14:01:42.009+0000] {processor.py:161} INFO - Started process (PID=2213) to work on /home/airflow/.local/lib/python3.8/site-packages/airflow/example_dags/example_branch_operator_decorator.py
[2026-09-10T14:01:42.011+0000] {processor.py:830} INFO - Processing file /home/airflow/.local/lib/python3.8/site-packages/airflow/example_dags/example_branch_operator_decorator.py for tasks to queue
[2026-09-10T14:01:42.013+0000] {logging_mixin.py:188} INFO - [2026-09-10T14:01:42.013+0000] {dagbag.py:540} INFO - Filling up the DagBag from /home/airflow/.local/lib/python3.8/site-packages/airflow/example_dags/example_branch_operator_decorator.py
[2026-09-10T14:01:42.042+0000] {processor.py:840} INFO - DAG(s) 'example_branch_python_operator_decorator' retrieved from /home/airflow/.local/lib/python3.8/site-packages/airflow/example_dags/example_branch_operator_decorator.py
[2026-09-10T14:01:42.079+0000] {logging_mixin.py:188} INFO - [2026-09-10T14:01:42.079+0000] {dag.py:3047} INFO - Sync 1 DAGs
[2026-09-10T14:01:42.109+0000] {logging_mixin.py:188} INFO - [2026-09-10T14:01:42.108+0000] {dag.py:3834} INFO - Setting next_dagrun for example_branch_python_operator_decorator to 2026-09-09 00:00:00+00:00, run_after=2026-09-10 00:00:00+00:00
[2026-09-10T14:01:42.131+0000] {processor.py:183} INFO - Processing /home/airflow/.local/lib/python3.8/site-packages/airflow/example_dags/example_branch_operator_decorator.py took 0.125 seconds
[2026-09-10T14:02:12.524+0000] {processor.py:161} INFO - Started process (PID=2274) to work on /home/airflow/.local/lib/python3.8/site-packages/airflow/example_dags/example_branch_operator_decorator.py
[2026-09-10T14:02:12.526+0000] {processor.py:830} INFO - Processing file /home/airflow/.local/lib/python3.8/site-packages/airflow/example_dags/example_branch_operator_decorator.py for tasks to queue
[2026-09-10T14:02:12.529+0000] {logging_mixin.py:188} INFO - [2026-09-10T14:02:12.528+0000] {dagbag.py:540} INFO - Filling up the DagBag from /home/airflow/.local/lib/python3.8/site-packages/airflow/example_dags/example_branch_operator_decorator.py
[2026-09-10T14:02:12.554+0000] {processor.py:840} INFO - DAG(s) 'example_branch_python_operator_decorator' retrieved from /home/airflow/.local/lib/python3.8/site-packages/airflow/example_dags/example_branch_operator_decorator.py
[2026-09-10T14:02:12.730+0000] {logging_mixin.py:188} INFO - [2026-09-10T14:02:12.730+0000] {dag.py:3047} INFO - Sync 1 DAGs
[2026-09-10T14:02:12.752+0000] {logging_mixin.py:188} INFO - [2026-09-10T14:02:12.751+0000] {dag.py:3834} INFO - Setting next_dagrun for example_branch_python_operator_decorator to 2026-09-09 00:00:00+00:00, run_after=2026-09-10 00:00:00+00:00
[2026-09-10T14:02:12.773+0000] {processor.py:183} INFO - Processing /home/airflow/.local/lib/python3.8/site-packages/airflow/example_dags/example_branch_operator_decorator.py took 0.253 seconds
[2026-09-10T14:02:43.432+0000] {processor.py:161} INFO - Started process (PID=2335) to work on /home/airflow/.local/lib/python3.8/site-packages/airflow/example_dags/example_branch_operator_decorator.py
[2026-09-10T14:02:43.435+0000] {processor.py:830} INFO - Processing file /home/airflow/.local/lib/python3.8/site-packages/airflow/example_dags/example_branch_operator_decorator.py for tasks to queue
[2026-09-10T14:02:43.438+0000] {logging_mixin.py:188} INFO - [2026-09-10T14:02:43.438+0000] {dagbag.py:540} INFO - Filling up the DagBag from /home/airflow/.local/lib/python3.8/site-packages/airflow/example_dags/example_branch_operator_decorator.py
[2026-09-10T14:02:43.474+0000] {processor.py:840} INFO - DAG(s) 'example_branch_python_operator_decorator' retrieved from /home/airflow/.local/lib/python3.8/site-packages/airflow/example_dags/example_branch_operator_decorator.py
[2026-09-10T14:02:43.514+0000] {logging_mixin.py:188} INFO - [2026-09-10T14:02:43.514+0000] {dag.py:3047} INFO - Sync 1 DAGs
[2026-09-10T14:02:43.554+0000] {logging_mixin.py:188} INFO - [2026-09-10T14:02:43.553+0000] {dag.py:3834} INFO - Setting next_dagrun for example_branch_python_operator_decorator to 2026-09-09 00:00:00+00:00, run_after=2026-09-10 00:00:00+00:00
[2026-09-10T14:02:43.602+0000] {processor.py:183} INFO - Processing /home/airflow/.local/lib/python3.8/site-packages/airflow/example_dags/example_branch_operator_decorator.py took 0.175 seconds
[2026-09-10T14:03:14.372+0000] {processor.py:161} INFO - Started process (PID=2396) to work on /home/airflow/.local/lib/python3.8/site-packages/airflow/example_dags/example_branch_operator_decorator.py
[2026-09-10T14:03:14.376+0000] {processor.py:830} INFO - Processing file /home/airflow/.local/lib/python3.8/site-packages/airflow/example_dags/example_branch_operator_decorator.py for tasks to queue
[2026-09-10T14:03:14.380+0000] {logging_mixin.py:188} INFO - [2026-09-10T14:03:14.379+0000] {dagbag.py:540} INFO - Filling up the DagBag from /home/airflow/.local/lib/python3.8/site-packages/airflow/example_dags/example_branch_operator_decorator.py
[2026-09-10T14:03:14.410+0000] {processor.py:840} INFO - DAG(s) 'example_branch_python_operator_decorator' retrieved from /home/airflow/.local/lib/python3.8/site-packages/airflow/example_dags/example_branch_operator_decorator.py
[2026-09-10T14:03:14.445+0000] {logging_mixin.py:188} INFO - [2026-09-10T14:03:14.445+0000] {dag.py:3047} INFO - Sync 1 DAGs
[2026-09-10T14:03:14.479+0000] {logging_mixin.py:188} INFO - [2026-09-10T14:03:14.479+0000] {dag.py:3834} INFO - Setting next_dagrun for example_branch_python_operator_decorator to 2026-09-09 00:00:00+00:00, run_after=2026-09-10 00:00:00+00:00
[2026-09-10T14:03:14.504+0000] {processor.py:183} INFO - Processing /home/airflow/.local/lib/python3.8/site-packages/airflow/example_dags/example_branch_operator_decorator.py took 0.137 seconds
[2026-09-10T14:03:44.598+0000] {processor.py:161} INFO - Started process (PID=2457) to work on /home/airflow/.local/lib/python3.8/site-packages/airflow/example_dags/example_branch_operator_decorator.py
[2026-09-10T14:03:44.601+0000] {processor.py:830} INFO - Processing file /home/airflow/.local/lib/python3.8/site-packages/airflow/example_dags/example_branch_operator_decorator.py for tasks to queue
[2026-09-10T14:03:44.605+0000] {logging_mixin.py:188} INFO - [2026-09-10T14:03:44.604+0000] {dagbag.py:540} INFO - Filling up the DagBag from /home/airflow/.local/lib/python3.8/site-packages/airflow/example_dags/example_branch_operator_decorator.py
[2026-09-10T14:03:44.645+0000] {processor.py:840} INFO - DAG(s) 'example_branch_python_operator_decorator' retrieved from /home/airflow/.local/lib/python3.8/site-packages/airflow/example_dags/example_branch_operator_decorator.py
[2026-09-10T14:03:44.679+0000] {logging_mixin.py:188} INFO - [2026-09-10T14:03:44.679+0000] {dag.py:3047} INFO - Sync 1 DAGs
[2026-09-10T14:03:44.711+0000] {logging_mixin.py:188} INFO - [2026-09-10T14:03:44.711+0000] {dag.py:3834} INFO - Setting next_dagrun for example_branch_python_operator_decorator to 2026-09-09 00:00:00+00:00, run_after=2026-09-10 00:00:00+00:00
[2026-09-10T14:03:44.736+0000] {processor.py:183} INFO - Processing /home/airflow/.local/lib/python3.8/site-packages/airflow/example_dags/example_branch_operator_decorator.py took 0.144 seconds
[2026-09-10T14:04:14.969+0000] {processor.py:161} INFO - Started process (PID=2518) to work on /home/airflow/.local/lib/python3.8/site-packages/airflow/example_dags/example_branch_operator_decorator.py
[2026-09-10T14:04:14.971+0000] {processor.py:830} INFO - Processing file /home/airflow/.local/lib/python3.8/site-packages/airflow/example_dags/example_branch_operator_decorator.py for tasks to queue
[2026-09-10T14:04:14.974+0000] {logging_mixin.py:188} INFO - [2026-09-10T14:04:14.974+0000] {dagbag.py:540} INFO - Filling up the DagBag from /home/airflow/.local/lib/python3.8/site-packages/airflow/example_dags/example_branch_operator_decorator.py
[2026-09-10T14:04:15.007+0000] {processor.py:840} INFO - DAG(s) 'example_branch_python_operator_decorator' retrieved from /home/airflow/.local/lib/python3.8/site-packages/airflow/example_dags/example_branch_operator_decorator.py
[2026-09-10T14:04:15.038+0000] {logging_mixin.py:188} INFO - [2026-09-10T14:04:15.038+0000] {dag.py:3047} INFO - Sync 1 DAGs
[2026-09-10T14:04:15.064+0000] {logging_mixin.py:188} INFO - [2026-09-10T14:04:15.064+0000] {dag.py:3834} INFO - Setting next_dagrun for example_branch_python_operator_decorator to 2026-09-09 00:00:00+00:00, run_after=2026-09-10 00:00:00+00:00
[2026-09-10T14:04:15.092+0000] {processor.py:183} INFO - Processing /home/airflow/.local/lib/python3.8/site-packages/airflow/example_dags/example_branch_operator_decorator.py took 0.132 seconds
[2026-09-10T14:04:45.481+0000] {processor.py:161} INFO - Started process (PID=2579) to work on /home/airflow/.local/lib/python3.8/site-packages/airflow/example_dags/example_branch_operator_decorator.py
[2026-09-10T14:04:45.484+0000] {processor.py:830} INFO - Processing file /home/airflow/.local/lib/python3.8/site-packages/airflow/example_dags/example_branch_operator_decorator.py for tasks to queue
[2026-09-10T14:04:45.490+0000] {logging_mixin.py:188} INFO - [2026-09-10T14:04:45.489+0000] {dagbag.py:540} INFO - Filling up the DagBag from /home/airflow/.local/lib/python3.8/site-packages/airflow/example_dags/example_branch_operator_decorator.py
[2026-09-10T14:04:45.528+0000] {processor.py:840} INFO - DAG(s) 'example_branch_python_operator_decorator' retrieved from /home/airflow/.local/lib/python3.8/site-packages/airflow/example_dags/example_branch_operator_decorator.py
[2026-09-10T14:04:45.570+0000] {logging_mixin.py:188} INFO - [2026-09-10T14:04:45.569+0000] {dag.py:3047} INFO - Sync 1 DAGs
[2026-09-10T14:04:45.604+0000] {logging_mixin.py:188} INFO - [2026-09-10T14:04:45.604+0000] {dag.py:3834} INFO - Setting next_dagrun for example_branch_python_operator_decorator to 2026-09-09 00:00:00+00:00, run_after=2026-09-10 00:00:00+00:00
[2026-09-10T14:04:45.633+0000] {processor.py:183} INFO - Processing /home/airflow/.local/lib/python3.8/site-packages/airflow/example_dags/example_branch_operator_decorator.py took 0.157 seconds
[2026-09-10T14:05:15.859+0000] {processor.py:161} INFO - Started process (PID=2640) to work on /home/airflow/.local/lib/python3.8/site-packages/airflow/example_dags/example_branch_operator_decorator.py
[2026-09-10T14:05:15.861+0000] {processor.py:830} INFO - Processing file /home/airflow/.local/lib/python3.8/site-packages/airflow/example_dags/example_branch_operator_decorator.py for tasks to queue
[2026-09-10T14:05:15.864+0000] {logging_mixin.py:188} INFO - [2026-09-10T14:05:15.864+0000] {dagbag.py:540} INFO - Filling up the DagBag from /home/airflow/.local/lib/python3.8/site-packages/airflow/example_dags/example_branch_operator_decorator.py
[2026-09-10T14:05:15.895+0000] {processor.py:840} INFO - DAG(s) 'example_branch_python_operator_decorator' retrieved from /home/airflow/.local/lib/python3.8/site-packages/airflow/example_dags/example_branch_operator_decorator.py
[2026-09-10T14:05:15.925+0000] {logging_mixin.py:188} INFO - [2026-09-10T14:05:15.925+0000] {dag.py:3047} INFO - Sync 1 DAGs
[2026-09-10T14:05:15.958+0000] {logging_mixin.py:188} INFO - [2026-09-10T14:05:15.957+0000] {dag.py:3834} INFO - Setting next_dagrun for example_branch_python_operator_decorator to 2026-09-09 00:00:00+00:00, run_after=2026-09-10 00:00:00+00:00
[2026-09-10T14:05:15.987+0000] {processor.py:183} INFO - Processing /home/airflow/.local/lib/python3.8/site-packages/airflow/example_dags/example_branch_operator_decorator.py took 0.132 seconds
[2026-09-10T14:05:46.421+0000] {processor.py:161} INFO - Started process (PID=2701) to work on /home/airflow/.local/lib/python3.8/site-packages/airflow/example_dags/example_branch_operator_decorator.py
[2026-09-10T14:05:46.423+0000] {processor.py:830} INFO - Processing file /home/airflow/.local/lib/python3.8/site-packages/airflow/example_dags/example_branch_operator_decorator.py for tasks to queue
[2026-09-10T14:05:46.427+0000] {logging_mixin.py:188} INFO - [2026-09-10T14:05:46.426+0000] {dagbag.py:540} INFO - Filling up the DagBag from /home/airflow/.local/lib/python3.8/site-packages/airflow/example_dags/example_branch_operator_decorator.py
[2026-09-10T14:05:46.461+0000] {processor.py:840} INFO - DAG(s) 'example_branch_python_operator_decorator' retrieved from /home/airflow/.local/lib/python3.8/site-packages/airflow/example_dags/example_branch_operator_decorator.py
[2026-09-10T14:05:46.500+0000] {logging_mixin.py:188} INFO - [2026-09-10T14:05:46.500+0000] {dag.py:3047} INFO - Sync 1 DAGs
[2026-09-10T14:05:46.527+0000] {logging_mixin.py:188} INFO - [2026-09-10T14:05:46.527+0000] {dag.py:3834} INFO - Setting next_dagrun for example_branch_python_operator_decorator to 2026-09-09 00:00:00+00:00, run_after=2026-09-10 00:00:00+00:00
[2026-09-10T14:05:46.555+0000] {processor.py:183} INFO - Processing /home/airflow/.local/lib/python3.8/site-packages/airflow/example_dags/example_branch_operator_decorator.py took 0.138 seconds
[2026-09-10T14:06:16.958+0000] {processor.py:161} INFO - Started process (PID=2762) to work on /home/airflow/.local/lib/python3.8/site-packages/airflow/example_dags/example_branch_operator_decorator.py
[2026-09-10T14:06:16.961+0000] {processor.py:830} INFO - Processing file /home/airflow/.local/lib/python3.8/site-packages/airflow/example_dags/example_branch_operator_decorator.py for tasks to queue
[2026-09-10T14:06:16.966+0000] {logging_mixin.py:188} INFO - [2026-09-10T14:06:16.965+0000] {dagbag.py:540} INFO - Filling up the DagBag from /home/airflow/.local/lib/python3.8/site-packages/airflow/example_dags/example_branch_operator_decorator.py
[2026-09-10T14:06:17.003+0000] {processor.py:840} INFO - DAG(s) 'example_branch_python_operator_decorator' retrieved from /home/airflow/.local/lib/python3.8/site-packages/airflow/example_dags/example_branch_operator_decorator.py
[2026-09-10T14:06:17.048+0000] {logging_mixin.py:188} INFO - [2026-09-10T14:06:17.048+0000] {dag.py:3047} INFO - Sync 1 DAGs
[2026-09-10T14:06:17.093+0000] {logging_mixin.py:188} INFO - [2026-09-10T14:06:17.093+0000] {dag.py:3834} INFO - Setting next_dagrun for example_branch_python_operator_decorator to 2026-09-09 00:00:00+00:00, run_after=2026-09-10 00:00:00+00:00
[2026-09-10T14:06:17.180+0000] {processor.py:183} INFO - Processing /home/airflow/.local/lib/python3.8/site-packages/airflow/example_dags/example_branch_operator_decorator.py took 0.228 seconds
[2026-09-10T14:06:47.324+0000] {processor.py:161} INFO - Started process (PID=2823) to work on /home/airflow/.local/lib/python3.8/site-packages/airflow/example_dags/example_branch_operator_decorator.py
[2026-09-10T14:06:47.326+0000] {processor.py:830} INFO - Processing file /home/airflow/.local/lib/python3.8/site-packages/airflow/example_dags/example_branch_operator_decorator.py for tasks to queue
[2026-09-10T14:06:47.329+0000] {logging_mixin.py:188} INFO - [2026-09-10T14:06:47.329+0000] {dagbag.py:540} INFO - Filling up the DagBag from /home/airflow/.local/lib/python3.8/site-packages/airflow/example_dags/example_branch_operator_decorator.py
[2026-09-10T14:06:47.359+0000] {processor.py:840} INFO - DAG(s) 'example_branch_python_operator_decorator' retrieved from /home/airflow/.local/lib/python3.8/site-packages/airflow/example_dags/example_branch_operator_decorator.py
[2026-09-10T14:06:47.391+0000] {logging_mixin.py:188} INFO - [2026-09-10T14:06:47.391+0000] {dag.py:3047} INFO - Sync 1 DAGs
[2026-09-10T14:06:47.418+0000] {logging_mixin.py:188} INFO - [2026-09-10T14:06:47.418+0000] {dag.py:3834} INFO - Setting next_dagrun for example_branch_python_operator_decorator to 2026-09-09 00:00:00+00:00, run_after=2026-09-10 00:00:00+00:00
[2026-09-10T14:06:47.442+0000] {processor.py:183} INFO - Processing /home/airflow/.local/lib/python3.8/site-packages/airflow/example_dags/example_branch_operator_decorator.py took 0.124 seconds
[2026-09-10T14:07:17.861+0000] {processor.py:161} INFO - Started process (PID=2884) to work on /home/airflow/.local/lib/python3.8/site-packages/airflow/example_dags/example_branch_operator_decorator.py
[2026-09-10T14:07:17.863+0000] {processor.py:830} INFO - Processing file /home/airflow/.local/lib/python3.8/site-packages/airflow/example_dags/example_branch_operator_decorator.py for tasks to queue
[2026-09-10T14:07:17.867+0000] {logging_mixin.py:188} INFO - [2026-09-10T14:07:17.866+0000] {dagbag.py:540} INFO - Filling up the DagBag from /home/airflow/.local/lib/python3.8/site-packages/airflow/example_dags/example_branch_operator_decorator.py
[2026-09-10T14:07:17.933+0000] {processor.py:840} INFO - DAG(s) 'example_branch_python_operator_decorator' retrieved from /home/airflow/.local/lib/python3.8/site-packages/airflow/example_dags/example_branch_operator_decorator.py
[2026-09-10T14:07:18.028+0000] {logging_mixin.py:188} INFO - [2026-09-10T14:07:18.028+0000] {dag.py:3047} INFO - Sync 1 DAGs
[2026-09-10T14:07:18.094+0000] {logging_mixin.py:188} INFO - [2026-09-10T14:07:18.094+0000] {dag.py:3834} INFO - Setting next_dagrun for example_branch_python_operator_decorator to 2026-09-09 00:00:00+00:00, run_after=2026-09-10 00:00:00+00:00
[2026-09-10T14:07:18.160+0000] {processor.py:183} INFO - Processing /home/airflow/.local/lib/python3.8/site-packages/airflow/example_dags/example_branch_operator_decorator.py took 0.305 seconds
[2026-09-10T14:07:48.493+0000] {processor.py:161} INFO - Started process (PID=2945) to work on /home/airflow/.local/lib/python3.8/site-packages/airflow/example_dags/example_branch_operator_decorator.py
[2026-09-10T14:07:48.496+0000] {processor.py:830} INFO - Processing file /home/airflow/.local/lib/python3.8/site-packages/airflow/example_dags/example_branch_operator_decorator.py for tasks to queue
[2026-09-10T14:07:48.500+0000] {logging_mixin.py:188} INFO - [2026-09-10T14:07:48.500+0000] {dagbag.py:540} INFO - Filling up the DagBag from /home/airflow/.local/lib/python3.8/site-packages/airflow/example_dags/example_branch_operator_decorator.py
[2026-09-10T14:07:48.545+0000] {processor.py:840} INFO - DAG(s) 'example_branch_python_operator_decorator' retrieved from /home/airflow/.local/lib/python3.8/site-packages/airflow/example_dags/example_branch_operator_decorator.py
[2026-09-10T14:07:48.603+0000] {logging_mixin.py:188} INFO - [2026-09-10T14:07:48.603+0000] {dag.py:3047} INFO - Sync 1 DAGs
[2026-09-10T14:07:48.646+0000] {logging_mixin.py:188} INFO - [2026-09-10T14:07:48.646+0000] {dag.py:3834} INFO - Setting next_dagrun for example_branch_python_operator_decorator to 2026-09-09 00:00:00+00:00, run_after=2026-09-10 00:00:00+00:00
[2026-09-10T14:07:48.693+0000] {processor.py:183} INFO - Processing /home/airflow/.local/lib/python3.8/site-packages/airflow/example_dags/example_branch_operator_decorator.py took 0.206 seconds
[2026-09-10T14:08:18.908+0000] {processor.py:161} INFO - Started process (PID=3006) to work on /home/airflow/.local/lib/python3.8/site-packages/airflow/example_dags/example_branch_operator_decorator.py
[2026-09-10T14:08:18.910+0000] {processor.py:830} INFO - Processing file /home/airflow/.local/lib/python3.8/site-packages/airflow/example_dags/example_branch_operator_decorator.py for tasks to queue
[2026-09-10T14:08:18.914+0000] {logging_mixin.py:188} INFO - [2026-09-10T14:08:18.914+0000] {dagbag.py:540} INFO - Filling up the DagBag from /home/airflow/.local/lib/python3.8/site-packages/airflow/example_dags/example_branch_operator_decorator.py
[2026-09-10T14:08:18.941+0000] {processor.py:840} INFO - DAG(s) 'example_branch_python_operator_decorator' retrieved from /home/airflow/.local/lib/python3.8/site-packages/airflow/example_dags/example_branch_operator_decorator.py
[2026-09-10T14:08:18.975+0000] {logging_mixin.py:188} INFO - [2026-09-10T14:08:18.974+0000] {dag.py:3047} INFO - Sync 1 DAGs
[2026-09-10T14:08:19.006+0000] {logging_mixin.py:188} INFO - [2026-09-10T14:08:19.006+0000] {dag.py:3834} INFO - Setting next_dagrun for example_branch_python_operator_decorator to 2026-09-09 00:00:00+00:00, run_after=2026-09-10 00:00:00+00:00
[2026-09-10T14:08:19.034+0000] {processor.py:183} INFO - Processing /home/airflow/.local/lib/python3.8/site-packages/airflow/example_dags/example_branch_operator_decorator.py took 0.129 seconds
[2026-09-10T14:08:49.256+0000] {processor.py:161} INFO - Started process (PID=3067) to work on /home/airflow/.local/lib/python3.8/site-packages/airflow/example_dags/example_branch_operator_decorator.py
[2026-09-10T14:08:49.258+0000] {processor.py:830} INFO - Processing file /home/airflow/.local/lib/python3.8/site-packages/airflow/example_dags/example_branch_operator_decorator.py for tasks to queue
[2026-09-10T14:08:49.260+0000] {logging_mixin.py:188} INFO - [2026-09-10T14:08:49.260+0000] {dagbag.py:540} INFO - Filling up the DagBag from /home/airflow/.local/lib/python3.8/site-packages/airflow/example_dags/example_branch_operator_decorator.py
[2026-09-10T14:08:49.292+0000] {processor.py:840} INFO - DAG(s) 'example_branch_python_operator_decorator' retrieved from /home/airflow/.local/lib/python3.8/site-packages/airflow/example_dags/example_branch_operator_decorator.py
[2026-09-10T14:08:49.345+0000] {logging_mixin.py:188} INFO - [2026-09-10T14:08:49.345+0000] {dag.py:3047} INFO - Sync 1 DAGs
[2026-09-10T14:08:49.386+0000] {logging_mixin.py:188} INFO - [2026-09-10T14:08:49.384+0000] {dag.py:3834} INFO - Setting next_dagrun for example_branch_python_operator_decorator to 2026-09-09 00:00:00+00:00, run_after=2026-09-10 00:00:00+00:00
[2026-09-10T14:08:49.416+0000] {processor.py:183} INFO - Processing /home/airflow/.local/lib/python3.8/site-packages/airflow/example_dags/example_branch_operator_decorator.py took 0.165 seconds
[2026-09-10T14:09:19.589+0000] {processor.py:161} INFO - Started process (PID=3128) to work on /home/airflow/.local/lib/python3.8/site-packages/airflow/example_dags/example_branch_operator_decorator.py
[2026-09-10T14:09:19.591+0000] {processor.py:830} INFO - Processing file /home/airflow/.local/lib/python3.8/site-packages/airflow/example_dags/example_branch_operator_decorator.py for tasks to queue
[2026-09-10T14:09:19.593+0000] {logging_mixin.py:188} INFO - [2026-09-10T14:09:19.593+0000] {dagbag.py:540} INFO - Filling up the DagBag from /home/airflow/.local/lib/python3.8/site-packages/airflow/example_dags/example_branch_operator_decorator.py
[2026-09-10T14:09:19.625+0000] {processor.py:840} INFO - DAG(s) 'example_branch_python_operator_decorator' retrieved from /home/airflow/.local/lib/python3.8/site-packages/airflow/example_dags/example_branch_operator_decorator.py
[2026-09-10T14:09:19.658+0000] {logging_mixin.py:188} INFO - [2026-09-10T14:09:19.658+0000] {dag.py:3047} INFO - Sync 1 DAGs
[2026-09-10T14:09:19.686+0000] {logging_mixin.py:188} INFO - [2026-09-10T14:09:19.686+0000] {dag.py:3834} INFO - Setting next_dagrun for example_branch_python_operator_decorator to 2026-09-09 00:00:00+00:00, run_after=2026-09-10 00:00:00+00:00
[2026-09-10T14:09:19.709+0000] {processor.py:183} INFO - Processing /home/airflow/.local/lib/python3.8/site-packages/airflow/example_dags/example_branch_operator_decorator.py took 0.124 seconds
[2026-09-10T14:09:50.462+0000] {processor.py:161} INFO - Started process (PID=3189) to work on /home/airflow/.local/lib/python3.8/site-packages/airflow/example_dags/example_branch_operator_decorator.py
[2026-09-10T14:09:50.464+0000] {processor.py:830} INFO - Processing file /home/airflow/.local/lib/python3.8/site-packages/airflow/example_dags/example_branch_operator_decorator.py for tasks to queue
[2026-09-10T14:09:50.467+0000] {logging_mixin.py:188} INFO - [2026-09-10T14:09:50.466+0000] {dagbag.py:540} INFO - Filling up the DagBag from /home/airflow/.local/lib/python3.8/site-packages/airflow/example_dags/example_branch_operator_decorator.py
[2026-09-10T14:09:50.498+0000] {processor.py:840} INFO - DAG(s) 'example_branch_python_operator_decorator' retrieved from /home/airflow/.local/lib/python3.8/site-packages/airflow/example_dags/example_branch_operator_decorator.py
[2026-09-10T14:09:50.534+0000] {logging_mixin.py:188} INFO - [2026-09-10T14:09:50.533+0000] {dag.py:3047} INFO - Sync 1 DAGs
[2026-09-10T14:09:50.568+0000] {logging_mixin.py:188} INFO - [2026-09-10T14:09:50.567+0000] {dag.py:3834} INFO - Setting next_dagrun for example_branch_python_operator_decorator to 2026-09-09 00:00:00+00:00, run_after=2026-09-10 00:00:00+00:00
[2026-09-10T14:09:50.590+0000] {processor.py:183} INFO - Processing /home/airflow/.local/lib/python3.8/site-packages/airflow/example_dags/example_branch_operator_decorator.py took 0.133 seconds
[2026-09-10T14:10:20.996+0000] {processor.py:161} INFO - Started process (PID=3252) to work on /home/airflow/.local/lib/python3.8/site-packages/airflow/example_dags/example_branch_operator_decorator.py
[2026-09-10T14:10:20.999+0000] {processor.py:830} INFO - Processing file /home/airflow/.local/lib/python3.8/site-packages/airflow/example_dags/example_branch_operator_decorator.py for tasks to queue
[2026-09-10T14:10:21.004+0000] {logging_mixin.py:188} INFO - [2026-09-10T14:10:21.004+0000] {dagbag.py:540} INFO - Filling up the DagBag from /home/airflow/.local/lib/python3.8/site-packages/airflow/example_dags/example_branch_operator_decorator.py
[2026-09-10T14:10:21.035+0000] {processor.py:840} INFO - DAG(s) 'example_branch_python_operator_decorator' retrieved from /home/airflow/.local/lib/python3.8/site-packages/airflow/example_dags/example_branch_operator_decorator.py
[2026-09-10T14:10:21.074+0000] {logging_mixin.py:188} INFO - [2026-09-10T14:10:21.073+0000] {dag.py:3047} INFO - Sync 1 DAGs
[2026-09-10T14:10:21.106+0000] {logging_mixin.py:188} INFO - [2026-09-10T14:10:21.106+0000] {dag.py:3834} INFO - Setting next_dagrun for example_branch_python_operator_decorator to 2026-09-09 00:00:00+00:00, run_after=2026-09-10 00:00:00+00:00
[2026-09-10T14:10:21.131+0000] {processor.py:183} INFO - Processing /home/airflow/.local/lib/python3.8/site-packages/airflow/example_dags/example_branch_operator_decorator.py took 0.140 seconds
[2026-09-10T14:10:51.892+0000] {processor.py:161} INFO - Started process (PID=3317) to work on /home/airflow/.local/lib/python3.8/site-packages/airflow/example_dags/example_branch_operator_decorator.py
[2026-09-10T14:10:51.894+0000] {processor.py:830} INFO - Processing file /home/airflow/.local/lib/python3.8/site-packages/airflow/example_dags/example_branch_operator_decorator.py for tasks to queue
[2026-09-10T14:10:51.896+0000] {logging_mixin.py:188} INFO - [2026-09-10T14:10:51.896+0000] {dagbag.py:540} INFO - Filling up the DagBag from /home/airflow/.local/lib/python3.8/site-packages/airflow/example_dags/example_branch_operator_decorator.py
[2026-09-10T14:10:51.922+0000] {processor.py:840} INFO - DAG(s) 'example_branch_python_operator_decorator' retrieved from /home/airflow/.local/lib/python3.8/site-packages/airflow/example_dags/example_branch_operator_decorator.py
[2026-09-10T14:10:51.956+0000] {logging_mixin.py:188} INFO - [2026-09-10T14:10:51.956+0000] {dag.py:3047} INFO - Sync 1 DAGs
[2026-09-10T14:10:51.994+0000] {logging_mixin.py:188} INFO - [2026-09-10T14:10:51.993+0000] {dag.py:3834} INFO - Setting next_dagrun for example_branch_python_operator_decorator to 2026-09-09 00:00:00+00:00, run_after=2026-09-10 00:00:00+00:00
[2026-09-10T14:10:52.025+0000] {processor.py:183} INFO - Processing /home/airflow/.local/lib/python3.8/site-packages/airflow/example_dags/example_branch_operator_decorator.py took 0.136 seconds
[2026-09-10T14:11:22.771+0000] {processor.py:161} INFO - Started process (PID=3378) to work on /home/airflow/.local/lib/python3.8/site-packages/airflow/example_dags/example_branch_operator_decorator.py
[2026-09-10T14:11:22.773+0000] {processor.py:830} INFO - Processing file /home/airflow/.local/lib/python3.8/site-packages/airflow/example_dags/example_branch_operator_decorator.py for tasks to queue
[2026-09-10T14:11:22.778+0000] {logging_mixin.py:188} INFO - [2026-09-10T14:11:22.778+0000] {dagbag.py:540} INFO - Filling up the DagBag from /home/airflow/.local/lib/python3.8/site-packages/airflow/example_dags/example_branch_operator_decorator.py
[2026-09-10T14:11:22.816+0000] {processor.py:840} INFO - DAG(s) 'example_branch_python_operator_decorator' retrieved from /home/airflow/.local/lib/python3.8/site-packages/airflow/example_dags/example_branch_operator_decorator.py
[2026-09-10T14:11:22.853+0000] {logging_mixin.py:188} INFO - [2026-09-10T14:11:22.853+0000] {dag.py:3047} INFO - Sync 1 DAGs
[2026-09-10T14:11:22.900+0000] {logging_mixin.py:188} INFO - [2026-09-10T14:11:22.899+0000] {dag.py:3834} INFO - Setting next_dagrun for example_branch_python_operator_decorator to 2026-09-09 00:00:00+00:00, run_after=2026-09-10 00:00:00+00:00
[2026-09-10T14:11:22.926+0000] {processor.py:183} INFO - Processing /home/airflow/.local/lib/python3.8/site-packages/airflow/example_dags/example_branch_operator_decorator.py took 0.161 seconds
[2026-09-10T14:11:52.984+0000] {processor.py:161} INFO - Started process (PID=3439) to work on /home/airflow/.local/lib/python3.8/site-packages/airflow/example_dags/example_branch_operator_decorator.py
[2026-09-10T14:11:52.986+0000] {processor.py:830} INFO - Processing file /home/airflow/.local/lib/python3.8/site-packages/airflow/example_dags/example_branch_operator_decorator.py for tasks to queue
[2026-09-10T14:11:52.988+0000] {logging_mixin.py:188} INFO - [2026-09-10T14:11:52.988+0000] {dagbag.py:540} INFO - Filling up the DagBag from /home/airflow/.local/lib/python3.8/site-packages/airflow/example_dags/example_branch_operator_decorator.py
[2026-09-10T14:11:53.014+0000] {processor.py:840} INFO - DAG(s) 'example_branch_python_operator_decorator' retrieved from /home/airflow/.local/lib/python3.8/site-packages/airflow/example_dags/example_branch_operator_decorator.py
[2026-09-10T14:11:53.054+0000] {logging_mixin.py:188} INFO - [2026-09-10T14:11:53.054+0000] {dag.py:3047} INFO - Sync 1 DAGs
[2026-09-10T14:11:53.101+0000] {logging_mixin.py:188} INFO - [2026-09-10T14:11:53.100+0000] {dag.py:3834} INFO - Setting next_dagrun for example_branch_python_operator_decorator to 2026-09-09 00:00:00+00:00, run_after=2026-09-10 00:00:00+00:00
[2026-09-10T14:11:53.127+0000] {processor.py:183} INFO - Processing /home/airflow/.local/lib/python3.8/site-packages/airflow/example_dags/example_branch_operator_decorator.py took 0.146 seconds
[2026-09-10T14:12:17.594+0000] {processor.py:161} INFO - Started process (PID=99) to work on /home/airflow/.local/lib/python3.8/site-packages/airflow/example_dags/example_branch_operator_decorator.py
[2026-09-10T14:12:17.596+0000] {processor.py:830} INFO - Processing file /home/airflow/.local/lib/python3.8/site-packages/airflow/example_dags/example_branch_operator_decorator.py for tasks to queue
[2026-09-10T14:12:17.600+0000] {logging_mixin.py:188} INFO - [2026-09-10T14:12:17.599+0000] {dagbag.py:540} INFO - Filling up the DagBag from /home/airflow/.local/lib/python3.8/site-packages/airflow/example_dags/example_branch_operator_decorator.py
[2026-09-10T14:12:17.637+0000] {processor.py:840} INFO - DAG(s) 'example_branch_python_operator_decorator' retrieved from /home/airflow/.local/lib/python3.8/site-packages/airflow/example_dags/example_branch_operator_decorator.py
[2026-09-10T14:12:17.820+0000] {logging_mixin.py:188} INFO - [2026-09-10T14:12:17.819+0000] {dag.py:3047} INFO - Sync 1 DAGs
[2026-09-10T14:12:17.865+0000] {logging_mixin.py:188} INFO - [2026-09-10T14:12:17.864+0000] {dag.py:3834} INFO - Setting next_dagrun for example_branch_python_operator_decorator to 2026-09-09 00:00:00+00:00, run_after=2026-09-10 00:00:00+00:00
[2026-09-10T14:12:17.901+0000] {processor.py:183} INFO - Processing /home/airflow/.local/lib/python3.8/site-packages/airflow/example_dags/example_branch_operator_decorator.py took 0.313 seconds
[2026-09-10T14:12:47.993+0000] {processor.py:161} INFO - Started process (PID=167) to work on /home/airflow/.local/lib/python3.8/site-packages/airflow/example_dags/example_branch_operator_decorator.py
[2026-09-10T14:12:47.994+0000] {processor.py:830} INFO - Processing file /home/airflow/.local/lib/python3.8/site-packages/airflow/example_dags/example_branch_operator_decorator.py for tasks to queue
[2026-09-10T14:12:47.997+0000] {logging_mixin.py:188} INFO - [2026-09-10T14:12:47.997+0000] {dagbag.py:540} INFO - Filling up the DagBag from /home/airflow/.local/lib/python3.8/site-packages/airflow/example_dags/example_branch_operator_decorator.py
[2026-09-10T14:12:48.021+0000] {processor.py:840} INFO - DAG(s) 'example_branch_python_operator_decorator' retrieved from /home/airflow/.local/lib/python3.8/site-packages/airflow/example_dags/example_branch_operator_decorator.py
[2026-09-10T14:12:48.048+0000] {logging_mixin.py:188} INFO - [2026-09-10T14:12:48.048+0000] {dag.py:3047} INFO - Sync 1 DAGs
[2026-09-10T14:12:48.073+0000] {logging_mixin.py:188} INFO - [2026-09-10T14:12:48.073+0000] {dag.py:3834} INFO - Setting next_dagrun for example_branch_python_operator_decorator to 2026-09-09 00:00:00+00:00, run_after=2026-09-10 00:00:00+00:00
[2026-09-10T14:12:48.099+0000] {processor.py:183} INFO - Processing /home/airflow/.local/lib/python3.8/site-packages/airflow/example_dags/example_branch_operator_decorator.py took 0.110 seconds
[2026-09-10T14:13:18.916+0000] {processor.py:161} INFO - Started process (PID=235) to work on /home/airflow/.local/lib/python3.8/site-packages/airflow/example_dags/example_branch_operator_decorator.py
[2026-09-10T14:13:18.917+0000] {processor.py:830} INFO - Processing file /home/airflow/.local/lib/python3.8/site-packages/airflow/example_dags/example_branch_operator_decorator.py for tasks to queue
[2026-09-10T14:13:18.920+0000] {logging_mixin.py:188} INFO - [2026-09-10T14:13:18.919+0000] {dagbag.py:540} INFO - Filling up the DagBag from /home/airflow/.local/lib/python3.8/site-packages/airflow/example_dags/example_branch_operator_decorator.py
[2026-09-10T14:13:18.944+0000] {processor.py:840} INFO - DAG(s) 'example_branch_python_operator_decorator' retrieved from /home/airflow/.local/lib/python3.8/site-packages/airflow/example_dags/example_branch_operator_decorator.py
[2026-09-10T14:13:18.983+0000] {logging_mixin.py:188} INFO - [2026-09-10T14:13:18.983+0000] {dag.py:3047} INFO - Sync 1 DAGs
[2026-09-10T14:13:19.010+0000] {logging_mixin.py:188} INFO - [2026-09-10T14:13:19.010+0000] {dag.py:3834} INFO - Setting next_dagrun for example_branch_python_operator_decorator to 2026-09-09 00:00:00+00:00, run_after=2026-09-10 00:00:00+00:00
[2026-09-10T14:13:19.031+0000] {processor.py:183} INFO - Processing /home/airflow/.local/lib/python3.8/site-packages/airflow/example_dags/example_branch_operator_decorator.py took 0.119 seconds
[2026-09-10T14:13:49.843+0000] {processor.py:161} INFO - Started process (PID=300) to work on /home/airflow/.local/lib/python3.8/site-packages/airflow/example_dags/example_branch_operator_decorator.py
[2026-09-10T14:13:49.845+0000] {processor.py:830} INFO - Processing file /home/airflow/.local/lib/python3.8/site-packages/airflow/example_dags/example_branch_operator_decorator.py for tasks to queue
[2026-09-10T14:13:49.848+0000] {logging_mixin.py:188} INFO - [2026-09-10T14:13:49.848+0000] {dagbag.py:540} INFO - Filling up the DagBag from /home/airflow/.local/lib/python3.8/site-packages/airflow/example_dags/example_branch_operator_decorator.py
[2026-09-10T14:13:49.882+0000] {processor.py:840} INFO - DAG(s) 'example_branch_python_operator_decorator' retrieved from /home/airflow/.local/lib/python3.8/site-packages/airflow/example_dags/example_branch_operator_decorator.py
[2026-09-10T14:13:49.919+0000] {logging_mixin.py:188} INFO - [2026-09-10T14:13:49.919+0000] {dag.py:3047} INFO - Sync 1 DAGs
[2026-09-10T14:13:49.951+0000] {logging_mixin.py:188} INFO - [2026-09-10T14:13:49.951+0000] {dag.py:3834} INFO - Setting next_dagrun for example_branch_python_operator_decorator to 2026-09-09 00:00:00+00:00, run_after=2026-09-10 00:00:00+00:00
[2026-09-10T14:13:49.979+0000] {processor.py:183} INFO - Processing /home/airflow/.local/lib/python3.8/site-packages/airflow/example_dags/example_branch_operator_decorator.py took 0.141 seconds
[2026-09-10T14:14:20.180+0000] {processor.py:161} INFO - Started process (PID=361) to work on /home/airflow/.local/lib/python3.8/site-packages/airflow/example_dags/example_branch_operator_decorator.py
[2026-09-10T14:14:20.182+0000] {processor.py:830} INFO - Processing file /home/airflow/.local/lib/python3.8/site-packages/airflow/example_dags/example_branch_operator_decorator.py for tasks to queue
[2026-09-10T14:14:20.186+0000] {logging_mixin.py:188} INFO - [2026-09-10T14:14:20.186+0000] {dagbag.py:540} INFO - Filling up the DagBag from /home/airflow/.local/lib/python3.8/site-packages/airflow/example_dags/example_branch_operator_decorator.py
[2026-09-10T14:14:20.220+0000] {processor.py:840} INFO - DAG(s) 'example_branch_python_operator_decorator' retrieved from /home/airflow/.local/lib/python3.8/site-packages/airflow/example_dags/example_branch_operator_decorator.py
[2026-09-10T14:14:20.262+0000] {logging_mixin.py:188} INFO - [2026-09-10T14:14:20.261+0000] {dag.py:3047} INFO - Sync 1 DAGs
[2026-09-10T14:14:20.288+0000] {logging_mixin.py:188} INFO - [2026-09-10T14:14:20.288+0000] {dag.py:3834} INFO - Setting next_dagrun for example_branch_python_operator_decorator to 2026-09-09 00:00:00+00:00, run_after=2026-09-10 00:00:00+00:00
[2026-09-10T14:14:20.310+0000] {processor.py:183} INFO - Processing /home/airflow/.local/lib/python3.8/site-packages/airflow/example_dags/example_branch_operator_decorator.py took 0.135 seconds
[2026-09-10T14:14:50.432+0000] {processor.py:161} INFO - Started process (PID=422) to work on /home/airflow/.local/lib/python3.8/site-packages/airflow/example_dags/example_branch_operator_decorator.py
[2026-09-10T14:14:50.435+0000] {processor.py:830} INFO - Processing file /home/airflow/.local/lib/python3.8/site-packages/airflow/example_dags/example_branch_operator_decorator.py for tasks to queue
[2026-09-10T14:14:50.438+0000] {logging_mixin.py:188} INFO - [2026-09-10T14:14:50.438+0000] {dagbag.py:540} INFO - Filling up the DagBag from /home/airflow/.local/lib/python3.8/site-packages/airflow/example_dags/example_branch_operator_decorator.py
[2026-09-10T14:14:50.483+0000] {processor.py:840} INFO - DAG(s) 'example_branch_python_operator_decorator' retrieved from /home/airflow/.local/lib/python3.8/site-packages/airflow/example_dags/example_branch_operator_decorator.py
[2026-09-10T14:14:50.542+0000] {logging_mixin.py:188} INFO - [2026-09-10T14:14:50.542+0000] {dag.py:3047} INFO - Sync 1 DAGs
[2026-09-10T14:14:50.580+0000] {logging_mixin.py:188} INFO - [2026-09-10T14:14:50.580+0000] {dag.py:3834} INFO - Setting next_dagrun for example_branch_python_operator_decorator to 2026-09-09 00:00:00+00:00, run_after=2026-09-10 00:00:00+00:00
[2026-09-10T14:14:50.608+0000] {processor.py:183} INFO - Processing /home/airflow/.local/lib/python3.8/site-packages/airflow/example_dags/example_branch_operator_decorator.py took 0.181 seconds
[2026-09-10T14:15:21.263+0000] {processor.py:161} INFO - Started process (PID=483) to work on /home/airflow/.local/lib/python3.8/site-packages/airflow/example_dags/example_branch_operator_decorator.py
[2026-09-10T14:15:21.265+0000] {processor.py:830} INFO - Processing file /home/airflow/.local/lib/python3.8/site-packages/airflow/example_dags/example_branch_operator_decorator.py for tasks to queue
[2026-09-10T14:15:21.269+0000] {logging_mixin.py:188} INFO - [2026-09-10T14:15:21.268+0000] {dagbag.py:540} INFO - Filling up the DagBag from /home/airflow/.local/lib/python3.8/site-packages/airflow/example_dags/example_branch_operator_decorator.py
[2026-09-10T14:15:21.300+0000] {processor.py:840} INFO - DAG(s) 'example_branch_python_operator_decorator' retrieved from /home/airflow/.local/lib/python3.8/site-packages/airflow/example_dags/example_branch_operator_decorator.py
[2026-09-10T14:15:21.340+0000] {logging_mixin.py:188} INFO - [2026-09-10T14:15:21.339+0000] {dag.py:3047} INFO - Sync 1 DAGs
[2026-09-10T14:15:21.376+0000] {logging_mixin.py:188} INFO - [2026-09-10T14:15:21.376+0000] {dag.py:3834} INFO - Setting next_dagrun for example_branch_python_operator_decorator to 2026-09-09 00:00:00+00:00, run_after=2026-09-10 00:00:00+00:00
[2026-09-10T14:15:21.404+0000] {processor.py:183} INFO - Processing /home/airflow/.local/lib/python3.8/site-packages/airflow/example_dags/example_branch_operator_decorator.py took 0.144 seconds
[2026-09-10T14:15:52.701+0000] {processor.py:161} INFO - Started process (PID=544) to work on /home/airflow/.local/lib/python3.8/site-packages/airflow/example_dags/example_branch_operator_decorator.py
[2026-09-10T14:15:52.703+0000] {processor.py:830} INFO - Processing file /home/airflow/.local/lib/python3.8/site-packages/airflow/example_dags/example_branch_operator_decorator.py for tasks to queue
[2026-09-10T14:15:52.706+0000] {logging_mixin.py:188} INFO - [2026-09-10T14:15:52.705+0000] {dagbag.py:540} INFO - Filling up the DagBag from /home/airflow/.local/lib/python3.8/site-packages/airflow/example_dags/example_branch_operator_decorator.py
[2026-09-10T14:15:52.732+0000] {processor.py:840} INFO - DAG(s) 'example_branch_python_operator_decorator' retrieved from /home/airflow/.local/lib/python3.8/site-packages/airflow/example_dags/example_branch_operator_decorator.py
[2026-09-10T14:15:52.786+0000] {logging_mixin.py:188} INFO - [2026-09-10T14:15:52.786+0000] {dag.py:3047} INFO - Sync 1 DAGs
[2026-09-10T14:15:52.815+0000] {logging_mixin.py:188} INFO - [2026-09-10T14:15:52.815+0000] {dag.py:3834} INFO - Setting next_dagrun for example_branch_python_operator_decorator to 2026-09-09 00:00:00+00:00, run_after=2026-09-10 00:00:00+00:00
[2026-09-10T14:15:52.839+0000] {processor.py:183} INFO - Processing /home/airflow/.local/lib/python3.8/site-packages/airflow/example_dags/example_branch_operator_decorator.py took 0.143 seconds
[2026-09-10T14:16:23.569+0000] {processor.py:161} INFO - Started process (PID=605) to work on /home/airflow/.local/lib/python3.8/site-packages/airflow/example_dags/example_branch_operator_decorator.py
[2026-09-10T14:16:23.571+0000] {processor.py:830} INFO - Processing file /home/airflow/.local/lib/python3.8/site-packages/airflow/example_dags/example_branch_operator_decorator.py for tasks to queue
[2026-09-10T14:16:23.575+0000] {logging_mixin.py:188} INFO - [2026-09-10T14:16:23.574+0000] {dagbag.py:540} INFO - Filling up the DagBag from /home/airflow/.local/lib/python3.8/site-packages/airflow/example_dags/example_branch_operator_decorator.py
[2026-09-10T14:16:23.606+0000] {processor.py:840} INFO - DAG(s) 'example_branch_python_operator_decorator' retrieved from /home/airflow/.local/lib/python3.8/site-packages/airflow/example_dags/example_branch_operator_decorator.py
[2026-09-10T14:16:23.643+0000] {logging_mixin.py:188} INFO - [2026-09-10T14:16:23.643+0000] {dag.py:3047} INFO - Sync 1 DAGs
[2026-09-10T14:16:23.684+0000] {logging_mixin.py:188} INFO - [2026-09-10T14:16:23.684+0000] {dag.py:3834} INFO - Setting next_dagrun for example_branch_python_operator_decorator to 2026-09-09 00:00:00+00:00, run_after=2026-09-10 00:00:00+00:00
[2026-09-10T14:16:23.712+0000] {processor.py:183} INFO - Processing /home/airflow/.local/lib/python3.8/site-packages/airflow/example_dags/example_branch_operator_decorator.py took 0.148 seconds
[2026-09-10T14:16:54.266+0000] {processor.py:161} INFO - Started process (PID=666) to work on /home/airflow/.local/lib/python3.8/site-packages/airflow/example_dags/example_branch_operator_decorator.py
[2026-09-10T14:16:54.268+0000] {processor.py:830} INFO - Processing file /home/airflow/.local/lib/python3.8/site-packages/airflow/example_dags/example_branch_operator_decorator.py for tasks to queue
[2026-09-10T14:16:54.271+0000] {logging_mixin.py:188} INFO - [2026-09-10T14:16:54.270+0000] {dagbag.py:540} INFO - Filling up the DagBag from /home/airflow/.local/lib/python3.8/site-packages/airflow/example_dags/example_branch_operator_decorator.py
[2026-09-10T14:16:54.297+0000] {processor.py:840} INFO - DAG(s) 'example_branch_python_operator_decorator' retrieved from /home/airflow/.local/lib/python3.8/site-packages/airflow/example_dags/example_branch_operator_decorator.py
[2026-09-10T14:16:54.331+0000] {logging_mixin.py:188} INFO - [2026-09-10T14:16:54.331+0000] {dag.py:3047} INFO - Sync 1 DAGs
[2026-09-10T14:16:54.361+0000] {logging_mixin.py:188} INFO - [2026-09-10T14:16:54.361+0000] {dag.py:3834} INFO - Setting next_dagrun for example_branch_python_operator_decorator to 2026-09-09 00:00:00+00:00, run_after=2026-09-10 00:00:00+00:00
[2026-09-10T14:16:54.388+0000] {processor.py:183} INFO - Processing /home/airflow/.local/lib/python3.8/site-packages/airflow/example_dags/example_branch_operator_decorator.py took 0.127 seconds
[2026-09-10T14:17:24.714+0000] {processor.py:161} INFO - Started process (PID=727) to work on /home/airflow/.local/lib/python3.8/site-packages/airflow/example_dags/example_branch_operator_decorator.py
[2026-09-10T14:17:24.715+0000] {processor.py:830} INFO - Processing file /home/airflow/.local/lib/python3.8/site-packages/airflow/example_dags/example_branch_operator_decorator.py for tasks to queue
[2026-09-10T14:17:24.718+0000] {logging_mixin.py:188} INFO - [2026-09-10T14:17:24.718+0000] {dagbag.py:540} INFO - Filling up the DagBag from /home/airflow/.local/lib/python3.8/site-packages/airflow/example_dags/example_branch_operator_decorator.py
[2026-09-10T14:17:24.741+0000] {processor.py:840} INFO - DAG(s) 'example_branch_python_operator_decorator' retrieved from /home/airflow/.local/lib/python3.8/site-packages/airflow/example_dags/example_branch_operator_decorator.py
[2026-09-10T14:17:24.782+0000] {logging_mixin.py:188} INFO - [2026-09-10T14:17:24.782+0000] {dag.py:3047} INFO - Sync 1 DAGs
[2026-09-10T14:17:24.810+0000] {logging_mixin.py:188} INFO - [2026-09-10T14:17:24.809+0000] {dag.py:3834} INFO - Setting next_dagrun for example_branch_python_operator_decorator to 2026-09-09 00:00:00+00:00, run_after=2026-09-10 00:00:00+00:00
[2026-09-10T14:17:24.834+0000] {processor.py:183} INFO - Processing /home/airflow/.local/lib/python3.8/site-packages/airflow/example_dags/example_branch_operator_decorator.py took 0.124 seconds
[2026-09-10T14:17:56.798+0000] {processor.py:161} INFO - Started process (PID=788) to work on /home/airflow/.local/lib/python3.8/site-packages/airflow/example_dags/example_branch_operator_decorator.py
[2026-09-10T14:17:56.799+0000] {processor.py:830} INFO - Processing file /home/airflow/.local/lib/python3.8/site-packages/airflow/example_dags/example_branch_operator_decorator.py for tasks to queue
[2026-09-10T14:17:56.802+0000] {logging_mixin.py:188} INFO - [2026-09-10T14:17:56.802+0000] {dagbag.py:540} INFO - Filling up the DagBag from /home/airflow/.local/lib/python3.8/site-packages/airflow/example_dags/example_branch_operator_decorator.py
[2026-09-10T14:17:56.844+0000] {processor.py:840} INFO - DAG(s) 'example_branch_python_operator_decorator' retrieved from /home/airflow/.local/lib/python3.8/site-packages/airflow/example_dags/example_branch_operator_decorator.py
[2026-09-10T14:17:56.902+0000] {logging_mixin.py:188} INFO - [2026-09-10T14:17:56.901+0000] {dag.py:3047} INFO - Sync 1 DAGs
[2026-09-10T14:17:56.948+0000] {logging_mixin.py:188} INFO - [2026-09-10T14:17:56.948+0000] {dag.py:3834} INFO - Setting next_dagrun for example_branch_python_operator_decorator to 2026-09-09 00:00:00+00:00, run_after=2026-09-10 00:00:00+00:00
[2026-09-10T14:17:56.984+0000] {processor.py:183} INFO - Processing /home/airflow/.local/lib/python3.8/site-packages/airflow/example_dags/example_branch_operator_decorator.py took 0.192 seconds
[2026-09-10T14:18:27.573+0000] {processor.py:161} INFO - Started process (PID=849) to work on /home/airflow/.local/lib/python3.8/site-packages/airflow/example_dags/example_branch_operator_decorator.py
[2026-09-10T14:18:27.575+0000] {processor.py:830} INFO - Processing file /home/airflow/.local/lib/python3.8/site-packages/airflow/example_dags/example_branch_operator_decorator.py for tasks to queue
[2026-09-10T14:18:27.577+0000] {logging_mixin.py:188} INFO - [2026-09-10T14:18:27.577+0000] {dagbag.py:540} INFO - Filling up the DagBag from /home/airflow/.local/lib/python3.8/site-packages/airflow/example_dags/example_branch_operator_decorator.py
[2026-09-10T14:18:27.604+0000] {processor.py:840} INFO - DAG(s) 'example_branch_python_operator_decorator' retrieved from /home/airflow/.local/lib/python3.8/site-packages/airflow/example_dags/example_branch_operator_decorator.py
[2026-09-10T14:18:27.646+0000] {logging_mixin.py:188} INFO - [2026-09-10T14:18:27.646+0000] {dag.py:3047} INFO - Sync 1 DAGs
[2026-09-10T14:18:27.673+0000] {logging_mixin.py:188} INFO - [2026-09-10T14:18:27.672+0000] {dag.py:3834} INFO - Setting next_dagrun for example_branch_python_operator_decorator to 2026-09-09 00:00:00+00:00, run_after=2026-09-10 00:00:00+00:00
[2026-09-10T14:18:27.697+0000] {processor.py:183} INFO - Processing /home/airflow/.local/lib/python3.8/site-packages/airflow/example_dags/example_branch_operator_decorator.py took 0.130 seconds
[2026-09-10T14:18:59.046+0000] {processor.py:161} INFO - Started process (PID=910) to work on /home/airflow/.local/lib/python3.8/site-packages/airflow/example_dags/example_branch_operator_decorator.py
[2026-09-10T14:18:59.048+0000] {processor.py:830} INFO - Processing file /home/airflow/.local/lib/python3.8/site-packages/airflow/example_dags/example_branch_operator_decorator.py for tasks to queue
[2026-09-10T14:18:59.050+0000] {logging_mixin.py:188} INFO - [2026-09-10T14:18:59.050+0000] {dagbag.py:540} INFO - Filling up the DagBag from /home/airflow/.local/lib/python3.8/site-packages/airflow/example_dags/example_branch_operator_decorator.py
[2026-09-10T14:18:59.074+0000] {processor.py:840} INFO - DAG(s) 'example_branch_python_operator_decorator' retrieved from /home/airflow/.local/lib/python3.8/site-packages/airflow/example_dags/example_branch_operator_decorator.py
[2026-09-10T14:18:59.103+0000] {logging_mixin.py:188} INFO - [2026-09-10T14:18:59.102+0000] {dag.py:3047} INFO - Sync 1 DAGs
[2026-09-10T14:18:59.129+0000] {logging_mixin.py:188} INFO - [2026-09-10T14:18:59.129+0000] {dag.py:3834} INFO - Setting next_dagrun for example_branch_python_operator_decorator to 2026-09-09 00:00:00+00:00, run_after=2026-09-10 00:00:00+00:00
[2026-09-10T14:18:59.150+0000] {processor.py:183} INFO - Processing /home/airflow/.local/lib/python3.8/site-packages/airflow/example_dags/example_branch_operator_decorator.py took 0.107 seconds
[2026-09-10T14:19:30.903+0000] {processor.py:161} INFO - Started process (PID=975) to work on /home/airflow/.local/lib/python3.8/site-packages/airflow/example_dags/example_branch_operator_decorator.py
[2026-09-10T14:19:30.909+0000] {processor.py:830} INFO - Processing file /home/airflow/.local/lib/python3.8/site-packages/airflow/example_dags/example_branch_operator_decorator.py for tasks to queue
[2026-09-10T14:19:30.914+0000] {logging_mixin.py:188} INFO - [2026-09-10T14:19:30.913+0000] {dagbag.py:540} INFO - Filling up the DagBag from /home/airflow/.local/lib/python3.8/site-packages/airflow/example_dags/example_branch_operator_decorator.py
[2026-09-10T14:19:30.975+0000] {processor.py:840} INFO - DAG(s) 'example_branch_python_operator_decorator' retrieved from /home/airflow/.local/lib/python3.8/site-packages/airflow/example_dags/example_branch_operator_decorator.py
[2026-09-10T14:19:31.039+0000] {logging_mixin.py:188} INFO - [2026-09-10T14:19:31.039+0000] {dag.py:3047} INFO - Sync 1 DAGs
[2026-09-10T14:19:31.092+0000] {logging_mixin.py:188} INFO - [2026-09-10T14:19:31.091+0000] {dag.py:3834} INFO - Setting next_dagrun for example_branch_python_operator_decorator to 2026-09-09 00:00:00+00:00, run_after=2026-09-10 00:00:00+00:00
[2026-09-10T14:19:31.129+0000] {processor.py:183} INFO - Processing /home/airflow/.local/lib/python3.8/site-packages/airflow/example_dags/example_branch_operator_decorator.py took 0.245 seconds
[2026-09-10T14:20:01.474+0000] {processor.py:161} INFO - Started process (PID=1036) to work on /home/airflow/.local/lib/python3.8/site-packages/airflow/example_dags/example_branch_operator_decorator.py
[2026-09-10T14:20:01.476+0000] {processor.py:830} INFO - Processing file /home/airflow/.local/lib/python3.8/site-packages/airflow/example_dags/example_branch_operator_decorator.py for tasks to queue
[2026-09-10T14:20:01.479+0000] {logging_mixin.py:188} INFO - [2026-09-10T14:20:01.479+0000] {dagbag.py:540} INFO - Filling up the DagBag from /home/airflow/.local/lib/python3.8/site-packages/airflow/example_dags/example_branch_operator_decorator.py
[2026-09-10T14:20:01.518+0000] {processor.py:840} INFO - DAG(s) 'example_branch_python_operator_decorator' retrieved from /home/airflow/.local/lib/python3.8/site-packages/airflow/example_dags/example_branch_operator_decorator.py
[2026-09-10T14:20:01.591+0000] {logging_mixin.py:188} INFO - [2026-09-10T14:20:01.590+0000] {dag.py:3047} INFO - Sync 1 DAGs
[2026-09-10T14:20:01.636+0000] {logging_mixin.py:188} INFO - [2026-09-10T14:20:01.636+0000] {dag.py:3834} INFO - Setting next_dagrun for example_branch_python_operator_decorator to 2026-09-09 00:00:00+00:00, run_after=2026-09-10 00:00:00+00:00
[2026-09-10T14:20:01.664+0000] {processor.py:183} INFO - Processing /home/airflow/.local/lib/python3.8/site-packages/airflow/example_dags/example_branch_operator_decorator.py took 0.195 seconds
[2026-09-10T14:20:32.587+0000] {processor.py:161} INFO - Started process (PID=1097) to work on /home/airflow/.local/lib/python3.8/site-packages/airflow/example_dags/example_branch_operator_decorator.py
[2026-09-10T14:20:32.590+0000] {processor.py:830} INFO - Processing file /home/airflow/.local/lib/python3.8/site-packages/airflow/example_dags/example_branch_operator_decorator.py for tasks to queue
[2026-09-10T14:20:32.594+0000] {logging_mixin.py:188} INFO - [2026-09-10T14:20:32.594+0000] {dagbag.py:540} INFO - Filling up the DagBag from /home/airflow/.local/lib/python3.8/site-packages/airflow/example_dags/example_branch_operator_decorator.py
[2026-09-10T14:20:32.641+0000] {processor.py:840} INFO - DAG(s) 'example_branch_python_operator_decorator' retrieved from /home/airflow/.local/lib/python3.8/site-packages/airflow/example_dags/example_branch_operator_decorator.py
[2026-09-10T14:20:32.695+0000] {logging_mixin.py:188} INFO - [2026-09-10T14:20:32.695+0000] {dag.py:3047} INFO - Sync 1 DAGs
[2026-09-10T14:20:32.734+0000] {logging_mixin.py:188} INFO - [2026-09-10T14:20:32.734+0000] {dag.py:3834} INFO - Setting next_dagrun for example_branch_python_operator_decorator to 2026-09-09 00:00:00+00:00, run_after=2026-09-10 00:00:00+00:00
[2026-09-10T14:20:32.766+0000] {processor.py:183} INFO - Processing /home/airflow/.local/lib/python3.8/site-packages/airflow/example_dags/example_branch_operator_decorator.py took 0.187 seconds
[2026-09-10T14:21:03.825+0000] {processor.py:161} INFO - Started process (PID=1158) to work on /home/airflow/.local/lib/python3.8/site-packages/airflow/example_dags/example_branch_operator_decorator.py
[2026-09-10T14:21:03.828+0000] {processor.py:830} INFO - Processing file /home/airflow/.local/lib/python3.8/site-packages/airflow/example_dags/example_branch_operator_decorator.py for tasks to queue
[2026-09-10T14:21:03.832+0000] {logging_mixin.py:188} INFO - [2026-09-10T14:21:03.832+0000] {dagbag.py:540} INFO - Filling up the DagBag from /home/airflow/.local/lib/python3.8/site-packages/airflow/example_dags/example_branch_operator_decorator.py
[2026-09-10T14:21:03.877+0000] {processor.py:840} INFO - DAG(s) 'example_branch_python_operator_decorator' retrieved from /home/airflow/.local/lib/python3.8/site-packages/airflow/example_dags/example_branch_operator_decorator.py
[2026-09-10T14:21:03.931+0000] {logging_mixin.py:188} INFO - [2026-09-10T14:21:03.931+0000] {dag.py:3047} INFO - Sync 1 DAGs
[2026-09-10T14:21:03.961+0000] {logging_mixin.py:188} INFO - [2026-09-10T14:21:03.961+0000] {dag.py:3834} INFO - Setting next_dagrun for example_branch_python_operator_decorator to 2026-09-09 00:00:00+00:00, run_after=2026-09-10 00:00:00+00:00
[2026-09-10T14:21:03.984+0000] {processor.py:183} INFO - Processing /home/airflow/.local/lib/python3.8/site-packages/airflow/example_dags/example_branch_operator_decorator.py took 0.165 seconds
[2026-09-10T14:21:34.677+0000] {processor.py:161} INFO - Started process (PID=1219) to work on /home/airflow/.local/lib/python3.8/site-packages/airflow/example_dags/example_branch_operator_decorator.py
[2026-09-10T14:21:34.678+0000] {processor.py:830} INFO - Processing file /home/airflow/.local/lib/python3.8/site-packages/airflow/example_dags/example_branch_operator_decorator.py for tasks to queue
[2026-09-10T14:21:34.682+0000] {logging_mixin.py:188} INFO - [2026-09-10T14:21:34.681+0000] {dagbag.py:540} INFO - Filling up the DagBag from /home/airflow/.local/lib/python3.8/site-packages/airflow/example_dags/example_branch_operator_decorator.py
[2026-09-10T14:21:34.707+0000] {processor.py:840} INFO - DAG(s) 'example_branch_python_operator_decorator' retrieved from /home/airflow/.local/lib/python3.8/site-packages/airflow/example_dags/example_branch_operator_decorator.py
[2026-09-10T14:21:34.742+0000] {logging_mixin.py:188} INFO - [2026-09-10T14:21:34.742+0000] {dag.py:3047} INFO - Sync 1 DAGs
[2026-09-10T14:21:34.778+0000] {logging_mixin.py:188} INFO - [2026-09-10T14:21:34.777+0000] {dag.py:3834} INFO - Setting next_dagrun for example_branch_python_operator_decorator to 2026-09-09 00:00:00+00:00, run_after=2026-09-10 00:00:00+00:00
[2026-09-10T14:21:34.801+0000] {processor.py:183} INFO - Processing /home/airflow/.local/lib/python3.8/site-packages/airflow/example_dags/example_branch_operator_decorator.py took 0.132 seconds
[2026-09-10T14:22:05.561+0000] {processor.py:161} INFO - Started process (PID=1284) to work on /home/airflow/.local/lib/python3.8/site-packages/airflow/example_dags/example_branch_operator_decorator.py
[2026-09-10T14:22:05.563+0000] {processor.py:830} INFO - Processing file /home/airflow/.local/lib/python3.8/site-packages/airflow/example_dags/example_branch_operator_decorator.py for tasks to queue
[2026-09-10T14:22:05.566+0000] {logging_mixin.py:188} INFO - [2026-09-10T14:22:05.566+0000] {dagbag.py:540} INFO - Filling up the DagBag from /home/airflow/.local/lib/python3.8/site-packages/airflow/example_dags/example_branch_operator_decorator.py
[2026-09-10T14:22:05.604+0000] {processor.py:840} INFO - DAG(s) 'example_branch_python_operator_decorator' retrieved from /home/airflow/.local/lib/python3.8/site-packages/airflow/example_dags/example_branch_operator_decorator.py
[2026-09-10T14:22:05.646+0000] {logging_mixin.py:188} INFO - [2026-09-10T14:22:05.645+0000] {dag.py:3047} INFO - Sync 1 DAGs
[2026-09-10T14:22:05.675+0000] {logging_mixin.py:188} INFO - [2026-09-10T14:22:05.675+0000] {dag.py:3834} INFO - Setting next_dagrun for example_branch_python_operator_decorator to 2026-09-09 00:00:00+00:00, run_after=2026-09-10 00:00:00+00:00
[2026-09-10T14:22:05.700+0000] {processor.py:183} INFO - Processing /home/airflow/.local/lib/python3.8/site-packages/airflow/example_dags/example_branch_operator_decorator.py took 0.145 seconds
[2026-09-10T14:22:37.150+0000] {processor.py:161} INFO - Started process (PID=1345) to work on /home/airflow/.local/lib/python3.8/site-packages/airflow/example_dags/example_branch_operator_decorator.py
[2026-09-10T14:22:37.154+0000] {processor.py:830} INFO - Processing file /home/airflow/.local/lib/python3.8/site-packages/airflow/example_dags/example_branch_operator_decorator.py for tasks to queue
[2026-09-10T14:22:37.157+0000] {logging_mixin.py:188} INFO - [2026-09-10T14:22:37.157+0000] {dagbag.py:540} INFO - Filling up the DagBag from /home/airflow/.local/lib/python3.8/site-packages/airflow/example_dags/example_branch_operator_decorator.py
[2026-09-10T14:22:37.197+0000] {processor.py:840} INFO - DAG(s) 'example_branch_python_operator_decorator' retrieved from /home/airflow/.local/lib/python3.8/site-packages/airflow/example_dags/example_branch_operator_decorator.py
[2026-09-10T14:22:37.234+0000] {logging_mixin.py:188} INFO - [2026-09-10T14:22:37.234+0000] {dag.py:3047} INFO - Sync 1 DAGs
[2026-09-10T14:22:37.279+0000] {logging_mixin.py:188} INFO - [2026-09-10T14:22:37.278+0000] {dag.py:3834} INFO - Setting next_dagrun for example_branch_python_operator_decorator to 2026-09-09 00:00:00+00:00, run_after=2026-09-10 00:00:00+00:00
[2026-09-10T14:22:37.307+0000] {processor.py:183} INFO - Processing /home/airflow/.local/lib/python3.8/site-packages/airflow/example_dags/example_branch_operator_decorator.py took 0.162 seconds
[2026-09-10T14:23:07.442+0000] {processor.py:161} INFO - Started process (PID=1406) to work on /home/airflow/.local/lib/python3.8/site-packages/airflow/example_dags/example_branch_operator_decorator.py
[2026-09-10T14:23:07.444+0000] {processor.py:830} INFO - Processing file /home/airflow/.local/lib/python3.8/site-packages/airflow/example_dags/example_branch_operator_decorator.py for tasks to queue
[2026-09-10T14:23:07.447+0000] {logging_mixin.py:188} INFO - [2026-09-10T14:23:07.446+0000] {dagbag.py:540} INFO - Filling up the DagBag from /home/airflow/.local/lib/python3.8/site-packages/airflow/example_dags/example_branch_operator_decorator.py
[2026-09-10T14:23:07.478+0000] {processor.py:840} INFO - DAG(s) 'example_branch_python_operator_decorator' retrieved from /home/airflow/.local/lib/python3.8/site-packages/airflow/example_dags/example_branch_operator_decorator.py
[2026-09-10T14:23:07.511+0000] {logging_mixin.py:188} INFO - [2026-09-10T14:23:07.510+0000] {dag.py:3047} INFO - Sync 1 DAGs
[2026-09-10T14:23:07.538+0000] {logging_mixin.py:188} INFO - [2026-09-10T14:23:07.538+0000] {dag.py:3834} INFO - Setting next_dagrun for example_branch_python_operator_decorator to 2026-09-09 00:00:00+00:00, run_after=2026-09-10 00:00:00+00:00
[2026-09-10T14:23:07.560+0000] {processor.py:183} INFO - Processing /home/airflow/.local/lib/python3.8/site-packages/airflow/example_dags/example_branch_operator_decorator.py took 0.123 seconds
[2026-09-10T14:23:38.659+0000] {processor.py:161} INFO - Started process (PID=1467) to work on /home/airflow/.local/lib/python3.8/site-packages/airflow/example_dags/example_branch_operator_decorator.py
[2026-09-10T14:23:38.661+0000] {processor.py:830} INFO - Processing file /home/airflow/.local/lib/python3.8/site-packages/airflow/example_dags/example_branch_operator_decorator.py for tasks to queue
[2026-09-10T14:23:38.665+0000] {logging_mixin.py:188} INFO - [2026-09-10T14:23:38.664+0000] {dagbag.py:540} INFO - Filling up the DagBag from /home/airflow/.local/lib/python3.8/site-packages/airflow/example_dags/example_branch_operator_decorator.py
[2026-09-10T14:23:38.695+0000] {processor.py:840} INFO - DAG(s) 'example_branch_python_operator_decorator' retrieved from /home/airflow/.local/lib/python3.8/site-packages/airflow/example_dags/example_branch_operator_decorator.py
[2026-09-10T14:23:38.746+0000] {logging_mixin.py:188} INFO - [2026-09-10T14:23:38.745+0000] {dag.py:3047} INFO - Sync 1 DAGs
[2026-09-10T14:23:38.790+0000] {logging_mixin.py:188} INFO - [2026-09-10T14:23:38.790+0000] {dag.py:3834} INFO - Setting next_dagrun for example_branch_python_operator_decorator to 2026-09-09 00:00:00+00:00, run_after=2026-09-10 00:00:00+00:00
[2026-09-10T14:23:38.829+0000] {processor.py:183} INFO - Processing /home/airflow/.local/lib/python3.8/site-packages/airflow/example_dags/example_branch_operator_decorator.py took 0.174 seconds
[2026-09-10T14:24:09.808+0000] {processor.py:161} INFO - Started process (PID=1528) to work on /home/airflow/.local/lib/python3.8/site-packages/airflow/example_dags/example_branch_operator_decorator.py
[2026-09-10T14:24:09.810+0000] {processor.py:830} INFO - Processing file /home/airflow/.local/lib/python3.8/site-packages/airflow/example_dags/example_branch_operator_decorator.py for tasks to queue
[2026-09-10T14:24:09.813+0000] {logging_mixin.py:188} INFO - [2026-09-10T14:24:09.812+0000] {dagbag.py:540} INFO - Filling up the DagBag from /home/airflow/.local/lib/python3.8/site-packages/airflow/example_dags/example_branch_operator_decorator.py
[2026-09-10T14:24:09.836+0000] {processor.py:840} INFO - DAG(s) 'example_branch_python_operator_decorator' retrieved from /home/airflow/.local/lib/python3.8/site-packages/airflow/example_dags/example_branch_operator_decorator.py
[2026-09-10T14:24:09.872+0000] {logging_mixin.py:188} INFO - [2026-09-10T14:24:09.872+0000] {dag.py:3047} INFO - Sync 1 DAGs
[2026-09-10T14:24:09.904+0000] {logging_mixin.py:188} INFO - [2026-09-10T14:24:09.904+0000] {dag.py:3834} INFO - Setting next_dagrun for example_branch_python_operator_decorator to 2026-09-09 00:00:00+00:00, run_after=2026-09-10 00:00:00+00:00
[2026-09-10T14:24:09.930+0000] {processor.py:183} INFO - Processing /home/airflow/.local/lib/python3.8/site-packages/airflow/example_dags/example_branch_operator_decorator.py took 0.125 seconds
[2026-09-10T14:24:41.783+0000] {processor.py:161} INFO - Started process (PID=1589) to work on /home/airflow/.local/lib/python3.8/site-packages/airflow/example_dags/example_branch_operator_decorator.py
[2026-09-10T14:24:41.785+0000] {processor.py:830} INFO - Processing file /home/airflow/.local/lib/python3.8/site-packages/airflow/example_dags/example_branch_operator_decorator.py for tasks to queue
[2026-09-10T14:24:41.790+0000] {logging_mixin.py:188} INFO - [2026-09-10T14:24:41.789+0000] {dagbag.py:540} INFO - Filling up the DagBag from /home/airflow/.local/lib/python3.8/site-packages/airflow/example_dags/example_branch_operator_decorator.py
[2026-09-10T14:24:41.824+0000] {processor.py:840} INFO - DAG(s) 'example_branch_python_operator_decorator' retrieved from /home/airflow/.local/lib/python3.8/site-packages/airflow/example_dags/example_branch_operator_decorator.py
[2026-09-10T14:24:41.860+0000] {logging_mixin.py:188} INFO - [2026-09-10T14:24:41.859+0000] {dag.py:3047} INFO - Sync 1 DAGs
[2026-09-10T14:24:41.887+0000] {logging_mixin.py:188} INFO - [2026-09-10T14:24:41.887+0000] {dag.py:3834} INFO - Setting next_dagrun for example_branch_python_operator_decorator to 2026-09-09 00:00:00+00:00, run_after=2026-09-10 00:00:00+00:00
[2026-09-10T14:24:41.915+0000] {processor.py:183} INFO - Processing /home/airflow/.local/lib/python3.8/site-packages/airflow/example_dags/example_branch_operator_decorator.py took 0.140 seconds
[2026-09-10T14:25:12.847+0000] {processor.py:161} INFO - Started process (PID=1650) to work on /home/airflow/.local/lib/python3.8/site-packages/airflow/example_dags/example_branch_operator_decorator.py
[2026-09-10T14:25:12.848+0000] {processor.py:830} INFO - Processing file /home/airflow/.local/lib/python3.8/site-packages/airflow/example_dags/example_branch_operator_decorator.py for tasks to queue
[2026-09-10T14:25:12.851+0000] {logging_mixin.py:188} INFO - [2026-09-10T14:25:12.851+0000] {dagbag.py:540} INFO - Filling up the DagBag from /home/airflow/.local/lib/python3.8/site-packages/airflow/example_dags/example_branch_operator_decorator.py
[2026-09-10T14:25:12.876+0000] {processor.py:840} INFO - DAG(s) 'example_branch_python_operator_decorator' retrieved from /home/airflow/.local/lib/python3.8/site-packages/airflow/example_dags/example_branch_operator_decorator.py
[2026-09-10T14:25:12.906+0000] {logging_mixin.py:188} INFO - [2026-09-10T14:25:12.906+0000] {dag.py:3047} INFO - Sync 1 DAGs
[2026-09-10T14:25:12.931+0000] {logging_mixin.py:188} INFO - [2026-09-10T14:25:12.931+0000] {dag.py:3834} INFO - Setting next_dagrun for example_branch_python_operator_decorator to 2026-09-09 00:00:00+00:00, run_after=2026-09-10 00:00:00+00:00
[2026-09-10T14:25:12.954+0000] {processor.py:183} INFO - Processing /home/airflow/.local/lib/python3.8/site-packages/airflow/example_dags/example_branch_operator_decorator.py took 0.111 seconds
[2026-09-10T14:25:43.995+0000] {processor.py:161} INFO - Started process (PID=1710) to work on /home/airflow/.local/lib/python3.8/site-packages/airflow/example_dags/example_branch_operator_decorator.py
[2026-09-10T14:25:43.998+0000] {processor.py:830} INFO - Processing file /home/airflow/.local/lib/python3.8/site-packages/airflow/example_dags/example_branch_operator_decorator.py for tasks to queue
[2026-09-10T14:25:44.002+0000] {logging_mixin.py:188} INFO - [2026-09-10T14:25:44.001+0000] {dagbag.py:540} INFO - Filling up the DagBag from /home/airflow/.local/lib/python3.8/site-packages/airflow/example_dags/example_branch_operator_decorator.py
[2026-09-10T14:25:44.033+0000] {processor.py:840} INFO - DAG(s) 'example_branch_python_operator_decorator' retrieved from /home/airflow/.local/lib/python3.8/site-packages/airflow/example_dags/example_branch_operator_decorator.py
[2026-09-10T14:25:44.078+0000] {logging_mixin.py:188} INFO - [2026-09-10T14:25:44.077+0000] {dag.py:3047} INFO - Sync 1 DAGs
[2026-09-10T14:25:44.114+0000] {logging_mixin.py:188} INFO - [2026-09-10T14:25:44.113+0000] {dag.py:3834} INFO - Setting next_dagrun for example_branch_python_operator_decorator to 2026-09-09 00:00:00+00:00, run_after=2026-09-10 00:00:00+00:00
[2026-09-10T14:25:44.135+0000] {processor.py:183} INFO - Processing /home/airflow/.local/lib/python3.8/site-packages/airflow/example_dags/example_branch_operator_decorator.py took 0.146 seconds
[2026-09-10T14:26:18.954+0000] {processor.py:161} INFO - Started process (PID=104) to work on /home/airflow/.local/lib/python3.8/site-packages/airflow/example_dags/example_branch_operator_decorator.py
[2026-09-10T14:26:18.957+0000] {processor.py:830} INFO - Processing file /home/airflow/.local/lib/python3.8/site-packages/airflow/example_dags/example_branch_operator_decorator.py for tasks to queue
[2026-09-10T14:26:18.961+0000] {logging_mixin.py:188} INFO - [2026-09-10T14:26:18.961+0000] {dagbag.py:540} INFO - Filling up the DagBag from /home/airflow/.local/lib/python3.8/site-packages/airflow/example_dags/example_branch_operator_decorator.py
[2026-09-10T14:26:19.015+0000] {processor.py:840} INFO - DAG(s) 'example_branch_python_operator_decorator' retrieved from /home/airflow/.local/lib/python3.8/site-packages/airflow/example_dags/example_branch_operator_decorator.py
[2026-09-10T14:26:19.216+0000] {logging_mixin.py:188} INFO - [2026-09-10T14:26:19.216+0000] {dag.py:3047} INFO - Sync 1 DAGs
[2026-09-10T14:26:19.253+0000] {logging_mixin.py:188} INFO - [2026-09-10T14:26:19.252+0000] {dag.py:3834} INFO - Setting next_dagrun for example_branch_python_operator_decorator to 2026-09-09 00:00:00+00:00, run_after=2026-09-10 00:00:00+00:00
[2026-09-10T14:26:19.280+0000] {processor.py:183} INFO - Processing /home/airflow/.local/lib/python3.8/site-packages/airflow/example_dags/example_branch_operator_decorator.py took 0.333 seconds
[2026-09-10T14:26:49.399+0000] {processor.py:161} INFO - Started process (PID=163) to work on /home/airflow/.local/lib/python3.8/site-packages/airflow/example_dags/example_branch_operator_decorator.py
[2026-09-10T14:26:49.401+0000] {processor.py:830} INFO - Processing file /home/airflow/.local/lib/python3.8/site-packages/airflow/example_dags/example_branch_operator_decorator.py for tasks to queue
[2026-09-10T14:26:49.407+0000] {logging_mixin.py:188} INFO - [2026-09-10T14:26:49.406+0000] {dagbag.py:540} INFO - Filling up the DagBag from /home/airflow/.local/lib/python3.8/site-packages/airflow/example_dags/example_branch_operator_decorator.py
[2026-09-10T14:26:49.450+0000] {processor.py:840} INFO - DAG(s) 'example_branch_python_operator_decorator' retrieved from /home/airflow/.local/lib/python3.8/site-packages/airflow/example_dags/example_branch_operator_decorator.py
[2026-09-10T14:26:49.499+0000] {logging_mixin.py:188} INFO - [2026-09-10T14:26:49.498+0000] {dag.py:3047} INFO - Sync 1 DAGs
[2026-09-10T14:26:49.580+0000] {logging_mixin.py:188} INFO - [2026-09-10T14:26:49.580+0000] {dag.py:3834} INFO - Setting next_dagrun for example_branch_python_operator_decorator to 2026-09-09 00:00:00+00:00, run_after=2026-09-10 00:00:00+00:00
[2026-09-10T14:26:49.619+0000] {processor.py:183} INFO - Processing /home/airflow/.local/lib/python3.8/site-packages/airflow/example_dags/example_branch_operator_decorator.py took 0.225 seconds
[2026-09-10T14:27:20.695+0000] {processor.py:161} INFO - Started process (PID=222) to work on /home/airflow/.local/lib/python3.8/site-packages/airflow/example_dags/example_branch_operator_decorator.py
[2026-09-10T14:27:20.696+0000] {processor.py:830} INFO - Processing file /home/airflow/.local/lib/python3.8/site-packages/airflow/example_dags/example_branch_operator_decorator.py for tasks to queue
[2026-09-10T14:27:20.699+0000] {logging_mixin.py:188} INFO - [2026-09-10T14:27:20.699+0000] {dagbag.py:540} INFO - Filling up the DagBag from /home/airflow/.local/lib/python3.8/site-packages/airflow/example_dags/example_branch_operator_decorator.py
[2026-09-10T14:27:20.722+0000] {processor.py:840} INFO - DAG(s) 'example_branch_python_operator_decorator' retrieved from /home/airflow/.local/lib/python3.8/site-packages/airflow/example_dags/example_branch_operator_decorator.py
[2026-09-10T14:27:20.759+0000] {logging_mixin.py:188} INFO - [2026-09-10T14:27:20.759+0000] {dag.py:3047} INFO - Sync 1 DAGs
[2026-09-10T14:27:20.785+0000] {logging_mixin.py:188} INFO - [2026-09-10T14:27:20.785+0000] {dag.py:3834} INFO - Setting next_dagrun for example_branch_python_operator_decorator to 2026-09-09 00:00:00+00:00, run_after=2026-09-10 00:00:00+00:00
[2026-09-10T14:27:20.812+0000] {processor.py:183} INFO - Processing /home/airflow/.local/lib/python3.8/site-packages/airflow/example_dags/example_branch_operator_decorator.py took 0.121 seconds
[2026-09-10T14:27:51.061+0000] {processor.py:161} INFO - Started process (PID=281) to work on /home/airflow/.local/lib/python3.8/site-packages/airflow/example_dags/example_branch_operator_decorator.py
[2026-09-10T14:27:51.063+0000] {processor.py:830} INFO - Processing file /home/airflow/.local/lib/python3.8/site-packages/airflow/example_dags/example_branch_operator_decorator.py for tasks to queue
[2026-09-10T14:27:51.066+0000] {logging_mixin.py:188} INFO - [2026-09-10T14:27:51.065+0000] {dagbag.py:540} INFO - Filling up the DagBag from /home/airflow/.local/lib/python3.8/site-packages/airflow/example_dags/example_branch_operator_decorator.py
[2026-09-10T14:27:51.090+0000] {processor.py:840} INFO - DAG(s) 'example_branch_python_operator_decorator' retrieved from /home/airflow/.local/lib/python3.8/site-packages/airflow/example_dags/example_branch_operator_decorator.py
[2026-09-10T14:27:51.127+0000] {logging_mixin.py:188} INFO - [2026-09-10T14:27:51.127+0000] {dag.py:3047} INFO - Sync 1 DAGs
[2026-09-10T14:27:51.162+0000] {logging_mixin.py:188} INFO - [2026-09-10T14:27:51.162+0000] {dag.py:3834} INFO - Setting next_dagrun for example_branch_python_operator_decorator to 2026-09-09 00:00:00+00:00, run_after=2026-09-10 00:00:00+00:00
[2026-09-10T14:27:51.184+0000] {processor.py:183} INFO - Processing /home/airflow/.local/lib/python3.8/site-packages/airflow/example_dags/example_branch_operator_decorator.py took 0.128 seconds
[2026-09-10T14:28:22.774+0000] {processor.py:161} INFO - Started process (PID=344) to work on /home/airflow/.local/lib/python3.8/site-packages/airflow/example_dags/example_branch_operator_decorator.py
[2026-09-10T14:28:22.775+0000] {processor.py:830} INFO - Processing file /home/airflow/.local/lib/python3.8/site-packages/airflow/example_dags/example_branch_operator_decorator.py for tasks to queue
[2026-09-10T14:28:22.779+0000] {logging_mixin.py:188} INFO - [2026-09-10T14:28:22.778+0000] {dagbag.py:540} INFO - Filling up the DagBag from /home/airflow/.local/lib/python3.8/site-packages/airflow/example_dags/example_branch_operator_decorator.py
[2026-09-10T14:28:22.806+0000] {processor.py:840} INFO - DAG(s) 'example_branch_python_operator_decorator' retrieved from /home/airflow/.local/lib/python3.8/site-packages/airflow/example_dags/example_branch_operator_decorator.py
[2026-09-10T14:28:22.846+0000] {logging_mixin.py:188} INFO - [2026-09-10T14:28:22.846+0000] {dag.py:3047} INFO - Sync 1 DAGs
[2026-09-10T14:28:22.881+0000] {logging_mixin.py:188} INFO - [2026-09-10T14:28:22.881+0000] {dag.py:3834} INFO - Setting next_dagrun for example_branch_python_operator_decorator to 2026-09-09 00:00:00+00:00, run_after=2026-09-10 00:00:00+00:00
[2026-09-10T14:28:22.909+0000] {processor.py:183} INFO - Processing /home/airflow/.local/lib/python3.8/site-packages/airflow/example_dags/example_branch_operator_decorator.py took 0.140 seconds
[2026-09-10T14:28:52.981+0000] {processor.py:161} INFO - Started process (PID=403) to work on /home/airflow/.local/lib/python3.8/site-packages/airflow/example_dags/example_branch_operator_decorator.py
[2026-09-10T14:28:52.983+0000] {processor.py:830} INFO - Processing file /home/airflow/.local/lib/python3.8/site-packages/airflow/example_dags/example_branch_operator_decorator.py for tasks to queue
[2026-09-10T14:28:52.987+0000] {logging_mixin.py:188} INFO - [2026-09-10T14:28:52.986+0000] {dagbag.py:540} INFO - Filling up the DagBag from /home/airflow/.local/lib/python3.8/site-packages/airflow/example_dags/example_branch_operator_decorator.py
[2026-09-10T14:28:53.022+0000] {processor.py:840} INFO - DAG(s) 'example_branch_python_operator_decorator' retrieved from /home/airflow/.local/lib/python3.8/site-packages/airflow/example_dags/example_branch_operator_decorator.py
[2026-09-10T14:28:53.062+0000] {logging_mixin.py:188} INFO - [2026-09-10T14:28:53.062+0000] {dag.py:3047} INFO - Sync 1 DAGs
[2026-09-10T14:28:53.090+0000] {logging_mixin.py:188} INFO - [2026-09-10T14:28:53.089+0000] {dag.py:3834} INFO - Setting next_dagrun for example_branch_python_operator_decorator to 2026-09-09 00:00:00+00:00, run_after=2026-09-10 00:00:00+00:00
[2026-09-10T14:28:53.111+0000] {processor.py:183} INFO - Processing /home/airflow/.local/lib/python3.8/site-packages/airflow/example_dags/example_branch_operator_decorator.py took 0.135 seconds
[2026-09-10T14:29:23.630+0000] {processor.py:161} INFO - Started process (PID=462) to work on /home/airflow/.local/lib/python3.8/site-packages/airflow/example_dags/example_branch_operator_decorator.py
[2026-09-10T14:29:23.632+0000] {processor.py:830} INFO - Processing file /home/airflow/.local/lib/python3.8/site-packages/airflow/example_dags/example_branch_operator_decorator.py for tasks to queue
[2026-09-10T14:29:23.637+0000] {logging_mixin.py:188} INFO - [2026-09-10T14:29:23.636+0000] {dagbag.py:540} INFO - Filling up the DagBag from /home/airflow/.local/lib/python3.8/site-packages/airflow/example_dags/example_branch_operator_decorator.py
[2026-09-10T14:29:23.703+0000] {processor.py:840} INFO - DAG(s) 'example_branch_python_operator_decorator' retrieved from /home/airflow/.local/lib/python3.8/site-packages/airflow/example_dags/example_branch_operator_decorator.py
[2026-09-10T14:29:23.752+0000] {logging_mixin.py:188} INFO - [2026-09-10T14:29:23.752+0000] {dag.py:3047} INFO - Sync 1 DAGs
[2026-09-10T14:29:23.787+0000] {logging_mixin.py:188} INFO - [2026-09-10T14:29:23.787+0000] {dag.py:3834} INFO - Setting next_dagrun for example_branch_python_operator_decorator to 2026-09-09 00:00:00+00:00, run_after=2026-09-10 00:00:00+00:00
[2026-09-10T14:29:23.811+0000] {processor.py:183} INFO - Processing /home/airflow/.local/lib/python3.8/site-packages/airflow/example_dags/example_branch_operator_decorator.py took 0.190 seconds
[2026-09-10T14:29:54.839+0000] {processor.py:161} INFO - Started process (PID=521) to work on /home/airflow/.local/lib/python3.8/site-packages/airflow/example_dags/example_branch_operator_decorator.py
[2026-09-10T14:29:54.841+0000] {processor.py:830} INFO - Processing file /home/airflow/.local/lib/python3.8/site-packages/airflow/example_dags/example_branch_operator_decorator.py for tasks to queue
[2026-09-10T14:29:54.843+0000] {logging_mixin.py:188} INFO - [2026-09-10T14:29:54.843+0000] {dagbag.py:540} INFO - Filling up the DagBag from /home/airflow/.local/lib/python3.8/site-packages/airflow/example_dags/example_branch_operator_decorator.py
[2026-09-10T14:29:54.873+0000] {processor.py:840} INFO - DAG(s) 'example_branch_python_operator_decorator' retrieved from /home/airflow/.local/lib/python3.8/site-packages/airflow/example_dags/example_branch_operator_decorator.py
[2026-09-10T14:29:54.917+0000] {logging_mixin.py:188} INFO - [2026-09-10T14:29:54.917+0000] {dag.py:3047} INFO - Sync 1 DAGs
[2026-09-10T14:29:54.945+0000] {logging_mixin.py:188} INFO - [2026-09-10T14:29:54.944+0000] {dag.py:3834} INFO - Setting next_dagrun for example_branch_python_operator_decorator to 2026-09-09 00:00:00+00:00, run_after=2026-09-10 00:00:00+00:00
[2026-09-10T14:29:54.964+0000] {processor.py:183} INFO - Processing /home/airflow/.local/lib/python3.8/site-packages/airflow/example_dags/example_branch_operator_decorator.py took 0.131 seconds
[2026-09-10T14:30:25.299+0000] {processor.py:161} INFO - Started process (PID=580) to work on /home/airflow/.local/lib/python3.8/site-packages/airflow/example_dags/example_branch_operator_decorator.py
[2026-09-10T14:30:25.302+0000] {processor.py:830} INFO - Processing file /home/airflow/.local/lib/python3.8/site-packages/airflow/example_dags/example_branch_operator_decorator.py for tasks to queue
[2026-09-10T14:30:25.306+0000] {logging_mixin.py:188} INFO - [2026-09-10T14:30:25.305+0000] {dagbag.py:540} INFO - Filling up the DagBag from /home/airflow/.local/lib/python3.8/site-packages/airflow/example_dags/example_branch_operator_decorator.py
[2026-09-10T14:30:25.334+0000] {processor.py:840} INFO - DAG(s) 'example_branch_python_operator_decorator' retrieved from /home/airflow/.local/lib/python3.8/site-packages/airflow/example_dags/example_branch_operator_decorator.py
[2026-09-10T14:30:25.368+0000] {logging_mixin.py:188} INFO - [2026-09-10T14:30:25.368+0000] {dag.py:3047} INFO - Sync 1 DAGs
[2026-09-10T14:30:25.394+0000] {logging_mixin.py:188} INFO - [2026-09-10T14:30:25.394+0000] {dag.py:3834} INFO - Setting next_dagrun for example_branch_python_operator_decorator to 2026-09-09 00:00:00+00:00, run_after=2026-09-10 00:00:00+00:00
[2026-09-10T14:30:25.418+0000] {processor.py:183} INFO - Processing /home/airflow/.local/lib/python3.8/site-packages/airflow/example_dags/example_branch_operator_decorator.py took 0.125 seconds
[2026-09-10T14:30:56.556+0000] {processor.py:161} INFO - Started process (PID=639) to work on /home/airflow/.local/lib/python3.8/site-packages/airflow/example_dags/example_branch_operator_decorator.py
[2026-09-10T14:30:56.558+0000] {processor.py:830} INFO - Processing file /home/airflow/.local/lib/python3.8/site-packages/airflow/example_dags/example_branch_operator_decorator.py for tasks to queue
[2026-09-10T14:30:56.561+0000] {logging_mixin.py:188} INFO - [2026-09-10T14:30:56.560+0000] {dagbag.py:540} INFO - Filling up the DagBag from /home/airflow/.local/lib/python3.8/site-packages/airflow/example_dags/example_branch_operator_decorator.py
[2026-09-10T14:30:56.584+0000] {processor.py:840} INFO - DAG(s) 'example_branch_python_operator_decorator' retrieved from /home/airflow/.local/lib/python3.8/site-packages/airflow/example_dags/example_branch_operator_decorator.py
[2026-09-10T14:30:56.618+0000] {logging_mixin.py:188} INFO - [2026-09-10T14:30:56.618+0000] {dag.py:3047} INFO - Sync 1 DAGs
[2026-09-10T14:30:56.650+0000] {logging_mixin.py:188} INFO - [2026-09-10T14:30:56.650+0000] {dag.py:3834} INFO - Setting next_dagrun for example_branch_python_operator_decorator to 2026-09-09 00:00:00+00:00, run_after=2026-09-10 00:00:00+00:00
[2026-09-10T14:30:56.680+0000] {processor.py:183} INFO - Processing /home/airflow/.local/lib/python3.8/site-packages/airflow/example_dags/example_branch_operator_decorator.py took 0.130 seconds
[2026-09-10T14:31:27.177+0000] {processor.py:161} INFO - Started process (PID=698) to work on /home/airflow/.local/lib/python3.8/site-packages/airflow/example_dags/example_branch_operator_decorator.py
[2026-09-10T14:31:27.179+0000] {processor.py:830} INFO - Processing file /home/airflow/.local/lib/python3.8/site-packages/airflow/example_dags/example_branch_operator_decorator.py for tasks to queue
[2026-09-10T14:31:27.183+0000] {logging_mixin.py:188} INFO - [2026-09-10T14:31:27.182+0000] {dagbag.py:540} INFO - Filling up the DagBag from /home/airflow/.local/lib/python3.8/site-packages/airflow/example_dags/example_branch_operator_decorator.py
[2026-09-10T14:31:27.207+0000] {processor.py:840} INFO - DAG(s) 'example_branch_python_operator_decorator' retrieved from /home/airflow/.local/lib/python3.8/site-packages/airflow/example_dags/example_branch_operator_decorator.py
[2026-09-10T14:31:27.243+0000] {logging_mixin.py:188} INFO - [2026-09-10T14:31:27.243+0000] {dag.py:3047} INFO - Sync 1 DAGs
[2026-09-10T14:31:27.275+0000] {logging_mixin.py:188} INFO - [2026-09-10T14:31:27.275+0000] {dag.py:3834} INFO - Setting next_dagrun for example_branch_python_operator_decorator to 2026-09-09 00:00:00+00:00, run_after=2026-09-10 00:00:00+00:00
[2026-09-10T14:31:27.300+0000] {processor.py:183} INFO - Processing /home/airflow/.local/lib/python3.8/site-packages/airflow/example_dags/example_branch_operator_decorator.py took 0.126 seconds
[2026-09-10T14:31:58.187+0000] {processor.py:161} INFO - Started process (PID=757) to work on /home/airflow/.local/lib/python3.8/site-packages/airflow/example_dags/example_branch_operator_decorator.py
[2026-09-10T14:31:58.189+0000] {processor.py:830} INFO - Processing file /home/airflow/.local/lib/python3.8/site-packages/airflow/example_dags/example_branch_operator_decorator.py for tasks to queue
[2026-09-10T14:31:58.191+0000] {logging_mixin.py:188} INFO - [2026-09-10T14:31:58.191+0000] {dagbag.py:540} INFO - Filling up the DagBag from /home/airflow/.local/lib/python3.8/site-packages/airflow/example_dags/example_branch_operator_decorator.py
[2026-09-10T14:31:58.220+0000] {processor.py:840} INFO - DAG(s) 'example_branch_python_operator_decorator' retrieved from /home/airflow/.local/lib/python3.8/site-packages/airflow/example_dags/example_branch_operator_decorator.py
[2026-09-10T14:31:58.252+0000] {logging_mixin.py:188} INFO - [2026-09-10T14:31:58.252+0000] {dag.py:3047} INFO - Sync 1 DAGs
[2026-09-10T14:31:58.275+0000] {logging_mixin.py:188} INFO - [2026-09-10T14:31:58.274+0000] {dag.py:3834} INFO - Setting next_dagrun for example_branch_python_operator_decorator to 2026-09-09 00:00:00+00:00, run_after=2026-09-10 00:00:00+00:00
[2026-09-10T14:31:58.294+0000] {processor.py:183} INFO - Processing /home/airflow/.local/lib/python3.8/site-packages/airflow/example_dags/example_branch_operator_decorator.py took 0.112 seconds
[2026-09-10T14:32:28.793+0000] {processor.py:161} INFO - Started process (PID=816) to work on /home/airflow/.local/lib/python3.8/site-packages/airflow/example_dags/example_branch_operator_decorator.py
[2026-09-10T14:32:28.795+0000] {processor.py:830} INFO - Processing file /home/airflow/.local/lib/python3.8/site-packages/airflow/example_dags/example_branch_operator_decorator.py for tasks to queue
[2026-09-10T14:32:28.797+0000] {logging_mixin.py:188} INFO - [2026-09-10T14:32:28.796+0000] {dagbag.py:540} INFO - Filling up the DagBag from /home/airflow/.local/lib/python3.8/site-packages/airflow/example_dags/example_branch_operator_decorator.py
[2026-09-10T14:32:28.818+0000] {processor.py:840} INFO - DAG(s) 'example_branch_python_operator_decorator' retrieved from /home/airflow/.local/lib/python3.8/site-packages/airflow/example_dags/example_branch_operator_decorator.py
[2026-09-10T14:32:28.848+0000] {logging_mixin.py:188} INFO - [2026-09-10T14:32:28.848+0000] {dag.py:3047} INFO - Sync 1 DAGs
[2026-09-10T14:32:28.881+0000] {logging_mixin.py:188} INFO - [2026-09-10T14:32:28.880+0000] {dag.py:3834} INFO - Setting next_dagrun for example_branch_python_operator_decorator to 2026-09-09 00:00:00+00:00, run_after=2026-09-10 00:00:00+00:00
[2026-09-10T14:32:28.902+0000] {processor.py:183} INFO - Processing /home/airflow/.local/lib/python3.8/site-packages/airflow/example_dags/example_branch_operator_decorator.py took 0.113 seconds
[2026-09-10T14:33:00.040+0000] {processor.py:161} INFO - Started process (PID=875) to work on /home/airflow/.local/lib/python3.8/site-packages/airflow/example_dags/example_branch_operator_decorator.py
[2026-09-10T14:33:00.041+0000] {processor.py:830} INFO - Processing file /home/airflow/.local/lib/python3.8/site-packages/airflow/example_dags/example_branch_operator_decorator.py for tasks to queue
[2026-09-10T14:33:00.044+0000] {logging_mixin.py:188} INFO - [2026-09-10T14:33:00.043+0000] {dagbag.py:540} INFO - Filling up the DagBag from /home/airflow/.local/lib/python3.8/site-packages/airflow/example_dags/example_branch_operator_decorator.py
[2026-09-10T14:33:00.066+0000] {processor.py:840} INFO - DAG(s) 'example_branch_python_operator_decorator' retrieved from /home/airflow/.local/lib/python3.8/site-packages/airflow/example_dags/example_branch_operator_decorator.py
[2026-09-10T14:33:00.104+0000] {logging_mixin.py:188} INFO - [2026-09-10T14:33:00.104+0000] {dag.py:3047} INFO - Sync 1 DAGs
[2026-09-10T14:33:00.136+0000] {logging_mixin.py:188} INFO - [2026-09-10T14:33:00.136+0000] {dag.py:3834} INFO - Setting next_dagrun for example_branch_python_operator_decorator to 2026-09-09 00:00:00+00:00, run_after=2026-09-10 00:00:00+00:00
[2026-09-10T14:33:00.161+0000] {processor.py:183} INFO - Processing /home/airflow/.local/lib/python3.8/site-packages/airflow/example_dags/example_branch_operator_decorator.py took 0.125 seconds
[2026-09-10T14:33:31.976+0000] {processor.py:161} INFO - Started process (PID=934) to work on /home/airflow/.local/lib/python3.8/site-packages/airflow/example_dags/example_branch_operator_decorator.py
[2026-09-10T14:33:31.977+0000] {processor.py:830} INFO - Processing file /home/airflow/.local/lib/python3.8/site-packages/airflow/example_dags/example_branch_operator_decorator.py for tasks to queue
[2026-09-10T14:33:31.980+0000] {logging_mixin.py:188} INFO - [2026-09-10T14:33:31.980+0000] {dagbag.py:540} INFO - Filling up the DagBag from /home/airflow/.local/lib/python3.8/site-packages/airflow/example_dags/example_branch_operator_decorator.py
[2026-09-10T14:33:32.037+0000] {processor.py:840} INFO - DAG(s) 'example_branch_python_operator_decorator' retrieved from /home/airflow/.local/lib/python3.8/site-packages/airflow/example_dags/example_branch_operator_decorator.py
[2026-09-10T14:33:32.109+0000] {logging_mixin.py:188} INFO - [2026-09-10T14:33:32.109+0000] {dag.py:3047} INFO - Sync 1 DAGs
[2026-09-10T14:33:32.153+0000] {logging_mixin.py:188} INFO - [2026-09-10T14:33:32.152+0000] {dag.py:3834} INFO - Setting next_dagrun for example_branch_python_operator_decorator to 2026-09-09 00:00:00+00:00, run_after=2026-09-10 00:00:00+00:00
[2026-09-10T14:33:32.203+0000] {processor.py:183} INFO - Processing /home/airflow/.local/lib/python3.8/site-packages/airflow/example_dags/example_branch_operator_decorator.py took 0.235 seconds
[2026-09-10T14:34:02.521+0000] {processor.py:161} INFO - Started process (PID=993) to work on /home/airflow/.local/lib/python3.8/site-packages/airflow/example_dags/example_branch_operator_decorator.py
[2026-09-10T14:34:02.523+0000] {processor.py:830} INFO - Processing file /home/airflow/.local/lib/python3.8/site-packages/airflow/example_dags/example_branch_operator_decorator.py for tasks to queue
[2026-09-10T14:34:02.526+0000] {logging_mixin.py:188} INFO - [2026-09-10T14:34:02.525+0000] {dagbag.py:540} INFO - Filling up the DagBag from /home/airflow/.local/lib/python3.8/site-packages/airflow/example_dags/example_branch_operator_decorator.py
[2026-09-10T14:34:02.551+0000] {processor.py:840} INFO - DAG(s) 'example_branch_python_operator_decorator' retrieved from /home/airflow/.local/lib/python3.8/site-packages/airflow/example_dags/example_branch_operator_decorator.py
[2026-09-10T14:34:02.584+0000] {logging_mixin.py:188} INFO - [2026-09-10T14:34:02.583+0000] {dag.py:3047} INFO - Sync 1 DAGs
[2026-09-10T14:34:02.618+0000] {logging_mixin.py:188} INFO - [2026-09-10T14:34:02.618+0000] {dag.py:3834} INFO - Setting next_dagrun for example_branch_python_operator_decorator to 2026-09-09 00:00:00+00:00, run_after=2026-09-10 00:00:00+00:00
[2026-09-10T14:34:02.641+0000] {processor.py:183} INFO - Processing /home/airflow/.local/lib/python3.8/site-packages/airflow/example_dags/example_branch_operator_decorator.py took 0.125 seconds
[2026-09-10T14:34:33.658+0000] {processor.py:161} INFO - Started process (PID=1052) to work on /home/airflow/.local/lib/python3.8/site-packages/airflow/example_dags/example_branch_operator_decorator.py
[2026-09-10T14:34:33.660+0000] {processor.py:830} INFO - Processing file /home/airflow/.local/lib/python3.8/site-packages/airflow/example_dags/example_branch_operator_decorator.py for tasks to queue
[2026-09-10T14:34:33.663+0000] {logging_mixin.py:188} INFO - [2026-09-10T14:34:33.663+0000] {dagbag.py:540} INFO - Filling up the DagBag from /home/airflow/.local/lib/python3.8/site-packages/airflow/example_dags/example_branch_operator_decorator.py
[2026-09-10T14:34:33.698+0000] {processor.py:840} INFO - DAG(s) 'example_branch_python_operator_decorator' retrieved from /home/airflow/.local/lib/python3.8/site-packages/airflow/example_dags/example_branch_operator_decorator.py
[2026-09-10T14:34:33.741+0000] {logging_mixin.py:188} INFO - [2026-09-10T14:34:33.740+0000] {dag.py:3047} INFO - Sync 1 DAGs
[2026-09-10T14:34:33.789+0000] {logging_mixin.py:188} INFO - [2026-09-10T14:34:33.789+0000] {dag.py:3834} INFO - Setting next_dagrun for example_branch_python_operator_decorator to 2026-09-09 00:00:00+00:00, run_after=2026-09-10 00:00:00+00:00
[2026-09-10T14:34:33.821+0000] {processor.py:183} INFO - Processing /home/airflow/.local/lib/python3.8/site-packages/airflow/example_dags/example_branch_operator_decorator.py took 0.168 seconds
[2026-09-10T14:35:03.997+0000] {processor.py:161} INFO - Started process (PID=1112) to work on /home/airflow/.local/lib/python3.8/site-packages/airflow/example_dags/example_branch_operator_decorator.py
[2026-09-10T14:35:03.999+0000] {processor.py:830} INFO - Processing file /home/airflow/.local/lib/python3.8/site-packages/airflow/example_dags/example_branch_operator_decorator.py for tasks to queue
[2026-09-10T14:35:04.002+0000] {logging_mixin.py:188} INFO - [2026-09-10T14:35:04.001+0000] {dagbag.py:540} INFO - Filling up the DagBag from /home/airflow/.local/lib/python3.8/site-packages/airflow/example_dags/example_branch_operator_decorator.py
[2026-09-10T14:35:04.030+0000] {processor.py:840} INFO - DAG(s) 'example_branch_python_operator_decorator' retrieved from /home/airflow/.local/lib/python3.8/site-packages/airflow/example_dags/example_branch_operator_decorator.py
[2026-09-10T14:35:04.067+0000] {logging_mixin.py:188} INFO - [2026-09-10T14:35:04.067+0000] {dag.py:3047} INFO - Sync 1 DAGs
[2026-09-10T14:35:04.105+0000] {logging_mixin.py:188} INFO - [2026-09-10T14:35:04.104+0000] {dag.py:3834} INFO - Setting next_dagrun for example_branch_python_operator_decorator to 2026-09-09 00:00:00+00:00, run_after=2026-09-10 00:00:00+00:00
[2026-09-10T14:35:04.130+0000] {processor.py:183} INFO - Processing /home/airflow/.local/lib/python3.8/site-packages/airflow/example_dags/example_branch_operator_decorator.py took 0.138 seconds
[2026-09-10T14:35:34.992+0000] {processor.py:161} INFO - Started process (PID=1171) to work on /home/airflow/.local/lib/python3.8/site-packages/airflow/example_dags/example_branch_operator_decorator.py
[2026-09-10T14:35:34.994+0000] {processor.py:830} INFO - Processing file /home/airflow/.local/lib/python3.8/site-packages/airflow/example_dags/example_branch_operator_decorator.py for tasks to queue
[2026-09-10T14:35:34.998+0000] {logging_mixin.py:188} INFO - [2026-09-10T14:35:34.998+0000] {dagbag.py:540} INFO - Filling up the DagBag from /home/airflow/.local/lib/python3.8/site-packages/airflow/example_dags/example_branch_operator_decorator.py
[2026-09-10T14:35:35.030+0000] {processor.py:840} INFO - DAG(s) 'example_branch_python_operator_decorator' retrieved from /home/airflow/.local/lib/python3.8/site-packages/airflow/example_dags/example_branch_operator_decorator.py
[2026-09-10T14:35:35.077+0000] {logging_mixin.py:188} INFO - [2026-09-10T14:35:35.076+0000] {dag.py:3047} INFO - Sync 1 DAGs
[2026-09-10T14:35:35.111+0000] {logging_mixin.py:188} INFO - [2026-09-10T14:35:35.111+0000] {dag.py:3834} INFO - Setting next_dagrun for example_branch_python_operator_decorator to 2026-09-09 00:00:00+00:00, run_after=2026-09-10 00:00:00+00:00
[2026-09-10T14:35:35.140+0000] {processor.py:183} INFO - Processing /home/airflow/.local/lib/python3.8/site-packages/airflow/example_dags/example_branch_operator_decorator.py took 0.154 seconds
[2026-09-10T14:36:06.440+0000] {processor.py:161} INFO - Started process (PID=1231) to work on /home/airflow/.local/lib/python3.8/site-packages/airflow/example_dags/example_branch_operator_decorator.py
[2026-09-10T14:36:06.443+0000] {processor.py:830} INFO - Processing file /home/airflow/.local/lib/python3.8/site-packages/airflow/example_dags/example_branch_operator_decorator.py for tasks to queue
[2026-09-10T14:36:06.449+0000] {logging_mixin.py:188} INFO - [2026-09-10T14:36:06.448+0000] {dagbag.py:540} INFO - Filling up the DagBag from /home/airflow/.local/lib/python3.8/site-packages/airflow/example_dags/example_branch_operator_decorator.py
[2026-09-10T14:36:06.490+0000] {processor.py:840} INFO - DAG(s) 'example_branch_python_operator_decorator' retrieved from /home/airflow/.local/lib/python3.8/site-packages/airflow/example_dags/example_branch_operator_decorator.py
[2026-09-10T14:36:06.564+0000] {logging_mixin.py:188} INFO - [2026-09-10T14:36:06.563+0000] {dag.py:3047} INFO - Sync 1 DAGs
[2026-09-10T14:36:06.640+0000] {logging_mixin.py:188} INFO - [2026-09-10T14:36:06.639+0000] {dag.py:3834} INFO - Setting next_dagrun for example_branch_python_operator_decorator to 2026-09-09 00:00:00+00:00, run_after=2026-09-10 00:00:00+00:00
[2026-09-10T14:36:06.678+0000] {processor.py:183} INFO - Processing /home/airflow/.local/lib/python3.8/site-packages/airflow/example_dags/example_branch_operator_decorator.py took 0.242 seconds
[2026-09-10T14:36:37.985+0000] {processor.py:161} INFO - Started process (PID=1291) to work on /home/airflow/.local/lib/python3.8/site-packages/airflow/example_dags/example_branch_operator_decorator.py
[2026-09-10T14:36:37.987+0000] {processor.py:830} INFO - Processing file /home/airflow/.local/lib/python3.8/site-packages/airflow/example_dags/example_branch_operator_decorator.py for tasks to queue
[2026-09-10T14:36:37.990+0000] {logging_mixin.py:188} INFO - [2026-09-10T14:36:37.989+0000] {dagbag.py:540} INFO - Filling up the DagBag from /home/airflow/.local/lib/python3.8/site-packages/airflow/example_dags/example_branch_operator_decorator.py
[2026-09-10T14:36:38.014+0000] {processor.py:840} INFO - DAG(s) 'example_branch_python_operator_decorator' retrieved from /home/airflow/.local/lib/python3.8/site-packages/airflow/example_dags/example_branch_operator_decorator.py
[2026-09-10T14:36:38.047+0000] {logging_mixin.py:188} INFO - [2026-09-10T14:36:38.047+0000] {dag.py:3047} INFO - Sync 1 DAGs
[2026-09-10T14:36:38.074+0000] {logging_mixin.py:188} INFO - [2026-09-10T14:36:38.074+0000] {dag.py:3834} INFO - Setting next_dagrun for example_branch_python_operator_decorator to 2026-09-09 00:00:00+00:00, run_after=2026-09-10 00:00:00+00:00
[2026-09-10T14:36:38.099+0000] {processor.py:183} INFO - Processing /home/airflow/.local/lib/python3.8/site-packages/airflow/example_dags/example_branch_operator_decorator.py took 0.119 seconds
[2026-09-10T14:37:08.308+0000] {processor.py:161} INFO - Started process (PID=1350) to work on /home/airflow/.local/lib/python3.8/site-packages/airflow/example_dags/example_branch_operator_decorator.py
[2026-09-10T14:37:08.311+0000] {processor.py:830} INFO - Processing file /home/airflow/.local/lib/python3.8/site-packages/airflow/example_dags/example_branch_operator_decorator.py for tasks to queue
[2026-09-10T14:37:08.313+0000] {logging_mixin.py:188} INFO - [2026-09-10T14:37:08.313+0000] {dagbag.py:540} INFO - Filling up the DagBag from /home/airflow/.local/lib/python3.8/site-packages/airflow/example_dags/example_branch_operator_decorator.py
[2026-09-10T14:37:08.335+0000] {processor.py:840} INFO - DAG(s) 'example_branch_python_operator_decorator' retrieved from /home/airflow/.local/lib/python3.8/site-packages/airflow/example_dags/example_branch_operator_decorator.py
[2026-09-10T14:37:08.364+0000] {logging_mixin.py:188} INFO - [2026-09-10T14:37:08.364+0000] {dag.py:3047} INFO - Sync 1 DAGs
[2026-09-10T14:37:08.397+0000] {logging_mixin.py:188} INFO - [2026-09-10T14:37:08.397+0000] {dag.py:3834} INFO - Setting next_dagrun for example_branch_python_operator_decorator to 2026-09-09 00:00:00+00:00, run_after=2026-09-10 00:00:00+00:00
[2026-09-10T14:37:08.418+0000] {processor.py:183} INFO - Processing /home/airflow/.local/lib/python3.8/site-packages/airflow/example_dags/example_branch_operator_decorator.py took 0.115 seconds
[2026-09-10T14:37:39.234+0000] {processor.py:161} INFO - Started process (PID=1409) to work on /home/airflow/.local/lib/python3.8/site-packages/airflow/example_dags/example_branch_operator_decorator.py
[2026-09-10T14:37:39.236+0000] {processor.py:830} INFO - Processing file /home/airflow/.local/lib/python3.8/site-packages/airflow/example_dags/example_branch_operator_decorator.py for tasks to queue
[2026-09-10T14:37:39.239+0000] {logging_mixin.py:188} INFO - [2026-09-10T14:37:39.238+0000] {dagbag.py:540} INFO - Filling up the DagBag from /home/airflow/.local/lib/python3.8/site-packages/airflow/example_dags/example_branch_operator_decorator.py
[2026-09-10T14:37:39.266+0000] {processor.py:840} INFO - DAG(s) 'example_branch_python_operator_decorator' retrieved from /home/airflow/.local/lib/python3.8/site-packages/airflow/example_dags/example_branch_operator_decorator.py
[2026-09-10T14:37:39.305+0000] {logging_mixin.py:188} INFO - [2026-09-10T14:37:39.305+0000] {dag.py:3047} INFO - Sync 1 DAGs
[2026-09-10T14:37:39.338+0000] {logging_mixin.py:188} INFO - [2026-09-10T14:37:39.338+0000] {dag.py:3834} INFO - Setting next_dagrun for example_branch_python_operator_decorator to 2026-09-09 00:00:00+00:00, run_after=2026-09-10 00:00:00+00:00
[2026-09-10T14:37:39.362+0000] {processor.py:183} INFO - Processing /home/airflow/.local/lib/python3.8/site-packages/airflow/example_dags/example_branch_operator_decorator.py took 0.132 seconds
[2026-09-10T14:38:10.926+0000] {processor.py:161} INFO - Started process (PID=1468) to work on /home/airflow/.local/lib/python3.8/site-packages/airflow/example_dags/example_branch_operator_decorator.py
[2026-09-10T14:38:10.930+0000] {processor.py:830} INFO - Processing file /home/airflow/.local/lib/python3.8/site-packages/airflow/example_dags/example_branch_operator_decorator.py for tasks to queue
[2026-09-10T14:38:10.935+0000] {logging_mixin.py:188} INFO - [2026-09-10T14:38:10.934+0000] {dagbag.py:540} INFO - Filling up the DagBag from /home/airflow/.local/lib/python3.8/site-packages/airflow/example_dags/example_branch_operator_decorator.py
[2026-09-10T14:38:10.988+0000] {processor.py:840} INFO - DAG(s) 'example_branch_python_operator_decorator' retrieved from /home/airflow/.local/lib/python3.8/site-packages/airflow/example_dags/example_branch_operator_decorator.py
[2026-09-10T14:38:11.056+0000] {logging_mixin.py:188} INFO - [2026-09-10T14:38:11.055+0000] {dag.py:3047} INFO - Sync 1 DAGs
[2026-09-10T14:38:11.111+0000] {logging_mixin.py:188} INFO - [2026-09-10T14:38:11.111+0000] {dag.py:3834} INFO - Setting next_dagrun for example_branch_python_operator_decorator to 2026-09-09 00:00:00+00:00, run_after=2026-09-10 00:00:00+00:00
[2026-09-10T14:38:11.152+0000] {processor.py:183} INFO - Processing /home/airflow/.local/lib/python3.8/site-packages/airflow/example_dags/example_branch_operator_decorator.py took 0.229 seconds
[2026-09-10T14:38:42.395+0000] {processor.py:161} INFO - Started process (PID=1527) to work on /home/airflow/.local/lib/python3.8/site-packages/airflow/example_dags/example_branch_operator_decorator.py
[2026-09-10T14:38:42.397+0000] {processor.py:830} INFO - Processing file /home/airflow/.local/lib/python3.8/site-packages/airflow/example_dags/example_branch_operator_decorator.py for tasks to queue
[2026-09-10T14:38:42.403+0000] {logging_mixin.py:188} INFO - [2026-09-10T14:38:42.402+0000] {dagbag.py:540} INFO - Filling up the DagBag from /home/airflow/.local/lib/python3.8/site-packages/airflow/example_dags/example_branch_operator_decorator.py
[2026-09-10T14:38:42.447+0000] {processor.py:840} INFO - DAG(s) 'example_branch_python_operator_decorator' retrieved from /home/airflow/.local/lib/python3.8/site-packages/airflow/example_dags/example_branch_operator_decorator.py
[2026-09-10T14:38:42.489+0000] {logging_mixin.py:188} INFO - [2026-09-10T14:38:42.489+0000] {dag.py:3047} INFO - Sync 1 DAGs
[2026-09-10T14:38:42.528+0000] {logging_mixin.py:188} INFO - [2026-09-10T14:38:42.527+0000] {dag.py:3834} INFO - Setting next_dagrun for example_branch_python_operator_decorator to 2026-09-09 00:00:00+00:00, run_after=2026-09-10 00:00:00+00:00
[2026-09-10T14:38:42.562+0000] {processor.py:183} INFO - Processing /home/airflow/.local/lib/python3.8/site-packages/airflow/example_dags/example_branch_operator_decorator.py took 0.172 seconds
[2026-09-10T14:39:13.086+0000] {processor.py:161} INFO - Started process (PID=1586) to work on /home/airflow/.local/lib/python3.8/site-packages/airflow/example_dags/example_branch_operator_decorator.py
[2026-09-10T14:39:13.088+0000] {processor.py:830} INFO - Processing file /home/airflow/.local/lib/python3.8/site-packages/airflow/example_dags/example_branch_operator_decorator.py for tasks to queue
[2026-09-10T14:39:13.090+0000] {logging_mixin.py:188} INFO - [2026-09-10T14:39:13.090+0000] {dagbag.py:540} INFO - Filling up the DagBag from /home/airflow/.local/lib/python3.8/site-packages/airflow/example_dags/example_branch_operator_decorator.py
[2026-09-10T14:39:13.125+0000] {processor.py:840} INFO - DAG(s) 'example_branch_python_operator_decorator' retrieved from /home/airflow/.local/lib/python3.8/site-packages/airflow/example_dags/example_branch_operator_decorator.py
[2026-09-10T14:39:13.189+0000] {logging_mixin.py:188} INFO - [2026-09-10T14:39:13.188+0000] {dag.py:3047} INFO - Sync 1 DAGs
[2026-09-10T14:39:13.224+0000] {logging_mixin.py:188} INFO - [2026-09-10T14:39:13.224+0000] {dag.py:3834} INFO - Setting next_dagrun for example_branch_python_operator_decorator to 2026-09-09 00:00:00+00:00, run_after=2026-09-10 00:00:00+00:00
[2026-09-10T14:39:13.249+0000] {processor.py:183} INFO - Processing /home/airflow/.local/lib/python3.8/site-packages/airflow/example_dags/example_branch_operator_decorator.py took 0.167 seconds
[2026-09-10T14:39:44.706+0000] {processor.py:161} INFO - Started process (PID=1645) to work on /home/airflow/.local/lib/python3.8/site-packages/airflow/example_dags/example_branch_operator_decorator.py
[2026-09-10T14:39:44.708+0000] {processor.py:830} INFO - Processing file /home/airflow/.local/lib/python3.8/site-packages/airflow/example_dags/example_branch_operator_decorator.py for tasks to queue
[2026-09-10T14:39:44.710+0000] {logging_mixin.py:188} INFO - [2026-09-10T14:39:44.710+0000] {dagbag.py:540} INFO - Filling up the DagBag from /home/airflow/.local/lib/python3.8/site-packages/airflow/example_dags/example_branch_operator_decorator.py
[2026-09-10T14:39:44.737+0000] {processor.py:840} INFO - DAG(s) 'example_branch_python_operator_decorator' retrieved from /home/airflow/.local/lib/python3.8/site-packages/airflow/example_dags/example_branch_operator_decorator.py
[2026-09-10T14:39:44.771+0000] {logging_mixin.py:188} INFO - [2026-09-10T14:39:44.771+0000] {dag.py:3047} INFO - Sync 1 DAGs
[2026-09-10T14:39:44.798+0000] {logging_mixin.py:188} INFO - [2026-09-10T14:39:44.798+0000] {dag.py:3834} INFO - Setting next_dagrun for example_branch_python_operator_decorator to 2026-09-09 00:00:00+00:00, run_after=2026-09-10 00:00:00+00:00
[2026-09-10T14:39:44.823+0000] {processor.py:183} INFO - Processing /home/airflow/.local/lib/python3.8/site-packages/airflow/example_dags/example_branch_operator_decorator.py took 0.121 seconds
[2026-09-10T14:40:15.983+0000] {processor.py:161} INFO - Started process (PID=1704) to work on /home/airflow/.local/lib/python3.8/site-packages/airflow/example_dags/example_branch_operator_decorator.py
[2026-09-10T14:40:15.985+0000] {processor.py:830} INFO - Processing file /home/airflow/.local/lib/python3.8/site-packages/airflow/example_dags/example_branch_operator_decorator.py for tasks to queue
[2026-09-10T14:40:15.989+0000] {logging_mixin.py:188} INFO - [2026-09-10T14:40:15.989+0000] {dagbag.py:540} INFO - Filling up the DagBag from /home/airflow/.local/lib/python3.8/site-packages/airflow/example_dags/example_branch_operator_decorator.py
[2026-09-10T14:40:16.024+0000] {processor.py:840} INFO - DAG(s) 'example_branch_python_operator_decorator' retrieved from /home/airflow/.local/lib/python3.8/site-packages/airflow/example_dags/example_branch_operator_decorator.py
[2026-09-10T14:40:16.062+0000] {logging_mixin.py:188} INFO - [2026-09-10T14:40:16.061+0000] {dag.py:3047} INFO - Sync 1 DAGs
[2026-09-10T14:40:16.089+0000] {logging_mixin.py:188} INFO - [2026-09-10T14:40:16.088+0000] {dag.py:3834} INFO - Setting next_dagrun for example_branch_python_operator_decorator to 2026-09-09 00:00:00+00:00, run_after=2026-09-10 00:00:00+00:00
[2026-09-10T14:40:16.112+0000] {processor.py:183} INFO - Processing /home/airflow/.local/lib/python3.8/site-packages/airflow/example_dags/example_branch_operator_decorator.py took 0.135 seconds
