[2026-09-08T13:44:42.770+0000] {processor.py:161} INFO - Started process (PID=80) to work on /home/airflow/.local/lib/python3.8/site-packages/airflow/example_dags/example_short_circuit_operator.py
[2026-09-08T13:44:42.777+0000] {processor.py:830} INFO - Processing file /home/airflow/.local/lib/python3.8/site-packages/airflow/example_dags/example_short_circuit_operator.py for tasks to queue
[2026-09-08T13:44:42.782+0000] {logging_mixin.py:188} INFO - [2026-09-08T13:44:42.782+0000] {dagbag.py:540} INFO - Filling up the DagBag from /home/airflow/.local/lib/python3.8/site-packages/airflow/example_dags/example_short_circuit_operator.py
[2026-09-08T13:44:42.803+0000] {processor.py:840} INFO - DAG(s) 'example_short_circuit_operator' retrieved from /home/airflow/.local/lib/python3.8/site-packages/airflow/example_dags/example_short_circuit_operator.py
[2026-09-08T13:44:42.862+0000] {logging_mixin.py:188} INFO - [2026-09-08T13:44:42.861+0000] {dag.py:3047} INFO - Sync 1 DAGs
[2026-09-08T13:44:42.956+0000] {logging_mixin.py:188} INFO - [2026-09-08T13:44:42.955+0000] {dag.py:3834} INFO - Setting next_dagrun for example_short_circuit_operator to 2026-09-07 00:00:00+00:00, run_after=2026-09-08 00:00:00+00:00
[2026-09-08T13:44:43.052+0000] {processor.py:183} INFO - Processing /home/airflow/.local/lib/python3.8/site-packages/airflow/example_dags/example_short_circuit_operator.py took 0.295 seconds
[2026-09-08T13:45:13.626+0000] {processor.py:161} INFO - Started process (PID=137) to work on /home/airflow/.local/lib/python3.8/site-packages/airflow/example_dags/example_short_circuit_operator.py
[2026-09-08T13:45:13.628+0000] {processor.py:830} INFO - Processing file /home/airflow/.local/lib/python3.8/site-packages/airflow/example_dags/example_short_circuit_operator.py for tasks to queue
[2026-09-08T13:45:13.632+0000] {logging_mixin.py:188} INFO - [2026-09-08T13:45:13.632+0000] {dagbag.py:540} INFO - Filling up the DagBag from /home/airflow/.local/lib/python3.8/site-packages/airflow/example_dags/example_short_circuit_operator.py
[2026-09-08T13:45:13.646+0000] {processor.py:840} INFO - DAG(s) 'example_short_circuit_operator' retrieved from /home/airflow/.local/lib/python3.8/site-packages/airflow/example_dags/example_short_circuit_operator.py
[2026-09-08T13:45:13.857+0000] {logging_mixin.py:188} INFO - [2026-09-08T13:45:13.857+0000] {dag.py:3047} INFO - Sync 1 DAGs
[2026-09-08T13:45:13.890+0000] {logging_mixin.py:188} INFO - [2026-09-08T13:45:13.889+0000] {dag.py:3834} INFO - Setting next_dagrun for example_short_circuit_operator to 2026-09-07 00:00:00+00:00, run_after=2026-09-08 00:00:00+00:00
[2026-09-08T13:45:13.925+0000] {processor.py:183} INFO - Processing /home/airflow/.local/lib/python3.8/site-packages/airflow/example_dags/example_short_circuit_operator.py took 0.303 seconds
[2026-09-08T13:45:44.698+0000] {processor.py:161} INFO - Started process (PID=194) to work on /home/airflow/.local/lib/python3.8/site-packages/airflow/example_dags/example_short_circuit_operator.py
[2026-09-08T13:45:44.708+0000] {processor.py:830} INFO - Processing file /home/airflow/.local/lib/python3.8/site-packages/airflow/example_dags/example_short_circuit_operator.py for tasks to queue
[2026-09-08T13:45:44.725+0000] {logging_mixin.py:188} INFO - [2026-09-08T13:45:44.725+0000] {dagbag.py:540} INFO - Filling up the DagBag from /home/airflow/.local/lib/python3.8/site-packages/airflow/example_dags/example_short_circuit_operator.py
[2026-09-08T13:45:44.759+0000] {processor.py:840} INFO - DAG(s) 'example_short_circuit_operator' retrieved from /home/airflow/.local/lib/python3.8/site-packages/airflow/example_dags/example_short_circuit_operator.py
[2026-09-08T13:45:44.839+0000] {logging_mixin.py:188} INFO - [2026-09-08T13:45:44.839+0000] {dag.py:3047} INFO - Sync 1 DAGs
[2026-09-08T13:45:44.922+0000] {logging_mixin.py:188} INFO - [2026-09-08T13:45:44.922+0000] {dag.py:3834} INFO - Setting next_dagrun for example_short_circuit_operator to 2026-09-07 00:00:00+00:00, run_after=2026-09-08 00:00:00+00:00
[2026-09-08T13:45:45.011+0000] {processor.py:183} INFO - Processing /home/airflow/.local/lib/python3.8/site-packages/airflow/example_dags/example_short_circuit_operator.py took 0.319 seconds
[2026-09-08T13:46:15.991+0000] {processor.py:161} INFO - Started process (PID=255) to work on /home/airflow/.local/lib/python3.8/site-packages/airflow/example_dags/example_short_circuit_operator.py
[2026-09-08T13:46:15.993+0000] {processor.py:830} INFO - Processing file /home/airflow/.local/lib/python3.8/site-packages/airflow/example_dags/example_short_circuit_operator.py for tasks to queue
[2026-09-08T13:46:15.997+0000] {logging_mixin.py:188} INFO - [2026-09-08T13:46:15.996+0000] {dagbag.py:540} INFO - Filling up the DagBag from /home/airflow/.local/lib/python3.8/site-packages/airflow/example_dags/example_short_circuit_operator.py
[2026-09-08T13:46:16.013+0000] {processor.py:840} INFO - DAG(s) 'example_short_circuit_operator' retrieved from /home/airflow/.local/lib/python3.8/site-packages/airflow/example_dags/example_short_circuit_operator.py
[2026-09-08T13:46:16.044+0000] {logging_mixin.py:188} INFO - [2026-09-08T13:46:16.043+0000] {dag.py:3047} INFO - Sync 1 DAGs
[2026-09-08T13:46:16.075+0000] {logging_mixin.py:188} INFO - [2026-09-08T13:46:16.075+0000] {dag.py:3834} INFO - Setting next_dagrun for example_short_circuit_operator to 2026-09-07 00:00:00+00:00, run_after=2026-09-08 00:00:00+00:00
[2026-09-08T13:46:16.102+0000] {processor.py:183} INFO - Processing /home/airflow/.local/lib/python3.8/site-packages/airflow/example_dags/example_short_circuit_operator.py took 0.116 seconds
[2026-09-08T13:46:46.999+0000] {processor.py:161} INFO - Started process (PID=312) to work on /home/airflow/.local/lib/python3.8/site-packages/airflow/example_dags/example_short_circuit_operator.py
[2026-09-08T13:46:47.005+0000] {processor.py:830} INFO - Processing file /home/airflow/.local/lib/python3.8/site-packages/airflow/example_dags/example_short_circuit_operator.py for tasks to queue
[2026-09-08T13:46:47.008+0000] {logging_mixin.py:188} INFO - [2026-09-08T13:46:47.008+0000] {dagbag.py:540} INFO - Filling up the DagBag from /home/airflow/.local/lib/python3.8/site-packages/airflow/example_dags/example_short_circuit_operator.py
[2026-09-08T13:46:47.018+0000] {processor.py:840} INFO - DAG(s) 'example_short_circuit_operator' retrieved from /home/airflow/.local/lib/python3.8/site-packages/airflow/example_dags/example_short_circuit_operator.py
[2026-09-08T13:46:47.055+0000] {logging_mixin.py:188} INFO - [2026-09-08T13:46:47.055+0000] {dag.py:3047} INFO - Sync 1 DAGs
[2026-09-08T13:46:47.087+0000] {logging_mixin.py:188} INFO - [2026-09-08T13:46:47.086+0000] {dag.py:3834} INFO - Setting next_dagrun for example_short_circuit_operator to 2026-09-07 00:00:00+00:00, run_after=2026-09-08 00:00:00+00:00
[2026-09-08T13:46:47.112+0000] {processor.py:183} INFO - Processing /home/airflow/.local/lib/python3.8/site-packages/airflow/example_dags/example_short_circuit_operator.py took 0.119 seconds
[2026-09-08T13:47:17.384+0000] {processor.py:161} INFO - Started process (PID=372) to work on /home/airflow/.local/lib/python3.8/site-packages/airflow/example_dags/example_short_circuit_operator.py
[2026-09-08T13:47:17.386+0000] {processor.py:830} INFO - Processing file /home/airflow/.local/lib/python3.8/site-packages/airflow/example_dags/example_short_circuit_operator.py for tasks to queue
[2026-09-08T13:47:17.393+0000] {logging_mixin.py:188} INFO - [2026-09-08T13:47:17.392+0000] {dagbag.py:540} INFO - Filling up the DagBag from /home/airflow/.local/lib/python3.8/site-packages/airflow/example_dags/example_short_circuit_operator.py
[2026-09-08T13:47:17.408+0000] {processor.py:840} INFO - DAG(s) 'example_short_circuit_operator' retrieved from /home/airflow/.local/lib/python3.8/site-packages/airflow/example_dags/example_short_circuit_operator.py
[2026-09-08T13:47:17.449+0000] {logging_mixin.py:188} INFO - [2026-09-08T13:47:17.449+0000] {dag.py:3047} INFO - Sync 1 DAGs
[2026-09-08T13:47:17.493+0000] {logging_mixin.py:188} INFO - [2026-09-08T13:47:17.492+0000] {dag.py:3834} INFO - Setting next_dagrun for example_short_circuit_operator to 2026-09-07 00:00:00+00:00, run_after=2026-09-08 00:00:00+00:00
[2026-09-08T13:47:17.643+0000] {processor.py:183} INFO - Processing /home/airflow/.local/lib/python3.8/site-packages/airflow/example_dags/example_short_circuit_operator.py took 0.265 seconds
[2026-09-08T13:47:47.839+0000] {processor.py:161} INFO - Started process (PID=429) to work on /home/airflow/.local/lib/python3.8/site-packages/airflow/example_dags/example_short_circuit_operator.py
[2026-09-08T13:47:47.841+0000] {processor.py:830} INFO - Processing file /home/airflow/.local/lib/python3.8/site-packages/airflow/example_dags/example_short_circuit_operator.py for tasks to queue
[2026-09-08T13:47:47.844+0000] {logging_mixin.py:188} INFO - [2026-09-08T13:47:47.844+0000] {dagbag.py:540} INFO - Filling up the DagBag from /home/airflow/.local/lib/python3.8/site-packages/airflow/example_dags/example_short_circuit_operator.py
[2026-09-08T13:47:47.853+0000] {processor.py:840} INFO - DAG(s) 'example_short_circuit_operator' retrieved from /home/airflow/.local/lib/python3.8/site-packages/airflow/example_dags/example_short_circuit_operator.py
[2026-09-08T13:47:47.888+0000] {logging_mixin.py:188} INFO - [2026-09-08T13:47:47.887+0000] {dag.py:3047} INFO - Sync 1 DAGs
[2026-09-08T13:47:47.915+0000] {logging_mixin.py:188} INFO - [2026-09-08T13:47:47.915+0000] {dag.py:3834} INFO - Setting next_dagrun for example_short_circuit_operator to 2026-09-07 00:00:00+00:00, run_after=2026-09-08 00:00:00+00:00
[2026-09-08T13:47:47.943+0000] {processor.py:183} INFO - Processing /home/airflow/.local/lib/python3.8/site-packages/airflow/example_dags/example_short_circuit_operator.py took 0.109 seconds
[2026-09-08T13:48:18.164+0000] {processor.py:161} INFO - Started process (PID=486) to work on /home/airflow/.local/lib/python3.8/site-packages/airflow/example_dags/example_short_circuit_operator.py
[2026-09-08T13:48:18.167+0000] {processor.py:830} INFO - Processing file /home/airflow/.local/lib/python3.8/site-packages/airflow/example_dags/example_short_circuit_operator.py for tasks to queue
[2026-09-08T13:48:18.172+0000] {logging_mixin.py:188} INFO - [2026-09-08T13:48:18.171+0000] {dagbag.py:540} INFO - Filling up the DagBag from /home/airflow/.local/lib/python3.8/site-packages/airflow/example_dags/example_short_circuit_operator.py
[2026-09-08T13:48:18.190+0000] {processor.py:840} INFO - DAG(s) 'example_short_circuit_operator' retrieved from /home/airflow/.local/lib/python3.8/site-packages/airflow/example_dags/example_short_circuit_operator.py
[2026-09-08T13:48:18.210+0000] {logging_mixin.py:188} INFO - [2026-09-08T13:48:18.209+0000] {dag.py:3047} INFO - Sync 1 DAGs
[2026-09-08T13:48:18.245+0000] {logging_mixin.py:188} INFO - [2026-09-08T13:48:18.244+0000] {dag.py:3834} INFO - Setting next_dagrun for example_short_circuit_operator to 2026-09-07 00:00:00+00:00, run_after=2026-09-08 00:00:00+00:00
[2026-09-08T13:48:18.272+0000] {processor.py:183} INFO - Processing /home/airflow/.local/lib/python3.8/site-packages/airflow/example_dags/example_short_circuit_operator.py took 0.113 seconds
[2026-09-08T13:48:48.925+0000] {processor.py:161} INFO - Started process (PID=542) to work on /home/airflow/.local/lib/python3.8/site-packages/airflow/example_dags/example_short_circuit_operator.py
[2026-09-08T13:48:48.927+0000] {processor.py:830} INFO - Processing file /home/airflow/.local/lib/python3.8/site-packages/airflow/example_dags/example_short_circuit_operator.py for tasks to queue
[2026-09-08T13:48:48.930+0000] {logging_mixin.py:188} INFO - [2026-09-08T13:48:48.929+0000] {dagbag.py:540} INFO - Filling up the DagBag from /home/airflow/.local/lib/python3.8/site-packages/airflow/example_dags/example_short_circuit_operator.py
[2026-09-08T13:48:48.943+0000] {processor.py:840} INFO - DAG(s) 'example_short_circuit_operator' retrieved from /home/airflow/.local/lib/python3.8/site-packages/airflow/example_dags/example_short_circuit_operator.py
[2026-09-08T13:48:49.078+0000] {logging_mixin.py:188} INFO - [2026-09-08T13:48:49.078+0000] {dag.py:3047} INFO - Sync 1 DAGs
[2026-09-08T13:48:49.105+0000] {logging_mixin.py:188} INFO - [2026-09-08T13:48:49.105+0000] {dag.py:3834} INFO - Setting next_dagrun for example_short_circuit_operator to 2026-09-07 00:00:00+00:00, run_after=2026-09-08 00:00:00+00:00
[2026-09-08T13:48:49.129+0000] {processor.py:183} INFO - Processing /home/airflow/.local/lib/python3.8/site-packages/airflow/example_dags/example_short_circuit_operator.py took 0.209 seconds
[2026-09-08T13:49:19.233+0000] {processor.py:161} INFO - Started process (PID=599) to work on /home/airflow/.local/lib/python3.8/site-packages/airflow/example_dags/example_short_circuit_operator.py
[2026-09-08T13:49:19.235+0000] {processor.py:830} INFO - Processing file /home/airflow/.local/lib/python3.8/site-packages/airflow/example_dags/example_short_circuit_operator.py for tasks to queue
[2026-09-08T13:49:19.237+0000] {logging_mixin.py:188} INFO - [2026-09-08T13:49:19.237+0000] {dagbag.py:540} INFO - Filling up the DagBag from /home/airflow/.local/lib/python3.8/site-packages/airflow/example_dags/example_short_circuit_operator.py
[2026-09-08T13:49:19.246+0000] {processor.py:840} INFO - DAG(s) 'example_short_circuit_operator' retrieved from /home/airflow/.local/lib/python3.8/site-packages/airflow/example_dags/example_short_circuit_operator.py
[2026-09-08T13:49:19.276+0000] {logging_mixin.py:188} INFO - [2026-09-08T13:49:19.276+0000] {dag.py:3047} INFO - Sync 1 DAGs
[2026-09-08T13:49:19.304+0000] {logging_mixin.py:188} INFO - [2026-09-08T13:49:19.304+0000] {dag.py:3834} INFO - Setting next_dagrun for example_short_circuit_operator to 2026-09-07 00:00:00+00:00, run_after=2026-09-08 00:00:00+00:00
[2026-09-08T13:49:19.332+0000] {processor.py:183} INFO - Processing /home/airflow/.local/lib/python3.8/site-packages/airflow/example_dags/example_short_circuit_operator.py took 0.103 seconds
[2026-09-08T13:49:49.469+0000] {processor.py:161} INFO - Started process (PID=656) to work on /home/airflow/.local/lib/python3.8/site-packages/airflow/example_dags/example_short_circuit_operator.py
[2026-09-08T13:49:49.471+0000] {processor.py:830} INFO - Processing file /home/airflow/.local/lib/python3.8/site-packages/airflow/example_dags/example_short_circuit_operator.py for tasks to queue
[2026-09-08T13:49:49.474+0000] {logging_mixin.py:188} INFO - [2026-09-08T13:49:49.474+0000] {dagbag.py:540} INFO - Filling up the DagBag from /home/airflow/.local/lib/python3.8/site-packages/airflow/example_dags/example_short_circuit_operator.py
[2026-09-08T13:49:49.489+0000] {processor.py:840} INFO - DAG(s) 'example_short_circuit_operator' retrieved from /home/airflow/.local/lib/python3.8/site-packages/airflow/example_dags/example_short_circuit_operator.py
[2026-09-08T13:49:49.523+0000] {logging_mixin.py:188} INFO - [2026-09-08T13:49:49.523+0000] {dag.py:3047} INFO - Sync 1 DAGs
[2026-09-08T13:49:49.549+0000] {logging_mixin.py:188} INFO - [2026-09-08T13:49:49.549+0000] {dag.py:3834} INFO - Setting next_dagrun for example_short_circuit_operator to 2026-09-07 00:00:00+00:00, run_after=2026-09-08 00:00:00+00:00
[2026-09-08T13:49:49.574+0000] {processor.py:183} INFO - Processing /home/airflow/.local/lib/python3.8/site-packages/airflow/example_dags/example_short_circuit_operator.py took 0.109 seconds
[2026-09-08T13:50:19.650+0000] {processor.py:161} INFO - Started process (PID=713) to work on /home/airflow/.local/lib/python3.8/site-packages/airflow/example_dags/example_short_circuit_operator.py
[2026-09-08T13:50:19.653+0000] {processor.py:830} INFO - Processing file /home/airflow/.local/lib/python3.8/site-packages/airflow/example_dags/example_short_circuit_operator.py for tasks to queue
[2026-09-08T13:50:19.658+0000] {logging_mixin.py:188} INFO - [2026-09-08T13:50:19.658+0000] {dagbag.py:540} INFO - Filling up the DagBag from /home/airflow/.local/lib/python3.8/site-packages/airflow/example_dags/example_short_circuit_operator.py
[2026-09-08T13:50:19.676+0000] {processor.py:840} INFO - DAG(s) 'example_short_circuit_operator' retrieved from /home/airflow/.local/lib/python3.8/site-packages/airflow/example_dags/example_short_circuit_operator.py
[2026-09-08T13:50:19.718+0000] {logging_mixin.py:188} INFO - [2026-09-08T13:50:19.718+0000] {dag.py:3047} INFO - Sync 1 DAGs
[2026-09-08T13:50:19.752+0000] {logging_mixin.py:188} INFO - [2026-09-08T13:50:19.752+0000] {dag.py:3834} INFO - Setting next_dagrun for example_short_circuit_operator to 2026-09-07 00:00:00+00:00, run_after=2026-09-08 00:00:00+00:00
[2026-09-08T13:50:19.779+0000] {processor.py:183} INFO - Processing /home/airflow/.local/lib/python3.8/site-packages/airflow/example_dags/example_short_circuit_operator.py took 0.137 seconds
[2026-09-08T13:50:49.880+0000] {processor.py:161} INFO - Started process (PID=770) to work on /home/airflow/.local/lib/python3.8/site-packages/airflow/example_dags/example_short_circuit_operator.py
[2026-09-08T13:50:49.882+0000] {processor.py:830} INFO - Processing file /home/airflow/.local/lib/python3.8/site-packages/airflow/example_dags/example_short_circuit_operator.py for tasks to queue
[2026-09-08T13:50:49.886+0000] {logging_mixin.py:188} INFO - [2026-09-08T13:50:49.885+0000] {dagbag.py:540} INFO - Filling up the DagBag from /home/airflow/.local/lib/python3.8/site-packages/airflow/example_dags/example_short_circuit_operator.py
[2026-09-08T13:50:49.896+0000] {processor.py:840} INFO - DAG(s) 'example_short_circuit_operator' retrieved from /home/airflow/.local/lib/python3.8/site-packages/airflow/example_dags/example_short_circuit_operator.py
[2026-09-08T13:50:49.932+0000] {logging_mixin.py:188} INFO - [2026-09-08T13:50:49.932+0000] {dag.py:3047} INFO - Sync 1 DAGs
[2026-09-08T13:50:49.964+0000] {logging_mixin.py:188} INFO - [2026-09-08T13:50:49.964+0000] {dag.py:3834} INFO - Setting next_dagrun for example_short_circuit_operator to 2026-09-07 00:00:00+00:00, run_after=2026-09-08 00:00:00+00:00
[2026-09-08T13:50:49.993+0000] {processor.py:183} INFO - Processing /home/airflow/.local/lib/python3.8/site-packages/airflow/example_dags/example_short_circuit_operator.py took 0.120 seconds
[2026-09-08T13:51:20.200+0000] {processor.py:161} INFO - Started process (PID=827) to work on /home/airflow/.local/lib/python3.8/site-packages/airflow/example_dags/example_short_circuit_operator.py
[2026-09-08T13:51:20.202+0000] {processor.py:830} INFO - Processing file /home/airflow/.local/lib/python3.8/site-packages/airflow/example_dags/example_short_circuit_operator.py for tasks to queue
[2026-09-08T13:51:20.205+0000] {logging_mixin.py:188} INFO - [2026-09-08T13:51:20.205+0000] {dagbag.py:540} INFO - Filling up the DagBag from /home/airflow/.local/lib/python3.8/site-packages/airflow/example_dags/example_short_circuit_operator.py
[2026-09-08T13:51:20.214+0000] {processor.py:840} INFO - DAG(s) 'example_short_circuit_operator' retrieved from /home/airflow/.local/lib/python3.8/site-packages/airflow/example_dags/example_short_circuit_operator.py
[2026-09-08T13:51:20.245+0000] {logging_mixin.py:188} INFO - [2026-09-08T13:51:20.244+0000] {dag.py:3047} INFO - Sync 1 DAGs
[2026-09-08T13:51:20.273+0000] {logging_mixin.py:188} INFO - [2026-09-08T13:51:20.272+0000] {dag.py:3834} INFO - Setting next_dagrun for example_short_circuit_operator to 2026-09-07 00:00:00+00:00, run_after=2026-09-08 00:00:00+00:00
[2026-09-08T13:51:20.297+0000] {processor.py:183} INFO - Processing /home/airflow/.local/lib/python3.8/site-packages/airflow/example_dags/example_short_circuit_operator.py took 0.103 seconds
[2026-09-08T13:51:50.434+0000] {processor.py:161} INFO - Started process (PID=884) to work on /home/airflow/.local/lib/python3.8/site-packages/airflow/example_dags/example_short_circuit_operator.py
[2026-09-08T13:51:50.436+0000] {processor.py:830} INFO - Processing file /home/airflow/.local/lib/python3.8/site-packages/airflow/example_dags/example_short_circuit_operator.py for tasks to queue
[2026-09-08T13:51:50.440+0000] {logging_mixin.py:188} INFO - [2026-09-08T13:51:50.439+0000] {dagbag.py:540} INFO - Filling up the DagBag from /home/airflow/.local/lib/python3.8/site-packages/airflow/example_dags/example_short_circuit_operator.py
[2026-09-08T13:51:50.452+0000] {processor.py:840} INFO - DAG(s) 'example_short_circuit_operator' retrieved from /home/airflow/.local/lib/python3.8/site-packages/airflow/example_dags/example_short_circuit_operator.py
[2026-09-08T13:51:50.481+0000] {logging_mixin.py:188} INFO - [2026-09-08T13:51:50.480+0000] {dag.py:3047} INFO - Sync 1 DAGs
[2026-09-08T13:51:50.505+0000] {logging_mixin.py:188} INFO - [2026-09-08T13:51:50.505+0000] {dag.py:3834} INFO - Setting next_dagrun for example_short_circuit_operator to 2026-09-07 00:00:00+00:00, run_after=2026-09-08 00:00:00+00:00
[2026-09-08T13:51:50.528+0000] {processor.py:183} INFO - Processing /home/airflow/.local/lib/python3.8/site-packages/airflow/example_dags/example_short_circuit_operator.py took 0.099 seconds
[2026-09-08T13:52:20.979+0000] {processor.py:161} INFO - Started process (PID=941) to work on /home/airflow/.local/lib/python3.8/site-packages/airflow/example_dags/example_short_circuit_operator.py
[2026-09-08T13:52:21.003+0000] {processor.py:830} INFO - Processing file /home/airflow/.local/lib/python3.8/site-packages/airflow/example_dags/example_short_circuit_operator.py for tasks to queue
[2026-09-08T13:52:21.009+0000] {logging_mixin.py:188} INFO - [2026-09-08T13:52:21.008+0000] {dagbag.py:540} INFO - Filling up the DagBag from /home/airflow/.local/lib/python3.8/site-packages/airflow/example_dags/example_short_circuit_operator.py
[2026-09-08T13:52:21.043+0000] {processor.py:840} INFO - DAG(s) 'example_short_circuit_operator' retrieved from /home/airflow/.local/lib/python3.8/site-packages/airflow/example_dags/example_short_circuit_operator.py
[2026-09-08T13:52:21.148+0000] {logging_mixin.py:188} INFO - [2026-09-08T13:52:21.147+0000] {dag.py:3047} INFO - Sync 1 DAGs
[2026-09-08T13:52:21.276+0000] {logging_mixin.py:188} INFO - [2026-09-08T13:52:21.275+0000] {dag.py:3834} INFO - Setting next_dagrun for example_short_circuit_operator to 2026-09-07 00:00:00+00:00, run_after=2026-09-08 00:00:00+00:00
[2026-09-08T13:52:21.336+0000] {processor.py:183} INFO - Processing /home/airflow/.local/lib/python3.8/site-packages/airflow/example_dags/example_short_circuit_operator.py took 0.365 seconds
[2026-09-10T13:33:27.582+0000] {processor.py:161} INFO - Started process (PID=2729) to work on /home/airflow/.local/lib/python3.8/site-packages/airflow/example_dags/example_short_circuit_operator.py
[2026-09-10T13:33:27.583+0000] {processor.py:830} INFO - Processing file /home/airflow/.local/lib/python3.8/site-packages/airflow/example_dags/example_short_circuit_operator.py for tasks to queue
[2026-09-10T13:33:27.586+0000] {logging_mixin.py:188} INFO - [2026-09-10T13:33:27.586+0000] {dagbag.py:540} INFO - Filling up the DagBag from /home/airflow/.local/lib/python3.8/site-packages/airflow/example_dags/example_short_circuit_operator.py
[2026-09-10T13:33:27.595+0000] {processor.py:840} INFO - DAG(s) 'example_short_circuit_operator' retrieved from /home/airflow/.local/lib/python3.8/site-packages/airflow/example_dags/example_short_circuit_operator.py
[2026-09-10T13:33:27.622+0000] {logging_mixin.py:188} INFO - [2026-09-10T13:33:27.622+0000] {dag.py:3047} INFO - Sync 1 DAGs
[2026-09-10T13:33:27.649+0000] {logging_mixin.py:188} INFO - [2026-09-10T13:33:27.649+0000] {dag.py:3834} INFO - Setting next_dagrun for example_short_circuit_operator to 2026-09-09 00:00:00+00:00, run_after=2026-09-10 00:00:00+00:00
[2026-09-10T13:33:27.669+0000] {processor.py:183} INFO - Processing /home/airflow/.local/lib/python3.8/site-packages/airflow/example_dags/example_short_circuit_operator.py took 0.091 seconds
[2026-09-10T13:33:58.008+0000] {processor.py:161} INFO - Started process (PID=2790) to work on /home/airflow/.local/lib/python3.8/site-packages/airflow/example_dags/example_short_circuit_operator.py
[2026-09-10T13:33:58.010+0000] {processor.py:830} INFO - Processing file /home/airflow/.local/lib/python3.8/site-packages/airflow/example_dags/example_short_circuit_operator.py for tasks to queue
[2026-09-10T13:33:58.013+0000] {logging_mixin.py:188} INFO - [2026-09-10T13:33:58.012+0000] {dagbag.py:540} INFO - Filling up the DagBag from /home/airflow/.local/lib/python3.8/site-packages/airflow/example_dags/example_short_circuit_operator.py
[2026-09-10T13:33:58.021+0000] {processor.py:840} INFO - DAG(s) 'example_short_circuit_operator' retrieved from /home/airflow/.local/lib/python3.8/site-packages/airflow/example_dags/example_short_circuit_operator.py
[2026-09-10T13:33:58.049+0000] {logging_mixin.py:188} INFO - [2026-09-10T13:33:58.048+0000] {dag.py:3047} INFO - Sync 1 DAGs
[2026-09-10T13:33:58.075+0000] {logging_mixin.py:188} INFO - [2026-09-10T13:33:58.075+0000] {dag.py:3834} INFO - Setting next_dagrun for example_short_circuit_operator to 2026-09-09 00:00:00+00:00, run_after=2026-09-10 00:00:00+00:00
[2026-09-10T13:33:58.098+0000] {processor.py:183} INFO - Processing /home/airflow/.local/lib/python3.8/site-packages/airflow/example_dags/example_short_circuit_operator.py took 0.094 seconds
[2026-09-10T13:34:28.686+0000] {processor.py:161} INFO - Started process (PID=2851) to work on /home/airflow/.local/lib/python3.8/site-packages/airflow/example_dags/example_short_circuit_operator.py
[2026-09-10T13:34:28.688+0000] {processor.py:830} INFO - Processing file /home/airflow/.local/lib/python3.8/site-packages/airflow/example_dags/example_short_circuit_operator.py for tasks to queue
[2026-09-10T13:34:28.691+0000] {logging_mixin.py:188} INFO - [2026-09-10T13:34:28.691+0000] {dagbag.py:540} INFO - Filling up the DagBag from /home/airflow/.local/lib/python3.8/site-packages/airflow/example_dags/example_short_circuit_operator.py
[2026-09-10T13:34:28.704+0000] {processor.py:840} INFO - DAG(s) 'example_short_circuit_operator' retrieved from /home/airflow/.local/lib/python3.8/site-packages/airflow/example_dags/example_short_circuit_operator.py
[2026-09-10T13:34:28.740+0000] {logging_mixin.py:188} INFO - [2026-09-10T13:34:28.739+0000] {dag.py:3047} INFO - Sync 1 DAGs
[2026-09-10T13:34:28.775+0000] {logging_mixin.py:188} INFO - [2026-09-10T13:34:28.775+0000] {dag.py:3834} INFO - Setting next_dagrun for example_short_circuit_operator to 2026-09-09 00:00:00+00:00, run_after=2026-09-10 00:00:00+00:00
[2026-09-10T13:34:28.800+0000] {processor.py:183} INFO - Processing /home/airflow/.local/lib/python3.8/site-packages/airflow/example_dags/example_short_circuit_operator.py took 0.121 seconds
[2026-09-10T13:35:46.300+0000] {processor.py:161} INFO - Started process (PID=102) to work on /home/airflow/.local/lib/python3.8/site-packages/airflow/example_dags/example_short_circuit_operator.py
[2026-09-10T13:35:46.303+0000] {processor.py:830} INFO - Processing file /home/airflow/.local/lib/python3.8/site-packages/airflow/example_dags/example_short_circuit_operator.py for tasks to queue
[2026-09-10T13:35:46.306+0000] {logging_mixin.py:188} INFO - [2026-09-10T13:35:46.306+0000] {dagbag.py:540} INFO - Filling up the DagBag from /home/airflow/.local/lib/python3.8/site-packages/airflow/example_dags/example_short_circuit_operator.py
[2026-09-10T13:35:46.321+0000] {processor.py:840} INFO - DAG(s) 'example_short_circuit_operator' retrieved from /home/airflow/.local/lib/python3.8/site-packages/airflow/example_dags/example_short_circuit_operator.py
[2026-09-10T13:35:46.519+0000] {logging_mixin.py:188} INFO - [2026-09-10T13:35:46.519+0000] {dag.py:3047} INFO - Sync 1 DAGs
[2026-09-10T13:35:46.546+0000] {logging_mixin.py:188} INFO - [2026-09-10T13:35:46.545+0000] {dag.py:3834} INFO - Setting next_dagrun for example_short_circuit_operator to 2026-09-09 00:00:00+00:00, run_after=2026-09-10 00:00:00+00:00
[2026-09-10T13:35:46.573+0000] {processor.py:183} INFO - Processing /home/airflow/.local/lib/python3.8/site-packages/airflow/example_dags/example_short_circuit_operator.py took 0.278 seconds
[2026-09-10T13:36:17.284+0000] {processor.py:161} INFO - Started process (PID=163) to work on /home/airflow/.local/lib/python3.8/site-packages/airflow/example_dags/example_short_circuit_operator.py
[2026-09-10T13:36:17.286+0000] {processor.py:830} INFO - Processing file /home/airflow/.local/lib/python3.8/site-packages/airflow/example_dags/example_short_circuit_operator.py for tasks to queue
[2026-09-10T13:36:17.289+0000] {logging_mixin.py:188} INFO - [2026-09-10T13:36:17.288+0000] {dagbag.py:540} INFO - Filling up the DagBag from /home/airflow/.local/lib/python3.8/site-packages/airflow/example_dags/example_short_circuit_operator.py
[2026-09-10T13:36:17.298+0000] {processor.py:840} INFO - DAG(s) 'example_short_circuit_operator' retrieved from /home/airflow/.local/lib/python3.8/site-packages/airflow/example_dags/example_short_circuit_operator.py
[2026-09-10T13:36:17.326+0000] {logging_mixin.py:188} INFO - [2026-09-10T13:36:17.326+0000] {dag.py:3047} INFO - Sync 1 DAGs
[2026-09-10T13:36:17.352+0000] {logging_mixin.py:188} INFO - [2026-09-10T13:36:17.352+0000] {dag.py:3834} INFO - Setting next_dagrun for example_short_circuit_operator to 2026-09-09 00:00:00+00:00, run_after=2026-09-10 00:00:00+00:00
[2026-09-10T13:36:17.381+0000] {processor.py:183} INFO - Processing /home/airflow/.local/lib/python3.8/site-packages/airflow/example_dags/example_short_circuit_operator.py took 0.101 seconds
[2026-09-10T13:36:47.901+0000] {processor.py:161} INFO - Started process (PID=224) to work on /home/airflow/.local/lib/python3.8/site-packages/airflow/example_dags/example_short_circuit_operator.py
[2026-09-10T13:36:47.903+0000] {processor.py:830} INFO - Processing file /home/airflow/.local/lib/python3.8/site-packages/airflow/example_dags/example_short_circuit_operator.py for tasks to queue
[2026-09-10T13:36:47.906+0000] {logging_mixin.py:188} INFO - [2026-09-10T13:36:47.906+0000] {dagbag.py:540} INFO - Filling up the DagBag from /home/airflow/.local/lib/python3.8/site-packages/airflow/example_dags/example_short_circuit_operator.py
[2026-09-10T13:36:47.915+0000] {processor.py:840} INFO - DAG(s) 'example_short_circuit_operator' retrieved from /home/airflow/.local/lib/python3.8/site-packages/airflow/example_dags/example_short_circuit_operator.py
[2026-09-10T13:36:47.943+0000] {logging_mixin.py:188} INFO - [2026-09-10T13:36:47.943+0000] {dag.py:3047} INFO - Sync 1 DAGs
[2026-09-10T13:36:47.968+0000] {logging_mixin.py:188} INFO - [2026-09-10T13:36:47.967+0000] {dag.py:3834} INFO - Setting next_dagrun for example_short_circuit_operator to 2026-09-09 00:00:00+00:00, run_after=2026-09-10 00:00:00+00:00
[2026-09-10T13:36:47.994+0000] {processor.py:183} INFO - Processing /home/airflow/.local/lib/python3.8/site-packages/airflow/example_dags/example_short_circuit_operator.py took 0.096 seconds
[2026-09-10T13:37:18.309+0000] {processor.py:161} INFO - Started process (PID=285) to work on /home/airflow/.local/lib/python3.8/site-packages/airflow/example_dags/example_short_circuit_operator.py
[2026-09-10T13:37:18.311+0000] {processor.py:830} INFO - Processing file /home/airflow/.local/lib/python3.8/site-packages/airflow/example_dags/example_short_circuit_operator.py for tasks to queue
[2026-09-10T13:37:18.314+0000] {logging_mixin.py:188} INFO - [2026-09-10T13:37:18.314+0000] {dagbag.py:540} INFO - Filling up the DagBag from /home/airflow/.local/lib/python3.8/site-packages/airflow/example_dags/example_short_circuit_operator.py
[2026-09-10T13:37:18.325+0000] {processor.py:840} INFO - DAG(s) 'example_short_circuit_operator' retrieved from /home/airflow/.local/lib/python3.8/site-packages/airflow/example_dags/example_short_circuit_operator.py
[2026-09-10T13:37:18.352+0000] {logging_mixin.py:188} INFO - [2026-09-10T13:37:18.352+0000] {dag.py:3047} INFO - Sync 1 DAGs
[2026-09-10T13:37:18.375+0000] {logging_mixin.py:188} INFO - [2026-09-10T13:37:18.375+0000] {dag.py:3834} INFO - Setting next_dagrun for example_short_circuit_operator to 2026-09-09 00:00:00+00:00, run_after=2026-09-10 00:00:00+00:00
[2026-09-10T13:37:18.400+0000] {processor.py:183} INFO - Processing /home/airflow/.local/lib/python3.8/site-packages/airflow/example_dags/example_short_circuit_operator.py took 0.094 seconds
[2026-09-10T13:37:48.786+0000] {processor.py:161} INFO - Started process (PID=346) to work on /home/airflow/.local/lib/python3.8/site-packages/airflow/example_dags/example_short_circuit_operator.py
[2026-09-10T13:37:48.788+0000] {processor.py:830} INFO - Processing file /home/airflow/.local/lib/python3.8/site-packages/airflow/example_dags/example_short_circuit_operator.py for tasks to queue
[2026-09-10T13:37:48.790+0000] {logging_mixin.py:188} INFO - [2026-09-10T13:37:48.790+0000] {dagbag.py:540} INFO - Filling up the DagBag from /home/airflow/.local/lib/python3.8/site-packages/airflow/example_dags/example_short_circuit_operator.py
[2026-09-10T13:37:48.799+0000] {processor.py:840} INFO - DAG(s) 'example_short_circuit_operator' retrieved from /home/airflow/.local/lib/python3.8/site-packages/airflow/example_dags/example_short_circuit_operator.py
[2026-09-10T13:37:48.826+0000] {logging_mixin.py:188} INFO - [2026-09-10T13:37:48.825+0000] {dag.py:3047} INFO - Sync 1 DAGs
[2026-09-10T13:37:48.850+0000] {logging_mixin.py:188} INFO - [2026-09-10T13:37:48.850+0000] {dag.py:3834} INFO - Setting next_dagrun for example_short_circuit_operator to 2026-09-09 00:00:00+00:00, run_after=2026-09-10 00:00:00+00:00
[2026-09-10T13:37:48.874+0000] {processor.py:183} INFO - Processing /home/airflow/.local/lib/python3.8/site-packages/airflow/example_dags/example_short_circuit_operator.py took 0.092 seconds
[2026-09-10T13:38:19.259+0000] {processor.py:161} INFO - Started process (PID=407) to work on /home/airflow/.local/lib/python3.8/site-packages/airflow/example_dags/example_short_circuit_operator.py
[2026-09-10T13:38:19.261+0000] {processor.py:830} INFO - Processing file /home/airflow/.local/lib/python3.8/site-packages/airflow/example_dags/example_short_circuit_operator.py for tasks to queue
[2026-09-10T13:38:19.264+0000] {logging_mixin.py:188} INFO - [2026-09-10T13:38:19.264+0000] {dagbag.py:540} INFO - Filling up the DagBag from /home/airflow/.local/lib/python3.8/site-packages/airflow/example_dags/example_short_circuit_operator.py
[2026-09-10T13:38:19.274+0000] {processor.py:840} INFO - DAG(s) 'example_short_circuit_operator' retrieved from /home/airflow/.local/lib/python3.8/site-packages/airflow/example_dags/example_short_circuit_operator.py
[2026-09-10T13:38:19.307+0000] {logging_mixin.py:188} INFO - [2026-09-10T13:38:19.307+0000] {dag.py:3047} INFO - Sync 1 DAGs
[2026-09-10T13:38:19.336+0000] {logging_mixin.py:188} INFO - [2026-09-10T13:38:19.336+0000] {dag.py:3834} INFO - Setting next_dagrun for example_short_circuit_operator to 2026-09-09 00:00:00+00:00, run_after=2026-09-10 00:00:00+00:00
[2026-09-10T13:38:19.364+0000] {processor.py:183} INFO - Processing /home/airflow/.local/lib/python3.8/site-packages/airflow/example_dags/example_short_circuit_operator.py took 0.109 seconds
[2026-09-10T13:39:57.410+0000] {processor.py:161} INFO - Started process (PID=103) to work on /home/airflow/.local/lib/python3.8/site-packages/airflow/example_dags/example_short_circuit_operator.py
[2026-09-10T13:39:57.411+0000] {processor.py:830} INFO - Processing file /home/airflow/.local/lib/python3.8/site-packages/airflow/example_dags/example_short_circuit_operator.py for tasks to queue
[2026-09-10T13:39:57.414+0000] {logging_mixin.py:188} INFO - [2026-09-10T13:39:57.414+0000] {dagbag.py:540} INFO - Filling up the DagBag from /home/airflow/.local/lib/python3.8/site-packages/airflow/example_dags/example_short_circuit_operator.py
[2026-09-10T13:39:57.426+0000] {processor.py:840} INFO - DAG(s) 'example_short_circuit_operator' retrieved from /home/airflow/.local/lib/python3.8/site-packages/airflow/example_dags/example_short_circuit_operator.py
[2026-09-10T13:39:57.580+0000] {logging_mixin.py:188} INFO - [2026-09-10T13:39:57.580+0000] {dag.py:3047} INFO - Sync 1 DAGs
[2026-09-10T13:39:57.605+0000] {logging_mixin.py:188} INFO - [2026-09-10T13:39:57.605+0000] {dag.py:3834} INFO - Setting next_dagrun for example_short_circuit_operator to 2026-09-09 00:00:00+00:00, run_after=2026-09-10 00:00:00+00:00
[2026-09-10T13:39:57.631+0000] {processor.py:183} INFO - Processing /home/airflow/.local/lib/python3.8/site-packages/airflow/example_dags/example_short_circuit_operator.py took 0.225 seconds
[2026-09-10T13:40:39.228+0000] {processor.py:161} INFO - Started process (PID=84) to work on /home/airflow/.local/lib/python3.8/site-packages/airflow/example_dags/example_short_circuit_operator.py
[2026-09-10T13:40:39.230+0000] {processor.py:830} INFO - Processing file /home/airflow/.local/lib/python3.8/site-packages/airflow/example_dags/example_short_circuit_operator.py for tasks to queue
[2026-09-10T13:40:39.235+0000] {logging_mixin.py:188} INFO - [2026-09-10T13:40:39.235+0000] {dagbag.py:540} INFO - Filling up the DagBag from /home/airflow/.local/lib/python3.8/site-packages/airflow/example_dags/example_short_circuit_operator.py
[2026-09-10T13:40:39.257+0000] {processor.py:840} INFO - DAG(s) 'example_short_circuit_operator' retrieved from /home/airflow/.local/lib/python3.8/site-packages/airflow/example_dags/example_short_circuit_operator.py
[2026-09-10T13:40:39.337+0000] {logging_mixin.py:188} INFO - [2026-09-10T13:40:39.336+0000] {dag.py:3047} INFO - Sync 1 DAGs
[2026-09-10T13:40:39.392+0000] {logging_mixin.py:188} INFO - [2026-09-10T13:40:39.392+0000] {dag.py:3834} INFO - Setting next_dagrun for example_short_circuit_operator to 2026-09-09 00:00:00+00:00, run_after=2026-09-10 00:00:00+00:00
[2026-09-10T13:40:39.468+0000] {processor.py:183} INFO - Processing /home/airflow/.local/lib/python3.8/site-packages/airflow/example_dags/example_short_circuit_operator.py took 0.246 seconds
[2026-09-10T13:41:09.814+0000] {processor.py:161} INFO - Started process (PID=145) to work on /home/airflow/.local/lib/python3.8/site-packages/airflow/example_dags/example_short_circuit_operator.py
[2026-09-10T13:41:09.818+0000] {processor.py:830} INFO - Processing file /home/airflow/.local/lib/python3.8/site-packages/airflow/example_dags/example_short_circuit_operator.py for tasks to queue
[2026-09-10T13:41:09.822+0000] {logging_mixin.py:188} INFO - [2026-09-10T13:41:09.822+0000] {dagbag.py:540} INFO - Filling up the DagBag from /home/airflow/.local/lib/python3.8/site-packages/airflow/example_dags/example_short_circuit_operator.py
[2026-09-10T13:41:09.842+0000] {processor.py:840} INFO - DAG(s) 'example_short_circuit_operator' retrieved from /home/airflow/.local/lib/python3.8/site-packages/airflow/example_dags/example_short_circuit_operator.py
[2026-09-10T13:41:09.882+0000] {logging_mixin.py:188} INFO - [2026-09-10T13:41:09.882+0000] {dag.py:3047} INFO - Sync 1 DAGs
[2026-09-10T13:41:09.910+0000] {logging_mixin.py:188} INFO - [2026-09-10T13:41:09.909+0000] {dag.py:3834} INFO - Setting next_dagrun for example_short_circuit_operator to 2026-09-09 00:00:00+00:00, run_after=2026-09-10 00:00:00+00:00
[2026-09-10T13:41:09.935+0000] {processor.py:183} INFO - Processing /home/airflow/.local/lib/python3.8/site-packages/airflow/example_dags/example_short_circuit_operator.py took 0.128 seconds
[2026-09-10T13:41:40.722+0000] {processor.py:161} INFO - Started process (PID=212) to work on /home/airflow/.local/lib/python3.8/site-packages/airflow/example_dags/example_short_circuit_operator.py
[2026-09-10T13:41:40.724+0000] {processor.py:830} INFO - Processing file /home/airflow/.local/lib/python3.8/site-packages/airflow/example_dags/example_short_circuit_operator.py for tasks to queue
[2026-09-10T13:41:40.727+0000] {logging_mixin.py:188} INFO - [2026-09-10T13:41:40.727+0000] {dagbag.py:540} INFO - Filling up the DagBag from /home/airflow/.local/lib/python3.8/site-packages/airflow/example_dags/example_short_circuit_operator.py
[2026-09-10T13:41:40.740+0000] {processor.py:840} INFO - DAG(s) 'example_short_circuit_operator' retrieved from /home/airflow/.local/lib/python3.8/site-packages/airflow/example_dags/example_short_circuit_operator.py
[2026-09-10T13:41:40.779+0000] {logging_mixin.py:188} INFO - [2026-09-10T13:41:40.779+0000] {dag.py:3047} INFO - Sync 1 DAGs
[2026-09-10T13:41:40.815+0000] {logging_mixin.py:188} INFO - [2026-09-10T13:41:40.815+0000] {dag.py:3834} INFO - Setting next_dagrun for example_short_circuit_operator to 2026-09-09 00:00:00+00:00, run_after=2026-09-10 00:00:00+00:00
[2026-09-10T13:41:40.840+0000] {processor.py:183} INFO - Processing /home/airflow/.local/lib/python3.8/site-packages/airflow/example_dags/example_short_circuit_operator.py took 0.123 seconds
[2026-09-10T13:42:12.327+0000] {processor.py:161} INFO - Started process (PID=273) to work on /home/airflow/.local/lib/python3.8/site-packages/airflow/example_dags/example_short_circuit_operator.py
[2026-09-10T13:42:12.330+0000] {processor.py:830} INFO - Processing file /home/airflow/.local/lib/python3.8/site-packages/airflow/example_dags/example_short_circuit_operator.py for tasks to queue
[2026-09-10T13:42:12.336+0000] {logging_mixin.py:188} INFO - [2026-09-10T13:42:12.335+0000] {dagbag.py:540} INFO - Filling up the DagBag from /home/airflow/.local/lib/python3.8/site-packages/airflow/example_dags/example_short_circuit_operator.py
[2026-09-10T13:42:12.352+0000] {processor.py:840} INFO - DAG(s) 'example_short_circuit_operator' retrieved from /home/airflow/.local/lib/python3.8/site-packages/airflow/example_dags/example_short_circuit_operator.py
[2026-09-10T13:42:12.425+0000] {logging_mixin.py:188} INFO - [2026-09-10T13:42:12.424+0000] {dag.py:3047} INFO - Sync 1 DAGs
[2026-09-10T13:42:12.472+0000] {logging_mixin.py:188} INFO - [2026-09-10T13:42:12.471+0000] {dag.py:3834} INFO - Setting next_dagrun for example_short_circuit_operator to 2026-09-09 00:00:00+00:00, run_after=2026-09-10 00:00:00+00:00
[2026-09-10T13:42:12.506+0000] {processor.py:183} INFO - Processing /home/airflow/.local/lib/python3.8/site-packages/airflow/example_dags/example_short_circuit_operator.py took 0.184 seconds
[2026-09-10T13:42:42.619+0000] {processor.py:161} INFO - Started process (PID=334) to work on /home/airflow/.local/lib/python3.8/site-packages/airflow/example_dags/example_short_circuit_operator.py
[2026-09-10T13:42:42.620+0000] {processor.py:830} INFO - Processing file /home/airflow/.local/lib/python3.8/site-packages/airflow/example_dags/example_short_circuit_operator.py for tasks to queue
[2026-09-10T13:42:42.623+0000] {logging_mixin.py:188} INFO - [2026-09-10T13:42:42.622+0000] {dagbag.py:540} INFO - Filling up the DagBag from /home/airflow/.local/lib/python3.8/site-packages/airflow/example_dags/example_short_circuit_operator.py
[2026-09-10T13:42:42.634+0000] {processor.py:840} INFO - DAG(s) 'example_short_circuit_operator' retrieved from /home/airflow/.local/lib/python3.8/site-packages/airflow/example_dags/example_short_circuit_operator.py
[2026-09-10T13:42:42.662+0000] {logging_mixin.py:188} INFO - [2026-09-10T13:42:42.662+0000] {dag.py:3047} INFO - Sync 1 DAGs
[2026-09-10T13:42:42.687+0000] {logging_mixin.py:188} INFO - [2026-09-10T13:42:42.687+0000] {dag.py:3834} INFO - Setting next_dagrun for example_short_circuit_operator to 2026-09-09 00:00:00+00:00, run_after=2026-09-10 00:00:00+00:00
[2026-09-10T13:42:42.708+0000] {processor.py:183} INFO - Processing /home/airflow/.local/lib/python3.8/site-packages/airflow/example_dags/example_short_circuit_operator.py took 0.094 seconds
[2026-09-10T13:44:15.412+0000] {processor.py:161} INFO - Started process (PID=101) to work on /home/airflow/.local/lib/python3.8/site-packages/airflow/example_dags/example_short_circuit_operator.py
[2026-09-10T13:44:15.414+0000] {processor.py:830} INFO - Processing file /home/airflow/.local/lib/python3.8/site-packages/airflow/example_dags/example_short_circuit_operator.py for tasks to queue
[2026-09-10T13:44:15.416+0000] {logging_mixin.py:188} INFO - [2026-09-10T13:44:15.416+0000] {dagbag.py:540} INFO - Filling up the DagBag from /home/airflow/.local/lib/python3.8/site-packages/airflow/example_dags/example_short_circuit_operator.py
[2026-09-10T13:44:15.428+0000] {processor.py:840} INFO - DAG(s) 'example_short_circuit_operator' retrieved from /home/airflow/.local/lib/python3.8/site-packages/airflow/example_dags/example_short_circuit_operator.py
[2026-09-10T13:44:15.576+0000] {logging_mixin.py:188} INFO - [2026-09-10T13:44:15.576+0000] {dag.py:3047} INFO - Sync 1 DAGs
[2026-09-10T13:44:15.602+0000] {logging_mixin.py:188} INFO - [2026-09-10T13:44:15.602+0000] {dag.py:3834} INFO - Setting next_dagrun for example_short_circuit_operator to 2026-09-09 00:00:00+00:00, run_after=2026-09-10 00:00:00+00:00
[2026-09-10T13:44:15.626+0000] {processor.py:183} INFO - Processing /home/airflow/.local/lib/python3.8/site-packages/airflow/example_dags/example_short_circuit_operator.py took 0.219 seconds
[2026-09-10T13:44:45.714+0000] {processor.py:161} INFO - Started process (PID=162) to work on /home/airflow/.local/lib/python3.8/site-packages/airflow/example_dags/example_short_circuit_operator.py
[2026-09-10T13:44:45.717+0000] {processor.py:830} INFO - Processing file /home/airflow/.local/lib/python3.8/site-packages/airflow/example_dags/example_short_circuit_operator.py for tasks to queue
[2026-09-10T13:44:45.720+0000] {logging_mixin.py:188} INFO - [2026-09-10T13:44:45.720+0000] {dagbag.py:540} INFO - Filling up the DagBag from /home/airflow/.local/lib/python3.8/site-packages/airflow/example_dags/example_short_circuit_operator.py
[2026-09-10T13:44:45.730+0000] {processor.py:840} INFO - DAG(s) 'example_short_circuit_operator' retrieved from /home/airflow/.local/lib/python3.8/site-packages/airflow/example_dags/example_short_circuit_operator.py
[2026-09-10T13:44:45.760+0000] {logging_mixin.py:188} INFO - [2026-09-10T13:44:45.760+0000] {dag.py:3047} INFO - Sync 1 DAGs
[2026-09-10T13:44:45.787+0000] {logging_mixin.py:188} INFO - [2026-09-10T13:44:45.786+0000] {dag.py:3834} INFO - Setting next_dagrun for example_short_circuit_operator to 2026-09-09 00:00:00+00:00, run_after=2026-09-10 00:00:00+00:00
[2026-09-10T13:44:45.902+0000] {processor.py:183} INFO - Processing /home/airflow/.local/lib/python3.8/site-packages/airflow/example_dags/example_short_circuit_operator.py took 0.192 seconds
[2026-09-10T13:45:16.122+0000] {processor.py:161} INFO - Started process (PID=223) to work on /home/airflow/.local/lib/python3.8/site-packages/airflow/example_dags/example_short_circuit_operator.py
[2026-09-10T13:45:16.124+0000] {processor.py:830} INFO - Processing file /home/airflow/.local/lib/python3.8/site-packages/airflow/example_dags/example_short_circuit_operator.py for tasks to queue
[2026-09-10T13:45:16.127+0000] {logging_mixin.py:188} INFO - [2026-09-10T13:45:16.127+0000] {dagbag.py:540} INFO - Filling up the DagBag from /home/airflow/.local/lib/python3.8/site-packages/airflow/example_dags/example_short_circuit_operator.py
[2026-09-10T13:45:16.138+0000] {processor.py:840} INFO - DAG(s) 'example_short_circuit_operator' retrieved from /home/airflow/.local/lib/python3.8/site-packages/airflow/example_dags/example_short_circuit_operator.py
[2026-09-10T13:45:16.173+0000] {logging_mixin.py:188} INFO - [2026-09-10T13:45:16.173+0000] {dag.py:3047} INFO - Sync 1 DAGs
[2026-09-10T13:45:16.203+0000] {logging_mixin.py:188} INFO - [2026-09-10T13:45:16.203+0000] {dag.py:3834} INFO - Setting next_dagrun for example_short_circuit_operator to 2026-09-09 00:00:00+00:00, run_after=2026-09-10 00:00:00+00:00
[2026-09-10T13:45:16.266+0000] {processor.py:183} INFO - Processing /home/airflow/.local/lib/python3.8/site-packages/airflow/example_dags/example_short_circuit_operator.py took 0.150 seconds
[2026-09-10T13:45:46.879+0000] {processor.py:161} INFO - Started process (PID=284) to work on /home/airflow/.local/lib/python3.8/site-packages/airflow/example_dags/example_short_circuit_operator.py
[2026-09-10T13:45:46.881+0000] {processor.py:830} INFO - Processing file /home/airflow/.local/lib/python3.8/site-packages/airflow/example_dags/example_short_circuit_operator.py for tasks to queue
[2026-09-10T13:45:46.884+0000] {logging_mixin.py:188} INFO - [2026-09-10T13:45:46.884+0000] {dagbag.py:540} INFO - Filling up the DagBag from /home/airflow/.local/lib/python3.8/site-packages/airflow/example_dags/example_short_circuit_operator.py
[2026-09-10T13:45:46.893+0000] {processor.py:840} INFO - DAG(s) 'example_short_circuit_operator' retrieved from /home/airflow/.local/lib/python3.8/site-packages/airflow/example_dags/example_short_circuit_operator.py
[2026-09-10T13:45:46.924+0000] {logging_mixin.py:188} INFO - [2026-09-10T13:45:46.923+0000] {dag.py:3047} INFO - Sync 1 DAGs
[2026-09-10T13:45:46.958+0000] {logging_mixin.py:188} INFO - [2026-09-10T13:45:46.958+0000] {dag.py:3834} INFO - Setting next_dagrun for example_short_circuit_operator to 2026-09-09 00:00:00+00:00, run_after=2026-09-10 00:00:00+00:00
[2026-09-10T13:45:47.058+0000] {processor.py:183} INFO - Processing /home/airflow/.local/lib/python3.8/site-packages/airflow/example_dags/example_short_circuit_operator.py took 0.183 seconds
[2026-09-10T13:46:17.997+0000] {processor.py:161} INFO - Started process (PID=345) to work on /home/airflow/.local/lib/python3.8/site-packages/airflow/example_dags/example_short_circuit_operator.py
[2026-09-10T13:46:17.999+0000] {processor.py:830} INFO - Processing file /home/airflow/.local/lib/python3.8/site-packages/airflow/example_dags/example_short_circuit_operator.py for tasks to queue
[2026-09-10T13:46:18.001+0000] {logging_mixin.py:188} INFO - [2026-09-10T13:46:18.001+0000] {dagbag.py:540} INFO - Filling up the DagBag from /home/airflow/.local/lib/python3.8/site-packages/airflow/example_dags/example_short_circuit_operator.py
[2026-09-10T13:46:18.011+0000] {processor.py:840} INFO - DAG(s) 'example_short_circuit_operator' retrieved from /home/airflow/.local/lib/python3.8/site-packages/airflow/example_dags/example_short_circuit_operator.py
[2026-09-10T13:46:18.044+0000] {logging_mixin.py:188} INFO - [2026-09-10T13:46:18.043+0000] {dag.py:3047} INFO - Sync 1 DAGs
[2026-09-10T13:46:18.071+0000] {logging_mixin.py:188} INFO - [2026-09-10T13:46:18.071+0000] {dag.py:3834} INFO - Setting next_dagrun for example_short_circuit_operator to 2026-09-09 00:00:00+00:00, run_after=2026-09-10 00:00:00+00:00
[2026-09-10T13:46:18.117+0000] {processor.py:183} INFO - Processing /home/airflow/.local/lib/python3.8/site-packages/airflow/example_dags/example_short_circuit_operator.py took 0.126 seconds
[2026-09-10T13:46:49.720+0000] {processor.py:161} INFO - Started process (PID=406) to work on /home/airflow/.local/lib/python3.8/site-packages/airflow/example_dags/example_short_circuit_operator.py
[2026-09-10T13:46:49.722+0000] {processor.py:830} INFO - Processing file /home/airflow/.local/lib/python3.8/site-packages/airflow/example_dags/example_short_circuit_operator.py for tasks to queue
[2026-09-10T13:46:49.726+0000] {logging_mixin.py:188} INFO - [2026-09-10T13:46:49.725+0000] {dagbag.py:540} INFO - Filling up the DagBag from /home/airflow/.local/lib/python3.8/site-packages/airflow/example_dags/example_short_circuit_operator.py
[2026-09-10T13:46:49.741+0000] {processor.py:840} INFO - DAG(s) 'example_short_circuit_operator' retrieved from /home/airflow/.local/lib/python3.8/site-packages/airflow/example_dags/example_short_circuit_operator.py
[2026-09-10T13:46:49.770+0000] {logging_mixin.py:188} INFO - [2026-09-10T13:46:49.769+0000] {dag.py:3047} INFO - Sync 1 DAGs
[2026-09-10T13:46:49.795+0000] {logging_mixin.py:188} INFO - [2026-09-10T13:46:49.795+0000] {dag.py:3834} INFO - Setting next_dagrun for example_short_circuit_operator to 2026-09-09 00:00:00+00:00, run_after=2026-09-10 00:00:00+00:00
[2026-09-10T13:46:49.988+0000] {processor.py:183} INFO - Processing /home/airflow/.local/lib/python3.8/site-packages/airflow/example_dags/example_short_circuit_operator.py took 0.271 seconds
[2026-09-10T13:47:20.595+0000] {processor.py:161} INFO - Started process (PID=467) to work on /home/airflow/.local/lib/python3.8/site-packages/airflow/example_dags/example_short_circuit_operator.py
[2026-09-10T13:47:20.596+0000] {processor.py:830} INFO - Processing file /home/airflow/.local/lib/python3.8/site-packages/airflow/example_dags/example_short_circuit_operator.py for tasks to queue
[2026-09-10T13:47:20.599+0000] {logging_mixin.py:188} INFO - [2026-09-10T13:47:20.599+0000] {dagbag.py:540} INFO - Filling up the DagBag from /home/airflow/.local/lib/python3.8/site-packages/airflow/example_dags/example_short_circuit_operator.py
[2026-09-10T13:47:20.608+0000] {processor.py:840} INFO - DAG(s) 'example_short_circuit_operator' retrieved from /home/airflow/.local/lib/python3.8/site-packages/airflow/example_dags/example_short_circuit_operator.py
[2026-09-10T13:47:20.638+0000] {logging_mixin.py:188} INFO - [2026-09-10T13:47:20.638+0000] {dag.py:3047} INFO - Sync 1 DAGs
[2026-09-10T13:47:20.668+0000] {logging_mixin.py:188} INFO - [2026-09-10T13:47:20.667+0000] {dag.py:3834} INFO - Setting next_dagrun for example_short_circuit_operator to 2026-09-09 00:00:00+00:00, run_after=2026-09-10 00:00:00+00:00
[2026-09-10T13:47:20.747+0000] {processor.py:183} INFO - Processing /home/airflow/.local/lib/python3.8/site-packages/airflow/example_dags/example_short_circuit_operator.py took 0.157 seconds
[2026-09-10T13:47:51.719+0000] {processor.py:161} INFO - Started process (PID=536) to work on /home/airflow/.local/lib/python3.8/site-packages/airflow/example_dags/example_short_circuit_operator.py
[2026-09-10T13:47:51.721+0000] {processor.py:830} INFO - Processing file /home/airflow/.local/lib/python3.8/site-packages/airflow/example_dags/example_short_circuit_operator.py for tasks to queue
[2026-09-10T13:47:51.724+0000] {logging_mixin.py:188} INFO - [2026-09-10T13:47:51.724+0000] {dagbag.py:540} INFO - Filling up the DagBag from /home/airflow/.local/lib/python3.8/site-packages/airflow/example_dags/example_short_circuit_operator.py
[2026-09-10T13:47:51.736+0000] {processor.py:840} INFO - DAG(s) 'example_short_circuit_operator' retrieved from /home/airflow/.local/lib/python3.8/site-packages/airflow/example_dags/example_short_circuit_operator.py
[2026-09-10T13:47:51.766+0000] {logging_mixin.py:188} INFO - [2026-09-10T13:47:51.766+0000] {dag.py:3047} INFO - Sync 1 DAGs
[2026-09-10T13:47:51.797+0000] {logging_mixin.py:188} INFO - [2026-09-10T13:47:51.797+0000] {dag.py:3834} INFO - Setting next_dagrun for example_short_circuit_operator to 2026-09-09 00:00:00+00:00, run_after=2026-09-10 00:00:00+00:00
[2026-09-10T13:47:51.830+0000] {processor.py:183} INFO - Processing /home/airflow/.local/lib/python3.8/site-packages/airflow/example_dags/example_short_circuit_operator.py took 0.117 seconds
[2026-09-10T13:48:22.169+0000] {processor.py:161} INFO - Started process (PID=595) to work on /home/airflow/.local/lib/python3.8/site-packages/airflow/example_dags/example_short_circuit_operator.py
[2026-09-10T13:48:22.172+0000] {processor.py:830} INFO - Processing file /home/airflow/.local/lib/python3.8/site-packages/airflow/example_dags/example_short_circuit_operator.py for tasks to queue
[2026-09-10T13:48:22.176+0000] {logging_mixin.py:188} INFO - [2026-09-10T13:48:22.175+0000] {dagbag.py:540} INFO - Filling up the DagBag from /home/airflow/.local/lib/python3.8/site-packages/airflow/example_dags/example_short_circuit_operator.py
[2026-09-10T13:48:22.188+0000] {processor.py:840} INFO - DAG(s) 'example_short_circuit_operator' retrieved from /home/airflow/.local/lib/python3.8/site-packages/airflow/example_dags/example_short_circuit_operator.py
[2026-09-10T13:48:22.220+0000] {logging_mixin.py:188} INFO - [2026-09-10T13:48:22.220+0000] {dag.py:3047} INFO - Sync 1 DAGs
[2026-09-10T13:48:22.245+0000] {logging_mixin.py:188} INFO - [2026-09-10T13:48:22.244+0000] {dag.py:3834} INFO - Setting next_dagrun for example_short_circuit_operator to 2026-09-09 00:00:00+00:00, run_after=2026-09-10 00:00:00+00:00
[2026-09-10T13:48:22.483+0000] {processor.py:183} INFO - Processing /home/airflow/.local/lib/python3.8/site-packages/airflow/example_dags/example_short_circuit_operator.py took 0.320 seconds
[2026-09-10T13:48:52.907+0000] {processor.py:161} INFO - Started process (PID=656) to work on /home/airflow/.local/lib/python3.8/site-packages/airflow/example_dags/example_short_circuit_operator.py
[2026-09-10T13:48:52.909+0000] {processor.py:830} INFO - Processing file /home/airflow/.local/lib/python3.8/site-packages/airflow/example_dags/example_short_circuit_operator.py for tasks to queue
[2026-09-10T13:48:52.911+0000] {logging_mixin.py:188} INFO - [2026-09-10T13:48:52.911+0000] {dagbag.py:540} INFO - Filling up the DagBag from /home/airflow/.local/lib/python3.8/site-packages/airflow/example_dags/example_short_circuit_operator.py
[2026-09-10T13:48:52.920+0000] {processor.py:840} INFO - DAG(s) 'example_short_circuit_operator' retrieved from /home/airflow/.local/lib/python3.8/site-packages/airflow/example_dags/example_short_circuit_operator.py
[2026-09-10T13:48:52.943+0000] {logging_mixin.py:188} INFO - [2026-09-10T13:48:52.943+0000] {dag.py:3047} INFO - Sync 1 DAGs
[2026-09-10T13:48:52.966+0000] {logging_mixin.py:188} INFO - [2026-09-10T13:48:52.966+0000] {dag.py:3834} INFO - Setting next_dagrun for example_short_circuit_operator to 2026-09-09 00:00:00+00:00, run_after=2026-09-10 00:00:00+00:00
[2026-09-10T13:48:53.237+0000] {processor.py:183} INFO - Processing /home/airflow/.local/lib/python3.8/site-packages/airflow/example_dags/example_short_circuit_operator.py took 0.333 seconds
[2026-09-10T13:49:24.050+0000] {processor.py:161} INFO - Started process (PID=716) to work on /home/airflow/.local/lib/python3.8/site-packages/airflow/example_dags/example_short_circuit_operator.py
[2026-09-10T13:49:24.053+0000] {processor.py:830} INFO - Processing file /home/airflow/.local/lib/python3.8/site-packages/airflow/example_dags/example_short_circuit_operator.py for tasks to queue
[2026-09-10T13:49:24.058+0000] {logging_mixin.py:188} INFO - [2026-09-10T13:49:24.057+0000] {dagbag.py:540} INFO - Filling up the DagBag from /home/airflow/.local/lib/python3.8/site-packages/airflow/example_dags/example_short_circuit_operator.py
[2026-09-10T13:49:24.075+0000] {processor.py:840} INFO - DAG(s) 'example_short_circuit_operator' retrieved from /home/airflow/.local/lib/python3.8/site-packages/airflow/example_dags/example_short_circuit_operator.py
[2026-09-10T13:49:24.132+0000] {logging_mixin.py:188} INFO - [2026-09-10T13:49:24.130+0000] {dag.py:3047} INFO - Sync 1 DAGs
[2026-09-10T13:49:24.226+0000] {logging_mixin.py:188} INFO - [2026-09-10T13:49:24.225+0000] {dag.py:3834} INFO - Setting next_dagrun for example_short_circuit_operator to 2026-09-09 00:00:00+00:00, run_after=2026-09-10 00:00:00+00:00
[2026-09-10T13:49:24.342+0000] {processor.py:183} INFO - Processing /home/airflow/.local/lib/python3.8/site-packages/airflow/example_dags/example_short_circuit_operator.py took 0.299 seconds
[2026-09-10T13:49:54.879+0000] {processor.py:161} INFO - Started process (PID=776) to work on /home/airflow/.local/lib/python3.8/site-packages/airflow/example_dags/example_short_circuit_operator.py
[2026-09-10T13:49:54.881+0000] {processor.py:830} INFO - Processing file /home/airflow/.local/lib/python3.8/site-packages/airflow/example_dags/example_short_circuit_operator.py for tasks to queue
[2026-09-10T13:49:54.886+0000] {logging_mixin.py:188} INFO - [2026-09-10T13:49:54.885+0000] {dagbag.py:540} INFO - Filling up the DagBag from /home/airflow/.local/lib/python3.8/site-packages/airflow/example_dags/example_short_circuit_operator.py
[2026-09-10T13:49:54.897+0000] {processor.py:840} INFO - DAG(s) 'example_short_circuit_operator' retrieved from /home/airflow/.local/lib/python3.8/site-packages/airflow/example_dags/example_short_circuit_operator.py
[2026-09-10T13:49:54.936+0000] {logging_mixin.py:188} INFO - [2026-09-10T13:49:54.936+0000] {dag.py:3047} INFO - Sync 1 DAGs
[2026-09-10T13:49:54.975+0000] {logging_mixin.py:188} INFO - [2026-09-10T13:49:54.975+0000] {dag.py:3834} INFO - Setting next_dagrun for example_short_circuit_operator to 2026-09-09 00:00:00+00:00, run_after=2026-09-10 00:00:00+00:00
[2026-09-10T13:49:55.065+0000] {processor.py:183} INFO - Processing /home/airflow/.local/lib/python3.8/site-packages/airflow/example_dags/example_short_circuit_operator.py took 0.191 seconds
[2026-09-10T13:50:26.077+0000] {processor.py:161} INFO - Started process (PID=838) to work on /home/airflow/.local/lib/python3.8/site-packages/airflow/example_dags/example_short_circuit_operator.py
[2026-09-10T13:50:26.079+0000] {processor.py:830} INFO - Processing file /home/airflow/.local/lib/python3.8/site-packages/airflow/example_dags/example_short_circuit_operator.py for tasks to queue
[2026-09-10T13:50:26.082+0000] {logging_mixin.py:188} INFO - [2026-09-10T13:50:26.081+0000] {dagbag.py:540} INFO - Filling up the DagBag from /home/airflow/.local/lib/python3.8/site-packages/airflow/example_dags/example_short_circuit_operator.py
[2026-09-10T13:50:26.091+0000] {processor.py:840} INFO - DAG(s) 'example_short_circuit_operator' retrieved from /home/airflow/.local/lib/python3.8/site-packages/airflow/example_dags/example_short_circuit_operator.py
[2026-09-10T13:50:26.123+0000] {logging_mixin.py:188} INFO - [2026-09-10T13:50:26.123+0000] {dag.py:3047} INFO - Sync 1 DAGs
[2026-09-10T13:50:26.158+0000] {logging_mixin.py:188} INFO - [2026-09-10T13:50:26.158+0000] {dag.py:3834} INFO - Setting next_dagrun for example_short_circuit_operator to 2026-09-09 00:00:00+00:00, run_after=2026-09-10 00:00:00+00:00
[2026-09-10T13:50:26.214+0000] {processor.py:183} INFO - Processing /home/airflow/.local/lib/python3.8/site-packages/airflow/example_dags/example_short_circuit_operator.py took 0.140 seconds
[2026-09-10T13:50:56.531+0000] {processor.py:161} INFO - Started process (PID=902) to work on /home/airflow/.local/lib/python3.8/site-packages/airflow/example_dags/example_short_circuit_operator.py
[2026-09-10T13:50:56.533+0000] {processor.py:830} INFO - Processing file /home/airflow/.local/lib/python3.8/site-packages/airflow/example_dags/example_short_circuit_operator.py for tasks to queue
[2026-09-10T13:50:56.538+0000] {logging_mixin.py:188} INFO - [2026-09-10T13:50:56.537+0000] {dagbag.py:540} INFO - Filling up the DagBag from /home/airflow/.local/lib/python3.8/site-packages/airflow/example_dags/example_short_circuit_operator.py
[2026-09-10T13:50:56.550+0000] {processor.py:840} INFO - DAG(s) 'example_short_circuit_operator' retrieved from /home/airflow/.local/lib/python3.8/site-packages/airflow/example_dags/example_short_circuit_operator.py
[2026-09-10T13:50:56.588+0000] {logging_mixin.py:188} INFO - [2026-09-10T13:50:56.587+0000] {dag.py:3047} INFO - Sync 1 DAGs
[2026-09-10T13:50:56.615+0000] {logging_mixin.py:188} INFO - [2026-09-10T13:50:56.615+0000] {dag.py:3834} INFO - Setting next_dagrun for example_short_circuit_operator to 2026-09-09 00:00:00+00:00, run_after=2026-09-10 00:00:00+00:00
[2026-09-10T13:50:56.642+0000] {processor.py:183} INFO - Processing /home/airflow/.local/lib/python3.8/site-packages/airflow/example_dags/example_short_circuit_operator.py took 0.115 seconds
[2026-09-10T13:51:27.428+0000] {processor.py:161} INFO - Started process (PID=963) to work on /home/airflow/.local/lib/python3.8/site-packages/airflow/example_dags/example_short_circuit_operator.py
[2026-09-10T13:51:27.433+0000] {processor.py:830} INFO - Processing file /home/airflow/.local/lib/python3.8/site-packages/airflow/example_dags/example_short_circuit_operator.py for tasks to queue
[2026-09-10T13:51:27.440+0000] {logging_mixin.py:188} INFO - [2026-09-10T13:51:27.439+0000] {dagbag.py:540} INFO - Filling up the DagBag from /home/airflow/.local/lib/python3.8/site-packages/airflow/example_dags/example_short_circuit_operator.py
[2026-09-10T13:51:27.461+0000] {processor.py:840} INFO - DAG(s) 'example_short_circuit_operator' retrieved from /home/airflow/.local/lib/python3.8/site-packages/airflow/example_dags/example_short_circuit_operator.py
[2026-09-10T13:51:27.516+0000] {logging_mixin.py:188} INFO - [2026-09-10T13:51:27.515+0000] {dag.py:3047} INFO - Sync 1 DAGs
[2026-09-10T13:51:27.547+0000] {logging_mixin.py:188} INFO - [2026-09-10T13:51:27.547+0000] {dag.py:3834} INFO - Setting next_dagrun for example_short_circuit_operator to 2026-09-09 00:00:00+00:00, run_after=2026-09-10 00:00:00+00:00
[2026-09-10T13:51:27.578+0000] {processor.py:183} INFO - Processing /home/airflow/.local/lib/python3.8/site-packages/airflow/example_dags/example_short_circuit_operator.py took 0.164 seconds
[2026-09-10T13:51:57.690+0000] {processor.py:161} INFO - Started process (PID=1022) to work on /home/airflow/.local/lib/python3.8/site-packages/airflow/example_dags/example_short_circuit_operator.py
[2026-09-10T13:51:57.692+0000] {processor.py:830} INFO - Processing file /home/airflow/.local/lib/python3.8/site-packages/airflow/example_dags/example_short_circuit_operator.py for tasks to queue
[2026-09-10T13:51:57.695+0000] {logging_mixin.py:188} INFO - [2026-09-10T13:51:57.695+0000] {dagbag.py:540} INFO - Filling up the DagBag from /home/airflow/.local/lib/python3.8/site-packages/airflow/example_dags/example_short_circuit_operator.py
[2026-09-10T13:51:57.704+0000] {processor.py:840} INFO - DAG(s) 'example_short_circuit_operator' retrieved from /home/airflow/.local/lib/python3.8/site-packages/airflow/example_dags/example_short_circuit_operator.py
[2026-09-10T13:51:57.733+0000] {logging_mixin.py:188} INFO - [2026-09-10T13:51:57.732+0000] {dag.py:3047} INFO - Sync 1 DAGs
[2026-09-10T13:51:57.757+0000] {logging_mixin.py:188} INFO - [2026-09-10T13:51:57.757+0000] {dag.py:3834} INFO - Setting next_dagrun for example_short_circuit_operator to 2026-09-09 00:00:00+00:00, run_after=2026-09-10 00:00:00+00:00
[2026-09-10T13:51:57.782+0000] {processor.py:183} INFO - Processing /home/airflow/.local/lib/python3.8/site-packages/airflow/example_dags/example_short_circuit_operator.py took 0.095 seconds
[2026-09-10T13:52:27.878+0000] {processor.py:161} INFO - Started process (PID=1087) to work on /home/airflow/.local/lib/python3.8/site-packages/airflow/example_dags/example_short_circuit_operator.py
[2026-09-10T13:52:27.880+0000] {processor.py:830} INFO - Processing file /home/airflow/.local/lib/python3.8/site-packages/airflow/example_dags/example_short_circuit_operator.py for tasks to queue
[2026-09-10T13:52:27.883+0000] {logging_mixin.py:188} INFO - [2026-09-10T13:52:27.882+0000] {dagbag.py:540} INFO - Filling up the DagBag from /home/airflow/.local/lib/python3.8/site-packages/airflow/example_dags/example_short_circuit_operator.py
[2026-09-10T13:52:27.893+0000] {processor.py:840} INFO - DAG(s) 'example_short_circuit_operator' retrieved from /home/airflow/.local/lib/python3.8/site-packages/airflow/example_dags/example_short_circuit_operator.py
[2026-09-10T13:52:27.940+0000] {logging_mixin.py:188} INFO - [2026-09-10T13:52:27.940+0000] {dag.py:3047} INFO - Sync 1 DAGs
[2026-09-10T13:52:27.983+0000] {logging_mixin.py:188} INFO - [2026-09-10T13:52:27.983+0000] {dag.py:3834} INFO - Setting next_dagrun for example_short_circuit_operator to 2026-09-09 00:00:00+00:00, run_after=2026-09-10 00:00:00+00:00
[2026-09-10T13:52:28.017+0000] {processor.py:183} INFO - Processing /home/airflow/.local/lib/python3.8/site-packages/airflow/example_dags/example_short_circuit_operator.py took 0.144 seconds
[2026-09-10T13:52:58.368+0000] {processor.py:161} INFO - Started process (PID=1148) to work on /home/airflow/.local/lib/python3.8/site-packages/airflow/example_dags/example_short_circuit_operator.py
[2026-09-10T13:52:58.370+0000] {processor.py:830} INFO - Processing file /home/airflow/.local/lib/python3.8/site-packages/airflow/example_dags/example_short_circuit_operator.py for tasks to queue
[2026-09-10T13:52:58.373+0000] {logging_mixin.py:188} INFO - [2026-09-10T13:52:58.373+0000] {dagbag.py:540} INFO - Filling up the DagBag from /home/airflow/.local/lib/python3.8/site-packages/airflow/example_dags/example_short_circuit_operator.py
[2026-09-10T13:52:58.387+0000] {processor.py:840} INFO - DAG(s) 'example_short_circuit_operator' retrieved from /home/airflow/.local/lib/python3.8/site-packages/airflow/example_dags/example_short_circuit_operator.py
[2026-09-10T13:52:58.431+0000] {logging_mixin.py:188} INFO - [2026-09-10T13:52:58.430+0000] {dag.py:3047} INFO - Sync 1 DAGs
[2026-09-10T13:52:58.469+0000] {logging_mixin.py:188} INFO - [2026-09-10T13:52:58.468+0000] {dag.py:3834} INFO - Setting next_dagrun for example_short_circuit_operator to 2026-09-09 00:00:00+00:00, run_after=2026-09-10 00:00:00+00:00
[2026-09-10T13:52:58.497+0000] {processor.py:183} INFO - Processing /home/airflow/.local/lib/python3.8/site-packages/airflow/example_dags/example_short_circuit_operator.py took 0.135 seconds
[2026-09-10T13:53:28.932+0000] {processor.py:161} INFO - Started process (PID=1209) to work on /home/airflow/.local/lib/python3.8/site-packages/airflow/example_dags/example_short_circuit_operator.py
[2026-09-10T13:53:28.934+0000] {processor.py:830} INFO - Processing file /home/airflow/.local/lib/python3.8/site-packages/airflow/example_dags/example_short_circuit_operator.py for tasks to queue
[2026-09-10T13:53:28.936+0000] {logging_mixin.py:188} INFO - [2026-09-10T13:53:28.936+0000] {dagbag.py:540} INFO - Filling up the DagBag from /home/airflow/.local/lib/python3.8/site-packages/airflow/example_dags/example_short_circuit_operator.py
[2026-09-10T13:53:28.948+0000] {processor.py:840} INFO - DAG(s) 'example_short_circuit_operator' retrieved from /home/airflow/.local/lib/python3.8/site-packages/airflow/example_dags/example_short_circuit_operator.py
[2026-09-10T13:53:28.983+0000] {logging_mixin.py:188} INFO - [2026-09-10T13:53:28.983+0000] {dag.py:3047} INFO - Sync 1 DAGs
[2026-09-10T13:53:29.010+0000] {logging_mixin.py:188} INFO - [2026-09-10T13:53:29.009+0000] {dag.py:3834} INFO - Setting next_dagrun for example_short_circuit_operator to 2026-09-09 00:00:00+00:00, run_after=2026-09-10 00:00:00+00:00
[2026-09-10T13:53:29.040+0000] {processor.py:183} INFO - Processing /home/airflow/.local/lib/python3.8/site-packages/airflow/example_dags/example_short_circuit_operator.py took 0.111 seconds
[2026-09-10T13:53:59.546+0000] {processor.py:161} INFO - Started process (PID=1271) to work on /home/airflow/.local/lib/python3.8/site-packages/airflow/example_dags/example_short_circuit_operator.py
[2026-09-10T13:53:59.548+0000] {processor.py:830} INFO - Processing file /home/airflow/.local/lib/python3.8/site-packages/airflow/example_dags/example_short_circuit_operator.py for tasks to queue
[2026-09-10T13:53:59.551+0000] {logging_mixin.py:188} INFO - [2026-09-10T13:53:59.551+0000] {dagbag.py:540} INFO - Filling up the DagBag from /home/airflow/.local/lib/python3.8/site-packages/airflow/example_dags/example_short_circuit_operator.py
[2026-09-10T13:53:59.563+0000] {processor.py:840} INFO - DAG(s) 'example_short_circuit_operator' retrieved from /home/airflow/.local/lib/python3.8/site-packages/airflow/example_dags/example_short_circuit_operator.py
[2026-09-10T13:53:59.594+0000] {logging_mixin.py:188} INFO - [2026-09-10T13:53:59.594+0000] {dag.py:3047} INFO - Sync 1 DAGs
[2026-09-10T13:53:59.622+0000] {logging_mixin.py:188} INFO - [2026-09-10T13:53:59.622+0000] {dag.py:3834} INFO - Setting next_dagrun for example_short_circuit_operator to 2026-09-09 00:00:00+00:00, run_after=2026-09-10 00:00:00+00:00
[2026-09-10T13:53:59.651+0000] {processor.py:183} INFO - Processing /home/airflow/.local/lib/python3.8/site-packages/airflow/example_dags/example_short_circuit_operator.py took 0.110 seconds
[2026-09-10T13:54:30.267+0000] {processor.py:161} INFO - Started process (PID=1332) to work on /home/airflow/.local/lib/python3.8/site-packages/airflow/example_dags/example_short_circuit_operator.py
[2026-09-10T13:54:30.269+0000] {processor.py:830} INFO - Processing file /home/airflow/.local/lib/python3.8/site-packages/airflow/example_dags/example_short_circuit_operator.py for tasks to queue
[2026-09-10T13:54:30.272+0000] {logging_mixin.py:188} INFO - [2026-09-10T13:54:30.272+0000] {dagbag.py:540} INFO - Filling up the DagBag from /home/airflow/.local/lib/python3.8/site-packages/airflow/example_dags/example_short_circuit_operator.py
[2026-09-10T13:54:30.281+0000] {processor.py:840} INFO - DAG(s) 'example_short_circuit_operator' retrieved from /home/airflow/.local/lib/python3.8/site-packages/airflow/example_dags/example_short_circuit_operator.py
[2026-09-10T13:54:30.313+0000] {logging_mixin.py:188} INFO - [2026-09-10T13:54:30.313+0000] {dag.py:3047} INFO - Sync 1 DAGs
[2026-09-10T13:54:30.342+0000] {logging_mixin.py:188} INFO - [2026-09-10T13:54:30.342+0000] {dag.py:3834} INFO - Setting next_dagrun for example_short_circuit_operator to 2026-09-09 00:00:00+00:00, run_after=2026-09-10 00:00:00+00:00
[2026-09-10T13:54:30.371+0000] {processor.py:183} INFO - Processing /home/airflow/.local/lib/python3.8/site-packages/airflow/example_dags/example_short_circuit_operator.py took 0.107 seconds
[2026-09-10T13:55:00.505+0000] {processor.py:161} INFO - Started process (PID=1393) to work on /home/airflow/.local/lib/python3.8/site-packages/airflow/example_dags/example_short_circuit_operator.py
[2026-09-10T13:55:00.508+0000] {processor.py:830} INFO - Processing file /home/airflow/.local/lib/python3.8/site-packages/airflow/example_dags/example_short_circuit_operator.py for tasks to queue
[2026-09-10T13:55:00.511+0000] {logging_mixin.py:188} INFO - [2026-09-10T13:55:00.510+0000] {dagbag.py:540} INFO - Filling up the DagBag from /home/airflow/.local/lib/python3.8/site-packages/airflow/example_dags/example_short_circuit_operator.py
[2026-09-10T13:55:00.520+0000] {processor.py:840} INFO - DAG(s) 'example_short_circuit_operator' retrieved from /home/airflow/.local/lib/python3.8/site-packages/airflow/example_dags/example_short_circuit_operator.py
[2026-09-10T13:55:00.551+0000] {logging_mixin.py:188} INFO - [2026-09-10T13:55:00.551+0000] {dag.py:3047} INFO - Sync 1 DAGs
[2026-09-10T13:55:00.577+0000] {logging_mixin.py:188} INFO - [2026-09-10T13:55:00.576+0000] {dag.py:3834} INFO - Setting next_dagrun for example_short_circuit_operator to 2026-09-09 00:00:00+00:00, run_after=2026-09-10 00:00:00+00:00
[2026-09-10T13:55:00.607+0000] {processor.py:183} INFO - Processing /home/airflow/.local/lib/python3.8/site-packages/airflow/example_dags/example_short_circuit_operator.py took 0.107 seconds
[2026-09-10T13:55:30.826+0000] {processor.py:161} INFO - Started process (PID=1459) to work on /home/airflow/.local/lib/python3.8/site-packages/airflow/example_dags/example_short_circuit_operator.py
[2026-09-10T13:55:30.830+0000] {processor.py:830} INFO - Processing file /home/airflow/.local/lib/python3.8/site-packages/airflow/example_dags/example_short_circuit_operator.py for tasks to queue
[2026-09-10T13:55:30.834+0000] {logging_mixin.py:188} INFO - [2026-09-10T13:55:30.834+0000] {dagbag.py:540} INFO - Filling up the DagBag from /home/airflow/.local/lib/python3.8/site-packages/airflow/example_dags/example_short_circuit_operator.py
[2026-09-10T13:55:30.849+0000] {processor.py:840} INFO - DAG(s) 'example_short_circuit_operator' retrieved from /home/airflow/.local/lib/python3.8/site-packages/airflow/example_dags/example_short_circuit_operator.py
[2026-09-10T13:55:30.890+0000] {logging_mixin.py:188} INFO - [2026-09-10T13:55:30.889+0000] {dag.py:3047} INFO - Sync 1 DAGs
[2026-09-10T13:55:30.930+0000] {logging_mixin.py:188} INFO - [2026-09-10T13:55:30.930+0000] {dag.py:3834} INFO - Setting next_dagrun for example_short_circuit_operator to 2026-09-09 00:00:00+00:00, run_after=2026-09-10 00:00:00+00:00
[2026-09-10T13:55:30.962+0000] {processor.py:183} INFO - Processing /home/airflow/.local/lib/python3.8/site-packages/airflow/example_dags/example_short_circuit_operator.py took 0.145 seconds
[2026-09-10T13:56:01.057+0000] {processor.py:161} INFO - Started process (PID=1520) to work on /home/airflow/.local/lib/python3.8/site-packages/airflow/example_dags/example_short_circuit_operator.py
[2026-09-10T13:56:01.060+0000] {processor.py:830} INFO - Processing file /home/airflow/.local/lib/python3.8/site-packages/airflow/example_dags/example_short_circuit_operator.py for tasks to queue
[2026-09-10T13:56:01.063+0000] {logging_mixin.py:188} INFO - [2026-09-10T13:56:01.063+0000] {dagbag.py:540} INFO - Filling up the DagBag from /home/airflow/.local/lib/python3.8/site-packages/airflow/example_dags/example_short_circuit_operator.py
[2026-09-10T13:56:01.072+0000] {processor.py:840} INFO - DAG(s) 'example_short_circuit_operator' retrieved from /home/airflow/.local/lib/python3.8/site-packages/airflow/example_dags/example_short_circuit_operator.py
[2026-09-10T13:56:01.105+0000] {logging_mixin.py:188} INFO - [2026-09-10T13:56:01.104+0000] {dag.py:3047} INFO - Sync 1 DAGs
[2026-09-10T13:56:01.138+0000] {logging_mixin.py:188} INFO - [2026-09-10T13:56:01.138+0000] {dag.py:3834} INFO - Setting next_dagrun for example_short_circuit_operator to 2026-09-09 00:00:00+00:00, run_after=2026-09-10 00:00:00+00:00
[2026-09-10T13:56:01.164+0000] {processor.py:183} INFO - Processing /home/airflow/.local/lib/python3.8/site-packages/airflow/example_dags/example_short_circuit_operator.py took 0.111 seconds
[2026-09-10T13:56:31.285+0000] {processor.py:161} INFO - Started process (PID=1581) to work on /home/airflow/.local/lib/python3.8/site-packages/airflow/example_dags/example_short_circuit_operator.py
[2026-09-10T13:56:31.290+0000] {processor.py:830} INFO - Processing file /home/airflow/.local/lib/python3.8/site-packages/airflow/example_dags/example_short_circuit_operator.py for tasks to queue
[2026-09-10T13:56:31.296+0000] {logging_mixin.py:188} INFO - [2026-09-10T13:56:31.295+0000] {dagbag.py:540} INFO - Filling up the DagBag from /home/airflow/.local/lib/python3.8/site-packages/airflow/example_dags/example_short_circuit_operator.py
[2026-09-10T13:56:31.310+0000] {processor.py:840} INFO - DAG(s) 'example_short_circuit_operator' retrieved from /home/airflow/.local/lib/python3.8/site-packages/airflow/example_dags/example_short_circuit_operator.py
[2026-09-10T13:56:31.345+0000] {logging_mixin.py:188} INFO - [2026-09-10T13:56:31.345+0000] {dag.py:3047} INFO - Sync 1 DAGs
[2026-09-10T13:56:31.376+0000] {logging_mixin.py:188} INFO - [2026-09-10T13:56:31.376+0000] {dag.py:3834} INFO - Setting next_dagrun for example_short_circuit_operator to 2026-09-09 00:00:00+00:00, run_after=2026-09-10 00:00:00+00:00
[2026-09-10T13:56:31.401+0000] {processor.py:183} INFO - Processing /home/airflow/.local/lib/python3.8/site-packages/airflow/example_dags/example_short_circuit_operator.py took 0.125 seconds
[2026-09-10T13:57:01.769+0000] {processor.py:161} INFO - Started process (PID=1642) to work on /home/airflow/.local/lib/python3.8/site-packages/airflow/example_dags/example_short_circuit_operator.py
[2026-09-10T13:57:01.772+0000] {processor.py:830} INFO - Processing file /home/airflow/.local/lib/python3.8/site-packages/airflow/example_dags/example_short_circuit_operator.py for tasks to queue
[2026-09-10T13:57:01.776+0000] {logging_mixin.py:188} INFO - [2026-09-10T13:57:01.776+0000] {dagbag.py:540} INFO - Filling up the DagBag from /home/airflow/.local/lib/python3.8/site-packages/airflow/example_dags/example_short_circuit_operator.py
[2026-09-10T13:57:01.789+0000] {processor.py:840} INFO - DAG(s) 'example_short_circuit_operator' retrieved from /home/airflow/.local/lib/python3.8/site-packages/airflow/example_dags/example_short_circuit_operator.py
[2026-09-10T13:57:01.827+0000] {logging_mixin.py:188} INFO - [2026-09-10T13:57:01.827+0000] {dag.py:3047} INFO - Sync 1 DAGs
[2026-09-10T13:57:01.865+0000] {logging_mixin.py:188} INFO - [2026-09-10T13:57:01.865+0000] {dag.py:3834} INFO - Setting next_dagrun for example_short_circuit_operator to 2026-09-09 00:00:00+00:00, run_after=2026-09-10 00:00:00+00:00
[2026-09-10T13:57:01.896+0000] {processor.py:183} INFO - Processing /home/airflow/.local/lib/python3.8/site-packages/airflow/example_dags/example_short_circuit_operator.py took 0.131 seconds
[2026-09-10T13:57:32.035+0000] {processor.py:161} INFO - Started process (PID=1703) to work on /home/airflow/.local/lib/python3.8/site-packages/airflow/example_dags/example_short_circuit_operator.py
[2026-09-10T13:57:32.038+0000] {processor.py:830} INFO - Processing file /home/airflow/.local/lib/python3.8/site-packages/airflow/example_dags/example_short_circuit_operator.py for tasks to queue
[2026-09-10T13:57:32.041+0000] {logging_mixin.py:188} INFO - [2026-09-10T13:57:32.040+0000] {dagbag.py:540} INFO - Filling up the DagBag from /home/airflow/.local/lib/python3.8/site-packages/airflow/example_dags/example_short_circuit_operator.py
[2026-09-10T13:57:32.051+0000] {processor.py:840} INFO - DAG(s) 'example_short_circuit_operator' retrieved from /home/airflow/.local/lib/python3.8/site-packages/airflow/example_dags/example_short_circuit_operator.py
[2026-09-10T13:57:32.082+0000] {logging_mixin.py:188} INFO - [2026-09-10T13:57:32.082+0000] {dag.py:3047} INFO - Sync 1 DAGs
[2026-09-10T13:57:32.107+0000] {logging_mixin.py:188} INFO - [2026-09-10T13:57:32.107+0000] {dag.py:3834} INFO - Setting next_dagrun for example_short_circuit_operator to 2026-09-09 00:00:00+00:00, run_after=2026-09-10 00:00:00+00:00
[2026-09-10T13:57:32.130+0000] {processor.py:183} INFO - Processing /home/airflow/.local/lib/python3.8/site-packages/airflow/example_dags/example_short_circuit_operator.py took 0.100 seconds
[2026-09-10T13:58:02.559+0000] {processor.py:161} INFO - Started process (PID=1764) to work on /home/airflow/.local/lib/python3.8/site-packages/airflow/example_dags/example_short_circuit_operator.py
[2026-09-10T13:58:02.561+0000] {processor.py:830} INFO - Processing file /home/airflow/.local/lib/python3.8/site-packages/airflow/example_dags/example_short_circuit_operator.py for tasks to queue
[2026-09-10T13:58:02.565+0000] {logging_mixin.py:188} INFO - [2026-09-10T13:58:02.565+0000] {dagbag.py:540} INFO - Filling up the DagBag from /home/airflow/.local/lib/python3.8/site-packages/airflow/example_dags/example_short_circuit_operator.py
[2026-09-10T13:58:02.574+0000] {processor.py:840} INFO - DAG(s) 'example_short_circuit_operator' retrieved from /home/airflow/.local/lib/python3.8/site-packages/airflow/example_dags/example_short_circuit_operator.py
[2026-09-10T13:58:02.607+0000] {logging_mixin.py:188} INFO - [2026-09-10T13:58:02.607+0000] {dag.py:3047} INFO - Sync 1 DAGs
[2026-09-10T13:58:02.632+0000] {logging_mixin.py:188} INFO - [2026-09-10T13:58:02.632+0000] {dag.py:3834} INFO - Setting next_dagrun for example_short_circuit_operator to 2026-09-09 00:00:00+00:00, run_after=2026-09-10 00:00:00+00:00
[2026-09-10T13:58:02.654+0000] {processor.py:183} INFO - Processing /home/airflow/.local/lib/python3.8/site-packages/airflow/example_dags/example_short_circuit_operator.py took 0.099 seconds
[2026-09-10T13:58:32.836+0000] {processor.py:161} INFO - Started process (PID=1825) to work on /home/airflow/.local/lib/python3.8/site-packages/airflow/example_dags/example_short_circuit_operator.py
[2026-09-10T13:58:32.838+0000] {processor.py:830} INFO - Processing file /home/airflow/.local/lib/python3.8/site-packages/airflow/example_dags/example_short_circuit_operator.py for tasks to queue
[2026-09-10T13:58:32.843+0000] {logging_mixin.py:188} INFO - [2026-09-10T13:58:32.842+0000] {dagbag.py:540} INFO - Filling up the DagBag from /home/airflow/.local/lib/python3.8/site-packages/airflow/example_dags/example_short_circuit_operator.py
[2026-09-10T13:58:32.854+0000] {processor.py:840} INFO - DAG(s) 'example_short_circuit_operator' retrieved from /home/airflow/.local/lib/python3.8/site-packages/airflow/example_dags/example_short_circuit_operator.py
[2026-09-10T13:58:32.897+0000] {logging_mixin.py:188} INFO - [2026-09-10T13:58:32.897+0000] {dag.py:3047} INFO - Sync 1 DAGs
[2026-09-10T13:58:32.926+0000] {logging_mixin.py:188} INFO - [2026-09-10T13:58:32.925+0000] {dag.py:3834} INFO - Setting next_dagrun for example_short_circuit_operator to 2026-09-09 00:00:00+00:00, run_after=2026-09-10 00:00:00+00:00
[2026-09-10T13:58:32.951+0000] {processor.py:183} INFO - Processing /home/airflow/.local/lib/python3.8/site-packages/airflow/example_dags/example_short_circuit_operator.py took 0.121 seconds
[2026-09-10T13:59:03.048+0000] {processor.py:161} INFO - Started process (PID=1886) to work on /home/airflow/.local/lib/python3.8/site-packages/airflow/example_dags/example_short_circuit_operator.py
[2026-09-10T13:59:03.050+0000] {processor.py:830} INFO - Processing file /home/airflow/.local/lib/python3.8/site-packages/airflow/example_dags/example_short_circuit_operator.py for tasks to queue
[2026-09-10T13:59:03.053+0000] {logging_mixin.py:188} INFO - [2026-09-10T13:59:03.052+0000] {dagbag.py:540} INFO - Filling up the DagBag from /home/airflow/.local/lib/python3.8/site-packages/airflow/example_dags/example_short_circuit_operator.py
[2026-09-10T13:59:03.062+0000] {processor.py:840} INFO - DAG(s) 'example_short_circuit_operator' retrieved from /home/airflow/.local/lib/python3.8/site-packages/airflow/example_dags/example_short_circuit_operator.py
[2026-09-10T13:59:03.098+0000] {logging_mixin.py:188} INFO - [2026-09-10T13:59:03.098+0000] {dag.py:3047} INFO - Sync 1 DAGs
[2026-09-10T13:59:03.147+0000] {logging_mixin.py:188} INFO - [2026-09-10T13:59:03.146+0000] {dag.py:3834} INFO - Setting next_dagrun for example_short_circuit_operator to 2026-09-09 00:00:00+00:00, run_after=2026-09-10 00:00:00+00:00
[2026-09-10T13:59:03.181+0000] {processor.py:183} INFO - Processing /home/airflow/.local/lib/python3.8/site-packages/airflow/example_dags/example_short_circuit_operator.py took 0.137 seconds
[2026-09-10T13:59:33.698+0000] {processor.py:161} INFO - Started process (PID=1947) to work on /home/airflow/.local/lib/python3.8/site-packages/airflow/example_dags/example_short_circuit_operator.py
[2026-09-10T13:59:33.701+0000] {processor.py:830} INFO - Processing file /home/airflow/.local/lib/python3.8/site-packages/airflow/example_dags/example_short_circuit_operator.py for tasks to queue
[2026-09-10T13:59:33.704+0000] {logging_mixin.py:188} INFO - [2026-09-10T13:59:33.703+0000] {dagbag.py:540} INFO - Filling up the DagBag from /home/airflow/.local/lib/python3.8/site-packages/airflow/example_dags/example_short_circuit_operator.py
[2026-09-10T13:59:33.714+0000] {processor.py:840} INFO - DAG(s) 'example_short_circuit_operator' retrieved from /home/airflow/.local/lib/python3.8/site-packages/airflow/example_dags/example_short_circuit_operator.py
[2026-09-10T13:59:33.743+0000] {logging_mixin.py:188} INFO - [2026-09-10T13:59:33.743+0000] {dag.py:3047} INFO - Sync 1 DAGs
[2026-09-10T13:59:33.768+0000] {logging_mixin.py:188} INFO - [2026-09-10T13:59:33.767+0000] {dag.py:3834} INFO - Setting next_dagrun for example_short_circuit_operator to 2026-09-09 00:00:00+00:00, run_after=2026-09-10 00:00:00+00:00
[2026-09-10T13:59:33.795+0000] {processor.py:183} INFO - Processing /home/airflow/.local/lib/python3.8/site-packages/airflow/example_dags/example_short_circuit_operator.py took 0.104 seconds
[2026-09-10T14:00:03.879+0000] {processor.py:161} INFO - Started process (PID=2008) to work on /home/airflow/.local/lib/python3.8/site-packages/airflow/example_dags/example_short_circuit_operator.py
[2026-09-10T14:00:03.881+0000] {processor.py:830} INFO - Processing file /home/airflow/.local/lib/python3.8/site-packages/airflow/example_dags/example_short_circuit_operator.py for tasks to queue
[2026-09-10T14:00:03.884+0000] {logging_mixin.py:188} INFO - [2026-09-10T14:00:03.884+0000] {dagbag.py:540} INFO - Filling up the DagBag from /home/airflow/.local/lib/python3.8/site-packages/airflow/example_dags/example_short_circuit_operator.py
[2026-09-10T14:00:03.895+0000] {processor.py:840} INFO - DAG(s) 'example_short_circuit_operator' retrieved from /home/airflow/.local/lib/python3.8/site-packages/airflow/example_dags/example_short_circuit_operator.py
[2026-09-10T14:00:03.927+0000] {logging_mixin.py:188} INFO - [2026-09-10T14:00:03.926+0000] {dag.py:3047} INFO - Sync 1 DAGs
[2026-09-10T14:00:03.952+0000] {logging_mixin.py:188} INFO - [2026-09-10T14:00:03.951+0000] {dag.py:3834} INFO - Setting next_dagrun for example_short_circuit_operator to 2026-09-09 00:00:00+00:00, run_after=2026-09-10 00:00:00+00:00
[2026-09-10T14:00:03.974+0000] {processor.py:183} INFO - Processing /home/airflow/.local/lib/python3.8/site-packages/airflow/example_dags/example_short_circuit_operator.py took 0.099 seconds
[2026-09-10T14:00:34.736+0000] {processor.py:161} INFO - Started process (PID=2069) to work on /home/airflow/.local/lib/python3.8/site-packages/airflow/example_dags/example_short_circuit_operator.py
[2026-09-10T14:00:34.742+0000] {processor.py:830} INFO - Processing file /home/airflow/.local/lib/python3.8/site-packages/airflow/example_dags/example_short_circuit_operator.py for tasks to queue
[2026-09-10T14:00:34.751+0000] {logging_mixin.py:188} INFO - [2026-09-10T14:00:34.750+0000] {dagbag.py:540} INFO - Filling up the DagBag from /home/airflow/.local/lib/python3.8/site-packages/airflow/example_dags/example_short_circuit_operator.py
[2026-09-10T14:00:34.773+0000] {processor.py:840} INFO - DAG(s) 'example_short_circuit_operator' retrieved from /home/airflow/.local/lib/python3.8/site-packages/airflow/example_dags/example_short_circuit_operator.py
[2026-09-10T14:00:34.824+0000] {logging_mixin.py:188} INFO - [2026-09-10T14:00:34.824+0000] {dag.py:3047} INFO - Sync 1 DAGs
[2026-09-10T14:00:34.853+0000] {logging_mixin.py:188} INFO - [2026-09-10T14:00:34.853+0000] {dag.py:3834} INFO - Setting next_dagrun for example_short_circuit_operator to 2026-09-09 00:00:00+00:00, run_after=2026-09-10 00:00:00+00:00
[2026-09-10T14:00:34.874+0000] {processor.py:183} INFO - Processing /home/airflow/.local/lib/python3.8/site-packages/airflow/example_dags/example_short_circuit_operator.py took 0.148 seconds
[2026-09-10T14:01:05.166+0000] {processor.py:161} INFO - Started process (PID=2131) to work on /home/airflow/.local/lib/python3.8/site-packages/airflow/example_dags/example_short_circuit_operator.py
[2026-09-10T14:01:05.169+0000] {processor.py:830} INFO - Processing file /home/airflow/.local/lib/python3.8/site-packages/airflow/example_dags/example_short_circuit_operator.py for tasks to queue
[2026-09-10T14:01:05.172+0000] {logging_mixin.py:188} INFO - [2026-09-10T14:01:05.171+0000] {dagbag.py:540} INFO - Filling up the DagBag from /home/airflow/.local/lib/python3.8/site-packages/airflow/example_dags/example_short_circuit_operator.py
[2026-09-10T14:01:05.181+0000] {processor.py:840} INFO - DAG(s) 'example_short_circuit_operator' retrieved from /home/airflow/.local/lib/python3.8/site-packages/airflow/example_dags/example_short_circuit_operator.py
[2026-09-10T14:01:05.216+0000] {logging_mixin.py:188} INFO - [2026-09-10T14:01:05.216+0000] {dag.py:3047} INFO - Sync 1 DAGs
[2026-09-10T14:01:05.246+0000] {logging_mixin.py:188} INFO - [2026-09-10T14:01:05.246+0000] {dag.py:3834} INFO - Setting next_dagrun for example_short_circuit_operator to 2026-09-09 00:00:00+00:00, run_after=2026-09-10 00:00:00+00:00
[2026-09-10T14:01:05.275+0000] {processor.py:183} INFO - Processing /home/airflow/.local/lib/python3.8/site-packages/airflow/example_dags/example_short_circuit_operator.py took 0.112 seconds
[2026-09-10T14:01:35.707+0000] {processor.py:161} INFO - Started process (PID=2192) to work on /home/airflow/.local/lib/python3.8/site-packages/airflow/example_dags/example_short_circuit_operator.py
[2026-09-10T14:01:35.709+0000] {processor.py:830} INFO - Processing file /home/airflow/.local/lib/python3.8/site-packages/airflow/example_dags/example_short_circuit_operator.py for tasks to queue
[2026-09-10T14:01:35.712+0000] {logging_mixin.py:188} INFO - [2026-09-10T14:01:35.712+0000] {dagbag.py:540} INFO - Filling up the DagBag from /home/airflow/.local/lib/python3.8/site-packages/airflow/example_dags/example_short_circuit_operator.py
[2026-09-10T14:01:35.721+0000] {processor.py:840} INFO - DAG(s) 'example_short_circuit_operator' retrieved from /home/airflow/.local/lib/python3.8/site-packages/airflow/example_dags/example_short_circuit_operator.py
[2026-09-10T14:01:35.750+0000] {logging_mixin.py:188} INFO - [2026-09-10T14:01:35.750+0000] {dag.py:3047} INFO - Sync 1 DAGs
[2026-09-10T14:01:35.777+0000] {logging_mixin.py:188} INFO - [2026-09-10T14:01:35.777+0000] {dag.py:3834} INFO - Setting next_dagrun for example_short_circuit_operator to 2026-09-09 00:00:00+00:00, run_after=2026-09-10 00:00:00+00:00
[2026-09-10T14:01:35.804+0000] {processor.py:183} INFO - Processing /home/airflow/.local/lib/python3.8/site-packages/airflow/example_dags/example_short_circuit_operator.py took 0.101 seconds
[2026-09-10T14:02:06.366+0000] {processor.py:161} INFO - Started process (PID=2253) to work on /home/airflow/.local/lib/python3.8/site-packages/airflow/example_dags/example_short_circuit_operator.py
[2026-09-10T14:02:06.367+0000] {processor.py:830} INFO - Processing file /home/airflow/.local/lib/python3.8/site-packages/airflow/example_dags/example_short_circuit_operator.py for tasks to queue
[2026-09-10T14:02:06.370+0000] {logging_mixin.py:188} INFO - [2026-09-10T14:02:06.370+0000] {dagbag.py:540} INFO - Filling up the DagBag from /home/airflow/.local/lib/python3.8/site-packages/airflow/example_dags/example_short_circuit_operator.py
[2026-09-10T14:02:06.381+0000] {processor.py:840} INFO - DAG(s) 'example_short_circuit_operator' retrieved from /home/airflow/.local/lib/python3.8/site-packages/airflow/example_dags/example_short_circuit_operator.py
[2026-09-10T14:02:06.411+0000] {logging_mixin.py:188} INFO - [2026-09-10T14:02:06.411+0000] {dag.py:3047} INFO - Sync 1 DAGs
[2026-09-10T14:02:06.438+0000] {logging_mixin.py:188} INFO - [2026-09-10T14:02:06.438+0000] {dag.py:3834} INFO - Setting next_dagrun for example_short_circuit_operator to 2026-09-09 00:00:00+00:00, run_after=2026-09-10 00:00:00+00:00
[2026-09-10T14:02:06.622+0000] {processor.py:183} INFO - Processing /home/airflow/.local/lib/python3.8/site-packages/airflow/example_dags/example_short_circuit_operator.py took 0.261 seconds
[2026-09-10T14:02:37.297+0000] {processor.py:161} INFO - Started process (PID=2314) to work on /home/airflow/.local/lib/python3.8/site-packages/airflow/example_dags/example_short_circuit_operator.py
[2026-09-10T14:02:37.300+0000] {processor.py:830} INFO - Processing file /home/airflow/.local/lib/python3.8/site-packages/airflow/example_dags/example_short_circuit_operator.py for tasks to queue
[2026-09-10T14:02:37.304+0000] {logging_mixin.py:188} INFO - [2026-09-10T14:02:37.303+0000] {dagbag.py:540} INFO - Filling up the DagBag from /home/airflow/.local/lib/python3.8/site-packages/airflow/example_dags/example_short_circuit_operator.py
[2026-09-10T14:02:37.321+0000] {processor.py:840} INFO - DAG(s) 'example_short_circuit_operator' retrieved from /home/airflow/.local/lib/python3.8/site-packages/airflow/example_dags/example_short_circuit_operator.py
[2026-09-10T14:02:37.355+0000] {logging_mixin.py:188} INFO - [2026-09-10T14:02:37.354+0000] {dag.py:3047} INFO - Sync 1 DAGs
[2026-09-10T14:02:37.391+0000] {logging_mixin.py:188} INFO - [2026-09-10T14:02:37.391+0000] {dag.py:3834} INFO - Setting next_dagrun for example_short_circuit_operator to 2026-09-09 00:00:00+00:00, run_after=2026-09-10 00:00:00+00:00
[2026-09-10T14:02:37.417+0000] {processor.py:183} INFO - Processing /home/airflow/.local/lib/python3.8/site-packages/airflow/example_dags/example_short_circuit_operator.py took 0.128 seconds
[2026-09-10T14:03:08.241+0000] {processor.py:161} INFO - Started process (PID=2375) to work on /home/airflow/.local/lib/python3.8/site-packages/airflow/example_dags/example_short_circuit_operator.py
[2026-09-10T14:03:08.244+0000] {processor.py:830} INFO - Processing file /home/airflow/.local/lib/python3.8/site-packages/airflow/example_dags/example_short_circuit_operator.py for tasks to queue
[2026-09-10T14:03:08.246+0000] {logging_mixin.py:188} INFO - [2026-09-10T14:03:08.246+0000] {dagbag.py:540} INFO - Filling up the DagBag from /home/airflow/.local/lib/python3.8/site-packages/airflow/example_dags/example_short_circuit_operator.py
[2026-09-10T14:03:08.258+0000] {processor.py:840} INFO - DAG(s) 'example_short_circuit_operator' retrieved from /home/airflow/.local/lib/python3.8/site-packages/airflow/example_dags/example_short_circuit_operator.py
[2026-09-10T14:03:08.293+0000] {logging_mixin.py:188} INFO - [2026-09-10T14:03:08.293+0000] {dag.py:3047} INFO - Sync 1 DAGs
[2026-09-10T14:03:08.331+0000] {logging_mixin.py:188} INFO - [2026-09-10T14:03:08.330+0000] {dag.py:3834} INFO - Setting next_dagrun for example_short_circuit_operator to 2026-09-09 00:00:00+00:00, run_after=2026-09-10 00:00:00+00:00
[2026-09-10T14:03:08.365+0000] {processor.py:183} INFO - Processing /home/airflow/.local/lib/python3.8/site-packages/airflow/example_dags/example_short_circuit_operator.py took 0.128 seconds
[2026-09-10T14:03:38.564+0000] {processor.py:161} INFO - Started process (PID=2436) to work on /home/airflow/.local/lib/python3.8/site-packages/airflow/example_dags/example_short_circuit_operator.py
[2026-09-10T14:03:38.566+0000] {processor.py:830} INFO - Processing file /home/airflow/.local/lib/python3.8/site-packages/airflow/example_dags/example_short_circuit_operator.py for tasks to queue
[2026-09-10T14:03:38.570+0000] {logging_mixin.py:188} INFO - [2026-09-10T14:03:38.570+0000] {dagbag.py:540} INFO - Filling up the DagBag from /home/airflow/.local/lib/python3.8/site-packages/airflow/example_dags/example_short_circuit_operator.py
[2026-09-10T14:03:38.585+0000] {processor.py:840} INFO - DAG(s) 'example_short_circuit_operator' retrieved from /home/airflow/.local/lib/python3.8/site-packages/airflow/example_dags/example_short_circuit_operator.py
[2026-09-10T14:03:38.616+0000] {logging_mixin.py:188} INFO - [2026-09-10T14:03:38.616+0000] {dag.py:3047} INFO - Sync 1 DAGs
[2026-09-10T14:03:38.641+0000] {logging_mixin.py:188} INFO - [2026-09-10T14:03:38.641+0000] {dag.py:3834} INFO - Setting next_dagrun for example_short_circuit_operator to 2026-09-09 00:00:00+00:00, run_after=2026-09-10 00:00:00+00:00
[2026-09-10T14:03:38.664+0000] {processor.py:183} INFO - Processing /home/airflow/.local/lib/python3.8/site-packages/airflow/example_dags/example_short_circuit_operator.py took 0.105 seconds
[2026-09-10T14:04:08.839+0000] {processor.py:161} INFO - Started process (PID=2497) to work on /home/airflow/.local/lib/python3.8/site-packages/airflow/example_dags/example_short_circuit_operator.py
[2026-09-10T14:04:08.840+0000] {processor.py:830} INFO - Processing file /home/airflow/.local/lib/python3.8/site-packages/airflow/example_dags/example_short_circuit_operator.py for tasks to queue
[2026-09-10T14:04:08.844+0000] {logging_mixin.py:188} INFO - [2026-09-10T14:04:08.843+0000] {dagbag.py:540} INFO - Filling up the DagBag from /home/airflow/.local/lib/python3.8/site-packages/airflow/example_dags/example_short_circuit_operator.py
[2026-09-10T14:04:08.853+0000] {processor.py:840} INFO - DAG(s) 'example_short_circuit_operator' retrieved from /home/airflow/.local/lib/python3.8/site-packages/airflow/example_dags/example_short_circuit_operator.py
[2026-09-10T14:04:08.887+0000] {logging_mixin.py:188} INFO - [2026-09-10T14:04:08.887+0000] {dag.py:3047} INFO - Sync 1 DAGs
[2026-09-10T14:04:08.914+0000] {logging_mixin.py:188} INFO - [2026-09-10T14:04:08.914+0000] {dag.py:3834} INFO - Setting next_dagrun for example_short_circuit_operator to 2026-09-09 00:00:00+00:00, run_after=2026-09-10 00:00:00+00:00
[2026-09-10T14:04:08.938+0000] {processor.py:183} INFO - Processing /home/airflow/.local/lib/python3.8/site-packages/airflow/example_dags/example_short_circuit_operator.py took 0.103 seconds
[2026-09-10T14:04:39.267+0000] {processor.py:161} INFO - Started process (PID=2558) to work on /home/airflow/.local/lib/python3.8/site-packages/airflow/example_dags/example_short_circuit_operator.py
[2026-09-10T14:04:39.269+0000] {processor.py:830} INFO - Processing file /home/airflow/.local/lib/python3.8/site-packages/airflow/example_dags/example_short_circuit_operator.py for tasks to queue
[2026-09-10T14:04:39.271+0000] {logging_mixin.py:188} INFO - [2026-09-10T14:04:39.271+0000] {dagbag.py:540} INFO - Filling up the DagBag from /home/airflow/.local/lib/python3.8/site-packages/airflow/example_dags/example_short_circuit_operator.py
[2026-09-10T14:04:39.281+0000] {processor.py:840} INFO - DAG(s) 'example_short_circuit_operator' retrieved from /home/airflow/.local/lib/python3.8/site-packages/airflow/example_dags/example_short_circuit_operator.py
[2026-09-10T14:04:39.311+0000] {logging_mixin.py:188} INFO - [2026-09-10T14:04:39.310+0000] {dag.py:3047} INFO - Sync 1 DAGs
[2026-09-10T14:04:39.337+0000] {logging_mixin.py:188} INFO - [2026-09-10T14:04:39.336+0000] {dag.py:3834} INFO - Setting next_dagrun for example_short_circuit_operator to 2026-09-09 00:00:00+00:00, run_after=2026-09-10 00:00:00+00:00
[2026-09-10T14:04:39.360+0000] {processor.py:183} INFO - Processing /home/airflow/.local/lib/python3.8/site-packages/airflow/example_dags/example_short_circuit_operator.py took 0.098 seconds
[2026-09-10T14:05:09.921+0000] {processor.py:161} INFO - Started process (PID=2619) to work on /home/airflow/.local/lib/python3.8/site-packages/airflow/example_dags/example_short_circuit_operator.py
[2026-09-10T14:05:09.923+0000] {processor.py:830} INFO - Processing file /home/airflow/.local/lib/python3.8/site-packages/airflow/example_dags/example_short_circuit_operator.py for tasks to queue
[2026-09-10T14:05:09.926+0000] {logging_mixin.py:188} INFO - [2026-09-10T14:05:09.925+0000] {dagbag.py:540} INFO - Filling up the DagBag from /home/airflow/.local/lib/python3.8/site-packages/airflow/example_dags/example_short_circuit_operator.py
[2026-09-10T14:05:09.936+0000] {processor.py:840} INFO - DAG(s) 'example_short_circuit_operator' retrieved from /home/airflow/.local/lib/python3.8/site-packages/airflow/example_dags/example_short_circuit_operator.py
[2026-09-10T14:05:09.972+0000] {logging_mixin.py:188} INFO - [2026-09-10T14:05:09.972+0000] {dag.py:3047} INFO - Sync 1 DAGs
[2026-09-10T14:05:09.999+0000] {logging_mixin.py:188} INFO - [2026-09-10T14:05:09.999+0000] {dag.py:3834} INFO - Setting next_dagrun for example_short_circuit_operator to 2026-09-09 00:00:00+00:00, run_after=2026-09-10 00:00:00+00:00
[2026-09-10T14:05:10.024+0000] {processor.py:183} INFO - Processing /home/airflow/.local/lib/python3.8/site-packages/airflow/example_dags/example_short_circuit_operator.py took 0.106 seconds
[2026-09-10T14:05:40.441+0000] {processor.py:161} INFO - Started process (PID=2680) to work on /home/airflow/.local/lib/python3.8/site-packages/airflow/example_dags/example_short_circuit_operator.py
[2026-09-10T14:05:40.443+0000] {processor.py:830} INFO - Processing file /home/airflow/.local/lib/python3.8/site-packages/airflow/example_dags/example_short_circuit_operator.py for tasks to queue
[2026-09-10T14:05:40.446+0000] {logging_mixin.py:188} INFO - [2026-09-10T14:05:40.446+0000] {dagbag.py:540} INFO - Filling up the DagBag from /home/airflow/.local/lib/python3.8/site-packages/airflow/example_dags/example_short_circuit_operator.py
[2026-09-10T14:05:40.460+0000] {processor.py:840} INFO - DAG(s) 'example_short_circuit_operator' retrieved from /home/airflow/.local/lib/python3.8/site-packages/airflow/example_dags/example_short_circuit_operator.py
[2026-09-10T14:05:40.501+0000] {logging_mixin.py:188} INFO - [2026-09-10T14:05:40.500+0000] {dag.py:3047} INFO - Sync 1 DAGs
[2026-09-10T14:05:40.530+0000] {logging_mixin.py:188} INFO - [2026-09-10T14:05:40.530+0000] {dag.py:3834} INFO - Setting next_dagrun for example_short_circuit_operator to 2026-09-09 00:00:00+00:00, run_after=2026-09-10 00:00:00+00:00
[2026-09-10T14:05:40.556+0000] {processor.py:183} INFO - Processing /home/airflow/.local/lib/python3.8/site-packages/airflow/example_dags/example_short_circuit_operator.py took 0.120 seconds
[2026-09-10T14:06:10.680+0000] {processor.py:161} INFO - Started process (PID=2741) to work on /home/airflow/.local/lib/python3.8/site-packages/airflow/example_dags/example_short_circuit_operator.py
[2026-09-10T14:06:10.682+0000] {processor.py:830} INFO - Processing file /home/airflow/.local/lib/python3.8/site-packages/airflow/example_dags/example_short_circuit_operator.py for tasks to queue
[2026-09-10T14:06:10.687+0000] {logging_mixin.py:188} INFO - [2026-09-10T14:06:10.687+0000] {dagbag.py:540} INFO - Filling up the DagBag from /home/airflow/.local/lib/python3.8/site-packages/airflow/example_dags/example_short_circuit_operator.py
[2026-09-10T14:06:10.698+0000] {processor.py:840} INFO - DAG(s) 'example_short_circuit_operator' retrieved from /home/airflow/.local/lib/python3.8/site-packages/airflow/example_dags/example_short_circuit_operator.py
[2026-09-10T14:06:10.732+0000] {logging_mixin.py:188} INFO - [2026-09-10T14:06:10.732+0000] {dag.py:3047} INFO - Sync 1 DAGs
[2026-09-10T14:06:10.776+0000] {logging_mixin.py:188} INFO - [2026-09-10T14:06:10.776+0000] {dag.py:3834} INFO - Setting next_dagrun for example_short_circuit_operator to 2026-09-09 00:00:00+00:00, run_after=2026-09-10 00:00:00+00:00
[2026-09-10T14:06:10.805+0000] {processor.py:183} INFO - Processing /home/airflow/.local/lib/python3.8/site-packages/airflow/example_dags/example_short_circuit_operator.py took 0.131 seconds
[2026-09-10T14:06:41.143+0000] {processor.py:161} INFO - Started process (PID=2802) to work on /home/airflow/.local/lib/python3.8/site-packages/airflow/example_dags/example_short_circuit_operator.py
[2026-09-10T14:06:41.145+0000] {processor.py:830} INFO - Processing file /home/airflow/.local/lib/python3.8/site-packages/airflow/example_dags/example_short_circuit_operator.py for tasks to queue
[2026-09-10T14:06:41.161+0000] {logging_mixin.py:188} INFO - [2026-09-10T14:06:41.161+0000] {dagbag.py:540} INFO - Filling up the DagBag from /home/airflow/.local/lib/python3.8/site-packages/airflow/example_dags/example_short_circuit_operator.py
[2026-09-10T14:06:41.186+0000] {processor.py:840} INFO - DAG(s) 'example_short_circuit_operator' retrieved from /home/airflow/.local/lib/python3.8/site-packages/airflow/example_dags/example_short_circuit_operator.py
[2026-09-10T14:06:41.239+0000] {logging_mixin.py:188} INFO - [2026-09-10T14:06:41.239+0000] {dag.py:3047} INFO - Sync 1 DAGs
[2026-09-10T14:06:41.287+0000] {logging_mixin.py:188} INFO - [2026-09-10T14:06:41.286+0000] {dag.py:3834} INFO - Setting next_dagrun for example_short_circuit_operator to 2026-09-09 00:00:00+00:00, run_after=2026-09-10 00:00:00+00:00
[2026-09-10T14:06:41.321+0000] {processor.py:183} INFO - Processing /home/airflow/.local/lib/python3.8/site-packages/airflow/example_dags/example_short_circuit_operator.py took 0.188 seconds
[2026-09-10T14:07:12.340+0000] {processor.py:161} INFO - Started process (PID=2869) to work on /home/airflow/.local/lib/python3.8/site-packages/airflow/example_dags/example_short_circuit_operator.py
[2026-09-10T14:07:12.342+0000] {processor.py:830} INFO - Processing file /home/airflow/.local/lib/python3.8/site-packages/airflow/example_dags/example_short_circuit_operator.py for tasks to queue
[2026-09-10T14:07:12.345+0000] {logging_mixin.py:188} INFO - [2026-09-10T14:07:12.345+0000] {dagbag.py:540} INFO - Filling up the DagBag from /home/airflow/.local/lib/python3.8/site-packages/airflow/example_dags/example_short_circuit_operator.py
[2026-09-10T14:07:12.354+0000] {processor.py:840} INFO - DAG(s) 'example_short_circuit_operator' retrieved from /home/airflow/.local/lib/python3.8/site-packages/airflow/example_dags/example_short_circuit_operator.py
[2026-09-10T14:07:12.386+0000] {logging_mixin.py:188} INFO - [2026-09-10T14:07:12.386+0000] {dag.py:3047} INFO - Sync 1 DAGs
[2026-09-10T14:07:12.415+0000] {logging_mixin.py:188} INFO - [2026-09-10T14:07:12.415+0000] {dag.py:3834} INFO - Setting next_dagrun for example_short_circuit_operator to 2026-09-09 00:00:00+00:00, run_after=2026-09-10 00:00:00+00:00
[2026-09-10T14:07:12.439+0000] {processor.py:183} INFO - Processing /home/airflow/.local/lib/python3.8/site-packages/airflow/example_dags/example_short_circuit_operator.py took 0.103 seconds
[2026-09-10T14:07:42.974+0000] {processor.py:161} INFO - Started process (PID=2930) to work on /home/airflow/.local/lib/python3.8/site-packages/airflow/example_dags/example_short_circuit_operator.py
[2026-09-10T14:07:42.977+0000] {processor.py:830} INFO - Processing file /home/airflow/.local/lib/python3.8/site-packages/airflow/example_dags/example_short_circuit_operator.py for tasks to queue
[2026-09-10T14:07:42.986+0000] {logging_mixin.py:188} INFO - [2026-09-10T14:07:42.984+0000] {dagbag.py:540} INFO - Filling up the DagBag from /home/airflow/.local/lib/python3.8/site-packages/airflow/example_dags/example_short_circuit_operator.py
[2026-09-10T14:07:43.003+0000] {processor.py:840} INFO - DAG(s) 'example_short_circuit_operator' retrieved from /home/airflow/.local/lib/python3.8/site-packages/airflow/example_dags/example_short_circuit_operator.py
[2026-09-10T14:07:43.053+0000] {logging_mixin.py:188} INFO - [2026-09-10T14:07:43.053+0000] {dag.py:3047} INFO - Sync 1 DAGs
[2026-09-10T14:07:43.101+0000] {logging_mixin.py:188} INFO - [2026-09-10T14:07:43.101+0000] {dag.py:3834} INFO - Setting next_dagrun for example_short_circuit_operator to 2026-09-09 00:00:00+00:00, run_after=2026-09-10 00:00:00+00:00
[2026-09-10T14:07:43.134+0000] {processor.py:183} INFO - Processing /home/airflow/.local/lib/python3.8/site-packages/airflow/example_dags/example_short_circuit_operator.py took 0.164 seconds
[2026-09-10T14:08:13.870+0000] {processor.py:161} INFO - Started process (PID=2991) to work on /home/airflow/.local/lib/python3.8/site-packages/airflow/example_dags/example_short_circuit_operator.py
[2026-09-10T14:08:13.871+0000] {processor.py:830} INFO - Processing file /home/airflow/.local/lib/python3.8/site-packages/airflow/example_dags/example_short_circuit_operator.py for tasks to queue
[2026-09-10T14:08:13.875+0000] {logging_mixin.py:188} INFO - [2026-09-10T14:08:13.874+0000] {dagbag.py:540} INFO - Filling up the DagBag from /home/airflow/.local/lib/python3.8/site-packages/airflow/example_dags/example_short_circuit_operator.py
[2026-09-10T14:08:13.885+0000] {processor.py:840} INFO - DAG(s) 'example_short_circuit_operator' retrieved from /home/airflow/.local/lib/python3.8/site-packages/airflow/example_dags/example_short_circuit_operator.py
[2026-09-10T14:08:13.917+0000] {logging_mixin.py:188} INFO - [2026-09-10T14:08:13.916+0000] {dag.py:3047} INFO - Sync 1 DAGs
[2026-09-10T14:08:13.949+0000] {logging_mixin.py:188} INFO - [2026-09-10T14:08:13.948+0000] {dag.py:3834} INFO - Setting next_dagrun for example_short_circuit_operator to 2026-09-09 00:00:00+00:00, run_after=2026-09-10 00:00:00+00:00
[2026-09-10T14:08:13.974+0000] {processor.py:183} INFO - Processing /home/airflow/.local/lib/python3.8/site-packages/airflow/example_dags/example_short_circuit_operator.py took 0.108 seconds
[2026-09-10T14:08:44.278+0000] {processor.py:161} INFO - Started process (PID=3052) to work on /home/airflow/.local/lib/python3.8/site-packages/airflow/example_dags/example_short_circuit_operator.py
[2026-09-10T14:08:44.279+0000] {processor.py:830} INFO - Processing file /home/airflow/.local/lib/python3.8/site-packages/airflow/example_dags/example_short_circuit_operator.py for tasks to queue
[2026-09-10T14:08:44.282+0000] {logging_mixin.py:188} INFO - [2026-09-10T14:08:44.281+0000] {dagbag.py:540} INFO - Filling up the DagBag from /home/airflow/.local/lib/python3.8/site-packages/airflow/example_dags/example_short_circuit_operator.py
[2026-09-10T14:08:44.290+0000] {processor.py:840} INFO - DAG(s) 'example_short_circuit_operator' retrieved from /home/airflow/.local/lib/python3.8/site-packages/airflow/example_dags/example_short_circuit_operator.py
[2026-09-10T14:08:44.317+0000] {logging_mixin.py:188} INFO - [2026-09-10T14:08:44.317+0000] {dag.py:3047} INFO - Sync 1 DAGs
[2026-09-10T14:08:44.342+0000] {logging_mixin.py:188} INFO - [2026-09-10T14:08:44.342+0000] {dag.py:3834} INFO - Setting next_dagrun for example_short_circuit_operator to 2026-09-09 00:00:00+00:00, run_after=2026-09-10 00:00:00+00:00
[2026-09-10T14:08:44.368+0000] {processor.py:183} INFO - Processing /home/airflow/.local/lib/python3.8/site-packages/airflow/example_dags/example_short_circuit_operator.py took 0.094 seconds
[2026-09-10T14:09:15.059+0000] {processor.py:161} INFO - Started process (PID=3113) to work on /home/airflow/.local/lib/python3.8/site-packages/airflow/example_dags/example_short_circuit_operator.py
[2026-09-10T14:09:15.061+0000] {processor.py:830} INFO - Processing file /home/airflow/.local/lib/python3.8/site-packages/airflow/example_dags/example_short_circuit_operator.py for tasks to queue
[2026-09-10T14:09:15.064+0000] {logging_mixin.py:188} INFO - [2026-09-10T14:09:15.064+0000] {dagbag.py:540} INFO - Filling up the DagBag from /home/airflow/.local/lib/python3.8/site-packages/airflow/example_dags/example_short_circuit_operator.py
[2026-09-10T14:09:15.079+0000] {processor.py:840} INFO - DAG(s) 'example_short_circuit_operator' retrieved from /home/airflow/.local/lib/python3.8/site-packages/airflow/example_dags/example_short_circuit_operator.py
[2026-09-10T14:09:15.114+0000] {logging_mixin.py:188} INFO - [2026-09-10T14:09:15.114+0000] {dag.py:3047} INFO - Sync 1 DAGs
[2026-09-10T14:09:15.161+0000] {logging_mixin.py:188} INFO - [2026-09-10T14:09:15.161+0000] {dag.py:3834} INFO - Setting next_dagrun for example_short_circuit_operator to 2026-09-09 00:00:00+00:00, run_after=2026-09-10 00:00:00+00:00
[2026-09-10T14:09:15.205+0000] {processor.py:183} INFO - Processing /home/airflow/.local/lib/python3.8/site-packages/airflow/example_dags/example_short_circuit_operator.py took 0.149 seconds
[2026-09-10T14:09:45.962+0000] {processor.py:161} INFO - Started process (PID=3174) to work on /home/airflow/.local/lib/python3.8/site-packages/airflow/example_dags/example_short_circuit_operator.py
[2026-09-10T14:09:45.964+0000] {processor.py:830} INFO - Processing file /home/airflow/.local/lib/python3.8/site-packages/airflow/example_dags/example_short_circuit_operator.py for tasks to queue
[2026-09-10T14:09:45.969+0000] {logging_mixin.py:188} INFO - [2026-09-10T14:09:45.968+0000] {dagbag.py:540} INFO - Filling up the DagBag from /home/airflow/.local/lib/python3.8/site-packages/airflow/example_dags/example_short_circuit_operator.py
[2026-09-10T14:09:45.980+0000] {processor.py:840} INFO - DAG(s) 'example_short_circuit_operator' retrieved from /home/airflow/.local/lib/python3.8/site-packages/airflow/example_dags/example_short_circuit_operator.py
[2026-09-10T14:09:46.014+0000] {logging_mixin.py:188} INFO - [2026-09-10T14:09:46.014+0000] {dag.py:3047} INFO - Sync 1 DAGs
[2026-09-10T14:09:46.042+0000] {logging_mixin.py:188} INFO - [2026-09-10T14:09:46.041+0000] {dag.py:3834} INFO - Setting next_dagrun for example_short_circuit_operator to 2026-09-09 00:00:00+00:00, run_after=2026-09-10 00:00:00+00:00
[2026-09-10T14:09:46.072+0000] {processor.py:183} INFO - Processing /home/airflow/.local/lib/python3.8/site-packages/airflow/example_dags/example_short_circuit_operator.py took 0.113 seconds
[2026-09-10T14:10:16.767+0000] {processor.py:161} INFO - Started process (PID=3237) to work on /home/airflow/.local/lib/python3.8/site-packages/airflow/example_dags/example_short_circuit_operator.py
[2026-09-10T14:10:16.769+0000] {processor.py:830} INFO - Processing file /home/airflow/.local/lib/python3.8/site-packages/airflow/example_dags/example_short_circuit_operator.py for tasks to queue
[2026-09-10T14:10:16.772+0000] {logging_mixin.py:188} INFO - [2026-09-10T14:10:16.772+0000] {dagbag.py:540} INFO - Filling up the DagBag from /home/airflow/.local/lib/python3.8/site-packages/airflow/example_dags/example_short_circuit_operator.py
[2026-09-10T14:10:16.783+0000] {processor.py:840} INFO - DAG(s) 'example_short_circuit_operator' retrieved from /home/airflow/.local/lib/python3.8/site-packages/airflow/example_dags/example_short_circuit_operator.py
[2026-09-10T14:10:16.816+0000] {logging_mixin.py:188} INFO - [2026-09-10T14:10:16.816+0000] {dag.py:3047} INFO - Sync 1 DAGs
[2026-09-10T14:10:16.842+0000] {logging_mixin.py:188} INFO - [2026-09-10T14:10:16.841+0000] {dag.py:3834} INFO - Setting next_dagrun for example_short_circuit_operator to 2026-09-09 00:00:00+00:00, run_after=2026-09-10 00:00:00+00:00
[2026-09-10T14:10:16.866+0000] {processor.py:183} INFO - Processing /home/airflow/.local/lib/python3.8/site-packages/airflow/example_dags/example_short_circuit_operator.py took 0.103 seconds
[2026-09-10T14:10:47.513+0000] {processor.py:161} INFO - Started process (PID=3302) to work on /home/airflow/.local/lib/python3.8/site-packages/airflow/example_dags/example_short_circuit_operator.py
[2026-09-10T14:10:47.515+0000] {processor.py:830} INFO - Processing file /home/airflow/.local/lib/python3.8/site-packages/airflow/example_dags/example_short_circuit_operator.py for tasks to queue
[2026-09-10T14:10:47.518+0000] {logging_mixin.py:188} INFO - [2026-09-10T14:10:47.518+0000] {dagbag.py:540} INFO - Filling up the DagBag from /home/airflow/.local/lib/python3.8/site-packages/airflow/example_dags/example_short_circuit_operator.py
[2026-09-10T14:10:47.528+0000] {processor.py:840} INFO - DAG(s) 'example_short_circuit_operator' retrieved from /home/airflow/.local/lib/python3.8/site-packages/airflow/example_dags/example_short_circuit_operator.py
[2026-09-10T14:10:47.559+0000] {logging_mixin.py:188} INFO - [2026-09-10T14:10:47.559+0000] {dag.py:3047} INFO - Sync 1 DAGs
[2026-09-10T14:10:47.598+0000] {logging_mixin.py:188} INFO - [2026-09-10T14:10:47.598+0000] {dag.py:3834} INFO - Setting next_dagrun for example_short_circuit_operator to 2026-09-09 00:00:00+00:00, run_after=2026-09-10 00:00:00+00:00
[2026-09-10T14:10:47.624+0000] {processor.py:183} INFO - Processing /home/airflow/.local/lib/python3.8/site-packages/airflow/example_dags/example_short_circuit_operator.py took 0.116 seconds
[2026-09-10T14:11:18.009+0000] {processor.py:161} INFO - Started process (PID=3363) to work on /home/airflow/.local/lib/python3.8/site-packages/airflow/example_dags/example_short_circuit_operator.py
[2026-09-10T14:11:18.012+0000] {processor.py:830} INFO - Processing file /home/airflow/.local/lib/python3.8/site-packages/airflow/example_dags/example_short_circuit_operator.py for tasks to queue
[2026-09-10T14:11:18.016+0000] {logging_mixin.py:188} INFO - [2026-09-10T14:11:18.015+0000] {dagbag.py:540} INFO - Filling up the DagBag from /home/airflow/.local/lib/python3.8/site-packages/airflow/example_dags/example_short_circuit_operator.py
[2026-09-10T14:11:18.026+0000] {processor.py:840} INFO - DAG(s) 'example_short_circuit_operator' retrieved from /home/airflow/.local/lib/python3.8/site-packages/airflow/example_dags/example_short_circuit_operator.py
[2026-09-10T14:11:18.065+0000] {logging_mixin.py:188} INFO - [2026-09-10T14:11:18.065+0000] {dag.py:3047} INFO - Sync 1 DAGs
[2026-09-10T14:11:18.095+0000] {logging_mixin.py:188} INFO - [2026-09-10T14:11:18.094+0000] {dag.py:3834} INFO - Setting next_dagrun for example_short_circuit_operator to 2026-09-09 00:00:00+00:00, run_after=2026-09-10 00:00:00+00:00
[2026-09-10T14:11:18.124+0000] {processor.py:183} INFO - Processing /home/airflow/.local/lib/python3.8/site-packages/airflow/example_dags/example_short_circuit_operator.py took 0.119 seconds
[2026-09-10T14:11:48.436+0000] {processor.py:161} INFO - Started process (PID=3424) to work on /home/airflow/.local/lib/python3.8/site-packages/airflow/example_dags/example_short_circuit_operator.py
[2026-09-10T14:11:48.439+0000] {processor.py:830} INFO - Processing file /home/airflow/.local/lib/python3.8/site-packages/airflow/example_dags/example_short_circuit_operator.py for tasks to queue
[2026-09-10T14:11:48.442+0000] {logging_mixin.py:188} INFO - [2026-09-10T14:11:48.442+0000] {dagbag.py:540} INFO - Filling up the DagBag from /home/airflow/.local/lib/python3.8/site-packages/airflow/example_dags/example_short_circuit_operator.py
[2026-09-10T14:11:48.458+0000] {processor.py:840} INFO - DAG(s) 'example_short_circuit_operator' retrieved from /home/airflow/.local/lib/python3.8/site-packages/airflow/example_dags/example_short_circuit_operator.py
[2026-09-10T14:11:48.520+0000] {logging_mixin.py:188} INFO - [2026-09-10T14:11:48.519+0000] {dag.py:3047} INFO - Sync 1 DAGs
[2026-09-10T14:11:48.585+0000] {logging_mixin.py:188} INFO - [2026-09-10T14:11:48.584+0000] {dag.py:3834} INFO - Setting next_dagrun for example_short_circuit_operator to 2026-09-09 00:00:00+00:00, run_after=2026-09-10 00:00:00+00:00
[2026-09-10T14:11:48.627+0000] {processor.py:183} INFO - Processing /home/airflow/.local/lib/python3.8/site-packages/airflow/example_dags/example_short_circuit_operator.py took 0.198 seconds
[2026-09-10T14:12:16.110+0000] {processor.py:161} INFO - Started process (PID=84) to work on /home/airflow/.local/lib/python3.8/site-packages/airflow/example_dags/example_short_circuit_operator.py
[2026-09-10T14:12:16.112+0000] {processor.py:830} INFO - Processing file /home/airflow/.local/lib/python3.8/site-packages/airflow/example_dags/example_short_circuit_operator.py for tasks to queue
[2026-09-10T14:12:16.116+0000] {logging_mixin.py:188} INFO - [2026-09-10T14:12:16.115+0000] {dagbag.py:540} INFO - Filling up the DagBag from /home/airflow/.local/lib/python3.8/site-packages/airflow/example_dags/example_short_circuit_operator.py
[2026-09-10T14:12:16.127+0000] {processor.py:840} INFO - DAG(s) 'example_short_circuit_operator' retrieved from /home/airflow/.local/lib/python3.8/site-packages/airflow/example_dags/example_short_circuit_operator.py
[2026-09-10T14:12:16.168+0000] {logging_mixin.py:188} INFO - [2026-09-10T14:12:16.168+0000] {dag.py:3047} INFO - Sync 1 DAGs
[2026-09-10T14:12:16.198+0000] {logging_mixin.py:188} INFO - [2026-09-10T14:12:16.197+0000] {dag.py:3834} INFO - Setting next_dagrun for example_short_circuit_operator to 2026-09-09 00:00:00+00:00, run_after=2026-09-10 00:00:00+00:00
[2026-09-10T14:12:16.227+0000] {processor.py:183} INFO - Processing /home/airflow/.local/lib/python3.8/site-packages/airflow/example_dags/example_short_circuit_operator.py took 0.123 seconds
[2026-09-10T14:12:46.832+0000] {processor.py:161} INFO - Started process (PID=145) to work on /home/airflow/.local/lib/python3.8/site-packages/airflow/example_dags/example_short_circuit_operator.py
[2026-09-10T14:12:46.834+0000] {processor.py:830} INFO - Processing file /home/airflow/.local/lib/python3.8/site-packages/airflow/example_dags/example_short_circuit_operator.py for tasks to queue
[2026-09-10T14:12:46.836+0000] {logging_mixin.py:188} INFO - [2026-09-10T14:12:46.836+0000] {dagbag.py:540} INFO - Filling up the DagBag from /home/airflow/.local/lib/python3.8/site-packages/airflow/example_dags/example_short_circuit_operator.py
[2026-09-10T14:12:46.845+0000] {processor.py:840} INFO - DAG(s) 'example_short_circuit_operator' retrieved from /home/airflow/.local/lib/python3.8/site-packages/airflow/example_dags/example_short_circuit_operator.py
[2026-09-10T14:12:46.878+0000] {logging_mixin.py:188} INFO - [2026-09-10T14:12:46.877+0000] {dag.py:3047} INFO - Sync 1 DAGs
[2026-09-10T14:12:46.910+0000] {logging_mixin.py:188} INFO - [2026-09-10T14:12:46.910+0000] {dag.py:3834} INFO - Setting next_dagrun for example_short_circuit_operator to 2026-09-09 00:00:00+00:00, run_after=2026-09-10 00:00:00+00:00
[2026-09-10T14:12:46.935+0000] {processor.py:183} INFO - Processing /home/airflow/.local/lib/python3.8/site-packages/airflow/example_dags/example_short_circuit_operator.py took 0.107 seconds
[2026-09-10T14:13:17.706+0000] {processor.py:161} INFO - Started process (PID=214) to work on /home/airflow/.local/lib/python3.8/site-packages/airflow/example_dags/example_short_circuit_operator.py
[2026-09-10T14:13:17.707+0000] {processor.py:830} INFO - Processing file /home/airflow/.local/lib/python3.8/site-packages/airflow/example_dags/example_short_circuit_operator.py for tasks to queue
[2026-09-10T14:13:17.710+0000] {logging_mixin.py:188} INFO - [2026-09-10T14:13:17.710+0000] {dagbag.py:540} INFO - Filling up the DagBag from /home/airflow/.local/lib/python3.8/site-packages/airflow/example_dags/example_short_circuit_operator.py
[2026-09-10T14:13:17.722+0000] {processor.py:840} INFO - DAG(s) 'example_short_circuit_operator' retrieved from /home/airflow/.local/lib/python3.8/site-packages/airflow/example_dags/example_short_circuit_operator.py
[2026-09-10T14:13:17.753+0000] {logging_mixin.py:188} INFO - [2026-09-10T14:13:17.753+0000] {dag.py:3047} INFO - Sync 1 DAGs
[2026-09-10T14:13:17.785+0000] {logging_mixin.py:188} INFO - [2026-09-10T14:13:17.785+0000] {dag.py:3834} INFO - Setting next_dagrun for example_short_circuit_operator to 2026-09-09 00:00:00+00:00, run_after=2026-09-10 00:00:00+00:00
[2026-09-10T14:13:17.821+0000] {processor.py:183} INFO - Processing /home/airflow/.local/lib/python3.8/site-packages/airflow/example_dags/example_short_circuit_operator.py took 0.120 seconds
[2026-09-10T14:13:48.487+0000] {processor.py:161} INFO - Started process (PID=285) to work on /home/airflow/.local/lib/python3.8/site-packages/airflow/example_dags/example_short_circuit_operator.py
[2026-09-10T14:13:48.488+0000] {processor.py:830} INFO - Processing file /home/airflow/.local/lib/python3.8/site-packages/airflow/example_dags/example_short_circuit_operator.py for tasks to queue
[2026-09-10T14:13:48.491+0000] {logging_mixin.py:188} INFO - [2026-09-10T14:13:48.491+0000] {dagbag.py:540} INFO - Filling up the DagBag from /home/airflow/.local/lib/python3.8/site-packages/airflow/example_dags/example_short_circuit_operator.py
[2026-09-10T14:13:48.504+0000] {processor.py:840} INFO - DAG(s) 'example_short_circuit_operator' retrieved from /home/airflow/.local/lib/python3.8/site-packages/airflow/example_dags/example_short_circuit_operator.py
[2026-09-10T14:13:48.533+0000] {logging_mixin.py:188} INFO - [2026-09-10T14:13:48.532+0000] {dag.py:3047} INFO - Sync 1 DAGs
[2026-09-10T14:13:48.562+0000] {logging_mixin.py:188} INFO - [2026-09-10T14:13:48.562+0000] {dag.py:3834} INFO - Setting next_dagrun for example_short_circuit_operator to 2026-09-09 00:00:00+00:00, run_after=2026-09-10 00:00:00+00:00
[2026-09-10T14:13:48.588+0000] {processor.py:183} INFO - Processing /home/airflow/.local/lib/python3.8/site-packages/airflow/example_dags/example_short_circuit_operator.py took 0.105 seconds
[2026-09-10T14:14:18.904+0000] {processor.py:161} INFO - Started process (PID=346) to work on /home/airflow/.local/lib/python3.8/site-packages/airflow/example_dags/example_short_circuit_operator.py
[2026-09-10T14:14:18.913+0000] {processor.py:830} INFO - Processing file /home/airflow/.local/lib/python3.8/site-packages/airflow/example_dags/example_short_circuit_operator.py for tasks to queue
[2026-09-10T14:14:18.918+0000] {logging_mixin.py:188} INFO - [2026-09-10T14:14:18.917+0000] {dagbag.py:540} INFO - Filling up the DagBag from /home/airflow/.local/lib/python3.8/site-packages/airflow/example_dags/example_short_circuit_operator.py
[2026-09-10T14:14:18.939+0000] {processor.py:840} INFO - DAG(s) 'example_short_circuit_operator' retrieved from /home/airflow/.local/lib/python3.8/site-packages/airflow/example_dags/example_short_circuit_operator.py
[2026-09-10T14:14:19.016+0000] {logging_mixin.py:188} INFO - [2026-09-10T14:14:19.016+0000] {dag.py:3047} INFO - Sync 1 DAGs
[2026-09-10T14:14:19.075+0000] {logging_mixin.py:188} INFO - [2026-09-10T14:14:19.072+0000] {dag.py:3834} INFO - Setting next_dagrun for example_short_circuit_operator to 2026-09-09 00:00:00+00:00, run_after=2026-09-10 00:00:00+00:00
[2026-09-10T14:14:19.127+0000] {processor.py:183} INFO - Processing /home/airflow/.local/lib/python3.8/site-packages/airflow/example_dags/example_short_circuit_operator.py took 0.230 seconds
[2026-09-10T14:14:49.321+0000] {processor.py:161} INFO - Started process (PID=407) to work on /home/airflow/.local/lib/python3.8/site-packages/airflow/example_dags/example_short_circuit_operator.py
[2026-09-10T14:14:49.322+0000] {processor.py:830} INFO - Processing file /home/airflow/.local/lib/python3.8/site-packages/airflow/example_dags/example_short_circuit_operator.py for tasks to queue
[2026-09-10T14:14:49.325+0000] {logging_mixin.py:188} INFO - [2026-09-10T14:14:49.325+0000] {dagbag.py:540} INFO - Filling up the DagBag from /home/airflow/.local/lib/python3.8/site-packages/airflow/example_dags/example_short_circuit_operator.py
[2026-09-10T14:14:49.334+0000] {processor.py:840} INFO - DAG(s) 'example_short_circuit_operator' retrieved from /home/airflow/.local/lib/python3.8/site-packages/airflow/example_dags/example_short_circuit_operator.py
[2026-09-10T14:14:49.362+0000] {logging_mixin.py:188} INFO - [2026-09-10T14:14:49.361+0000] {dag.py:3047} INFO - Sync 1 DAGs
[2026-09-10T14:14:49.389+0000] {logging_mixin.py:188} INFO - [2026-09-10T14:14:49.388+0000] {dag.py:3834} INFO - Setting next_dagrun for example_short_circuit_operator to 2026-09-09 00:00:00+00:00, run_after=2026-09-10 00:00:00+00:00
[2026-09-10T14:14:49.413+0000] {processor.py:183} INFO - Processing /home/airflow/.local/lib/python3.8/site-packages/airflow/example_dags/example_short_circuit_operator.py took 0.097 seconds
[2026-09-10T14:15:19.956+0000] {processor.py:161} INFO - Started process (PID=468) to work on /home/airflow/.local/lib/python3.8/site-packages/airflow/example_dags/example_short_circuit_operator.py
[2026-09-10T14:15:19.958+0000] {processor.py:830} INFO - Processing file /home/airflow/.local/lib/python3.8/site-packages/airflow/example_dags/example_short_circuit_operator.py for tasks to queue
[2026-09-10T14:15:19.960+0000] {logging_mixin.py:188} INFO - [2026-09-10T14:15:19.960+0000] {dagbag.py:540} INFO - Filling up the DagBag from /home/airflow/.local/lib/python3.8/site-packages/airflow/example_dags/example_short_circuit_operator.py
[2026-09-10T14:15:19.972+0000] {processor.py:840} INFO - DAG(s) 'example_short_circuit_operator' retrieved from /home/airflow/.local/lib/python3.8/site-packages/airflow/example_dags/example_short_circuit_operator.py
[2026-09-10T14:15:20.031+0000] {logging_mixin.py:188} INFO - [2026-09-10T14:15:20.030+0000] {dag.py:3047} INFO - Sync 1 DAGs
[2026-09-10T14:15:20.075+0000] {logging_mixin.py:188} INFO - [2026-09-10T14:15:20.074+0000] {dag.py:3834} INFO - Setting next_dagrun for example_short_circuit_operator to 2026-09-09 00:00:00+00:00, run_after=2026-09-10 00:00:00+00:00
[2026-09-10T14:15:20.099+0000] {processor.py:183} INFO - Processing /home/airflow/.local/lib/python3.8/site-packages/airflow/example_dags/example_short_circuit_operator.py took 0.146 seconds
[2026-09-10T14:15:50.763+0000] {processor.py:161} INFO - Started process (PID=527) to work on /home/airflow/.local/lib/python3.8/site-packages/airflow/example_dags/example_short_circuit_operator.py
[2026-09-10T14:15:50.765+0000] {processor.py:830} INFO - Processing file /home/airflow/.local/lib/python3.8/site-packages/airflow/example_dags/example_short_circuit_operator.py for tasks to queue
[2026-09-10T14:15:50.768+0000] {logging_mixin.py:188} INFO - [2026-09-10T14:15:50.768+0000] {dagbag.py:540} INFO - Filling up the DagBag from /home/airflow/.local/lib/python3.8/site-packages/airflow/example_dags/example_short_circuit_operator.py
[2026-09-10T14:15:50.780+0000] {processor.py:840} INFO - DAG(s) 'example_short_circuit_operator' retrieved from /home/airflow/.local/lib/python3.8/site-packages/airflow/example_dags/example_short_circuit_operator.py
[2026-09-10T14:15:50.803+0000] {logging_mixin.py:188} INFO - [2026-09-10T14:15:50.803+0000] {dag.py:3047} INFO - Sync 1 DAGs
[2026-09-10T14:15:50.827+0000] {logging_mixin.py:188} INFO - [2026-09-10T14:15:50.826+0000] {dag.py:3834} INFO - Setting next_dagrun for example_short_circuit_operator to 2026-09-09 00:00:00+00:00, run_after=2026-09-10 00:00:00+00:00
[2026-09-10T14:15:50.856+0000] {processor.py:183} INFO - Processing /home/airflow/.local/lib/python3.8/site-packages/airflow/example_dags/example_short_circuit_operator.py took 0.097 seconds
[2026-09-10T14:16:22.260+0000] {processor.py:161} INFO - Started process (PID=590) to work on /home/airflow/.local/lib/python3.8/site-packages/airflow/example_dags/example_short_circuit_operator.py
[2026-09-10T14:16:22.262+0000] {processor.py:830} INFO - Processing file /home/airflow/.local/lib/python3.8/site-packages/airflow/example_dags/example_short_circuit_operator.py for tasks to queue
[2026-09-10T14:16:22.265+0000] {logging_mixin.py:188} INFO - [2026-09-10T14:16:22.264+0000] {dagbag.py:540} INFO - Filling up the DagBag from /home/airflow/.local/lib/python3.8/site-packages/airflow/example_dags/example_short_circuit_operator.py
[2026-09-10T14:16:22.274+0000] {processor.py:840} INFO - DAG(s) 'example_short_circuit_operator' retrieved from /home/airflow/.local/lib/python3.8/site-packages/airflow/example_dags/example_short_circuit_operator.py
[2026-09-10T14:16:22.310+0000] {logging_mixin.py:188} INFO - [2026-09-10T14:16:22.309+0000] {dag.py:3047} INFO - Sync 1 DAGs
[2026-09-10T14:16:22.337+0000] {logging_mixin.py:188} INFO - [2026-09-10T14:16:22.337+0000] {dag.py:3834} INFO - Setting next_dagrun for example_short_circuit_operator to 2026-09-09 00:00:00+00:00, run_after=2026-09-10 00:00:00+00:00
[2026-09-10T14:16:22.363+0000] {processor.py:183} INFO - Processing /home/airflow/.local/lib/python3.8/site-packages/airflow/example_dags/example_short_circuit_operator.py took 0.107 seconds
[2026-09-10T14:16:52.622+0000] {processor.py:161} INFO - Started process (PID=649) to work on /home/airflow/.local/lib/python3.8/site-packages/airflow/example_dags/example_short_circuit_operator.py
[2026-09-10T14:16:52.625+0000] {processor.py:830} INFO - Processing file /home/airflow/.local/lib/python3.8/site-packages/airflow/example_dags/example_short_circuit_operator.py for tasks to queue
[2026-09-10T14:16:52.628+0000] {logging_mixin.py:188} INFO - [2026-09-10T14:16:52.628+0000] {dagbag.py:540} INFO - Filling up the DagBag from /home/airflow/.local/lib/python3.8/site-packages/airflow/example_dags/example_short_circuit_operator.py
[2026-09-10T14:16:52.638+0000] {processor.py:840} INFO - DAG(s) 'example_short_circuit_operator' retrieved from /home/airflow/.local/lib/python3.8/site-packages/airflow/example_dags/example_short_circuit_operator.py
[2026-09-10T14:16:52.666+0000] {logging_mixin.py:188} INFO - [2026-09-10T14:16:52.666+0000] {dag.py:3047} INFO - Sync 1 DAGs
[2026-09-10T14:16:52.693+0000] {logging_mixin.py:188} INFO - [2026-09-10T14:16:52.693+0000] {dag.py:3834} INFO - Setting next_dagrun for example_short_circuit_operator to 2026-09-09 00:00:00+00:00, run_after=2026-09-10 00:00:00+00:00
[2026-09-10T14:16:52.720+0000] {processor.py:183} INFO - Processing /home/airflow/.local/lib/python3.8/site-packages/airflow/example_dags/example_short_circuit_operator.py took 0.104 seconds
[2026-09-10T14:17:22.764+0000] {processor.py:161} INFO - Started process (PID=708) to work on /home/airflow/.local/lib/python3.8/site-packages/airflow/example_dags/example_short_circuit_operator.py
[2026-09-10T14:17:22.766+0000] {processor.py:830} INFO - Processing file /home/airflow/.local/lib/python3.8/site-packages/airflow/example_dags/example_short_circuit_operator.py for tasks to queue
[2026-09-10T14:17:22.768+0000] {logging_mixin.py:188} INFO - [2026-09-10T14:17:22.768+0000] {dagbag.py:540} INFO - Filling up the DagBag from /home/airflow/.local/lib/python3.8/site-packages/airflow/example_dags/example_short_circuit_operator.py
[2026-09-10T14:17:22.778+0000] {processor.py:840} INFO - DAG(s) 'example_short_circuit_operator' retrieved from /home/airflow/.local/lib/python3.8/site-packages/airflow/example_dags/example_short_circuit_operator.py
[2026-09-10T14:17:22.806+0000] {logging_mixin.py:188} INFO - [2026-09-10T14:17:22.805+0000] {dag.py:3047} INFO - Sync 1 DAGs
[2026-09-10T14:17:22.829+0000] {logging_mixin.py:188} INFO - [2026-09-10T14:17:22.828+0000] {dag.py:3834} INFO - Setting next_dagrun for example_short_circuit_operator to 2026-09-09 00:00:00+00:00, run_after=2026-09-10 00:00:00+00:00
[2026-09-10T14:17:22.851+0000] {processor.py:183} INFO - Processing /home/airflow/.local/lib/python3.8/site-packages/airflow/example_dags/example_short_circuit_operator.py took 0.090 seconds
[2026-09-10T14:17:53.139+0000] {processor.py:161} INFO - Started process (PID=769) to work on /home/airflow/.local/lib/python3.8/site-packages/airflow/example_dags/example_short_circuit_operator.py
[2026-09-10T14:17:53.141+0000] {processor.py:830} INFO - Processing file /home/airflow/.local/lib/python3.8/site-packages/airflow/example_dags/example_short_circuit_operator.py for tasks to queue
[2026-09-10T14:17:53.143+0000] {logging_mixin.py:188} INFO - [2026-09-10T14:17:53.143+0000] {dagbag.py:540} INFO - Filling up the DagBag from /home/airflow/.local/lib/python3.8/site-packages/airflow/example_dags/example_short_circuit_operator.py
[2026-09-10T14:17:53.154+0000] {processor.py:840} INFO - DAG(s) 'example_short_circuit_operator' retrieved from /home/airflow/.local/lib/python3.8/site-packages/airflow/example_dags/example_short_circuit_operator.py
[2026-09-10T14:17:53.185+0000] {logging_mixin.py:188} INFO - [2026-09-10T14:17:53.185+0000] {dag.py:3047} INFO - Sync 1 DAGs
[2026-09-10T14:17:53.213+0000] {logging_mixin.py:188} INFO - [2026-09-10T14:17:53.213+0000] {dag.py:3834} INFO - Setting next_dagrun for example_short_circuit_operator to 2026-09-09 00:00:00+00:00, run_after=2026-09-10 00:00:00+00:00
[2026-09-10T14:17:53.239+0000] {processor.py:183} INFO - Processing /home/airflow/.local/lib/python3.8/site-packages/airflow/example_dags/example_short_circuit_operator.py took 0.104 seconds
[2026-09-10T14:18:23.778+0000] {processor.py:161} INFO - Started process (PID=830) to work on /home/airflow/.local/lib/python3.8/site-packages/airflow/example_dags/example_short_circuit_operator.py
[2026-09-10T14:18:23.781+0000] {processor.py:830} INFO - Processing file /home/airflow/.local/lib/python3.8/site-packages/airflow/example_dags/example_short_circuit_operator.py for tasks to queue
[2026-09-10T14:18:23.785+0000] {logging_mixin.py:188} INFO - [2026-09-10T14:18:23.784+0000] {dagbag.py:540} INFO - Filling up the DagBag from /home/airflow/.local/lib/python3.8/site-packages/airflow/example_dags/example_short_circuit_operator.py
[2026-09-10T14:18:23.794+0000] {processor.py:840} INFO - DAG(s) 'example_short_circuit_operator' retrieved from /home/airflow/.local/lib/python3.8/site-packages/airflow/example_dags/example_short_circuit_operator.py
[2026-09-10T14:18:23.825+0000] {logging_mixin.py:188} INFO - [2026-09-10T14:18:23.825+0000] {dag.py:3047} INFO - Sync 1 DAGs
[2026-09-10T14:18:23.854+0000] {logging_mixin.py:188} INFO - [2026-09-10T14:18:23.853+0000] {dag.py:3834} INFO - Setting next_dagrun for example_short_circuit_operator to 2026-09-09 00:00:00+00:00, run_after=2026-09-10 00:00:00+00:00
[2026-09-10T14:18:23.875+0000] {processor.py:183} INFO - Processing /home/airflow/.local/lib/python3.8/site-packages/airflow/example_dags/example_short_circuit_operator.py took 0.101 seconds
[2026-09-10T14:18:54.722+0000] {processor.py:161} INFO - Started process (PID=891) to work on /home/airflow/.local/lib/python3.8/site-packages/airflow/example_dags/example_short_circuit_operator.py
[2026-09-10T14:18:54.724+0000] {processor.py:830} INFO - Processing file /home/airflow/.local/lib/python3.8/site-packages/airflow/example_dags/example_short_circuit_operator.py for tasks to queue
[2026-09-10T14:18:54.729+0000] {logging_mixin.py:188} INFO - [2026-09-10T14:18:54.728+0000] {dagbag.py:540} INFO - Filling up the DagBag from /home/airflow/.local/lib/python3.8/site-packages/airflow/example_dags/example_short_circuit_operator.py
[2026-09-10T14:18:54.743+0000] {processor.py:840} INFO - DAG(s) 'example_short_circuit_operator' retrieved from /home/airflow/.local/lib/python3.8/site-packages/airflow/example_dags/example_short_circuit_operator.py
[2026-09-10T14:18:54.779+0000] {logging_mixin.py:188} INFO - [2026-09-10T14:18:54.779+0000] {dag.py:3047} INFO - Sync 1 DAGs
[2026-09-10T14:18:54.809+0000] {logging_mixin.py:188} INFO - [2026-09-10T14:18:54.809+0000] {dag.py:3834} INFO - Setting next_dagrun for example_short_circuit_operator to 2026-09-09 00:00:00+00:00, run_after=2026-09-10 00:00:00+00:00
[2026-09-10T14:18:54.835+0000] {processor.py:183} INFO - Processing /home/airflow/.local/lib/python3.8/site-packages/airflow/example_dags/example_short_circuit_operator.py took 0.121 seconds
[2026-09-10T14:19:25.411+0000] {processor.py:161} INFO - Started process (PID=955) to work on /home/airflow/.local/lib/python3.8/site-packages/airflow/example_dags/example_short_circuit_operator.py
[2026-09-10T14:19:25.413+0000] {processor.py:830} INFO - Processing file /home/airflow/.local/lib/python3.8/site-packages/airflow/example_dags/example_short_circuit_operator.py for tasks to queue
[2026-09-10T14:19:25.416+0000] {logging_mixin.py:188} INFO - [2026-09-10T14:19:25.416+0000] {dagbag.py:540} INFO - Filling up the DagBag from /home/airflow/.local/lib/python3.8/site-packages/airflow/example_dags/example_short_circuit_operator.py
[2026-09-10T14:19:25.430+0000] {processor.py:840} INFO - DAG(s) 'example_short_circuit_operator' retrieved from /home/airflow/.local/lib/python3.8/site-packages/airflow/example_dags/example_short_circuit_operator.py
[2026-09-10T14:19:25.483+0000] {logging_mixin.py:188} INFO - [2026-09-10T14:19:25.482+0000] {dag.py:3047} INFO - Sync 1 DAGs
[2026-09-10T14:19:25.527+0000] {logging_mixin.py:188} INFO - [2026-09-10T14:19:25.527+0000] {dag.py:3834} INFO - Setting next_dagrun for example_short_circuit_operator to 2026-09-09 00:00:00+00:00, run_after=2026-09-10 00:00:00+00:00
[2026-09-10T14:19:25.578+0000] {processor.py:183} INFO - Processing /home/airflow/.local/lib/python3.8/site-packages/airflow/example_dags/example_short_circuit_operator.py took 0.172 seconds
[2026-09-10T14:19:56.617+0000] {processor.py:161} INFO - Started process (PID=1017) to work on /home/airflow/.local/lib/python3.8/site-packages/airflow/example_dags/example_short_circuit_operator.py
[2026-09-10T14:19:56.619+0000] {processor.py:830} INFO - Processing file /home/airflow/.local/lib/python3.8/site-packages/airflow/example_dags/example_short_circuit_operator.py for tasks to queue
[2026-09-10T14:19:56.623+0000] {logging_mixin.py:188} INFO - [2026-09-10T14:19:56.622+0000] {dagbag.py:540} INFO - Filling up the DagBag from /home/airflow/.local/lib/python3.8/site-packages/airflow/example_dags/example_short_circuit_operator.py
[2026-09-10T14:19:56.638+0000] {processor.py:840} INFO - DAG(s) 'example_short_circuit_operator' retrieved from /home/airflow/.local/lib/python3.8/site-packages/airflow/example_dags/example_short_circuit_operator.py
[2026-09-10T14:19:56.672+0000] {logging_mixin.py:188} INFO - [2026-09-10T14:19:56.672+0000] {dag.py:3047} INFO - Sync 1 DAGs
[2026-09-10T14:19:56.700+0000] {logging_mixin.py:188} INFO - [2026-09-10T14:19:56.700+0000] {dag.py:3834} INFO - Setting next_dagrun for example_short_circuit_operator to 2026-09-09 00:00:00+00:00, run_after=2026-09-10 00:00:00+00:00
[2026-09-10T14:19:56.728+0000] {processor.py:183} INFO - Processing /home/airflow/.local/lib/python3.8/site-packages/airflow/example_dags/example_short_circuit_operator.py took 0.115 seconds
[2026-09-10T14:20:27.076+0000] {processor.py:161} INFO - Started process (PID=1076) to work on /home/airflow/.local/lib/python3.8/site-packages/airflow/example_dags/example_short_circuit_operator.py
[2026-09-10T14:20:27.078+0000] {processor.py:830} INFO - Processing file /home/airflow/.local/lib/python3.8/site-packages/airflow/example_dags/example_short_circuit_operator.py for tasks to queue
[2026-09-10T14:20:27.082+0000] {logging_mixin.py:188} INFO - [2026-09-10T14:20:27.081+0000] {dagbag.py:540} INFO - Filling up the DagBag from /home/airflow/.local/lib/python3.8/site-packages/airflow/example_dags/example_short_circuit_operator.py
[2026-09-10T14:20:27.091+0000] {processor.py:840} INFO - DAG(s) 'example_short_circuit_operator' retrieved from /home/airflow/.local/lib/python3.8/site-packages/airflow/example_dags/example_short_circuit_operator.py
[2026-09-10T14:20:27.123+0000] {logging_mixin.py:188} INFO - [2026-09-10T14:20:27.123+0000] {dag.py:3047} INFO - Sync 1 DAGs
[2026-09-10T14:20:27.150+0000] {logging_mixin.py:188} INFO - [2026-09-10T14:20:27.150+0000] {dag.py:3834} INFO - Setting next_dagrun for example_short_circuit_operator to 2026-09-09 00:00:00+00:00, run_after=2026-09-10 00:00:00+00:00
[2026-09-10T14:20:27.176+0000] {processor.py:183} INFO - Processing /home/airflow/.local/lib/python3.8/site-packages/airflow/example_dags/example_short_circuit_operator.py took 0.104 seconds
[2026-09-10T14:20:57.627+0000] {processor.py:161} INFO - Started process (PID=1137) to work on /home/airflow/.local/lib/python3.8/site-packages/airflow/example_dags/example_short_circuit_operator.py
[2026-09-10T14:20:57.629+0000] {processor.py:830} INFO - Processing file /home/airflow/.local/lib/python3.8/site-packages/airflow/example_dags/example_short_circuit_operator.py for tasks to queue
[2026-09-10T14:20:57.632+0000] {logging_mixin.py:188} INFO - [2026-09-10T14:20:57.631+0000] {dagbag.py:540} INFO - Filling up the DagBag from /home/airflow/.local/lib/python3.8/site-packages/airflow/example_dags/example_short_circuit_operator.py
[2026-09-10T14:20:57.641+0000] {processor.py:840} INFO - DAG(s) 'example_short_circuit_operator' retrieved from /home/airflow/.local/lib/python3.8/site-packages/airflow/example_dags/example_short_circuit_operator.py
[2026-09-10T14:20:57.674+0000] {logging_mixin.py:188} INFO - [2026-09-10T14:20:57.673+0000] {dag.py:3047} INFO - Sync 1 DAGs
[2026-09-10T14:20:57.700+0000] {logging_mixin.py:188} INFO - [2026-09-10T14:20:57.700+0000] {dag.py:3834} INFO - Setting next_dagrun for example_short_circuit_operator to 2026-09-09 00:00:00+00:00, run_after=2026-09-10 00:00:00+00:00
[2026-09-10T14:20:57.724+0000] {processor.py:183} INFO - Processing /home/airflow/.local/lib/python3.8/site-packages/airflow/example_dags/example_short_circuit_operator.py took 0.101 seconds
[2026-09-10T14:21:28.047+0000] {processor.py:161} INFO - Started process (PID=1198) to work on /home/airflow/.local/lib/python3.8/site-packages/airflow/example_dags/example_short_circuit_operator.py
[2026-09-10T14:21:28.049+0000] {processor.py:830} INFO - Processing file /home/airflow/.local/lib/python3.8/site-packages/airflow/example_dags/example_short_circuit_operator.py for tasks to queue
[2026-09-10T14:21:28.053+0000] {logging_mixin.py:188} INFO - [2026-09-10T14:21:28.052+0000] {dagbag.py:540} INFO - Filling up the DagBag from /home/airflow/.local/lib/python3.8/site-packages/airflow/example_dags/example_short_circuit_operator.py
[2026-09-10T14:21:28.063+0000] {processor.py:840} INFO - DAG(s) 'example_short_circuit_operator' retrieved from /home/airflow/.local/lib/python3.8/site-packages/airflow/example_dags/example_short_circuit_operator.py
[2026-09-10T14:21:28.100+0000] {logging_mixin.py:188} INFO - [2026-09-10T14:21:28.100+0000] {dag.py:3047} INFO - Sync 1 DAGs
[2026-09-10T14:21:28.138+0000] {logging_mixin.py:188} INFO - [2026-09-10T14:21:28.138+0000] {dag.py:3834} INFO - Setting next_dagrun for example_short_circuit_operator to 2026-09-09 00:00:00+00:00, run_after=2026-09-10 00:00:00+00:00
[2026-09-10T14:21:28.165+0000] {processor.py:183} INFO - Processing /home/airflow/.local/lib/python3.8/site-packages/airflow/example_dags/example_short_circuit_operator.py took 0.122 seconds
[2026-09-10T14:21:58.419+0000] {processor.py:161} INFO - Started process (PID=1263) to work on /home/airflow/.local/lib/python3.8/site-packages/airflow/example_dags/example_short_circuit_operator.py
[2026-09-10T14:21:58.421+0000] {processor.py:830} INFO - Processing file /home/airflow/.local/lib/python3.8/site-packages/airflow/example_dags/example_short_circuit_operator.py for tasks to queue
[2026-09-10T14:21:58.424+0000] {logging_mixin.py:188} INFO - [2026-09-10T14:21:58.424+0000] {dagbag.py:540} INFO - Filling up the DagBag from /home/airflow/.local/lib/python3.8/site-packages/airflow/example_dags/example_short_circuit_operator.py
[2026-09-10T14:21:58.435+0000] {processor.py:840} INFO - DAG(s) 'example_short_circuit_operator' retrieved from /home/airflow/.local/lib/python3.8/site-packages/airflow/example_dags/example_short_circuit_operator.py
[2026-09-10T14:21:58.484+0000] {logging_mixin.py:188} INFO - [2026-09-10T14:21:58.484+0000] {dag.py:3047} INFO - Sync 1 DAGs
[2026-09-10T14:21:58.525+0000] {logging_mixin.py:188} INFO - [2026-09-10T14:21:58.524+0000] {dag.py:3834} INFO - Setting next_dagrun for example_short_circuit_operator to 2026-09-09 00:00:00+00:00, run_after=2026-09-10 00:00:00+00:00
[2026-09-10T14:21:58.558+0000] {processor.py:183} INFO - Processing /home/airflow/.local/lib/python3.8/site-packages/airflow/example_dags/example_short_circuit_operator.py took 0.143 seconds
[2026-09-10T14:22:28.673+0000] {processor.py:161} INFO - Started process (PID=1324) to work on /home/airflow/.local/lib/python3.8/site-packages/airflow/example_dags/example_short_circuit_operator.py
[2026-09-10T14:22:28.675+0000] {processor.py:830} INFO - Processing file /home/airflow/.local/lib/python3.8/site-packages/airflow/example_dags/example_short_circuit_operator.py for tasks to queue
[2026-09-10T14:22:28.679+0000] {logging_mixin.py:188} INFO - [2026-09-10T14:22:28.679+0000] {dagbag.py:540} INFO - Filling up the DagBag from /home/airflow/.local/lib/python3.8/site-packages/airflow/example_dags/example_short_circuit_operator.py
[2026-09-10T14:22:28.691+0000] {processor.py:840} INFO - DAG(s) 'example_short_circuit_operator' retrieved from /home/airflow/.local/lib/python3.8/site-packages/airflow/example_dags/example_short_circuit_operator.py
[2026-09-10T14:22:28.734+0000] {logging_mixin.py:188} INFO - [2026-09-10T14:22:28.734+0000] {dag.py:3047} INFO - Sync 1 DAGs
[2026-09-10T14:22:28.766+0000] {logging_mixin.py:188} INFO - [2026-09-10T14:22:28.766+0000] {dag.py:3834} INFO - Setting next_dagrun for example_short_circuit_operator to 2026-09-09 00:00:00+00:00, run_after=2026-09-10 00:00:00+00:00
[2026-09-10T14:22:28.795+0000] {processor.py:183} INFO - Processing /home/airflow/.local/lib/python3.8/site-packages/airflow/example_dags/example_short_circuit_operator.py took 0.127 seconds
[2026-09-10T14:22:59.294+0000] {processor.py:161} INFO - Started process (PID=1385) to work on /home/airflow/.local/lib/python3.8/site-packages/airflow/example_dags/example_short_circuit_operator.py
[2026-09-10T14:22:59.296+0000] {processor.py:830} INFO - Processing file /home/airflow/.local/lib/python3.8/site-packages/airflow/example_dags/example_short_circuit_operator.py for tasks to queue
[2026-09-10T14:22:59.299+0000] {logging_mixin.py:188} INFO - [2026-09-10T14:22:59.298+0000] {dagbag.py:540} INFO - Filling up the DagBag from /home/airflow/.local/lib/python3.8/site-packages/airflow/example_dags/example_short_circuit_operator.py
[2026-09-10T14:22:59.309+0000] {processor.py:840} INFO - DAG(s) 'example_short_circuit_operator' retrieved from /home/airflow/.local/lib/python3.8/site-packages/airflow/example_dags/example_short_circuit_operator.py
[2026-09-10T14:22:59.341+0000] {logging_mixin.py:188} INFO - [2026-09-10T14:22:59.340+0000] {dag.py:3047} INFO - Sync 1 DAGs
[2026-09-10T14:22:59.367+0000] {logging_mixin.py:188} INFO - [2026-09-10T14:22:59.367+0000] {dag.py:3834} INFO - Setting next_dagrun for example_short_circuit_operator to 2026-09-09 00:00:00+00:00, run_after=2026-09-10 00:00:00+00:00
[2026-09-10T14:22:59.392+0000] {processor.py:183} INFO - Processing /home/airflow/.local/lib/python3.8/site-packages/airflow/example_dags/example_short_circuit_operator.py took 0.103 seconds
[2026-09-10T14:23:29.540+0000] {processor.py:161} INFO - Started process (PID=1446) to work on /home/airflow/.local/lib/python3.8/site-packages/airflow/example_dags/example_short_circuit_operator.py
[2026-09-10T14:23:29.543+0000] {processor.py:830} INFO - Processing file /home/airflow/.local/lib/python3.8/site-packages/airflow/example_dags/example_short_circuit_operator.py for tasks to queue
[2026-09-10T14:23:29.546+0000] {logging_mixin.py:188} INFO - [2026-09-10T14:23:29.545+0000] {dagbag.py:540} INFO - Filling up the DagBag from /home/airflow/.local/lib/python3.8/site-packages/airflow/example_dags/example_short_circuit_operator.py
[2026-09-10T14:23:29.558+0000] {processor.py:840} INFO - DAG(s) 'example_short_circuit_operator' retrieved from /home/airflow/.local/lib/python3.8/site-packages/airflow/example_dags/example_short_circuit_operator.py
[2026-09-10T14:23:29.589+0000] {logging_mixin.py:188} INFO - [2026-09-10T14:23:29.589+0000] {dag.py:3047} INFO - Sync 1 DAGs
[2026-09-10T14:23:29.618+0000] {logging_mixin.py:188} INFO - [2026-09-10T14:23:29.617+0000] {dag.py:3834} INFO - Setting next_dagrun for example_short_circuit_operator to 2026-09-09 00:00:00+00:00, run_after=2026-09-10 00:00:00+00:00
[2026-09-10T14:23:29.642+0000] {processor.py:183} INFO - Processing /home/airflow/.local/lib/python3.8/site-packages/airflow/example_dags/example_short_circuit_operator.py took 0.108 seconds
[2026-09-10T14:23:59.812+0000] {processor.py:161} INFO - Started process (PID=1507) to work on /home/airflow/.local/lib/python3.8/site-packages/airflow/example_dags/example_short_circuit_operator.py
[2026-09-10T14:23:59.814+0000] {processor.py:830} INFO - Processing file /home/airflow/.local/lib/python3.8/site-packages/airflow/example_dags/example_short_circuit_operator.py for tasks to queue
[2026-09-10T14:23:59.817+0000] {logging_mixin.py:188} INFO - [2026-09-10T14:23:59.817+0000] {dagbag.py:540} INFO - Filling up the DagBag from /home/airflow/.local/lib/python3.8/site-packages/airflow/example_dags/example_short_circuit_operator.py
[2026-09-10T14:23:59.827+0000] {processor.py:840} INFO - DAG(s) 'example_short_circuit_operator' retrieved from /home/airflow/.local/lib/python3.8/site-packages/airflow/example_dags/example_short_circuit_operator.py
[2026-09-10T14:23:59.857+0000] {logging_mixin.py:188} INFO - [2026-09-10T14:23:59.857+0000] {dag.py:3047} INFO - Sync 1 DAGs
[2026-09-10T14:23:59.884+0000] {logging_mixin.py:188} INFO - [2026-09-10T14:23:59.883+0000] {dag.py:3834} INFO - Setting next_dagrun for example_short_circuit_operator to 2026-09-09 00:00:00+00:00, run_after=2026-09-10 00:00:00+00:00
[2026-09-10T14:23:59.908+0000] {processor.py:183} INFO - Processing /home/airflow/.local/lib/python3.8/site-packages/airflow/example_dags/example_short_circuit_operator.py took 0.100 seconds
[2026-09-10T14:24:30.348+0000] {processor.py:161} INFO - Started process (PID=1568) to work on /home/airflow/.local/lib/python3.8/site-packages/airflow/example_dags/example_short_circuit_operator.py
[2026-09-10T14:24:30.350+0000] {processor.py:830} INFO - Processing file /home/airflow/.local/lib/python3.8/site-packages/airflow/example_dags/example_short_circuit_operator.py for tasks to queue
[2026-09-10T14:24:30.354+0000] {logging_mixin.py:188} INFO - [2026-09-10T14:24:30.353+0000] {dagbag.py:540} INFO - Filling up the DagBag from /home/airflow/.local/lib/python3.8/site-packages/airflow/example_dags/example_short_circuit_operator.py
[2026-09-10T14:24:30.364+0000] {processor.py:840} INFO - DAG(s) 'example_short_circuit_operator' retrieved from /home/airflow/.local/lib/python3.8/site-packages/airflow/example_dags/example_short_circuit_operator.py
[2026-09-10T14:24:30.402+0000] {logging_mixin.py:188} INFO - [2026-09-10T14:24:30.402+0000] {dag.py:3047} INFO - Sync 1 DAGs
[2026-09-10T14:24:30.436+0000] {logging_mixin.py:188} INFO - [2026-09-10T14:24:30.435+0000] {dag.py:3834} INFO - Setting next_dagrun for example_short_circuit_operator to 2026-09-09 00:00:00+00:00, run_after=2026-09-10 00:00:00+00:00
[2026-09-10T14:24:30.465+0000] {processor.py:183} INFO - Processing /home/airflow/.local/lib/python3.8/site-packages/airflow/example_dags/example_short_circuit_operator.py took 0.121 seconds
[2026-09-10T14:25:00.662+0000] {processor.py:161} INFO - Started process (PID=1629) to work on /home/airflow/.local/lib/python3.8/site-packages/airflow/example_dags/example_short_circuit_operator.py
[2026-09-10T14:25:00.664+0000] {processor.py:830} INFO - Processing file /home/airflow/.local/lib/python3.8/site-packages/airflow/example_dags/example_short_circuit_operator.py for tasks to queue
[2026-09-10T14:25:00.667+0000] {logging_mixin.py:188} INFO - [2026-09-10T14:25:00.667+0000] {dagbag.py:540} INFO - Filling up the DagBag from /home/airflow/.local/lib/python3.8/site-packages/airflow/example_dags/example_short_circuit_operator.py
[2026-09-10T14:25:00.681+0000] {processor.py:840} INFO - DAG(s) 'example_short_circuit_operator' retrieved from /home/airflow/.local/lib/python3.8/site-packages/airflow/example_dags/example_short_circuit_operator.py
[2026-09-10T14:25:00.713+0000] {logging_mixin.py:188} INFO - [2026-09-10T14:25:00.713+0000] {dag.py:3047} INFO - Sync 1 DAGs
[2026-09-10T14:25:00.742+0000] {logging_mixin.py:188} INFO - [2026-09-10T14:25:00.741+0000] {dag.py:3834} INFO - Setting next_dagrun for example_short_circuit_operator to 2026-09-09 00:00:00+00:00, run_after=2026-09-10 00:00:00+00:00
[2026-09-10T14:25:00.772+0000] {processor.py:183} INFO - Processing /home/airflow/.local/lib/python3.8/site-packages/airflow/example_dags/example_short_circuit_operator.py took 0.116 seconds
[2026-09-10T14:25:30.917+0000] {processor.py:161} INFO - Started process (PID=1691) to work on /home/airflow/.local/lib/python3.8/site-packages/airflow/example_dags/example_short_circuit_operator.py
[2026-09-10T14:25:30.919+0000] {processor.py:830} INFO - Processing file /home/airflow/.local/lib/python3.8/site-packages/airflow/example_dags/example_short_circuit_operator.py for tasks to queue
[2026-09-10T14:25:30.922+0000] {logging_mixin.py:188} INFO - [2026-09-10T14:25:30.922+0000] {dagbag.py:540} INFO - Filling up the DagBag from /home/airflow/.local/lib/python3.8/site-packages/airflow/example_dags/example_short_circuit_operator.py
[2026-09-10T14:25:30.933+0000] {processor.py:840} INFO - DAG(s) 'example_short_circuit_operator' retrieved from /home/airflow/.local/lib/python3.8/site-packages/airflow/example_dags/example_short_circuit_operator.py
[2026-09-10T14:25:30.967+0000] {logging_mixin.py:188} INFO - [2026-09-10T14:25:30.967+0000] {dag.py:3047} INFO - Sync 1 DAGs
[2026-09-10T14:25:30.998+0000] {logging_mixin.py:188} INFO - [2026-09-10T14:25:30.998+0000] {dag.py:3834} INFO - Setting next_dagrun for example_short_circuit_operator to 2026-09-09 00:00:00+00:00, run_after=2026-09-10 00:00:00+00:00
[2026-09-10T14:25:31.027+0000] {processor.py:183} INFO - Processing /home/airflow/.local/lib/python3.8/site-packages/airflow/example_dags/example_short_circuit_operator.py took 0.116 seconds
[2026-09-10T14:26:17.169+0000] {processor.py:161} INFO - Started process (PID=83) to work on /home/airflow/.local/lib/python3.8/site-packages/airflow/example_dags/example_short_circuit_operator.py
[2026-09-10T14:26:17.172+0000] {processor.py:830} INFO - Processing file /home/airflow/.local/lib/python3.8/site-packages/airflow/example_dags/example_short_circuit_operator.py for tasks to queue
[2026-09-10T14:26:17.178+0000] {logging_mixin.py:188} INFO - [2026-09-10T14:26:17.178+0000] {dagbag.py:540} INFO - Filling up the DagBag from /home/airflow/.local/lib/python3.8/site-packages/airflow/example_dags/example_short_circuit_operator.py
[2026-09-10T14:26:17.201+0000] {processor.py:840} INFO - DAG(s) 'example_short_circuit_operator' retrieved from /home/airflow/.local/lib/python3.8/site-packages/airflow/example_dags/example_short_circuit_operator.py
[2026-09-10T14:26:17.256+0000] {logging_mixin.py:188} INFO - [2026-09-10T14:26:17.256+0000] {dag.py:3047} INFO - Sync 1 DAGs
[2026-09-10T14:26:17.300+0000] {logging_mixin.py:188} INFO - [2026-09-10T14:26:17.299+0000] {dag.py:3834} INFO - Setting next_dagrun for example_short_circuit_operator to 2026-09-09 00:00:00+00:00, run_after=2026-09-10 00:00:00+00:00
[2026-09-10T14:26:17.340+0000] {processor.py:183} INFO - Processing /home/airflow/.local/lib/python3.8/site-packages/airflow/example_dags/example_short_circuit_operator.py took 0.178 seconds
[2026-09-10T14:26:47.879+0000] {processor.py:161} INFO - Started process (PID=142) to work on /home/airflow/.local/lib/python3.8/site-packages/airflow/example_dags/example_short_circuit_operator.py
[2026-09-10T14:26:47.880+0000] {processor.py:830} INFO - Processing file /home/airflow/.local/lib/python3.8/site-packages/airflow/example_dags/example_short_circuit_operator.py for tasks to queue
[2026-09-10T14:26:47.883+0000] {logging_mixin.py:188} INFO - [2026-09-10T14:26:47.882+0000] {dagbag.py:540} INFO - Filling up the DagBag from /home/airflow/.local/lib/python3.8/site-packages/airflow/example_dags/example_short_circuit_operator.py
[2026-09-10T14:26:47.891+0000] {processor.py:840} INFO - DAG(s) 'example_short_circuit_operator' retrieved from /home/airflow/.local/lib/python3.8/site-packages/airflow/example_dags/example_short_circuit_operator.py
[2026-09-10T14:26:47.942+0000] {logging_mixin.py:188} INFO - [2026-09-10T14:26:47.941+0000] {dag.py:3047} INFO - Sync 1 DAGs
[2026-09-10T14:26:47.971+0000] {logging_mixin.py:188} INFO - [2026-09-10T14:26:47.971+0000] {dag.py:3834} INFO - Setting next_dagrun for example_short_circuit_operator to 2026-09-09 00:00:00+00:00, run_after=2026-09-10 00:00:00+00:00
[2026-09-10T14:26:47.992+0000] {processor.py:183} INFO - Processing /home/airflow/.local/lib/python3.8/site-packages/airflow/example_dags/example_short_circuit_operator.py took 0.117 seconds
[2026-09-10T14:27:19.375+0000] {processor.py:161} INFO - Started process (PID=207) to work on /home/airflow/.local/lib/python3.8/site-packages/airflow/example_dags/example_short_circuit_operator.py
[2026-09-10T14:27:19.377+0000] {processor.py:830} INFO - Processing file /home/airflow/.local/lib/python3.8/site-packages/airflow/example_dags/example_short_circuit_operator.py for tasks to queue
[2026-09-10T14:27:19.380+0000] {logging_mixin.py:188} INFO - [2026-09-10T14:27:19.379+0000] {dagbag.py:540} INFO - Filling up the DagBag from /home/airflow/.local/lib/python3.8/site-packages/airflow/example_dags/example_short_circuit_operator.py
[2026-09-10T14:27:19.392+0000] {processor.py:840} INFO - DAG(s) 'example_short_circuit_operator' retrieved from /home/airflow/.local/lib/python3.8/site-packages/airflow/example_dags/example_short_circuit_operator.py
[2026-09-10T14:27:19.437+0000] {logging_mixin.py:188} INFO - [2026-09-10T14:27:19.435+0000] {dag.py:3047} INFO - Sync 1 DAGs
[2026-09-10T14:27:19.478+0000] {logging_mixin.py:188} INFO - [2026-09-10T14:27:19.477+0000] {dag.py:3834} INFO - Setting next_dagrun for example_short_circuit_operator to 2026-09-09 00:00:00+00:00, run_after=2026-09-10 00:00:00+00:00
[2026-09-10T14:27:19.513+0000] {processor.py:183} INFO - Processing /home/airflow/.local/lib/python3.8/site-packages/airflow/example_dags/example_short_circuit_operator.py took 0.141 seconds
[2026-09-10T14:27:49.922+0000] {processor.py:161} INFO - Started process (PID=266) to work on /home/airflow/.local/lib/python3.8/site-packages/airflow/example_dags/example_short_circuit_operator.py
[2026-09-10T14:27:49.923+0000] {processor.py:830} INFO - Processing file /home/airflow/.local/lib/python3.8/site-packages/airflow/example_dags/example_short_circuit_operator.py for tasks to queue
[2026-09-10T14:27:49.926+0000] {logging_mixin.py:188} INFO - [2026-09-10T14:27:49.926+0000] {dagbag.py:540} INFO - Filling up the DagBag from /home/airflow/.local/lib/python3.8/site-packages/airflow/example_dags/example_short_circuit_operator.py
[2026-09-10T14:27:49.935+0000] {processor.py:840} INFO - DAG(s) 'example_short_circuit_operator' retrieved from /home/airflow/.local/lib/python3.8/site-packages/airflow/example_dags/example_short_circuit_operator.py
[2026-09-10T14:27:49.963+0000] {logging_mixin.py:188} INFO - [2026-09-10T14:27:49.962+0000] {dag.py:3047} INFO - Sync 1 DAGs
[2026-09-10T14:27:49.987+0000] {logging_mixin.py:188} INFO - [2026-09-10T14:27:49.987+0000] {dag.py:3834} INFO - Setting next_dagrun for example_short_circuit_operator to 2026-09-09 00:00:00+00:00, run_after=2026-09-10 00:00:00+00:00
[2026-09-10T14:27:50.017+0000] {processor.py:183} INFO - Processing /home/airflow/.local/lib/python3.8/site-packages/airflow/example_dags/example_short_circuit_operator.py took 0.099 seconds
[2026-09-10T14:28:21.103+0000] {processor.py:161} INFO - Started process (PID=329) to work on /home/airflow/.local/lib/python3.8/site-packages/airflow/example_dags/example_short_circuit_operator.py
[2026-09-10T14:28:21.104+0000] {processor.py:830} INFO - Processing file /home/airflow/.local/lib/python3.8/site-packages/airflow/example_dags/example_short_circuit_operator.py for tasks to queue
[2026-09-10T14:28:21.107+0000] {logging_mixin.py:188} INFO - [2026-09-10T14:28:21.107+0000] {dagbag.py:540} INFO - Filling up the DagBag from /home/airflow/.local/lib/python3.8/site-packages/airflow/example_dags/example_short_circuit_operator.py
[2026-09-10T14:28:21.124+0000] {processor.py:840} INFO - DAG(s) 'example_short_circuit_operator' retrieved from /home/airflow/.local/lib/python3.8/site-packages/airflow/example_dags/example_short_circuit_operator.py
[2026-09-10T14:28:21.169+0000] {logging_mixin.py:188} INFO - [2026-09-10T14:28:21.168+0000] {dag.py:3047} INFO - Sync 1 DAGs
[2026-09-10T14:28:21.232+0000] {logging_mixin.py:188} INFO - [2026-09-10T14:28:21.231+0000] {dag.py:3834} INFO - Setting next_dagrun for example_short_circuit_operator to 2026-09-09 00:00:00+00:00, run_after=2026-09-10 00:00:00+00:00
[2026-09-10T14:28:21.287+0000] {processor.py:183} INFO - Processing /home/airflow/.local/lib/python3.8/site-packages/airflow/example_dags/example_short_circuit_operator.py took 0.190 seconds
[2026-09-10T14:28:51.700+0000] {processor.py:161} INFO - Started process (PID=388) to work on /home/airflow/.local/lib/python3.8/site-packages/airflow/example_dags/example_short_circuit_operator.py
[2026-09-10T14:28:51.703+0000] {processor.py:830} INFO - Processing file /home/airflow/.local/lib/python3.8/site-packages/airflow/example_dags/example_short_circuit_operator.py for tasks to queue
[2026-09-10T14:28:51.706+0000] {logging_mixin.py:188} INFO - [2026-09-10T14:28:51.706+0000] {dagbag.py:540} INFO - Filling up the DagBag from /home/airflow/.local/lib/python3.8/site-packages/airflow/example_dags/example_short_circuit_operator.py
[2026-09-10T14:28:51.718+0000] {processor.py:840} INFO - DAG(s) 'example_short_circuit_operator' retrieved from /home/airflow/.local/lib/python3.8/site-packages/airflow/example_dags/example_short_circuit_operator.py
[2026-09-10T14:28:51.752+0000] {logging_mixin.py:188} INFO - [2026-09-10T14:28:51.752+0000] {dag.py:3047} INFO - Sync 1 DAGs
[2026-09-10T14:28:51.786+0000] {logging_mixin.py:188} INFO - [2026-09-10T14:28:51.786+0000] {dag.py:3834} INFO - Setting next_dagrun for example_short_circuit_operator to 2026-09-09 00:00:00+00:00, run_after=2026-09-10 00:00:00+00:00
[2026-09-10T14:28:51.814+0000] {processor.py:183} INFO - Processing /home/airflow/.local/lib/python3.8/site-packages/airflow/example_dags/example_short_circuit_operator.py took 0.120 seconds
[2026-09-10T14:29:22.230+0000] {processor.py:161} INFO - Started process (PID=447) to work on /home/airflow/.local/lib/python3.8/site-packages/airflow/example_dags/example_short_circuit_operator.py
[2026-09-10T14:29:22.232+0000] {processor.py:830} INFO - Processing file /home/airflow/.local/lib/python3.8/site-packages/airflow/example_dags/example_short_circuit_operator.py for tasks to queue
[2026-09-10T14:29:22.235+0000] {logging_mixin.py:188} INFO - [2026-09-10T14:29:22.234+0000] {dagbag.py:540} INFO - Filling up the DagBag from /home/airflow/.local/lib/python3.8/site-packages/airflow/example_dags/example_short_circuit_operator.py
[2026-09-10T14:29:22.244+0000] {processor.py:840} INFO - DAG(s) 'example_short_circuit_operator' retrieved from /home/airflow/.local/lib/python3.8/site-packages/airflow/example_dags/example_short_circuit_operator.py
[2026-09-10T14:29:22.270+0000] {logging_mixin.py:188} INFO - [2026-09-10T14:29:22.270+0000] {dag.py:3047} INFO - Sync 1 DAGs
[2026-09-10T14:29:22.294+0000] {logging_mixin.py:188} INFO - [2026-09-10T14:29:22.294+0000] {dag.py:3834} INFO - Setting next_dagrun for example_short_circuit_operator to 2026-09-09 00:00:00+00:00, run_after=2026-09-10 00:00:00+00:00
[2026-09-10T14:29:22.320+0000] {processor.py:183} INFO - Processing /home/airflow/.local/lib/python3.8/site-packages/airflow/example_dags/example_short_circuit_operator.py took 0.094 seconds
[2026-09-10T14:29:53.316+0000] {processor.py:161} INFO - Started process (PID=506) to work on /home/airflow/.local/lib/python3.8/site-packages/airflow/example_dags/example_short_circuit_operator.py
[2026-09-10T14:29:53.358+0000] {processor.py:830} INFO - Processing file /home/airflow/.local/lib/python3.8/site-packages/airflow/example_dags/example_short_circuit_operator.py for tasks to queue
[2026-09-10T14:29:53.400+0000] {logging_mixin.py:188} INFO - [2026-09-10T14:29:53.399+0000] {dagbag.py:540} INFO - Filling up the DagBag from /home/airflow/.local/lib/python3.8/site-packages/airflow/example_dags/example_short_circuit_operator.py
[2026-09-10T14:29:53.424+0000] {processor.py:840} INFO - DAG(s) 'example_short_circuit_operator' retrieved from /home/airflow/.local/lib/python3.8/site-packages/airflow/example_dags/example_short_circuit_operator.py
[2026-09-10T14:29:53.481+0000] {logging_mixin.py:188} INFO - [2026-09-10T14:29:53.481+0000] {dag.py:3047} INFO - Sync 1 DAGs
[2026-09-10T14:29:53.545+0000] {logging_mixin.py:188} INFO - [2026-09-10T14:29:53.544+0000] {dag.py:3834} INFO - Setting next_dagrun for example_short_circuit_operator to 2026-09-09 00:00:00+00:00, run_after=2026-09-10 00:00:00+00:00
[2026-09-10T14:29:53.642+0000] {processor.py:183} INFO - Processing /home/airflow/.local/lib/python3.8/site-packages/airflow/example_dags/example_short_circuit_operator.py took 0.344 seconds
[2026-09-10T14:30:24.085+0000] {processor.py:161} INFO - Started process (PID=565) to work on /home/airflow/.local/lib/python3.8/site-packages/airflow/example_dags/example_short_circuit_operator.py
[2026-09-10T14:30:24.087+0000] {processor.py:830} INFO - Processing file /home/airflow/.local/lib/python3.8/site-packages/airflow/example_dags/example_short_circuit_operator.py for tasks to queue
[2026-09-10T14:30:24.090+0000] {logging_mixin.py:188} INFO - [2026-09-10T14:30:24.090+0000] {dagbag.py:540} INFO - Filling up the DagBag from /home/airflow/.local/lib/python3.8/site-packages/airflow/example_dags/example_short_circuit_operator.py
[2026-09-10T14:30:24.100+0000] {processor.py:840} INFO - DAG(s) 'example_short_circuit_operator' retrieved from /home/airflow/.local/lib/python3.8/site-packages/airflow/example_dags/example_short_circuit_operator.py
[2026-09-10T14:30:24.130+0000] {logging_mixin.py:188} INFO - [2026-09-10T14:30:24.130+0000] {dag.py:3047} INFO - Sync 1 DAGs
[2026-09-10T14:30:24.157+0000] {logging_mixin.py:188} INFO - [2026-09-10T14:30:24.157+0000] {dag.py:3834} INFO - Setting next_dagrun for example_short_circuit_operator to 2026-09-09 00:00:00+00:00, run_after=2026-09-10 00:00:00+00:00
[2026-09-10T14:30:24.187+0000] {processor.py:183} INFO - Processing /home/airflow/.local/lib/python3.8/site-packages/airflow/example_dags/example_short_circuit_operator.py took 0.107 seconds
[2026-09-10T14:30:55.153+0000] {processor.py:161} INFO - Started process (PID=624) to work on /home/airflow/.local/lib/python3.8/site-packages/airflow/example_dags/example_short_circuit_operator.py
[2026-09-10T14:30:55.156+0000] {processor.py:830} INFO - Processing file /home/airflow/.local/lib/python3.8/site-packages/airflow/example_dags/example_short_circuit_operator.py for tasks to queue
[2026-09-10T14:30:55.160+0000] {logging_mixin.py:188} INFO - [2026-09-10T14:30:55.159+0000] {dagbag.py:540} INFO - Filling up the DagBag from /home/airflow/.local/lib/python3.8/site-packages/airflow/example_dags/example_short_circuit_operator.py
[2026-09-10T14:30:55.173+0000] {processor.py:840} INFO - DAG(s) 'example_short_circuit_operator' retrieved from /home/airflow/.local/lib/python3.8/site-packages/airflow/example_dags/example_short_circuit_operator.py
[2026-09-10T14:30:55.204+0000] {logging_mixin.py:188} INFO - [2026-09-10T14:30:55.203+0000] {dag.py:3047} INFO - Sync 1 DAGs
[2026-09-10T14:30:55.228+0000] {logging_mixin.py:188} INFO - [2026-09-10T14:30:55.228+0000] {dag.py:3834} INFO - Setting next_dagrun for example_short_circuit_operator to 2026-09-09 00:00:00+00:00, run_after=2026-09-10 00:00:00+00:00
[2026-09-10T14:30:55.251+0000] {processor.py:183} INFO - Processing /home/airflow/.local/lib/python3.8/site-packages/airflow/example_dags/example_short_circuit_operator.py took 0.104 seconds
[2026-09-10T14:31:25.821+0000] {processor.py:161} INFO - Started process (PID=683) to work on /home/airflow/.local/lib/python3.8/site-packages/airflow/example_dags/example_short_circuit_operator.py
[2026-09-10T14:31:25.823+0000] {processor.py:830} INFO - Processing file /home/airflow/.local/lib/python3.8/site-packages/airflow/example_dags/example_short_circuit_operator.py for tasks to queue
[2026-09-10T14:31:25.826+0000] {logging_mixin.py:188} INFO - [2026-09-10T14:31:25.826+0000] {dagbag.py:540} INFO - Filling up the DagBag from /home/airflow/.local/lib/python3.8/site-packages/airflow/example_dags/example_short_circuit_operator.py
[2026-09-10T14:31:25.839+0000] {processor.py:840} INFO - DAG(s) 'example_short_circuit_operator' retrieved from /home/airflow/.local/lib/python3.8/site-packages/airflow/example_dags/example_short_circuit_operator.py
[2026-09-10T14:31:25.876+0000] {logging_mixin.py:188} INFO - [2026-09-10T14:31:25.875+0000] {dag.py:3047} INFO - Sync 1 DAGs
[2026-09-10T14:31:25.911+0000] {logging_mixin.py:188} INFO - [2026-09-10T14:31:25.910+0000] {dag.py:3834} INFO - Setting next_dagrun for example_short_circuit_operator to 2026-09-09 00:00:00+00:00, run_after=2026-09-10 00:00:00+00:00
[2026-09-10T14:31:25.944+0000] {processor.py:183} INFO - Processing /home/airflow/.local/lib/python3.8/site-packages/airflow/example_dags/example_short_circuit_operator.py took 0.128 seconds
[2026-09-10T14:31:56.994+0000] {processor.py:161} INFO - Started process (PID=742) to work on /home/airflow/.local/lib/python3.8/site-packages/airflow/example_dags/example_short_circuit_operator.py
[2026-09-10T14:31:56.995+0000] {processor.py:830} INFO - Processing file /home/airflow/.local/lib/python3.8/site-packages/airflow/example_dags/example_short_circuit_operator.py for tasks to queue
[2026-09-10T14:31:56.997+0000] {logging_mixin.py:188} INFO - [2026-09-10T14:31:56.997+0000] {dagbag.py:540} INFO - Filling up the DagBag from /home/airflow/.local/lib/python3.8/site-packages/airflow/example_dags/example_short_circuit_operator.py
[2026-09-10T14:31:57.005+0000] {processor.py:840} INFO - DAG(s) 'example_short_circuit_operator' retrieved from /home/airflow/.local/lib/python3.8/site-packages/airflow/example_dags/example_short_circuit_operator.py
[2026-09-10T14:31:57.044+0000] {logging_mixin.py:188} INFO - [2026-09-10T14:31:57.044+0000] {dag.py:3047} INFO - Sync 1 DAGs
[2026-09-10T14:31:57.078+0000] {logging_mixin.py:188} INFO - [2026-09-10T14:31:57.077+0000] {dag.py:3834} INFO - Setting next_dagrun for example_short_circuit_operator to 2026-09-09 00:00:00+00:00, run_after=2026-09-10 00:00:00+00:00
[2026-09-10T14:31:57.106+0000] {processor.py:183} INFO - Processing /home/airflow/.local/lib/python3.8/site-packages/airflow/example_dags/example_short_circuit_operator.py took 0.117 seconds
[2026-09-10T14:32:27.672+0000] {processor.py:161} INFO - Started process (PID=801) to work on /home/airflow/.local/lib/python3.8/site-packages/airflow/example_dags/example_short_circuit_operator.py
[2026-09-10T14:32:27.674+0000] {processor.py:830} INFO - Processing file /home/airflow/.local/lib/python3.8/site-packages/airflow/example_dags/example_short_circuit_operator.py for tasks to queue
[2026-09-10T14:32:27.677+0000] {logging_mixin.py:188} INFO - [2026-09-10T14:32:27.676+0000] {dagbag.py:540} INFO - Filling up the DagBag from /home/airflow/.local/lib/python3.8/site-packages/airflow/example_dags/example_short_circuit_operator.py
[2026-09-10T14:32:27.687+0000] {processor.py:840} INFO - DAG(s) 'example_short_circuit_operator' retrieved from /home/airflow/.local/lib/python3.8/site-packages/airflow/example_dags/example_short_circuit_operator.py
[2026-09-10T14:32:27.720+0000] {logging_mixin.py:188} INFO - [2026-09-10T14:32:27.719+0000] {dag.py:3047} INFO - Sync 1 DAGs
[2026-09-10T14:32:27.747+0000] {logging_mixin.py:188} INFO - [2026-09-10T14:32:27.747+0000] {dag.py:3834} INFO - Setting next_dagrun for example_short_circuit_operator to 2026-09-09 00:00:00+00:00, run_after=2026-09-10 00:00:00+00:00
[2026-09-10T14:32:27.769+0000] {processor.py:183} INFO - Processing /home/airflow/.local/lib/python3.8/site-packages/airflow/example_dags/example_short_circuit_operator.py took 0.102 seconds
[2026-09-10T14:32:58.942+0000] {processor.py:161} INFO - Started process (PID=860) to work on /home/airflow/.local/lib/python3.8/site-packages/airflow/example_dags/example_short_circuit_operator.py
[2026-09-10T14:32:58.944+0000] {processor.py:830} INFO - Processing file /home/airflow/.local/lib/python3.8/site-packages/airflow/example_dags/example_short_circuit_operator.py for tasks to queue
[2026-09-10T14:32:58.946+0000] {logging_mixin.py:188} INFO - [2026-09-10T14:32:58.946+0000] {dagbag.py:540} INFO - Filling up the DagBag from /home/airflow/.local/lib/python3.8/site-packages/airflow/example_dags/example_short_circuit_operator.py
[2026-09-10T14:32:58.958+0000] {processor.py:840} INFO - DAG(s) 'example_short_circuit_operator' retrieved from /home/airflow/.local/lib/python3.8/site-packages/airflow/example_dags/example_short_circuit_operator.py
[2026-09-10T14:32:58.991+0000] {logging_mixin.py:188} INFO - [2026-09-10T14:32:58.990+0000] {dag.py:3047} INFO - Sync 1 DAGs
[2026-09-10T14:32:59.014+0000] {logging_mixin.py:188} INFO - [2026-09-10T14:32:59.014+0000] {dag.py:3834} INFO - Setting next_dagrun for example_short_circuit_operator to 2026-09-09 00:00:00+00:00, run_after=2026-09-10 00:00:00+00:00
[2026-09-10T14:32:59.035+0000] {processor.py:183} INFO - Processing /home/airflow/.local/lib/python3.8/site-packages/airflow/example_dags/example_short_circuit_operator.py took 0.098 seconds
[2026-09-10T14:33:30.263+0000] {processor.py:161} INFO - Started process (PID=919) to work on /home/airflow/.local/lib/python3.8/site-packages/airflow/example_dags/example_short_circuit_operator.py
[2026-09-10T14:33:30.266+0000] {processor.py:830} INFO - Processing file /home/airflow/.local/lib/python3.8/site-packages/airflow/example_dags/example_short_circuit_operator.py for tasks to queue
[2026-09-10T14:33:30.272+0000] {logging_mixin.py:188} INFO - [2026-09-10T14:33:30.271+0000] {dagbag.py:540} INFO - Filling up the DagBag from /home/airflow/.local/lib/python3.8/site-packages/airflow/example_dags/example_short_circuit_operator.py
[2026-09-10T14:33:30.300+0000] {processor.py:840} INFO - DAG(s) 'example_short_circuit_operator' retrieved from /home/airflow/.local/lib/python3.8/site-packages/airflow/example_dags/example_short_circuit_operator.py
[2026-09-10T14:33:30.403+0000] {logging_mixin.py:188} INFO - [2026-09-10T14:33:30.403+0000] {dag.py:3047} INFO - Sync 1 DAGs
[2026-09-10T14:33:30.472+0000] {logging_mixin.py:188} INFO - [2026-09-10T14:33:30.472+0000] {dag.py:3834} INFO - Setting next_dagrun for example_short_circuit_operator to 2026-09-09 00:00:00+00:00, run_after=2026-09-10 00:00:00+00:00
[2026-09-10T14:33:30.518+0000] {processor.py:183} INFO - Processing /home/airflow/.local/lib/python3.8/site-packages/airflow/example_dags/example_short_circuit_operator.py took 0.266 seconds
[2026-09-10T14:34:00.621+0000] {processor.py:161} INFO - Started process (PID=978) to work on /home/airflow/.local/lib/python3.8/site-packages/airflow/example_dags/example_short_circuit_operator.py
[2026-09-10T14:34:00.623+0000] {processor.py:830} INFO - Processing file /home/airflow/.local/lib/python3.8/site-packages/airflow/example_dags/example_short_circuit_operator.py for tasks to queue
[2026-09-10T14:34:00.626+0000] {logging_mixin.py:188} INFO - [2026-09-10T14:34:00.626+0000] {dagbag.py:540} INFO - Filling up the DagBag from /home/airflow/.local/lib/python3.8/site-packages/airflow/example_dags/example_short_circuit_operator.py
[2026-09-10T14:34:00.637+0000] {processor.py:840} INFO - DAG(s) 'example_short_circuit_operator' retrieved from /home/airflow/.local/lib/python3.8/site-packages/airflow/example_dags/example_short_circuit_operator.py
[2026-09-10T14:34:00.667+0000] {logging_mixin.py:188} INFO - [2026-09-10T14:34:00.667+0000] {dag.py:3047} INFO - Sync 1 DAGs
[2026-09-10T14:34:00.692+0000] {logging_mixin.py:188} INFO - [2026-09-10T14:34:00.692+0000] {dag.py:3834} INFO - Setting next_dagrun for example_short_circuit_operator to 2026-09-09 00:00:00+00:00, run_after=2026-09-10 00:00:00+00:00
[2026-09-10T14:34:00.718+0000] {processor.py:183} INFO - Processing /home/airflow/.local/lib/python3.8/site-packages/airflow/example_dags/example_short_circuit_operator.py took 0.103 seconds
[2026-09-10T14:34:31.926+0000] {processor.py:161} INFO - Started process (PID=1037) to work on /home/airflow/.local/lib/python3.8/site-packages/airflow/example_dags/example_short_circuit_operator.py
[2026-09-10T14:34:31.929+0000] {processor.py:830} INFO - Processing file /home/airflow/.local/lib/python3.8/site-packages/airflow/example_dags/example_short_circuit_operator.py for tasks to queue
[2026-09-10T14:34:31.940+0000] {logging_mixin.py:188} INFO - [2026-09-10T14:34:31.938+0000] {dagbag.py:540} INFO - Filling up the DagBag from /home/airflow/.local/lib/python3.8/site-packages/airflow/example_dags/example_short_circuit_operator.py
[2026-09-10T14:34:31.962+0000] {processor.py:840} INFO - DAG(s) 'example_short_circuit_operator' retrieved from /home/airflow/.local/lib/python3.8/site-packages/airflow/example_dags/example_short_circuit_operator.py
[2026-09-10T14:34:32.015+0000] {logging_mixin.py:188} INFO - [2026-09-10T14:34:32.015+0000] {dag.py:3047} INFO - Sync 1 DAGs
[2026-09-10T14:34:32.048+0000] {logging_mixin.py:188} INFO - [2026-09-10T14:34:32.048+0000] {dag.py:3834} INFO - Setting next_dagrun for example_short_circuit_operator to 2026-09-09 00:00:00+00:00, run_after=2026-09-10 00:00:00+00:00
[2026-09-10T14:34:32.074+0000] {processor.py:183} INFO - Processing /home/airflow/.local/lib/python3.8/site-packages/airflow/example_dags/example_short_circuit_operator.py took 0.162 seconds
[2026-09-10T14:35:02.864+0000] {processor.py:161} INFO - Started process (PID=1097) to work on /home/airflow/.local/lib/python3.8/site-packages/airflow/example_dags/example_short_circuit_operator.py
[2026-09-10T14:35:02.866+0000] {processor.py:830} INFO - Processing file /home/airflow/.local/lib/python3.8/site-packages/airflow/example_dags/example_short_circuit_operator.py for tasks to queue
[2026-09-10T14:35:02.870+0000] {logging_mixin.py:188} INFO - [2026-09-10T14:35:02.870+0000] {dagbag.py:540} INFO - Filling up the DagBag from /home/airflow/.local/lib/python3.8/site-packages/airflow/example_dags/example_short_circuit_operator.py
[2026-09-10T14:35:02.880+0000] {processor.py:840} INFO - DAG(s) 'example_short_circuit_operator' retrieved from /home/airflow/.local/lib/python3.8/site-packages/airflow/example_dags/example_short_circuit_operator.py
[2026-09-10T14:35:02.916+0000] {logging_mixin.py:188} INFO - [2026-09-10T14:35:02.915+0000] {dag.py:3047} INFO - Sync 1 DAGs
[2026-09-10T14:35:02.942+0000] {logging_mixin.py:188} INFO - [2026-09-10T14:35:02.942+0000] {dag.py:3834} INFO - Setting next_dagrun for example_short_circuit_operator to 2026-09-09 00:00:00+00:00, run_after=2026-09-10 00:00:00+00:00
[2026-09-10T14:35:02.965+0000] {processor.py:183} INFO - Processing /home/airflow/.local/lib/python3.8/site-packages/airflow/example_dags/example_short_circuit_operator.py took 0.106 seconds
[2026-09-10T14:35:33.814+0000] {processor.py:161} INFO - Started process (PID=1156) to work on /home/airflow/.local/lib/python3.8/site-packages/airflow/example_dags/example_short_circuit_operator.py
[2026-09-10T14:35:33.816+0000] {processor.py:830} INFO - Processing file /home/airflow/.local/lib/python3.8/site-packages/airflow/example_dags/example_short_circuit_operator.py for tasks to queue
[2026-09-10T14:35:33.819+0000] {logging_mixin.py:188} INFO - [2026-09-10T14:35:33.819+0000] {dagbag.py:540} INFO - Filling up the DagBag from /home/airflow/.local/lib/python3.8/site-packages/airflow/example_dags/example_short_circuit_operator.py
[2026-09-10T14:35:33.830+0000] {processor.py:840} INFO - DAG(s) 'example_short_circuit_operator' retrieved from /home/airflow/.local/lib/python3.8/site-packages/airflow/example_dags/example_short_circuit_operator.py
[2026-09-10T14:35:33.862+0000] {logging_mixin.py:188} INFO - [2026-09-10T14:35:33.861+0000] {dag.py:3047} INFO - Sync 1 DAGs
[2026-09-10T14:35:33.888+0000] {logging_mixin.py:188} INFO - [2026-09-10T14:35:33.887+0000] {dag.py:3834} INFO - Setting next_dagrun for example_short_circuit_operator to 2026-09-09 00:00:00+00:00, run_after=2026-09-10 00:00:00+00:00
[2026-09-10T14:35:33.911+0000] {processor.py:183} INFO - Processing /home/airflow/.local/lib/python3.8/site-packages/airflow/example_dags/example_short_circuit_operator.py took 0.101 seconds
[2026-09-10T14:36:04.727+0000] {processor.py:161} INFO - Started process (PID=1216) to work on /home/airflow/.local/lib/python3.8/site-packages/airflow/example_dags/example_short_circuit_operator.py
[2026-09-10T14:36:04.729+0000] {processor.py:830} INFO - Processing file /home/airflow/.local/lib/python3.8/site-packages/airflow/example_dags/example_short_circuit_operator.py for tasks to queue
[2026-09-10T14:36:04.732+0000] {logging_mixin.py:188} INFO - [2026-09-10T14:36:04.732+0000] {dagbag.py:540} INFO - Filling up the DagBag from /home/airflow/.local/lib/python3.8/site-packages/airflow/example_dags/example_short_circuit_operator.py
[2026-09-10T14:36:04.741+0000] {processor.py:840} INFO - DAG(s) 'example_short_circuit_operator' retrieved from /home/airflow/.local/lib/python3.8/site-packages/airflow/example_dags/example_short_circuit_operator.py
[2026-09-10T14:36:04.768+0000] {logging_mixin.py:188} INFO - [2026-09-10T14:36:04.767+0000] {dag.py:3047} INFO - Sync 1 DAGs
[2026-09-10T14:36:04.794+0000] {logging_mixin.py:188} INFO - [2026-09-10T14:36:04.794+0000] {dag.py:3834} INFO - Setting next_dagrun for example_short_circuit_operator to 2026-09-09 00:00:00+00:00, run_after=2026-09-10 00:00:00+00:00
[2026-09-10T14:36:04.816+0000] {processor.py:183} INFO - Processing /home/airflow/.local/lib/python3.8/site-packages/airflow/example_dags/example_short_circuit_operator.py took 0.094 seconds
[2026-09-10T14:36:36.301+0000] {processor.py:161} INFO - Started process (PID=1276) to work on /home/airflow/.local/lib/python3.8/site-packages/airflow/example_dags/example_short_circuit_operator.py
[2026-09-10T14:36:36.303+0000] {processor.py:830} INFO - Processing file /home/airflow/.local/lib/python3.8/site-packages/airflow/example_dags/example_short_circuit_operator.py for tasks to queue
[2026-09-10T14:36:36.307+0000] {logging_mixin.py:188} INFO - [2026-09-10T14:36:36.305+0000] {dagbag.py:540} INFO - Filling up the DagBag from /home/airflow/.local/lib/python3.8/site-packages/airflow/example_dags/example_short_circuit_operator.py
[2026-09-10T14:36:36.316+0000] {processor.py:840} INFO - DAG(s) 'example_short_circuit_operator' retrieved from /home/airflow/.local/lib/python3.8/site-packages/airflow/example_dags/example_short_circuit_operator.py
[2026-09-10T14:36:36.360+0000] {logging_mixin.py:188} INFO - [2026-09-10T14:36:36.360+0000] {dag.py:3047} INFO - Sync 1 DAGs
[2026-09-10T14:36:36.399+0000] {logging_mixin.py:188} INFO - [2026-09-10T14:36:36.399+0000] {dag.py:3834} INFO - Setting next_dagrun for example_short_circuit_operator to 2026-09-09 00:00:00+00:00, run_after=2026-09-10 00:00:00+00:00
[2026-09-10T14:36:36.438+0000] {processor.py:183} INFO - Processing /home/airflow/.local/lib/python3.8/site-packages/airflow/example_dags/example_short_circuit_operator.py took 0.140 seconds
[2026-09-10T14:37:07.033+0000] {processor.py:161} INFO - Started process (PID=1335) to work on /home/airflow/.local/lib/python3.8/site-packages/airflow/example_dags/example_short_circuit_operator.py
[2026-09-10T14:37:07.037+0000] {processor.py:830} INFO - Processing file /home/airflow/.local/lib/python3.8/site-packages/airflow/example_dags/example_short_circuit_operator.py for tasks to queue
[2026-09-10T14:37:07.042+0000] {logging_mixin.py:188} INFO - [2026-09-10T14:37:07.041+0000] {dagbag.py:540} INFO - Filling up the DagBag from /home/airflow/.local/lib/python3.8/site-packages/airflow/example_dags/example_short_circuit_operator.py
[2026-09-10T14:37:07.065+0000] {processor.py:840} INFO - DAG(s) 'example_short_circuit_operator' retrieved from /home/airflow/.local/lib/python3.8/site-packages/airflow/example_dags/example_short_circuit_operator.py
[2026-09-10T14:37:07.110+0000] {logging_mixin.py:188} INFO - [2026-09-10T14:37:07.110+0000] {dag.py:3047} INFO - Sync 1 DAGs
[2026-09-10T14:37:07.146+0000] {logging_mixin.py:188} INFO - [2026-09-10T14:37:07.146+0000] {dag.py:3834} INFO - Setting next_dagrun for example_short_circuit_operator to 2026-09-09 00:00:00+00:00, run_after=2026-09-10 00:00:00+00:00
[2026-09-10T14:37:07.177+0000] {processor.py:183} INFO - Processing /home/airflow/.local/lib/python3.8/site-packages/airflow/example_dags/example_short_circuit_operator.py took 0.149 seconds
[2026-09-10T14:37:38.026+0000] {processor.py:161} INFO - Started process (PID=1394) to work on /home/airflow/.local/lib/python3.8/site-packages/airflow/example_dags/example_short_circuit_operator.py
[2026-09-10T14:37:38.028+0000] {processor.py:830} INFO - Processing file /home/airflow/.local/lib/python3.8/site-packages/airflow/example_dags/example_short_circuit_operator.py for tasks to queue
[2026-09-10T14:37:38.032+0000] {logging_mixin.py:188} INFO - [2026-09-10T14:37:38.031+0000] {dagbag.py:540} INFO - Filling up the DagBag from /home/airflow/.local/lib/python3.8/site-packages/airflow/example_dags/example_short_circuit_operator.py
[2026-09-10T14:37:38.044+0000] {processor.py:840} INFO - DAG(s) 'example_short_circuit_operator' retrieved from /home/airflow/.local/lib/python3.8/site-packages/airflow/example_dags/example_short_circuit_operator.py
[2026-09-10T14:37:38.075+0000] {logging_mixin.py:188} INFO - [2026-09-10T14:37:38.075+0000] {dag.py:3047} INFO - Sync 1 DAGs
[2026-09-10T14:37:38.105+0000] {logging_mixin.py:188} INFO - [2026-09-10T14:37:38.104+0000] {dag.py:3834} INFO - Setting next_dagrun for example_short_circuit_operator to 2026-09-09 00:00:00+00:00, run_after=2026-09-10 00:00:00+00:00
[2026-09-10T14:37:38.140+0000] {processor.py:183} INFO - Processing /home/airflow/.local/lib/python3.8/site-packages/airflow/example_dags/example_short_circuit_operator.py took 0.117 seconds
[2026-09-10T14:38:09.199+0000] {processor.py:161} INFO - Started process (PID=1453) to work on /home/airflow/.local/lib/python3.8/site-packages/airflow/example_dags/example_short_circuit_operator.py
[2026-09-10T14:38:09.201+0000] {processor.py:830} INFO - Processing file /home/airflow/.local/lib/python3.8/site-packages/airflow/example_dags/example_short_circuit_operator.py for tasks to queue
[2026-09-10T14:38:09.206+0000] {logging_mixin.py:188} INFO - [2026-09-10T14:38:09.205+0000] {dagbag.py:540} INFO - Filling up the DagBag from /home/airflow/.local/lib/python3.8/site-packages/airflow/example_dags/example_short_circuit_operator.py
[2026-09-10T14:38:09.229+0000] {processor.py:840} INFO - DAG(s) 'example_short_circuit_operator' retrieved from /home/airflow/.local/lib/python3.8/site-packages/airflow/example_dags/example_short_circuit_operator.py
[2026-09-10T14:38:09.321+0000] {logging_mixin.py:188} INFO - [2026-09-10T14:38:09.320+0000] {dag.py:3047} INFO - Sync 1 DAGs
[2026-09-10T14:38:09.388+0000] {logging_mixin.py:188} INFO - [2026-09-10T14:38:09.387+0000] {dag.py:3834} INFO - Setting next_dagrun for example_short_circuit_operator to 2026-09-09 00:00:00+00:00, run_after=2026-09-10 00:00:00+00:00
[2026-09-10T14:38:09.458+0000] {processor.py:183} INFO - Processing /home/airflow/.local/lib/python3.8/site-packages/airflow/example_dags/example_short_circuit_operator.py took 0.266 seconds
[2026-09-10T14:38:40.322+0000] {processor.py:161} INFO - Started process (PID=1512) to work on /home/airflow/.local/lib/python3.8/site-packages/airflow/example_dags/example_short_circuit_operator.py
[2026-09-10T14:38:40.323+0000] {processor.py:830} INFO - Processing file /home/airflow/.local/lib/python3.8/site-packages/airflow/example_dags/example_short_circuit_operator.py for tasks to queue
[2026-09-10T14:38:40.325+0000] {logging_mixin.py:188} INFO - [2026-09-10T14:38:40.325+0000] {dagbag.py:540} INFO - Filling up the DagBag from /home/airflow/.local/lib/python3.8/site-packages/airflow/example_dags/example_short_circuit_operator.py
[2026-09-10T14:38:40.337+0000] {processor.py:840} INFO - DAG(s) 'example_short_circuit_operator' retrieved from /home/airflow/.local/lib/python3.8/site-packages/airflow/example_dags/example_short_circuit_operator.py
[2026-09-10T14:38:40.377+0000] {logging_mixin.py:188} INFO - [2026-09-10T14:38:40.376+0000] {dag.py:3047} INFO - Sync 1 DAGs
[2026-09-10T14:38:40.412+0000] {logging_mixin.py:188} INFO - [2026-09-10T14:38:40.412+0000] {dag.py:3834} INFO - Setting next_dagrun for example_short_circuit_operator to 2026-09-09 00:00:00+00:00, run_after=2026-09-10 00:00:00+00:00
[2026-09-10T14:38:40.476+0000] {processor.py:183} INFO - Processing /home/airflow/.local/lib/python3.8/site-packages/airflow/example_dags/example_short_circuit_operator.py took 0.158 seconds
[2026-09-10T14:39:11.602+0000] {processor.py:161} INFO - Started process (PID=1571) to work on /home/airflow/.local/lib/python3.8/site-packages/airflow/example_dags/example_short_circuit_operator.py
[2026-09-10T14:39:11.604+0000] {processor.py:830} INFO - Processing file /home/airflow/.local/lib/python3.8/site-packages/airflow/example_dags/example_short_circuit_operator.py for tasks to queue
[2026-09-10T14:39:11.607+0000] {logging_mixin.py:188} INFO - [2026-09-10T14:39:11.607+0000] {dagbag.py:540} INFO - Filling up the DagBag from /home/airflow/.local/lib/python3.8/site-packages/airflow/example_dags/example_short_circuit_operator.py
[2026-09-10T14:39:11.620+0000] {processor.py:840} INFO - DAG(s) 'example_short_circuit_operator' retrieved from /home/airflow/.local/lib/python3.8/site-packages/airflow/example_dags/example_short_circuit_operator.py
[2026-09-10T14:39:11.651+0000] {logging_mixin.py:188} INFO - [2026-09-10T14:39:11.651+0000] {dag.py:3047} INFO - Sync 1 DAGs
[2026-09-10T14:39:11.682+0000] {logging_mixin.py:188} INFO - [2026-09-10T14:39:11.682+0000] {dag.py:3834} INFO - Setting next_dagrun for example_short_circuit_operator to 2026-09-09 00:00:00+00:00, run_after=2026-09-10 00:00:00+00:00
[2026-09-10T14:39:11.703+0000] {processor.py:183} INFO - Processing /home/airflow/.local/lib/python3.8/site-packages/airflow/example_dags/example_short_circuit_operator.py took 0.111 seconds
[2026-09-10T14:39:43.394+0000] {processor.py:161} INFO - Started process (PID=1630) to work on /home/airflow/.local/lib/python3.8/site-packages/airflow/example_dags/example_short_circuit_operator.py
[2026-09-10T14:39:43.397+0000] {processor.py:830} INFO - Processing file /home/airflow/.local/lib/python3.8/site-packages/airflow/example_dags/example_short_circuit_operator.py for tasks to queue
[2026-09-10T14:39:43.399+0000] {logging_mixin.py:188} INFO - [2026-09-10T14:39:43.399+0000] {dagbag.py:540} INFO - Filling up the DagBag from /home/airflow/.local/lib/python3.8/site-packages/airflow/example_dags/example_short_circuit_operator.py
[2026-09-10T14:39:43.411+0000] {processor.py:840} INFO - DAG(s) 'example_short_circuit_operator' retrieved from /home/airflow/.local/lib/python3.8/site-packages/airflow/example_dags/example_short_circuit_operator.py
[2026-09-10T14:39:43.452+0000] {logging_mixin.py:188} INFO - [2026-09-10T14:39:43.452+0000] {dag.py:3047} INFO - Sync 1 DAGs
[2026-09-10T14:39:43.497+0000] {logging_mixin.py:188} INFO - [2026-09-10T14:39:43.496+0000] {dag.py:3834} INFO - Setting next_dagrun for example_short_circuit_operator to 2026-09-09 00:00:00+00:00, run_after=2026-09-10 00:00:00+00:00
[2026-09-10T14:39:43.531+0000] {processor.py:183} INFO - Processing /home/airflow/.local/lib/python3.8/site-packages/airflow/example_dags/example_short_circuit_operator.py took 0.146 seconds
[2026-09-10T14:40:14.479+0000] {processor.py:161} INFO - Started process (PID=1689) to work on /home/airflow/.local/lib/python3.8/site-packages/airflow/example_dags/example_short_circuit_operator.py
[2026-09-10T14:40:14.481+0000] {processor.py:830} INFO - Processing file /home/airflow/.local/lib/python3.8/site-packages/airflow/example_dags/example_short_circuit_operator.py for tasks to queue
[2026-09-10T14:40:14.483+0000] {logging_mixin.py:188} INFO - [2026-09-10T14:40:14.483+0000] {dagbag.py:540} INFO - Filling up the DagBag from /home/airflow/.local/lib/python3.8/site-packages/airflow/example_dags/example_short_circuit_operator.py
[2026-09-10T14:40:14.491+0000] {processor.py:840} INFO - DAG(s) 'example_short_circuit_operator' retrieved from /home/airflow/.local/lib/python3.8/site-packages/airflow/example_dags/example_short_circuit_operator.py
[2026-09-10T14:40:14.526+0000] {logging_mixin.py:188} INFO - [2026-09-10T14:40:14.525+0000] {dag.py:3047} INFO - Sync 1 DAGs
[2026-09-10T14:40:14.554+0000] {logging_mixin.py:188} INFO - [2026-09-10T14:40:14.554+0000] {dag.py:3834} INFO - Setting next_dagrun for example_short_circuit_operator to 2026-09-09 00:00:00+00:00, run_after=2026-09-10 00:00:00+00:00
[2026-09-10T14:40:14.573+0000] {processor.py:183} INFO - Processing /home/airflow/.local/lib/python3.8/site-packages/airflow/example_dags/example_short_circuit_operator.py took 0.098 seconds
