[2026-08-26T00:34:31.824+0000] {processor.py:161} INFO - Started process (PID=95) to work on /home/airflow/.local/lib/python3.8/site-packages/airflow/example_dags/example_dynamic_task_mapping.py
[2026-08-26T00:34:31.827+0000] {processor.py:830} INFO - Processing file /home/airflow/.local/lib/python3.8/site-packages/airflow/example_dags/example_dynamic_task_mapping.py for tasks to queue
[2026-08-26T00:34:31.833+0000] {logging_mixin.py:188} INFO - [2026-08-26T00:34:31.832+0000] {dagbag.py:540} INFO - Filling up the DagBag from /home/airflow/.local/lib/python3.8/site-packages/airflow/example_dags/example_dynamic_task_mapping.py
[2026-08-26T00:34:31.849+0000] {processor.py:840} INFO - DAG(s) 'example_dynamic_task_mapping' retrieved from /home/airflow/.local/lib/python3.8/site-packages/airflow/example_dags/example_dynamic_task_mapping.py
[2026-08-26T00:34:31.893+0000] {logging_mixin.py:188} INFO - [2026-08-26T00:34:31.893+0000] {dag.py:3047} INFO - Sync 1 DAGs
[2026-08-26T00:34:31.944+0000] {logging_mixin.py:188} INFO - [2026-08-26T00:34:31.944+0000] {dag.py:3834} INFO - Setting next_dagrun for example_dynamic_task_mapping to 2022-03-04 00:00:00+00:00, run_after=2022-03-05 00:00:00+00:00
[2026-08-26T00:34:31.987+0000] {processor.py:183} INFO - Processing /home/airflow/.local/lib/python3.8/site-packages/airflow/example_dags/example_dynamic_task_mapping.py took 0.173 seconds
[2026-08-26T00:35:02.678+0000] {processor.py:161} INFO - Started process (PID=153) to work on /home/airflow/.local/lib/python3.8/site-packages/airflow/example_dags/example_dynamic_task_mapping.py
[2026-08-26T00:35:02.679+0000] {processor.py:830} INFO - Processing file /home/airflow/.local/lib/python3.8/site-packages/airflow/example_dags/example_dynamic_task_mapping.py for tasks to queue
[2026-08-26T00:35:02.682+0000] {logging_mixin.py:188} INFO - [2026-08-26T00:35:02.682+0000] {dagbag.py:540} INFO - Filling up the DagBag from /home/airflow/.local/lib/python3.8/site-packages/airflow/example_dags/example_dynamic_task_mapping.py
[2026-08-26T00:35:02.692+0000] {processor.py:840} INFO - DAG(s) 'example_dynamic_task_mapping' retrieved from /home/airflow/.local/lib/python3.8/site-packages/airflow/example_dags/example_dynamic_task_mapping.py
[2026-08-26T00:35:02.837+0000] {logging_mixin.py:188} INFO - [2026-08-26T00:35:02.836+0000] {dag.py:3047} INFO - Sync 1 DAGs
[2026-08-26T00:35:02.862+0000] {logging_mixin.py:188} INFO - [2026-08-26T00:35:02.862+0000] {dag.py:3834} INFO - Setting next_dagrun for example_dynamic_task_mapping to 2022-03-04 00:00:00+00:00, run_after=2022-03-05 00:00:00+00:00
[2026-08-26T00:35:02.885+0000] {processor.py:183} INFO - Processing /home/airflow/.local/lib/python3.8/site-packages/airflow/example_dags/example_dynamic_task_mapping.py took 0.212 seconds
[2026-08-26T00:35:33.300+0000] {processor.py:161} INFO - Started process (PID=210) to work on /home/airflow/.local/lib/python3.8/site-packages/airflow/example_dags/example_dynamic_task_mapping.py
[2026-08-26T00:35:33.302+0000] {processor.py:830} INFO - Processing file /home/airflow/.local/lib/python3.8/site-packages/airflow/example_dags/example_dynamic_task_mapping.py for tasks to queue
[2026-08-26T00:35:33.305+0000] {logging_mixin.py:188} INFO - [2026-08-26T00:35:33.305+0000] {dagbag.py:540} INFO - Filling up the DagBag from /home/airflow/.local/lib/python3.8/site-packages/airflow/example_dags/example_dynamic_task_mapping.py
[2026-08-26T00:35:33.317+0000] {processor.py:840} INFO - DAG(s) 'example_dynamic_task_mapping' retrieved from /home/airflow/.local/lib/python3.8/site-packages/airflow/example_dags/example_dynamic_task_mapping.py
[2026-08-26T00:35:33.342+0000] {logging_mixin.py:188} INFO - [2026-08-26T00:35:33.341+0000] {dag.py:3047} INFO - Sync 1 DAGs
[2026-08-26T00:35:33.373+0000] {logging_mixin.py:188} INFO - [2026-08-26T00:35:33.373+0000] {dag.py:3834} INFO - Setting next_dagrun for example_dynamic_task_mapping to 2022-03-04 00:00:00+00:00, run_after=2022-03-05 00:00:00+00:00
[2026-08-26T00:35:33.396+0000] {processor.py:183} INFO - Processing /home/airflow/.local/lib/python3.8/site-packages/airflow/example_dags/example_dynamic_task_mapping.py took 0.103 seconds
[2026-08-26T00:36:03.905+0000] {processor.py:161} INFO - Started process (PID=267) to work on /home/airflow/.local/lib/python3.8/site-packages/airflow/example_dags/example_dynamic_task_mapping.py
[2026-08-26T00:36:03.908+0000] {processor.py:830} INFO - Processing file /home/airflow/.local/lib/python3.8/site-packages/airflow/example_dags/example_dynamic_task_mapping.py for tasks to queue
[2026-08-26T00:36:03.911+0000] {logging_mixin.py:188} INFO - [2026-08-26T00:36:03.910+0000] {dagbag.py:540} INFO - Filling up the DagBag from /home/airflow/.local/lib/python3.8/site-packages/airflow/example_dags/example_dynamic_task_mapping.py
[2026-08-26T00:36:03.919+0000] {processor.py:840} INFO - DAG(s) 'example_dynamic_task_mapping' retrieved from /home/airflow/.local/lib/python3.8/site-packages/airflow/example_dags/example_dynamic_task_mapping.py
[2026-08-26T00:36:03.941+0000] {logging_mixin.py:188} INFO - [2026-08-26T00:36:03.940+0000] {dag.py:3047} INFO - Sync 1 DAGs
[2026-08-26T00:36:03.965+0000] {logging_mixin.py:188} INFO - [2026-08-26T00:36:03.965+0000] {dag.py:3834} INFO - Setting next_dagrun for example_dynamic_task_mapping to 2022-03-04 00:00:00+00:00, run_after=2022-03-05 00:00:00+00:00
[2026-08-26T00:36:03.984+0000] {processor.py:183} INFO - Processing /home/airflow/.local/lib/python3.8/site-packages/airflow/example_dags/example_dynamic_task_mapping.py took 0.083 seconds
[2026-08-26T00:36:34.221+0000] {processor.py:161} INFO - Started process (PID=324) to work on /home/airflow/.local/lib/python3.8/site-packages/airflow/example_dags/example_dynamic_task_mapping.py
[2026-08-26T00:36:34.223+0000] {processor.py:830} INFO - Processing file /home/airflow/.local/lib/python3.8/site-packages/airflow/example_dags/example_dynamic_task_mapping.py for tasks to queue
[2026-08-26T00:36:34.227+0000] {logging_mixin.py:188} INFO - [2026-08-26T00:36:34.226+0000] {dagbag.py:540} INFO - Filling up the DagBag from /home/airflow/.local/lib/python3.8/site-packages/airflow/example_dags/example_dynamic_task_mapping.py
[2026-08-26T00:36:34.237+0000] {processor.py:840} INFO - DAG(s) 'example_dynamic_task_mapping' retrieved from /home/airflow/.local/lib/python3.8/site-packages/airflow/example_dags/example_dynamic_task_mapping.py
[2026-08-26T00:36:34.265+0000] {logging_mixin.py:188} INFO - [2026-08-26T00:36:34.265+0000] {dag.py:3047} INFO - Sync 1 DAGs
[2026-08-26T00:36:34.295+0000] {logging_mixin.py:188} INFO - [2026-08-26T00:36:34.295+0000] {dag.py:3834} INFO - Setting next_dagrun for example_dynamic_task_mapping to 2022-03-04 00:00:00+00:00, run_after=2022-03-05 00:00:00+00:00
[2026-08-26T00:36:34.318+0000] {processor.py:183} INFO - Processing /home/airflow/.local/lib/python3.8/site-packages/airflow/example_dags/example_dynamic_task_mapping.py took 0.102 seconds
[2026-08-26T00:37:04.506+0000] {processor.py:161} INFO - Started process (PID=381) to work on /home/airflow/.local/lib/python3.8/site-packages/airflow/example_dags/example_dynamic_task_mapping.py
[2026-08-26T00:37:04.507+0000] {processor.py:830} INFO - Processing file /home/airflow/.local/lib/python3.8/site-packages/airflow/example_dags/example_dynamic_task_mapping.py for tasks to queue
[2026-08-26T00:37:04.510+0000] {logging_mixin.py:188} INFO - [2026-08-26T00:37:04.509+0000] {dagbag.py:540} INFO - Filling up the DagBag from /home/airflow/.local/lib/python3.8/site-packages/airflow/example_dags/example_dynamic_task_mapping.py
[2026-08-26T00:37:04.519+0000] {processor.py:840} INFO - DAG(s) 'example_dynamic_task_mapping' retrieved from /home/airflow/.local/lib/python3.8/site-packages/airflow/example_dags/example_dynamic_task_mapping.py
[2026-08-26T00:37:04.549+0000] {logging_mixin.py:188} INFO - [2026-08-26T00:37:04.549+0000] {dag.py:3047} INFO - Sync 1 DAGs
[2026-08-26T00:37:04.584+0000] {logging_mixin.py:188} INFO - [2026-08-26T00:37:04.583+0000] {dag.py:3834} INFO - Setting next_dagrun for example_dynamic_task_mapping to 2022-03-04 00:00:00+00:00, run_after=2022-03-05 00:00:00+00:00
[2026-08-26T00:37:04.609+0000] {processor.py:183} INFO - Processing /home/airflow/.local/lib/python3.8/site-packages/airflow/example_dags/example_dynamic_task_mapping.py took 0.109 seconds
[2026-08-26T00:37:35.163+0000] {processor.py:161} INFO - Started process (PID=438) to work on /home/airflow/.local/lib/python3.8/site-packages/airflow/example_dags/example_dynamic_task_mapping.py
[2026-08-26T00:37:35.164+0000] {processor.py:830} INFO - Processing file /home/airflow/.local/lib/python3.8/site-packages/airflow/example_dags/example_dynamic_task_mapping.py for tasks to queue
[2026-08-26T00:37:35.167+0000] {logging_mixin.py:188} INFO - [2026-08-26T00:37:35.167+0000] {dagbag.py:540} INFO - Filling up the DagBag from /home/airflow/.local/lib/python3.8/site-packages/airflow/example_dags/example_dynamic_task_mapping.py
[2026-08-26T00:37:35.176+0000] {processor.py:840} INFO - DAG(s) 'example_dynamic_task_mapping' retrieved from /home/airflow/.local/lib/python3.8/site-packages/airflow/example_dags/example_dynamic_task_mapping.py
[2026-08-26T00:37:35.200+0000] {logging_mixin.py:188} INFO - [2026-08-26T00:37:35.200+0000] {dag.py:3047} INFO - Sync 1 DAGs
[2026-08-26T00:37:35.230+0000] {logging_mixin.py:188} INFO - [2026-08-26T00:37:35.230+0000] {dag.py:3834} INFO - Setting next_dagrun for example_dynamic_task_mapping to 2022-03-04 00:00:00+00:00, run_after=2022-03-05 00:00:00+00:00
[2026-08-26T00:37:35.253+0000] {processor.py:183} INFO - Processing /home/airflow/.local/lib/python3.8/site-packages/airflow/example_dags/example_dynamic_task_mapping.py took 0.095 seconds
[2026-08-26T00:38:05.404+0000] {processor.py:161} INFO - Started process (PID=499) to work on /home/airflow/.local/lib/python3.8/site-packages/airflow/example_dags/example_dynamic_task_mapping.py
[2026-08-26T00:38:05.406+0000] {processor.py:830} INFO - Processing file /home/airflow/.local/lib/python3.8/site-packages/airflow/example_dags/example_dynamic_task_mapping.py for tasks to queue
[2026-08-26T00:38:05.410+0000] {logging_mixin.py:188} INFO - [2026-08-26T00:38:05.409+0000] {dagbag.py:540} INFO - Filling up the DagBag from /home/airflow/.local/lib/python3.8/site-packages/airflow/example_dags/example_dynamic_task_mapping.py
[2026-08-26T00:38:05.423+0000] {processor.py:840} INFO - DAG(s) 'example_dynamic_task_mapping' retrieved from /home/airflow/.local/lib/python3.8/site-packages/airflow/example_dags/example_dynamic_task_mapping.py
[2026-08-26T00:38:05.454+0000] {logging_mixin.py:188} INFO - [2026-08-26T00:38:05.454+0000] {dag.py:3047} INFO - Sync 1 DAGs
[2026-08-26T00:38:05.494+0000] {logging_mixin.py:188} INFO - [2026-08-26T00:38:05.494+0000] {dag.py:3834} INFO - Setting next_dagrun for example_dynamic_task_mapping to 2022-03-04 00:00:00+00:00, run_after=2022-03-05 00:00:00+00:00
[2026-08-26T00:38:05.531+0000] {processor.py:183} INFO - Processing /home/airflow/.local/lib/python3.8/site-packages/airflow/example_dags/example_dynamic_task_mapping.py took 0.133 seconds
[2026-08-26T00:38:36.488+0000] {processor.py:161} INFO - Started process (PID=556) to work on /home/airflow/.local/lib/python3.8/site-packages/airflow/example_dags/example_dynamic_task_mapping.py
[2026-08-26T00:38:36.489+0000] {processor.py:830} INFO - Processing file /home/airflow/.local/lib/python3.8/site-packages/airflow/example_dags/example_dynamic_task_mapping.py for tasks to queue
[2026-08-26T00:38:36.493+0000] {logging_mixin.py:188} INFO - [2026-08-26T00:38:36.492+0000] {dagbag.py:540} INFO - Filling up the DagBag from /home/airflow/.local/lib/python3.8/site-packages/airflow/example_dags/example_dynamic_task_mapping.py
[2026-08-26T00:38:36.501+0000] {processor.py:840} INFO - DAG(s) 'example_dynamic_task_mapping' retrieved from /home/airflow/.local/lib/python3.8/site-packages/airflow/example_dags/example_dynamic_task_mapping.py
[2026-08-26T00:38:36.524+0000] {logging_mixin.py:188} INFO - [2026-08-26T00:38:36.524+0000] {dag.py:3047} INFO - Sync 1 DAGs
[2026-08-26T00:38:36.557+0000] {logging_mixin.py:188} INFO - [2026-08-26T00:38:36.557+0000] {dag.py:3834} INFO - Setting next_dagrun for example_dynamic_task_mapping to 2022-03-04 00:00:00+00:00, run_after=2022-03-05 00:00:00+00:00
[2026-08-26T00:38:36.581+0000] {processor.py:183} INFO - Processing /home/airflow/.local/lib/python3.8/site-packages/airflow/example_dags/example_dynamic_task_mapping.py took 0.097 seconds
[2026-08-26T00:39:06.922+0000] {processor.py:161} INFO - Started process (PID=613) to work on /home/airflow/.local/lib/python3.8/site-packages/airflow/example_dags/example_dynamic_task_mapping.py
[2026-08-26T00:39:06.924+0000] {processor.py:830} INFO - Processing file /home/airflow/.local/lib/python3.8/site-packages/airflow/example_dags/example_dynamic_task_mapping.py for tasks to queue
[2026-08-26T00:39:06.928+0000] {logging_mixin.py:188} INFO - [2026-08-26T00:39:06.927+0000] {dagbag.py:540} INFO - Filling up the DagBag from /home/airflow/.local/lib/python3.8/site-packages/airflow/example_dags/example_dynamic_task_mapping.py
[2026-08-26T00:39:06.940+0000] {processor.py:840} INFO - DAG(s) 'example_dynamic_task_mapping' retrieved from /home/airflow/.local/lib/python3.8/site-packages/airflow/example_dags/example_dynamic_task_mapping.py
[2026-08-26T00:39:06.965+0000] {logging_mixin.py:188} INFO - [2026-08-26T00:39:06.965+0000] {dag.py:3047} INFO - Sync 1 DAGs
[2026-08-26T00:39:06.994+0000] {logging_mixin.py:188} INFO - [2026-08-26T00:39:06.994+0000] {dag.py:3834} INFO - Setting next_dagrun for example_dynamic_task_mapping to 2022-03-04 00:00:00+00:00, run_after=2022-03-05 00:00:00+00:00
[2026-08-26T00:39:07.020+0000] {processor.py:183} INFO - Processing /home/airflow/.local/lib/python3.8/site-packages/airflow/example_dags/example_dynamic_task_mapping.py took 0.104 seconds
[2026-08-26T00:39:37.343+0000] {processor.py:161} INFO - Started process (PID=669) to work on /home/airflow/.local/lib/python3.8/site-packages/airflow/example_dags/example_dynamic_task_mapping.py
[2026-08-26T00:39:37.345+0000] {processor.py:830} INFO - Processing file /home/airflow/.local/lib/python3.8/site-packages/airflow/example_dags/example_dynamic_task_mapping.py for tasks to queue
[2026-08-26T00:39:37.347+0000] {logging_mixin.py:188} INFO - [2026-08-26T00:39:37.347+0000] {dagbag.py:540} INFO - Filling up the DagBag from /home/airflow/.local/lib/python3.8/site-packages/airflow/example_dags/example_dynamic_task_mapping.py
[2026-08-26T00:39:37.358+0000] {processor.py:840} INFO - DAG(s) 'example_dynamic_task_mapping' retrieved from /home/airflow/.local/lib/python3.8/site-packages/airflow/example_dags/example_dynamic_task_mapping.py
[2026-08-26T00:39:37.386+0000] {logging_mixin.py:188} INFO - [2026-08-26T00:39:37.385+0000] {dag.py:3047} INFO - Sync 1 DAGs
[2026-08-26T00:39:37.415+0000] {logging_mixin.py:188} INFO - [2026-08-26T00:39:37.414+0000] {dag.py:3834} INFO - Setting next_dagrun for example_dynamic_task_mapping to 2022-03-04 00:00:00+00:00, run_after=2022-03-05 00:00:00+00:00
[2026-08-26T00:39:37.435+0000] {processor.py:183} INFO - Processing /home/airflow/.local/lib/python3.8/site-packages/airflow/example_dags/example_dynamic_task_mapping.py took 0.096 seconds
[2026-08-26T00:40:09.316+0000] {processor.py:161} INFO - Started process (PID=726) to work on /home/airflow/.local/lib/python3.8/site-packages/airflow/example_dags/example_dynamic_task_mapping.py
[2026-08-26T00:40:09.318+0000] {processor.py:830} INFO - Processing file /home/airflow/.local/lib/python3.8/site-packages/airflow/example_dags/example_dynamic_task_mapping.py for tasks to queue
[2026-08-26T00:40:09.322+0000] {logging_mixin.py:188} INFO - [2026-08-26T00:40:09.321+0000] {dagbag.py:540} INFO - Filling up the DagBag from /home/airflow/.local/lib/python3.8/site-packages/airflow/example_dags/example_dynamic_task_mapping.py
[2026-08-26T00:40:09.334+0000] {processor.py:840} INFO - DAG(s) 'example_dynamic_task_mapping' retrieved from /home/airflow/.local/lib/python3.8/site-packages/airflow/example_dags/example_dynamic_task_mapping.py
[2026-08-26T00:40:09.362+0000] {logging_mixin.py:188} INFO - [2026-08-26T00:40:09.362+0000] {dag.py:3047} INFO - Sync 1 DAGs
[2026-08-26T00:40:09.390+0000] {logging_mixin.py:188} INFO - [2026-08-26T00:40:09.390+0000] {dag.py:3834} INFO - Setting next_dagrun for example_dynamic_task_mapping to 2022-03-04 00:00:00+00:00, run_after=2022-03-05 00:00:00+00:00
[2026-08-26T00:40:09.723+0000] {processor.py:183} INFO - Processing /home/airflow/.local/lib/python3.8/site-packages/airflow/example_dags/example_dynamic_task_mapping.py took 0.413 seconds
[2026-08-26T00:40:40.317+0000] {processor.py:161} INFO - Started process (PID=784) to work on /home/airflow/.local/lib/python3.8/site-packages/airflow/example_dags/example_dynamic_task_mapping.py
[2026-08-26T00:40:40.320+0000] {processor.py:830} INFO - Processing file /home/airflow/.local/lib/python3.8/site-packages/airflow/example_dags/example_dynamic_task_mapping.py for tasks to queue
[2026-08-26T00:40:40.323+0000] {logging_mixin.py:188} INFO - [2026-08-26T00:40:40.323+0000] {dagbag.py:540} INFO - Filling up the DagBag from /home/airflow/.local/lib/python3.8/site-packages/airflow/example_dags/example_dynamic_task_mapping.py
[2026-08-26T00:40:40.335+0000] {processor.py:840} INFO - DAG(s) 'example_dynamic_task_mapping' retrieved from /home/airflow/.local/lib/python3.8/site-packages/airflow/example_dags/example_dynamic_task_mapping.py
[2026-08-26T00:40:40.371+0000] {logging_mixin.py:188} INFO - [2026-08-26T00:40:40.371+0000] {dag.py:3047} INFO - Sync 1 DAGs
[2026-08-26T00:40:40.410+0000] {logging_mixin.py:188} INFO - [2026-08-26T00:40:40.410+0000] {dag.py:3834} INFO - Setting next_dagrun for example_dynamic_task_mapping to 2022-03-04 00:00:00+00:00, run_after=2022-03-05 00:00:00+00:00
[2026-08-26T00:40:40.446+0000] {processor.py:183} INFO - Processing /home/airflow/.local/lib/python3.8/site-packages/airflow/example_dags/example_dynamic_task_mapping.py took 0.136 seconds
[2026-08-26T00:41:10.989+0000] {processor.py:161} INFO - Started process (PID=841) to work on /home/airflow/.local/lib/python3.8/site-packages/airflow/example_dags/example_dynamic_task_mapping.py
[2026-08-26T00:41:10.992+0000] {processor.py:830} INFO - Processing file /home/airflow/.local/lib/python3.8/site-packages/airflow/example_dags/example_dynamic_task_mapping.py for tasks to queue
[2026-08-26T00:41:10.996+0000] {logging_mixin.py:188} INFO - [2026-08-26T00:41:10.996+0000] {dagbag.py:540} INFO - Filling up the DagBag from /home/airflow/.local/lib/python3.8/site-packages/airflow/example_dags/example_dynamic_task_mapping.py
[2026-08-26T00:41:11.010+0000] {processor.py:840} INFO - DAG(s) 'example_dynamic_task_mapping' retrieved from /home/airflow/.local/lib/python3.8/site-packages/airflow/example_dags/example_dynamic_task_mapping.py
[2026-08-26T00:41:11.047+0000] {logging_mixin.py:188} INFO - [2026-08-26T00:41:11.047+0000] {dag.py:3047} INFO - Sync 1 DAGs
[2026-08-26T00:41:11.081+0000] {logging_mixin.py:188} INFO - [2026-08-26T00:41:11.080+0000] {dag.py:3834} INFO - Setting next_dagrun for example_dynamic_task_mapping to 2022-03-04 00:00:00+00:00, run_after=2022-03-05 00:00:00+00:00
[2026-08-26T00:41:11.131+0000] {processor.py:183} INFO - Processing /home/airflow/.local/lib/python3.8/site-packages/airflow/example_dags/example_dynamic_task_mapping.py took 0.148 seconds
[2026-08-26T00:41:41.563+0000] {processor.py:161} INFO - Started process (PID=897) to work on /home/airflow/.local/lib/python3.8/site-packages/airflow/example_dags/example_dynamic_task_mapping.py
[2026-08-26T00:41:41.565+0000] {processor.py:830} INFO - Processing file /home/airflow/.local/lib/python3.8/site-packages/airflow/example_dags/example_dynamic_task_mapping.py for tasks to queue
[2026-08-26T00:41:41.569+0000] {logging_mixin.py:188} INFO - [2026-08-26T00:41:41.569+0000] {dagbag.py:540} INFO - Filling up the DagBag from /home/airflow/.local/lib/python3.8/site-packages/airflow/example_dags/example_dynamic_task_mapping.py
[2026-08-26T00:41:41.580+0000] {processor.py:840} INFO - DAG(s) 'example_dynamic_task_mapping' retrieved from /home/airflow/.local/lib/python3.8/site-packages/airflow/example_dags/example_dynamic_task_mapping.py
[2026-08-26T00:41:41.616+0000] {logging_mixin.py:188} INFO - [2026-08-26T00:41:41.616+0000] {dag.py:3047} INFO - Sync 1 DAGs
[2026-08-26T00:41:41.649+0000] {logging_mixin.py:188} INFO - [2026-08-26T00:41:41.648+0000] {dag.py:3834} INFO - Setting next_dagrun for example_dynamic_task_mapping to 2022-03-04 00:00:00+00:00, run_after=2022-03-05 00:00:00+00:00
[2026-08-26T00:41:41.679+0000] {processor.py:183} INFO - Processing /home/airflow/.local/lib/python3.8/site-packages/airflow/example_dags/example_dynamic_task_mapping.py took 0.121 seconds
[2026-08-26T00:42:12.312+0000] {processor.py:161} INFO - Started process (PID=954) to work on /home/airflow/.local/lib/python3.8/site-packages/airflow/example_dags/example_dynamic_task_mapping.py
[2026-08-26T00:42:12.314+0000] {processor.py:830} INFO - Processing file /home/airflow/.local/lib/python3.8/site-packages/airflow/example_dags/example_dynamic_task_mapping.py for tasks to queue
[2026-08-26T00:42:12.317+0000] {logging_mixin.py:188} INFO - [2026-08-26T00:42:12.317+0000] {dagbag.py:540} INFO - Filling up the DagBag from /home/airflow/.local/lib/python3.8/site-packages/airflow/example_dags/example_dynamic_task_mapping.py
[2026-08-26T00:42:12.326+0000] {processor.py:840} INFO - DAG(s) 'example_dynamic_task_mapping' retrieved from /home/airflow/.local/lib/python3.8/site-packages/airflow/example_dags/example_dynamic_task_mapping.py
[2026-08-26T00:42:12.354+0000] {logging_mixin.py:188} INFO - [2026-08-26T00:42:12.353+0000] {dag.py:3047} INFO - Sync 1 DAGs
[2026-08-26T00:42:12.382+0000] {logging_mixin.py:188} INFO - [2026-08-26T00:42:12.382+0000] {dag.py:3834} INFO - Setting next_dagrun for example_dynamic_task_mapping to 2022-03-04 00:00:00+00:00, run_after=2022-03-05 00:00:00+00:00
[2026-08-26T00:42:12.406+0000] {processor.py:183} INFO - Processing /home/airflow/.local/lib/python3.8/site-packages/airflow/example_dags/example_dynamic_task_mapping.py took 0.100 seconds
[2026-08-26T00:42:42.505+0000] {processor.py:161} INFO - Started process (PID=1010) to work on /home/airflow/.local/lib/python3.8/site-packages/airflow/example_dags/example_dynamic_task_mapping.py
[2026-08-26T00:42:42.508+0000] {processor.py:830} INFO - Processing file /home/airflow/.local/lib/python3.8/site-packages/airflow/example_dags/example_dynamic_task_mapping.py for tasks to queue
[2026-08-26T00:42:42.511+0000] {logging_mixin.py:188} INFO - [2026-08-26T00:42:42.511+0000] {dagbag.py:540} INFO - Filling up the DagBag from /home/airflow/.local/lib/python3.8/site-packages/airflow/example_dags/example_dynamic_task_mapping.py
[2026-08-26T00:42:42.518+0000] {processor.py:840} INFO - DAG(s) 'example_dynamic_task_mapping' retrieved from /home/airflow/.local/lib/python3.8/site-packages/airflow/example_dags/example_dynamic_task_mapping.py
[2026-08-26T00:42:42.543+0000] {logging_mixin.py:188} INFO - [2026-08-26T00:42:42.543+0000] {dag.py:3047} INFO - Sync 1 DAGs
[2026-08-26T00:42:42.567+0000] {logging_mixin.py:188} INFO - [2026-08-26T00:42:42.567+0000] {dag.py:3834} INFO - Setting next_dagrun for example_dynamic_task_mapping to 2022-03-04 00:00:00+00:00, run_after=2022-03-05 00:00:00+00:00
[2026-08-26T00:42:42.590+0000] {processor.py:183} INFO - Processing /home/airflow/.local/lib/python3.8/site-packages/airflow/example_dags/example_dynamic_task_mapping.py took 0.089 seconds
[2026-08-26T00:43:12.699+0000] {processor.py:161} INFO - Started process (PID=1067) to work on /home/airflow/.local/lib/python3.8/site-packages/airflow/example_dags/example_dynamic_task_mapping.py
[2026-08-26T00:43:12.701+0000] {processor.py:830} INFO - Processing file /home/airflow/.local/lib/python3.8/site-packages/airflow/example_dags/example_dynamic_task_mapping.py for tasks to queue
[2026-08-26T00:43:12.706+0000] {logging_mixin.py:188} INFO - [2026-08-26T00:43:12.705+0000] {dagbag.py:540} INFO - Filling up the DagBag from /home/airflow/.local/lib/python3.8/site-packages/airflow/example_dags/example_dynamic_task_mapping.py
[2026-08-26T00:43:12.716+0000] {processor.py:840} INFO - DAG(s) 'example_dynamic_task_mapping' retrieved from /home/airflow/.local/lib/python3.8/site-packages/airflow/example_dags/example_dynamic_task_mapping.py
[2026-08-26T00:43:12.740+0000] {logging_mixin.py:188} INFO - [2026-08-26T00:43:12.740+0000] {dag.py:3047} INFO - Sync 1 DAGs
[2026-08-26T00:43:12.765+0000] {logging_mixin.py:188} INFO - [2026-08-26T00:43:12.764+0000] {dag.py:3834} INFO - Setting next_dagrun for example_dynamic_task_mapping to 2022-03-04 00:00:00+00:00, run_after=2022-03-05 00:00:00+00:00
[2026-08-26T00:43:12.791+0000] {processor.py:183} INFO - Processing /home/airflow/.local/lib/python3.8/site-packages/airflow/example_dags/example_dynamic_task_mapping.py took 0.096 seconds
[2026-08-26T00:44:31.542+0000] {processor.py:161} INFO - Started process (PID=85) to work on /home/airflow/.local/lib/python3.8/site-packages/airflow/example_dags/example_dynamic_task_mapping.py
[2026-08-26T00:44:31.544+0000] {processor.py:830} INFO - Processing file /home/airflow/.local/lib/python3.8/site-packages/airflow/example_dags/example_dynamic_task_mapping.py for tasks to queue
[2026-08-26T00:44:31.549+0000] {logging_mixin.py:188} INFO - [2026-08-26T00:44:31.548+0000] {dagbag.py:540} INFO - Filling up the DagBag from /home/airflow/.local/lib/python3.8/site-packages/airflow/example_dags/example_dynamic_task_mapping.py
[2026-08-26T00:44:31.563+0000] {processor.py:840} INFO - DAG(s) 'example_dynamic_task_mapping' retrieved from /home/airflow/.local/lib/python3.8/site-packages/airflow/example_dags/example_dynamic_task_mapping.py
[2026-08-26T00:44:31.736+0000] {logging_mixin.py:188} INFO - [2026-08-26T00:44:31.735+0000] {dag.py:3047} INFO - Sync 1 DAGs
[2026-08-26T00:44:31.770+0000] {logging_mixin.py:188} INFO - [2026-08-26T00:44:31.770+0000] {dag.py:3834} INFO - Setting next_dagrun for example_dynamic_task_mapping to 2022-03-04 00:00:00+00:00, run_after=2022-03-05 00:00:00+00:00
[2026-08-26T00:44:31.801+0000] {processor.py:183} INFO - Processing /home/airflow/.local/lib/python3.8/site-packages/airflow/example_dags/example_dynamic_task_mapping.py took 0.265 seconds
[2026-08-26T00:45:02.265+0000] {processor.py:161} INFO - Started process (PID=143) to work on /home/airflow/.local/lib/python3.8/site-packages/airflow/example_dags/example_dynamic_task_mapping.py
[2026-08-26T00:45:02.267+0000] {processor.py:830} INFO - Processing file /home/airflow/.local/lib/python3.8/site-packages/airflow/example_dags/example_dynamic_task_mapping.py for tasks to queue
[2026-08-26T00:45:02.270+0000] {logging_mixin.py:188} INFO - [2026-08-26T00:45:02.269+0000] {dagbag.py:540} INFO - Filling up the DagBag from /home/airflow/.local/lib/python3.8/site-packages/airflow/example_dags/example_dynamic_task_mapping.py
[2026-08-26T00:45:02.280+0000] {processor.py:840} INFO - DAG(s) 'example_dynamic_task_mapping' retrieved from /home/airflow/.local/lib/python3.8/site-packages/airflow/example_dags/example_dynamic_task_mapping.py
[2026-08-26T00:45:02.305+0000] {logging_mixin.py:188} INFO - [2026-08-26T00:45:02.305+0000] {dag.py:3047} INFO - Sync 1 DAGs
[2026-08-26T00:45:02.331+0000] {logging_mixin.py:188} INFO - [2026-08-26T00:45:02.331+0000] {dag.py:3834} INFO - Setting next_dagrun for example_dynamic_task_mapping to 2022-03-04 00:00:00+00:00, run_after=2022-03-05 00:00:00+00:00
[2026-08-26T00:45:02.558+0000] {processor.py:183} INFO - Processing /home/airflow/.local/lib/python3.8/site-packages/airflow/example_dags/example_dynamic_task_mapping.py took 0.297 seconds
[2026-08-26T00:45:34.078+0000] {processor.py:161} INFO - Started process (PID=201) to work on /home/airflow/.local/lib/python3.8/site-packages/airflow/example_dags/example_dynamic_task_mapping.py
[2026-08-26T00:45:34.080+0000] {processor.py:830} INFO - Processing file /home/airflow/.local/lib/python3.8/site-packages/airflow/example_dags/example_dynamic_task_mapping.py for tasks to queue
[2026-08-26T00:45:34.083+0000] {logging_mixin.py:188} INFO - [2026-08-26T00:45:34.082+0000] {dagbag.py:540} INFO - Filling up the DagBag from /home/airflow/.local/lib/python3.8/site-packages/airflow/example_dags/example_dynamic_task_mapping.py
[2026-08-26T00:45:34.090+0000] {processor.py:840} INFO - DAG(s) 'example_dynamic_task_mapping' retrieved from /home/airflow/.local/lib/python3.8/site-packages/airflow/example_dags/example_dynamic_task_mapping.py
[2026-08-26T00:45:34.119+0000] {logging_mixin.py:188} INFO - [2026-08-26T00:45:34.119+0000] {dag.py:3047} INFO - Sync 1 DAGs
[2026-08-26T00:45:34.143+0000] {logging_mixin.py:188} INFO - [2026-08-26T00:45:34.143+0000] {dag.py:3834} INFO - Setting next_dagrun for example_dynamic_task_mapping to 2022-03-04 00:00:00+00:00, run_after=2022-03-05 00:00:00+00:00
[2026-08-26T00:45:34.826+0000] {processor.py:183} INFO - Processing /home/airflow/.local/lib/python3.8/site-packages/airflow/example_dags/example_dynamic_task_mapping.py took 0.753 seconds
[2026-08-26T00:46:05.152+0000] {processor.py:161} INFO - Started process (PID=258) to work on /home/airflow/.local/lib/python3.8/site-packages/airflow/example_dags/example_dynamic_task_mapping.py
[2026-08-26T00:46:05.154+0000] {processor.py:830} INFO - Processing file /home/airflow/.local/lib/python3.8/site-packages/airflow/example_dags/example_dynamic_task_mapping.py for tasks to queue
[2026-08-26T00:46:05.156+0000] {logging_mixin.py:188} INFO - [2026-08-26T00:46:05.156+0000] {dagbag.py:540} INFO - Filling up the DagBag from /home/airflow/.local/lib/python3.8/site-packages/airflow/example_dags/example_dynamic_task_mapping.py
[2026-08-26T00:46:05.163+0000] {processor.py:840} INFO - DAG(s) 'example_dynamic_task_mapping' retrieved from /home/airflow/.local/lib/python3.8/site-packages/airflow/example_dags/example_dynamic_task_mapping.py
[2026-08-26T00:46:05.186+0000] {logging_mixin.py:188} INFO - [2026-08-26T00:46:05.186+0000] {dag.py:3047} INFO - Sync 1 DAGs
[2026-08-26T00:46:05.208+0000] {logging_mixin.py:188} INFO - [2026-08-26T00:46:05.208+0000] {dag.py:3834} INFO - Setting next_dagrun for example_dynamic_task_mapping to 2022-03-04 00:00:00+00:00, run_after=2022-03-05 00:00:00+00:00
[2026-08-26T00:46:05.284+0000] {processor.py:183} INFO - Processing /home/airflow/.local/lib/python3.8/site-packages/airflow/example_dags/example_dynamic_task_mapping.py took 0.136 seconds
[2026-08-26T00:46:36.206+0000] {processor.py:161} INFO - Started process (PID=315) to work on /home/airflow/.local/lib/python3.8/site-packages/airflow/example_dags/example_dynamic_task_mapping.py
[2026-08-26T00:46:36.208+0000] {processor.py:830} INFO - Processing file /home/airflow/.local/lib/python3.8/site-packages/airflow/example_dags/example_dynamic_task_mapping.py for tasks to queue
[2026-08-26T00:46:36.211+0000] {logging_mixin.py:188} INFO - [2026-08-26T00:46:36.211+0000] {dagbag.py:540} INFO - Filling up the DagBag from /home/airflow/.local/lib/python3.8/site-packages/airflow/example_dags/example_dynamic_task_mapping.py
[2026-08-26T00:46:36.221+0000] {processor.py:840} INFO - DAG(s) 'example_dynamic_task_mapping' retrieved from /home/airflow/.local/lib/python3.8/site-packages/airflow/example_dags/example_dynamic_task_mapping.py
[2026-08-26T00:46:36.249+0000] {logging_mixin.py:188} INFO - [2026-08-26T00:46:36.249+0000] {dag.py:3047} INFO - Sync 1 DAGs
[2026-08-26T00:46:36.276+0000] {logging_mixin.py:188} INFO - [2026-08-26T00:46:36.276+0000] {dag.py:3834} INFO - Setting next_dagrun for example_dynamic_task_mapping to 2022-03-04 00:00:00+00:00, run_after=2022-03-05 00:00:00+00:00
[2026-08-26T00:46:36.339+0000] {processor.py:183} INFO - Processing /home/airflow/.local/lib/python3.8/site-packages/airflow/example_dags/example_dynamic_task_mapping.py took 0.137 seconds
[2026-08-26T00:47:22.051+0000] {processor.py:161} INFO - Started process (PID=372) to work on /home/airflow/.local/lib/python3.8/site-packages/airflow/example_dags/example_dynamic_task_mapping.py
[2026-08-26T00:47:22.054+0000] {processor.py:830} INFO - Processing file /home/airflow/.local/lib/python3.8/site-packages/airflow/example_dags/example_dynamic_task_mapping.py for tasks to queue
[2026-08-26T00:47:22.059+0000] {logging_mixin.py:188} INFO - [2026-08-26T00:47:22.058+0000] {dagbag.py:540} INFO - Filling up the DagBag from /home/airflow/.local/lib/python3.8/site-packages/airflow/example_dags/example_dynamic_task_mapping.py
[2026-08-26T00:47:22.079+0000] {processor.py:840} INFO - DAG(s) 'example_dynamic_task_mapping' retrieved from /home/airflow/.local/lib/python3.8/site-packages/airflow/example_dags/example_dynamic_task_mapping.py
[2026-08-26T00:47:22.108+0000] {logging_mixin.py:188} INFO - [2026-08-26T00:47:22.107+0000] {dag.py:3047} INFO - Sync 1 DAGs
[2026-08-26T00:47:22.135+0000] {logging_mixin.py:188} INFO - [2026-08-26T00:47:22.135+0000] {dag.py:3834} INFO - Setting next_dagrun for example_dynamic_task_mapping to 2022-03-04 00:00:00+00:00, run_after=2022-03-05 00:00:00+00:00
[2026-08-26T00:47:22.154+0000] {processor.py:183} INFO - Processing /home/airflow/.local/lib/python3.8/site-packages/airflow/example_dags/example_dynamic_task_mapping.py took 0.111 seconds
[2026-08-26T00:47:53.371+0000] {processor.py:161} INFO - Started process (PID=429) to work on /home/airflow/.local/lib/python3.8/site-packages/airflow/example_dags/example_dynamic_task_mapping.py
[2026-08-26T00:47:53.373+0000] {processor.py:830} INFO - Processing file /home/airflow/.local/lib/python3.8/site-packages/airflow/example_dags/example_dynamic_task_mapping.py for tasks to queue
[2026-08-26T00:47:53.376+0000] {logging_mixin.py:188} INFO - [2026-08-26T00:47:53.375+0000] {dagbag.py:540} INFO - Filling up the DagBag from /home/airflow/.local/lib/python3.8/site-packages/airflow/example_dags/example_dynamic_task_mapping.py
[2026-08-26T00:47:53.385+0000] {processor.py:840} INFO - DAG(s) 'example_dynamic_task_mapping' retrieved from /home/airflow/.local/lib/python3.8/site-packages/airflow/example_dags/example_dynamic_task_mapping.py
[2026-08-26T00:47:53.413+0000] {logging_mixin.py:188} INFO - [2026-08-26T00:47:53.413+0000] {dag.py:3047} INFO - Sync 1 DAGs
[2026-08-26T00:47:53.442+0000] {logging_mixin.py:188} INFO - [2026-08-26T00:47:53.442+0000] {dag.py:3834} INFO - Setting next_dagrun for example_dynamic_task_mapping to 2022-03-04 00:00:00+00:00, run_after=2022-03-05 00:00:00+00:00
[2026-08-26T00:47:53.489+0000] {processor.py:183} INFO - Processing /home/airflow/.local/lib/python3.8/site-packages/airflow/example_dags/example_dynamic_task_mapping.py took 0.124 seconds
[2026-08-26T00:48:23.910+0000] {processor.py:161} INFO - Started process (PID=487) to work on /home/airflow/.local/lib/python3.8/site-packages/airflow/example_dags/example_dynamic_task_mapping.py
[2026-08-26T00:48:23.912+0000] {processor.py:830} INFO - Processing file /home/airflow/.local/lib/python3.8/site-packages/airflow/example_dags/example_dynamic_task_mapping.py for tasks to queue
[2026-08-26T00:48:23.915+0000] {logging_mixin.py:188} INFO - [2026-08-26T00:48:23.915+0000] {dagbag.py:540} INFO - Filling up the DagBag from /home/airflow/.local/lib/python3.8/site-packages/airflow/example_dags/example_dynamic_task_mapping.py
[2026-08-26T00:48:23.924+0000] {processor.py:840} INFO - DAG(s) 'example_dynamic_task_mapping' retrieved from /home/airflow/.local/lib/python3.8/site-packages/airflow/example_dags/example_dynamic_task_mapping.py
[2026-08-26T00:48:23.946+0000] {logging_mixin.py:188} INFO - [2026-08-26T00:48:23.946+0000] {dag.py:3047} INFO - Sync 1 DAGs
[2026-08-26T00:48:23.970+0000] {logging_mixin.py:188} INFO - [2026-08-26T00:48:23.970+0000] {dag.py:3834} INFO - Setting next_dagrun for example_dynamic_task_mapping to 2022-03-04 00:00:00+00:00, run_after=2022-03-05 00:00:00+00:00
[2026-08-26T00:48:24.016+0000] {processor.py:183} INFO - Processing /home/airflow/.local/lib/python3.8/site-packages/airflow/example_dags/example_dynamic_task_mapping.py took 0.111 seconds
[2026-08-26T00:48:54.424+0000] {processor.py:161} INFO - Started process (PID=544) to work on /home/airflow/.local/lib/python3.8/site-packages/airflow/example_dags/example_dynamic_task_mapping.py
[2026-08-26T00:48:54.426+0000] {processor.py:830} INFO - Processing file /home/airflow/.local/lib/python3.8/site-packages/airflow/example_dags/example_dynamic_task_mapping.py for tasks to queue
[2026-08-26T00:48:54.430+0000] {logging_mixin.py:188} INFO - [2026-08-26T00:48:54.430+0000] {dagbag.py:540} INFO - Filling up the DagBag from /home/airflow/.local/lib/python3.8/site-packages/airflow/example_dags/example_dynamic_task_mapping.py
[2026-08-26T00:48:54.440+0000] {processor.py:840} INFO - DAG(s) 'example_dynamic_task_mapping' retrieved from /home/airflow/.local/lib/python3.8/site-packages/airflow/example_dags/example_dynamic_task_mapping.py
[2026-08-26T00:48:54.467+0000] {logging_mixin.py:188} INFO - [2026-08-26T00:48:54.467+0000] {dag.py:3047} INFO - Sync 1 DAGs
[2026-08-26T00:48:54.496+0000] {logging_mixin.py:188} INFO - [2026-08-26T00:48:54.496+0000] {dag.py:3834} INFO - Setting next_dagrun for example_dynamic_task_mapping to 2022-03-04 00:00:00+00:00, run_after=2022-03-05 00:00:00+00:00
[2026-08-26T00:48:54.544+0000] {processor.py:183} INFO - Processing /home/airflow/.local/lib/python3.8/site-packages/airflow/example_dags/example_dynamic_task_mapping.py took 0.125 seconds
[2026-08-26T00:49:25.108+0000] {processor.py:161} INFO - Started process (PID=601) to work on /home/airflow/.local/lib/python3.8/site-packages/airflow/example_dags/example_dynamic_task_mapping.py
[2026-08-26T00:49:25.110+0000] {processor.py:830} INFO - Processing file /home/airflow/.local/lib/python3.8/site-packages/airflow/example_dags/example_dynamic_task_mapping.py for tasks to queue
[2026-08-26T00:49:25.113+0000] {logging_mixin.py:188} INFO - [2026-08-26T00:49:25.113+0000] {dagbag.py:540} INFO - Filling up the DagBag from /home/airflow/.local/lib/python3.8/site-packages/airflow/example_dags/example_dynamic_task_mapping.py
[2026-08-26T00:49:25.122+0000] {processor.py:840} INFO - DAG(s) 'example_dynamic_task_mapping' retrieved from /home/airflow/.local/lib/python3.8/site-packages/airflow/example_dags/example_dynamic_task_mapping.py
[2026-08-26T00:49:25.150+0000] {logging_mixin.py:188} INFO - [2026-08-26T00:49:25.150+0000] {dag.py:3047} INFO - Sync 1 DAGs
[2026-08-26T00:49:25.179+0000] {logging_mixin.py:188} INFO - [2026-08-26T00:49:25.179+0000] {dag.py:3834} INFO - Setting next_dagrun for example_dynamic_task_mapping to 2022-03-04 00:00:00+00:00, run_after=2022-03-05 00:00:00+00:00
[2026-08-26T00:49:25.224+0000] {processor.py:183} INFO - Processing /home/airflow/.local/lib/python3.8/site-packages/airflow/example_dags/example_dynamic_task_mapping.py took 0.121 seconds
[2026-08-26T00:49:55.651+0000] {processor.py:161} INFO - Started process (PID=664) to work on /home/airflow/.local/lib/python3.8/site-packages/airflow/example_dags/example_dynamic_task_mapping.py
[2026-08-26T00:49:55.653+0000] {processor.py:830} INFO - Processing file /home/airflow/.local/lib/python3.8/site-packages/airflow/example_dags/example_dynamic_task_mapping.py for tasks to queue
[2026-08-26T00:49:55.659+0000] {logging_mixin.py:188} INFO - [2026-08-26T00:49:55.658+0000] {dagbag.py:540} INFO - Filling up the DagBag from /home/airflow/.local/lib/python3.8/site-packages/airflow/example_dags/example_dynamic_task_mapping.py
[2026-08-26T00:49:55.673+0000] {processor.py:840} INFO - DAG(s) 'example_dynamic_task_mapping' retrieved from /home/airflow/.local/lib/python3.8/site-packages/airflow/example_dags/example_dynamic_task_mapping.py
[2026-08-26T00:49:55.704+0000] {logging_mixin.py:188} INFO - [2026-08-26T00:49:55.704+0000] {dag.py:3047} INFO - Sync 1 DAGs
[2026-08-26T00:49:55.734+0000] {logging_mixin.py:188} INFO - [2026-08-26T00:49:55.733+0000] {dag.py:3834} INFO - Setting next_dagrun for example_dynamic_task_mapping to 2022-03-04 00:00:00+00:00, run_after=2022-03-05 00:00:00+00:00
[2026-08-26T00:49:55.788+0000] {processor.py:183} INFO - Processing /home/airflow/.local/lib/python3.8/site-packages/airflow/example_dags/example_dynamic_task_mapping.py took 0.143 seconds
[2026-08-26T00:50:27.202+0000] {processor.py:161} INFO - Started process (PID=721) to work on /home/airflow/.local/lib/python3.8/site-packages/airflow/example_dags/example_dynamic_task_mapping.py
[2026-08-26T00:50:27.205+0000] {processor.py:830} INFO - Processing file /home/airflow/.local/lib/python3.8/site-packages/airflow/example_dags/example_dynamic_task_mapping.py for tasks to queue
[2026-08-26T00:50:27.209+0000] {logging_mixin.py:188} INFO - [2026-08-26T00:50:27.209+0000] {dagbag.py:540} INFO - Filling up the DagBag from /home/airflow/.local/lib/python3.8/site-packages/airflow/example_dags/example_dynamic_task_mapping.py
[2026-08-26T00:50:27.229+0000] {processor.py:840} INFO - DAG(s) 'example_dynamic_task_mapping' retrieved from /home/airflow/.local/lib/python3.8/site-packages/airflow/example_dags/example_dynamic_task_mapping.py
[2026-08-26T00:50:27.262+0000] {logging_mixin.py:188} INFO - [2026-08-26T00:50:27.262+0000] {dag.py:3047} INFO - Sync 1 DAGs
[2026-08-26T00:50:27.294+0000] {logging_mixin.py:188} INFO - [2026-08-26T00:50:27.294+0000] {dag.py:3834} INFO - Setting next_dagrun for example_dynamic_task_mapping to 2022-03-04 00:00:00+00:00, run_after=2022-03-05 00:00:00+00:00
[2026-08-26T00:50:27.434+0000] {processor.py:183} INFO - Processing /home/airflow/.local/lib/python3.8/site-packages/airflow/example_dags/example_dynamic_task_mapping.py took 0.240 seconds
[2026-08-26T00:50:58.087+0000] {processor.py:161} INFO - Started process (PID=778) to work on /home/airflow/.local/lib/python3.8/site-packages/airflow/example_dags/example_dynamic_task_mapping.py
[2026-08-26T00:50:58.089+0000] {processor.py:830} INFO - Processing file /home/airflow/.local/lib/python3.8/site-packages/airflow/example_dags/example_dynamic_task_mapping.py for tasks to queue
[2026-08-26T00:50:58.092+0000] {logging_mixin.py:188} INFO - [2026-08-26T00:50:58.091+0000] {dagbag.py:540} INFO - Filling up the DagBag from /home/airflow/.local/lib/python3.8/site-packages/airflow/example_dags/example_dynamic_task_mapping.py
[2026-08-26T00:50:58.102+0000] {processor.py:840} INFO - DAG(s) 'example_dynamic_task_mapping' retrieved from /home/airflow/.local/lib/python3.8/site-packages/airflow/example_dags/example_dynamic_task_mapping.py
[2026-08-26T00:50:58.126+0000] {logging_mixin.py:188} INFO - [2026-08-26T00:50:58.126+0000] {dag.py:3047} INFO - Sync 1 DAGs
[2026-08-26T00:50:58.149+0000] {logging_mixin.py:188} INFO - [2026-08-26T00:50:58.149+0000] {dag.py:3834} INFO - Setting next_dagrun for example_dynamic_task_mapping to 2022-03-04 00:00:00+00:00, run_after=2022-03-05 00:00:00+00:00
[2026-08-26T00:50:58.224+0000] {processor.py:183} INFO - Processing /home/airflow/.local/lib/python3.8/site-packages/airflow/example_dags/example_dynamic_task_mapping.py took 0.142 seconds
[2026-08-26T00:51:28.397+0000] {processor.py:161} INFO - Started process (PID=835) to work on /home/airflow/.local/lib/python3.8/site-packages/airflow/example_dags/example_dynamic_task_mapping.py
[2026-08-26T00:51:28.399+0000] {processor.py:830} INFO - Processing file /home/airflow/.local/lib/python3.8/site-packages/airflow/example_dags/example_dynamic_task_mapping.py for tasks to queue
[2026-08-26T00:51:28.401+0000] {logging_mixin.py:188} INFO - [2026-08-26T00:51:28.401+0000] {dagbag.py:540} INFO - Filling up the DagBag from /home/airflow/.local/lib/python3.8/site-packages/airflow/example_dags/example_dynamic_task_mapping.py
[2026-08-26T00:51:28.408+0000] {processor.py:840} INFO - DAG(s) 'example_dynamic_task_mapping' retrieved from /home/airflow/.local/lib/python3.8/site-packages/airflow/example_dags/example_dynamic_task_mapping.py
[2026-08-26T00:51:28.434+0000] {logging_mixin.py:188} INFO - [2026-08-26T00:51:28.433+0000] {dag.py:3047} INFO - Sync 1 DAGs
[2026-08-26T00:51:28.462+0000] {logging_mixin.py:188} INFO - [2026-08-26T00:51:28.461+0000] {dag.py:3834} INFO - Setting next_dagrun for example_dynamic_task_mapping to 2022-03-04 00:00:00+00:00, run_after=2022-03-05 00:00:00+00:00
[2026-08-26T00:51:28.491+0000] {processor.py:183} INFO - Processing /home/airflow/.local/lib/python3.8/site-packages/airflow/example_dags/example_dynamic_task_mapping.py took 0.098 seconds
[2026-08-26T00:51:58.888+0000] {processor.py:161} INFO - Started process (PID=892) to work on /home/airflow/.local/lib/python3.8/site-packages/airflow/example_dags/example_dynamic_task_mapping.py
[2026-08-26T00:51:58.890+0000] {processor.py:830} INFO - Processing file /home/airflow/.local/lib/python3.8/site-packages/airflow/example_dags/example_dynamic_task_mapping.py for tasks to queue
[2026-08-26T00:51:58.896+0000] {logging_mixin.py:188} INFO - [2026-08-26T00:51:58.893+0000] {dagbag.py:540} INFO - Filling up the DagBag from /home/airflow/.local/lib/python3.8/site-packages/airflow/example_dags/example_dynamic_task_mapping.py
[2026-08-26T00:51:58.910+0000] {processor.py:840} INFO - DAG(s) 'example_dynamic_task_mapping' retrieved from /home/airflow/.local/lib/python3.8/site-packages/airflow/example_dags/example_dynamic_task_mapping.py
[2026-08-26T00:51:58.956+0000] {logging_mixin.py:188} INFO - [2026-08-26T00:51:58.955+0000] {dag.py:3047} INFO - Sync 1 DAGs
[2026-08-26T00:51:58.996+0000] {logging_mixin.py:188} INFO - [2026-08-26T00:51:58.995+0000] {dag.py:3834} INFO - Setting next_dagrun for example_dynamic_task_mapping to 2022-03-04 00:00:00+00:00, run_after=2022-03-05 00:00:00+00:00
[2026-08-26T00:51:59.027+0000] {processor.py:183} INFO - Processing /home/airflow/.local/lib/python3.8/site-packages/airflow/example_dags/example_dynamic_task_mapping.py took 0.145 seconds
[2026-08-26T00:52:29.545+0000] {processor.py:161} INFO - Started process (PID=949) to work on /home/airflow/.local/lib/python3.8/site-packages/airflow/example_dags/example_dynamic_task_mapping.py
[2026-08-26T00:52:29.547+0000] {processor.py:830} INFO - Processing file /home/airflow/.local/lib/python3.8/site-packages/airflow/example_dags/example_dynamic_task_mapping.py for tasks to queue
[2026-08-26T00:52:29.550+0000] {logging_mixin.py:188} INFO - [2026-08-26T00:52:29.550+0000] {dagbag.py:540} INFO - Filling up the DagBag from /home/airflow/.local/lib/python3.8/site-packages/airflow/example_dags/example_dynamic_task_mapping.py
[2026-08-26T00:52:29.561+0000] {processor.py:840} INFO - DAG(s) 'example_dynamic_task_mapping' retrieved from /home/airflow/.local/lib/python3.8/site-packages/airflow/example_dags/example_dynamic_task_mapping.py
[2026-08-26T00:52:29.592+0000] {logging_mixin.py:188} INFO - [2026-08-26T00:52:29.592+0000] {dag.py:3047} INFO - Sync 1 DAGs
[2026-08-26T00:52:29.635+0000] {logging_mixin.py:188} INFO - [2026-08-26T00:52:29.634+0000] {dag.py:3834} INFO - Setting next_dagrun for example_dynamic_task_mapping to 2022-03-04 00:00:00+00:00, run_after=2022-03-05 00:00:00+00:00
[2026-08-26T00:52:29.665+0000] {processor.py:183} INFO - Processing /home/airflow/.local/lib/python3.8/site-packages/airflow/example_dags/example_dynamic_task_mapping.py took 0.126 seconds
[2026-08-26T00:53:00.185+0000] {processor.py:161} INFO - Started process (PID=1006) to work on /home/airflow/.local/lib/python3.8/site-packages/airflow/example_dags/example_dynamic_task_mapping.py
[2026-08-26T00:53:00.187+0000] {processor.py:830} INFO - Processing file /home/airflow/.local/lib/python3.8/site-packages/airflow/example_dags/example_dynamic_task_mapping.py for tasks to queue
[2026-08-26T00:53:00.191+0000] {logging_mixin.py:188} INFO - [2026-08-26T00:53:00.191+0000] {dagbag.py:540} INFO - Filling up the DagBag from /home/airflow/.local/lib/python3.8/site-packages/airflow/example_dags/example_dynamic_task_mapping.py
[2026-08-26T00:53:00.203+0000] {processor.py:840} INFO - DAG(s) 'example_dynamic_task_mapping' retrieved from /home/airflow/.local/lib/python3.8/site-packages/airflow/example_dags/example_dynamic_task_mapping.py
[2026-08-26T00:53:00.231+0000] {logging_mixin.py:188} INFO - [2026-08-26T00:53:00.231+0000] {dag.py:3047} INFO - Sync 1 DAGs
[2026-08-26T00:53:00.257+0000] {logging_mixin.py:188} INFO - [2026-08-26T00:53:00.257+0000] {dag.py:3834} INFO - Setting next_dagrun for example_dynamic_task_mapping to 2022-03-04 00:00:00+00:00, run_after=2022-03-05 00:00:00+00:00
[2026-08-26T00:53:00.280+0000] {processor.py:183} INFO - Processing /home/airflow/.local/lib/python3.8/site-packages/airflow/example_dags/example_dynamic_task_mapping.py took 0.100 seconds
[2026-08-26T00:53:30.744+0000] {processor.py:161} INFO - Started process (PID=1063) to work on /home/airflow/.local/lib/python3.8/site-packages/airflow/example_dags/example_dynamic_task_mapping.py
[2026-08-26T00:53:30.746+0000] {processor.py:830} INFO - Processing file /home/airflow/.local/lib/python3.8/site-packages/airflow/example_dags/example_dynamic_task_mapping.py for tasks to queue
[2026-08-26T00:53:30.748+0000] {logging_mixin.py:188} INFO - [2026-08-26T00:53:30.748+0000] {dagbag.py:540} INFO - Filling up the DagBag from /home/airflow/.local/lib/python3.8/site-packages/airflow/example_dags/example_dynamic_task_mapping.py
[2026-08-26T00:53:30.757+0000] {processor.py:840} INFO - DAG(s) 'example_dynamic_task_mapping' retrieved from /home/airflow/.local/lib/python3.8/site-packages/airflow/example_dags/example_dynamic_task_mapping.py
[2026-08-26T00:53:30.782+0000] {logging_mixin.py:188} INFO - [2026-08-26T00:53:30.781+0000] {dag.py:3047} INFO - Sync 1 DAGs
[2026-08-26T00:53:30.816+0000] {logging_mixin.py:188} INFO - [2026-08-26T00:53:30.816+0000] {dag.py:3834} INFO - Setting next_dagrun for example_dynamic_task_mapping to 2022-03-04 00:00:00+00:00, run_after=2022-03-05 00:00:00+00:00
[2026-08-26T00:53:30.837+0000] {processor.py:183} INFO - Processing /home/airflow/.local/lib/python3.8/site-packages/airflow/example_dags/example_dynamic_task_mapping.py took 0.097 seconds
[2026-08-26T00:54:01.144+0000] {processor.py:161} INFO - Started process (PID=1120) to work on /home/airflow/.local/lib/python3.8/site-packages/airflow/example_dags/example_dynamic_task_mapping.py
[2026-08-26T00:54:01.145+0000] {processor.py:830} INFO - Processing file /home/airflow/.local/lib/python3.8/site-packages/airflow/example_dags/example_dynamic_task_mapping.py for tasks to queue
[2026-08-26T00:54:01.148+0000] {logging_mixin.py:188} INFO - [2026-08-26T00:54:01.147+0000] {dagbag.py:540} INFO - Filling up the DagBag from /home/airflow/.local/lib/python3.8/site-packages/airflow/example_dags/example_dynamic_task_mapping.py
[2026-08-26T00:54:01.155+0000] {processor.py:840} INFO - DAG(s) 'example_dynamic_task_mapping' retrieved from /home/airflow/.local/lib/python3.8/site-packages/airflow/example_dags/example_dynamic_task_mapping.py
[2026-08-26T00:54:01.181+0000] {logging_mixin.py:188} INFO - [2026-08-26T00:54:01.181+0000] {dag.py:3047} INFO - Sync 1 DAGs
[2026-08-26T00:54:01.208+0000] {logging_mixin.py:188} INFO - [2026-08-26T00:54:01.208+0000] {dag.py:3834} INFO - Setting next_dagrun for example_dynamic_task_mapping to 2022-03-04 00:00:00+00:00, run_after=2022-03-05 00:00:00+00:00
[2026-08-26T00:54:01.233+0000] {processor.py:183} INFO - Processing /home/airflow/.local/lib/python3.8/site-packages/airflow/example_dags/example_dynamic_task_mapping.py took 0.093 seconds
[2026-08-26T00:54:32.286+0000] {processor.py:161} INFO - Started process (PID=1177) to work on /home/airflow/.local/lib/python3.8/site-packages/airflow/example_dags/example_dynamic_task_mapping.py
[2026-08-26T00:54:32.287+0000] {processor.py:830} INFO - Processing file /home/airflow/.local/lib/python3.8/site-packages/airflow/example_dags/example_dynamic_task_mapping.py for tasks to queue
[2026-08-26T00:54:32.290+0000] {logging_mixin.py:188} INFO - [2026-08-26T00:54:32.289+0000] {dagbag.py:540} INFO - Filling up the DagBag from /home/airflow/.local/lib/python3.8/site-packages/airflow/example_dags/example_dynamic_task_mapping.py
[2026-08-26T00:54:32.297+0000] {processor.py:840} INFO - DAG(s) 'example_dynamic_task_mapping' retrieved from /home/airflow/.local/lib/python3.8/site-packages/airflow/example_dags/example_dynamic_task_mapping.py
[2026-08-26T00:54:32.327+0000] {logging_mixin.py:188} INFO - [2026-08-26T00:54:32.327+0000] {dag.py:3047} INFO - Sync 1 DAGs
[2026-08-26T00:54:32.352+0000] {logging_mixin.py:188} INFO - [2026-08-26T00:54:32.352+0000] {dag.py:3834} INFO - Setting next_dagrun for example_dynamic_task_mapping to 2022-03-04 00:00:00+00:00, run_after=2022-03-05 00:00:00+00:00
[2026-08-26T00:54:32.376+0000] {processor.py:183} INFO - Processing /home/airflow/.local/lib/python3.8/site-packages/airflow/example_dags/example_dynamic_task_mapping.py took 0.094 seconds
[2026-08-26T00:55:03.008+0000] {processor.py:161} INFO - Started process (PID=1234) to work on /home/airflow/.local/lib/python3.8/site-packages/airflow/example_dags/example_dynamic_task_mapping.py
[2026-08-26T00:55:03.010+0000] {processor.py:830} INFO - Processing file /home/airflow/.local/lib/python3.8/site-packages/airflow/example_dags/example_dynamic_task_mapping.py for tasks to queue
[2026-08-26T00:55:03.013+0000] {logging_mixin.py:188} INFO - [2026-08-26T00:55:03.013+0000] {dagbag.py:540} INFO - Filling up the DagBag from /home/airflow/.local/lib/python3.8/site-packages/airflow/example_dags/example_dynamic_task_mapping.py
[2026-08-26T00:55:03.023+0000] {processor.py:840} INFO - DAG(s) 'example_dynamic_task_mapping' retrieved from /home/airflow/.local/lib/python3.8/site-packages/airflow/example_dags/example_dynamic_task_mapping.py
[2026-08-26T00:55:03.049+0000] {logging_mixin.py:188} INFO - [2026-08-26T00:55:03.048+0000] {dag.py:3047} INFO - Sync 1 DAGs
[2026-08-26T00:55:03.073+0000] {logging_mixin.py:188} INFO - [2026-08-26T00:55:03.073+0000] {dag.py:3834} INFO - Setting next_dagrun for example_dynamic_task_mapping to 2022-03-04 00:00:00+00:00, run_after=2022-03-05 00:00:00+00:00
[2026-08-26T00:55:03.094+0000] {processor.py:183} INFO - Processing /home/airflow/.local/lib/python3.8/site-packages/airflow/example_dags/example_dynamic_task_mapping.py took 0.091 seconds
[2026-08-26T00:55:33.218+0000] {processor.py:161} INFO - Started process (PID=1289) to work on /home/airflow/.local/lib/python3.8/site-packages/airflow/example_dags/example_dynamic_task_mapping.py
[2026-08-26T00:55:33.220+0000] {processor.py:830} INFO - Processing file /home/airflow/.local/lib/python3.8/site-packages/airflow/example_dags/example_dynamic_task_mapping.py for tasks to queue
[2026-08-26T00:55:33.223+0000] {logging_mixin.py:188} INFO - [2026-08-26T00:55:33.222+0000] {dagbag.py:540} INFO - Filling up the DagBag from /home/airflow/.local/lib/python3.8/site-packages/airflow/example_dags/example_dynamic_task_mapping.py
[2026-08-26T00:55:33.231+0000] {processor.py:840} INFO - DAG(s) 'example_dynamic_task_mapping' retrieved from /home/airflow/.local/lib/python3.8/site-packages/airflow/example_dags/example_dynamic_task_mapping.py
[2026-08-26T00:55:33.260+0000] {logging_mixin.py:188} INFO - [2026-08-26T00:55:33.260+0000] {dag.py:3047} INFO - Sync 1 DAGs
[2026-08-26T00:55:33.287+0000] {logging_mixin.py:188} INFO - [2026-08-26T00:55:33.287+0000] {dag.py:3834} INFO - Setting next_dagrun for example_dynamic_task_mapping to 2022-03-04 00:00:00+00:00, run_after=2022-03-05 00:00:00+00:00
[2026-08-26T00:55:33.307+0000] {processor.py:183} INFO - Processing /home/airflow/.local/lib/python3.8/site-packages/airflow/example_dags/example_dynamic_task_mapping.py took 0.093 seconds
[2026-08-26T00:56:03.366+0000] {processor.py:161} INFO - Started process (PID=1346) to work on /home/airflow/.local/lib/python3.8/site-packages/airflow/example_dags/example_dynamic_task_mapping.py
[2026-08-26T00:56:03.368+0000] {processor.py:830} INFO - Processing file /home/airflow/.local/lib/python3.8/site-packages/airflow/example_dags/example_dynamic_task_mapping.py for tasks to queue
[2026-08-26T00:56:03.370+0000] {logging_mixin.py:188} INFO - [2026-08-26T00:56:03.370+0000] {dagbag.py:540} INFO - Filling up the DagBag from /home/airflow/.local/lib/python3.8/site-packages/airflow/example_dags/example_dynamic_task_mapping.py
[2026-08-26T00:56:03.379+0000] {processor.py:840} INFO - DAG(s) 'example_dynamic_task_mapping' retrieved from /home/airflow/.local/lib/python3.8/site-packages/airflow/example_dags/example_dynamic_task_mapping.py
[2026-08-26T00:56:03.404+0000] {logging_mixin.py:188} INFO - [2026-08-26T00:56:03.404+0000] {dag.py:3047} INFO - Sync 1 DAGs
[2026-08-26T00:56:03.430+0000] {logging_mixin.py:188} INFO - [2026-08-26T00:56:03.430+0000] {dag.py:3834} INFO - Setting next_dagrun for example_dynamic_task_mapping to 2022-03-04 00:00:00+00:00, run_after=2022-03-05 00:00:00+00:00
[2026-08-26T00:56:03.451+0000] {processor.py:183} INFO - Processing /home/airflow/.local/lib/python3.8/site-packages/airflow/example_dags/example_dynamic_task_mapping.py took 0.090 seconds
[2026-08-26T00:56:34.078+0000] {processor.py:161} INFO - Started process (PID=1403) to work on /home/airflow/.local/lib/python3.8/site-packages/airflow/example_dags/example_dynamic_task_mapping.py
[2026-08-26T00:56:34.080+0000] {processor.py:830} INFO - Processing file /home/airflow/.local/lib/python3.8/site-packages/airflow/example_dags/example_dynamic_task_mapping.py for tasks to queue
[2026-08-26T00:56:34.082+0000] {logging_mixin.py:188} INFO - [2026-08-26T00:56:34.082+0000] {dagbag.py:540} INFO - Filling up the DagBag from /home/airflow/.local/lib/python3.8/site-packages/airflow/example_dags/example_dynamic_task_mapping.py
[2026-08-26T00:56:34.092+0000] {processor.py:840} INFO - DAG(s) 'example_dynamic_task_mapping' retrieved from /home/airflow/.local/lib/python3.8/site-packages/airflow/example_dags/example_dynamic_task_mapping.py
[2026-08-26T00:56:34.115+0000] {logging_mixin.py:188} INFO - [2026-08-26T00:56:34.115+0000] {dag.py:3047} INFO - Sync 1 DAGs
[2026-08-26T00:56:34.140+0000] {logging_mixin.py:188} INFO - [2026-08-26T00:56:34.140+0000] {dag.py:3834} INFO - Setting next_dagrun for example_dynamic_task_mapping to 2022-03-04 00:00:00+00:00, run_after=2022-03-05 00:00:00+00:00
[2026-08-26T00:56:34.162+0000] {processor.py:183} INFO - Processing /home/airflow/.local/lib/python3.8/site-packages/airflow/example_dags/example_dynamic_task_mapping.py took 0.088 seconds
[2026-08-26T00:57:04.639+0000] {processor.py:161} INFO - Started process (PID=1460) to work on /home/airflow/.local/lib/python3.8/site-packages/airflow/example_dags/example_dynamic_task_mapping.py
[2026-08-26T00:57:04.641+0000] {processor.py:830} INFO - Processing file /home/airflow/.local/lib/python3.8/site-packages/airflow/example_dags/example_dynamic_task_mapping.py for tasks to queue
[2026-08-26T00:57:04.644+0000] {logging_mixin.py:188} INFO - [2026-08-26T00:57:04.643+0000] {dagbag.py:540} INFO - Filling up the DagBag from /home/airflow/.local/lib/python3.8/site-packages/airflow/example_dags/example_dynamic_task_mapping.py
[2026-08-26T00:57:04.653+0000] {processor.py:840} INFO - DAG(s) 'example_dynamic_task_mapping' retrieved from /home/airflow/.local/lib/python3.8/site-packages/airflow/example_dags/example_dynamic_task_mapping.py
[2026-08-26T00:57:04.679+0000] {logging_mixin.py:188} INFO - [2026-08-26T00:57:04.678+0000] {dag.py:3047} INFO - Sync 1 DAGs
[2026-08-26T00:57:04.706+0000] {logging_mixin.py:188} INFO - [2026-08-26T00:57:04.705+0000] {dag.py:3834} INFO - Setting next_dagrun for example_dynamic_task_mapping to 2022-03-04 00:00:00+00:00, run_after=2022-03-05 00:00:00+00:00
[2026-08-26T00:57:04.728+0000] {processor.py:183} INFO - Processing /home/airflow/.local/lib/python3.8/site-packages/airflow/example_dags/example_dynamic_task_mapping.py took 0.093 seconds
[2026-08-26T00:57:34.868+0000] {processor.py:161} INFO - Started process (PID=1517) to work on /home/airflow/.local/lib/python3.8/site-packages/airflow/example_dags/example_dynamic_task_mapping.py
[2026-08-26T00:57:34.870+0000] {processor.py:830} INFO - Processing file /home/airflow/.local/lib/python3.8/site-packages/airflow/example_dags/example_dynamic_task_mapping.py for tasks to queue
[2026-08-26T00:57:34.873+0000] {logging_mixin.py:188} INFO - [2026-08-26T00:57:34.873+0000] {dagbag.py:540} INFO - Filling up the DagBag from /home/airflow/.local/lib/python3.8/site-packages/airflow/example_dags/example_dynamic_task_mapping.py
[2026-08-26T00:57:34.883+0000] {processor.py:840} INFO - DAG(s) 'example_dynamic_task_mapping' retrieved from /home/airflow/.local/lib/python3.8/site-packages/airflow/example_dags/example_dynamic_task_mapping.py
[2026-08-26T00:57:34.917+0000] {logging_mixin.py:188} INFO - [2026-08-26T00:57:34.917+0000] {dag.py:3047} INFO - Sync 1 DAGs
[2026-08-26T00:57:34.951+0000] {logging_mixin.py:188} INFO - [2026-08-26T00:57:34.951+0000] {dag.py:3834} INFO - Setting next_dagrun for example_dynamic_task_mapping to 2022-03-04 00:00:00+00:00, run_after=2022-03-05 00:00:00+00:00
[2026-08-26T00:57:34.974+0000] {processor.py:183} INFO - Processing /home/airflow/.local/lib/python3.8/site-packages/airflow/example_dags/example_dynamic_task_mapping.py took 0.111 seconds
[2026-08-26T00:58:05.523+0000] {processor.py:161} INFO - Started process (PID=1574) to work on /home/airflow/.local/lib/python3.8/site-packages/airflow/example_dags/example_dynamic_task_mapping.py
[2026-08-26T00:58:05.525+0000] {processor.py:830} INFO - Processing file /home/airflow/.local/lib/python3.8/site-packages/airflow/example_dags/example_dynamic_task_mapping.py for tasks to queue
[2026-08-26T00:58:05.530+0000] {logging_mixin.py:188} INFO - [2026-08-26T00:58:05.530+0000] {dagbag.py:540} INFO - Filling up the DagBag from /home/airflow/.local/lib/python3.8/site-packages/airflow/example_dags/example_dynamic_task_mapping.py
[2026-08-26T00:58:05.550+0000] {processor.py:840} INFO - DAG(s) 'example_dynamic_task_mapping' retrieved from /home/airflow/.local/lib/python3.8/site-packages/airflow/example_dags/example_dynamic_task_mapping.py
[2026-08-26T00:58:05.597+0000] {logging_mixin.py:188} INFO - [2026-08-26T00:58:05.597+0000] {dag.py:3047} INFO - Sync 1 DAGs
[2026-08-26T00:58:05.642+0000] {logging_mixin.py:188} INFO - [2026-08-26T00:58:05.641+0000] {dag.py:3834} INFO - Setting next_dagrun for example_dynamic_task_mapping to 2022-03-04 00:00:00+00:00, run_after=2022-03-05 00:00:00+00:00
[2026-08-26T00:58:05.670+0000] {processor.py:183} INFO - Processing /home/airflow/.local/lib/python3.8/site-packages/airflow/example_dags/example_dynamic_task_mapping.py took 0.152 seconds
[2026-08-26T00:58:35.918+0000] {processor.py:161} INFO - Started process (PID=1631) to work on /home/airflow/.local/lib/python3.8/site-packages/airflow/example_dags/example_dynamic_task_mapping.py
[2026-08-26T00:58:35.921+0000] {processor.py:830} INFO - Processing file /home/airflow/.local/lib/python3.8/site-packages/airflow/example_dags/example_dynamic_task_mapping.py for tasks to queue
[2026-08-26T00:58:35.926+0000] {logging_mixin.py:188} INFO - [2026-08-26T00:58:35.925+0000] {dagbag.py:540} INFO - Filling up the DagBag from /home/airflow/.local/lib/python3.8/site-packages/airflow/example_dags/example_dynamic_task_mapping.py
[2026-08-26T00:58:35.941+0000] {processor.py:840} INFO - DAG(s) 'example_dynamic_task_mapping' retrieved from /home/airflow/.local/lib/python3.8/site-packages/airflow/example_dags/example_dynamic_task_mapping.py
[2026-08-26T00:58:35.969+0000] {logging_mixin.py:188} INFO - [2026-08-26T00:58:35.969+0000] {dag.py:3047} INFO - Sync 1 DAGs
[2026-08-26T00:58:35.998+0000] {logging_mixin.py:188} INFO - [2026-08-26T00:58:35.997+0000] {dag.py:3834} INFO - Setting next_dagrun for example_dynamic_task_mapping to 2022-03-04 00:00:00+00:00, run_after=2022-03-05 00:00:00+00:00
[2026-08-26T00:58:36.020+0000] {processor.py:183} INFO - Processing /home/airflow/.local/lib/python3.8/site-packages/airflow/example_dags/example_dynamic_task_mapping.py took 0.111 seconds
[2026-08-26T00:59:06.061+0000] {processor.py:161} INFO - Started process (PID=1688) to work on /home/airflow/.local/lib/python3.8/site-packages/airflow/example_dags/example_dynamic_task_mapping.py
[2026-08-26T00:59:06.063+0000] {processor.py:830} INFO - Processing file /home/airflow/.local/lib/python3.8/site-packages/airflow/example_dags/example_dynamic_task_mapping.py for tasks to queue
[2026-08-26T00:59:06.067+0000] {logging_mixin.py:188} INFO - [2026-08-26T00:59:06.066+0000] {dagbag.py:540} INFO - Filling up the DagBag from /home/airflow/.local/lib/python3.8/site-packages/airflow/example_dags/example_dynamic_task_mapping.py
[2026-08-26T00:59:06.076+0000] {processor.py:840} INFO - DAG(s) 'example_dynamic_task_mapping' retrieved from /home/airflow/.local/lib/python3.8/site-packages/airflow/example_dags/example_dynamic_task_mapping.py
[2026-08-26T00:59:06.103+0000] {logging_mixin.py:188} INFO - [2026-08-26T00:59:06.103+0000] {dag.py:3047} INFO - Sync 1 DAGs
[2026-08-26T00:59:06.132+0000] {logging_mixin.py:188} INFO - [2026-08-26T00:59:06.132+0000] {dag.py:3834} INFO - Setting next_dagrun for example_dynamic_task_mapping to 2022-03-04 00:00:00+00:00, run_after=2022-03-05 00:00:00+00:00
[2026-08-26T00:59:06.154+0000] {processor.py:183} INFO - Processing /home/airflow/.local/lib/python3.8/site-packages/airflow/example_dags/example_dynamic_task_mapping.py took 0.097 seconds
[2026-08-26T00:59:36.595+0000] {processor.py:161} INFO - Started process (PID=1745) to work on /home/airflow/.local/lib/python3.8/site-packages/airflow/example_dags/example_dynamic_task_mapping.py
[2026-08-26T00:59:36.596+0000] {processor.py:830} INFO - Processing file /home/airflow/.local/lib/python3.8/site-packages/airflow/example_dags/example_dynamic_task_mapping.py for tasks to queue
[2026-08-26T00:59:36.599+0000] {logging_mixin.py:188} INFO - [2026-08-26T00:59:36.599+0000] {dagbag.py:540} INFO - Filling up the DagBag from /home/airflow/.local/lib/python3.8/site-packages/airflow/example_dags/example_dynamic_task_mapping.py
[2026-08-26T00:59:36.607+0000] {processor.py:840} INFO - DAG(s) 'example_dynamic_task_mapping' retrieved from /home/airflow/.local/lib/python3.8/site-packages/airflow/example_dags/example_dynamic_task_mapping.py
[2026-08-26T00:59:36.641+0000] {logging_mixin.py:188} INFO - [2026-08-26T00:59:36.641+0000] {dag.py:3047} INFO - Sync 1 DAGs
[2026-08-26T00:59:36.672+0000] {logging_mixin.py:188} INFO - [2026-08-26T00:59:36.671+0000] {dag.py:3834} INFO - Setting next_dagrun for example_dynamic_task_mapping to 2022-03-04 00:00:00+00:00, run_after=2022-03-05 00:00:00+00:00
[2026-08-26T00:59:36.697+0000] {processor.py:183} INFO - Processing /home/airflow/.local/lib/python3.8/site-packages/airflow/example_dags/example_dynamic_task_mapping.py took 0.106 seconds
[2026-08-26T01:00:06.837+0000] {processor.py:161} INFO - Started process (PID=1802) to work on /home/airflow/.local/lib/python3.8/site-packages/airflow/example_dags/example_dynamic_task_mapping.py
[2026-08-26T01:00:06.839+0000] {processor.py:830} INFO - Processing file /home/airflow/.local/lib/python3.8/site-packages/airflow/example_dags/example_dynamic_task_mapping.py for tasks to queue
[2026-08-26T01:00:06.843+0000] {logging_mixin.py:188} INFO - [2026-08-26T01:00:06.843+0000] {dagbag.py:540} INFO - Filling up the DagBag from /home/airflow/.local/lib/python3.8/site-packages/airflow/example_dags/example_dynamic_task_mapping.py
[2026-08-26T01:00:06.858+0000] {processor.py:840} INFO - DAG(s) 'example_dynamic_task_mapping' retrieved from /home/airflow/.local/lib/python3.8/site-packages/airflow/example_dags/example_dynamic_task_mapping.py
[2026-08-26T01:00:06.893+0000] {logging_mixin.py:188} INFO - [2026-08-26T01:00:06.893+0000] {dag.py:3047} INFO - Sync 1 DAGs
[2026-08-26T01:00:06.930+0000] {logging_mixin.py:188} INFO - [2026-08-26T01:00:06.929+0000] {dag.py:3834} INFO - Setting next_dagrun for example_dynamic_task_mapping to 2022-03-04 00:00:00+00:00, run_after=2022-03-05 00:00:00+00:00
[2026-08-26T01:00:06.959+0000] {processor.py:183} INFO - Processing /home/airflow/.local/lib/python3.8/site-packages/airflow/example_dags/example_dynamic_task_mapping.py took 0.130 seconds
[2026-08-26T01:00:37.250+0000] {processor.py:161} INFO - Started process (PID=1859) to work on /home/airflow/.local/lib/python3.8/site-packages/airflow/example_dags/example_dynamic_task_mapping.py
[2026-08-26T01:00:37.252+0000] {processor.py:830} INFO - Processing file /home/airflow/.local/lib/python3.8/site-packages/airflow/example_dags/example_dynamic_task_mapping.py for tasks to queue
[2026-08-26T01:00:37.257+0000] {logging_mixin.py:188} INFO - [2026-08-26T01:00:37.256+0000] {dagbag.py:540} INFO - Filling up the DagBag from /home/airflow/.local/lib/python3.8/site-packages/airflow/example_dags/example_dynamic_task_mapping.py
[2026-08-26T01:00:37.270+0000] {processor.py:840} INFO - DAG(s) 'example_dynamic_task_mapping' retrieved from /home/airflow/.local/lib/python3.8/site-packages/airflow/example_dags/example_dynamic_task_mapping.py
[2026-08-26T01:00:37.299+0000] {logging_mixin.py:188} INFO - [2026-08-26T01:00:37.298+0000] {dag.py:3047} INFO - Sync 1 DAGs
[2026-08-26T01:00:37.333+0000] {logging_mixin.py:188} INFO - [2026-08-26T01:00:37.333+0000] {dag.py:3834} INFO - Setting next_dagrun for example_dynamic_task_mapping to 2022-03-04 00:00:00+00:00, run_after=2022-03-05 00:00:00+00:00
[2026-08-26T01:00:37.357+0000] {processor.py:183} INFO - Processing /home/airflow/.local/lib/python3.8/site-packages/airflow/example_dags/example_dynamic_task_mapping.py took 0.111 seconds
[2026-08-26T01:01:07.498+0000] {processor.py:161} INFO - Started process (PID=1916) to work on /home/airflow/.local/lib/python3.8/site-packages/airflow/example_dags/example_dynamic_task_mapping.py
[2026-08-26T01:01:07.499+0000] {processor.py:830} INFO - Processing file /home/airflow/.local/lib/python3.8/site-packages/airflow/example_dags/example_dynamic_task_mapping.py for tasks to queue
[2026-08-26T01:01:07.502+0000] {logging_mixin.py:188} INFO - [2026-08-26T01:01:07.502+0000] {dagbag.py:540} INFO - Filling up the DagBag from /home/airflow/.local/lib/python3.8/site-packages/airflow/example_dags/example_dynamic_task_mapping.py
[2026-08-26T01:01:07.512+0000] {processor.py:840} INFO - DAG(s) 'example_dynamic_task_mapping' retrieved from /home/airflow/.local/lib/python3.8/site-packages/airflow/example_dags/example_dynamic_task_mapping.py
[2026-08-26T01:01:07.541+0000] {logging_mixin.py:188} INFO - [2026-08-26T01:01:07.541+0000] {dag.py:3047} INFO - Sync 1 DAGs
[2026-08-26T01:01:07.569+0000] {logging_mixin.py:188} INFO - [2026-08-26T01:01:07.569+0000] {dag.py:3834} INFO - Setting next_dagrun for example_dynamic_task_mapping to 2022-03-04 00:00:00+00:00, run_after=2022-03-05 00:00:00+00:00
[2026-08-26T01:01:07.598+0000] {processor.py:183} INFO - Processing /home/airflow/.local/lib/python3.8/site-packages/airflow/example_dags/example_dynamic_task_mapping.py took 0.105 seconds
[2026-08-26T01:01:38.383+0000] {processor.py:161} INFO - Started process (PID=1973) to work on /home/airflow/.local/lib/python3.8/site-packages/airflow/example_dags/example_dynamic_task_mapping.py
[2026-08-26T01:01:38.386+0000] {processor.py:830} INFO - Processing file /home/airflow/.local/lib/python3.8/site-packages/airflow/example_dags/example_dynamic_task_mapping.py for tasks to queue
[2026-08-26T01:01:38.389+0000] {logging_mixin.py:188} INFO - [2026-08-26T01:01:38.389+0000] {dagbag.py:540} INFO - Filling up the DagBag from /home/airflow/.local/lib/python3.8/site-packages/airflow/example_dags/example_dynamic_task_mapping.py
[2026-08-26T01:01:38.402+0000] {processor.py:840} INFO - DAG(s) 'example_dynamic_task_mapping' retrieved from /home/airflow/.local/lib/python3.8/site-packages/airflow/example_dags/example_dynamic_task_mapping.py
[2026-08-26T01:01:38.437+0000] {logging_mixin.py:188} INFO - [2026-08-26T01:01:38.437+0000] {dag.py:3047} INFO - Sync 1 DAGs
[2026-08-26T01:01:38.469+0000] {logging_mixin.py:188} INFO - [2026-08-26T01:01:38.469+0000] {dag.py:3834} INFO - Setting next_dagrun for example_dynamic_task_mapping to 2022-03-04 00:00:00+00:00, run_after=2022-03-05 00:00:00+00:00
[2026-08-26T01:01:38.498+0000] {processor.py:183} INFO - Processing /home/airflow/.local/lib/python3.8/site-packages/airflow/example_dags/example_dynamic_task_mapping.py took 0.121 seconds
[2026-08-26T01:02:08.752+0000] {processor.py:161} INFO - Started process (PID=2030) to work on /home/airflow/.local/lib/python3.8/site-packages/airflow/example_dags/example_dynamic_task_mapping.py
[2026-08-26T01:02:08.754+0000] {processor.py:830} INFO - Processing file /home/airflow/.local/lib/python3.8/site-packages/airflow/example_dags/example_dynamic_task_mapping.py for tasks to queue
[2026-08-26T01:02:08.758+0000] {logging_mixin.py:188} INFO - [2026-08-26T01:02:08.758+0000] {dagbag.py:540} INFO - Filling up the DagBag from /home/airflow/.local/lib/python3.8/site-packages/airflow/example_dags/example_dynamic_task_mapping.py
[2026-08-26T01:02:08.767+0000] {processor.py:840} INFO - DAG(s) 'example_dynamic_task_mapping' retrieved from /home/airflow/.local/lib/python3.8/site-packages/airflow/example_dags/example_dynamic_task_mapping.py
[2026-08-26T01:02:08.792+0000] {logging_mixin.py:188} INFO - [2026-08-26T01:02:08.792+0000] {dag.py:3047} INFO - Sync 1 DAGs
[2026-08-26T01:02:08.828+0000] {logging_mixin.py:188} INFO - [2026-08-26T01:02:08.828+0000] {dag.py:3834} INFO - Setting next_dagrun for example_dynamic_task_mapping to 2022-03-04 00:00:00+00:00, run_after=2022-03-05 00:00:00+00:00
[2026-08-26T01:02:08.869+0000] {processor.py:183} INFO - Processing /home/airflow/.local/lib/python3.8/site-packages/airflow/example_dags/example_dynamic_task_mapping.py took 0.122 seconds
[2026-08-26T01:02:39.395+0000] {processor.py:161} INFO - Started process (PID=2087) to work on /home/airflow/.local/lib/python3.8/site-packages/airflow/example_dags/example_dynamic_task_mapping.py
[2026-08-26T01:02:39.397+0000] {processor.py:830} INFO - Processing file /home/airflow/.local/lib/python3.8/site-packages/airflow/example_dags/example_dynamic_task_mapping.py for tasks to queue
[2026-08-26T01:02:39.400+0000] {logging_mixin.py:188} INFO - [2026-08-26T01:02:39.399+0000] {dagbag.py:540} INFO - Filling up the DagBag from /home/airflow/.local/lib/python3.8/site-packages/airflow/example_dags/example_dynamic_task_mapping.py
[2026-08-26T01:02:39.408+0000] {processor.py:840} INFO - DAG(s) 'example_dynamic_task_mapping' retrieved from /home/airflow/.local/lib/python3.8/site-packages/airflow/example_dags/example_dynamic_task_mapping.py
[2026-08-26T01:02:39.444+0000] {logging_mixin.py:188} INFO - [2026-08-26T01:02:39.443+0000] {dag.py:3047} INFO - Sync 1 DAGs
[2026-08-26T01:02:39.500+0000] {logging_mixin.py:188} INFO - [2026-08-26T01:02:39.500+0000] {dag.py:3834} INFO - Setting next_dagrun for example_dynamic_task_mapping to 2022-03-04 00:00:00+00:00, run_after=2022-03-05 00:00:00+00:00
[2026-08-26T01:02:39.535+0000] {processor.py:183} INFO - Processing /home/airflow/.local/lib/python3.8/site-packages/airflow/example_dags/example_dynamic_task_mapping.py took 0.143 seconds
[2026-08-26T01:03:10.106+0000] {processor.py:161} INFO - Started process (PID=2144) to work on /home/airflow/.local/lib/python3.8/site-packages/airflow/example_dags/example_dynamic_task_mapping.py
[2026-08-26T01:03:10.109+0000] {processor.py:830} INFO - Processing file /home/airflow/.local/lib/python3.8/site-packages/airflow/example_dags/example_dynamic_task_mapping.py for tasks to queue
[2026-08-26T01:03:10.113+0000] {logging_mixin.py:188} INFO - [2026-08-26T01:03:10.112+0000] {dagbag.py:540} INFO - Filling up the DagBag from /home/airflow/.local/lib/python3.8/site-packages/airflow/example_dags/example_dynamic_task_mapping.py
[2026-08-26T01:03:10.130+0000] {processor.py:840} INFO - DAG(s) 'example_dynamic_task_mapping' retrieved from /home/airflow/.local/lib/python3.8/site-packages/airflow/example_dags/example_dynamic_task_mapping.py
[2026-08-26T01:03:10.178+0000] {logging_mixin.py:188} INFO - [2026-08-26T01:03:10.178+0000] {dag.py:3047} INFO - Sync 1 DAGs
[2026-08-26T01:03:10.230+0000] {logging_mixin.py:188} INFO - [2026-08-26T01:03:10.229+0000] {dag.py:3834} INFO - Setting next_dagrun for example_dynamic_task_mapping to 2022-03-04 00:00:00+00:00, run_after=2022-03-05 00:00:00+00:00
[2026-08-26T01:03:10.317+0000] {processor.py:183} INFO - Processing /home/airflow/.local/lib/python3.8/site-packages/airflow/example_dags/example_dynamic_task_mapping.py took 0.219 seconds
[2026-08-26T01:03:40.398+0000] {processor.py:161} INFO - Started process (PID=2201) to work on /home/airflow/.local/lib/python3.8/site-packages/airflow/example_dags/example_dynamic_task_mapping.py
[2026-08-26T01:03:40.400+0000] {processor.py:830} INFO - Processing file /home/airflow/.local/lib/python3.8/site-packages/airflow/example_dags/example_dynamic_task_mapping.py for tasks to queue
[2026-08-26T01:03:40.402+0000] {logging_mixin.py:188} INFO - [2026-08-26T01:03:40.402+0000] {dagbag.py:540} INFO - Filling up the DagBag from /home/airflow/.local/lib/python3.8/site-packages/airflow/example_dags/example_dynamic_task_mapping.py
[2026-08-26T01:03:40.409+0000] {processor.py:840} INFO - DAG(s) 'example_dynamic_task_mapping' retrieved from /home/airflow/.local/lib/python3.8/site-packages/airflow/example_dags/example_dynamic_task_mapping.py
[2026-08-26T01:03:40.431+0000] {logging_mixin.py:188} INFO - [2026-08-26T01:03:40.431+0000] {dag.py:3047} INFO - Sync 1 DAGs
[2026-08-26T01:03:40.453+0000] {logging_mixin.py:188} INFO - [2026-08-26T01:03:40.453+0000] {dag.py:3834} INFO - Setting next_dagrun for example_dynamic_task_mapping to 2022-03-04 00:00:00+00:00, run_after=2022-03-05 00:00:00+00:00
[2026-08-26T01:03:40.474+0000] {processor.py:183} INFO - Processing /home/airflow/.local/lib/python3.8/site-packages/airflow/example_dags/example_dynamic_task_mapping.py took 0.081 seconds
[2026-08-26T01:04:10.739+0000] {processor.py:161} INFO - Started process (PID=2258) to work on /home/airflow/.local/lib/python3.8/site-packages/airflow/example_dags/example_dynamic_task_mapping.py
[2026-08-26T01:04:10.741+0000] {processor.py:830} INFO - Processing file /home/airflow/.local/lib/python3.8/site-packages/airflow/example_dags/example_dynamic_task_mapping.py for tasks to queue
[2026-08-26T01:04:10.744+0000] {logging_mixin.py:188} INFO - [2026-08-26T01:04:10.743+0000] {dagbag.py:540} INFO - Filling up the DagBag from /home/airflow/.local/lib/python3.8/site-packages/airflow/example_dags/example_dynamic_task_mapping.py
[2026-08-26T01:04:10.752+0000] {processor.py:840} INFO - DAG(s) 'example_dynamic_task_mapping' retrieved from /home/airflow/.local/lib/python3.8/site-packages/airflow/example_dags/example_dynamic_task_mapping.py
[2026-08-26T01:04:10.778+0000] {logging_mixin.py:188} INFO - [2026-08-26T01:04:10.778+0000] {dag.py:3047} INFO - Sync 1 DAGs
[2026-08-26T01:04:10.803+0000] {logging_mixin.py:188} INFO - [2026-08-26T01:04:10.803+0000] {dag.py:3834} INFO - Setting next_dagrun for example_dynamic_task_mapping to 2022-03-04 00:00:00+00:00, run_after=2022-03-05 00:00:00+00:00
[2026-08-26T01:04:10.830+0000] {processor.py:183} INFO - Processing /home/airflow/.local/lib/python3.8/site-packages/airflow/example_dags/example_dynamic_task_mapping.py took 0.095 seconds
[2026-08-26T01:04:41.179+0000] {processor.py:161} INFO - Started process (PID=2315) to work on /home/airflow/.local/lib/python3.8/site-packages/airflow/example_dags/example_dynamic_task_mapping.py
[2026-08-26T01:04:41.181+0000] {processor.py:830} INFO - Processing file /home/airflow/.local/lib/python3.8/site-packages/airflow/example_dags/example_dynamic_task_mapping.py for tasks to queue
[2026-08-26T01:04:41.184+0000] {logging_mixin.py:188} INFO - [2026-08-26T01:04:41.184+0000] {dagbag.py:540} INFO - Filling up the DagBag from /home/airflow/.local/lib/python3.8/site-packages/airflow/example_dags/example_dynamic_task_mapping.py
[2026-08-26T01:04:41.194+0000] {processor.py:840} INFO - DAG(s) 'example_dynamic_task_mapping' retrieved from /home/airflow/.local/lib/python3.8/site-packages/airflow/example_dags/example_dynamic_task_mapping.py
[2026-08-26T01:04:41.222+0000] {logging_mixin.py:188} INFO - [2026-08-26T01:04:41.222+0000] {dag.py:3047} INFO - Sync 1 DAGs
[2026-08-26T01:04:41.251+0000] {logging_mixin.py:188} INFO - [2026-08-26T01:04:41.251+0000] {dag.py:3834} INFO - Setting next_dagrun for example_dynamic_task_mapping to 2022-03-04 00:00:00+00:00, run_after=2022-03-05 00:00:00+00:00
[2026-08-26T01:04:41.273+0000] {processor.py:183} INFO - Processing /home/airflow/.local/lib/python3.8/site-packages/airflow/example_dags/example_dynamic_task_mapping.py took 0.099 seconds
[2026-08-26T17:48:09.221+0000] {processor.py:161} INFO - Started process (PID=99) to work on /home/airflow/.local/lib/python3.8/site-packages/airflow/example_dags/example_dynamic_task_mapping.py
[2026-08-26T17:48:09.230+0000] {processor.py:830} INFO - Processing file /home/airflow/.local/lib/python3.8/site-packages/airflow/example_dags/example_dynamic_task_mapping.py for tasks to queue
[2026-08-26T17:48:09.235+0000] {logging_mixin.py:188} INFO - [2026-08-26T17:48:09.234+0000] {dagbag.py:540} INFO - Filling up the DagBag from /home/airflow/.local/lib/python3.8/site-packages/airflow/example_dags/example_dynamic_task_mapping.py
[2026-08-26T17:48:09.249+0000] {processor.py:840} INFO - DAG(s) 'example_dynamic_task_mapping' retrieved from /home/airflow/.local/lib/python3.8/site-packages/airflow/example_dags/example_dynamic_task_mapping.py
[2026-08-26T17:48:09.301+0000] {logging_mixin.py:188} INFO - [2026-08-26T17:48:09.301+0000] {dag.py:3047} INFO - Sync 1 DAGs
[2026-08-26T17:48:09.347+0000] {logging_mixin.py:188} INFO - [2026-08-26T17:48:09.346+0000] {dag.py:3834} INFO - Setting next_dagrun for example_dynamic_task_mapping to 2022-03-04 00:00:00+00:00, run_after=2022-03-05 00:00:00+00:00
[2026-08-26T17:48:09.380+0000] {processor.py:183} INFO - Processing /home/airflow/.local/lib/python3.8/site-packages/airflow/example_dags/example_dynamic_task_mapping.py took 0.165 seconds
[2026-08-26T17:48:40.245+0000] {processor.py:161} INFO - Started process (PID=156) to work on /home/airflow/.local/lib/python3.8/site-packages/airflow/example_dags/example_dynamic_task_mapping.py
[2026-08-26T17:48:40.247+0000] {processor.py:830} INFO - Processing file /home/airflow/.local/lib/python3.8/site-packages/airflow/example_dags/example_dynamic_task_mapping.py for tasks to queue
[2026-08-26T17:48:40.250+0000] {logging_mixin.py:188} INFO - [2026-08-26T17:48:40.249+0000] {dagbag.py:540} INFO - Filling up the DagBag from /home/airflow/.local/lib/python3.8/site-packages/airflow/example_dags/example_dynamic_task_mapping.py
[2026-08-26T17:48:40.260+0000] {processor.py:840} INFO - DAG(s) 'example_dynamic_task_mapping' retrieved from /home/airflow/.local/lib/python3.8/site-packages/airflow/example_dags/example_dynamic_task_mapping.py
[2026-08-26T17:48:40.293+0000] {logging_mixin.py:188} INFO - [2026-08-26T17:48:40.291+0000] {dag.py:3047} INFO - Sync 1 DAGs
[2026-08-26T17:48:40.334+0000] {logging_mixin.py:188} INFO - [2026-08-26T17:48:40.333+0000] {dag.py:3834} INFO - Setting next_dagrun for example_dynamic_task_mapping to 2022-03-04 00:00:00+00:00, run_after=2022-03-05 00:00:00+00:00
[2026-08-26T17:48:40.367+0000] {processor.py:183} INFO - Processing /home/airflow/.local/lib/python3.8/site-packages/airflow/example_dags/example_dynamic_task_mapping.py took 0.128 seconds
[2026-08-26T17:49:11.418+0000] {processor.py:161} INFO - Started process (PID=213) to work on /home/airflow/.local/lib/python3.8/site-packages/airflow/example_dags/example_dynamic_task_mapping.py
[2026-08-26T17:49:11.420+0000] {processor.py:830} INFO - Processing file /home/airflow/.local/lib/python3.8/site-packages/airflow/example_dags/example_dynamic_task_mapping.py for tasks to queue
[2026-08-26T17:49:11.426+0000] {logging_mixin.py:188} INFO - [2026-08-26T17:49:11.426+0000] {dagbag.py:540} INFO - Filling up the DagBag from /home/airflow/.local/lib/python3.8/site-packages/airflow/example_dags/example_dynamic_task_mapping.py
[2026-08-26T17:49:11.441+0000] {processor.py:840} INFO - DAG(s) 'example_dynamic_task_mapping' retrieved from /home/airflow/.local/lib/python3.8/site-packages/airflow/example_dags/example_dynamic_task_mapping.py
[2026-08-26T17:49:11.485+0000] {logging_mixin.py:188} INFO - [2026-08-26T17:49:11.484+0000] {dag.py:3047} INFO - Sync 1 DAGs
[2026-08-26T17:49:11.543+0000] {logging_mixin.py:188} INFO - [2026-08-26T17:49:11.542+0000] {dag.py:3834} INFO - Setting next_dagrun for example_dynamic_task_mapping to 2022-03-04 00:00:00+00:00, run_after=2022-03-05 00:00:00+00:00
[2026-08-26T17:49:11.619+0000] {processor.py:183} INFO - Processing /home/airflow/.local/lib/python3.8/site-packages/airflow/example_dags/example_dynamic_task_mapping.py took 0.206 seconds
[2026-08-26T17:49:41.751+0000] {processor.py:161} INFO - Started process (PID=270) to work on /home/airflow/.local/lib/python3.8/site-packages/airflow/example_dags/example_dynamic_task_mapping.py
[2026-08-26T17:49:41.753+0000] {processor.py:830} INFO - Processing file /home/airflow/.local/lib/python3.8/site-packages/airflow/example_dags/example_dynamic_task_mapping.py for tasks to queue
[2026-08-26T17:49:41.757+0000] {logging_mixin.py:188} INFO - [2026-08-26T17:49:41.757+0000] {dagbag.py:540} INFO - Filling up the DagBag from /home/airflow/.local/lib/python3.8/site-packages/airflow/example_dags/example_dynamic_task_mapping.py
[2026-08-26T17:49:41.766+0000] {processor.py:840} INFO - DAG(s) 'example_dynamic_task_mapping' retrieved from /home/airflow/.local/lib/python3.8/site-packages/airflow/example_dags/example_dynamic_task_mapping.py
[2026-08-26T17:49:41.801+0000] {logging_mixin.py:188} INFO - [2026-08-26T17:49:41.800+0000] {dag.py:3047} INFO - Sync 1 DAGs
[2026-08-26T17:49:41.832+0000] {logging_mixin.py:188} INFO - [2026-08-26T17:49:41.832+0000] {dag.py:3834} INFO - Setting next_dagrun for example_dynamic_task_mapping to 2022-03-04 00:00:00+00:00, run_after=2022-03-05 00:00:00+00:00
[2026-08-26T17:49:41.863+0000] {processor.py:183} INFO - Processing /home/airflow/.local/lib/python3.8/site-packages/airflow/example_dags/example_dynamic_task_mapping.py took 0.118 seconds
[2026-08-26T17:50:14.019+0000] {processor.py:161} INFO - Started process (PID=327) to work on /home/airflow/.local/lib/python3.8/site-packages/airflow/example_dags/example_dynamic_task_mapping.py
[2026-08-26T17:50:14.026+0000] {processor.py:830} INFO - Processing file /home/airflow/.local/lib/python3.8/site-packages/airflow/example_dags/example_dynamic_task_mapping.py for tasks to queue
[2026-08-26T17:50:14.029+0000] {logging_mixin.py:188} INFO - [2026-08-26T17:50:14.029+0000] {dagbag.py:540} INFO - Filling up the DagBag from /home/airflow/.local/lib/python3.8/site-packages/airflow/example_dags/example_dynamic_task_mapping.py
[2026-08-26T17:50:14.048+0000] {processor.py:840} INFO - DAG(s) 'example_dynamic_task_mapping' retrieved from /home/airflow/.local/lib/python3.8/site-packages/airflow/example_dags/example_dynamic_task_mapping.py
[2026-08-26T17:50:14.099+0000] {logging_mixin.py:188} INFO - [2026-08-26T17:50:14.099+0000] {dag.py:3047} INFO - Sync 1 DAGs
[2026-08-26T17:50:14.179+0000] {logging_mixin.py:188} INFO - [2026-08-26T17:50:14.179+0000] {dag.py:3834} INFO - Setting next_dagrun for example_dynamic_task_mapping to 2022-03-04 00:00:00+00:00, run_after=2022-03-05 00:00:00+00:00
[2026-08-26T17:50:14.259+0000] {processor.py:183} INFO - Processing /home/airflow/.local/lib/python3.8/site-packages/airflow/example_dags/example_dynamic_task_mapping.py took 0.247 seconds
[2026-08-26T17:50:45.005+0000] {processor.py:161} INFO - Started process (PID=384) to work on /home/airflow/.local/lib/python3.8/site-packages/airflow/example_dags/example_dynamic_task_mapping.py
[2026-08-26T17:50:45.007+0000] {processor.py:830} INFO - Processing file /home/airflow/.local/lib/python3.8/site-packages/airflow/example_dags/example_dynamic_task_mapping.py for tasks to queue
[2026-08-26T17:50:45.010+0000] {logging_mixin.py:188} INFO - [2026-08-26T17:50:45.009+0000] {dagbag.py:540} INFO - Filling up the DagBag from /home/airflow/.local/lib/python3.8/site-packages/airflow/example_dags/example_dynamic_task_mapping.py
[2026-08-26T17:50:45.023+0000] {processor.py:840} INFO - DAG(s) 'example_dynamic_task_mapping' retrieved from /home/airflow/.local/lib/python3.8/site-packages/airflow/example_dags/example_dynamic_task_mapping.py
[2026-08-26T17:50:45.074+0000] {logging_mixin.py:188} INFO - [2026-08-26T17:50:45.073+0000] {dag.py:3047} INFO - Sync 1 DAGs
[2026-08-26T17:50:45.134+0000] {logging_mixin.py:188} INFO - [2026-08-26T17:50:45.133+0000] {dag.py:3834} INFO - Setting next_dagrun for example_dynamic_task_mapping to 2022-03-04 00:00:00+00:00, run_after=2022-03-05 00:00:00+00:00
[2026-08-26T17:50:45.180+0000] {processor.py:183} INFO - Processing /home/airflow/.local/lib/python3.8/site-packages/airflow/example_dags/example_dynamic_task_mapping.py took 0.183 seconds
[2026-08-26T17:51:15.394+0000] {processor.py:161} INFO - Started process (PID=441) to work on /home/airflow/.local/lib/python3.8/site-packages/airflow/example_dags/example_dynamic_task_mapping.py
[2026-08-26T17:51:15.397+0000] {processor.py:830} INFO - Processing file /home/airflow/.local/lib/python3.8/site-packages/airflow/example_dags/example_dynamic_task_mapping.py for tasks to queue
[2026-08-26T17:51:15.402+0000] {logging_mixin.py:188} INFO - [2026-08-26T17:51:15.401+0000] {dagbag.py:540} INFO - Filling up the DagBag from /home/airflow/.local/lib/python3.8/site-packages/airflow/example_dags/example_dynamic_task_mapping.py
[2026-08-26T17:51:15.421+0000] {processor.py:840} INFO - DAG(s) 'example_dynamic_task_mapping' retrieved from /home/airflow/.local/lib/python3.8/site-packages/airflow/example_dags/example_dynamic_task_mapping.py
[2026-08-26T17:51:15.462+0000] {logging_mixin.py:188} INFO - [2026-08-26T17:51:15.461+0000] {dag.py:3047} INFO - Sync 1 DAGs
[2026-08-26T17:51:15.503+0000] {logging_mixin.py:188} INFO - [2026-08-26T17:51:15.502+0000] {dag.py:3834} INFO - Setting next_dagrun for example_dynamic_task_mapping to 2022-03-04 00:00:00+00:00, run_after=2022-03-05 00:00:00+00:00
[2026-08-26T17:51:15.536+0000] {processor.py:183} INFO - Processing /home/airflow/.local/lib/python3.8/site-packages/airflow/example_dags/example_dynamic_task_mapping.py took 0.145 seconds
[2026-08-26T17:51:45.667+0000] {processor.py:161} INFO - Started process (PID=499) to work on /home/airflow/.local/lib/python3.8/site-packages/airflow/example_dags/example_dynamic_task_mapping.py
[2026-08-26T17:51:45.668+0000] {processor.py:830} INFO - Processing file /home/airflow/.local/lib/python3.8/site-packages/airflow/example_dags/example_dynamic_task_mapping.py for tasks to queue
[2026-08-26T17:51:45.670+0000] {logging_mixin.py:188} INFO - [2026-08-26T17:51:45.670+0000] {dagbag.py:540} INFO - Filling up the DagBag from /home/airflow/.local/lib/python3.8/site-packages/airflow/example_dags/example_dynamic_task_mapping.py
[2026-08-26T17:51:45.683+0000] {processor.py:840} INFO - DAG(s) 'example_dynamic_task_mapping' retrieved from /home/airflow/.local/lib/python3.8/site-packages/airflow/example_dags/example_dynamic_task_mapping.py
[2026-08-26T17:51:45.720+0000] {logging_mixin.py:188} INFO - [2026-08-26T17:51:45.720+0000] {dag.py:3047} INFO - Sync 1 DAGs
[2026-08-26T17:51:45.754+0000] {logging_mixin.py:188} INFO - [2026-08-26T17:51:45.754+0000] {dag.py:3834} INFO - Setting next_dagrun for example_dynamic_task_mapping to 2022-03-04 00:00:00+00:00, run_after=2022-03-05 00:00:00+00:00
[2026-08-26T17:51:45.787+0000] {processor.py:183} INFO - Processing /home/airflow/.local/lib/python3.8/site-packages/airflow/example_dags/example_dynamic_task_mapping.py took 0.129 seconds
[2026-08-26T17:52:16.378+0000] {processor.py:161} INFO - Started process (PID=556) to work on /home/airflow/.local/lib/python3.8/site-packages/airflow/example_dags/example_dynamic_task_mapping.py
[2026-08-26T17:52:16.380+0000] {processor.py:830} INFO - Processing file /home/airflow/.local/lib/python3.8/site-packages/airflow/example_dags/example_dynamic_task_mapping.py for tasks to queue
[2026-08-26T17:52:16.382+0000] {logging_mixin.py:188} INFO - [2026-08-26T17:52:16.382+0000] {dagbag.py:540} INFO - Filling up the DagBag from /home/airflow/.local/lib/python3.8/site-packages/airflow/example_dags/example_dynamic_task_mapping.py
[2026-08-26T17:52:16.393+0000] {processor.py:840} INFO - DAG(s) 'example_dynamic_task_mapping' retrieved from /home/airflow/.local/lib/python3.8/site-packages/airflow/example_dags/example_dynamic_task_mapping.py
[2026-08-26T17:52:16.421+0000] {logging_mixin.py:188} INFO - [2026-08-26T17:52:16.420+0000] {dag.py:3047} INFO - Sync 1 DAGs
[2026-08-26T17:52:16.454+0000] {logging_mixin.py:188} INFO - [2026-08-26T17:52:16.454+0000] {dag.py:3834} INFO - Setting next_dagrun for example_dynamic_task_mapping to 2022-03-04 00:00:00+00:00, run_after=2022-03-05 00:00:00+00:00
[2026-08-26T17:52:16.486+0000] {processor.py:183} INFO - Processing /home/airflow/.local/lib/python3.8/site-packages/airflow/example_dags/example_dynamic_task_mapping.py took 0.116 seconds
[2026-08-26T17:52:46.951+0000] {processor.py:161} INFO - Started process (PID=613) to work on /home/airflow/.local/lib/python3.8/site-packages/airflow/example_dags/example_dynamic_task_mapping.py
[2026-08-26T17:52:46.953+0000] {processor.py:830} INFO - Processing file /home/airflow/.local/lib/python3.8/site-packages/airflow/example_dags/example_dynamic_task_mapping.py for tasks to queue
[2026-08-26T17:52:46.960+0000] {logging_mixin.py:188} INFO - [2026-08-26T17:52:46.960+0000] {dagbag.py:540} INFO - Filling up the DagBag from /home/airflow/.local/lib/python3.8/site-packages/airflow/example_dags/example_dynamic_task_mapping.py
[2026-08-26T17:52:46.969+0000] {processor.py:840} INFO - DAG(s) 'example_dynamic_task_mapping' retrieved from /home/airflow/.local/lib/python3.8/site-packages/airflow/example_dags/example_dynamic_task_mapping.py
[2026-08-26T17:52:47.016+0000] {logging_mixin.py:188} INFO - [2026-08-26T17:52:47.015+0000] {dag.py:3047} INFO - Sync 1 DAGs
[2026-08-26T17:52:47.070+0000] {logging_mixin.py:188} INFO - [2026-08-26T17:52:47.069+0000] {dag.py:3834} INFO - Setting next_dagrun for example_dynamic_task_mapping to 2022-03-04 00:00:00+00:00, run_after=2022-03-05 00:00:00+00:00
[2026-08-26T17:52:47.102+0000] {processor.py:183} INFO - Processing /home/airflow/.local/lib/python3.8/site-packages/airflow/example_dags/example_dynamic_task_mapping.py took 0.156 seconds
[2026-08-26T17:53:17.740+0000] {processor.py:161} INFO - Started process (PID=671) to work on /home/airflow/.local/lib/python3.8/site-packages/airflow/example_dags/example_dynamic_task_mapping.py
[2026-08-26T17:53:17.742+0000] {processor.py:830} INFO - Processing file /home/airflow/.local/lib/python3.8/site-packages/airflow/example_dags/example_dynamic_task_mapping.py for tasks to queue
[2026-08-26T17:53:17.746+0000] {logging_mixin.py:188} INFO - [2026-08-26T17:53:17.745+0000] {dagbag.py:540} INFO - Filling up the DagBag from /home/airflow/.local/lib/python3.8/site-packages/airflow/example_dags/example_dynamic_task_mapping.py
[2026-08-26T17:53:17.757+0000] {processor.py:840} INFO - DAG(s) 'example_dynamic_task_mapping' retrieved from /home/airflow/.local/lib/python3.8/site-packages/airflow/example_dags/example_dynamic_task_mapping.py
[2026-08-26T17:53:17.793+0000] {logging_mixin.py:188} INFO - [2026-08-26T17:53:17.792+0000] {dag.py:3047} INFO - Sync 1 DAGs
[2026-08-26T17:53:17.837+0000] {logging_mixin.py:188} INFO - [2026-08-26T17:53:17.833+0000] {dag.py:3834} INFO - Setting next_dagrun for example_dynamic_task_mapping to 2022-03-04 00:00:00+00:00, run_after=2022-03-05 00:00:00+00:00
[2026-08-26T17:53:17.895+0000] {processor.py:183} INFO - Processing /home/airflow/.local/lib/python3.8/site-packages/airflow/example_dags/example_dynamic_task_mapping.py took 0.160 seconds
[2026-08-26T17:53:48.760+0000] {processor.py:161} INFO - Started process (PID=728) to work on /home/airflow/.local/lib/python3.8/site-packages/airflow/example_dags/example_dynamic_task_mapping.py
[2026-08-26T17:53:48.762+0000] {processor.py:830} INFO - Processing file /home/airflow/.local/lib/python3.8/site-packages/airflow/example_dags/example_dynamic_task_mapping.py for tasks to queue
[2026-08-26T17:53:48.767+0000] {logging_mixin.py:188} INFO - [2026-08-26T17:53:48.766+0000] {dagbag.py:540} INFO - Filling up the DagBag from /home/airflow/.local/lib/python3.8/site-packages/airflow/example_dags/example_dynamic_task_mapping.py
[2026-08-26T17:53:48.779+0000] {processor.py:840} INFO - DAG(s) 'example_dynamic_task_mapping' retrieved from /home/airflow/.local/lib/python3.8/site-packages/airflow/example_dags/example_dynamic_task_mapping.py
[2026-08-26T17:53:48.809+0000] {logging_mixin.py:188} INFO - [2026-08-26T17:53:48.808+0000] {dag.py:3047} INFO - Sync 1 DAGs
[2026-08-26T17:53:48.840+0000] {logging_mixin.py:188} INFO - [2026-08-26T17:53:48.840+0000] {dag.py:3834} INFO - Setting next_dagrun for example_dynamic_task_mapping to 2022-03-04 00:00:00+00:00, run_after=2022-03-05 00:00:00+00:00
[2026-08-26T17:53:48.867+0000] {processor.py:183} INFO - Processing /home/airflow/.local/lib/python3.8/site-packages/airflow/example_dags/example_dynamic_task_mapping.py took 0.112 seconds
[2026-08-26T17:54:19.009+0000] {processor.py:161} INFO - Started process (PID=783) to work on /home/airflow/.local/lib/python3.8/site-packages/airflow/example_dags/example_dynamic_task_mapping.py
[2026-08-26T17:54:19.011+0000] {processor.py:830} INFO - Processing file /home/airflow/.local/lib/python3.8/site-packages/airflow/example_dags/example_dynamic_task_mapping.py for tasks to queue
[2026-08-26T17:54:19.016+0000] {logging_mixin.py:188} INFO - [2026-08-26T17:54:19.015+0000] {dagbag.py:540} INFO - Filling up the DagBag from /home/airflow/.local/lib/python3.8/site-packages/airflow/example_dags/example_dynamic_task_mapping.py
[2026-08-26T17:54:19.032+0000] {processor.py:840} INFO - DAG(s) 'example_dynamic_task_mapping' retrieved from /home/airflow/.local/lib/python3.8/site-packages/airflow/example_dags/example_dynamic_task_mapping.py
[2026-08-26T17:54:19.070+0000] {logging_mixin.py:188} INFO - [2026-08-26T17:54:19.070+0000] {dag.py:3047} INFO - Sync 1 DAGs
[2026-08-26T17:54:19.126+0000] {logging_mixin.py:188} INFO - [2026-08-26T17:54:19.125+0000] {dag.py:3834} INFO - Setting next_dagrun for example_dynamic_task_mapping to 2022-03-04 00:00:00+00:00, run_after=2022-03-05 00:00:00+00:00
[2026-08-26T17:54:19.172+0000] {processor.py:183} INFO - Processing /home/airflow/.local/lib/python3.8/site-packages/airflow/example_dags/example_dynamic_task_mapping.py took 0.167 seconds
[2026-08-26T17:54:49.653+0000] {processor.py:161} INFO - Started process (PID=840) to work on /home/airflow/.local/lib/python3.8/site-packages/airflow/example_dags/example_dynamic_task_mapping.py
[2026-08-26T17:54:49.654+0000] {processor.py:830} INFO - Processing file /home/airflow/.local/lib/python3.8/site-packages/airflow/example_dags/example_dynamic_task_mapping.py for tasks to queue
[2026-08-26T17:54:49.657+0000] {logging_mixin.py:188} INFO - [2026-08-26T17:54:49.656+0000] {dagbag.py:540} INFO - Filling up the DagBag from /home/airflow/.local/lib/python3.8/site-packages/airflow/example_dags/example_dynamic_task_mapping.py
[2026-08-26T17:54:49.673+0000] {processor.py:840} INFO - DAG(s) 'example_dynamic_task_mapping' retrieved from /home/airflow/.local/lib/python3.8/site-packages/airflow/example_dags/example_dynamic_task_mapping.py
[2026-08-26T17:54:49.733+0000] {logging_mixin.py:188} INFO - [2026-08-26T17:54:49.733+0000] {dag.py:3047} INFO - Sync 1 DAGs
[2026-08-26T17:54:49.797+0000] {logging_mixin.py:188} INFO - [2026-08-26T17:54:49.796+0000] {dag.py:3834} INFO - Setting next_dagrun for example_dynamic_task_mapping to 2022-03-04 00:00:00+00:00, run_after=2022-03-05 00:00:00+00:00
[2026-08-26T17:54:49.842+0000] {processor.py:183} INFO - Processing /home/airflow/.local/lib/python3.8/site-packages/airflow/example_dags/example_dynamic_task_mapping.py took 0.198 seconds
[2026-08-26T17:55:20.075+0000] {processor.py:161} INFO - Started process (PID=897) to work on /home/airflow/.local/lib/python3.8/site-packages/airflow/example_dags/example_dynamic_task_mapping.py
[2026-08-26T17:55:20.080+0000] {processor.py:830} INFO - Processing file /home/airflow/.local/lib/python3.8/site-packages/airflow/example_dags/example_dynamic_task_mapping.py for tasks to queue
[2026-08-26T17:55:20.084+0000] {logging_mixin.py:188} INFO - [2026-08-26T17:55:20.083+0000] {dagbag.py:540} INFO - Filling up the DagBag from /home/airflow/.local/lib/python3.8/site-packages/airflow/example_dags/example_dynamic_task_mapping.py
[2026-08-26T17:55:20.102+0000] {processor.py:840} INFO - DAG(s) 'example_dynamic_task_mapping' retrieved from /home/airflow/.local/lib/python3.8/site-packages/airflow/example_dags/example_dynamic_task_mapping.py
[2026-08-26T17:55:20.137+0000] {logging_mixin.py:188} INFO - [2026-08-26T17:55:20.137+0000] {dag.py:3047} INFO - Sync 1 DAGs
[2026-08-26T17:55:20.172+0000] {logging_mixin.py:188} INFO - [2026-08-26T17:55:20.172+0000] {dag.py:3834} INFO - Setting next_dagrun for example_dynamic_task_mapping to 2022-03-04 00:00:00+00:00, run_after=2022-03-05 00:00:00+00:00
[2026-08-26T17:55:20.217+0000] {processor.py:183} INFO - Processing /home/airflow/.local/lib/python3.8/site-packages/airflow/example_dags/example_dynamic_task_mapping.py took 0.161 seconds
[2026-08-26T17:55:51.160+0000] {processor.py:161} INFO - Started process (PID=954) to work on /home/airflow/.local/lib/python3.8/site-packages/airflow/example_dags/example_dynamic_task_mapping.py
[2026-08-26T17:55:51.165+0000] {processor.py:830} INFO - Processing file /home/airflow/.local/lib/python3.8/site-packages/airflow/example_dags/example_dynamic_task_mapping.py for tasks to queue
[2026-08-26T17:55:51.168+0000] {logging_mixin.py:188} INFO - [2026-08-26T17:55:51.168+0000] {dagbag.py:540} INFO - Filling up the DagBag from /home/airflow/.local/lib/python3.8/site-packages/airflow/example_dags/example_dynamic_task_mapping.py
[2026-08-26T17:55:51.182+0000] {processor.py:840} INFO - DAG(s) 'example_dynamic_task_mapping' retrieved from /home/airflow/.local/lib/python3.8/site-packages/airflow/example_dags/example_dynamic_task_mapping.py
[2026-08-26T17:55:51.221+0000] {logging_mixin.py:188} INFO - [2026-08-26T17:55:51.220+0000] {dag.py:3047} INFO - Sync 1 DAGs
[2026-08-26T17:55:51.274+0000] {logging_mixin.py:188} INFO - [2026-08-26T17:55:51.273+0000] {dag.py:3834} INFO - Setting next_dagrun for example_dynamic_task_mapping to 2022-03-04 00:00:00+00:00, run_after=2022-03-05 00:00:00+00:00
[2026-08-26T17:55:51.315+0000] {processor.py:183} INFO - Processing /home/airflow/.local/lib/python3.8/site-packages/airflow/example_dags/example_dynamic_task_mapping.py took 0.164 seconds
[2026-08-26T17:56:21.943+0000] {processor.py:161} INFO - Started process (PID=1011) to work on /home/airflow/.local/lib/python3.8/site-packages/airflow/example_dags/example_dynamic_task_mapping.py
[2026-08-26T17:56:21.946+0000] {processor.py:830} INFO - Processing file /home/airflow/.local/lib/python3.8/site-packages/airflow/example_dags/example_dynamic_task_mapping.py for tasks to queue
[2026-08-26T17:56:21.953+0000] {logging_mixin.py:188} INFO - [2026-08-26T17:56:21.953+0000] {dagbag.py:540} INFO - Filling up the DagBag from /home/airflow/.local/lib/python3.8/site-packages/airflow/example_dags/example_dynamic_task_mapping.py
[2026-08-26T17:56:21.963+0000] {processor.py:840} INFO - DAG(s) 'example_dynamic_task_mapping' retrieved from /home/airflow/.local/lib/python3.8/site-packages/airflow/example_dags/example_dynamic_task_mapping.py
[2026-08-26T17:56:21.993+0000] {logging_mixin.py:188} INFO - [2026-08-26T17:56:21.993+0000] {dag.py:3047} INFO - Sync 1 DAGs
[2026-08-26T17:56:22.036+0000] {logging_mixin.py:188} INFO - [2026-08-26T17:56:22.036+0000] {dag.py:3834} INFO - Setting next_dagrun for example_dynamic_task_mapping to 2022-03-04 00:00:00+00:00, run_after=2022-03-05 00:00:00+00:00
[2026-08-26T17:56:22.064+0000] {processor.py:183} INFO - Processing /home/airflow/.local/lib/python3.8/site-packages/airflow/example_dags/example_dynamic_task_mapping.py took 0.127 seconds
[2026-08-26T17:56:52.198+0000] {processor.py:161} INFO - Started process (PID=1068) to work on /home/airflow/.local/lib/python3.8/site-packages/airflow/example_dags/example_dynamic_task_mapping.py
[2026-08-26T17:56:52.200+0000] {processor.py:830} INFO - Processing file /home/airflow/.local/lib/python3.8/site-packages/airflow/example_dags/example_dynamic_task_mapping.py for tasks to queue
[2026-08-26T17:56:52.204+0000] {logging_mixin.py:188} INFO - [2026-08-26T17:56:52.204+0000] {dagbag.py:540} INFO - Filling up the DagBag from /home/airflow/.local/lib/python3.8/site-packages/airflow/example_dags/example_dynamic_task_mapping.py
[2026-08-26T17:56:52.211+0000] {processor.py:840} INFO - DAG(s) 'example_dynamic_task_mapping' retrieved from /home/airflow/.local/lib/python3.8/site-packages/airflow/example_dags/example_dynamic_task_mapping.py
[2026-08-26T17:56:52.239+0000] {logging_mixin.py:188} INFO - [2026-08-26T17:56:52.239+0000] {dag.py:3047} INFO - Sync 1 DAGs
[2026-08-26T17:56:52.273+0000] {logging_mixin.py:188} INFO - [2026-08-26T17:56:52.273+0000] {dag.py:3834} INFO - Setting next_dagrun for example_dynamic_task_mapping to 2022-03-04 00:00:00+00:00, run_after=2022-03-05 00:00:00+00:00
[2026-08-26T17:56:52.301+0000] {processor.py:183} INFO - Processing /home/airflow/.local/lib/python3.8/site-packages/airflow/example_dags/example_dynamic_task_mapping.py took 0.109 seconds
[2026-08-26T17:57:22.853+0000] {processor.py:161} INFO - Started process (PID=1126) to work on /home/airflow/.local/lib/python3.8/site-packages/airflow/example_dags/example_dynamic_task_mapping.py
[2026-08-26T17:57:22.855+0000] {processor.py:830} INFO - Processing file /home/airflow/.local/lib/python3.8/site-packages/airflow/example_dags/example_dynamic_task_mapping.py for tasks to queue
[2026-08-26T17:57:22.859+0000] {logging_mixin.py:188} INFO - [2026-08-26T17:57:22.858+0000] {dagbag.py:540} INFO - Filling up the DagBag from /home/airflow/.local/lib/python3.8/site-packages/airflow/example_dags/example_dynamic_task_mapping.py
[2026-08-26T17:57:22.870+0000] {processor.py:840} INFO - DAG(s) 'example_dynamic_task_mapping' retrieved from /home/airflow/.local/lib/python3.8/site-packages/airflow/example_dags/example_dynamic_task_mapping.py
[2026-08-26T17:57:22.899+0000] {logging_mixin.py:188} INFO - [2026-08-26T17:57:22.899+0000] {dag.py:3047} INFO - Sync 1 DAGs
[2026-08-26T17:57:22.931+0000] {logging_mixin.py:188} INFO - [2026-08-26T17:57:22.931+0000] {dag.py:3834} INFO - Setting next_dagrun for example_dynamic_task_mapping to 2022-03-04 00:00:00+00:00, run_after=2022-03-05 00:00:00+00:00
[2026-08-26T17:57:22.957+0000] {processor.py:183} INFO - Processing /home/airflow/.local/lib/python3.8/site-packages/airflow/example_dags/example_dynamic_task_mapping.py took 0.111 seconds
[2026-08-26T17:57:53.501+0000] {processor.py:161} INFO - Started process (PID=1183) to work on /home/airflow/.local/lib/python3.8/site-packages/airflow/example_dags/example_dynamic_task_mapping.py
[2026-08-26T17:57:53.502+0000] {processor.py:830} INFO - Processing file /home/airflow/.local/lib/python3.8/site-packages/airflow/example_dags/example_dynamic_task_mapping.py for tasks to queue
[2026-08-26T17:57:53.505+0000] {logging_mixin.py:188} INFO - [2026-08-26T17:57:53.505+0000] {dagbag.py:540} INFO - Filling up the DagBag from /home/airflow/.local/lib/python3.8/site-packages/airflow/example_dags/example_dynamic_task_mapping.py
[2026-08-26T17:57:53.515+0000] {processor.py:840} INFO - DAG(s) 'example_dynamic_task_mapping' retrieved from /home/airflow/.local/lib/python3.8/site-packages/airflow/example_dags/example_dynamic_task_mapping.py
[2026-08-26T17:57:53.548+0000] {logging_mixin.py:188} INFO - [2026-08-26T17:57:53.547+0000] {dag.py:3047} INFO - Sync 1 DAGs
[2026-08-26T17:57:53.598+0000] {logging_mixin.py:188} INFO - [2026-08-26T17:57:53.598+0000] {dag.py:3834} INFO - Setting next_dagrun for example_dynamic_task_mapping to 2022-03-04 00:00:00+00:00, run_after=2022-03-05 00:00:00+00:00
[2026-08-26T17:57:53.634+0000] {processor.py:183} INFO - Processing /home/airflow/.local/lib/python3.8/site-packages/airflow/example_dags/example_dynamic_task_mapping.py took 0.137 seconds
[2026-08-26T17:58:25.281+0000] {processor.py:161} INFO - Started process (PID=1240) to work on /home/airflow/.local/lib/python3.8/site-packages/airflow/example_dags/example_dynamic_task_mapping.py
[2026-08-26T17:58:25.284+0000] {processor.py:830} INFO - Processing file /home/airflow/.local/lib/python3.8/site-packages/airflow/example_dags/example_dynamic_task_mapping.py for tasks to queue
[2026-08-26T17:58:25.288+0000] {logging_mixin.py:188} INFO - [2026-08-26T17:58:25.288+0000] {dagbag.py:540} INFO - Filling up the DagBag from /home/airflow/.local/lib/python3.8/site-packages/airflow/example_dags/example_dynamic_task_mapping.py
[2026-08-26T17:58:25.311+0000] {processor.py:840} INFO - DAG(s) 'example_dynamic_task_mapping' retrieved from /home/airflow/.local/lib/python3.8/site-packages/airflow/example_dags/example_dynamic_task_mapping.py
[2026-08-26T17:58:25.367+0000] {logging_mixin.py:188} INFO - [2026-08-26T17:58:25.366+0000] {dag.py:3047} INFO - Sync 1 DAGs
[2026-08-26T17:58:25.428+0000] {logging_mixin.py:188} INFO - [2026-08-26T17:58:25.427+0000] {dag.py:3834} INFO - Setting next_dagrun for example_dynamic_task_mapping to 2022-03-04 00:00:00+00:00, run_after=2022-03-05 00:00:00+00:00
[2026-08-26T17:58:25.482+0000] {processor.py:183} INFO - Processing /home/airflow/.local/lib/python3.8/site-packages/airflow/example_dags/example_dynamic_task_mapping.py took 0.213 seconds
[2026-08-26T17:58:55.731+0000] {processor.py:161} INFO - Started process (PID=1297) to work on /home/airflow/.local/lib/python3.8/site-packages/airflow/example_dags/example_dynamic_task_mapping.py
[2026-08-26T17:58:55.732+0000] {processor.py:830} INFO - Processing file /home/airflow/.local/lib/python3.8/site-packages/airflow/example_dags/example_dynamic_task_mapping.py for tasks to queue
[2026-08-26T17:58:55.735+0000] {logging_mixin.py:188} INFO - [2026-08-26T17:58:55.734+0000] {dagbag.py:540} INFO - Filling up the DagBag from /home/airflow/.local/lib/python3.8/site-packages/airflow/example_dags/example_dynamic_task_mapping.py
[2026-08-26T17:58:55.746+0000] {processor.py:840} INFO - DAG(s) 'example_dynamic_task_mapping' retrieved from /home/airflow/.local/lib/python3.8/site-packages/airflow/example_dags/example_dynamic_task_mapping.py
[2026-08-26T17:58:55.777+0000] {logging_mixin.py:188} INFO - [2026-08-26T17:58:55.777+0000] {dag.py:3047} INFO - Sync 1 DAGs
[2026-08-26T17:58:55.803+0000] {logging_mixin.py:188} INFO - [2026-08-26T17:58:55.803+0000] {dag.py:3834} INFO - Setting next_dagrun for example_dynamic_task_mapping to 2022-03-04 00:00:00+00:00, run_after=2022-03-05 00:00:00+00:00
[2026-08-26T17:58:55.829+0000] {processor.py:183} INFO - Processing /home/airflow/.local/lib/python3.8/site-packages/airflow/example_dags/example_dynamic_task_mapping.py took 0.102 seconds
[2026-08-26T17:59:26.578+0000] {processor.py:161} INFO - Started process (PID=1354) to work on /home/airflow/.local/lib/python3.8/site-packages/airflow/example_dags/example_dynamic_task_mapping.py
[2026-08-26T17:59:26.580+0000] {processor.py:830} INFO - Processing file /home/airflow/.local/lib/python3.8/site-packages/airflow/example_dags/example_dynamic_task_mapping.py for tasks to queue
[2026-08-26T17:59:26.584+0000] {logging_mixin.py:188} INFO - [2026-08-26T17:59:26.584+0000] {dagbag.py:540} INFO - Filling up the DagBag from /home/airflow/.local/lib/python3.8/site-packages/airflow/example_dags/example_dynamic_task_mapping.py
[2026-08-26T17:59:26.594+0000] {processor.py:840} INFO - DAG(s) 'example_dynamic_task_mapping' retrieved from /home/airflow/.local/lib/python3.8/site-packages/airflow/example_dags/example_dynamic_task_mapping.py
[2026-08-26T17:59:26.624+0000] {logging_mixin.py:188} INFO - [2026-08-26T17:59:26.623+0000] {dag.py:3047} INFO - Sync 1 DAGs
[2026-08-26T17:59:26.655+0000] {logging_mixin.py:188} INFO - [2026-08-26T17:59:26.655+0000] {dag.py:3834} INFO - Setting next_dagrun for example_dynamic_task_mapping to 2022-03-04 00:00:00+00:00, run_after=2022-03-05 00:00:00+00:00
[2026-08-26T17:59:26.681+0000] {processor.py:183} INFO - Processing /home/airflow/.local/lib/python3.8/site-packages/airflow/example_dags/example_dynamic_task_mapping.py took 0.108 seconds
[2026-08-26T17:59:57.459+0000] {processor.py:161} INFO - Started process (PID=1411) to work on /home/airflow/.local/lib/python3.8/site-packages/airflow/example_dags/example_dynamic_task_mapping.py
[2026-08-26T17:59:57.460+0000] {processor.py:830} INFO - Processing file /home/airflow/.local/lib/python3.8/site-packages/airflow/example_dags/example_dynamic_task_mapping.py for tasks to queue
[2026-08-26T17:59:57.463+0000] {logging_mixin.py:188} INFO - [2026-08-26T17:59:57.462+0000] {dagbag.py:540} INFO - Filling up the DagBag from /home/airflow/.local/lib/python3.8/site-packages/airflow/example_dags/example_dynamic_task_mapping.py
[2026-08-26T17:59:57.472+0000] {processor.py:840} INFO - DAG(s) 'example_dynamic_task_mapping' retrieved from /home/airflow/.local/lib/python3.8/site-packages/airflow/example_dags/example_dynamic_task_mapping.py
[2026-08-26T17:59:57.500+0000] {logging_mixin.py:188} INFO - [2026-08-26T17:59:57.500+0000] {dag.py:3047} INFO - Sync 1 DAGs
[2026-08-26T17:59:57.533+0000] {logging_mixin.py:188} INFO - [2026-08-26T17:59:57.533+0000] {dag.py:3834} INFO - Setting next_dagrun for example_dynamic_task_mapping to 2022-03-04 00:00:00+00:00, run_after=2022-03-05 00:00:00+00:00
[2026-08-26T17:59:57.559+0000] {processor.py:183} INFO - Processing /home/airflow/.local/lib/python3.8/site-packages/airflow/example_dags/example_dynamic_task_mapping.py took 0.104 seconds
[2026-08-26T18:00:27.720+0000] {processor.py:161} INFO - Started process (PID=1468) to work on /home/airflow/.local/lib/python3.8/site-packages/airflow/example_dags/example_dynamic_task_mapping.py
[2026-08-26T18:00:27.722+0000] {processor.py:830} INFO - Processing file /home/airflow/.local/lib/python3.8/site-packages/airflow/example_dags/example_dynamic_task_mapping.py for tasks to queue
[2026-08-26T18:00:27.724+0000] {logging_mixin.py:188} INFO - [2026-08-26T18:00:27.724+0000] {dagbag.py:540} INFO - Filling up the DagBag from /home/airflow/.local/lib/python3.8/site-packages/airflow/example_dags/example_dynamic_task_mapping.py
[2026-08-26T18:00:27.732+0000] {processor.py:840} INFO - DAG(s) 'example_dynamic_task_mapping' retrieved from /home/airflow/.local/lib/python3.8/site-packages/airflow/example_dags/example_dynamic_task_mapping.py
[2026-08-26T18:00:27.755+0000] {logging_mixin.py:188} INFO - [2026-08-26T18:00:27.755+0000] {dag.py:3047} INFO - Sync 1 DAGs
[2026-08-26T18:00:27.779+0000] {logging_mixin.py:188} INFO - [2026-08-26T18:00:27.779+0000] {dag.py:3834} INFO - Setting next_dagrun for example_dynamic_task_mapping to 2022-03-04 00:00:00+00:00, run_after=2022-03-05 00:00:00+00:00
[2026-08-26T18:00:27.805+0000] {processor.py:183} INFO - Processing /home/airflow/.local/lib/python3.8/site-packages/airflow/example_dags/example_dynamic_task_mapping.py took 0.089 seconds
[2026-08-26T18:00:57.958+0000] {processor.py:161} INFO - Started process (PID=1525) to work on /home/airflow/.local/lib/python3.8/site-packages/airflow/example_dags/example_dynamic_task_mapping.py
[2026-08-26T18:00:57.960+0000] {processor.py:830} INFO - Processing file /home/airflow/.local/lib/python3.8/site-packages/airflow/example_dags/example_dynamic_task_mapping.py for tasks to queue
[2026-08-26T18:00:57.962+0000] {logging_mixin.py:188} INFO - [2026-08-26T18:00:57.962+0000] {dagbag.py:540} INFO - Filling up the DagBag from /home/airflow/.local/lib/python3.8/site-packages/airflow/example_dags/example_dynamic_task_mapping.py
[2026-08-26T18:00:57.970+0000] {processor.py:840} INFO - DAG(s) 'example_dynamic_task_mapping' retrieved from /home/airflow/.local/lib/python3.8/site-packages/airflow/example_dags/example_dynamic_task_mapping.py
[2026-08-26T18:00:57.992+0000] {logging_mixin.py:188} INFO - [2026-08-26T18:00:57.992+0000] {dag.py:3047} INFO - Sync 1 DAGs
[2026-08-26T18:00:58.022+0000] {logging_mixin.py:188} INFO - [2026-08-26T18:00:58.022+0000] {dag.py:3834} INFO - Setting next_dagrun for example_dynamic_task_mapping to 2022-03-04 00:00:00+00:00, run_after=2022-03-05 00:00:00+00:00
[2026-08-26T18:00:58.043+0000] {processor.py:183} INFO - Processing /home/airflow/.local/lib/python3.8/site-packages/airflow/example_dags/example_dynamic_task_mapping.py took 0.088 seconds
[2026-08-26T18:01:28.112+0000] {processor.py:161} INFO - Started process (PID=1582) to work on /home/airflow/.local/lib/python3.8/site-packages/airflow/example_dags/example_dynamic_task_mapping.py
[2026-08-26T18:01:28.114+0000] {processor.py:830} INFO - Processing file /home/airflow/.local/lib/python3.8/site-packages/airflow/example_dags/example_dynamic_task_mapping.py for tasks to queue
[2026-08-26T18:01:28.117+0000] {logging_mixin.py:188} INFO - [2026-08-26T18:01:28.116+0000] {dagbag.py:540} INFO - Filling up the DagBag from /home/airflow/.local/lib/python3.8/site-packages/airflow/example_dags/example_dynamic_task_mapping.py
[2026-08-26T18:01:28.127+0000] {processor.py:840} INFO - DAG(s) 'example_dynamic_task_mapping' retrieved from /home/airflow/.local/lib/python3.8/site-packages/airflow/example_dags/example_dynamic_task_mapping.py
[2026-08-26T18:01:28.155+0000] {logging_mixin.py:188} INFO - [2026-08-26T18:01:28.155+0000] {dag.py:3047} INFO - Sync 1 DAGs
[2026-08-26T18:01:28.192+0000] {logging_mixin.py:188} INFO - [2026-08-26T18:01:28.191+0000] {dag.py:3834} INFO - Setting next_dagrun for example_dynamic_task_mapping to 2022-03-04 00:00:00+00:00, run_after=2022-03-05 00:00:00+00:00
[2026-08-26T18:01:28.228+0000] {processor.py:183} INFO - Processing /home/airflow/.local/lib/python3.8/site-packages/airflow/example_dags/example_dynamic_task_mapping.py took 0.120 seconds
[2026-08-26T18:01:58.339+0000] {processor.py:161} INFO - Started process (PID=1640) to work on /home/airflow/.local/lib/python3.8/site-packages/airflow/example_dags/example_dynamic_task_mapping.py
[2026-08-26T18:01:58.341+0000] {processor.py:830} INFO - Processing file /home/airflow/.local/lib/python3.8/site-packages/airflow/example_dags/example_dynamic_task_mapping.py for tasks to queue
[2026-08-26T18:01:58.343+0000] {logging_mixin.py:188} INFO - [2026-08-26T18:01:58.343+0000] {dagbag.py:540} INFO - Filling up the DagBag from /home/airflow/.local/lib/python3.8/site-packages/airflow/example_dags/example_dynamic_task_mapping.py
[2026-08-26T18:01:58.352+0000] {processor.py:840} INFO - DAG(s) 'example_dynamic_task_mapping' retrieved from /home/airflow/.local/lib/python3.8/site-packages/airflow/example_dags/example_dynamic_task_mapping.py
[2026-08-26T18:01:58.375+0000] {logging_mixin.py:188} INFO - [2026-08-26T18:01:58.374+0000] {dag.py:3047} INFO - Sync 1 DAGs
[2026-08-26T18:01:58.400+0000] {logging_mixin.py:188} INFO - [2026-08-26T18:01:58.399+0000] {dag.py:3834} INFO - Setting next_dagrun for example_dynamic_task_mapping to 2022-03-04 00:00:00+00:00, run_after=2022-03-05 00:00:00+00:00
[2026-08-26T18:01:58.420+0000] {processor.py:183} INFO - Processing /home/airflow/.local/lib/python3.8/site-packages/airflow/example_dags/example_dynamic_task_mapping.py took 0.088 seconds
[2026-08-26T18:02:29.132+0000] {processor.py:161} INFO - Started process (PID=1697) to work on /home/airflow/.local/lib/python3.8/site-packages/airflow/example_dags/example_dynamic_task_mapping.py
[2026-08-26T18:02:29.136+0000] {processor.py:830} INFO - Processing file /home/airflow/.local/lib/python3.8/site-packages/airflow/example_dags/example_dynamic_task_mapping.py for tasks to queue
[2026-08-26T18:02:29.141+0000] {logging_mixin.py:188} INFO - [2026-08-26T18:02:29.140+0000] {dagbag.py:540} INFO - Filling up the DagBag from /home/airflow/.local/lib/python3.8/site-packages/airflow/example_dags/example_dynamic_task_mapping.py
[2026-08-26T18:02:29.151+0000] {processor.py:840} INFO - DAG(s) 'example_dynamic_task_mapping' retrieved from /home/airflow/.local/lib/python3.8/site-packages/airflow/example_dags/example_dynamic_task_mapping.py
[2026-08-26T18:02:29.184+0000] {logging_mixin.py:188} INFO - [2026-08-26T18:02:29.183+0000] {dag.py:3047} INFO - Sync 1 DAGs
[2026-08-26T18:02:29.219+0000] {logging_mixin.py:188} INFO - [2026-08-26T18:02:29.216+0000] {dag.py:3834} INFO - Setting next_dagrun for example_dynamic_task_mapping to 2022-03-04 00:00:00+00:00, run_after=2022-03-05 00:00:00+00:00
[2026-08-26T18:02:29.246+0000] {processor.py:183} INFO - Processing /home/airflow/.local/lib/python3.8/site-packages/airflow/example_dags/example_dynamic_task_mapping.py took 0.120 seconds
[2026-08-26T18:02:59.738+0000] {processor.py:161} INFO - Started process (PID=1754) to work on /home/airflow/.local/lib/python3.8/site-packages/airflow/example_dags/example_dynamic_task_mapping.py
[2026-08-26T18:02:59.740+0000] {processor.py:830} INFO - Processing file /home/airflow/.local/lib/python3.8/site-packages/airflow/example_dags/example_dynamic_task_mapping.py for tasks to queue
[2026-08-26T18:02:59.742+0000] {logging_mixin.py:188} INFO - [2026-08-26T18:02:59.742+0000] {dagbag.py:540} INFO - Filling up the DagBag from /home/airflow/.local/lib/python3.8/site-packages/airflow/example_dags/example_dynamic_task_mapping.py
[2026-08-26T18:02:59.752+0000] {processor.py:840} INFO - DAG(s) 'example_dynamic_task_mapping' retrieved from /home/airflow/.local/lib/python3.8/site-packages/airflow/example_dags/example_dynamic_task_mapping.py
[2026-08-26T18:02:59.773+0000] {logging_mixin.py:188} INFO - [2026-08-26T18:02:59.773+0000] {dag.py:3047} INFO - Sync 1 DAGs
[2026-08-26T18:02:59.795+0000] {logging_mixin.py:188} INFO - [2026-08-26T18:02:59.795+0000] {dag.py:3834} INFO - Setting next_dagrun for example_dynamic_task_mapping to 2022-03-04 00:00:00+00:00, run_after=2022-03-05 00:00:00+00:00
[2026-08-26T18:02:59.819+0000] {processor.py:183} INFO - Processing /home/airflow/.local/lib/python3.8/site-packages/airflow/example_dags/example_dynamic_task_mapping.py took 0.085 seconds
[2026-08-26T18:03:30.334+0000] {processor.py:161} INFO - Started process (PID=1811) to work on /home/airflow/.local/lib/python3.8/site-packages/airflow/example_dags/example_dynamic_task_mapping.py
[2026-08-26T18:03:30.336+0000] {processor.py:830} INFO - Processing file /home/airflow/.local/lib/python3.8/site-packages/airflow/example_dags/example_dynamic_task_mapping.py for tasks to queue
[2026-08-26T18:03:30.339+0000] {logging_mixin.py:188} INFO - [2026-08-26T18:03:30.338+0000] {dagbag.py:540} INFO - Filling up the DagBag from /home/airflow/.local/lib/python3.8/site-packages/airflow/example_dags/example_dynamic_task_mapping.py
[2026-08-26T18:03:30.352+0000] {processor.py:840} INFO - DAG(s) 'example_dynamic_task_mapping' retrieved from /home/airflow/.local/lib/python3.8/site-packages/airflow/example_dags/example_dynamic_task_mapping.py
[2026-08-26T18:03:30.387+0000] {logging_mixin.py:188} INFO - [2026-08-26T18:03:30.386+0000] {dag.py:3047} INFO - Sync 1 DAGs
[2026-08-26T18:03:30.442+0000] {logging_mixin.py:188} INFO - [2026-08-26T18:03:30.439+0000] {dag.py:3834} INFO - Setting next_dagrun for example_dynamic_task_mapping to 2022-03-04 00:00:00+00:00, run_after=2022-03-05 00:00:00+00:00
[2026-08-26T18:03:30.505+0000] {processor.py:183} INFO - Processing /home/airflow/.local/lib/python3.8/site-packages/airflow/example_dags/example_dynamic_task_mapping.py took 0.181 seconds
[2026-08-26T18:04:00.993+0000] {processor.py:161} INFO - Started process (PID=1868) to work on /home/airflow/.local/lib/python3.8/site-packages/airflow/example_dags/example_dynamic_task_mapping.py
[2026-08-26T18:04:00.996+0000] {processor.py:830} INFO - Processing file /home/airflow/.local/lib/python3.8/site-packages/airflow/example_dags/example_dynamic_task_mapping.py for tasks to queue
[2026-08-26T18:04:01.000+0000] {logging_mixin.py:188} INFO - [2026-08-26T18:04:00.999+0000] {dagbag.py:540} INFO - Filling up the DagBag from /home/airflow/.local/lib/python3.8/site-packages/airflow/example_dags/example_dynamic_task_mapping.py
[2026-08-26T18:04:01.010+0000] {processor.py:840} INFO - DAG(s) 'example_dynamic_task_mapping' retrieved from /home/airflow/.local/lib/python3.8/site-packages/airflow/example_dags/example_dynamic_task_mapping.py
[2026-08-26T18:04:01.039+0000] {logging_mixin.py:188} INFO - [2026-08-26T18:04:01.039+0000] {dag.py:3047} INFO - Sync 1 DAGs
[2026-08-26T18:04:01.069+0000] {logging_mixin.py:188} INFO - [2026-08-26T18:04:01.068+0000] {dag.py:3834} INFO - Setting next_dagrun for example_dynamic_task_mapping to 2022-03-04 00:00:00+00:00, run_after=2022-03-05 00:00:00+00:00
[2026-08-26T18:04:01.099+0000] {processor.py:183} INFO - Processing /home/airflow/.local/lib/python3.8/site-packages/airflow/example_dags/example_dynamic_task_mapping.py took 0.111 seconds
[2026-08-26T18:04:31.312+0000] {processor.py:161} INFO - Started process (PID=1925) to work on /home/airflow/.local/lib/python3.8/site-packages/airflow/example_dags/example_dynamic_task_mapping.py
[2026-08-26T18:04:31.314+0000] {processor.py:830} INFO - Processing file /home/airflow/.local/lib/python3.8/site-packages/airflow/example_dags/example_dynamic_task_mapping.py for tasks to queue
[2026-08-26T18:04:31.316+0000] {logging_mixin.py:188} INFO - [2026-08-26T18:04:31.316+0000] {dagbag.py:540} INFO - Filling up the DagBag from /home/airflow/.local/lib/python3.8/site-packages/airflow/example_dags/example_dynamic_task_mapping.py
[2026-08-26T18:04:31.328+0000] {processor.py:840} INFO - DAG(s) 'example_dynamic_task_mapping' retrieved from /home/airflow/.local/lib/python3.8/site-packages/airflow/example_dags/example_dynamic_task_mapping.py
[2026-08-26T18:04:31.363+0000] {logging_mixin.py:188} INFO - [2026-08-26T18:04:31.363+0000] {dag.py:3047} INFO - Sync 1 DAGs
[2026-08-26T18:04:31.401+0000] {logging_mixin.py:188} INFO - [2026-08-26T18:04:31.401+0000] {dag.py:3834} INFO - Setting next_dagrun for example_dynamic_task_mapping to 2022-03-04 00:00:00+00:00, run_after=2022-03-05 00:00:00+00:00
[2026-08-26T18:04:31.428+0000] {processor.py:183} INFO - Processing /home/airflow/.local/lib/python3.8/site-packages/airflow/example_dags/example_dynamic_task_mapping.py took 0.120 seconds
[2026-08-26T18:05:02.292+0000] {processor.py:161} INFO - Started process (PID=1988) to work on /home/airflow/.local/lib/python3.8/site-packages/airflow/example_dags/example_dynamic_task_mapping.py
[2026-08-26T18:05:02.294+0000] {processor.py:830} INFO - Processing file /home/airflow/.local/lib/python3.8/site-packages/airflow/example_dags/example_dynamic_task_mapping.py for tasks to queue
[2026-08-26T18:05:02.298+0000] {logging_mixin.py:188} INFO - [2026-08-26T18:05:02.297+0000] {dagbag.py:540} INFO - Filling up the DagBag from /home/airflow/.local/lib/python3.8/site-packages/airflow/example_dags/example_dynamic_task_mapping.py
[2026-08-26T18:05:02.309+0000] {processor.py:840} INFO - DAG(s) 'example_dynamic_task_mapping' retrieved from /home/airflow/.local/lib/python3.8/site-packages/airflow/example_dags/example_dynamic_task_mapping.py
[2026-08-26T18:05:02.351+0000] {logging_mixin.py:188} INFO - [2026-08-26T18:05:02.351+0000] {dag.py:3047} INFO - Sync 1 DAGs
[2026-08-26T18:05:02.415+0000] {logging_mixin.py:188} INFO - [2026-08-26T18:05:02.414+0000] {dag.py:3834} INFO - Setting next_dagrun for example_dynamic_task_mapping to 2022-03-04 00:00:00+00:00, run_after=2022-03-05 00:00:00+00:00
[2026-08-26T18:05:02.468+0000] {processor.py:183} INFO - Processing /home/airflow/.local/lib/python3.8/site-packages/airflow/example_dags/example_dynamic_task_mapping.py took 0.185 seconds
[2026-08-26T18:05:33.422+0000] {processor.py:161} INFO - Started process (PID=2045) to work on /home/airflow/.local/lib/python3.8/site-packages/airflow/example_dags/example_dynamic_task_mapping.py
[2026-08-26T18:05:33.425+0000] {processor.py:830} INFO - Processing file /home/airflow/.local/lib/python3.8/site-packages/airflow/example_dags/example_dynamic_task_mapping.py for tasks to queue
[2026-08-26T18:05:33.428+0000] {logging_mixin.py:188} INFO - [2026-08-26T18:05:33.427+0000] {dagbag.py:540} INFO - Filling up the DagBag from /home/airflow/.local/lib/python3.8/site-packages/airflow/example_dags/example_dynamic_task_mapping.py
[2026-08-26T18:05:33.443+0000] {processor.py:840} INFO - DAG(s) 'example_dynamic_task_mapping' retrieved from /home/airflow/.local/lib/python3.8/site-packages/airflow/example_dags/example_dynamic_task_mapping.py
[2026-08-26T18:05:33.496+0000] {logging_mixin.py:188} INFO - [2026-08-26T18:05:33.495+0000] {dag.py:3047} INFO - Sync 1 DAGs
[2026-08-26T18:05:33.547+0000] {logging_mixin.py:188} INFO - [2026-08-26T18:05:33.547+0000] {dag.py:3834} INFO - Setting next_dagrun for example_dynamic_task_mapping to 2022-03-04 00:00:00+00:00, run_after=2022-03-05 00:00:00+00:00
[2026-08-26T18:05:33.580+0000] {processor.py:183} INFO - Processing /home/airflow/.local/lib/python3.8/site-packages/airflow/example_dags/example_dynamic_task_mapping.py took 0.167 seconds
[2026-08-26T18:06:04.015+0000] {processor.py:161} INFO - Started process (PID=2102) to work on /home/airflow/.local/lib/python3.8/site-packages/airflow/example_dags/example_dynamic_task_mapping.py
[2026-08-26T18:06:04.020+0000] {processor.py:830} INFO - Processing file /home/airflow/.local/lib/python3.8/site-packages/airflow/example_dags/example_dynamic_task_mapping.py for tasks to queue
[2026-08-26T18:06:04.026+0000] {logging_mixin.py:188} INFO - [2026-08-26T18:06:04.025+0000] {dagbag.py:540} INFO - Filling up the DagBag from /home/airflow/.local/lib/python3.8/site-packages/airflow/example_dags/example_dynamic_task_mapping.py
[2026-08-26T18:06:04.043+0000] {processor.py:840} INFO - DAG(s) 'example_dynamic_task_mapping' retrieved from /home/airflow/.local/lib/python3.8/site-packages/airflow/example_dags/example_dynamic_task_mapping.py
[2026-08-26T18:06:04.078+0000] {logging_mixin.py:188} INFO - [2026-08-26T18:06:04.078+0000] {dag.py:3047} INFO - Sync 1 DAGs
[2026-08-26T18:06:04.111+0000] {logging_mixin.py:188} INFO - [2026-08-26T18:06:04.111+0000] {dag.py:3834} INFO - Setting next_dagrun for example_dynamic_task_mapping to 2022-03-04 00:00:00+00:00, run_after=2022-03-05 00:00:00+00:00
[2026-08-26T18:06:04.141+0000] {processor.py:183} INFO - Processing /home/airflow/.local/lib/python3.8/site-packages/airflow/example_dags/example_dynamic_task_mapping.py took 0.132 seconds
[2026-08-26T18:06:34.655+0000] {processor.py:161} INFO - Started process (PID=2159) to work on /home/airflow/.local/lib/python3.8/site-packages/airflow/example_dags/example_dynamic_task_mapping.py
[2026-08-26T18:06:34.657+0000] {processor.py:830} INFO - Processing file /home/airflow/.local/lib/python3.8/site-packages/airflow/example_dags/example_dynamic_task_mapping.py for tasks to queue
[2026-08-26T18:06:34.660+0000] {logging_mixin.py:188} INFO - [2026-08-26T18:06:34.659+0000] {dagbag.py:540} INFO - Filling up the DagBag from /home/airflow/.local/lib/python3.8/site-packages/airflow/example_dags/example_dynamic_task_mapping.py
[2026-08-26T18:06:34.670+0000] {processor.py:840} INFO - DAG(s) 'example_dynamic_task_mapping' retrieved from /home/airflow/.local/lib/python3.8/site-packages/airflow/example_dags/example_dynamic_task_mapping.py
[2026-08-26T18:06:34.701+0000] {logging_mixin.py:188} INFO - [2026-08-26T18:06:34.700+0000] {dag.py:3047} INFO - Sync 1 DAGs
[2026-08-26T18:06:34.736+0000] {logging_mixin.py:188} INFO - [2026-08-26T18:06:34.735+0000] {dag.py:3834} INFO - Setting next_dagrun for example_dynamic_task_mapping to 2022-03-04 00:00:00+00:00, run_after=2022-03-05 00:00:00+00:00
[2026-08-26T18:06:34.768+0000] {processor.py:183} INFO - Processing /home/airflow/.local/lib/python3.8/site-packages/airflow/example_dags/example_dynamic_task_mapping.py took 0.119 seconds
[2026-08-26T18:07:05.265+0000] {processor.py:161} INFO - Started process (PID=2216) to work on /home/airflow/.local/lib/python3.8/site-packages/airflow/example_dags/example_dynamic_task_mapping.py
[2026-08-26T18:07:05.267+0000] {processor.py:830} INFO - Processing file /home/airflow/.local/lib/python3.8/site-packages/airflow/example_dags/example_dynamic_task_mapping.py for tasks to queue
[2026-08-26T18:07:05.270+0000] {logging_mixin.py:188} INFO - [2026-08-26T18:07:05.270+0000] {dagbag.py:540} INFO - Filling up the DagBag from /home/airflow/.local/lib/python3.8/site-packages/airflow/example_dags/example_dynamic_task_mapping.py
[2026-08-26T18:07:05.280+0000] {processor.py:840} INFO - DAG(s) 'example_dynamic_task_mapping' retrieved from /home/airflow/.local/lib/python3.8/site-packages/airflow/example_dags/example_dynamic_task_mapping.py
[2026-08-26T18:07:05.307+0000] {logging_mixin.py:188} INFO - [2026-08-26T18:07:05.306+0000] {dag.py:3047} INFO - Sync 1 DAGs
[2026-08-26T18:07:05.336+0000] {logging_mixin.py:188} INFO - [2026-08-26T18:07:05.335+0000] {dag.py:3834} INFO - Setting next_dagrun for example_dynamic_task_mapping to 2022-03-04 00:00:00+00:00, run_after=2022-03-05 00:00:00+00:00
[2026-08-26T18:07:05.369+0000] {processor.py:183} INFO - Processing /home/airflow/.local/lib/python3.8/site-packages/airflow/example_dags/example_dynamic_task_mapping.py took 0.109 seconds
[2026-08-26T18:07:36.233+0000] {processor.py:161} INFO - Started process (PID=2273) to work on /home/airflow/.local/lib/python3.8/site-packages/airflow/example_dags/example_dynamic_task_mapping.py
[2026-08-26T18:07:36.235+0000] {processor.py:830} INFO - Processing file /home/airflow/.local/lib/python3.8/site-packages/airflow/example_dags/example_dynamic_task_mapping.py for tasks to queue
[2026-08-26T18:07:36.237+0000] {logging_mixin.py:188} INFO - [2026-08-26T18:07:36.237+0000] {dagbag.py:540} INFO - Filling up the DagBag from /home/airflow/.local/lib/python3.8/site-packages/airflow/example_dags/example_dynamic_task_mapping.py
[2026-08-26T18:07:36.248+0000] {processor.py:840} INFO - DAG(s) 'example_dynamic_task_mapping' retrieved from /home/airflow/.local/lib/python3.8/site-packages/airflow/example_dags/example_dynamic_task_mapping.py
[2026-08-26T18:07:36.280+0000] {logging_mixin.py:188} INFO - [2026-08-26T18:07:36.279+0000] {dag.py:3047} INFO - Sync 1 DAGs
[2026-08-26T18:07:36.311+0000] {logging_mixin.py:188} INFO - [2026-08-26T18:07:36.311+0000] {dag.py:3834} INFO - Setting next_dagrun for example_dynamic_task_mapping to 2022-03-04 00:00:00+00:00, run_after=2022-03-05 00:00:00+00:00
[2026-08-26T18:07:36.333+0000] {processor.py:183} INFO - Processing /home/airflow/.local/lib/python3.8/site-packages/airflow/example_dags/example_dynamic_task_mapping.py took 0.105 seconds
[2026-08-26T18:08:07.011+0000] {processor.py:161} INFO - Started process (PID=2330) to work on /home/airflow/.local/lib/python3.8/site-packages/airflow/example_dags/example_dynamic_task_mapping.py
[2026-08-26T18:08:07.013+0000] {processor.py:830} INFO - Processing file /home/airflow/.local/lib/python3.8/site-packages/airflow/example_dags/example_dynamic_task_mapping.py for tasks to queue
[2026-08-26T18:08:07.016+0000] {logging_mixin.py:188} INFO - [2026-08-26T18:08:07.016+0000] {dagbag.py:540} INFO - Filling up the DagBag from /home/airflow/.local/lib/python3.8/site-packages/airflow/example_dags/example_dynamic_task_mapping.py
[2026-08-26T18:08:07.030+0000] {processor.py:840} INFO - DAG(s) 'example_dynamic_task_mapping' retrieved from /home/airflow/.local/lib/python3.8/site-packages/airflow/example_dags/example_dynamic_task_mapping.py
[2026-08-26T18:08:07.060+0000] {logging_mixin.py:188} INFO - [2026-08-26T18:08:07.059+0000] {dag.py:3047} INFO - Sync 1 DAGs
[2026-08-26T18:08:07.097+0000] {logging_mixin.py:188} INFO - [2026-08-26T18:08:07.097+0000] {dag.py:3834} INFO - Setting next_dagrun for example_dynamic_task_mapping to 2022-03-04 00:00:00+00:00, run_after=2022-03-05 00:00:00+00:00
[2026-08-26T18:08:07.135+0000] {processor.py:183} INFO - Processing /home/airflow/.local/lib/python3.8/site-packages/airflow/example_dags/example_dynamic_task_mapping.py took 0.132 seconds
[2026-08-26T18:08:37.575+0000] {processor.py:161} INFO - Started process (PID=2387) to work on /home/airflow/.local/lib/python3.8/site-packages/airflow/example_dags/example_dynamic_task_mapping.py
[2026-08-26T18:08:37.577+0000] {processor.py:830} INFO - Processing file /home/airflow/.local/lib/python3.8/site-packages/airflow/example_dags/example_dynamic_task_mapping.py for tasks to queue
[2026-08-26T18:08:37.580+0000] {logging_mixin.py:188} INFO - [2026-08-26T18:08:37.579+0000] {dagbag.py:540} INFO - Filling up the DagBag from /home/airflow/.local/lib/python3.8/site-packages/airflow/example_dags/example_dynamic_task_mapping.py
[2026-08-26T18:08:37.591+0000] {processor.py:840} INFO - DAG(s) 'example_dynamic_task_mapping' retrieved from /home/airflow/.local/lib/python3.8/site-packages/airflow/example_dags/example_dynamic_task_mapping.py
[2026-08-26T18:08:37.616+0000] {logging_mixin.py:188} INFO - [2026-08-26T18:08:37.616+0000] {dag.py:3047} INFO - Sync 1 DAGs
[2026-08-26T18:08:37.646+0000] {logging_mixin.py:188} INFO - [2026-08-26T18:08:37.646+0000] {dag.py:3834} INFO - Setting next_dagrun for example_dynamic_task_mapping to 2022-03-04 00:00:00+00:00, run_after=2022-03-05 00:00:00+00:00
[2026-08-26T18:08:37.677+0000] {processor.py:183} INFO - Processing /home/airflow/.local/lib/python3.8/site-packages/airflow/example_dags/example_dynamic_task_mapping.py took 0.109 seconds
[2026-08-26T18:09:07.832+0000] {processor.py:161} INFO - Started process (PID=2444) to work on /home/airflow/.local/lib/python3.8/site-packages/airflow/example_dags/example_dynamic_task_mapping.py
[2026-08-26T18:09:07.836+0000] {processor.py:830} INFO - Processing file /home/airflow/.local/lib/python3.8/site-packages/airflow/example_dags/example_dynamic_task_mapping.py for tasks to queue
[2026-08-26T18:09:07.840+0000] {logging_mixin.py:188} INFO - [2026-08-26T18:09:07.839+0000] {dagbag.py:540} INFO - Filling up the DagBag from /home/airflow/.local/lib/python3.8/site-packages/airflow/example_dags/example_dynamic_task_mapping.py
[2026-08-26T18:09:07.848+0000] {processor.py:840} INFO - DAG(s) 'example_dynamic_task_mapping' retrieved from /home/airflow/.local/lib/python3.8/site-packages/airflow/example_dags/example_dynamic_task_mapping.py
[2026-08-26T18:09:07.880+0000] {logging_mixin.py:188} INFO - [2026-08-26T18:09:07.880+0000] {dag.py:3047} INFO - Sync 1 DAGs
[2026-08-26T18:09:07.915+0000] {logging_mixin.py:188} INFO - [2026-08-26T18:09:07.915+0000] {dag.py:3834} INFO - Setting next_dagrun for example_dynamic_task_mapping to 2022-03-04 00:00:00+00:00, run_after=2022-03-05 00:00:00+00:00
[2026-08-26T18:09:07.945+0000] {processor.py:183} INFO - Processing /home/airflow/.local/lib/python3.8/site-packages/airflow/example_dags/example_dynamic_task_mapping.py took 0.117 seconds
[2026-08-26T18:09:38.139+0000] {processor.py:161} INFO - Started process (PID=2501) to work on /home/airflow/.local/lib/python3.8/site-packages/airflow/example_dags/example_dynamic_task_mapping.py
[2026-08-26T18:09:38.141+0000] {processor.py:830} INFO - Processing file /home/airflow/.local/lib/python3.8/site-packages/airflow/example_dags/example_dynamic_task_mapping.py for tasks to queue
[2026-08-26T18:09:38.144+0000] {logging_mixin.py:188} INFO - [2026-08-26T18:09:38.144+0000] {dagbag.py:540} INFO - Filling up the DagBag from /home/airflow/.local/lib/python3.8/site-packages/airflow/example_dags/example_dynamic_task_mapping.py
[2026-08-26T18:09:38.156+0000] {processor.py:840} INFO - DAG(s) 'example_dynamic_task_mapping' retrieved from /home/airflow/.local/lib/python3.8/site-packages/airflow/example_dags/example_dynamic_task_mapping.py
[2026-08-26T18:09:38.187+0000] {logging_mixin.py:188} INFO - [2026-08-26T18:09:38.186+0000] {dag.py:3047} INFO - Sync 1 DAGs
[2026-08-26T18:09:38.217+0000] {logging_mixin.py:188} INFO - [2026-08-26T18:09:38.217+0000] {dag.py:3834} INFO - Setting next_dagrun for example_dynamic_task_mapping to 2022-03-04 00:00:00+00:00, run_after=2022-03-05 00:00:00+00:00
[2026-08-26T18:09:38.241+0000] {processor.py:183} INFO - Processing /home/airflow/.local/lib/python3.8/site-packages/airflow/example_dags/example_dynamic_task_mapping.py took 0.107 seconds
[2026-08-26T18:10:09.284+0000] {processor.py:161} INFO - Started process (PID=2558) to work on /home/airflow/.local/lib/python3.8/site-packages/airflow/example_dags/example_dynamic_task_mapping.py
[2026-08-26T18:10:09.286+0000] {processor.py:830} INFO - Processing file /home/airflow/.local/lib/python3.8/site-packages/airflow/example_dags/example_dynamic_task_mapping.py for tasks to queue
[2026-08-26T18:10:09.291+0000] {logging_mixin.py:188} INFO - [2026-08-26T18:10:09.290+0000] {dagbag.py:540} INFO - Filling up the DagBag from /home/airflow/.local/lib/python3.8/site-packages/airflow/example_dags/example_dynamic_task_mapping.py
[2026-08-26T18:10:09.314+0000] {processor.py:840} INFO - DAG(s) 'example_dynamic_task_mapping' retrieved from /home/airflow/.local/lib/python3.8/site-packages/airflow/example_dags/example_dynamic_task_mapping.py
[2026-08-26T18:10:09.380+0000] {logging_mixin.py:188} INFO - [2026-08-26T18:10:09.380+0000] {dag.py:3047} INFO - Sync 1 DAGs
[2026-08-26T18:10:09.465+0000] {logging_mixin.py:188} INFO - [2026-08-26T18:10:09.464+0000] {dag.py:3834} INFO - Setting next_dagrun for example_dynamic_task_mapping to 2022-03-04 00:00:00+00:00, run_after=2022-03-05 00:00:00+00:00
[2026-08-26T18:10:09.522+0000] {processor.py:183} INFO - Processing /home/airflow/.local/lib/python3.8/site-packages/airflow/example_dags/example_dynamic_task_mapping.py took 0.263 seconds
[2026-08-26T18:10:40.427+0000] {processor.py:161} INFO - Started process (PID=2615) to work on /home/airflow/.local/lib/python3.8/site-packages/airflow/example_dags/example_dynamic_task_mapping.py
[2026-08-26T18:10:40.429+0000] {processor.py:830} INFO - Processing file /home/airflow/.local/lib/python3.8/site-packages/airflow/example_dags/example_dynamic_task_mapping.py for tasks to queue
[2026-08-26T18:10:40.432+0000] {logging_mixin.py:188} INFO - [2026-08-26T18:10:40.432+0000] {dagbag.py:540} INFO - Filling up the DagBag from /home/airflow/.local/lib/python3.8/site-packages/airflow/example_dags/example_dynamic_task_mapping.py
[2026-08-26T18:10:40.440+0000] {processor.py:840} INFO - DAG(s) 'example_dynamic_task_mapping' retrieved from /home/airflow/.local/lib/python3.8/site-packages/airflow/example_dags/example_dynamic_task_mapping.py
[2026-08-26T18:10:40.493+0000] {logging_mixin.py:188} INFO - [2026-08-26T18:10:40.492+0000] {dag.py:3047} INFO - Sync 1 DAGs
[2026-08-26T18:10:40.550+0000] {logging_mixin.py:188} INFO - [2026-08-26T18:10:40.549+0000] {dag.py:3834} INFO - Setting next_dagrun for example_dynamic_task_mapping to 2022-03-04 00:00:00+00:00, run_after=2022-03-05 00:00:00+00:00
[2026-08-26T18:10:40.589+0000] {processor.py:183} INFO - Processing /home/airflow/.local/lib/python3.8/site-packages/airflow/example_dags/example_dynamic_task_mapping.py took 0.169 seconds
[2026-08-26T18:11:10.874+0000] {processor.py:161} INFO - Started process (PID=2673) to work on /home/airflow/.local/lib/python3.8/site-packages/airflow/example_dags/example_dynamic_task_mapping.py
[2026-08-26T18:11:10.876+0000] {processor.py:830} INFO - Processing file /home/airflow/.local/lib/python3.8/site-packages/airflow/example_dags/example_dynamic_task_mapping.py for tasks to queue
[2026-08-26T18:11:10.880+0000] {logging_mixin.py:188} INFO - [2026-08-26T18:11:10.879+0000] {dagbag.py:540} INFO - Filling up the DagBag from /home/airflow/.local/lib/python3.8/site-packages/airflow/example_dags/example_dynamic_task_mapping.py
[2026-08-26T18:11:10.893+0000] {processor.py:840} INFO - DAG(s) 'example_dynamic_task_mapping' retrieved from /home/airflow/.local/lib/python3.8/site-packages/airflow/example_dags/example_dynamic_task_mapping.py
[2026-08-26T18:11:10.919+0000] {logging_mixin.py:188} INFO - [2026-08-26T18:11:10.919+0000] {dag.py:3047} INFO - Sync 1 DAGs
[2026-08-26T18:11:10.947+0000] {logging_mixin.py:188} INFO - [2026-08-26T18:11:10.947+0000] {dag.py:3834} INFO - Setting next_dagrun for example_dynamic_task_mapping to 2022-03-04 00:00:00+00:00, run_after=2022-03-05 00:00:00+00:00
[2026-08-26T18:11:10.970+0000] {processor.py:183} INFO - Processing /home/airflow/.local/lib/python3.8/site-packages/airflow/example_dags/example_dynamic_task_mapping.py took 0.104 seconds
[2026-08-26T18:11:41.091+0000] {processor.py:161} INFO - Started process (PID=2730) to work on /home/airflow/.local/lib/python3.8/site-packages/airflow/example_dags/example_dynamic_task_mapping.py
[2026-08-26T18:11:41.093+0000] {processor.py:830} INFO - Processing file /home/airflow/.local/lib/python3.8/site-packages/airflow/example_dags/example_dynamic_task_mapping.py for tasks to queue
[2026-08-26T18:11:41.095+0000] {logging_mixin.py:188} INFO - [2026-08-26T18:11:41.095+0000] {dagbag.py:540} INFO - Filling up the DagBag from /home/airflow/.local/lib/python3.8/site-packages/airflow/example_dags/example_dynamic_task_mapping.py
[2026-08-26T18:11:41.103+0000] {processor.py:840} INFO - DAG(s) 'example_dynamic_task_mapping' retrieved from /home/airflow/.local/lib/python3.8/site-packages/airflow/example_dags/example_dynamic_task_mapping.py
[2026-08-26T18:11:41.126+0000] {logging_mixin.py:188} INFO - [2026-08-26T18:11:41.125+0000] {dag.py:3047} INFO - Sync 1 DAGs
[2026-08-26T18:11:41.149+0000] {logging_mixin.py:188} INFO - [2026-08-26T18:11:41.149+0000] {dag.py:3834} INFO - Setting next_dagrun for example_dynamic_task_mapping to 2022-03-04 00:00:00+00:00, run_after=2022-03-05 00:00:00+00:00
[2026-08-26T18:11:41.173+0000] {processor.py:183} INFO - Processing /home/airflow/.local/lib/python3.8/site-packages/airflow/example_dags/example_dynamic_task_mapping.py took 0.087 seconds
[2026-08-26T18:12:11.413+0000] {processor.py:161} INFO - Started process (PID=2787) to work on /home/airflow/.local/lib/python3.8/site-packages/airflow/example_dags/example_dynamic_task_mapping.py
[2026-08-26T18:12:11.415+0000] {processor.py:830} INFO - Processing file /home/airflow/.local/lib/python3.8/site-packages/airflow/example_dags/example_dynamic_task_mapping.py for tasks to queue
[2026-08-26T18:12:11.418+0000] {logging_mixin.py:188} INFO - [2026-08-26T18:12:11.417+0000] {dagbag.py:540} INFO - Filling up the DagBag from /home/airflow/.local/lib/python3.8/site-packages/airflow/example_dags/example_dynamic_task_mapping.py
[2026-08-26T18:12:11.428+0000] {processor.py:840} INFO - DAG(s) 'example_dynamic_task_mapping' retrieved from /home/airflow/.local/lib/python3.8/site-packages/airflow/example_dags/example_dynamic_task_mapping.py
[2026-08-26T18:12:11.458+0000] {logging_mixin.py:188} INFO - [2026-08-26T18:12:11.458+0000] {dag.py:3047} INFO - Sync 1 DAGs
[2026-08-26T18:12:11.491+0000] {logging_mixin.py:188} INFO - [2026-08-26T18:12:11.491+0000] {dag.py:3834} INFO - Setting next_dagrun for example_dynamic_task_mapping to 2022-03-04 00:00:00+00:00, run_after=2022-03-05 00:00:00+00:00
[2026-08-26T18:12:11.517+0000] {processor.py:183} INFO - Processing /home/airflow/.local/lib/python3.8/site-packages/airflow/example_dags/example_dynamic_task_mapping.py took 0.111 seconds
[2026-08-26T18:12:42.081+0000] {processor.py:161} INFO - Started process (PID=2844) to work on /home/airflow/.local/lib/python3.8/site-packages/airflow/example_dags/example_dynamic_task_mapping.py
[2026-08-26T18:12:42.447+0000] {processor.py:830} INFO - Processing file /home/airflow/.local/lib/python3.8/site-packages/airflow/example_dags/example_dynamic_task_mapping.py for tasks to queue
[2026-08-26T18:12:42.452+0000] {logging_mixin.py:188} INFO - [2026-08-26T18:12:42.451+0000] {dagbag.py:540} INFO - Filling up the DagBag from /home/airflow/.local/lib/python3.8/site-packages/airflow/example_dags/example_dynamic_task_mapping.py
[2026-08-26T18:12:42.465+0000] {processor.py:840} INFO - DAG(s) 'example_dynamic_task_mapping' retrieved from /home/airflow/.local/lib/python3.8/site-packages/airflow/example_dags/example_dynamic_task_mapping.py
[2026-08-26T18:12:42.503+0000] {logging_mixin.py:188} INFO - [2026-08-26T18:12:42.502+0000] {dag.py:3047} INFO - Sync 1 DAGs
[2026-08-26T18:12:42.532+0000] {logging_mixin.py:188} INFO - [2026-08-26T18:12:42.531+0000] {dag.py:3834} INFO - Setting next_dagrun for example_dynamic_task_mapping to 2022-03-04 00:00:00+00:00, run_after=2022-03-05 00:00:00+00:00
[2026-08-26T18:12:42.558+0000] {processor.py:183} INFO - Processing /home/airflow/.local/lib/python3.8/site-packages/airflow/example_dags/example_dynamic_task_mapping.py took 0.481 seconds
[2026-08-26T18:13:13.446+0000] {processor.py:161} INFO - Started process (PID=2901) to work on /home/airflow/.local/lib/python3.8/site-packages/airflow/example_dags/example_dynamic_task_mapping.py
[2026-08-26T18:13:13.448+0000] {processor.py:830} INFO - Processing file /home/airflow/.local/lib/python3.8/site-packages/airflow/example_dags/example_dynamic_task_mapping.py for tasks to queue
[2026-08-26T18:13:13.451+0000] {logging_mixin.py:188} INFO - [2026-08-26T18:13:13.450+0000] {dagbag.py:540} INFO - Filling up the DagBag from /home/airflow/.local/lib/python3.8/site-packages/airflow/example_dags/example_dynamic_task_mapping.py
[2026-08-26T18:13:13.462+0000] {processor.py:840} INFO - DAG(s) 'example_dynamic_task_mapping' retrieved from /home/airflow/.local/lib/python3.8/site-packages/airflow/example_dags/example_dynamic_task_mapping.py
[2026-08-26T18:13:13.491+0000] {logging_mixin.py:188} INFO - [2026-08-26T18:13:13.491+0000] {dag.py:3047} INFO - Sync 1 DAGs
[2026-08-26T18:13:13.518+0000] {logging_mixin.py:188} INFO - [2026-08-26T18:13:13.518+0000] {dag.py:3834} INFO - Setting next_dagrun for example_dynamic_task_mapping to 2022-03-04 00:00:00+00:00, run_after=2022-03-05 00:00:00+00:00
[2026-08-26T18:13:13.542+0000] {processor.py:183} INFO - Processing /home/airflow/.local/lib/python3.8/site-packages/airflow/example_dags/example_dynamic_task_mapping.py took 0.102 seconds
[2026-08-26T18:13:43.938+0000] {processor.py:161} INFO - Started process (PID=2958) to work on /home/airflow/.local/lib/python3.8/site-packages/airflow/example_dags/example_dynamic_task_mapping.py
[2026-08-26T18:13:43.940+0000] {processor.py:830} INFO - Processing file /home/airflow/.local/lib/python3.8/site-packages/airflow/example_dags/example_dynamic_task_mapping.py for tasks to queue
[2026-08-26T18:13:43.942+0000] {logging_mixin.py:188} INFO - [2026-08-26T18:13:43.942+0000] {dagbag.py:540} INFO - Filling up the DagBag from /home/airflow/.local/lib/python3.8/site-packages/airflow/example_dags/example_dynamic_task_mapping.py
[2026-08-26T18:13:43.950+0000] {processor.py:840} INFO - DAG(s) 'example_dynamic_task_mapping' retrieved from /home/airflow/.local/lib/python3.8/site-packages/airflow/example_dags/example_dynamic_task_mapping.py
[2026-08-26T18:13:43.975+0000] {logging_mixin.py:188} INFO - [2026-08-26T18:13:43.974+0000] {dag.py:3047} INFO - Sync 1 DAGs
[2026-08-26T18:13:43.999+0000] {logging_mixin.py:188} INFO - [2026-08-26T18:13:43.999+0000] {dag.py:3834} INFO - Setting next_dagrun for example_dynamic_task_mapping to 2022-03-04 00:00:00+00:00, run_after=2022-03-05 00:00:00+00:00
[2026-08-26T18:13:44.022+0000] {processor.py:183} INFO - Processing /home/airflow/.local/lib/python3.8/site-packages/airflow/example_dags/example_dynamic_task_mapping.py took 0.088 seconds
[2026-08-26T18:14:14.571+0000] {processor.py:161} INFO - Started process (PID=3015) to work on /home/airflow/.local/lib/python3.8/site-packages/airflow/example_dags/example_dynamic_task_mapping.py
[2026-08-26T18:14:14.573+0000] {processor.py:830} INFO - Processing file /home/airflow/.local/lib/python3.8/site-packages/airflow/example_dags/example_dynamic_task_mapping.py for tasks to queue
[2026-08-26T18:14:14.577+0000] {logging_mixin.py:188} INFO - [2026-08-26T18:14:14.576+0000] {dagbag.py:540} INFO - Filling up the DagBag from /home/airflow/.local/lib/python3.8/site-packages/airflow/example_dags/example_dynamic_task_mapping.py
[2026-08-26T18:14:14.585+0000] {processor.py:840} INFO - DAG(s) 'example_dynamic_task_mapping' retrieved from /home/airflow/.local/lib/python3.8/site-packages/airflow/example_dags/example_dynamic_task_mapping.py
[2026-08-26T18:14:14.612+0000] {logging_mixin.py:188} INFO - [2026-08-26T18:14:14.612+0000] {dag.py:3047} INFO - Sync 1 DAGs
[2026-08-26T18:14:14.644+0000] {logging_mixin.py:188} INFO - [2026-08-26T18:14:14.644+0000] {dag.py:3834} INFO - Setting next_dagrun for example_dynamic_task_mapping to 2022-03-04 00:00:00+00:00, run_after=2022-03-05 00:00:00+00:00
[2026-08-26T18:14:14.671+0000] {processor.py:183} INFO - Processing /home/airflow/.local/lib/python3.8/site-packages/airflow/example_dags/example_dynamic_task_mapping.py took 0.104 seconds
[2026-08-26T18:14:45.411+0000] {processor.py:161} INFO - Started process (PID=3072) to work on /home/airflow/.local/lib/python3.8/site-packages/airflow/example_dags/example_dynamic_task_mapping.py
[2026-08-26T18:14:45.413+0000] {processor.py:830} INFO - Processing file /home/airflow/.local/lib/python3.8/site-packages/airflow/example_dags/example_dynamic_task_mapping.py for tasks to queue
[2026-08-26T18:14:45.416+0000] {logging_mixin.py:188} INFO - [2026-08-26T18:14:45.415+0000] {dagbag.py:540} INFO - Filling up the DagBag from /home/airflow/.local/lib/python3.8/site-packages/airflow/example_dags/example_dynamic_task_mapping.py
[2026-08-26T18:14:45.426+0000] {processor.py:840} INFO - DAG(s) 'example_dynamic_task_mapping' retrieved from /home/airflow/.local/lib/python3.8/site-packages/airflow/example_dags/example_dynamic_task_mapping.py
[2026-08-26T18:14:45.451+0000] {logging_mixin.py:188} INFO - [2026-08-26T18:14:45.450+0000] {dag.py:3047} INFO - Sync 1 DAGs
[2026-08-26T18:14:45.476+0000] {logging_mixin.py:188} INFO - [2026-08-26T18:14:45.475+0000] {dag.py:3834} INFO - Setting next_dagrun for example_dynamic_task_mapping to 2022-03-04 00:00:00+00:00, run_after=2022-03-05 00:00:00+00:00
[2026-08-26T18:14:45.499+0000] {processor.py:183} INFO - Processing /home/airflow/.local/lib/python3.8/site-packages/airflow/example_dags/example_dynamic_task_mapping.py took 0.092 seconds
[2026-08-26T18:15:15.552+0000] {processor.py:161} INFO - Started process (PID=3129) to work on /home/airflow/.local/lib/python3.8/site-packages/airflow/example_dags/example_dynamic_task_mapping.py
[2026-08-26T18:15:15.554+0000] {processor.py:830} INFO - Processing file /home/airflow/.local/lib/python3.8/site-packages/airflow/example_dags/example_dynamic_task_mapping.py for tasks to queue
[2026-08-26T18:15:15.558+0000] {logging_mixin.py:188} INFO - [2026-08-26T18:15:15.558+0000] {dagbag.py:540} INFO - Filling up the DagBag from /home/airflow/.local/lib/python3.8/site-packages/airflow/example_dags/example_dynamic_task_mapping.py
[2026-08-26T18:15:15.567+0000] {processor.py:840} INFO - DAG(s) 'example_dynamic_task_mapping' retrieved from /home/airflow/.local/lib/python3.8/site-packages/airflow/example_dags/example_dynamic_task_mapping.py
[2026-08-26T18:15:15.594+0000] {logging_mixin.py:188} INFO - [2026-08-26T18:15:15.594+0000] {dag.py:3047} INFO - Sync 1 DAGs
[2026-08-26T18:15:15.760+0000] {logging_mixin.py:188} INFO - [2026-08-26T18:15:15.760+0000] {dag.py:3834} INFO - Setting next_dagrun for example_dynamic_task_mapping to 2022-03-04 00:00:00+00:00, run_after=2022-03-05 00:00:00+00:00
[2026-08-26T18:15:15.780+0000] {processor.py:183} INFO - Processing /home/airflow/.local/lib/python3.8/site-packages/airflow/example_dags/example_dynamic_task_mapping.py took 0.233 seconds
[2026-08-26T18:15:45.927+0000] {processor.py:161} INFO - Started process (PID=3186) to work on /home/airflow/.local/lib/python3.8/site-packages/airflow/example_dags/example_dynamic_task_mapping.py
[2026-08-26T18:15:45.929+0000] {processor.py:830} INFO - Processing file /home/airflow/.local/lib/python3.8/site-packages/airflow/example_dags/example_dynamic_task_mapping.py for tasks to queue
[2026-08-26T18:15:45.931+0000] {logging_mixin.py:188} INFO - [2026-08-26T18:15:45.931+0000] {dagbag.py:540} INFO - Filling up the DagBag from /home/airflow/.local/lib/python3.8/site-packages/airflow/example_dags/example_dynamic_task_mapping.py
[2026-08-26T18:15:45.938+0000] {processor.py:840} INFO - DAG(s) 'example_dynamic_task_mapping' retrieved from /home/airflow/.local/lib/python3.8/site-packages/airflow/example_dags/example_dynamic_task_mapping.py
[2026-08-26T18:15:45.962+0000] {logging_mixin.py:188} INFO - [2026-08-26T18:15:45.962+0000] {dag.py:3047} INFO - Sync 1 DAGs
[2026-08-26T18:15:46.142+0000] {logging_mixin.py:188} INFO - [2026-08-26T18:15:46.141+0000] {dag.py:3834} INFO - Setting next_dagrun for example_dynamic_task_mapping to 2022-03-04 00:00:00+00:00, run_after=2022-03-05 00:00:00+00:00
[2026-08-26T18:15:46.167+0000] {processor.py:183} INFO - Processing /home/airflow/.local/lib/python3.8/site-packages/airflow/example_dags/example_dynamic_task_mapping.py took 0.244 seconds
[2026-08-26T18:16:16.300+0000] {processor.py:161} INFO - Started process (PID=3243) to work on /home/airflow/.local/lib/python3.8/site-packages/airflow/example_dags/example_dynamic_task_mapping.py
[2026-08-26T18:16:16.302+0000] {processor.py:830} INFO - Processing file /home/airflow/.local/lib/python3.8/site-packages/airflow/example_dags/example_dynamic_task_mapping.py for tasks to queue
[2026-08-26T18:16:16.305+0000] {logging_mixin.py:188} INFO - [2026-08-26T18:16:16.305+0000] {dagbag.py:540} INFO - Filling up the DagBag from /home/airflow/.local/lib/python3.8/site-packages/airflow/example_dags/example_dynamic_task_mapping.py
[2026-08-26T18:16:16.317+0000] {processor.py:840} INFO - DAG(s) 'example_dynamic_task_mapping' retrieved from /home/airflow/.local/lib/python3.8/site-packages/airflow/example_dags/example_dynamic_task_mapping.py
[2026-08-26T18:16:16.341+0000] {logging_mixin.py:188} INFO - [2026-08-26T18:16:16.341+0000] {dag.py:3047} INFO - Sync 1 DAGs
[2026-08-26T18:16:16.378+0000] {logging_mixin.py:188} INFO - [2026-08-26T18:16:16.377+0000] {dag.py:3834} INFO - Setting next_dagrun for example_dynamic_task_mapping to 2022-03-04 00:00:00+00:00, run_after=2022-03-05 00:00:00+00:00
[2026-08-26T18:16:16.402+0000] {processor.py:183} INFO - Processing /home/airflow/.local/lib/python3.8/site-packages/airflow/example_dags/example_dynamic_task_mapping.py took 0.108 seconds
[2026-08-26T18:16:46.857+0000] {processor.py:161} INFO - Started process (PID=3300) to work on /home/airflow/.local/lib/python3.8/site-packages/airflow/example_dags/example_dynamic_task_mapping.py
[2026-08-26T18:16:46.859+0000] {processor.py:830} INFO - Processing file /home/airflow/.local/lib/python3.8/site-packages/airflow/example_dags/example_dynamic_task_mapping.py for tasks to queue
[2026-08-26T18:16:46.862+0000] {logging_mixin.py:188} INFO - [2026-08-26T18:16:46.861+0000] {dagbag.py:540} INFO - Filling up the DagBag from /home/airflow/.local/lib/python3.8/site-packages/airflow/example_dags/example_dynamic_task_mapping.py
[2026-08-26T18:16:46.871+0000] {processor.py:840} INFO - DAG(s) 'example_dynamic_task_mapping' retrieved from /home/airflow/.local/lib/python3.8/site-packages/airflow/example_dags/example_dynamic_task_mapping.py
[2026-08-26T18:16:46.898+0000] {logging_mixin.py:188} INFO - [2026-08-26T18:16:46.898+0000] {dag.py:3047} INFO - Sync 1 DAGs
[2026-08-26T18:16:46.923+0000] {logging_mixin.py:188} INFO - [2026-08-26T18:16:46.923+0000] {dag.py:3834} INFO - Setting next_dagrun for example_dynamic_task_mapping to 2022-03-04 00:00:00+00:00, run_after=2022-03-05 00:00:00+00:00
[2026-08-26T18:16:46.946+0000] {processor.py:183} INFO - Processing /home/airflow/.local/lib/python3.8/site-packages/airflow/example_dags/example_dynamic_task_mapping.py took 0.093 seconds
[2026-08-26T18:17:17.481+0000] {processor.py:161} INFO - Started process (PID=3357) to work on /home/airflow/.local/lib/python3.8/site-packages/airflow/example_dags/example_dynamic_task_mapping.py
[2026-08-26T18:17:17.483+0000] {processor.py:830} INFO - Processing file /home/airflow/.local/lib/python3.8/site-packages/airflow/example_dags/example_dynamic_task_mapping.py for tasks to queue
[2026-08-26T18:17:17.487+0000] {logging_mixin.py:188} INFO - [2026-08-26T18:17:17.487+0000] {dagbag.py:540} INFO - Filling up the DagBag from /home/airflow/.local/lib/python3.8/site-packages/airflow/example_dags/example_dynamic_task_mapping.py
[2026-08-26T18:17:17.497+0000] {processor.py:840} INFO - DAG(s) 'example_dynamic_task_mapping' retrieved from /home/airflow/.local/lib/python3.8/site-packages/airflow/example_dags/example_dynamic_task_mapping.py
[2026-08-26T18:17:17.527+0000] {logging_mixin.py:188} INFO - [2026-08-26T18:17:17.527+0000] {dag.py:3047} INFO - Sync 1 DAGs
[2026-08-26T18:17:17.558+0000] {logging_mixin.py:188} INFO - [2026-08-26T18:17:17.558+0000] {dag.py:3834} INFO - Setting next_dagrun for example_dynamic_task_mapping to 2022-03-04 00:00:00+00:00, run_after=2022-03-05 00:00:00+00:00
[2026-08-26T18:17:17.582+0000] {processor.py:183} INFO - Processing /home/airflow/.local/lib/python3.8/site-packages/airflow/example_dags/example_dynamic_task_mapping.py took 0.107 seconds
[2026-08-26T18:17:48.022+0000] {processor.py:161} INFO - Started process (PID=3414) to work on /home/airflow/.local/lib/python3.8/site-packages/airflow/example_dags/example_dynamic_task_mapping.py
[2026-08-26T18:17:48.024+0000] {processor.py:830} INFO - Processing file /home/airflow/.local/lib/python3.8/site-packages/airflow/example_dags/example_dynamic_task_mapping.py for tasks to queue
[2026-08-26T18:17:48.026+0000] {logging_mixin.py:188} INFO - [2026-08-26T18:17:48.026+0000] {dagbag.py:540} INFO - Filling up the DagBag from /home/airflow/.local/lib/python3.8/site-packages/airflow/example_dags/example_dynamic_task_mapping.py
[2026-08-26T18:17:48.033+0000] {processor.py:840} INFO - DAG(s) 'example_dynamic_task_mapping' retrieved from /home/airflow/.local/lib/python3.8/site-packages/airflow/example_dags/example_dynamic_task_mapping.py
[2026-08-26T18:17:48.061+0000] {logging_mixin.py:188} INFO - [2026-08-26T18:17:48.060+0000] {dag.py:3047} INFO - Sync 1 DAGs
[2026-08-26T18:17:48.090+0000] {logging_mixin.py:188} INFO - [2026-08-26T18:17:48.090+0000] {dag.py:3834} INFO - Setting next_dagrun for example_dynamic_task_mapping to 2022-03-04 00:00:00+00:00, run_after=2022-03-05 00:00:00+00:00
[2026-08-26T18:17:48.113+0000] {processor.py:183} INFO - Processing /home/airflow/.local/lib/python3.8/site-packages/airflow/example_dags/example_dynamic_task_mapping.py took 0.095 seconds
[2026-08-26T18:18:18.222+0000] {processor.py:161} INFO - Started process (PID=3472) to work on /home/airflow/.local/lib/python3.8/site-packages/airflow/example_dags/example_dynamic_task_mapping.py
[2026-08-26T18:18:18.224+0000] {processor.py:830} INFO - Processing file /home/airflow/.local/lib/python3.8/site-packages/airflow/example_dags/example_dynamic_task_mapping.py for tasks to queue
[2026-08-26T18:18:18.227+0000] {logging_mixin.py:188} INFO - [2026-08-26T18:18:18.227+0000] {dagbag.py:540} INFO - Filling up the DagBag from /home/airflow/.local/lib/python3.8/site-packages/airflow/example_dags/example_dynamic_task_mapping.py
[2026-08-26T18:18:18.237+0000] {processor.py:840} INFO - DAG(s) 'example_dynamic_task_mapping' retrieved from /home/airflow/.local/lib/python3.8/site-packages/airflow/example_dags/example_dynamic_task_mapping.py
[2026-08-26T18:18:18.261+0000] {logging_mixin.py:188} INFO - [2026-08-26T18:18:18.261+0000] {dag.py:3047} INFO - Sync 1 DAGs
[2026-08-26T18:18:18.287+0000] {logging_mixin.py:188} INFO - [2026-08-26T18:18:18.287+0000] {dag.py:3834} INFO - Setting next_dagrun for example_dynamic_task_mapping to 2022-03-04 00:00:00+00:00, run_after=2022-03-05 00:00:00+00:00
[2026-08-26T18:18:18.312+0000] {processor.py:183} INFO - Processing /home/airflow/.local/lib/python3.8/site-packages/airflow/example_dags/example_dynamic_task_mapping.py took 0.094 seconds
[2026-08-26T18:18:48.758+0000] {processor.py:161} INFO - Started process (PID=3530) to work on /home/airflow/.local/lib/python3.8/site-packages/airflow/example_dags/example_dynamic_task_mapping.py
[2026-08-26T18:18:48.760+0000] {processor.py:830} INFO - Processing file /home/airflow/.local/lib/python3.8/site-packages/airflow/example_dags/example_dynamic_task_mapping.py for tasks to queue
[2026-08-26T18:18:48.762+0000] {logging_mixin.py:188} INFO - [2026-08-26T18:18:48.762+0000] {dagbag.py:540} INFO - Filling up the DagBag from /home/airflow/.local/lib/python3.8/site-packages/airflow/example_dags/example_dynamic_task_mapping.py
[2026-08-26T18:18:48.775+0000] {processor.py:840} INFO - DAG(s) 'example_dynamic_task_mapping' retrieved from /home/airflow/.local/lib/python3.8/site-packages/airflow/example_dags/example_dynamic_task_mapping.py
[2026-08-26T18:18:48.805+0000] {logging_mixin.py:188} INFO - [2026-08-26T18:18:48.804+0000] {dag.py:3047} INFO - Sync 1 DAGs
[2026-08-26T18:18:48.832+0000] {logging_mixin.py:188} INFO - [2026-08-26T18:18:48.831+0000] {dag.py:3834} INFO - Setting next_dagrun for example_dynamic_task_mapping to 2022-03-04 00:00:00+00:00, run_after=2022-03-05 00:00:00+00:00
[2026-08-26T18:18:48.854+0000] {processor.py:183} INFO - Processing /home/airflow/.local/lib/python3.8/site-packages/airflow/example_dags/example_dynamic_task_mapping.py took 0.101 seconds
[2026-08-26T18:19:19.281+0000] {processor.py:161} INFO - Started process (PID=3588) to work on /home/airflow/.local/lib/python3.8/site-packages/airflow/example_dags/example_dynamic_task_mapping.py
[2026-08-26T18:19:19.283+0000] {processor.py:830} INFO - Processing file /home/airflow/.local/lib/python3.8/site-packages/airflow/example_dags/example_dynamic_task_mapping.py for tasks to queue
[2026-08-26T18:19:19.287+0000] {logging_mixin.py:188} INFO - [2026-08-26T18:19:19.287+0000] {dagbag.py:540} INFO - Filling up the DagBag from /home/airflow/.local/lib/python3.8/site-packages/airflow/example_dags/example_dynamic_task_mapping.py
[2026-08-26T18:19:19.297+0000] {processor.py:840} INFO - DAG(s) 'example_dynamic_task_mapping' retrieved from /home/airflow/.local/lib/python3.8/site-packages/airflow/example_dags/example_dynamic_task_mapping.py
[2026-08-26T18:19:19.325+0000] {logging_mixin.py:188} INFO - [2026-08-26T18:19:19.324+0000] {dag.py:3047} INFO - Sync 1 DAGs
[2026-08-26T18:19:19.354+0000] {logging_mixin.py:188} INFO - [2026-08-26T18:19:19.354+0000] {dag.py:3834} INFO - Setting next_dagrun for example_dynamic_task_mapping to 2022-03-04 00:00:00+00:00, run_after=2022-03-05 00:00:00+00:00
[2026-08-26T18:19:19.382+0000] {processor.py:183} INFO - Processing /home/airflow/.local/lib/python3.8/site-packages/airflow/example_dags/example_dynamic_task_mapping.py took 0.106 seconds
[2026-08-26T18:19:49.956+0000] {processor.py:161} INFO - Started process (PID=3645) to work on /home/airflow/.local/lib/python3.8/site-packages/airflow/example_dags/example_dynamic_task_mapping.py
[2026-08-26T18:19:49.958+0000] {processor.py:830} INFO - Processing file /home/airflow/.local/lib/python3.8/site-packages/airflow/example_dags/example_dynamic_task_mapping.py for tasks to queue
[2026-08-26T18:19:49.960+0000] {logging_mixin.py:188} INFO - [2026-08-26T18:19:49.960+0000] {dagbag.py:540} INFO - Filling up the DagBag from /home/airflow/.local/lib/python3.8/site-packages/airflow/example_dags/example_dynamic_task_mapping.py
[2026-08-26T18:19:49.968+0000] {processor.py:840} INFO - DAG(s) 'example_dynamic_task_mapping' retrieved from /home/airflow/.local/lib/python3.8/site-packages/airflow/example_dags/example_dynamic_task_mapping.py
[2026-08-26T18:19:49.995+0000] {logging_mixin.py:188} INFO - [2026-08-26T18:19:49.995+0000] {dag.py:3047} INFO - Sync 1 DAGs
[2026-08-26T18:19:50.020+0000] {logging_mixin.py:188} INFO - [2026-08-26T18:19:50.020+0000] {dag.py:3834} INFO - Setting next_dagrun for example_dynamic_task_mapping to 2022-03-04 00:00:00+00:00, run_after=2022-03-05 00:00:00+00:00
[2026-08-26T18:19:50.043+0000] {processor.py:183} INFO - Processing /home/airflow/.local/lib/python3.8/site-packages/airflow/example_dags/example_dynamic_task_mapping.py took 0.091 seconds
[2026-08-26T18:20:20.807+0000] {processor.py:161} INFO - Started process (PID=3702) to work on /home/airflow/.local/lib/python3.8/site-packages/airflow/example_dags/example_dynamic_task_mapping.py
[2026-08-26T18:20:20.809+0000] {processor.py:830} INFO - Processing file /home/airflow/.local/lib/python3.8/site-packages/airflow/example_dags/example_dynamic_task_mapping.py for tasks to queue
[2026-08-26T18:20:20.812+0000] {logging_mixin.py:188} INFO - [2026-08-26T18:20:20.812+0000] {dagbag.py:540} INFO - Filling up the DagBag from /home/airflow/.local/lib/python3.8/site-packages/airflow/example_dags/example_dynamic_task_mapping.py
[2026-08-26T18:20:20.819+0000] {processor.py:840} INFO - DAG(s) 'example_dynamic_task_mapping' retrieved from /home/airflow/.local/lib/python3.8/site-packages/airflow/example_dags/example_dynamic_task_mapping.py
[2026-08-26T18:20:20.842+0000] {logging_mixin.py:188} INFO - [2026-08-26T18:20:20.842+0000] {dag.py:3047} INFO - Sync 1 DAGs
[2026-08-26T18:20:20.867+0000] {logging_mixin.py:188} INFO - [2026-08-26T18:20:20.867+0000] {dag.py:3834} INFO - Setting next_dagrun for example_dynamic_task_mapping to 2022-03-04 00:00:00+00:00, run_after=2022-03-05 00:00:00+00:00
[2026-08-26T18:20:20.890+0000] {processor.py:183} INFO - Processing /home/airflow/.local/lib/python3.8/site-packages/airflow/example_dags/example_dynamic_task_mapping.py took 0.087 seconds
[2026-08-26T18:20:51.364+0000] {processor.py:161} INFO - Started process (PID=3759) to work on /home/airflow/.local/lib/python3.8/site-packages/airflow/example_dags/example_dynamic_task_mapping.py
[2026-08-26T18:20:51.366+0000] {processor.py:830} INFO - Processing file /home/airflow/.local/lib/python3.8/site-packages/airflow/example_dags/example_dynamic_task_mapping.py for tasks to queue
[2026-08-26T18:20:51.369+0000] {logging_mixin.py:188} INFO - [2026-08-26T18:20:51.369+0000] {dagbag.py:540} INFO - Filling up the DagBag from /home/airflow/.local/lib/python3.8/site-packages/airflow/example_dags/example_dynamic_task_mapping.py
[2026-08-26T18:20:51.379+0000] {processor.py:840} INFO - DAG(s) 'example_dynamic_task_mapping' retrieved from /home/airflow/.local/lib/python3.8/site-packages/airflow/example_dags/example_dynamic_task_mapping.py
[2026-08-26T18:20:51.408+0000] {logging_mixin.py:188} INFO - [2026-08-26T18:20:51.408+0000] {dag.py:3047} INFO - Sync 1 DAGs
[2026-08-26T18:20:51.437+0000] {logging_mixin.py:188} INFO - [2026-08-26T18:20:51.437+0000] {dag.py:3834} INFO - Setting next_dagrun for example_dynamic_task_mapping to 2022-03-04 00:00:00+00:00, run_after=2022-03-05 00:00:00+00:00
[2026-08-26T18:20:51.462+0000] {processor.py:183} INFO - Processing /home/airflow/.local/lib/python3.8/site-packages/airflow/example_dags/example_dynamic_task_mapping.py took 0.103 seconds
[2026-08-26T18:21:21.975+0000] {processor.py:161} INFO - Started process (PID=3816) to work on /home/airflow/.local/lib/python3.8/site-packages/airflow/example_dags/example_dynamic_task_mapping.py
[2026-08-26T18:21:21.977+0000] {processor.py:830} INFO - Processing file /home/airflow/.local/lib/python3.8/site-packages/airflow/example_dags/example_dynamic_task_mapping.py for tasks to queue
[2026-08-26T18:21:21.980+0000] {logging_mixin.py:188} INFO - [2026-08-26T18:21:21.979+0000] {dagbag.py:540} INFO - Filling up the DagBag from /home/airflow/.local/lib/python3.8/site-packages/airflow/example_dags/example_dynamic_task_mapping.py
[2026-08-26T18:21:21.988+0000] {processor.py:840} INFO - DAG(s) 'example_dynamic_task_mapping' retrieved from /home/airflow/.local/lib/python3.8/site-packages/airflow/example_dags/example_dynamic_task_mapping.py
[2026-08-26T18:21:22.014+0000] {logging_mixin.py:188} INFO - [2026-08-26T18:21:22.014+0000] {dag.py:3047} INFO - Sync 1 DAGs
[2026-08-26T18:21:22.045+0000] {logging_mixin.py:188} INFO - [2026-08-26T18:21:22.045+0000] {dag.py:3834} INFO - Setting next_dagrun for example_dynamic_task_mapping to 2022-03-04 00:00:00+00:00, run_after=2022-03-05 00:00:00+00:00
[2026-08-26T18:21:22.075+0000] {processor.py:183} INFO - Processing /home/airflow/.local/lib/python3.8/site-packages/airflow/example_dags/example_dynamic_task_mapping.py took 0.104 seconds
[2026-08-26T18:21:52.420+0000] {processor.py:161} INFO - Started process (PID=3873) to work on /home/airflow/.local/lib/python3.8/site-packages/airflow/example_dags/example_dynamic_task_mapping.py
[2026-08-26T18:21:52.422+0000] {processor.py:830} INFO - Processing file /home/airflow/.local/lib/python3.8/site-packages/airflow/example_dags/example_dynamic_task_mapping.py for tasks to queue
[2026-08-26T18:21:52.425+0000] {logging_mixin.py:188} INFO - [2026-08-26T18:21:52.425+0000] {dagbag.py:540} INFO - Filling up the DagBag from /home/airflow/.local/lib/python3.8/site-packages/airflow/example_dags/example_dynamic_task_mapping.py
[2026-08-26T18:21:52.436+0000] {processor.py:840} INFO - DAG(s) 'example_dynamic_task_mapping' retrieved from /home/airflow/.local/lib/python3.8/site-packages/airflow/example_dags/example_dynamic_task_mapping.py
[2026-08-26T18:21:52.463+0000] {logging_mixin.py:188} INFO - [2026-08-26T18:21:52.463+0000] {dag.py:3047} INFO - Sync 1 DAGs
[2026-08-26T18:21:52.488+0000] {logging_mixin.py:188} INFO - [2026-08-26T18:21:52.487+0000] {dag.py:3834} INFO - Setting next_dagrun for example_dynamic_task_mapping to 2022-03-04 00:00:00+00:00, run_after=2022-03-05 00:00:00+00:00
[2026-08-26T18:21:52.512+0000] {processor.py:183} INFO - Processing /home/airflow/.local/lib/python3.8/site-packages/airflow/example_dags/example_dynamic_task_mapping.py took 0.096 seconds
[2026-08-26T18:22:22.958+0000] {processor.py:161} INFO - Started process (PID=3930) to work on /home/airflow/.local/lib/python3.8/site-packages/airflow/example_dags/example_dynamic_task_mapping.py
[2026-08-26T18:22:22.961+0000] {processor.py:830} INFO - Processing file /home/airflow/.local/lib/python3.8/site-packages/airflow/example_dags/example_dynamic_task_mapping.py for tasks to queue
[2026-08-26T18:22:22.964+0000] {logging_mixin.py:188} INFO - [2026-08-26T18:22:22.963+0000] {dagbag.py:540} INFO - Filling up the DagBag from /home/airflow/.local/lib/python3.8/site-packages/airflow/example_dags/example_dynamic_task_mapping.py
[2026-08-26T18:22:22.974+0000] {processor.py:840} INFO - DAG(s) 'example_dynamic_task_mapping' retrieved from /home/airflow/.local/lib/python3.8/site-packages/airflow/example_dags/example_dynamic_task_mapping.py
[2026-08-26T18:22:23.001+0000] {logging_mixin.py:188} INFO - [2026-08-26T18:22:23.001+0000] {dag.py:3047} INFO - Sync 1 DAGs
[2026-08-26T18:22:23.030+0000] {logging_mixin.py:188} INFO - [2026-08-26T18:22:23.030+0000] {dag.py:3834} INFO - Setting next_dagrun for example_dynamic_task_mapping to 2022-03-04 00:00:00+00:00, run_after=2022-03-05 00:00:00+00:00
[2026-08-26T18:22:23.053+0000] {processor.py:183} INFO - Processing /home/airflow/.local/lib/python3.8/site-packages/airflow/example_dags/example_dynamic_task_mapping.py took 0.100 seconds
[2026-08-26T18:22:53.296+0000] {processor.py:161} INFO - Started process (PID=3987) to work on /home/airflow/.local/lib/python3.8/site-packages/airflow/example_dags/example_dynamic_task_mapping.py
[2026-08-26T18:22:53.298+0000] {processor.py:830} INFO - Processing file /home/airflow/.local/lib/python3.8/site-packages/airflow/example_dags/example_dynamic_task_mapping.py for tasks to queue
[2026-08-26T18:22:53.301+0000] {logging_mixin.py:188} INFO - [2026-08-26T18:22:53.301+0000] {dagbag.py:540} INFO - Filling up the DagBag from /home/airflow/.local/lib/python3.8/site-packages/airflow/example_dags/example_dynamic_task_mapping.py
[2026-08-26T18:22:53.312+0000] {processor.py:840} INFO - DAG(s) 'example_dynamic_task_mapping' retrieved from /home/airflow/.local/lib/python3.8/site-packages/airflow/example_dags/example_dynamic_task_mapping.py
[2026-08-26T18:22:53.341+0000] {logging_mixin.py:188} INFO - [2026-08-26T18:22:53.340+0000] {dag.py:3047} INFO - Sync 1 DAGs
[2026-08-26T18:22:53.368+0000] {logging_mixin.py:188} INFO - [2026-08-26T18:22:53.368+0000] {dag.py:3834} INFO - Setting next_dagrun for example_dynamic_task_mapping to 2022-03-04 00:00:00+00:00, run_after=2022-03-05 00:00:00+00:00
[2026-08-26T18:22:53.396+0000] {processor.py:183} INFO - Processing /home/airflow/.local/lib/python3.8/site-packages/airflow/example_dags/example_dynamic_task_mapping.py took 0.106 seconds
[2026-08-26T18:23:23.855+0000] {processor.py:161} INFO - Started process (PID=4044) to work on /home/airflow/.local/lib/python3.8/site-packages/airflow/example_dags/example_dynamic_task_mapping.py
[2026-08-26T18:23:23.857+0000] {processor.py:830} INFO - Processing file /home/airflow/.local/lib/python3.8/site-packages/airflow/example_dags/example_dynamic_task_mapping.py for tasks to queue
[2026-08-26T18:23:23.860+0000] {logging_mixin.py:188} INFO - [2026-08-26T18:23:23.860+0000] {dagbag.py:540} INFO - Filling up the DagBag from /home/airflow/.local/lib/python3.8/site-packages/airflow/example_dags/example_dynamic_task_mapping.py
[2026-08-26T18:23:23.871+0000] {processor.py:840} INFO - DAG(s) 'example_dynamic_task_mapping' retrieved from /home/airflow/.local/lib/python3.8/site-packages/airflow/example_dags/example_dynamic_task_mapping.py
[2026-08-26T18:23:23.900+0000] {logging_mixin.py:188} INFO - [2026-08-26T18:23:23.900+0000] {dag.py:3047} INFO - Sync 1 DAGs
[2026-08-26T18:23:23.939+0000] {logging_mixin.py:188} INFO - [2026-08-26T18:23:23.939+0000] {dag.py:3834} INFO - Setting next_dagrun for example_dynamic_task_mapping to 2022-03-04 00:00:00+00:00, run_after=2022-03-05 00:00:00+00:00
[2026-08-26T18:23:23.966+0000] {processor.py:183} INFO - Processing /home/airflow/.local/lib/python3.8/site-packages/airflow/example_dags/example_dynamic_task_mapping.py took 0.119 seconds
[2026-08-26T18:23:54.157+0000] {processor.py:161} INFO - Started process (PID=4101) to work on /home/airflow/.local/lib/python3.8/site-packages/airflow/example_dags/example_dynamic_task_mapping.py
[2026-08-26T18:23:54.159+0000] {processor.py:830} INFO - Processing file /home/airflow/.local/lib/python3.8/site-packages/airflow/example_dags/example_dynamic_task_mapping.py for tasks to queue
[2026-08-26T18:23:54.163+0000] {logging_mixin.py:188} INFO - [2026-08-26T18:23:54.163+0000] {dagbag.py:540} INFO - Filling up the DagBag from /home/airflow/.local/lib/python3.8/site-packages/airflow/example_dags/example_dynamic_task_mapping.py
[2026-08-26T18:23:54.174+0000] {processor.py:840} INFO - DAG(s) 'example_dynamic_task_mapping' retrieved from /home/airflow/.local/lib/python3.8/site-packages/airflow/example_dags/example_dynamic_task_mapping.py
[2026-08-26T18:23:54.203+0000] {logging_mixin.py:188} INFO - [2026-08-26T18:23:54.203+0000] {dag.py:3047} INFO - Sync 1 DAGs
[2026-08-26T18:23:54.228+0000] {logging_mixin.py:188} INFO - [2026-08-26T18:23:54.228+0000] {dag.py:3834} INFO - Setting next_dagrun for example_dynamic_task_mapping to 2022-03-04 00:00:00+00:00, run_after=2022-03-05 00:00:00+00:00
[2026-08-26T18:23:54.254+0000] {processor.py:183} INFO - Processing /home/airflow/.local/lib/python3.8/site-packages/airflow/example_dags/example_dynamic_task_mapping.py took 0.102 seconds
[2026-08-26T18:24:25.073+0000] {processor.py:161} INFO - Started process (PID=4158) to work on /home/airflow/.local/lib/python3.8/site-packages/airflow/example_dags/example_dynamic_task_mapping.py
[2026-08-26T18:24:25.075+0000] {processor.py:830} INFO - Processing file /home/airflow/.local/lib/python3.8/site-packages/airflow/example_dags/example_dynamic_task_mapping.py for tasks to queue
[2026-08-26T18:24:25.078+0000] {logging_mixin.py:188} INFO - [2026-08-26T18:24:25.078+0000] {dagbag.py:540} INFO - Filling up the DagBag from /home/airflow/.local/lib/python3.8/site-packages/airflow/example_dags/example_dynamic_task_mapping.py
[2026-08-26T18:24:25.087+0000] {processor.py:840} INFO - DAG(s) 'example_dynamic_task_mapping' retrieved from /home/airflow/.local/lib/python3.8/site-packages/airflow/example_dags/example_dynamic_task_mapping.py
[2026-08-26T18:24:25.118+0000] {logging_mixin.py:188} INFO - [2026-08-26T18:24:25.117+0000] {dag.py:3047} INFO - Sync 1 DAGs
[2026-08-26T18:24:25.142+0000] {logging_mixin.py:188} INFO - [2026-08-26T18:24:25.142+0000] {dag.py:3834} INFO - Setting next_dagrun for example_dynamic_task_mapping to 2022-03-04 00:00:00+00:00, run_after=2022-03-05 00:00:00+00:00
[2026-08-26T18:24:25.168+0000] {processor.py:183} INFO - Processing /home/airflow/.local/lib/python3.8/site-packages/airflow/example_dags/example_dynamic_task_mapping.py took 0.101 seconds
[2026-08-26T18:24:55.431+0000] {processor.py:161} INFO - Started process (PID=4215) to work on /home/airflow/.local/lib/python3.8/site-packages/airflow/example_dags/example_dynamic_task_mapping.py
[2026-08-26T18:24:55.433+0000] {processor.py:830} INFO - Processing file /home/airflow/.local/lib/python3.8/site-packages/airflow/example_dags/example_dynamic_task_mapping.py for tasks to queue
[2026-08-26T18:24:55.435+0000] {logging_mixin.py:188} INFO - [2026-08-26T18:24:55.435+0000] {dagbag.py:540} INFO - Filling up the DagBag from /home/airflow/.local/lib/python3.8/site-packages/airflow/example_dags/example_dynamic_task_mapping.py
[2026-08-26T18:24:55.445+0000] {processor.py:840} INFO - DAG(s) 'example_dynamic_task_mapping' retrieved from /home/airflow/.local/lib/python3.8/site-packages/airflow/example_dags/example_dynamic_task_mapping.py
[2026-08-26T18:24:55.476+0000] {logging_mixin.py:188} INFO - [2026-08-26T18:24:55.475+0000] {dag.py:3047} INFO - Sync 1 DAGs
[2026-08-26T18:24:55.502+0000] {logging_mixin.py:188} INFO - [2026-08-26T18:24:55.502+0000] {dag.py:3834} INFO - Setting next_dagrun for example_dynamic_task_mapping to 2022-03-04 00:00:00+00:00, run_after=2022-03-05 00:00:00+00:00
[2026-08-26T18:24:55.529+0000] {processor.py:183} INFO - Processing /home/airflow/.local/lib/python3.8/site-packages/airflow/example_dags/example_dynamic_task_mapping.py took 0.103 seconds
[2026-08-26T18:25:25.726+0000] {processor.py:161} INFO - Started process (PID=4272) to work on /home/airflow/.local/lib/python3.8/site-packages/airflow/example_dags/example_dynamic_task_mapping.py
[2026-08-26T18:25:25.728+0000] {processor.py:830} INFO - Processing file /home/airflow/.local/lib/python3.8/site-packages/airflow/example_dags/example_dynamic_task_mapping.py for tasks to queue
[2026-08-26T18:25:25.731+0000] {logging_mixin.py:188} INFO - [2026-08-26T18:25:25.731+0000] {dagbag.py:540} INFO - Filling up the DagBag from /home/airflow/.local/lib/python3.8/site-packages/airflow/example_dags/example_dynamic_task_mapping.py
[2026-08-26T18:25:25.741+0000] {processor.py:840} INFO - DAG(s) 'example_dynamic_task_mapping' retrieved from /home/airflow/.local/lib/python3.8/site-packages/airflow/example_dags/example_dynamic_task_mapping.py
[2026-08-26T18:25:25.767+0000] {logging_mixin.py:188} INFO - [2026-08-26T18:25:25.767+0000] {dag.py:3047} INFO - Sync 1 DAGs
[2026-08-26T18:25:25.795+0000] {logging_mixin.py:188} INFO - [2026-08-26T18:25:25.795+0000] {dag.py:3834} INFO - Setting next_dagrun for example_dynamic_task_mapping to 2022-03-04 00:00:00+00:00, run_after=2022-03-05 00:00:00+00:00
[2026-08-26T18:25:25.820+0000] {processor.py:183} INFO - Processing /home/airflow/.local/lib/python3.8/site-packages/airflow/example_dags/example_dynamic_task_mapping.py took 0.098 seconds
[2026-08-26T18:25:56.560+0000] {processor.py:161} INFO - Started process (PID=4329) to work on /home/airflow/.local/lib/python3.8/site-packages/airflow/example_dags/example_dynamic_task_mapping.py
[2026-08-26T18:25:56.562+0000] {processor.py:830} INFO - Processing file /home/airflow/.local/lib/python3.8/site-packages/airflow/example_dags/example_dynamic_task_mapping.py for tasks to queue
[2026-08-26T18:25:56.565+0000] {logging_mixin.py:188} INFO - [2026-08-26T18:25:56.564+0000] {dagbag.py:540} INFO - Filling up the DagBag from /home/airflow/.local/lib/python3.8/site-packages/airflow/example_dags/example_dynamic_task_mapping.py
[2026-08-26T18:25:56.573+0000] {processor.py:840} INFO - DAG(s) 'example_dynamic_task_mapping' retrieved from /home/airflow/.local/lib/python3.8/site-packages/airflow/example_dags/example_dynamic_task_mapping.py
[2026-08-26T18:25:56.599+0000] {logging_mixin.py:188} INFO - [2026-08-26T18:25:56.599+0000] {dag.py:3047} INFO - Sync 1 DAGs
[2026-08-26T18:25:56.628+0000] {logging_mixin.py:188} INFO - [2026-08-26T18:25:56.628+0000] {dag.py:3834} INFO - Setting next_dagrun for example_dynamic_task_mapping to 2022-03-04 00:00:00+00:00, run_after=2022-03-05 00:00:00+00:00
[2026-08-26T18:25:56.652+0000] {processor.py:183} INFO - Processing /home/airflow/.local/lib/python3.8/site-packages/airflow/example_dags/example_dynamic_task_mapping.py took 0.095 seconds
[2026-08-26T18:26:27.148+0000] {processor.py:161} INFO - Started process (PID=4386) to work on /home/airflow/.local/lib/python3.8/site-packages/airflow/example_dags/example_dynamic_task_mapping.py
[2026-08-26T18:26:27.150+0000] {processor.py:830} INFO - Processing file /home/airflow/.local/lib/python3.8/site-packages/airflow/example_dags/example_dynamic_task_mapping.py for tasks to queue
[2026-08-26T18:26:27.154+0000] {logging_mixin.py:188} INFO - [2026-08-26T18:26:27.154+0000] {dagbag.py:540} INFO - Filling up the DagBag from /home/airflow/.local/lib/python3.8/site-packages/airflow/example_dags/example_dynamic_task_mapping.py
[2026-08-26T18:26:27.164+0000] {processor.py:840} INFO - DAG(s) 'example_dynamic_task_mapping' retrieved from /home/airflow/.local/lib/python3.8/site-packages/airflow/example_dags/example_dynamic_task_mapping.py
[2026-08-26T18:26:27.190+0000] {logging_mixin.py:188} INFO - [2026-08-26T18:26:27.190+0000] {dag.py:3047} INFO - Sync 1 DAGs
[2026-08-26T18:26:27.215+0000] {logging_mixin.py:188} INFO - [2026-08-26T18:26:27.215+0000] {dag.py:3834} INFO - Setting next_dagrun for example_dynamic_task_mapping to 2022-03-04 00:00:00+00:00, run_after=2022-03-05 00:00:00+00:00
[2026-08-26T18:26:27.242+0000] {processor.py:183} INFO - Processing /home/airflow/.local/lib/python3.8/site-packages/airflow/example_dags/example_dynamic_task_mapping.py took 0.098 seconds
[2026-08-26T18:26:57.900+0000] {processor.py:161} INFO - Started process (PID=4443) to work on /home/airflow/.local/lib/python3.8/site-packages/airflow/example_dags/example_dynamic_task_mapping.py
[2026-08-26T18:26:57.902+0000] {processor.py:830} INFO - Processing file /home/airflow/.local/lib/python3.8/site-packages/airflow/example_dags/example_dynamic_task_mapping.py for tasks to queue
[2026-08-26T18:26:57.906+0000] {logging_mixin.py:188} INFO - [2026-08-26T18:26:57.905+0000] {dagbag.py:540} INFO - Filling up the DagBag from /home/airflow/.local/lib/python3.8/site-packages/airflow/example_dags/example_dynamic_task_mapping.py
[2026-08-26T18:26:57.914+0000] {processor.py:840} INFO - DAG(s) 'example_dynamic_task_mapping' retrieved from /home/airflow/.local/lib/python3.8/site-packages/airflow/example_dags/example_dynamic_task_mapping.py
[2026-08-26T18:26:57.942+0000] {logging_mixin.py:188} INFO - [2026-08-26T18:26:57.942+0000] {dag.py:3047} INFO - Sync 1 DAGs
[2026-08-26T18:26:57.970+0000] {logging_mixin.py:188} INFO - [2026-08-26T18:26:57.969+0000] {dag.py:3834} INFO - Setting next_dagrun for example_dynamic_task_mapping to 2022-03-04 00:00:00+00:00, run_after=2022-03-05 00:00:00+00:00
[2026-08-26T18:26:57.993+0000] {processor.py:183} INFO - Processing /home/airflow/.local/lib/python3.8/site-packages/airflow/example_dags/example_dynamic_task_mapping.py took 0.098 seconds
[2026-08-26T18:27:28.438+0000] {processor.py:161} INFO - Started process (PID=4500) to work on /home/airflow/.local/lib/python3.8/site-packages/airflow/example_dags/example_dynamic_task_mapping.py
[2026-08-26T18:27:28.440+0000] {processor.py:830} INFO - Processing file /home/airflow/.local/lib/python3.8/site-packages/airflow/example_dags/example_dynamic_task_mapping.py for tasks to queue
[2026-08-26T18:27:28.443+0000] {logging_mixin.py:188} INFO - [2026-08-26T18:27:28.442+0000] {dagbag.py:540} INFO - Filling up the DagBag from /home/airflow/.local/lib/python3.8/site-packages/airflow/example_dags/example_dynamic_task_mapping.py
[2026-08-26T18:27:28.453+0000] {processor.py:840} INFO - DAG(s) 'example_dynamic_task_mapping' retrieved from /home/airflow/.local/lib/python3.8/site-packages/airflow/example_dags/example_dynamic_task_mapping.py
[2026-08-26T18:27:28.484+0000] {logging_mixin.py:188} INFO - [2026-08-26T18:27:28.484+0000] {dag.py:3047} INFO - Sync 1 DAGs
[2026-08-26T18:27:28.512+0000] {logging_mixin.py:188} INFO - [2026-08-26T18:27:28.512+0000] {dag.py:3834} INFO - Setting next_dagrun for example_dynamic_task_mapping to 2022-03-04 00:00:00+00:00, run_after=2022-03-05 00:00:00+00:00
[2026-08-26T18:27:28.543+0000] {processor.py:183} INFO - Processing /home/airflow/.local/lib/python3.8/site-packages/airflow/example_dags/example_dynamic_task_mapping.py took 0.110 seconds
[2026-08-26T18:27:59.219+0000] {processor.py:161} INFO - Started process (PID=4557) to work on /home/airflow/.local/lib/python3.8/site-packages/airflow/example_dags/example_dynamic_task_mapping.py
[2026-08-26T18:27:59.221+0000] {processor.py:830} INFO - Processing file /home/airflow/.local/lib/python3.8/site-packages/airflow/example_dags/example_dynamic_task_mapping.py for tasks to queue
[2026-08-26T18:27:59.224+0000] {logging_mixin.py:188} INFO - [2026-08-26T18:27:59.224+0000] {dagbag.py:540} INFO - Filling up the DagBag from /home/airflow/.local/lib/python3.8/site-packages/airflow/example_dags/example_dynamic_task_mapping.py
[2026-08-26T18:27:59.232+0000] {processor.py:840} INFO - DAG(s) 'example_dynamic_task_mapping' retrieved from /home/airflow/.local/lib/python3.8/site-packages/airflow/example_dags/example_dynamic_task_mapping.py
[2026-08-26T18:27:59.256+0000] {logging_mixin.py:188} INFO - [2026-08-26T18:27:59.256+0000] {dag.py:3047} INFO - Sync 1 DAGs
[2026-08-26T18:27:59.285+0000] {logging_mixin.py:188} INFO - [2026-08-26T18:27:59.284+0000] {dag.py:3834} INFO - Setting next_dagrun for example_dynamic_task_mapping to 2022-03-04 00:00:00+00:00, run_after=2022-03-05 00:00:00+00:00
[2026-08-26T18:27:59.307+0000] {processor.py:183} INFO - Processing /home/airflow/.local/lib/python3.8/site-packages/airflow/example_dags/example_dynamic_task_mapping.py took 0.093 seconds
[2026-08-26T18:28:29.831+0000] {processor.py:161} INFO - Started process (PID=4614) to work on /home/airflow/.local/lib/python3.8/site-packages/airflow/example_dags/example_dynamic_task_mapping.py
[2026-08-26T18:28:29.833+0000] {processor.py:830} INFO - Processing file /home/airflow/.local/lib/python3.8/site-packages/airflow/example_dags/example_dynamic_task_mapping.py for tasks to queue
[2026-08-26T18:28:29.836+0000] {logging_mixin.py:188} INFO - [2026-08-26T18:28:29.836+0000] {dagbag.py:540} INFO - Filling up the DagBag from /home/airflow/.local/lib/python3.8/site-packages/airflow/example_dags/example_dynamic_task_mapping.py
[2026-08-26T18:28:29.847+0000] {processor.py:840} INFO - DAG(s) 'example_dynamic_task_mapping' retrieved from /home/airflow/.local/lib/python3.8/site-packages/airflow/example_dags/example_dynamic_task_mapping.py
[2026-08-26T18:28:29.872+0000] {logging_mixin.py:188} INFO - [2026-08-26T18:28:29.872+0000] {dag.py:3047} INFO - Sync 1 DAGs
[2026-08-26T18:28:29.900+0000] {logging_mixin.py:188} INFO - [2026-08-26T18:28:29.900+0000] {dag.py:3834} INFO - Setting next_dagrun for example_dynamic_task_mapping to 2022-03-04 00:00:00+00:00, run_after=2022-03-05 00:00:00+00:00
[2026-08-26T18:28:29.928+0000] {processor.py:183} INFO - Processing /home/airflow/.local/lib/python3.8/site-packages/airflow/example_dags/example_dynamic_task_mapping.py took 0.102 seconds
[2026-08-26T18:29:00.771+0000] {processor.py:161} INFO - Started process (PID=4671) to work on /home/airflow/.local/lib/python3.8/site-packages/airflow/example_dags/example_dynamic_task_mapping.py
[2026-08-26T18:29:00.774+0000] {processor.py:830} INFO - Processing file /home/airflow/.local/lib/python3.8/site-packages/airflow/example_dags/example_dynamic_task_mapping.py for tasks to queue
[2026-08-26T18:29:00.778+0000] {logging_mixin.py:188} INFO - [2026-08-26T18:29:00.778+0000] {dagbag.py:540} INFO - Filling up the DagBag from /home/airflow/.local/lib/python3.8/site-packages/airflow/example_dags/example_dynamic_task_mapping.py
[2026-08-26T18:29:00.787+0000] {processor.py:840} INFO - DAG(s) 'example_dynamic_task_mapping' retrieved from /home/airflow/.local/lib/python3.8/site-packages/airflow/example_dags/example_dynamic_task_mapping.py
[2026-08-26T18:29:00.815+0000] {logging_mixin.py:188} INFO - [2026-08-26T18:29:00.815+0000] {dag.py:3047} INFO - Sync 1 DAGs
[2026-08-26T18:29:00.849+0000] {logging_mixin.py:188} INFO - [2026-08-26T18:29:00.849+0000] {dag.py:3834} INFO - Setting next_dagrun for example_dynamic_task_mapping to 2022-03-04 00:00:00+00:00, run_after=2022-03-05 00:00:00+00:00
[2026-08-26T18:29:00.876+0000] {processor.py:183} INFO - Processing /home/airflow/.local/lib/python3.8/site-packages/airflow/example_dags/example_dynamic_task_mapping.py took 0.111 seconds
[2026-08-26T18:29:31.014+0000] {processor.py:161} INFO - Started process (PID=4728) to work on /home/airflow/.local/lib/python3.8/site-packages/airflow/example_dags/example_dynamic_task_mapping.py
[2026-08-26T18:29:31.016+0000] {processor.py:830} INFO - Processing file /home/airflow/.local/lib/python3.8/site-packages/airflow/example_dags/example_dynamic_task_mapping.py for tasks to queue
[2026-08-26T18:29:31.020+0000] {logging_mixin.py:188} INFO - [2026-08-26T18:29:31.020+0000] {dagbag.py:540} INFO - Filling up the DagBag from /home/airflow/.local/lib/python3.8/site-packages/airflow/example_dags/example_dynamic_task_mapping.py
[2026-08-26T18:29:31.029+0000] {processor.py:840} INFO - DAG(s) 'example_dynamic_task_mapping' retrieved from /home/airflow/.local/lib/python3.8/site-packages/airflow/example_dags/example_dynamic_task_mapping.py
[2026-08-26T18:29:31.057+0000] {logging_mixin.py:188} INFO - [2026-08-26T18:29:31.057+0000] {dag.py:3047} INFO - Sync 1 DAGs
[2026-08-26T18:29:31.089+0000] {logging_mixin.py:188} INFO - [2026-08-26T18:29:31.089+0000] {dag.py:3834} INFO - Setting next_dagrun for example_dynamic_task_mapping to 2022-03-04 00:00:00+00:00, run_after=2022-03-05 00:00:00+00:00
[2026-08-26T18:29:31.115+0000] {processor.py:183} INFO - Processing /home/airflow/.local/lib/python3.8/site-packages/airflow/example_dags/example_dynamic_task_mapping.py took 0.105 seconds
[2026-08-26T18:30:01.248+0000] {processor.py:161} INFO - Started process (PID=4785) to work on /home/airflow/.local/lib/python3.8/site-packages/airflow/example_dags/example_dynamic_task_mapping.py
[2026-08-26T18:30:01.251+0000] {processor.py:830} INFO - Processing file /home/airflow/.local/lib/python3.8/site-packages/airflow/example_dags/example_dynamic_task_mapping.py for tasks to queue
[2026-08-26T18:30:01.254+0000] {logging_mixin.py:188} INFO - [2026-08-26T18:30:01.253+0000] {dagbag.py:540} INFO - Filling up the DagBag from /home/airflow/.local/lib/python3.8/site-packages/airflow/example_dags/example_dynamic_task_mapping.py
[2026-08-26T18:30:01.260+0000] {processor.py:840} INFO - DAG(s) 'example_dynamic_task_mapping' retrieved from /home/airflow/.local/lib/python3.8/site-packages/airflow/example_dags/example_dynamic_task_mapping.py
[2026-08-26T18:30:01.286+0000] {logging_mixin.py:188} INFO - [2026-08-26T18:30:01.286+0000] {dag.py:3047} INFO - Sync 1 DAGs
[2026-08-26T18:30:01.318+0000] {logging_mixin.py:188} INFO - [2026-08-26T18:30:01.318+0000] {dag.py:3834} INFO - Setting next_dagrun for example_dynamic_task_mapping to 2022-03-04 00:00:00+00:00, run_after=2022-03-05 00:00:00+00:00
[2026-08-26T18:30:01.342+0000] {processor.py:183} INFO - Processing /home/airflow/.local/lib/python3.8/site-packages/airflow/example_dags/example_dynamic_task_mapping.py took 0.097 seconds
[2026-08-26T18:30:31.493+0000] {processor.py:161} INFO - Started process (PID=4842) to work on /home/airflow/.local/lib/python3.8/site-packages/airflow/example_dags/example_dynamic_task_mapping.py
[2026-08-26T18:30:31.495+0000] {processor.py:830} INFO - Processing file /home/airflow/.local/lib/python3.8/site-packages/airflow/example_dags/example_dynamic_task_mapping.py for tasks to queue
[2026-08-26T18:30:31.499+0000] {logging_mixin.py:188} INFO - [2026-08-26T18:30:31.499+0000] {dagbag.py:540} INFO - Filling up the DagBag from /home/airflow/.local/lib/python3.8/site-packages/airflow/example_dags/example_dynamic_task_mapping.py
[2026-08-26T18:30:31.509+0000] {processor.py:840} INFO - DAG(s) 'example_dynamic_task_mapping' retrieved from /home/airflow/.local/lib/python3.8/site-packages/airflow/example_dags/example_dynamic_task_mapping.py
[2026-08-26T18:30:31.535+0000] {logging_mixin.py:188} INFO - [2026-08-26T18:30:31.535+0000] {dag.py:3047} INFO - Sync 1 DAGs
[2026-08-26T18:30:31.560+0000] {logging_mixin.py:188} INFO - [2026-08-26T18:30:31.560+0000] {dag.py:3834} INFO - Setting next_dagrun for example_dynamic_task_mapping to 2022-03-04 00:00:00+00:00, run_after=2022-03-05 00:00:00+00:00
[2026-08-26T18:30:31.585+0000] {processor.py:183} INFO - Processing /home/airflow/.local/lib/python3.8/site-packages/airflow/example_dags/example_dynamic_task_mapping.py took 0.097 seconds
[2026-08-26T18:31:02.280+0000] {processor.py:161} INFO - Started process (PID=4899) to work on /home/airflow/.local/lib/python3.8/site-packages/airflow/example_dags/example_dynamic_task_mapping.py
[2026-08-26T18:31:02.282+0000] {processor.py:830} INFO - Processing file /home/airflow/.local/lib/python3.8/site-packages/airflow/example_dags/example_dynamic_task_mapping.py for tasks to queue
[2026-08-26T18:31:02.285+0000] {logging_mixin.py:188} INFO - [2026-08-26T18:31:02.285+0000] {dagbag.py:540} INFO - Filling up the DagBag from /home/airflow/.local/lib/python3.8/site-packages/airflow/example_dags/example_dynamic_task_mapping.py
[2026-08-26T18:31:02.297+0000] {processor.py:840} INFO - DAG(s) 'example_dynamic_task_mapping' retrieved from /home/airflow/.local/lib/python3.8/site-packages/airflow/example_dags/example_dynamic_task_mapping.py
[2026-08-26T18:31:02.329+0000] {logging_mixin.py:188} INFO - [2026-08-26T18:31:02.328+0000] {dag.py:3047} INFO - Sync 1 DAGs
[2026-08-26T18:31:02.363+0000] {logging_mixin.py:188} INFO - [2026-08-26T18:31:02.363+0000] {dag.py:3834} INFO - Setting next_dagrun for example_dynamic_task_mapping to 2022-03-04 00:00:00+00:00, run_after=2022-03-05 00:00:00+00:00
[2026-08-26T18:31:02.391+0000] {processor.py:183} INFO - Processing /home/airflow/.local/lib/python3.8/site-packages/airflow/example_dags/example_dynamic_task_mapping.py took 0.117 seconds
[2026-08-26T18:31:32.720+0000] {processor.py:161} INFO - Started process (PID=4956) to work on /home/airflow/.local/lib/python3.8/site-packages/airflow/example_dags/example_dynamic_task_mapping.py
[2026-08-26T18:31:32.722+0000] {processor.py:830} INFO - Processing file /home/airflow/.local/lib/python3.8/site-packages/airflow/example_dags/example_dynamic_task_mapping.py for tasks to queue
[2026-08-26T18:31:32.726+0000] {logging_mixin.py:188} INFO - [2026-08-26T18:31:32.726+0000] {dagbag.py:540} INFO - Filling up the DagBag from /home/airflow/.local/lib/python3.8/site-packages/airflow/example_dags/example_dynamic_task_mapping.py
[2026-08-26T18:31:32.741+0000] {processor.py:840} INFO - DAG(s) 'example_dynamic_task_mapping' retrieved from /home/airflow/.local/lib/python3.8/site-packages/airflow/example_dags/example_dynamic_task_mapping.py
[2026-08-26T18:31:32.777+0000] {logging_mixin.py:188} INFO - [2026-08-26T18:31:32.776+0000] {dag.py:3047} INFO - Sync 1 DAGs
[2026-08-26T18:31:32.815+0000] {logging_mixin.py:188} INFO - [2026-08-26T18:31:32.815+0000] {dag.py:3834} INFO - Setting next_dagrun for example_dynamic_task_mapping to 2022-03-04 00:00:00+00:00, run_after=2022-03-05 00:00:00+00:00
[2026-08-26T18:31:32.838+0000] {processor.py:183} INFO - Processing /home/airflow/.local/lib/python3.8/site-packages/airflow/example_dags/example_dynamic_task_mapping.py took 0.123 seconds
[2026-08-26T18:32:03.468+0000] {processor.py:161} INFO - Started process (PID=5013) to work on /home/airflow/.local/lib/python3.8/site-packages/airflow/example_dags/example_dynamic_task_mapping.py
[2026-08-26T18:32:03.471+0000] {processor.py:830} INFO - Processing file /home/airflow/.local/lib/python3.8/site-packages/airflow/example_dags/example_dynamic_task_mapping.py for tasks to queue
[2026-08-26T18:32:03.475+0000] {logging_mixin.py:188} INFO - [2026-08-26T18:32:03.474+0000] {dagbag.py:540} INFO - Filling up the DagBag from /home/airflow/.local/lib/python3.8/site-packages/airflow/example_dags/example_dynamic_task_mapping.py
[2026-08-26T18:32:03.484+0000] {processor.py:840} INFO - DAG(s) 'example_dynamic_task_mapping' retrieved from /home/airflow/.local/lib/python3.8/site-packages/airflow/example_dags/example_dynamic_task_mapping.py
[2026-08-26T18:32:03.511+0000] {logging_mixin.py:188} INFO - [2026-08-26T18:32:03.510+0000] {dag.py:3047} INFO - Sync 1 DAGs
[2026-08-26T18:32:03.542+0000] {logging_mixin.py:188} INFO - [2026-08-26T18:32:03.542+0000] {dag.py:3834} INFO - Setting next_dagrun for example_dynamic_task_mapping to 2022-03-04 00:00:00+00:00, run_after=2022-03-05 00:00:00+00:00
[2026-08-26T18:32:03.565+0000] {processor.py:183} INFO - Processing /home/airflow/.local/lib/python3.8/site-packages/airflow/example_dags/example_dynamic_task_mapping.py took 0.102 seconds
[2026-08-26T18:32:34.092+0000] {processor.py:161} INFO - Started process (PID=5070) to work on /home/airflow/.local/lib/python3.8/site-packages/airflow/example_dags/example_dynamic_task_mapping.py
[2026-08-26T18:32:34.094+0000] {processor.py:830} INFO - Processing file /home/airflow/.local/lib/python3.8/site-packages/airflow/example_dags/example_dynamic_task_mapping.py for tasks to queue
[2026-08-26T18:32:34.097+0000] {logging_mixin.py:188} INFO - [2026-08-26T18:32:34.096+0000] {dagbag.py:540} INFO - Filling up the DagBag from /home/airflow/.local/lib/python3.8/site-packages/airflow/example_dags/example_dynamic_task_mapping.py
[2026-08-26T18:32:34.107+0000] {processor.py:840} INFO - DAG(s) 'example_dynamic_task_mapping' retrieved from /home/airflow/.local/lib/python3.8/site-packages/airflow/example_dags/example_dynamic_task_mapping.py
[2026-08-26T18:32:34.132+0000] {logging_mixin.py:188} INFO - [2026-08-26T18:32:34.131+0000] {dag.py:3047} INFO - Sync 1 DAGs
[2026-08-26T18:32:34.158+0000] {logging_mixin.py:188} INFO - [2026-08-26T18:32:34.158+0000] {dag.py:3834} INFO - Setting next_dagrun for example_dynamic_task_mapping to 2022-03-04 00:00:00+00:00, run_after=2022-03-05 00:00:00+00:00
[2026-08-26T18:32:34.181+0000] {processor.py:183} INFO - Processing /home/airflow/.local/lib/python3.8/site-packages/airflow/example_dags/example_dynamic_task_mapping.py took 0.092 seconds
[2026-08-26T18:33:04.613+0000] {processor.py:161} INFO - Started process (PID=5127) to work on /home/airflow/.local/lib/python3.8/site-packages/airflow/example_dags/example_dynamic_task_mapping.py
[2026-08-26T18:33:04.615+0000] {processor.py:830} INFO - Processing file /home/airflow/.local/lib/python3.8/site-packages/airflow/example_dags/example_dynamic_task_mapping.py for tasks to queue
[2026-08-26T18:33:04.619+0000] {logging_mixin.py:188} INFO - [2026-08-26T18:33:04.619+0000] {dagbag.py:540} INFO - Filling up the DagBag from /home/airflow/.local/lib/python3.8/site-packages/airflow/example_dags/example_dynamic_task_mapping.py
[2026-08-26T18:33:04.628+0000] {processor.py:840} INFO - DAG(s) 'example_dynamic_task_mapping' retrieved from /home/airflow/.local/lib/python3.8/site-packages/airflow/example_dags/example_dynamic_task_mapping.py
[2026-08-26T18:33:04.655+0000] {logging_mixin.py:188} INFO - [2026-08-26T18:33:04.654+0000] {dag.py:3047} INFO - Sync 1 DAGs
[2026-08-26T18:33:04.683+0000] {logging_mixin.py:188} INFO - [2026-08-26T18:33:04.682+0000] {dag.py:3834} INFO - Setting next_dagrun for example_dynamic_task_mapping to 2022-03-04 00:00:00+00:00, run_after=2022-03-05 00:00:00+00:00
[2026-08-26T18:33:04.707+0000] {processor.py:183} INFO - Processing /home/airflow/.local/lib/python3.8/site-packages/airflow/example_dags/example_dynamic_task_mapping.py took 0.099 seconds
[2026-08-26T18:33:34.939+0000] {processor.py:161} INFO - Started process (PID=5184) to work on /home/airflow/.local/lib/python3.8/site-packages/airflow/example_dags/example_dynamic_task_mapping.py
[2026-08-26T18:33:34.940+0000] {processor.py:830} INFO - Processing file /home/airflow/.local/lib/python3.8/site-packages/airflow/example_dags/example_dynamic_task_mapping.py for tasks to queue
[2026-08-26T18:33:34.944+0000] {logging_mixin.py:188} INFO - [2026-08-26T18:33:34.943+0000] {dagbag.py:540} INFO - Filling up the DagBag from /home/airflow/.local/lib/python3.8/site-packages/airflow/example_dags/example_dynamic_task_mapping.py
[2026-08-26T18:33:34.953+0000] {processor.py:840} INFO - DAG(s) 'example_dynamic_task_mapping' retrieved from /home/airflow/.local/lib/python3.8/site-packages/airflow/example_dags/example_dynamic_task_mapping.py
[2026-08-26T18:33:34.980+0000] {logging_mixin.py:188} INFO - [2026-08-26T18:33:34.979+0000] {dag.py:3047} INFO - Sync 1 DAGs
[2026-08-26T18:33:35.005+0000] {logging_mixin.py:188} INFO - [2026-08-26T18:33:35.005+0000] {dag.py:3834} INFO - Setting next_dagrun for example_dynamic_task_mapping to 2022-03-04 00:00:00+00:00, run_after=2022-03-05 00:00:00+00:00
[2026-08-26T18:33:35.083+0000] {processor.py:183} INFO - Processing /home/airflow/.local/lib/python3.8/site-packages/airflow/example_dags/example_dynamic_task_mapping.py took 0.148 seconds
[2026-08-26T18:34:05.416+0000] {processor.py:161} INFO - Started process (PID=5241) to work on /home/airflow/.local/lib/python3.8/site-packages/airflow/example_dags/example_dynamic_task_mapping.py
[2026-08-26T18:34:05.417+0000] {processor.py:830} INFO - Processing file /home/airflow/.local/lib/python3.8/site-packages/airflow/example_dags/example_dynamic_task_mapping.py for tasks to queue
[2026-08-26T18:34:05.420+0000] {logging_mixin.py:188} INFO - [2026-08-26T18:34:05.420+0000] {dagbag.py:540} INFO - Filling up the DagBag from /home/airflow/.local/lib/python3.8/site-packages/airflow/example_dags/example_dynamic_task_mapping.py
[2026-08-26T18:34:05.428+0000] {processor.py:840} INFO - DAG(s) 'example_dynamic_task_mapping' retrieved from /home/airflow/.local/lib/python3.8/site-packages/airflow/example_dags/example_dynamic_task_mapping.py
[2026-08-26T18:34:05.453+0000] {logging_mixin.py:188} INFO - [2026-08-26T18:34:05.452+0000] {dag.py:3047} INFO - Sync 1 DAGs
[2026-08-26T18:34:05.479+0000] {logging_mixin.py:188} INFO - [2026-08-26T18:34:05.479+0000] {dag.py:3834} INFO - Setting next_dagrun for example_dynamic_task_mapping to 2022-03-04 00:00:00+00:00, run_after=2022-03-05 00:00:00+00:00
[2026-08-26T18:34:05.504+0000] {processor.py:183} INFO - Processing /home/airflow/.local/lib/python3.8/site-packages/airflow/example_dags/example_dynamic_task_mapping.py took 0.092 seconds
[2026-08-26T18:34:36.447+0000] {processor.py:161} INFO - Started process (PID=5298) to work on /home/airflow/.local/lib/python3.8/site-packages/airflow/example_dags/example_dynamic_task_mapping.py
[2026-08-26T18:34:36.449+0000] {processor.py:830} INFO - Processing file /home/airflow/.local/lib/python3.8/site-packages/airflow/example_dags/example_dynamic_task_mapping.py for tasks to queue
[2026-08-26T18:34:36.452+0000] {logging_mixin.py:188} INFO - [2026-08-26T18:34:36.451+0000] {dagbag.py:540} INFO - Filling up the DagBag from /home/airflow/.local/lib/python3.8/site-packages/airflow/example_dags/example_dynamic_task_mapping.py
[2026-08-26T18:34:36.463+0000] {processor.py:840} INFO - DAG(s) 'example_dynamic_task_mapping' retrieved from /home/airflow/.local/lib/python3.8/site-packages/airflow/example_dags/example_dynamic_task_mapping.py
[2026-08-26T18:34:36.490+0000] {logging_mixin.py:188} INFO - [2026-08-26T18:34:36.490+0000] {dag.py:3047} INFO - Sync 1 DAGs
[2026-08-26T18:34:36.528+0000] {logging_mixin.py:188} INFO - [2026-08-26T18:34:36.527+0000] {dag.py:3834} INFO - Setting next_dagrun for example_dynamic_task_mapping to 2022-03-04 00:00:00+00:00, run_after=2022-03-05 00:00:00+00:00
[2026-08-26T18:34:36.552+0000] {processor.py:183} INFO - Processing /home/airflow/.local/lib/python3.8/site-packages/airflow/example_dags/example_dynamic_task_mapping.py took 0.110 seconds
[2026-08-26T18:35:07.287+0000] {processor.py:161} INFO - Started process (PID=5361) to work on /home/airflow/.local/lib/python3.8/site-packages/airflow/example_dags/example_dynamic_task_mapping.py
[2026-08-26T18:35:07.290+0000] {processor.py:830} INFO - Processing file /home/airflow/.local/lib/python3.8/site-packages/airflow/example_dags/example_dynamic_task_mapping.py for tasks to queue
[2026-08-26T18:35:07.293+0000] {logging_mixin.py:188} INFO - [2026-08-26T18:35:07.293+0000] {dagbag.py:540} INFO - Filling up the DagBag from /home/airflow/.local/lib/python3.8/site-packages/airflow/example_dags/example_dynamic_task_mapping.py
[2026-08-26T18:35:07.305+0000] {processor.py:840} INFO - DAG(s) 'example_dynamic_task_mapping' retrieved from /home/airflow/.local/lib/python3.8/site-packages/airflow/example_dags/example_dynamic_task_mapping.py
[2026-08-26T18:35:07.335+0000] {logging_mixin.py:188} INFO - [2026-08-26T18:35:07.334+0000] {dag.py:3047} INFO - Sync 1 DAGs
[2026-08-26T18:35:07.374+0000] {logging_mixin.py:188} INFO - [2026-08-26T18:35:07.374+0000] {dag.py:3834} INFO - Setting next_dagrun for example_dynamic_task_mapping to 2022-03-04 00:00:00+00:00, run_after=2022-03-05 00:00:00+00:00
[2026-08-26T18:35:07.399+0000] {processor.py:183} INFO - Processing /home/airflow/.local/lib/python3.8/site-packages/airflow/example_dags/example_dynamic_task_mapping.py took 0.120 seconds
[2026-08-26T18:35:37.891+0000] {processor.py:161} INFO - Started process (PID=5418) to work on /home/airflow/.local/lib/python3.8/site-packages/airflow/example_dags/example_dynamic_task_mapping.py
[2026-08-26T18:35:37.893+0000] {processor.py:830} INFO - Processing file /home/airflow/.local/lib/python3.8/site-packages/airflow/example_dags/example_dynamic_task_mapping.py for tasks to queue
[2026-08-26T18:35:37.897+0000] {logging_mixin.py:188} INFO - [2026-08-26T18:35:37.896+0000] {dagbag.py:540} INFO - Filling up the DagBag from /home/airflow/.local/lib/python3.8/site-packages/airflow/example_dags/example_dynamic_task_mapping.py
[2026-08-26T18:35:37.907+0000] {processor.py:840} INFO - DAG(s) 'example_dynamic_task_mapping' retrieved from /home/airflow/.local/lib/python3.8/site-packages/airflow/example_dags/example_dynamic_task_mapping.py
[2026-08-26T18:35:37.936+0000] {logging_mixin.py:188} INFO - [2026-08-26T18:35:37.935+0000] {dag.py:3047} INFO - Sync 1 DAGs
[2026-08-26T18:35:37.962+0000] {logging_mixin.py:188} INFO - [2026-08-26T18:35:37.962+0000] {dag.py:3834} INFO - Setting next_dagrun for example_dynamic_task_mapping to 2022-03-04 00:00:00+00:00, run_after=2022-03-05 00:00:00+00:00
[2026-08-26T18:35:37.988+0000] {processor.py:183} INFO - Processing /home/airflow/.local/lib/python3.8/site-packages/airflow/example_dags/example_dynamic_task_mapping.py took 0.102 seconds
[2026-08-26T18:36:08.718+0000] {processor.py:161} INFO - Started process (PID=5475) to work on /home/airflow/.local/lib/python3.8/site-packages/airflow/example_dags/example_dynamic_task_mapping.py
[2026-08-26T18:36:08.721+0000] {processor.py:830} INFO - Processing file /home/airflow/.local/lib/python3.8/site-packages/airflow/example_dags/example_dynamic_task_mapping.py for tasks to queue
[2026-08-26T18:36:08.723+0000] {logging_mixin.py:188} INFO - [2026-08-26T18:36:08.723+0000] {dagbag.py:540} INFO - Filling up the DagBag from /home/airflow/.local/lib/python3.8/site-packages/airflow/example_dags/example_dynamic_task_mapping.py
[2026-08-26T18:36:08.732+0000] {processor.py:840} INFO - DAG(s) 'example_dynamic_task_mapping' retrieved from /home/airflow/.local/lib/python3.8/site-packages/airflow/example_dags/example_dynamic_task_mapping.py
[2026-08-26T18:36:08.760+0000] {logging_mixin.py:188} INFO - [2026-08-26T18:36:08.759+0000] {dag.py:3047} INFO - Sync 1 DAGs
[2026-08-26T18:36:08.789+0000] {logging_mixin.py:188} INFO - [2026-08-26T18:36:08.789+0000] {dag.py:3834} INFO - Setting next_dagrun for example_dynamic_task_mapping to 2022-03-04 00:00:00+00:00, run_after=2022-03-05 00:00:00+00:00
[2026-08-26T18:36:08.812+0000] {processor.py:183} INFO - Processing /home/airflow/.local/lib/python3.8/site-packages/airflow/example_dags/example_dynamic_task_mapping.py took 0.099 seconds
[2026-08-26T18:36:39.610+0000] {processor.py:161} INFO - Started process (PID=5532) to work on /home/airflow/.local/lib/python3.8/site-packages/airflow/example_dags/example_dynamic_task_mapping.py
[2026-08-26T18:36:39.613+0000] {processor.py:830} INFO - Processing file /home/airflow/.local/lib/python3.8/site-packages/airflow/example_dags/example_dynamic_task_mapping.py for tasks to queue
[2026-08-26T18:36:39.617+0000] {logging_mixin.py:188} INFO - [2026-08-26T18:36:39.617+0000] {dagbag.py:540} INFO - Filling up the DagBag from /home/airflow/.local/lib/python3.8/site-packages/airflow/example_dags/example_dynamic_task_mapping.py
[2026-08-26T18:36:39.626+0000] {processor.py:840} INFO - DAG(s) 'example_dynamic_task_mapping' retrieved from /home/airflow/.local/lib/python3.8/site-packages/airflow/example_dags/example_dynamic_task_mapping.py
[2026-08-26T18:36:39.652+0000] {logging_mixin.py:188} INFO - [2026-08-26T18:36:39.652+0000] {dag.py:3047} INFO - Sync 1 DAGs
[2026-08-26T18:36:39.678+0000] {logging_mixin.py:188} INFO - [2026-08-26T18:36:39.678+0000] {dag.py:3834} INFO - Setting next_dagrun for example_dynamic_task_mapping to 2022-03-04 00:00:00+00:00, run_after=2022-03-05 00:00:00+00:00
[2026-08-26T18:36:39.702+0000] {processor.py:183} INFO - Processing /home/airflow/.local/lib/python3.8/site-packages/airflow/example_dags/example_dynamic_task_mapping.py took 0.097 seconds
[2026-08-26T18:37:10.440+0000] {processor.py:161} INFO - Started process (PID=5590) to work on /home/airflow/.local/lib/python3.8/site-packages/airflow/example_dags/example_dynamic_task_mapping.py
[2026-08-26T18:37:10.442+0000] {processor.py:830} INFO - Processing file /home/airflow/.local/lib/python3.8/site-packages/airflow/example_dags/example_dynamic_task_mapping.py for tasks to queue
[2026-08-26T18:37:10.445+0000] {logging_mixin.py:188} INFO - [2026-08-26T18:37:10.444+0000] {dagbag.py:540} INFO - Filling up the DagBag from /home/airflow/.local/lib/python3.8/site-packages/airflow/example_dags/example_dynamic_task_mapping.py
[2026-08-26T18:37:10.453+0000] {processor.py:840} INFO - DAG(s) 'example_dynamic_task_mapping' retrieved from /home/airflow/.local/lib/python3.8/site-packages/airflow/example_dags/example_dynamic_task_mapping.py
[2026-08-26T18:37:10.477+0000] {logging_mixin.py:188} INFO - [2026-08-26T18:37:10.477+0000] {dag.py:3047} INFO - Sync 1 DAGs
[2026-08-26T18:37:10.502+0000] {logging_mixin.py:188} INFO - [2026-08-26T18:37:10.502+0000] {dag.py:3834} INFO - Setting next_dagrun for example_dynamic_task_mapping to 2022-03-04 00:00:00+00:00, run_after=2022-03-05 00:00:00+00:00
[2026-08-26T18:37:10.530+0000] {processor.py:183} INFO - Processing /home/airflow/.local/lib/python3.8/site-packages/airflow/example_dags/example_dynamic_task_mapping.py took 0.095 seconds
[2026-08-26T18:37:41.211+0000] {processor.py:161} INFO - Started process (PID=5647) to work on /home/airflow/.local/lib/python3.8/site-packages/airflow/example_dags/example_dynamic_task_mapping.py
[2026-08-26T18:37:41.213+0000] {processor.py:830} INFO - Processing file /home/airflow/.local/lib/python3.8/site-packages/airflow/example_dags/example_dynamic_task_mapping.py for tasks to queue
[2026-08-26T18:37:41.217+0000] {logging_mixin.py:188} INFO - [2026-08-26T18:37:41.217+0000] {dagbag.py:540} INFO - Filling up the DagBag from /home/airflow/.local/lib/python3.8/site-packages/airflow/example_dags/example_dynamic_task_mapping.py
[2026-08-26T18:37:41.227+0000] {processor.py:840} INFO - DAG(s) 'example_dynamic_task_mapping' retrieved from /home/airflow/.local/lib/python3.8/site-packages/airflow/example_dags/example_dynamic_task_mapping.py
[2026-08-26T18:37:41.253+0000] {logging_mixin.py:188} INFO - [2026-08-26T18:37:41.253+0000] {dag.py:3047} INFO - Sync 1 DAGs
[2026-08-26T18:37:41.282+0000] {logging_mixin.py:188} INFO - [2026-08-26T18:37:41.281+0000] {dag.py:3834} INFO - Setting next_dagrun for example_dynamic_task_mapping to 2022-03-04 00:00:00+00:00, run_after=2022-03-05 00:00:00+00:00
[2026-08-26T18:37:41.311+0000] {processor.py:183} INFO - Processing /home/airflow/.local/lib/python3.8/site-packages/airflow/example_dags/example_dynamic_task_mapping.py took 0.105 seconds
[2026-08-26T18:38:12.055+0000] {processor.py:161} INFO - Started process (PID=5704) to work on /home/airflow/.local/lib/python3.8/site-packages/airflow/example_dags/example_dynamic_task_mapping.py
[2026-08-26T18:38:12.065+0000] {processor.py:830} INFO - Processing file /home/airflow/.local/lib/python3.8/site-packages/airflow/example_dags/example_dynamic_task_mapping.py for tasks to queue
[2026-08-26T18:38:12.071+0000] {logging_mixin.py:188} INFO - [2026-08-26T18:38:12.070+0000] {dagbag.py:540} INFO - Filling up the DagBag from /home/airflow/.local/lib/python3.8/site-packages/airflow/example_dags/example_dynamic_task_mapping.py
[2026-08-26T18:38:12.089+0000] {processor.py:840} INFO - DAG(s) 'example_dynamic_task_mapping' retrieved from /home/airflow/.local/lib/python3.8/site-packages/airflow/example_dags/example_dynamic_task_mapping.py
[2026-08-26T18:38:12.122+0000] {logging_mixin.py:188} INFO - [2026-08-26T18:38:12.122+0000] {dag.py:3047} INFO - Sync 1 DAGs
[2026-08-26T18:38:12.151+0000] {logging_mixin.py:188} INFO - [2026-08-26T18:38:12.151+0000] {dag.py:3834} INFO - Setting next_dagrun for example_dynamic_task_mapping to 2022-03-04 00:00:00+00:00, run_after=2022-03-05 00:00:00+00:00
[2026-08-26T18:38:12.177+0000] {processor.py:183} INFO - Processing /home/airflow/.local/lib/python3.8/site-packages/airflow/example_dags/example_dynamic_task_mapping.py took 0.127 seconds
[2026-08-26T18:38:42.385+0000] {processor.py:161} INFO - Started process (PID=5761) to work on /home/airflow/.local/lib/python3.8/site-packages/airflow/example_dags/example_dynamic_task_mapping.py
[2026-08-26T18:38:42.387+0000] {processor.py:830} INFO - Processing file /home/airflow/.local/lib/python3.8/site-packages/airflow/example_dags/example_dynamic_task_mapping.py for tasks to queue
[2026-08-26T18:38:42.390+0000] {logging_mixin.py:188} INFO - [2026-08-26T18:38:42.390+0000] {dagbag.py:540} INFO - Filling up the DagBag from /home/airflow/.local/lib/python3.8/site-packages/airflow/example_dags/example_dynamic_task_mapping.py
[2026-08-26T18:38:42.397+0000] {processor.py:840} INFO - DAG(s) 'example_dynamic_task_mapping' retrieved from /home/airflow/.local/lib/python3.8/site-packages/airflow/example_dags/example_dynamic_task_mapping.py
[2026-08-26T18:38:42.425+0000] {logging_mixin.py:188} INFO - [2026-08-26T18:38:42.424+0000] {dag.py:3047} INFO - Sync 1 DAGs
[2026-08-26T18:38:42.451+0000] {logging_mixin.py:188} INFO - [2026-08-26T18:38:42.451+0000] {dag.py:3834} INFO - Setting next_dagrun for example_dynamic_task_mapping to 2022-03-04 00:00:00+00:00, run_after=2022-03-05 00:00:00+00:00
[2026-08-26T18:38:42.477+0000] {processor.py:183} INFO - Processing /home/airflow/.local/lib/python3.8/site-packages/airflow/example_dags/example_dynamic_task_mapping.py took 0.096 seconds
[2026-08-26T18:39:12.989+0000] {processor.py:161} INFO - Started process (PID=5818) to work on /home/airflow/.local/lib/python3.8/site-packages/airflow/example_dags/example_dynamic_task_mapping.py
[2026-08-26T18:39:12.991+0000] {processor.py:830} INFO - Processing file /home/airflow/.local/lib/python3.8/site-packages/airflow/example_dags/example_dynamic_task_mapping.py for tasks to queue
[2026-08-26T18:39:12.995+0000] {logging_mixin.py:188} INFO - [2026-08-26T18:39:12.994+0000] {dagbag.py:540} INFO - Filling up the DagBag from /home/airflow/.local/lib/python3.8/site-packages/airflow/example_dags/example_dynamic_task_mapping.py
[2026-08-26T18:39:13.005+0000] {processor.py:840} INFO - DAG(s) 'example_dynamic_task_mapping' retrieved from /home/airflow/.local/lib/python3.8/site-packages/airflow/example_dags/example_dynamic_task_mapping.py
[2026-08-26T18:39:13.037+0000] {logging_mixin.py:188} INFO - [2026-08-26T18:39:13.036+0000] {dag.py:3047} INFO - Sync 1 DAGs
[2026-08-26T18:39:13.068+0000] {logging_mixin.py:188} INFO - [2026-08-26T18:39:13.067+0000] {dag.py:3834} INFO - Setting next_dagrun for example_dynamic_task_mapping to 2022-03-04 00:00:00+00:00, run_after=2022-03-05 00:00:00+00:00
[2026-08-26T18:39:13.093+0000] {processor.py:183} INFO - Processing /home/airflow/.local/lib/python3.8/site-packages/airflow/example_dags/example_dynamic_task_mapping.py took 0.109 seconds
[2026-08-26T18:39:43.666+0000] {processor.py:161} INFO - Started process (PID=5875) to work on /home/airflow/.local/lib/python3.8/site-packages/airflow/example_dags/example_dynamic_task_mapping.py
[2026-08-26T18:39:43.669+0000] {processor.py:830} INFO - Processing file /home/airflow/.local/lib/python3.8/site-packages/airflow/example_dags/example_dynamic_task_mapping.py for tasks to queue
[2026-08-26T18:39:43.673+0000] {logging_mixin.py:188} INFO - [2026-08-26T18:39:43.672+0000] {dagbag.py:540} INFO - Filling up the DagBag from /home/airflow/.local/lib/python3.8/site-packages/airflow/example_dags/example_dynamic_task_mapping.py
[2026-08-26T18:39:43.684+0000] {processor.py:840} INFO - DAG(s) 'example_dynamic_task_mapping' retrieved from /home/airflow/.local/lib/python3.8/site-packages/airflow/example_dags/example_dynamic_task_mapping.py
[2026-08-26T18:39:43.711+0000] {logging_mixin.py:188} INFO - [2026-08-26T18:39:43.710+0000] {dag.py:3047} INFO - Sync 1 DAGs
[2026-08-26T18:39:43.742+0000] {logging_mixin.py:188} INFO - [2026-08-26T18:39:43.742+0000] {dag.py:3834} INFO - Setting next_dagrun for example_dynamic_task_mapping to 2022-03-04 00:00:00+00:00, run_after=2022-03-05 00:00:00+00:00
[2026-08-26T18:39:43.772+0000] {processor.py:183} INFO - Processing /home/airflow/.local/lib/python3.8/site-packages/airflow/example_dags/example_dynamic_task_mapping.py took 0.112 seconds
[2026-08-26T18:40:14.037+0000] {processor.py:161} INFO - Started process (PID=5932) to work on /home/airflow/.local/lib/python3.8/site-packages/airflow/example_dags/example_dynamic_task_mapping.py
[2026-08-26T18:40:14.039+0000] {processor.py:830} INFO - Processing file /home/airflow/.local/lib/python3.8/site-packages/airflow/example_dags/example_dynamic_task_mapping.py for tasks to queue
[2026-08-26T18:40:14.042+0000] {logging_mixin.py:188} INFO - [2026-08-26T18:40:14.041+0000] {dagbag.py:540} INFO - Filling up the DagBag from /home/airflow/.local/lib/python3.8/site-packages/airflow/example_dags/example_dynamic_task_mapping.py
[2026-08-26T18:40:14.050+0000] {processor.py:840} INFO - DAG(s) 'example_dynamic_task_mapping' retrieved from /home/airflow/.local/lib/python3.8/site-packages/airflow/example_dags/example_dynamic_task_mapping.py
[2026-08-26T18:40:14.078+0000] {logging_mixin.py:188} INFO - [2026-08-26T18:40:14.077+0000] {dag.py:3047} INFO - Sync 1 DAGs
[2026-08-26T18:40:14.104+0000] {logging_mixin.py:188} INFO - [2026-08-26T18:40:14.104+0000] {dag.py:3834} INFO - Setting next_dagrun for example_dynamic_task_mapping to 2022-03-04 00:00:00+00:00, run_after=2022-03-05 00:00:00+00:00
[2026-08-26T18:40:14.130+0000] {processor.py:183} INFO - Processing /home/airflow/.local/lib/python3.8/site-packages/airflow/example_dags/example_dynamic_task_mapping.py took 0.097 seconds
[2026-08-26T18:40:44.829+0000] {processor.py:161} INFO - Started process (PID=5989) to work on /home/airflow/.local/lib/python3.8/site-packages/airflow/example_dags/example_dynamic_task_mapping.py
[2026-08-26T18:40:44.830+0000] {processor.py:830} INFO - Processing file /home/airflow/.local/lib/python3.8/site-packages/airflow/example_dags/example_dynamic_task_mapping.py for tasks to queue
[2026-08-26T18:40:44.833+0000] {logging_mixin.py:188} INFO - [2026-08-26T18:40:44.833+0000] {dagbag.py:540} INFO - Filling up the DagBag from /home/airflow/.local/lib/python3.8/site-packages/airflow/example_dags/example_dynamic_task_mapping.py
[2026-08-26T18:40:44.841+0000] {processor.py:840} INFO - DAG(s) 'example_dynamic_task_mapping' retrieved from /home/airflow/.local/lib/python3.8/site-packages/airflow/example_dags/example_dynamic_task_mapping.py
[2026-08-26T18:40:44.867+0000] {logging_mixin.py:188} INFO - [2026-08-26T18:40:44.867+0000] {dag.py:3047} INFO - Sync 1 DAGs
[2026-08-26T18:40:44.891+0000] {logging_mixin.py:188} INFO - [2026-08-26T18:40:44.890+0000] {dag.py:3834} INFO - Setting next_dagrun for example_dynamic_task_mapping to 2022-03-04 00:00:00+00:00, run_after=2022-03-05 00:00:00+00:00
[2026-08-26T18:40:44.918+0000] {processor.py:183} INFO - Processing /home/airflow/.local/lib/python3.8/site-packages/airflow/example_dags/example_dynamic_task_mapping.py took 0.094 seconds
[2026-08-26T18:41:15.585+0000] {processor.py:161} INFO - Started process (PID=6046) to work on /home/airflow/.local/lib/python3.8/site-packages/airflow/example_dags/example_dynamic_task_mapping.py
[2026-08-26T18:41:15.587+0000] {processor.py:830} INFO - Processing file /home/airflow/.local/lib/python3.8/site-packages/airflow/example_dags/example_dynamic_task_mapping.py for tasks to queue
[2026-08-26T18:41:15.590+0000] {logging_mixin.py:188} INFO - [2026-08-26T18:41:15.589+0000] {dagbag.py:540} INFO - Filling up the DagBag from /home/airflow/.local/lib/python3.8/site-packages/airflow/example_dags/example_dynamic_task_mapping.py
[2026-08-26T18:41:15.598+0000] {processor.py:840} INFO - DAG(s) 'example_dynamic_task_mapping' retrieved from /home/airflow/.local/lib/python3.8/site-packages/airflow/example_dags/example_dynamic_task_mapping.py
[2026-08-26T18:41:15.628+0000] {logging_mixin.py:188} INFO - [2026-08-26T18:41:15.628+0000] {dag.py:3047} INFO - Sync 1 DAGs
[2026-08-26T18:41:15.654+0000] {logging_mixin.py:188} INFO - [2026-08-26T18:41:15.654+0000] {dag.py:3834} INFO - Setting next_dagrun for example_dynamic_task_mapping to 2022-03-04 00:00:00+00:00, run_after=2022-03-05 00:00:00+00:00
[2026-08-26T18:41:15.682+0000] {processor.py:183} INFO - Processing /home/airflow/.local/lib/python3.8/site-packages/airflow/example_dags/example_dynamic_task_mapping.py took 0.101 seconds
[2026-08-26T18:41:46.015+0000] {processor.py:161} INFO - Started process (PID=6103) to work on /home/airflow/.local/lib/python3.8/site-packages/airflow/example_dags/example_dynamic_task_mapping.py
[2026-08-26T18:41:46.017+0000] {processor.py:830} INFO - Processing file /home/airflow/.local/lib/python3.8/site-packages/airflow/example_dags/example_dynamic_task_mapping.py for tasks to queue
[2026-08-26T18:41:46.019+0000] {logging_mixin.py:188} INFO - [2026-08-26T18:41:46.019+0000] {dagbag.py:540} INFO - Filling up the DagBag from /home/airflow/.local/lib/python3.8/site-packages/airflow/example_dags/example_dynamic_task_mapping.py
[2026-08-26T18:41:46.028+0000] {processor.py:840} INFO - DAG(s) 'example_dynamic_task_mapping' retrieved from /home/airflow/.local/lib/python3.8/site-packages/airflow/example_dags/example_dynamic_task_mapping.py
[2026-08-26T18:41:46.057+0000] {logging_mixin.py:188} INFO - [2026-08-26T18:41:46.056+0000] {dag.py:3047} INFO - Sync 1 DAGs
[2026-08-26T18:41:46.085+0000] {logging_mixin.py:188} INFO - [2026-08-26T18:41:46.085+0000] {dag.py:3834} INFO - Setting next_dagrun for example_dynamic_task_mapping to 2022-03-04 00:00:00+00:00, run_after=2022-03-05 00:00:00+00:00
[2026-08-26T18:41:46.109+0000] {processor.py:183} INFO - Processing /home/airflow/.local/lib/python3.8/site-packages/airflow/example_dags/example_dynamic_task_mapping.py took 0.098 seconds
[2026-08-26T18:42:16.805+0000] {processor.py:161} INFO - Started process (PID=6158) to work on /home/airflow/.local/lib/python3.8/site-packages/airflow/example_dags/example_dynamic_task_mapping.py
[2026-08-26T18:42:16.807+0000] {processor.py:830} INFO - Processing file /home/airflow/.local/lib/python3.8/site-packages/airflow/example_dags/example_dynamic_task_mapping.py for tasks to queue
[2026-08-26T18:42:16.811+0000] {logging_mixin.py:188} INFO - [2026-08-26T18:42:16.810+0000] {dagbag.py:540} INFO - Filling up the DagBag from /home/airflow/.local/lib/python3.8/site-packages/airflow/example_dags/example_dynamic_task_mapping.py
[2026-08-26T18:42:16.820+0000] {processor.py:840} INFO - DAG(s) 'example_dynamic_task_mapping' retrieved from /home/airflow/.local/lib/python3.8/site-packages/airflow/example_dags/example_dynamic_task_mapping.py
[2026-08-26T18:42:16.845+0000] {logging_mixin.py:188} INFO - [2026-08-26T18:42:16.845+0000] {dag.py:3047} INFO - Sync 1 DAGs
[2026-08-26T18:42:16.876+0000] {logging_mixin.py:188} INFO - [2026-08-26T18:42:16.876+0000] {dag.py:3834} INFO - Setting next_dagrun for example_dynamic_task_mapping to 2022-03-04 00:00:00+00:00, run_after=2022-03-05 00:00:00+00:00
[2026-08-26T18:42:16.900+0000] {processor.py:183} INFO - Processing /home/airflow/.local/lib/python3.8/site-packages/airflow/example_dags/example_dynamic_task_mapping.py took 0.099 seconds
[2026-08-26T18:42:47.285+0000] {processor.py:161} INFO - Started process (PID=6213) to work on /home/airflow/.local/lib/python3.8/site-packages/airflow/example_dags/example_dynamic_task_mapping.py
[2026-08-26T18:42:47.288+0000] {processor.py:830} INFO - Processing file /home/airflow/.local/lib/python3.8/site-packages/airflow/example_dags/example_dynamic_task_mapping.py for tasks to queue
[2026-08-26T18:42:47.292+0000] {logging_mixin.py:188} INFO - [2026-08-26T18:42:47.292+0000] {dagbag.py:540} INFO - Filling up the DagBag from /home/airflow/.local/lib/python3.8/site-packages/airflow/example_dags/example_dynamic_task_mapping.py
[2026-08-26T18:42:47.303+0000] {processor.py:840} INFO - DAG(s) 'example_dynamic_task_mapping' retrieved from /home/airflow/.local/lib/python3.8/site-packages/airflow/example_dags/example_dynamic_task_mapping.py
[2026-08-26T18:42:47.335+0000] {logging_mixin.py:188} INFO - [2026-08-26T18:42:47.335+0000] {dag.py:3047} INFO - Sync 1 DAGs
[2026-08-26T18:42:47.368+0000] {logging_mixin.py:188} INFO - [2026-08-26T18:42:47.367+0000] {dag.py:3834} INFO - Setting next_dagrun for example_dynamic_task_mapping to 2022-03-04 00:00:00+00:00, run_after=2022-03-05 00:00:00+00:00
[2026-08-26T18:42:47.397+0000] {processor.py:183} INFO - Processing /home/airflow/.local/lib/python3.8/site-packages/airflow/example_dags/example_dynamic_task_mapping.py took 0.120 seconds
[2026-08-26T18:43:17.635+0000] {processor.py:161} INFO - Started process (PID=6270) to work on /home/airflow/.local/lib/python3.8/site-packages/airflow/example_dags/example_dynamic_task_mapping.py
[2026-08-26T18:43:17.637+0000] {processor.py:830} INFO - Processing file /home/airflow/.local/lib/python3.8/site-packages/airflow/example_dags/example_dynamic_task_mapping.py for tasks to queue
[2026-08-26T18:43:17.640+0000] {logging_mixin.py:188} INFO - [2026-08-26T18:43:17.639+0000] {dagbag.py:540} INFO - Filling up the DagBag from /home/airflow/.local/lib/python3.8/site-packages/airflow/example_dags/example_dynamic_task_mapping.py
[2026-08-26T18:43:17.651+0000] {processor.py:840} INFO - DAG(s) 'example_dynamic_task_mapping' retrieved from /home/airflow/.local/lib/python3.8/site-packages/airflow/example_dags/example_dynamic_task_mapping.py
[2026-08-26T18:43:17.678+0000] {logging_mixin.py:188} INFO - [2026-08-26T18:43:17.677+0000] {dag.py:3047} INFO - Sync 1 DAGs
[2026-08-26T18:43:17.716+0000] {logging_mixin.py:188} INFO - [2026-08-26T18:43:17.715+0000] {dag.py:3834} INFO - Setting next_dagrun for example_dynamic_task_mapping to 2022-03-04 00:00:00+00:00, run_after=2022-03-05 00:00:00+00:00
[2026-08-26T18:43:17.758+0000] {processor.py:183} INFO - Processing /home/airflow/.local/lib/python3.8/site-packages/airflow/example_dags/example_dynamic_task_mapping.py took 0.129 seconds
[2026-08-26T18:43:48.443+0000] {processor.py:161} INFO - Started process (PID=6327) to work on /home/airflow/.local/lib/python3.8/site-packages/airflow/example_dags/example_dynamic_task_mapping.py
[2026-08-26T18:43:48.445+0000] {processor.py:830} INFO - Processing file /home/airflow/.local/lib/python3.8/site-packages/airflow/example_dags/example_dynamic_task_mapping.py for tasks to queue
[2026-08-26T18:43:48.450+0000] {logging_mixin.py:188} INFO - [2026-08-26T18:43:48.449+0000] {dagbag.py:540} INFO - Filling up the DagBag from /home/airflow/.local/lib/python3.8/site-packages/airflow/example_dags/example_dynamic_task_mapping.py
[2026-08-26T18:43:48.462+0000] {processor.py:840} INFO - DAG(s) 'example_dynamic_task_mapping' retrieved from /home/airflow/.local/lib/python3.8/site-packages/airflow/example_dags/example_dynamic_task_mapping.py
[2026-08-26T18:43:48.495+0000] {logging_mixin.py:188} INFO - [2026-08-26T18:43:48.494+0000] {dag.py:3047} INFO - Sync 1 DAGs
[2026-08-26T18:43:48.525+0000] {logging_mixin.py:188} INFO - [2026-08-26T18:43:48.524+0000] {dag.py:3834} INFO - Setting next_dagrun for example_dynamic_task_mapping to 2022-03-04 00:00:00+00:00, run_after=2022-03-05 00:00:00+00:00
[2026-08-26T18:43:48.554+0000] {processor.py:183} INFO - Processing /home/airflow/.local/lib/python3.8/site-packages/airflow/example_dags/example_dynamic_task_mapping.py took 0.117 seconds
[2026-08-26T18:44:19.066+0000] {processor.py:161} INFO - Started process (PID=6384) to work on /home/airflow/.local/lib/python3.8/site-packages/airflow/example_dags/example_dynamic_task_mapping.py
[2026-08-26T18:44:19.067+0000] {processor.py:830} INFO - Processing file /home/airflow/.local/lib/python3.8/site-packages/airflow/example_dags/example_dynamic_task_mapping.py for tasks to queue
[2026-08-26T18:44:19.070+0000] {logging_mixin.py:188} INFO - [2026-08-26T18:44:19.070+0000] {dagbag.py:540} INFO - Filling up the DagBag from /home/airflow/.local/lib/python3.8/site-packages/airflow/example_dags/example_dynamic_task_mapping.py
[2026-08-26T18:44:19.081+0000] {processor.py:840} INFO - DAG(s) 'example_dynamic_task_mapping' retrieved from /home/airflow/.local/lib/python3.8/site-packages/airflow/example_dags/example_dynamic_task_mapping.py
[2026-08-26T18:44:19.109+0000] {logging_mixin.py:188} INFO - [2026-08-26T18:44:19.109+0000] {dag.py:3047} INFO - Sync 1 DAGs
[2026-08-26T18:44:19.138+0000] {logging_mixin.py:188} INFO - [2026-08-26T18:44:19.138+0000] {dag.py:3834} INFO - Setting next_dagrun for example_dynamic_task_mapping to 2022-03-04 00:00:00+00:00, run_after=2022-03-05 00:00:00+00:00
[2026-08-26T18:44:19.166+0000] {processor.py:183} INFO - Processing /home/airflow/.local/lib/python3.8/site-packages/airflow/example_dags/example_dynamic_task_mapping.py took 0.106 seconds
[2026-08-26T18:44:49.377+0000] {processor.py:161} INFO - Started process (PID=6441) to work on /home/airflow/.local/lib/python3.8/site-packages/airflow/example_dags/example_dynamic_task_mapping.py
[2026-08-26T18:44:49.379+0000] {processor.py:830} INFO - Processing file /home/airflow/.local/lib/python3.8/site-packages/airflow/example_dags/example_dynamic_task_mapping.py for tasks to queue
[2026-08-26T18:44:49.382+0000] {logging_mixin.py:188} INFO - [2026-08-26T18:44:49.381+0000] {dagbag.py:540} INFO - Filling up the DagBag from /home/airflow/.local/lib/python3.8/site-packages/airflow/example_dags/example_dynamic_task_mapping.py
[2026-08-26T18:44:49.392+0000] {processor.py:840} INFO - DAG(s) 'example_dynamic_task_mapping' retrieved from /home/airflow/.local/lib/python3.8/site-packages/airflow/example_dags/example_dynamic_task_mapping.py
[2026-08-26T18:44:49.420+0000] {logging_mixin.py:188} INFO - [2026-08-26T18:44:49.419+0000] {dag.py:3047} INFO - Sync 1 DAGs
[2026-08-26T18:44:49.447+0000] {logging_mixin.py:188} INFO - [2026-08-26T18:44:49.447+0000] {dag.py:3834} INFO - Setting next_dagrun for example_dynamic_task_mapping to 2022-03-04 00:00:00+00:00, run_after=2022-03-05 00:00:00+00:00
[2026-08-26T18:44:49.473+0000] {processor.py:183} INFO - Processing /home/airflow/.local/lib/python3.8/site-packages/airflow/example_dags/example_dynamic_task_mapping.py took 0.101 seconds
[2026-08-26T18:45:19.896+0000] {processor.py:161} INFO - Started process (PID=6498) to work on /home/airflow/.local/lib/python3.8/site-packages/airflow/example_dags/example_dynamic_task_mapping.py
[2026-08-26T18:45:19.898+0000] {processor.py:830} INFO - Processing file /home/airflow/.local/lib/python3.8/site-packages/airflow/example_dags/example_dynamic_task_mapping.py for tasks to queue
[2026-08-26T18:45:19.902+0000] {logging_mixin.py:188} INFO - [2026-08-26T18:45:19.901+0000] {dagbag.py:540} INFO - Filling up the DagBag from /home/airflow/.local/lib/python3.8/site-packages/airflow/example_dags/example_dynamic_task_mapping.py
[2026-08-26T18:45:19.912+0000] {processor.py:840} INFO - DAG(s) 'example_dynamic_task_mapping' retrieved from /home/airflow/.local/lib/python3.8/site-packages/airflow/example_dags/example_dynamic_task_mapping.py
[2026-08-26T18:45:19.939+0000] {logging_mixin.py:188} INFO - [2026-08-26T18:45:19.939+0000] {dag.py:3047} INFO - Sync 1 DAGs
[2026-08-26T18:45:19.965+0000] {logging_mixin.py:188} INFO - [2026-08-26T18:45:19.965+0000] {dag.py:3834} INFO - Setting next_dagrun for example_dynamic_task_mapping to 2022-03-04 00:00:00+00:00, run_after=2022-03-05 00:00:00+00:00
[2026-08-26T18:45:19.992+0000] {processor.py:183} INFO - Processing /home/airflow/.local/lib/python3.8/site-packages/airflow/example_dags/example_dynamic_task_mapping.py took 0.101 seconds
[2026-08-26T18:45:50.208+0000] {processor.py:161} INFO - Started process (PID=6555) to work on /home/airflow/.local/lib/python3.8/site-packages/airflow/example_dags/example_dynamic_task_mapping.py
[2026-08-26T18:45:50.210+0000] {processor.py:830} INFO - Processing file /home/airflow/.local/lib/python3.8/site-packages/airflow/example_dags/example_dynamic_task_mapping.py for tasks to queue
[2026-08-26T18:45:50.213+0000] {logging_mixin.py:188} INFO - [2026-08-26T18:45:50.213+0000] {dagbag.py:540} INFO - Filling up the DagBag from /home/airflow/.local/lib/python3.8/site-packages/airflow/example_dags/example_dynamic_task_mapping.py
[2026-08-26T18:45:50.225+0000] {processor.py:840} INFO - DAG(s) 'example_dynamic_task_mapping' retrieved from /home/airflow/.local/lib/python3.8/site-packages/airflow/example_dags/example_dynamic_task_mapping.py
[2026-08-26T18:45:50.261+0000] {logging_mixin.py:188} INFO - [2026-08-26T18:45:50.261+0000] {dag.py:3047} INFO - Sync 1 DAGs
[2026-08-26T18:45:50.307+0000] {logging_mixin.py:188} INFO - [2026-08-26T18:45:50.306+0000] {dag.py:3834} INFO - Setting next_dagrun for example_dynamic_task_mapping to 2022-03-04 00:00:00+00:00, run_after=2022-03-05 00:00:00+00:00
[2026-08-26T18:45:50.348+0000] {processor.py:183} INFO - Processing /home/airflow/.local/lib/python3.8/site-packages/airflow/example_dags/example_dynamic_task_mapping.py took 0.144 seconds
[2026-08-26T18:46:20.752+0000] {processor.py:161} INFO - Started process (PID=6612) to work on /home/airflow/.local/lib/python3.8/site-packages/airflow/example_dags/example_dynamic_task_mapping.py
[2026-08-26T18:46:20.754+0000] {processor.py:830} INFO - Processing file /home/airflow/.local/lib/python3.8/site-packages/airflow/example_dags/example_dynamic_task_mapping.py for tasks to queue
[2026-08-26T18:46:20.756+0000] {logging_mixin.py:188} INFO - [2026-08-26T18:46:20.756+0000] {dagbag.py:540} INFO - Filling up the DagBag from /home/airflow/.local/lib/python3.8/site-packages/airflow/example_dags/example_dynamic_task_mapping.py
[2026-08-26T18:46:20.768+0000] {processor.py:840} INFO - DAG(s) 'example_dynamic_task_mapping' retrieved from /home/airflow/.local/lib/python3.8/site-packages/airflow/example_dags/example_dynamic_task_mapping.py
[2026-08-26T18:46:20.802+0000] {logging_mixin.py:188} INFO - [2026-08-26T18:46:20.802+0000] {dag.py:3047} INFO - Sync 1 DAGs
[2026-08-26T18:46:20.834+0000] {logging_mixin.py:188} INFO - [2026-08-26T18:46:20.834+0000] {dag.py:3834} INFO - Setting next_dagrun for example_dynamic_task_mapping to 2022-03-04 00:00:00+00:00, run_after=2022-03-05 00:00:00+00:00
[2026-08-26T18:46:20.862+0000] {processor.py:183} INFO - Processing /home/airflow/.local/lib/python3.8/site-packages/airflow/example_dags/example_dynamic_task_mapping.py took 0.115 seconds
[2026-08-26T18:46:51.254+0000] {processor.py:161} INFO - Started process (PID=6669) to work on /home/airflow/.local/lib/python3.8/site-packages/airflow/example_dags/example_dynamic_task_mapping.py
[2026-08-26T18:46:51.255+0000] {processor.py:830} INFO - Processing file /home/airflow/.local/lib/python3.8/site-packages/airflow/example_dags/example_dynamic_task_mapping.py for tasks to queue
[2026-08-26T18:46:51.259+0000] {logging_mixin.py:188} INFO - [2026-08-26T18:46:51.258+0000] {dagbag.py:540} INFO - Filling up the DagBag from /home/airflow/.local/lib/python3.8/site-packages/airflow/example_dags/example_dynamic_task_mapping.py
[2026-08-26T18:46:51.274+0000] {processor.py:840} INFO - DAG(s) 'example_dynamic_task_mapping' retrieved from /home/airflow/.local/lib/python3.8/site-packages/airflow/example_dags/example_dynamic_task_mapping.py
[2026-08-26T18:46:51.305+0000] {logging_mixin.py:188} INFO - [2026-08-26T18:46:51.305+0000] {dag.py:3047} INFO - Sync 1 DAGs
[2026-08-26T18:46:51.341+0000] {logging_mixin.py:188} INFO - [2026-08-26T18:46:51.340+0000] {dag.py:3834} INFO - Setting next_dagrun for example_dynamic_task_mapping to 2022-03-04 00:00:00+00:00, run_after=2022-03-05 00:00:00+00:00
[2026-08-26T18:46:51.370+0000] {processor.py:183} INFO - Processing /home/airflow/.local/lib/python3.8/site-packages/airflow/example_dags/example_dynamic_task_mapping.py took 0.123 seconds
[2026-08-26T18:47:22.222+0000] {processor.py:161} INFO - Started process (PID=6726) to work on /home/airflow/.local/lib/python3.8/site-packages/airflow/example_dags/example_dynamic_task_mapping.py
[2026-08-26T18:47:22.225+0000] {processor.py:830} INFO - Processing file /home/airflow/.local/lib/python3.8/site-packages/airflow/example_dags/example_dynamic_task_mapping.py for tasks to queue
[2026-08-26T18:47:22.227+0000] {logging_mixin.py:188} INFO - [2026-08-26T18:47:22.227+0000] {dagbag.py:540} INFO - Filling up the DagBag from /home/airflow/.local/lib/python3.8/site-packages/airflow/example_dags/example_dynamic_task_mapping.py
[2026-08-26T18:47:22.236+0000] {processor.py:840} INFO - DAG(s) 'example_dynamic_task_mapping' retrieved from /home/airflow/.local/lib/python3.8/site-packages/airflow/example_dags/example_dynamic_task_mapping.py
[2026-08-26T18:47:22.263+0000] {logging_mixin.py:188} INFO - [2026-08-26T18:47:22.263+0000] {dag.py:3047} INFO - Sync 1 DAGs
[2026-08-26T18:47:22.297+0000] {logging_mixin.py:188} INFO - [2026-08-26T18:47:22.297+0000] {dag.py:3834} INFO - Setting next_dagrun for example_dynamic_task_mapping to 2022-03-04 00:00:00+00:00, run_after=2022-03-05 00:00:00+00:00
[2026-08-26T18:47:22.328+0000] {processor.py:183} INFO - Processing /home/airflow/.local/lib/python3.8/site-packages/airflow/example_dags/example_dynamic_task_mapping.py took 0.112 seconds
[2026-08-26T18:47:53.178+0000] {processor.py:161} INFO - Started process (PID=6783) to work on /home/airflow/.local/lib/python3.8/site-packages/airflow/example_dags/example_dynamic_task_mapping.py
[2026-08-26T18:47:53.180+0000] {processor.py:830} INFO - Processing file /home/airflow/.local/lib/python3.8/site-packages/airflow/example_dags/example_dynamic_task_mapping.py for tasks to queue
[2026-08-26T18:47:53.183+0000] {logging_mixin.py:188} INFO - [2026-08-26T18:47:53.183+0000] {dagbag.py:540} INFO - Filling up the DagBag from /home/airflow/.local/lib/python3.8/site-packages/airflow/example_dags/example_dynamic_task_mapping.py
[2026-08-26T18:47:53.197+0000] {processor.py:840} INFO - DAG(s) 'example_dynamic_task_mapping' retrieved from /home/airflow/.local/lib/python3.8/site-packages/airflow/example_dags/example_dynamic_task_mapping.py
[2026-08-26T18:47:53.227+0000] {logging_mixin.py:188} INFO - [2026-08-26T18:47:53.226+0000] {dag.py:3047} INFO - Sync 1 DAGs
[2026-08-26T18:47:53.256+0000] {logging_mixin.py:188} INFO - [2026-08-26T18:47:53.255+0000] {dag.py:3834} INFO - Setting next_dagrun for example_dynamic_task_mapping to 2022-03-04 00:00:00+00:00, run_after=2022-03-05 00:00:00+00:00
[2026-08-26T18:47:53.281+0000] {processor.py:183} INFO - Processing /home/airflow/.local/lib/python3.8/site-packages/airflow/example_dags/example_dynamic_task_mapping.py took 0.108 seconds
[2026-08-26T18:48:23.674+0000] {processor.py:161} INFO - Started process (PID=6840) to work on /home/airflow/.local/lib/python3.8/site-packages/airflow/example_dags/example_dynamic_task_mapping.py
[2026-08-26T18:48:23.676+0000] {processor.py:830} INFO - Processing file /home/airflow/.local/lib/python3.8/site-packages/airflow/example_dags/example_dynamic_task_mapping.py for tasks to queue
[2026-08-26T18:48:23.679+0000] {logging_mixin.py:188} INFO - [2026-08-26T18:48:23.678+0000] {dagbag.py:540} INFO - Filling up the DagBag from /home/airflow/.local/lib/python3.8/site-packages/airflow/example_dags/example_dynamic_task_mapping.py
[2026-08-26T18:48:23.691+0000] {processor.py:840} INFO - DAG(s) 'example_dynamic_task_mapping' retrieved from /home/airflow/.local/lib/python3.8/site-packages/airflow/example_dags/example_dynamic_task_mapping.py
[2026-08-26T18:48:23.718+0000] {logging_mixin.py:188} INFO - [2026-08-26T18:48:23.718+0000] {dag.py:3047} INFO - Sync 1 DAGs
[2026-08-26T18:48:23.744+0000] {logging_mixin.py:188} INFO - [2026-08-26T18:48:23.744+0000] {dag.py:3834} INFO - Setting next_dagrun for example_dynamic_task_mapping to 2022-03-04 00:00:00+00:00, run_after=2022-03-05 00:00:00+00:00
[2026-08-26T18:48:23.772+0000] {processor.py:183} INFO - Processing /home/airflow/.local/lib/python3.8/site-packages/airflow/example_dags/example_dynamic_task_mapping.py took 0.103 seconds
[2026-08-26T18:48:53.934+0000] {processor.py:161} INFO - Started process (PID=6897) to work on /home/airflow/.local/lib/python3.8/site-packages/airflow/example_dags/example_dynamic_task_mapping.py
[2026-08-26T18:48:53.936+0000] {processor.py:830} INFO - Processing file /home/airflow/.local/lib/python3.8/site-packages/airflow/example_dags/example_dynamic_task_mapping.py for tasks to queue
[2026-08-26T18:48:53.940+0000] {logging_mixin.py:188} INFO - [2026-08-26T18:48:53.939+0000] {dagbag.py:540} INFO - Filling up the DagBag from /home/airflow/.local/lib/python3.8/site-packages/airflow/example_dags/example_dynamic_task_mapping.py
[2026-08-26T18:48:53.952+0000] {processor.py:840} INFO - DAG(s) 'example_dynamic_task_mapping' retrieved from /home/airflow/.local/lib/python3.8/site-packages/airflow/example_dags/example_dynamic_task_mapping.py
[2026-08-26T18:48:53.982+0000] {logging_mixin.py:188} INFO - [2026-08-26T18:48:53.981+0000] {dag.py:3047} INFO - Sync 1 DAGs
[2026-08-26T18:48:54.014+0000] {logging_mixin.py:188} INFO - [2026-08-26T18:48:54.014+0000] {dag.py:3834} INFO - Setting next_dagrun for example_dynamic_task_mapping to 2022-03-04 00:00:00+00:00, run_after=2022-03-05 00:00:00+00:00
[2026-08-26T18:48:54.040+0000] {processor.py:183} INFO - Processing /home/airflow/.local/lib/python3.8/site-packages/airflow/example_dags/example_dynamic_task_mapping.py took 0.112 seconds
[2026-08-26T18:49:24.115+0000] {processor.py:161} INFO - Started process (PID=6954) to work on /home/airflow/.local/lib/python3.8/site-packages/airflow/example_dags/example_dynamic_task_mapping.py
[2026-08-26T18:49:24.117+0000] {processor.py:830} INFO - Processing file /home/airflow/.local/lib/python3.8/site-packages/airflow/example_dags/example_dynamic_task_mapping.py for tasks to queue
[2026-08-26T18:49:24.120+0000] {logging_mixin.py:188} INFO - [2026-08-26T18:49:24.120+0000] {dagbag.py:540} INFO - Filling up the DagBag from /home/airflow/.local/lib/python3.8/site-packages/airflow/example_dags/example_dynamic_task_mapping.py
[2026-08-26T18:49:24.129+0000] {processor.py:840} INFO - DAG(s) 'example_dynamic_task_mapping' retrieved from /home/airflow/.local/lib/python3.8/site-packages/airflow/example_dags/example_dynamic_task_mapping.py
[2026-08-26T18:49:24.156+0000] {logging_mixin.py:188} INFO - [2026-08-26T18:49:24.156+0000] {dag.py:3047} INFO - Sync 1 DAGs
[2026-08-26T18:49:24.182+0000] {logging_mixin.py:188} INFO - [2026-08-26T18:49:24.182+0000] {dag.py:3834} INFO - Setting next_dagrun for example_dynamic_task_mapping to 2022-03-04 00:00:00+00:00, run_after=2022-03-05 00:00:00+00:00
[2026-08-26T18:49:24.208+0000] {processor.py:183} INFO - Processing /home/airflow/.local/lib/python3.8/site-packages/airflow/example_dags/example_dynamic_task_mapping.py took 0.098 seconds
[2026-08-26T18:49:54.414+0000] {processor.py:161} INFO - Started process (PID=7011) to work on /home/airflow/.local/lib/python3.8/site-packages/airflow/example_dags/example_dynamic_task_mapping.py
[2026-08-26T18:49:54.416+0000] {processor.py:830} INFO - Processing file /home/airflow/.local/lib/python3.8/site-packages/airflow/example_dags/example_dynamic_task_mapping.py for tasks to queue
[2026-08-26T18:49:54.419+0000] {logging_mixin.py:188} INFO - [2026-08-26T18:49:54.419+0000] {dagbag.py:540} INFO - Filling up the DagBag from /home/airflow/.local/lib/python3.8/site-packages/airflow/example_dags/example_dynamic_task_mapping.py
[2026-08-26T18:49:54.429+0000] {processor.py:840} INFO - DAG(s) 'example_dynamic_task_mapping' retrieved from /home/airflow/.local/lib/python3.8/site-packages/airflow/example_dags/example_dynamic_task_mapping.py
[2026-08-26T18:49:54.452+0000] {logging_mixin.py:188} INFO - [2026-08-26T18:49:54.451+0000] {dag.py:3047} INFO - Sync 1 DAGs
[2026-08-26T18:49:54.480+0000] {logging_mixin.py:188} INFO - [2026-08-26T18:49:54.480+0000] {dag.py:3834} INFO - Setting next_dagrun for example_dynamic_task_mapping to 2022-03-04 00:00:00+00:00, run_after=2022-03-05 00:00:00+00:00
[2026-08-26T18:49:54.505+0000] {processor.py:183} INFO - Processing /home/airflow/.local/lib/python3.8/site-packages/airflow/example_dags/example_dynamic_task_mapping.py took 0.095 seconds
[2026-08-26T18:50:24.791+0000] {processor.py:161} INFO - Started process (PID=7068) to work on /home/airflow/.local/lib/python3.8/site-packages/airflow/example_dags/example_dynamic_task_mapping.py
[2026-08-26T18:50:24.794+0000] {processor.py:830} INFO - Processing file /home/airflow/.local/lib/python3.8/site-packages/airflow/example_dags/example_dynamic_task_mapping.py for tasks to queue
[2026-08-26T18:50:24.798+0000] {logging_mixin.py:188} INFO - [2026-08-26T18:50:24.797+0000] {dagbag.py:540} INFO - Filling up the DagBag from /home/airflow/.local/lib/python3.8/site-packages/airflow/example_dags/example_dynamic_task_mapping.py
[2026-08-26T18:50:24.814+0000] {processor.py:840} INFO - DAG(s) 'example_dynamic_task_mapping' retrieved from /home/airflow/.local/lib/python3.8/site-packages/airflow/example_dags/example_dynamic_task_mapping.py
[2026-08-26T18:50:24.869+0000] {logging_mixin.py:188} INFO - [2026-08-26T18:50:24.869+0000] {dag.py:3047} INFO - Sync 1 DAGs
[2026-08-26T18:50:24.913+0000] {logging_mixin.py:188} INFO - [2026-08-26T18:50:24.912+0000] {dag.py:3834} INFO - Setting next_dagrun for example_dynamic_task_mapping to 2022-03-04 00:00:00+00:00, run_after=2022-03-05 00:00:00+00:00
[2026-08-26T18:50:24.939+0000] {processor.py:183} INFO - Processing /home/airflow/.local/lib/python3.8/site-packages/airflow/example_dags/example_dynamic_task_mapping.py took 0.153 seconds
[2026-08-26T18:50:55.253+0000] {processor.py:161} INFO - Started process (PID=7125) to work on /home/airflow/.local/lib/python3.8/site-packages/airflow/example_dags/example_dynamic_task_mapping.py
[2026-08-26T18:50:55.255+0000] {processor.py:830} INFO - Processing file /home/airflow/.local/lib/python3.8/site-packages/airflow/example_dags/example_dynamic_task_mapping.py for tasks to queue
[2026-08-26T18:50:55.259+0000] {logging_mixin.py:188} INFO - [2026-08-26T18:50:55.258+0000] {dagbag.py:540} INFO - Filling up the DagBag from /home/airflow/.local/lib/python3.8/site-packages/airflow/example_dags/example_dynamic_task_mapping.py
[2026-08-26T18:50:55.269+0000] {processor.py:840} INFO - DAG(s) 'example_dynamic_task_mapping' retrieved from /home/airflow/.local/lib/python3.8/site-packages/airflow/example_dags/example_dynamic_task_mapping.py
[2026-08-26T18:50:55.298+0000] {logging_mixin.py:188} INFO - [2026-08-26T18:50:55.298+0000] {dag.py:3047} INFO - Sync 1 DAGs
[2026-08-26T18:50:55.327+0000] {logging_mixin.py:188} INFO - [2026-08-26T18:50:55.327+0000] {dag.py:3834} INFO - Setting next_dagrun for example_dynamic_task_mapping to 2022-03-04 00:00:00+00:00, run_after=2022-03-05 00:00:00+00:00
[2026-08-26T18:50:55.355+0000] {processor.py:183} INFO - Processing /home/airflow/.local/lib/python3.8/site-packages/airflow/example_dags/example_dynamic_task_mapping.py took 0.107 seconds
[2026-08-26T18:51:25.536+0000] {processor.py:161} INFO - Started process (PID=7182) to work on /home/airflow/.local/lib/python3.8/site-packages/airflow/example_dags/example_dynamic_task_mapping.py
[2026-08-26T18:51:25.538+0000] {processor.py:830} INFO - Processing file /home/airflow/.local/lib/python3.8/site-packages/airflow/example_dags/example_dynamic_task_mapping.py for tasks to queue
[2026-08-26T18:51:25.541+0000] {logging_mixin.py:188} INFO - [2026-08-26T18:51:25.541+0000] {dagbag.py:540} INFO - Filling up the DagBag from /home/airflow/.local/lib/python3.8/site-packages/airflow/example_dags/example_dynamic_task_mapping.py
[2026-08-26T18:51:25.553+0000] {processor.py:840} INFO - DAG(s) 'example_dynamic_task_mapping' retrieved from /home/airflow/.local/lib/python3.8/site-packages/airflow/example_dags/example_dynamic_task_mapping.py
[2026-08-26T18:51:25.583+0000] {logging_mixin.py:188} INFO - [2026-08-26T18:51:25.582+0000] {dag.py:3047} INFO - Sync 1 DAGs
[2026-08-26T18:51:25.613+0000] {logging_mixin.py:188} INFO - [2026-08-26T18:51:25.613+0000] {dag.py:3834} INFO - Setting next_dagrun for example_dynamic_task_mapping to 2022-03-04 00:00:00+00:00, run_after=2022-03-05 00:00:00+00:00
[2026-08-26T18:51:25.639+0000] {processor.py:183} INFO - Processing /home/airflow/.local/lib/python3.8/site-packages/airflow/example_dags/example_dynamic_task_mapping.py took 0.111 seconds
[2026-08-26T18:51:56.621+0000] {processor.py:161} INFO - Started process (PID=7239) to work on /home/airflow/.local/lib/python3.8/site-packages/airflow/example_dags/example_dynamic_task_mapping.py
[2026-08-26T18:51:56.623+0000] {processor.py:830} INFO - Processing file /home/airflow/.local/lib/python3.8/site-packages/airflow/example_dags/example_dynamic_task_mapping.py for tasks to queue
[2026-08-26T18:51:56.626+0000] {logging_mixin.py:188} INFO - [2026-08-26T18:51:56.626+0000] {dagbag.py:540} INFO - Filling up the DagBag from /home/airflow/.local/lib/python3.8/site-packages/airflow/example_dags/example_dynamic_task_mapping.py
[2026-08-26T18:51:56.638+0000] {processor.py:840} INFO - DAG(s) 'example_dynamic_task_mapping' retrieved from /home/airflow/.local/lib/python3.8/site-packages/airflow/example_dags/example_dynamic_task_mapping.py
[2026-08-26T18:51:56.665+0000] {logging_mixin.py:188} INFO - [2026-08-26T18:51:56.664+0000] {dag.py:3047} INFO - Sync 1 DAGs
[2026-08-26T18:51:56.693+0000] {logging_mixin.py:188} INFO - [2026-08-26T18:51:56.693+0000] {dag.py:3834} INFO - Setting next_dagrun for example_dynamic_task_mapping to 2022-03-04 00:00:00+00:00, run_after=2022-03-05 00:00:00+00:00
[2026-08-26T18:51:56.727+0000] {processor.py:183} INFO - Processing /home/airflow/.local/lib/python3.8/site-packages/airflow/example_dags/example_dynamic_task_mapping.py took 0.110 seconds
[2026-08-26T18:52:27.502+0000] {processor.py:161} INFO - Started process (PID=7296) to work on /home/airflow/.local/lib/python3.8/site-packages/airflow/example_dags/example_dynamic_task_mapping.py
[2026-08-26T18:52:27.504+0000] {processor.py:830} INFO - Processing file /home/airflow/.local/lib/python3.8/site-packages/airflow/example_dags/example_dynamic_task_mapping.py for tasks to queue
[2026-08-26T18:52:27.515+0000] {logging_mixin.py:188} INFO - [2026-08-26T18:52:27.515+0000] {dagbag.py:540} INFO - Filling up the DagBag from /home/airflow/.local/lib/python3.8/site-packages/airflow/example_dags/example_dynamic_task_mapping.py
[2026-08-26T18:52:27.523+0000] {processor.py:840} INFO - DAG(s) 'example_dynamic_task_mapping' retrieved from /home/airflow/.local/lib/python3.8/site-packages/airflow/example_dags/example_dynamic_task_mapping.py
[2026-08-26T18:52:27.549+0000] {logging_mixin.py:188} INFO - [2026-08-26T18:52:27.549+0000] {dag.py:3047} INFO - Sync 1 DAGs
[2026-08-26T18:52:27.582+0000] {logging_mixin.py:188} INFO - [2026-08-26T18:52:27.581+0000] {dag.py:3834} INFO - Setting next_dagrun for example_dynamic_task_mapping to 2022-03-04 00:00:00+00:00, run_after=2022-03-05 00:00:00+00:00
[2026-08-26T18:52:27.613+0000] {processor.py:183} INFO - Processing /home/airflow/.local/lib/python3.8/site-packages/airflow/example_dags/example_dynamic_task_mapping.py took 0.115 seconds
[2026-08-26T18:52:58.200+0000] {processor.py:161} INFO - Started process (PID=7353) to work on /home/airflow/.local/lib/python3.8/site-packages/airflow/example_dags/example_dynamic_task_mapping.py
[2026-08-26T18:52:58.202+0000] {processor.py:830} INFO - Processing file /home/airflow/.local/lib/python3.8/site-packages/airflow/example_dags/example_dynamic_task_mapping.py for tasks to queue
[2026-08-26T18:52:58.205+0000] {logging_mixin.py:188} INFO - [2026-08-26T18:52:58.205+0000] {dagbag.py:540} INFO - Filling up the DagBag from /home/airflow/.local/lib/python3.8/site-packages/airflow/example_dags/example_dynamic_task_mapping.py
[2026-08-26T18:52:58.216+0000] {processor.py:840} INFO - DAG(s) 'example_dynamic_task_mapping' retrieved from /home/airflow/.local/lib/python3.8/site-packages/airflow/example_dags/example_dynamic_task_mapping.py
[2026-08-26T18:52:58.249+0000] {logging_mixin.py:188} INFO - [2026-08-26T18:52:58.249+0000] {dag.py:3047} INFO - Sync 1 DAGs
[2026-08-26T18:52:58.280+0000] {logging_mixin.py:188} INFO - [2026-08-26T18:52:58.280+0000] {dag.py:3834} INFO - Setting next_dagrun for example_dynamic_task_mapping to 2022-03-04 00:00:00+00:00, run_after=2022-03-05 00:00:00+00:00
[2026-08-26T18:52:58.304+0000] {processor.py:183} INFO - Processing /home/airflow/.local/lib/python3.8/site-packages/airflow/example_dags/example_dynamic_task_mapping.py took 0.110 seconds
[2026-08-26T18:53:28.528+0000] {processor.py:161} INFO - Started process (PID=7410) to work on /home/airflow/.local/lib/python3.8/site-packages/airflow/example_dags/example_dynamic_task_mapping.py
[2026-08-26T18:53:28.530+0000] {processor.py:830} INFO - Processing file /home/airflow/.local/lib/python3.8/site-packages/airflow/example_dags/example_dynamic_task_mapping.py for tasks to queue
[2026-08-26T18:53:28.534+0000] {logging_mixin.py:188} INFO - [2026-08-26T18:53:28.533+0000] {dagbag.py:540} INFO - Filling up the DagBag from /home/airflow/.local/lib/python3.8/site-packages/airflow/example_dags/example_dynamic_task_mapping.py
[2026-08-26T18:53:28.543+0000] {processor.py:840} INFO - DAG(s) 'example_dynamic_task_mapping' retrieved from /home/airflow/.local/lib/python3.8/site-packages/airflow/example_dags/example_dynamic_task_mapping.py
[2026-08-26T18:53:28.572+0000] {logging_mixin.py:188} INFO - [2026-08-26T18:53:28.572+0000] {dag.py:3047} INFO - Sync 1 DAGs
[2026-08-26T18:53:28.605+0000] {logging_mixin.py:188} INFO - [2026-08-26T18:53:28.604+0000] {dag.py:3834} INFO - Setting next_dagrun for example_dynamic_task_mapping to 2022-03-04 00:00:00+00:00, run_after=2022-03-05 00:00:00+00:00
[2026-08-26T18:53:28.634+0000] {processor.py:183} INFO - Processing /home/airflow/.local/lib/python3.8/site-packages/airflow/example_dags/example_dynamic_task_mapping.py took 0.110 seconds
[2026-08-26T18:53:58.709+0000] {processor.py:161} INFO - Started process (PID=7467) to work on /home/airflow/.local/lib/python3.8/site-packages/airflow/example_dags/example_dynamic_task_mapping.py
[2026-08-26T18:53:58.711+0000] {processor.py:830} INFO - Processing file /home/airflow/.local/lib/python3.8/site-packages/airflow/example_dags/example_dynamic_task_mapping.py for tasks to queue
[2026-08-26T18:53:58.714+0000] {logging_mixin.py:188} INFO - [2026-08-26T18:53:58.714+0000] {dagbag.py:540} INFO - Filling up the DagBag from /home/airflow/.local/lib/python3.8/site-packages/airflow/example_dags/example_dynamic_task_mapping.py
[2026-08-26T18:53:58.722+0000] {processor.py:840} INFO - DAG(s) 'example_dynamic_task_mapping' retrieved from /home/airflow/.local/lib/python3.8/site-packages/airflow/example_dags/example_dynamic_task_mapping.py
[2026-08-26T18:53:58.747+0000] {logging_mixin.py:188} INFO - [2026-08-26T18:53:58.747+0000] {dag.py:3047} INFO - Sync 1 DAGs
[2026-08-26T18:53:58.777+0000] {logging_mixin.py:188} INFO - [2026-08-26T18:53:58.777+0000] {dag.py:3834} INFO - Setting next_dagrun for example_dynamic_task_mapping to 2022-03-04 00:00:00+00:00, run_after=2022-03-05 00:00:00+00:00
[2026-08-26T18:53:58.806+0000] {processor.py:183} INFO - Processing /home/airflow/.local/lib/python3.8/site-packages/airflow/example_dags/example_dynamic_task_mapping.py took 0.101 seconds
[2026-08-26T18:54:29.039+0000] {processor.py:161} INFO - Started process (PID=7524) to work on /home/airflow/.local/lib/python3.8/site-packages/airflow/example_dags/example_dynamic_task_mapping.py
[2026-08-26T18:54:29.041+0000] {processor.py:830} INFO - Processing file /home/airflow/.local/lib/python3.8/site-packages/airflow/example_dags/example_dynamic_task_mapping.py for tasks to queue
[2026-08-26T18:54:29.044+0000] {logging_mixin.py:188} INFO - [2026-08-26T18:54:29.043+0000] {dagbag.py:540} INFO - Filling up the DagBag from /home/airflow/.local/lib/python3.8/site-packages/airflow/example_dags/example_dynamic_task_mapping.py
[2026-08-26T18:54:29.058+0000] {processor.py:840} INFO - DAG(s) 'example_dynamic_task_mapping' retrieved from /home/airflow/.local/lib/python3.8/site-packages/airflow/example_dags/example_dynamic_task_mapping.py
[2026-08-26T18:54:29.089+0000] {logging_mixin.py:188} INFO - [2026-08-26T18:54:29.089+0000] {dag.py:3047} INFO - Sync 1 DAGs
[2026-08-26T18:54:29.118+0000] {logging_mixin.py:188} INFO - [2026-08-26T18:54:29.117+0000] {dag.py:3834} INFO - Setting next_dagrun for example_dynamic_task_mapping to 2022-03-04 00:00:00+00:00, run_after=2022-03-05 00:00:00+00:00
[2026-08-26T18:54:29.142+0000] {processor.py:183} INFO - Processing /home/airflow/.local/lib/python3.8/site-packages/airflow/example_dags/example_dynamic_task_mapping.py took 0.110 seconds
[2026-08-26T18:54:59.286+0000] {processor.py:161} INFO - Started process (PID=7581) to work on /home/airflow/.local/lib/python3.8/site-packages/airflow/example_dags/example_dynamic_task_mapping.py
[2026-08-26T18:54:59.289+0000] {processor.py:830} INFO - Processing file /home/airflow/.local/lib/python3.8/site-packages/airflow/example_dags/example_dynamic_task_mapping.py for tasks to queue
[2026-08-26T18:54:59.293+0000] {logging_mixin.py:188} INFO - [2026-08-26T18:54:59.293+0000] {dagbag.py:540} INFO - Filling up the DagBag from /home/airflow/.local/lib/python3.8/site-packages/airflow/example_dags/example_dynamic_task_mapping.py
[2026-08-26T18:54:59.304+0000] {processor.py:840} INFO - DAG(s) 'example_dynamic_task_mapping' retrieved from /home/airflow/.local/lib/python3.8/site-packages/airflow/example_dags/example_dynamic_task_mapping.py
[2026-08-26T18:54:59.338+0000] {logging_mixin.py:188} INFO - [2026-08-26T18:54:59.337+0000] {dag.py:3047} INFO - Sync 1 DAGs
[2026-08-26T18:54:59.374+0000] {logging_mixin.py:188} INFO - [2026-08-26T18:54:59.373+0000] {dag.py:3834} INFO - Setting next_dagrun for example_dynamic_task_mapping to 2022-03-04 00:00:00+00:00, run_after=2022-03-05 00:00:00+00:00
[2026-08-26T18:54:59.406+0000] {processor.py:183} INFO - Processing /home/airflow/.local/lib/python3.8/site-packages/airflow/example_dags/example_dynamic_task_mapping.py took 0.124 seconds
[2026-08-26T18:55:29.462+0000] {processor.py:161} INFO - Started process (PID=7638) to work on /home/airflow/.local/lib/python3.8/site-packages/airflow/example_dags/example_dynamic_task_mapping.py
[2026-08-26T18:55:29.464+0000] {processor.py:830} INFO - Processing file /home/airflow/.local/lib/python3.8/site-packages/airflow/example_dags/example_dynamic_task_mapping.py for tasks to queue
[2026-08-26T18:55:29.468+0000] {logging_mixin.py:188} INFO - [2026-08-26T18:55:29.468+0000] {dagbag.py:540} INFO - Filling up the DagBag from /home/airflow/.local/lib/python3.8/site-packages/airflow/example_dags/example_dynamic_task_mapping.py
[2026-08-26T18:55:29.480+0000] {processor.py:840} INFO - DAG(s) 'example_dynamic_task_mapping' retrieved from /home/airflow/.local/lib/python3.8/site-packages/airflow/example_dags/example_dynamic_task_mapping.py
[2026-08-26T18:55:29.508+0000] {logging_mixin.py:188} INFO - [2026-08-26T18:55:29.508+0000] {dag.py:3047} INFO - Sync 1 DAGs
[2026-08-26T18:55:29.538+0000] {logging_mixin.py:188} INFO - [2026-08-26T18:55:29.538+0000] {dag.py:3834} INFO - Setting next_dagrun for example_dynamic_task_mapping to 2022-03-04 00:00:00+00:00, run_after=2022-03-05 00:00:00+00:00
[2026-08-26T18:55:29.562+0000] {processor.py:183} INFO - Processing /home/airflow/.local/lib/python3.8/site-packages/airflow/example_dags/example_dynamic_task_mapping.py took 0.104 seconds
[2026-08-26T18:55:59.622+0000] {processor.py:161} INFO - Started process (PID=7695) to work on /home/airflow/.local/lib/python3.8/site-packages/airflow/example_dags/example_dynamic_task_mapping.py
[2026-08-26T18:55:59.625+0000] {processor.py:830} INFO - Processing file /home/airflow/.local/lib/python3.8/site-packages/airflow/example_dags/example_dynamic_task_mapping.py for tasks to queue
[2026-08-26T18:55:59.628+0000] {logging_mixin.py:188} INFO - [2026-08-26T18:55:59.628+0000] {dagbag.py:540} INFO - Filling up the DagBag from /home/airflow/.local/lib/python3.8/site-packages/airflow/example_dags/example_dynamic_task_mapping.py
[2026-08-26T18:55:59.637+0000] {processor.py:840} INFO - DAG(s) 'example_dynamic_task_mapping' retrieved from /home/airflow/.local/lib/python3.8/site-packages/airflow/example_dags/example_dynamic_task_mapping.py
[2026-08-26T18:55:59.668+0000] {logging_mixin.py:188} INFO - [2026-08-26T18:55:59.667+0000] {dag.py:3047} INFO - Sync 1 DAGs
[2026-08-26T18:55:59.698+0000] {logging_mixin.py:188} INFO - [2026-08-26T18:55:59.698+0000] {dag.py:3834} INFO - Setting next_dagrun for example_dynamic_task_mapping to 2022-03-04 00:00:00+00:00, run_after=2022-03-05 00:00:00+00:00
[2026-08-26T18:55:59.723+0000] {processor.py:183} INFO - Processing /home/airflow/.local/lib/python3.8/site-packages/airflow/example_dags/example_dynamic_task_mapping.py took 0.105 seconds
[2026-08-26T18:56:30.041+0000] {processor.py:161} INFO - Started process (PID=7752) to work on /home/airflow/.local/lib/python3.8/site-packages/airflow/example_dags/example_dynamic_task_mapping.py
[2026-08-26T18:56:30.042+0000] {processor.py:830} INFO - Processing file /home/airflow/.local/lib/python3.8/site-packages/airflow/example_dags/example_dynamic_task_mapping.py for tasks to queue
[2026-08-26T18:56:30.046+0000] {logging_mixin.py:188} INFO - [2026-08-26T18:56:30.045+0000] {dagbag.py:540} INFO - Filling up the DagBag from /home/airflow/.local/lib/python3.8/site-packages/airflow/example_dags/example_dynamic_task_mapping.py
[2026-08-26T18:56:30.053+0000] {processor.py:840} INFO - DAG(s) 'example_dynamic_task_mapping' retrieved from /home/airflow/.local/lib/python3.8/site-packages/airflow/example_dags/example_dynamic_task_mapping.py
[2026-08-26T18:56:30.079+0000] {logging_mixin.py:188} INFO - [2026-08-26T18:56:30.079+0000] {dag.py:3047} INFO - Sync 1 DAGs
[2026-08-26T18:56:30.108+0000] {logging_mixin.py:188} INFO - [2026-08-26T18:56:30.107+0000] {dag.py:3834} INFO - Setting next_dagrun for example_dynamic_task_mapping to 2022-03-04 00:00:00+00:00, run_after=2022-03-05 00:00:00+00:00
[2026-08-26T18:56:30.131+0000] {processor.py:183} INFO - Processing /home/airflow/.local/lib/python3.8/site-packages/airflow/example_dags/example_dynamic_task_mapping.py took 0.094 seconds
[2026-08-26T18:57:00.465+0000] {processor.py:161} INFO - Started process (PID=7809) to work on /home/airflow/.local/lib/python3.8/site-packages/airflow/example_dags/example_dynamic_task_mapping.py
[2026-08-26T18:57:00.468+0000] {processor.py:830} INFO - Processing file /home/airflow/.local/lib/python3.8/site-packages/airflow/example_dags/example_dynamic_task_mapping.py for tasks to queue
[2026-08-26T18:57:00.471+0000] {logging_mixin.py:188} INFO - [2026-08-26T18:57:00.471+0000] {dagbag.py:540} INFO - Filling up the DagBag from /home/airflow/.local/lib/python3.8/site-packages/airflow/example_dags/example_dynamic_task_mapping.py
[2026-08-26T18:57:00.480+0000] {processor.py:840} INFO - DAG(s) 'example_dynamic_task_mapping' retrieved from /home/airflow/.local/lib/python3.8/site-packages/airflow/example_dags/example_dynamic_task_mapping.py
[2026-08-26T18:57:00.508+0000] {logging_mixin.py:188} INFO - [2026-08-26T18:57:00.508+0000] {dag.py:3047} INFO - Sync 1 DAGs
[2026-08-26T18:57:00.535+0000] {logging_mixin.py:188} INFO - [2026-08-26T18:57:00.534+0000] {dag.py:3834} INFO - Setting next_dagrun for example_dynamic_task_mapping to 2022-03-04 00:00:00+00:00, run_after=2022-03-05 00:00:00+00:00
[2026-08-26T18:57:00.557+0000] {processor.py:183} INFO - Processing /home/airflow/.local/lib/python3.8/site-packages/airflow/example_dags/example_dynamic_task_mapping.py took 0.097 seconds
[2026-08-26T18:57:31.022+0000] {processor.py:161} INFO - Started process (PID=7866) to work on /home/airflow/.local/lib/python3.8/site-packages/airflow/example_dags/example_dynamic_task_mapping.py
[2026-08-26T18:57:31.023+0000] {processor.py:830} INFO - Processing file /home/airflow/.local/lib/python3.8/site-packages/airflow/example_dags/example_dynamic_task_mapping.py for tasks to queue
[2026-08-26T18:57:31.026+0000] {logging_mixin.py:188} INFO - [2026-08-26T18:57:31.026+0000] {dagbag.py:540} INFO - Filling up the DagBag from /home/airflow/.local/lib/python3.8/site-packages/airflow/example_dags/example_dynamic_task_mapping.py
[2026-08-26T18:57:31.035+0000] {processor.py:840} INFO - DAG(s) 'example_dynamic_task_mapping' retrieved from /home/airflow/.local/lib/python3.8/site-packages/airflow/example_dags/example_dynamic_task_mapping.py
[2026-08-26T18:57:31.061+0000] {logging_mixin.py:188} INFO - [2026-08-26T18:57:31.060+0000] {dag.py:3047} INFO - Sync 1 DAGs
[2026-08-26T18:57:31.086+0000] {logging_mixin.py:188} INFO - [2026-08-26T18:57:31.086+0000] {dag.py:3834} INFO - Setting next_dagrun for example_dynamic_task_mapping to 2022-03-04 00:00:00+00:00, run_after=2022-03-05 00:00:00+00:00
[2026-08-26T18:57:31.109+0000] {processor.py:183} INFO - Processing /home/airflow/.local/lib/python3.8/site-packages/airflow/example_dags/example_dynamic_task_mapping.py took 0.091 seconds
[2026-08-26T18:58:01.423+0000] {processor.py:161} INFO - Started process (PID=7923) to work on /home/airflow/.local/lib/python3.8/site-packages/airflow/example_dags/example_dynamic_task_mapping.py
[2026-08-26T18:58:01.425+0000] {processor.py:830} INFO - Processing file /home/airflow/.local/lib/python3.8/site-packages/airflow/example_dags/example_dynamic_task_mapping.py for tasks to queue
[2026-08-26T18:58:01.427+0000] {logging_mixin.py:188} INFO - [2026-08-26T18:58:01.427+0000] {dagbag.py:540} INFO - Filling up the DagBag from /home/airflow/.local/lib/python3.8/site-packages/airflow/example_dags/example_dynamic_task_mapping.py
[2026-08-26T18:58:01.436+0000] {processor.py:840} INFO - DAG(s) 'example_dynamic_task_mapping' retrieved from /home/airflow/.local/lib/python3.8/site-packages/airflow/example_dags/example_dynamic_task_mapping.py
[2026-08-26T18:58:01.464+0000] {logging_mixin.py:188} INFO - [2026-08-26T18:58:01.464+0000] {dag.py:3047} INFO - Sync 1 DAGs
[2026-08-26T18:58:01.489+0000] {logging_mixin.py:188} INFO - [2026-08-26T18:58:01.488+0000] {dag.py:3834} INFO - Setting next_dagrun for example_dynamic_task_mapping to 2022-03-04 00:00:00+00:00, run_after=2022-03-05 00:00:00+00:00
[2026-08-26T18:58:01.513+0000] {processor.py:183} INFO - Processing /home/airflow/.local/lib/python3.8/site-packages/airflow/example_dags/example_dynamic_task_mapping.py took 0.095 seconds
[2026-08-26T18:58:31.706+0000] {processor.py:161} INFO - Started process (PID=7980) to work on /home/airflow/.local/lib/python3.8/site-packages/airflow/example_dags/example_dynamic_task_mapping.py
[2026-08-26T18:58:31.708+0000] {processor.py:830} INFO - Processing file /home/airflow/.local/lib/python3.8/site-packages/airflow/example_dags/example_dynamic_task_mapping.py for tasks to queue
[2026-08-26T18:58:31.711+0000] {logging_mixin.py:188} INFO - [2026-08-26T18:58:31.711+0000] {dagbag.py:540} INFO - Filling up the DagBag from /home/airflow/.local/lib/python3.8/site-packages/airflow/example_dags/example_dynamic_task_mapping.py
[2026-08-26T18:58:31.719+0000] {processor.py:840} INFO - DAG(s) 'example_dynamic_task_mapping' retrieved from /home/airflow/.local/lib/python3.8/site-packages/airflow/example_dags/example_dynamic_task_mapping.py
[2026-08-26T18:58:31.747+0000] {logging_mixin.py:188} INFO - [2026-08-26T18:58:31.746+0000] {dag.py:3047} INFO - Sync 1 DAGs
[2026-08-26T18:58:31.773+0000] {logging_mixin.py:188} INFO - [2026-08-26T18:58:31.772+0000] {dag.py:3834} INFO - Setting next_dagrun for example_dynamic_task_mapping to 2022-03-04 00:00:00+00:00, run_after=2022-03-05 00:00:00+00:00
[2026-08-26T18:58:31.796+0000] {processor.py:183} INFO - Processing /home/airflow/.local/lib/python3.8/site-packages/airflow/example_dags/example_dynamic_task_mapping.py took 0.097 seconds
[2026-08-26T18:59:02.280+0000] {processor.py:161} INFO - Started process (PID=8037) to work on /home/airflow/.local/lib/python3.8/site-packages/airflow/example_dags/example_dynamic_task_mapping.py
[2026-08-26T18:59:02.282+0000] {processor.py:830} INFO - Processing file /home/airflow/.local/lib/python3.8/site-packages/airflow/example_dags/example_dynamic_task_mapping.py for tasks to queue
[2026-08-26T18:59:02.285+0000] {logging_mixin.py:188} INFO - [2026-08-26T18:59:02.285+0000] {dagbag.py:540} INFO - Filling up the DagBag from /home/airflow/.local/lib/python3.8/site-packages/airflow/example_dags/example_dynamic_task_mapping.py
[2026-08-26T18:59:02.292+0000] {processor.py:840} INFO - DAG(s) 'example_dynamic_task_mapping' retrieved from /home/airflow/.local/lib/python3.8/site-packages/airflow/example_dags/example_dynamic_task_mapping.py
[2026-08-26T18:59:02.320+0000] {logging_mixin.py:188} INFO - [2026-08-26T18:59:02.320+0000] {dag.py:3047} INFO - Sync 1 DAGs
[2026-08-26T18:59:02.347+0000] {logging_mixin.py:188} INFO - [2026-08-26T18:59:02.347+0000] {dag.py:3834} INFO - Setting next_dagrun for example_dynamic_task_mapping to 2022-03-04 00:00:00+00:00, run_after=2022-03-05 00:00:00+00:00
[2026-08-26T18:59:02.377+0000] {processor.py:183} INFO - Processing /home/airflow/.local/lib/python3.8/site-packages/airflow/example_dags/example_dynamic_task_mapping.py took 0.102 seconds
[2026-08-26T18:59:32.483+0000] {processor.py:161} INFO - Started process (PID=8094) to work on /home/airflow/.local/lib/python3.8/site-packages/airflow/example_dags/example_dynamic_task_mapping.py
[2026-08-26T18:59:32.485+0000] {processor.py:830} INFO - Processing file /home/airflow/.local/lib/python3.8/site-packages/airflow/example_dags/example_dynamic_task_mapping.py for tasks to queue
[2026-08-26T18:59:32.488+0000] {logging_mixin.py:188} INFO - [2026-08-26T18:59:32.487+0000] {dagbag.py:540} INFO - Filling up the DagBag from /home/airflow/.local/lib/python3.8/site-packages/airflow/example_dags/example_dynamic_task_mapping.py
[2026-08-26T18:59:32.498+0000] {processor.py:840} INFO - DAG(s) 'example_dynamic_task_mapping' retrieved from /home/airflow/.local/lib/python3.8/site-packages/airflow/example_dags/example_dynamic_task_mapping.py
[2026-08-26T18:59:32.523+0000] {logging_mixin.py:188} INFO - [2026-08-26T18:59:32.523+0000] {dag.py:3047} INFO - Sync 1 DAGs
[2026-08-26T18:59:32.555+0000] {logging_mixin.py:188} INFO - [2026-08-26T18:59:32.555+0000] {dag.py:3834} INFO - Setting next_dagrun for example_dynamic_task_mapping to 2022-03-04 00:00:00+00:00, run_after=2022-03-05 00:00:00+00:00
[2026-08-26T18:59:32.582+0000] {processor.py:183} INFO - Processing /home/airflow/.local/lib/python3.8/site-packages/airflow/example_dags/example_dynamic_task_mapping.py took 0.105 seconds
[2026-08-26T19:00:02.683+0000] {processor.py:161} INFO - Started process (PID=8151) to work on /home/airflow/.local/lib/python3.8/site-packages/airflow/example_dags/example_dynamic_task_mapping.py
[2026-08-26T19:00:02.685+0000] {processor.py:830} INFO - Processing file /home/airflow/.local/lib/python3.8/site-packages/airflow/example_dags/example_dynamic_task_mapping.py for tasks to queue
[2026-08-26T19:00:02.688+0000] {logging_mixin.py:188} INFO - [2026-08-26T19:00:02.688+0000] {dagbag.py:540} INFO - Filling up the DagBag from /home/airflow/.local/lib/python3.8/site-packages/airflow/example_dags/example_dynamic_task_mapping.py
[2026-08-26T19:00:02.698+0000] {processor.py:840} INFO - DAG(s) 'example_dynamic_task_mapping' retrieved from /home/airflow/.local/lib/python3.8/site-packages/airflow/example_dags/example_dynamic_task_mapping.py
[2026-08-26T19:00:02.726+0000] {logging_mixin.py:188} INFO - [2026-08-26T19:00:02.726+0000] {dag.py:3047} INFO - Sync 1 DAGs
[2026-08-26T19:00:02.755+0000] {logging_mixin.py:188} INFO - [2026-08-26T19:00:02.755+0000] {dag.py:3834} INFO - Setting next_dagrun for example_dynamic_task_mapping to 2022-03-04 00:00:00+00:00, run_after=2022-03-05 00:00:00+00:00
[2026-08-26T19:00:02.781+0000] {processor.py:183} INFO - Processing /home/airflow/.local/lib/python3.8/site-packages/airflow/example_dags/example_dynamic_task_mapping.py took 0.103 seconds
[2026-08-26T19:00:33.156+0000] {processor.py:161} INFO - Started process (PID=8208) to work on /home/airflow/.local/lib/python3.8/site-packages/airflow/example_dags/example_dynamic_task_mapping.py
[2026-08-26T19:00:33.158+0000] {processor.py:830} INFO - Processing file /home/airflow/.local/lib/python3.8/site-packages/airflow/example_dags/example_dynamic_task_mapping.py for tasks to queue
[2026-08-26T19:00:33.161+0000] {logging_mixin.py:188} INFO - [2026-08-26T19:00:33.160+0000] {dagbag.py:540} INFO - Filling up the DagBag from /home/airflow/.local/lib/python3.8/site-packages/airflow/example_dags/example_dynamic_task_mapping.py
[2026-08-26T19:00:33.175+0000] {processor.py:840} INFO - DAG(s) 'example_dynamic_task_mapping' retrieved from /home/airflow/.local/lib/python3.8/site-packages/airflow/example_dags/example_dynamic_task_mapping.py
[2026-08-26T19:00:33.209+0000] {logging_mixin.py:188} INFO - [2026-08-26T19:00:33.209+0000] {dag.py:3047} INFO - Sync 1 DAGs
[2026-08-26T19:00:33.242+0000] {logging_mixin.py:188} INFO - [2026-08-26T19:00:33.242+0000] {dag.py:3834} INFO - Setting next_dagrun for example_dynamic_task_mapping to 2022-03-04 00:00:00+00:00, run_after=2022-03-05 00:00:00+00:00
[2026-08-26T19:00:33.270+0000] {processor.py:183} INFO - Processing /home/airflow/.local/lib/python3.8/site-packages/airflow/example_dags/example_dynamic_task_mapping.py took 0.119 seconds
[2026-08-26T19:01:03.599+0000] {processor.py:161} INFO - Started process (PID=8265) to work on /home/airflow/.local/lib/python3.8/site-packages/airflow/example_dags/example_dynamic_task_mapping.py
[2026-08-26T19:01:03.600+0000] {processor.py:830} INFO - Processing file /home/airflow/.local/lib/python3.8/site-packages/airflow/example_dags/example_dynamic_task_mapping.py for tasks to queue
[2026-08-26T19:01:03.605+0000] {logging_mixin.py:188} INFO - [2026-08-26T19:01:03.604+0000] {dagbag.py:540} INFO - Filling up the DagBag from /home/airflow/.local/lib/python3.8/site-packages/airflow/example_dags/example_dynamic_task_mapping.py
[2026-08-26T19:01:03.615+0000] {processor.py:840} INFO - DAG(s) 'example_dynamic_task_mapping' retrieved from /home/airflow/.local/lib/python3.8/site-packages/airflow/example_dags/example_dynamic_task_mapping.py
[2026-08-26T19:01:03.642+0000] {logging_mixin.py:188} INFO - [2026-08-26T19:01:03.642+0000] {dag.py:3047} INFO - Sync 1 DAGs
[2026-08-26T19:01:03.671+0000] {logging_mixin.py:188} INFO - [2026-08-26T19:01:03.670+0000] {dag.py:3834} INFO - Setting next_dagrun for example_dynamic_task_mapping to 2022-03-04 00:00:00+00:00, run_after=2022-03-05 00:00:00+00:00
[2026-08-26T19:01:03.698+0000] {processor.py:183} INFO - Processing /home/airflow/.local/lib/python3.8/site-packages/airflow/example_dags/example_dynamic_task_mapping.py took 0.103 seconds
[2026-08-26T19:01:33.877+0000] {processor.py:161} INFO - Started process (PID=8322) to work on /home/airflow/.local/lib/python3.8/site-packages/airflow/example_dags/example_dynamic_task_mapping.py
[2026-08-26T19:01:33.879+0000] {processor.py:830} INFO - Processing file /home/airflow/.local/lib/python3.8/site-packages/airflow/example_dags/example_dynamic_task_mapping.py for tasks to queue
[2026-08-26T19:01:33.883+0000] {logging_mixin.py:188} INFO - [2026-08-26T19:01:33.883+0000] {dagbag.py:540} INFO - Filling up the DagBag from /home/airflow/.local/lib/python3.8/site-packages/airflow/example_dags/example_dynamic_task_mapping.py
[2026-08-26T19:01:33.894+0000] {processor.py:840} INFO - DAG(s) 'example_dynamic_task_mapping' retrieved from /home/airflow/.local/lib/python3.8/site-packages/airflow/example_dags/example_dynamic_task_mapping.py
[2026-08-26T19:01:33.919+0000] {logging_mixin.py:188} INFO - [2026-08-26T19:01:33.919+0000] {dag.py:3047} INFO - Sync 1 DAGs
[2026-08-26T19:01:33.950+0000] {logging_mixin.py:188} INFO - [2026-08-26T19:01:33.950+0000] {dag.py:3834} INFO - Setting next_dagrun for example_dynamic_task_mapping to 2022-03-04 00:00:00+00:00, run_after=2022-03-05 00:00:00+00:00
[2026-08-26T19:01:33.976+0000] {processor.py:183} INFO - Processing /home/airflow/.local/lib/python3.8/site-packages/airflow/example_dags/example_dynamic_task_mapping.py took 0.104 seconds
[2026-08-26T19:02:04.267+0000] {processor.py:161} INFO - Started process (PID=8380) to work on /home/airflow/.local/lib/python3.8/site-packages/airflow/example_dags/example_dynamic_task_mapping.py
[2026-08-26T19:02:04.271+0000] {processor.py:830} INFO - Processing file /home/airflow/.local/lib/python3.8/site-packages/airflow/example_dags/example_dynamic_task_mapping.py for tasks to queue
[2026-08-26T19:02:04.275+0000] {logging_mixin.py:188} INFO - [2026-08-26T19:02:04.274+0000] {dagbag.py:540} INFO - Filling up the DagBag from /home/airflow/.local/lib/python3.8/site-packages/airflow/example_dags/example_dynamic_task_mapping.py
[2026-08-26T19:02:04.284+0000] {processor.py:840} INFO - DAG(s) 'example_dynamic_task_mapping' retrieved from /home/airflow/.local/lib/python3.8/site-packages/airflow/example_dags/example_dynamic_task_mapping.py
[2026-08-26T19:02:04.312+0000] {logging_mixin.py:188} INFO - [2026-08-26T19:02:04.312+0000] {dag.py:3047} INFO - Sync 1 DAGs
[2026-08-26T19:02:04.341+0000] {logging_mixin.py:188} INFO - [2026-08-26T19:02:04.340+0000] {dag.py:3834} INFO - Setting next_dagrun for example_dynamic_task_mapping to 2022-03-04 00:00:00+00:00, run_after=2022-03-05 00:00:00+00:00
[2026-08-26T19:02:04.366+0000] {processor.py:183} INFO - Processing /home/airflow/.local/lib/python3.8/site-packages/airflow/example_dags/example_dynamic_task_mapping.py took 0.104 seconds
[2026-08-26T19:02:35.028+0000] {processor.py:161} INFO - Started process (PID=8436) to work on /home/airflow/.local/lib/python3.8/site-packages/airflow/example_dags/example_dynamic_task_mapping.py
[2026-08-26T19:02:35.030+0000] {processor.py:830} INFO - Processing file /home/airflow/.local/lib/python3.8/site-packages/airflow/example_dags/example_dynamic_task_mapping.py for tasks to queue
[2026-08-26T19:02:35.033+0000] {logging_mixin.py:188} INFO - [2026-08-26T19:02:35.032+0000] {dagbag.py:540} INFO - Filling up the DagBag from /home/airflow/.local/lib/python3.8/site-packages/airflow/example_dags/example_dynamic_task_mapping.py
[2026-08-26T19:02:35.042+0000] {processor.py:840} INFO - DAG(s) 'example_dynamic_task_mapping' retrieved from /home/airflow/.local/lib/python3.8/site-packages/airflow/example_dags/example_dynamic_task_mapping.py
[2026-08-26T19:02:35.070+0000] {logging_mixin.py:188} INFO - [2026-08-26T19:02:35.070+0000] {dag.py:3047} INFO - Sync 1 DAGs
[2026-08-26T19:02:35.106+0000] {logging_mixin.py:188} INFO - [2026-08-26T19:02:35.105+0000] {dag.py:3834} INFO - Setting next_dagrun for example_dynamic_task_mapping to 2022-03-04 00:00:00+00:00, run_after=2022-03-05 00:00:00+00:00
[2026-08-26T19:02:35.129+0000] {processor.py:183} INFO - Processing /home/airflow/.local/lib/python3.8/site-packages/airflow/example_dags/example_dynamic_task_mapping.py took 0.105 seconds
[2026-08-26T19:03:06.011+0000] {processor.py:161} INFO - Started process (PID=8493) to work on /home/airflow/.local/lib/python3.8/site-packages/airflow/example_dags/example_dynamic_task_mapping.py
[2026-08-26T19:03:06.013+0000] {processor.py:830} INFO - Processing file /home/airflow/.local/lib/python3.8/site-packages/airflow/example_dags/example_dynamic_task_mapping.py for tasks to queue
[2026-08-26T19:03:06.018+0000] {logging_mixin.py:188} INFO - [2026-08-26T19:03:06.017+0000] {dagbag.py:540} INFO - Filling up the DagBag from /home/airflow/.local/lib/python3.8/site-packages/airflow/example_dags/example_dynamic_task_mapping.py
[2026-08-26T19:03:06.029+0000] {processor.py:840} INFO - DAG(s) 'example_dynamic_task_mapping' retrieved from /home/airflow/.local/lib/python3.8/site-packages/airflow/example_dags/example_dynamic_task_mapping.py
[2026-08-26T19:03:06.054+0000] {logging_mixin.py:188} INFO - [2026-08-26T19:03:06.054+0000] {dag.py:3047} INFO - Sync 1 DAGs
[2026-08-26T19:03:06.087+0000] {logging_mixin.py:188} INFO - [2026-08-26T19:03:06.087+0000] {dag.py:3834} INFO - Setting next_dagrun for example_dynamic_task_mapping to 2022-03-04 00:00:00+00:00, run_after=2022-03-05 00:00:00+00:00
[2026-08-26T19:03:06.113+0000] {processor.py:183} INFO - Processing /home/airflow/.local/lib/python3.8/site-packages/airflow/example_dags/example_dynamic_task_mapping.py took 0.107 seconds
[2026-08-26T19:03:36.444+0000] {processor.py:161} INFO - Started process (PID=8550) to work on /home/airflow/.local/lib/python3.8/site-packages/airflow/example_dags/example_dynamic_task_mapping.py
[2026-08-26T19:03:36.447+0000] {processor.py:830} INFO - Processing file /home/airflow/.local/lib/python3.8/site-packages/airflow/example_dags/example_dynamic_task_mapping.py for tasks to queue
[2026-08-26T19:03:36.450+0000] {logging_mixin.py:188} INFO - [2026-08-26T19:03:36.450+0000] {dagbag.py:540} INFO - Filling up the DagBag from /home/airflow/.local/lib/python3.8/site-packages/airflow/example_dags/example_dynamic_task_mapping.py
[2026-08-26T19:03:36.458+0000] {processor.py:840} INFO - DAG(s) 'example_dynamic_task_mapping' retrieved from /home/airflow/.local/lib/python3.8/site-packages/airflow/example_dags/example_dynamic_task_mapping.py
[2026-08-26T19:03:36.485+0000] {logging_mixin.py:188} INFO - [2026-08-26T19:03:36.485+0000] {dag.py:3047} INFO - Sync 1 DAGs
[2026-08-26T19:03:36.512+0000] {logging_mixin.py:188} INFO - [2026-08-26T19:03:36.512+0000] {dag.py:3834} INFO - Setting next_dagrun for example_dynamic_task_mapping to 2022-03-04 00:00:00+00:00, run_after=2022-03-05 00:00:00+00:00
[2026-08-26T19:03:36.536+0000] {processor.py:183} INFO - Processing /home/airflow/.local/lib/python3.8/site-packages/airflow/example_dags/example_dynamic_task_mapping.py took 0.096 seconds
[2026-08-26T19:04:07.540+0000] {processor.py:161} INFO - Started process (PID=8607) to work on /home/airflow/.local/lib/python3.8/site-packages/airflow/example_dags/example_dynamic_task_mapping.py
[2026-08-26T19:04:07.542+0000] {processor.py:830} INFO - Processing file /home/airflow/.local/lib/python3.8/site-packages/airflow/example_dags/example_dynamic_task_mapping.py for tasks to queue
[2026-08-26T19:04:07.545+0000] {logging_mixin.py:188} INFO - [2026-08-26T19:04:07.545+0000] {dagbag.py:540} INFO - Filling up the DagBag from /home/airflow/.local/lib/python3.8/site-packages/airflow/example_dags/example_dynamic_task_mapping.py
[2026-08-26T19:04:07.553+0000] {processor.py:840} INFO - DAG(s) 'example_dynamic_task_mapping' retrieved from /home/airflow/.local/lib/python3.8/site-packages/airflow/example_dags/example_dynamic_task_mapping.py
[2026-08-26T19:04:07.579+0000] {logging_mixin.py:188} INFO - [2026-08-26T19:04:07.579+0000] {dag.py:3047} INFO - Sync 1 DAGs
[2026-08-26T19:04:07.783+0000] {logging_mixin.py:188} INFO - [2026-08-26T19:04:07.783+0000] {dag.py:3834} INFO - Setting next_dagrun for example_dynamic_task_mapping to 2022-03-04 00:00:00+00:00, run_after=2022-03-05 00:00:00+00:00
[2026-08-26T19:04:07.811+0000] {processor.py:183} INFO - Processing /home/airflow/.local/lib/python3.8/site-packages/airflow/example_dags/example_dynamic_task_mapping.py took 0.276 seconds
[2026-08-26T19:04:38.222+0000] {processor.py:161} INFO - Started process (PID=8664) to work on /home/airflow/.local/lib/python3.8/site-packages/airflow/example_dags/example_dynamic_task_mapping.py
[2026-08-26T19:04:38.226+0000] {processor.py:830} INFO - Processing file /home/airflow/.local/lib/python3.8/site-packages/airflow/example_dags/example_dynamic_task_mapping.py for tasks to queue
[2026-08-26T19:04:38.230+0000] {logging_mixin.py:188} INFO - [2026-08-26T19:04:38.229+0000] {dagbag.py:540} INFO - Filling up the DagBag from /home/airflow/.local/lib/python3.8/site-packages/airflow/example_dags/example_dynamic_task_mapping.py
[2026-08-26T19:04:38.238+0000] {processor.py:840} INFO - DAG(s) 'example_dynamic_task_mapping' retrieved from /home/airflow/.local/lib/python3.8/site-packages/airflow/example_dags/example_dynamic_task_mapping.py
[2026-08-26T19:04:38.266+0000] {logging_mixin.py:188} INFO - [2026-08-26T19:04:38.266+0000] {dag.py:3047} INFO - Sync 1 DAGs
[2026-08-26T19:04:38.460+0000] {logging_mixin.py:188} INFO - [2026-08-26T19:04:38.459+0000] {dag.py:3834} INFO - Setting next_dagrun for example_dynamic_task_mapping to 2022-03-04 00:00:00+00:00, run_after=2022-03-05 00:00:00+00:00
[2026-08-26T19:04:38.483+0000] {processor.py:183} INFO - Processing /home/airflow/.local/lib/python3.8/site-packages/airflow/example_dags/example_dynamic_task_mapping.py took 0.266 seconds
[2026-08-26T19:05:08.616+0000] {processor.py:161} INFO - Started process (PID=8721) to work on /home/airflow/.local/lib/python3.8/site-packages/airflow/example_dags/example_dynamic_task_mapping.py
[2026-08-26T19:05:08.619+0000] {processor.py:830} INFO - Processing file /home/airflow/.local/lib/python3.8/site-packages/airflow/example_dags/example_dynamic_task_mapping.py for tasks to queue
[2026-08-26T19:05:08.624+0000] {logging_mixin.py:188} INFO - [2026-08-26T19:05:08.623+0000] {dagbag.py:540} INFO - Filling up the DagBag from /home/airflow/.local/lib/python3.8/site-packages/airflow/example_dags/example_dynamic_task_mapping.py
[2026-08-26T19:05:08.634+0000] {processor.py:840} INFO - DAG(s) 'example_dynamic_task_mapping' retrieved from /home/airflow/.local/lib/python3.8/site-packages/airflow/example_dags/example_dynamic_task_mapping.py
[2026-08-26T19:05:08.665+0000] {logging_mixin.py:188} INFO - [2026-08-26T19:05:08.665+0000] {dag.py:3047} INFO - Sync 1 DAGs
[2026-08-26T19:05:08.893+0000] {logging_mixin.py:188} INFO - [2026-08-26T19:05:08.893+0000] {dag.py:3834} INFO - Setting next_dagrun for example_dynamic_task_mapping to 2022-03-04 00:00:00+00:00, run_after=2022-03-05 00:00:00+00:00
[2026-08-26T19:05:08.925+0000] {processor.py:183} INFO - Processing /home/airflow/.local/lib/python3.8/site-packages/airflow/example_dags/example_dynamic_task_mapping.py took 0.315 seconds
[2026-08-26T19:05:39.252+0000] {processor.py:161} INFO - Started process (PID=8778) to work on /home/airflow/.local/lib/python3.8/site-packages/airflow/example_dags/example_dynamic_task_mapping.py
[2026-08-26T19:05:39.255+0000] {processor.py:830} INFO - Processing file /home/airflow/.local/lib/python3.8/site-packages/airflow/example_dags/example_dynamic_task_mapping.py for tasks to queue
[2026-08-26T19:05:39.258+0000] {logging_mixin.py:188} INFO - [2026-08-26T19:05:39.258+0000] {dagbag.py:540} INFO - Filling up the DagBag from /home/airflow/.local/lib/python3.8/site-packages/airflow/example_dags/example_dynamic_task_mapping.py
[2026-08-26T19:05:39.269+0000] {processor.py:840} INFO - DAG(s) 'example_dynamic_task_mapping' retrieved from /home/airflow/.local/lib/python3.8/site-packages/airflow/example_dags/example_dynamic_task_mapping.py
[2026-08-26T19:05:39.303+0000] {logging_mixin.py:188} INFO - [2026-08-26T19:05:39.302+0000] {dag.py:3047} INFO - Sync 1 DAGs
[2026-08-26T19:05:39.503+0000] {logging_mixin.py:188} INFO - [2026-08-26T19:05:39.503+0000] {dag.py:3834} INFO - Setting next_dagrun for example_dynamic_task_mapping to 2022-03-04 00:00:00+00:00, run_after=2022-03-05 00:00:00+00:00
[2026-08-26T19:05:39.526+0000] {processor.py:183} INFO - Processing /home/airflow/.local/lib/python3.8/site-packages/airflow/example_dags/example_dynamic_task_mapping.py took 0.278 seconds
[2026-08-26T19:06:09.831+0000] {processor.py:161} INFO - Started process (PID=8835) to work on /home/airflow/.local/lib/python3.8/site-packages/airflow/example_dags/example_dynamic_task_mapping.py
[2026-08-26T19:06:09.835+0000] {processor.py:830} INFO - Processing file /home/airflow/.local/lib/python3.8/site-packages/airflow/example_dags/example_dynamic_task_mapping.py for tasks to queue
[2026-08-26T19:06:09.837+0000] {logging_mixin.py:188} INFO - [2026-08-26T19:06:09.837+0000] {dagbag.py:540} INFO - Filling up the DagBag from /home/airflow/.local/lib/python3.8/site-packages/airflow/example_dags/example_dynamic_task_mapping.py
[2026-08-26T19:06:09.845+0000] {processor.py:840} INFO - DAG(s) 'example_dynamic_task_mapping' retrieved from /home/airflow/.local/lib/python3.8/site-packages/airflow/example_dags/example_dynamic_task_mapping.py
[2026-08-26T19:06:09.871+0000] {logging_mixin.py:188} INFO - [2026-08-26T19:06:09.871+0000] {dag.py:3047} INFO - Sync 1 DAGs
[2026-08-26T19:06:10.041+0000] {logging_mixin.py:188} INFO - [2026-08-26T19:06:10.041+0000] {dag.py:3834} INFO - Setting next_dagrun for example_dynamic_task_mapping to 2022-03-04 00:00:00+00:00, run_after=2022-03-05 00:00:00+00:00
[2026-08-26T19:06:10.062+0000] {processor.py:183} INFO - Processing /home/airflow/.local/lib/python3.8/site-packages/airflow/example_dags/example_dynamic_task_mapping.py took 0.235 seconds
[2026-08-26T19:06:40.258+0000] {processor.py:161} INFO - Started process (PID=8892) to work on /home/airflow/.local/lib/python3.8/site-packages/airflow/example_dags/example_dynamic_task_mapping.py
[2026-08-26T19:06:40.260+0000] {processor.py:830} INFO - Processing file /home/airflow/.local/lib/python3.8/site-packages/airflow/example_dags/example_dynamic_task_mapping.py for tasks to queue
[2026-08-26T19:06:40.264+0000] {logging_mixin.py:188} INFO - [2026-08-26T19:06:40.264+0000] {dagbag.py:540} INFO - Filling up the DagBag from /home/airflow/.local/lib/python3.8/site-packages/airflow/example_dags/example_dynamic_task_mapping.py
[2026-08-26T19:06:40.272+0000] {processor.py:840} INFO - DAG(s) 'example_dynamic_task_mapping' retrieved from /home/airflow/.local/lib/python3.8/site-packages/airflow/example_dags/example_dynamic_task_mapping.py
[2026-08-26T19:06:40.296+0000] {logging_mixin.py:188} INFO - [2026-08-26T19:06:40.296+0000] {dag.py:3047} INFO - Sync 1 DAGs
[2026-08-26T19:06:40.319+0000] {logging_mixin.py:188} INFO - [2026-08-26T19:06:40.319+0000] {dag.py:3834} INFO - Setting next_dagrun for example_dynamic_task_mapping to 2022-03-04 00:00:00+00:00, run_after=2022-03-05 00:00:00+00:00
[2026-08-26T19:06:40.341+0000] {processor.py:183} INFO - Processing /home/airflow/.local/lib/python3.8/site-packages/airflow/example_dags/example_dynamic_task_mapping.py took 0.087 seconds
[2026-08-26T19:07:10.530+0000] {processor.py:161} INFO - Started process (PID=8947) to work on /home/airflow/.local/lib/python3.8/site-packages/airflow/example_dags/example_dynamic_task_mapping.py
[2026-08-26T19:07:10.532+0000] {processor.py:830} INFO - Processing file /home/airflow/.local/lib/python3.8/site-packages/airflow/example_dags/example_dynamic_task_mapping.py for tasks to queue
[2026-08-26T19:07:10.536+0000] {logging_mixin.py:188} INFO - [2026-08-26T19:07:10.536+0000] {dagbag.py:540} INFO - Filling up the DagBag from /home/airflow/.local/lib/python3.8/site-packages/airflow/example_dags/example_dynamic_task_mapping.py
[2026-08-26T19:07:10.547+0000] {processor.py:840} INFO - DAG(s) 'example_dynamic_task_mapping' retrieved from /home/airflow/.local/lib/python3.8/site-packages/airflow/example_dags/example_dynamic_task_mapping.py
[2026-08-26T19:07:10.572+0000] {logging_mixin.py:188} INFO - [2026-08-26T19:07:10.572+0000] {dag.py:3047} INFO - Sync 1 DAGs
[2026-08-26T19:07:10.602+0000] {logging_mixin.py:188} INFO - [2026-08-26T19:07:10.602+0000] {dag.py:3834} INFO - Setting next_dagrun for example_dynamic_task_mapping to 2022-03-04 00:00:00+00:00, run_after=2022-03-05 00:00:00+00:00
[2026-08-26T19:07:10.630+0000] {processor.py:183} INFO - Processing /home/airflow/.local/lib/python3.8/site-packages/airflow/example_dags/example_dynamic_task_mapping.py took 0.106 seconds
[2026-08-26T19:07:40.999+0000] {processor.py:161} INFO - Started process (PID=9004) to work on /home/airflow/.local/lib/python3.8/site-packages/airflow/example_dags/example_dynamic_task_mapping.py
[2026-08-26T19:07:41.001+0000] {processor.py:830} INFO - Processing file /home/airflow/.local/lib/python3.8/site-packages/airflow/example_dags/example_dynamic_task_mapping.py for tasks to queue
[2026-08-26T19:07:41.005+0000] {logging_mixin.py:188} INFO - [2026-08-26T19:07:41.004+0000] {dagbag.py:540} INFO - Filling up the DagBag from /home/airflow/.local/lib/python3.8/site-packages/airflow/example_dags/example_dynamic_task_mapping.py
[2026-08-26T19:07:41.015+0000] {processor.py:840} INFO - DAG(s) 'example_dynamic_task_mapping' retrieved from /home/airflow/.local/lib/python3.8/site-packages/airflow/example_dags/example_dynamic_task_mapping.py
[2026-08-26T19:07:41.042+0000] {logging_mixin.py:188} INFO - [2026-08-26T19:07:41.042+0000] {dag.py:3047} INFO - Sync 1 DAGs
[2026-08-26T19:07:41.073+0000] {logging_mixin.py:188} INFO - [2026-08-26T19:07:41.073+0000] {dag.py:3834} INFO - Setting next_dagrun for example_dynamic_task_mapping to 2022-03-04 00:00:00+00:00, run_after=2022-03-05 00:00:00+00:00
[2026-08-26T19:07:41.113+0000] {processor.py:183} INFO - Processing /home/airflow/.local/lib/python3.8/site-packages/airflow/example_dags/example_dynamic_task_mapping.py took 0.117 seconds
[2026-08-26T19:08:11.265+0000] {processor.py:161} INFO - Started process (PID=9061) to work on /home/airflow/.local/lib/python3.8/site-packages/airflow/example_dags/example_dynamic_task_mapping.py
[2026-08-26T19:08:11.268+0000] {processor.py:830} INFO - Processing file /home/airflow/.local/lib/python3.8/site-packages/airflow/example_dags/example_dynamic_task_mapping.py for tasks to queue
[2026-08-26T19:08:11.273+0000] {logging_mixin.py:188} INFO - [2026-08-26T19:08:11.272+0000] {dagbag.py:540} INFO - Filling up the DagBag from /home/airflow/.local/lib/python3.8/site-packages/airflow/example_dags/example_dynamic_task_mapping.py
[2026-08-26T19:08:11.291+0000] {processor.py:840} INFO - DAG(s) 'example_dynamic_task_mapping' retrieved from /home/airflow/.local/lib/python3.8/site-packages/airflow/example_dags/example_dynamic_task_mapping.py
[2026-08-26T19:08:11.333+0000] {logging_mixin.py:188} INFO - [2026-08-26T19:08:11.332+0000] {dag.py:3047} INFO - Sync 1 DAGs
[2026-08-26T19:08:11.385+0000] {logging_mixin.py:188} INFO - [2026-08-26T19:08:11.384+0000] {dag.py:3834} INFO - Setting next_dagrun for example_dynamic_task_mapping to 2022-03-04 00:00:00+00:00, run_after=2022-03-05 00:00:00+00:00
[2026-08-26T19:08:11.412+0000] {processor.py:183} INFO - Processing /home/airflow/.local/lib/python3.8/site-packages/airflow/example_dags/example_dynamic_task_mapping.py took 0.151 seconds
[2026-08-26T19:08:41.937+0000] {processor.py:161} INFO - Started process (PID=9118) to work on /home/airflow/.local/lib/python3.8/site-packages/airflow/example_dags/example_dynamic_task_mapping.py
[2026-08-26T19:08:41.939+0000] {processor.py:830} INFO - Processing file /home/airflow/.local/lib/python3.8/site-packages/airflow/example_dags/example_dynamic_task_mapping.py for tasks to queue
[2026-08-26T19:08:41.941+0000] {logging_mixin.py:188} INFO - [2026-08-26T19:08:41.941+0000] {dagbag.py:540} INFO - Filling up the DagBag from /home/airflow/.local/lib/python3.8/site-packages/airflow/example_dags/example_dynamic_task_mapping.py
[2026-08-26T19:08:41.949+0000] {processor.py:840} INFO - DAG(s) 'example_dynamic_task_mapping' retrieved from /home/airflow/.local/lib/python3.8/site-packages/airflow/example_dags/example_dynamic_task_mapping.py
[2026-08-26T19:08:41.981+0000] {logging_mixin.py:188} INFO - [2026-08-26T19:08:41.980+0000] {dag.py:3047} INFO - Sync 1 DAGs
[2026-08-26T19:08:42.010+0000] {logging_mixin.py:188} INFO - [2026-08-26T19:08:42.010+0000] {dag.py:3834} INFO - Setting next_dagrun for example_dynamic_task_mapping to 2022-03-04 00:00:00+00:00, run_after=2022-03-05 00:00:00+00:00
[2026-08-26T19:08:42.040+0000] {processor.py:183} INFO - Processing /home/airflow/.local/lib/python3.8/site-packages/airflow/example_dags/example_dynamic_task_mapping.py took 0.109 seconds
[2026-08-26T19:09:12.813+0000] {processor.py:161} INFO - Started process (PID=9181) to work on /home/airflow/.local/lib/python3.8/site-packages/airflow/example_dags/example_dynamic_task_mapping.py
[2026-08-26T19:09:12.820+0000] {processor.py:830} INFO - Processing file /home/airflow/.local/lib/python3.8/site-packages/airflow/example_dags/example_dynamic_task_mapping.py for tasks to queue
[2026-08-26T19:09:12.826+0000] {logging_mixin.py:188} INFO - [2026-08-26T19:09:12.825+0000] {dagbag.py:540} INFO - Filling up the DagBag from /home/airflow/.local/lib/python3.8/site-packages/airflow/example_dags/example_dynamic_task_mapping.py
[2026-08-26T19:09:12.842+0000] {processor.py:840} INFO - DAG(s) 'example_dynamic_task_mapping' retrieved from /home/airflow/.local/lib/python3.8/site-packages/airflow/example_dags/example_dynamic_task_mapping.py
[2026-08-26T19:09:12.884+0000] {logging_mixin.py:188} INFO - [2026-08-26T19:09:12.884+0000] {dag.py:3047} INFO - Sync 1 DAGs
[2026-08-26T19:09:12.935+0000] {logging_mixin.py:188} INFO - [2026-08-26T19:09:12.933+0000] {dag.py:3834} INFO - Setting next_dagrun for example_dynamic_task_mapping to 2022-03-04 00:00:00+00:00, run_after=2022-03-05 00:00:00+00:00
[2026-08-26T19:09:12.972+0000] {processor.py:183} INFO - Processing /home/airflow/.local/lib/python3.8/site-packages/airflow/example_dags/example_dynamic_task_mapping.py took 0.165 seconds
