[2026-08-26T00:34:35.962+0000] {processor.py:161} INFO - Started process (PID=113) to work on /home/airflow/.local/lib/python3.8/site-packages/airflow/example_dags/example_params_trigger_ui.py
[2026-08-26T00:34:35.966+0000] {processor.py:830} INFO - Processing file /home/airflow/.local/lib/python3.8/site-packages/airflow/example_dags/example_params_trigger_ui.py for tasks to queue
[2026-08-26T00:34:35.975+0000] {logging_mixin.py:188} INFO - [2026-08-26T00:34:35.974+0000] {dagbag.py:540} INFO - Filling up the DagBag from /home/airflow/.local/lib/python3.8/site-packages/airflow/example_dags/example_params_trigger_ui.py
[2026-08-26T00:34:36.017+0000] {processor.py:840} INFO - DAG(s) 'example_params_trigger_ui' retrieved from /home/airflow/.local/lib/python3.8/site-packages/airflow/example_dags/example_params_trigger_ui.py
[2026-08-26T00:34:36.045+0000] {logging_mixin.py:188} INFO - [2026-08-26T00:34:36.045+0000] {dag.py:3047} INFO - Sync 1 DAGs
[2026-08-26T00:34:36.091+0000] {logging_mixin.py:188} INFO - [2026-08-26T00:34:36.091+0000] {dag.py:3834} INFO - Setting next_dagrun for example_params_trigger_ui to None, run_after=None
[2026-08-26T00:34:36.201+0000] {processor.py:183} INFO - Processing /home/airflow/.local/lib/python3.8/site-packages/airflow/example_dags/example_params_trigger_ui.py took 0.251 seconds
[2026-08-26T00:35:06.482+0000] {processor.py:161} INFO - Started process (PID=171) to work on /home/airflow/.local/lib/python3.8/site-packages/airflow/example_dags/example_params_trigger_ui.py
[2026-08-26T00:35:06.484+0000] {processor.py:830} INFO - Processing file /home/airflow/.local/lib/python3.8/site-packages/airflow/example_dags/example_params_trigger_ui.py for tasks to queue
[2026-08-26T00:35:06.487+0000] {logging_mixin.py:188} INFO - [2026-08-26T00:35:06.487+0000] {dagbag.py:540} INFO - Filling up the DagBag from /home/airflow/.local/lib/python3.8/site-packages/airflow/example_dags/example_params_trigger_ui.py
[2026-08-26T00:35:06.503+0000] {processor.py:840} INFO - DAG(s) 'example_params_trigger_ui' retrieved from /home/airflow/.local/lib/python3.8/site-packages/airflow/example_dags/example_params_trigger_ui.py
[2026-08-26T00:35:06.646+0000] {logging_mixin.py:188} INFO - [2026-08-26T00:35:06.646+0000] {dag.py:3047} INFO - Sync 1 DAGs
[2026-08-26T00:35:06.658+0000] {logging_mixin.py:188} INFO - [2026-08-26T00:35:06.657+0000] {dag.py:3834} INFO - Setting next_dagrun for example_params_trigger_ui to None, run_after=None
[2026-08-26T00:35:06.683+0000] {processor.py:183} INFO - Processing /home/airflow/.local/lib/python3.8/site-packages/airflow/example_dags/example_params_trigger_ui.py took 0.206 seconds
[2026-08-26T00:35:36.742+0000] {processor.py:161} INFO - Started process (PID=228) to work on /home/airflow/.local/lib/python3.8/site-packages/airflow/example_dags/example_params_trigger_ui.py
[2026-08-26T00:35:36.744+0000] {processor.py:830} INFO - Processing file /home/airflow/.local/lib/python3.8/site-packages/airflow/example_dags/example_params_trigger_ui.py for tasks to queue
[2026-08-26T00:35:36.747+0000] {logging_mixin.py:188} INFO - [2026-08-26T00:35:36.747+0000] {dagbag.py:540} INFO - Filling up the DagBag from /home/airflow/.local/lib/python3.8/site-packages/airflow/example_dags/example_params_trigger_ui.py
[2026-08-26T00:35:36.766+0000] {processor.py:840} INFO - DAG(s) 'example_params_trigger_ui' retrieved from /home/airflow/.local/lib/python3.8/site-packages/airflow/example_dags/example_params_trigger_ui.py
[2026-08-26T00:35:36.839+0000] {logging_mixin.py:188} INFO - [2026-08-26T00:35:36.838+0000] {dag.py:3047} INFO - Sync 1 DAGs
[2026-08-26T00:35:36.856+0000] {logging_mixin.py:188} INFO - [2026-08-26T00:35:36.855+0000] {dag.py:3834} INFO - Setting next_dagrun for example_params_trigger_ui to None, run_after=None
[2026-08-26T00:35:36.880+0000] {processor.py:183} INFO - Processing /home/airflow/.local/lib/python3.8/site-packages/airflow/example_dags/example_params_trigger_ui.py took 0.143 seconds
[2026-08-26T00:36:07.340+0000] {processor.py:161} INFO - Started process (PID=285) to work on /home/airflow/.local/lib/python3.8/site-packages/airflow/example_dags/example_params_trigger_ui.py
[2026-08-26T00:36:07.342+0000] {processor.py:830} INFO - Processing file /home/airflow/.local/lib/python3.8/site-packages/airflow/example_dags/example_params_trigger_ui.py for tasks to queue
[2026-08-26T00:36:07.344+0000] {logging_mixin.py:188} INFO - [2026-08-26T00:36:07.343+0000] {dagbag.py:540} INFO - Filling up the DagBag from /home/airflow/.local/lib/python3.8/site-packages/airflow/example_dags/example_params_trigger_ui.py
[2026-08-26T00:36:07.359+0000] {processor.py:840} INFO - DAG(s) 'example_params_trigger_ui' retrieved from /home/airflow/.local/lib/python3.8/site-packages/airflow/example_dags/example_params_trigger_ui.py
[2026-08-26T00:36:07.413+0000] {logging_mixin.py:188} INFO - [2026-08-26T00:36:07.412+0000] {dag.py:3047} INFO - Sync 1 DAGs
[2026-08-26T00:36:07.426+0000] {logging_mixin.py:188} INFO - [2026-08-26T00:36:07.426+0000] {dag.py:3834} INFO - Setting next_dagrun for example_params_trigger_ui to None, run_after=None
[2026-08-26T00:36:07.450+0000] {processor.py:183} INFO - Processing /home/airflow/.local/lib/python3.8/site-packages/airflow/example_dags/example_params_trigger_ui.py took 0.113 seconds
[2026-08-26T00:36:38.422+0000] {processor.py:161} INFO - Started process (PID=342) to work on /home/airflow/.local/lib/python3.8/site-packages/airflow/example_dags/example_params_trigger_ui.py
[2026-08-26T00:36:38.424+0000] {processor.py:830} INFO - Processing file /home/airflow/.local/lib/python3.8/site-packages/airflow/example_dags/example_params_trigger_ui.py for tasks to queue
[2026-08-26T00:36:38.426+0000] {logging_mixin.py:188} INFO - [2026-08-26T00:36:38.426+0000] {dagbag.py:540} INFO - Filling up the DagBag from /home/airflow/.local/lib/python3.8/site-packages/airflow/example_dags/example_params_trigger_ui.py
[2026-08-26T00:36:38.445+0000] {processor.py:840} INFO - DAG(s) 'example_params_trigger_ui' retrieved from /home/airflow/.local/lib/python3.8/site-packages/airflow/example_dags/example_params_trigger_ui.py
[2026-08-26T00:36:38.532+0000] {logging_mixin.py:188} INFO - [2026-08-26T00:36:38.531+0000] {dag.py:3047} INFO - Sync 1 DAGs
[2026-08-26T00:36:38.555+0000] {logging_mixin.py:188} INFO - [2026-08-26T00:36:38.555+0000] {dag.py:3834} INFO - Setting next_dagrun for example_params_trigger_ui to None, run_after=None
[2026-08-26T00:36:38.586+0000] {processor.py:183} INFO - Processing /home/airflow/.local/lib/python3.8/site-packages/airflow/example_dags/example_params_trigger_ui.py took 0.168 seconds
[2026-08-26T00:37:08.980+0000] {processor.py:161} INFO - Started process (PID=399) to work on /home/airflow/.local/lib/python3.8/site-packages/airflow/example_dags/example_params_trigger_ui.py
[2026-08-26T00:37:08.981+0000] {processor.py:830} INFO - Processing file /home/airflow/.local/lib/python3.8/site-packages/airflow/example_dags/example_params_trigger_ui.py for tasks to queue
[2026-08-26T00:37:08.984+0000] {logging_mixin.py:188} INFO - [2026-08-26T00:37:08.984+0000] {dagbag.py:540} INFO - Filling up the DagBag from /home/airflow/.local/lib/python3.8/site-packages/airflow/example_dags/example_params_trigger_ui.py
[2026-08-26T00:37:09.003+0000] {processor.py:840} INFO - DAG(s) 'example_params_trigger_ui' retrieved from /home/airflow/.local/lib/python3.8/site-packages/airflow/example_dags/example_params_trigger_ui.py
[2026-08-26T00:37:09.068+0000] {logging_mixin.py:188} INFO - [2026-08-26T00:37:09.067+0000] {dag.py:3047} INFO - Sync 1 DAGs
[2026-08-26T00:37:09.082+0000] {logging_mixin.py:188} INFO - [2026-08-26T00:37:09.082+0000] {dag.py:3834} INFO - Setting next_dagrun for example_params_trigger_ui to None, run_after=None
[2026-08-26T00:37:09.106+0000] {processor.py:183} INFO - Processing /home/airflow/.local/lib/python3.8/site-packages/airflow/example_dags/example_params_trigger_ui.py took 0.132 seconds
[2026-08-26T00:37:39.494+0000] {processor.py:161} INFO - Started process (PID=456) to work on /home/airflow/.local/lib/python3.8/site-packages/airflow/example_dags/example_params_trigger_ui.py
[2026-08-26T00:37:39.495+0000] {processor.py:830} INFO - Processing file /home/airflow/.local/lib/python3.8/site-packages/airflow/example_dags/example_params_trigger_ui.py for tasks to queue
[2026-08-26T00:37:39.499+0000] {logging_mixin.py:188} INFO - [2026-08-26T00:37:39.498+0000] {dagbag.py:540} INFO - Filling up the DagBag from /home/airflow/.local/lib/python3.8/site-packages/airflow/example_dags/example_params_trigger_ui.py
[2026-08-26T00:37:39.516+0000] {processor.py:840} INFO - DAG(s) 'example_params_trigger_ui' retrieved from /home/airflow/.local/lib/python3.8/site-packages/airflow/example_dags/example_params_trigger_ui.py
[2026-08-26T00:37:39.607+0000] {logging_mixin.py:188} INFO - [2026-08-26T00:37:39.607+0000] {dag.py:3047} INFO - Sync 1 DAGs
[2026-08-26T00:37:39.633+0000] {logging_mixin.py:188} INFO - [2026-08-26T00:37:39.632+0000] {dag.py:3834} INFO - Setting next_dagrun for example_params_trigger_ui to None, run_after=None
[2026-08-26T00:37:39.672+0000] {processor.py:183} INFO - Processing /home/airflow/.local/lib/python3.8/site-packages/airflow/example_dags/example_params_trigger_ui.py took 0.183 seconds
[2026-08-26T00:38:09.792+0000] {processor.py:161} INFO - Started process (PID=517) to work on /home/airflow/.local/lib/python3.8/site-packages/airflow/example_dags/example_params_trigger_ui.py
[2026-08-26T00:38:09.794+0000] {processor.py:830} INFO - Processing file /home/airflow/.local/lib/python3.8/site-packages/airflow/example_dags/example_params_trigger_ui.py for tasks to queue
[2026-08-26T00:38:09.796+0000] {logging_mixin.py:188} INFO - [2026-08-26T00:38:09.796+0000] {dagbag.py:540} INFO - Filling up the DagBag from /home/airflow/.local/lib/python3.8/site-packages/airflow/example_dags/example_params_trigger_ui.py
[2026-08-26T00:38:09.813+0000] {processor.py:840} INFO - DAG(s) 'example_params_trigger_ui' retrieved from /home/airflow/.local/lib/python3.8/site-packages/airflow/example_dags/example_params_trigger_ui.py
[2026-08-26T00:38:09.890+0000] {logging_mixin.py:188} INFO - [2026-08-26T00:38:09.889+0000] {dag.py:3047} INFO - Sync 1 DAGs
[2026-08-26T00:38:09.905+0000] {logging_mixin.py:188} INFO - [2026-08-26T00:38:09.905+0000] {dag.py:3834} INFO - Setting next_dagrun for example_params_trigger_ui to None, run_after=None
[2026-08-26T00:38:09.930+0000] {processor.py:183} INFO - Processing /home/airflow/.local/lib/python3.8/site-packages/airflow/example_dags/example_params_trigger_ui.py took 0.142 seconds
[2026-08-26T00:38:40.844+0000] {processor.py:161} INFO - Started process (PID=574) to work on /home/airflow/.local/lib/python3.8/site-packages/airflow/example_dags/example_params_trigger_ui.py
[2026-08-26T00:38:40.846+0000] {processor.py:830} INFO - Processing file /home/airflow/.local/lib/python3.8/site-packages/airflow/example_dags/example_params_trigger_ui.py for tasks to queue
[2026-08-26T00:38:40.850+0000] {logging_mixin.py:188} INFO - [2026-08-26T00:38:40.849+0000] {dagbag.py:540} INFO - Filling up the DagBag from /home/airflow/.local/lib/python3.8/site-packages/airflow/example_dags/example_params_trigger_ui.py
[2026-08-26T00:38:40.869+0000] {processor.py:840} INFO - DAG(s) 'example_params_trigger_ui' retrieved from /home/airflow/.local/lib/python3.8/site-packages/airflow/example_dags/example_params_trigger_ui.py
[2026-08-26T00:38:40.949+0000] {logging_mixin.py:188} INFO - [2026-08-26T00:38:40.949+0000] {dag.py:3047} INFO - Sync 1 DAGs
[2026-08-26T00:38:40.967+0000] {logging_mixin.py:188} INFO - [2026-08-26T00:38:40.966+0000] {dag.py:3834} INFO - Setting next_dagrun for example_params_trigger_ui to None, run_after=None
[2026-08-26T00:38:40.993+0000] {processor.py:183} INFO - Processing /home/airflow/.local/lib/python3.8/site-packages/airflow/example_dags/example_params_trigger_ui.py took 0.157 seconds
[2026-08-26T00:39:11.440+0000] {processor.py:161} INFO - Started process (PID=631) to work on /home/airflow/.local/lib/python3.8/site-packages/airflow/example_dags/example_params_trigger_ui.py
[2026-08-26T00:39:11.441+0000] {processor.py:830} INFO - Processing file /home/airflow/.local/lib/python3.8/site-packages/airflow/example_dags/example_params_trigger_ui.py for tasks to queue
[2026-08-26T00:39:11.444+0000] {logging_mixin.py:188} INFO - [2026-08-26T00:39:11.443+0000] {dagbag.py:540} INFO - Filling up the DagBag from /home/airflow/.local/lib/python3.8/site-packages/airflow/example_dags/example_params_trigger_ui.py
[2026-08-26T00:39:11.461+0000] {processor.py:840} INFO - DAG(s) 'example_params_trigger_ui' retrieved from /home/airflow/.local/lib/python3.8/site-packages/airflow/example_dags/example_params_trigger_ui.py
[2026-08-26T00:39:11.538+0000] {logging_mixin.py:188} INFO - [2026-08-26T00:39:11.538+0000] {dag.py:3047} INFO - Sync 1 DAGs
[2026-08-26T00:39:11.561+0000] {logging_mixin.py:188} INFO - [2026-08-26T00:39:11.560+0000] {dag.py:3834} INFO - Setting next_dagrun for example_params_trigger_ui to None, run_after=None
[2026-08-26T00:39:11.590+0000] {processor.py:183} INFO - Processing /home/airflow/.local/lib/python3.8/site-packages/airflow/example_dags/example_params_trigger_ui.py took 0.154 seconds
[2026-08-26T00:39:41.734+0000] {processor.py:161} INFO - Started process (PID=687) to work on /home/airflow/.local/lib/python3.8/site-packages/airflow/example_dags/example_params_trigger_ui.py
[2026-08-26T00:39:41.735+0000] {processor.py:830} INFO - Processing file /home/airflow/.local/lib/python3.8/site-packages/airflow/example_dags/example_params_trigger_ui.py for tasks to queue
[2026-08-26T00:39:41.737+0000] {logging_mixin.py:188} INFO - [2026-08-26T00:39:41.737+0000] {dagbag.py:540} INFO - Filling up the DagBag from /home/airflow/.local/lib/python3.8/site-packages/airflow/example_dags/example_params_trigger_ui.py
[2026-08-26T00:39:41.753+0000] {processor.py:840} INFO - DAG(s) 'example_params_trigger_ui' retrieved from /home/airflow/.local/lib/python3.8/site-packages/airflow/example_dags/example_params_trigger_ui.py
[2026-08-26T00:39:41.828+0000] {logging_mixin.py:188} INFO - [2026-08-26T00:39:41.828+0000] {dag.py:3047} INFO - Sync 1 DAGs
[2026-08-26T00:39:41.849+0000] {logging_mixin.py:188} INFO - [2026-08-26T00:39:41.849+0000] {dag.py:3834} INFO - Setting next_dagrun for example_params_trigger_ui to None, run_after=None
[2026-08-26T00:39:41.871+0000] {processor.py:183} INFO - Processing /home/airflow/.local/lib/python3.8/site-packages/airflow/example_dags/example_params_trigger_ui.py took 0.141 seconds
[2026-08-26T00:40:12.151+0000] {processor.py:161} INFO - Started process (PID=743) to work on /home/airflow/.local/lib/python3.8/site-packages/airflow/example_dags/example_params_trigger_ui.py
[2026-08-26T00:40:12.157+0000] {processor.py:830} INFO - Processing file /home/airflow/.local/lib/python3.8/site-packages/airflow/example_dags/example_params_trigger_ui.py for tasks to queue
[2026-08-26T00:40:12.163+0000] {logging_mixin.py:188} INFO - [2026-08-26T00:40:12.162+0000] {dagbag.py:540} INFO - Filling up the DagBag from /home/airflow/.local/lib/python3.8/site-packages/airflow/example_dags/example_params_trigger_ui.py
[2026-08-26T00:40:12.223+0000] {processor.py:840} INFO - DAG(s) 'example_params_trigger_ui' retrieved from /home/airflow/.local/lib/python3.8/site-packages/airflow/example_dags/example_params_trigger_ui.py
[2026-08-26T00:40:12.405+0000] {logging_mixin.py:188} INFO - [2026-08-26T00:40:12.404+0000] {dag.py:3047} INFO - Sync 1 DAGs
[2026-08-26T00:40:12.430+0000] {logging_mixin.py:188} INFO - [2026-08-26T00:40:12.430+0000] {dag.py:3834} INFO - Setting next_dagrun for example_params_trigger_ui to None, run_after=None
[2026-08-26T00:40:12.481+0000] {processor.py:183} INFO - Processing /home/airflow/.local/lib/python3.8/site-packages/airflow/example_dags/example_params_trigger_ui.py took 0.342 seconds
[2026-08-26T00:40:43.138+0000] {processor.py:161} INFO - Started process (PID=801) to work on /home/airflow/.local/lib/python3.8/site-packages/airflow/example_dags/example_params_trigger_ui.py
[2026-08-26T00:40:43.142+0000] {processor.py:830} INFO - Processing file /home/airflow/.local/lib/python3.8/site-packages/airflow/example_dags/example_params_trigger_ui.py for tasks to queue
[2026-08-26T00:40:43.145+0000] {logging_mixin.py:188} INFO - [2026-08-26T00:40:43.145+0000] {dagbag.py:540} INFO - Filling up the DagBag from /home/airflow/.local/lib/python3.8/site-packages/airflow/example_dags/example_params_trigger_ui.py
[2026-08-26T00:40:43.165+0000] {processor.py:840} INFO - DAG(s) 'example_params_trigger_ui' retrieved from /home/airflow/.local/lib/python3.8/site-packages/airflow/example_dags/example_params_trigger_ui.py
[2026-08-26T00:40:43.254+0000] {logging_mixin.py:188} INFO - [2026-08-26T00:40:43.253+0000] {dag.py:3047} INFO - Sync 1 DAGs
[2026-08-26T00:40:43.274+0000] {logging_mixin.py:188} INFO - [2026-08-26T00:40:43.273+0000] {dag.py:3834} INFO - Setting next_dagrun for example_params_trigger_ui to None, run_after=None
[2026-08-26T00:40:43.304+0000] {processor.py:183} INFO - Processing /home/airflow/.local/lib/python3.8/site-packages/airflow/example_dags/example_params_trigger_ui.py took 0.171 seconds
[2026-08-26T00:41:13.746+0000] {processor.py:161} INFO - Started process (PID=858) to work on /home/airflow/.local/lib/python3.8/site-packages/airflow/example_dags/example_params_trigger_ui.py
[2026-08-26T00:41:13.748+0000] {processor.py:830} INFO - Processing file /home/airflow/.local/lib/python3.8/site-packages/airflow/example_dags/example_params_trigger_ui.py for tasks to queue
[2026-08-26T00:41:13.751+0000] {logging_mixin.py:188} INFO - [2026-08-26T00:41:13.750+0000] {dagbag.py:540} INFO - Filling up the DagBag from /home/airflow/.local/lib/python3.8/site-packages/airflow/example_dags/example_params_trigger_ui.py
[2026-08-26T00:41:13.768+0000] {processor.py:840} INFO - DAG(s) 'example_params_trigger_ui' retrieved from /home/airflow/.local/lib/python3.8/site-packages/airflow/example_dags/example_params_trigger_ui.py
[2026-08-26T00:41:13.839+0000] {logging_mixin.py:188} INFO - [2026-08-26T00:41:13.839+0000] {dag.py:3047} INFO - Sync 1 DAGs
[2026-08-26T00:41:13.858+0000] {logging_mixin.py:188} INFO - [2026-08-26T00:41:13.858+0000] {dag.py:3834} INFO - Setting next_dagrun for example_params_trigger_ui to None, run_after=None
[2026-08-26T00:41:13.928+0000] {processor.py:183} INFO - Processing /home/airflow/.local/lib/python3.8/site-packages/airflow/example_dags/example_params_trigger_ui.py took 0.186 seconds
[2026-08-26T00:41:44.370+0000] {processor.py:161} INFO - Started process (PID=915) to work on /home/airflow/.local/lib/python3.8/site-packages/airflow/example_dags/example_params_trigger_ui.py
[2026-08-26T00:41:44.372+0000] {processor.py:830} INFO - Processing file /home/airflow/.local/lib/python3.8/site-packages/airflow/example_dags/example_params_trigger_ui.py for tasks to queue
[2026-08-26T00:41:44.376+0000] {logging_mixin.py:188} INFO - [2026-08-26T00:41:44.376+0000] {dagbag.py:540} INFO - Filling up the DagBag from /home/airflow/.local/lib/python3.8/site-packages/airflow/example_dags/example_params_trigger_ui.py
[2026-08-26T00:41:44.400+0000] {processor.py:840} INFO - DAG(s) 'example_params_trigger_ui' retrieved from /home/airflow/.local/lib/python3.8/site-packages/airflow/example_dags/example_params_trigger_ui.py
[2026-08-26T00:41:44.586+0000] {logging_mixin.py:188} INFO - [2026-08-26T00:41:44.585+0000] {dag.py:3047} INFO - Sync 1 DAGs
[2026-08-26T00:41:44.640+0000] {logging_mixin.py:188} INFO - [2026-08-26T00:41:44.640+0000] {dag.py:3834} INFO - Setting next_dagrun for example_params_trigger_ui to None, run_after=None
[2026-08-26T00:41:44.725+0000] {processor.py:183} INFO - Processing /home/airflow/.local/lib/python3.8/site-packages/airflow/example_dags/example_params_trigger_ui.py took 0.365 seconds
[2026-08-26T00:42:14.934+0000] {processor.py:161} INFO - Started process (PID=972) to work on /home/airflow/.local/lib/python3.8/site-packages/airflow/example_dags/example_params_trigger_ui.py
[2026-08-26T00:42:14.936+0000] {processor.py:830} INFO - Processing file /home/airflow/.local/lib/python3.8/site-packages/airflow/example_dags/example_params_trigger_ui.py for tasks to queue
[2026-08-26T00:42:14.940+0000] {logging_mixin.py:188} INFO - [2026-08-26T00:42:14.940+0000] {dagbag.py:540} INFO - Filling up the DagBag from /home/airflow/.local/lib/python3.8/site-packages/airflow/example_dags/example_params_trigger_ui.py
[2026-08-26T00:42:14.961+0000] {processor.py:840} INFO - DAG(s) 'example_params_trigger_ui' retrieved from /home/airflow/.local/lib/python3.8/site-packages/airflow/example_dags/example_params_trigger_ui.py
[2026-08-26T00:42:15.058+0000] {logging_mixin.py:188} INFO - [2026-08-26T00:42:15.057+0000] {dag.py:3047} INFO - Sync 1 DAGs
[2026-08-26T00:42:15.082+0000] {logging_mixin.py:188} INFO - [2026-08-26T00:42:15.081+0000] {dag.py:3834} INFO - Setting next_dagrun for example_params_trigger_ui to None, run_after=None
[2026-08-26T00:42:15.124+0000] {processor.py:183} INFO - Processing /home/airflow/.local/lib/python3.8/site-packages/airflow/example_dags/example_params_trigger_ui.py took 0.199 seconds
[2026-08-26T00:42:45.462+0000] {processor.py:161} INFO - Started process (PID=1029) to work on /home/airflow/.local/lib/python3.8/site-packages/airflow/example_dags/example_params_trigger_ui.py
[2026-08-26T00:42:45.464+0000] {processor.py:830} INFO - Processing file /home/airflow/.local/lib/python3.8/site-packages/airflow/example_dags/example_params_trigger_ui.py for tasks to queue
[2026-08-26T00:42:45.467+0000] {logging_mixin.py:188} INFO - [2026-08-26T00:42:45.466+0000] {dagbag.py:540} INFO - Filling up the DagBag from /home/airflow/.local/lib/python3.8/site-packages/airflow/example_dags/example_params_trigger_ui.py
[2026-08-26T00:42:45.483+0000] {processor.py:840} INFO - DAG(s) 'example_params_trigger_ui' retrieved from /home/airflow/.local/lib/python3.8/site-packages/airflow/example_dags/example_params_trigger_ui.py
[2026-08-26T00:42:45.547+0000] {logging_mixin.py:188} INFO - [2026-08-26T00:42:45.547+0000] {dag.py:3047} INFO - Sync 1 DAGs
[2026-08-26T00:42:45.561+0000] {logging_mixin.py:188} INFO - [2026-08-26T00:42:45.561+0000] {dag.py:3834} INFO - Setting next_dagrun for example_params_trigger_ui to None, run_after=None
[2026-08-26T00:42:45.584+0000] {processor.py:183} INFO - Processing /home/airflow/.local/lib/python3.8/site-packages/airflow/example_dags/example_params_trigger_ui.py took 0.127 seconds
[2026-08-26T00:43:16.271+0000] {processor.py:161} INFO - Started process (PID=1086) to work on /home/airflow/.local/lib/python3.8/site-packages/airflow/example_dags/example_params_trigger_ui.py
[2026-08-26T00:43:16.272+0000] {processor.py:830} INFO - Processing file /home/airflow/.local/lib/python3.8/site-packages/airflow/example_dags/example_params_trigger_ui.py for tasks to queue
[2026-08-26T00:43:16.275+0000] {logging_mixin.py:188} INFO - [2026-08-26T00:43:16.275+0000] {dagbag.py:540} INFO - Filling up the DagBag from /home/airflow/.local/lib/python3.8/site-packages/airflow/example_dags/example_params_trigger_ui.py
[2026-08-26T00:43:16.289+0000] {processor.py:840} INFO - DAG(s) 'example_params_trigger_ui' retrieved from /home/airflow/.local/lib/python3.8/site-packages/airflow/example_dags/example_params_trigger_ui.py
[2026-08-26T00:43:16.355+0000] {logging_mixin.py:188} INFO - [2026-08-26T00:43:16.355+0000] {dag.py:3047} INFO - Sync 1 DAGs
[2026-08-26T00:43:16.377+0000] {logging_mixin.py:188} INFO - [2026-08-26T00:43:16.376+0000] {dag.py:3834} INFO - Setting next_dagrun for example_params_trigger_ui to None, run_after=None
[2026-08-26T00:43:16.400+0000] {processor.py:183} INFO - Processing /home/airflow/.local/lib/python3.8/site-packages/airflow/example_dags/example_params_trigger_ui.py took 0.133 seconds
[2026-08-26T00:44:35.208+0000] {processor.py:161} INFO - Started process (PID=103) to work on /home/airflow/.local/lib/python3.8/site-packages/airflow/example_dags/example_params_trigger_ui.py
[2026-08-26T00:44:35.211+0000] {processor.py:830} INFO - Processing file /home/airflow/.local/lib/python3.8/site-packages/airflow/example_dags/example_params_trigger_ui.py for tasks to queue
[2026-08-26T00:44:35.234+0000] {logging_mixin.py:188} INFO - [2026-08-26T00:44:35.233+0000] {dagbag.py:540} INFO - Filling up the DagBag from /home/airflow/.local/lib/python3.8/site-packages/airflow/example_dags/example_params_trigger_ui.py
[2026-08-26T00:44:35.300+0000] {processor.py:840} INFO - DAG(s) 'example_params_trigger_ui' retrieved from /home/airflow/.local/lib/python3.8/site-packages/airflow/example_dags/example_params_trigger_ui.py
[2026-08-26T00:44:35.609+0000] {logging_mixin.py:188} INFO - [2026-08-26T00:44:35.609+0000] {dag.py:3047} INFO - Sync 1 DAGs
[2026-08-26T00:44:35.640+0000] {logging_mixin.py:188} INFO - [2026-08-26T00:44:35.639+0000] {dag.py:3834} INFO - Setting next_dagrun for example_params_trigger_ui to None, run_after=None
[2026-08-26T00:44:35.687+0000] {processor.py:183} INFO - Processing /home/airflow/.local/lib/python3.8/site-packages/airflow/example_dags/example_params_trigger_ui.py took 0.486 seconds
[2026-08-26T00:45:06.374+0000] {processor.py:161} INFO - Started process (PID=161) to work on /home/airflow/.local/lib/python3.8/site-packages/airflow/example_dags/example_params_trigger_ui.py
[2026-08-26T00:45:06.376+0000] {processor.py:830} INFO - Processing file /home/airflow/.local/lib/python3.8/site-packages/airflow/example_dags/example_params_trigger_ui.py for tasks to queue
[2026-08-26T00:45:06.380+0000] {logging_mixin.py:188} INFO - [2026-08-26T00:45:06.380+0000] {dagbag.py:540} INFO - Filling up the DagBag from /home/airflow/.local/lib/python3.8/site-packages/airflow/example_dags/example_params_trigger_ui.py
[2026-08-26T00:45:06.403+0000] {processor.py:840} INFO - DAG(s) 'example_params_trigger_ui' retrieved from /home/airflow/.local/lib/python3.8/site-packages/airflow/example_dags/example_params_trigger_ui.py
[2026-08-26T00:45:06.481+0000] {logging_mixin.py:188} INFO - [2026-08-26T00:45:06.480+0000] {dag.py:3047} INFO - Sync 1 DAGs
[2026-08-26T00:45:06.501+0000] {logging_mixin.py:188} INFO - [2026-08-26T00:45:06.501+0000] {dag.py:3834} INFO - Setting next_dagrun for example_params_trigger_ui to None, run_after=None
[2026-08-26T00:45:06.588+0000] {processor.py:183} INFO - Processing /home/airflow/.local/lib/python3.8/site-packages/airflow/example_dags/example_params_trigger_ui.py took 0.220 seconds
[2026-08-26T00:45:38.932+0000] {processor.py:161} INFO - Started process (PID=219) to work on /home/airflow/.local/lib/python3.8/site-packages/airflow/example_dags/example_params_trigger_ui.py
[2026-08-26T00:45:38.934+0000] {processor.py:830} INFO - Processing file /home/airflow/.local/lib/python3.8/site-packages/airflow/example_dags/example_params_trigger_ui.py for tasks to queue
[2026-08-26T00:45:38.936+0000] {logging_mixin.py:188} INFO - [2026-08-26T00:45:38.936+0000] {dagbag.py:540} INFO - Filling up the DagBag from /home/airflow/.local/lib/python3.8/site-packages/airflow/example_dags/example_params_trigger_ui.py
[2026-08-26T00:45:38.951+0000] {processor.py:840} INFO - DAG(s) 'example_params_trigger_ui' retrieved from /home/airflow/.local/lib/python3.8/site-packages/airflow/example_dags/example_params_trigger_ui.py
[2026-08-26T00:45:39.006+0000] {logging_mixin.py:188} INFO - [2026-08-26T00:45:39.005+0000] {dag.py:3047} INFO - Sync 1 DAGs
[2026-08-26T00:45:39.020+0000] {logging_mixin.py:188} INFO - [2026-08-26T00:45:39.020+0000] {dag.py:3834} INFO - Setting next_dagrun for example_params_trigger_ui to None, run_after=None
[2026-08-26T00:45:39.277+0000] {processor.py:183} INFO - Processing /home/airflow/.local/lib/python3.8/site-packages/airflow/example_dags/example_params_trigger_ui.py took 0.350 seconds
[2026-08-26T00:46:10.099+0000] {processor.py:161} INFO - Started process (PID=276) to work on /home/airflow/.local/lib/python3.8/site-packages/airflow/example_dags/example_params_trigger_ui.py
[2026-08-26T00:46:10.101+0000] {processor.py:830} INFO - Processing file /home/airflow/.local/lib/python3.8/site-packages/airflow/example_dags/example_params_trigger_ui.py for tasks to queue
[2026-08-26T00:46:10.106+0000] {logging_mixin.py:188} INFO - [2026-08-26T00:46:10.105+0000] {dagbag.py:540} INFO - Filling up the DagBag from /home/airflow/.local/lib/python3.8/site-packages/airflow/example_dags/example_params_trigger_ui.py
[2026-08-26T00:46:10.126+0000] {processor.py:840} INFO - DAG(s) 'example_params_trigger_ui' retrieved from /home/airflow/.local/lib/python3.8/site-packages/airflow/example_dags/example_params_trigger_ui.py
[2026-08-26T00:46:10.190+0000] {logging_mixin.py:188} INFO - [2026-08-26T00:46:10.190+0000] {dag.py:3047} INFO - Sync 1 DAGs
[2026-08-26T00:46:10.210+0000] {logging_mixin.py:188} INFO - [2026-08-26T00:46:10.210+0000] {dag.py:3834} INFO - Setting next_dagrun for example_params_trigger_ui to None, run_after=None
[2026-08-26T00:46:10.355+0000] {processor.py:183} INFO - Processing /home/airflow/.local/lib/python3.8/site-packages/airflow/example_dags/example_params_trigger_ui.py took 0.262 seconds
[2026-08-26T00:46:40.779+0000] {processor.py:161} INFO - Started process (PID=334) to work on /home/airflow/.local/lib/python3.8/site-packages/airflow/example_dags/example_params_trigger_ui.py
[2026-08-26T00:46:40.832+0000] {processor.py:830} INFO - Processing file /home/airflow/.local/lib/python3.8/site-packages/airflow/example_dags/example_params_trigger_ui.py for tasks to queue
[2026-08-26T00:46:40.835+0000] {logging_mixin.py:188} INFO - [2026-08-26T00:46:40.834+0000] {dagbag.py:540} INFO - Filling up the DagBag from /home/airflow/.local/lib/python3.8/site-packages/airflow/example_dags/example_params_trigger_ui.py
[2026-08-26T00:46:40.849+0000] {processor.py:840} INFO - DAG(s) 'example_params_trigger_ui' retrieved from /home/airflow/.local/lib/python3.8/site-packages/airflow/example_dags/example_params_trigger_ui.py
[2026-08-26T00:46:40.900+0000] {logging_mixin.py:188} INFO - [2026-08-26T00:46:40.900+0000] {dag.py:3047} INFO - Sync 1 DAGs
[2026-08-26T00:46:40.915+0000] {logging_mixin.py:188} INFO - [2026-08-26T00:46:40.915+0000] {dag.py:3834} INFO - Setting next_dagrun for example_params_trigger_ui to None, run_after=None
[2026-08-26T00:46:41.222+0000] {processor.py:183} INFO - Processing /home/airflow/.local/lib/python3.8/site-packages/airflow/example_dags/example_params_trigger_ui.py took 0.447 seconds
[2026-08-26T00:47:23.293+0000] {processor.py:161} INFO - Started process (PID=390) to work on /home/airflow/.local/lib/python3.8/site-packages/airflow/example_dags/example_params_trigger_ui.py
[2026-08-26T00:47:23.295+0000] {processor.py:830} INFO - Processing file /home/airflow/.local/lib/python3.8/site-packages/airflow/example_dags/example_params_trigger_ui.py for tasks to queue
[2026-08-26T00:47:23.298+0000] {logging_mixin.py:188} INFO - [2026-08-26T00:47:23.297+0000] {dagbag.py:540} INFO - Filling up the DagBag from /home/airflow/.local/lib/python3.8/site-packages/airflow/example_dags/example_params_trigger_ui.py
[2026-08-26T00:47:23.317+0000] {processor.py:840} INFO - DAG(s) 'example_params_trigger_ui' retrieved from /home/airflow/.local/lib/python3.8/site-packages/airflow/example_dags/example_params_trigger_ui.py
[2026-08-26T00:47:23.376+0000] {logging_mixin.py:188} INFO - [2026-08-26T00:47:23.375+0000] {dag.py:3047} INFO - Sync 1 DAGs
[2026-08-26T00:47:23.393+0000] {logging_mixin.py:188} INFO - [2026-08-26T00:47:23.393+0000] {dag.py:3834} INFO - Setting next_dagrun for example_params_trigger_ui to None, run_after=None
[2026-08-26T00:47:23.417+0000] {processor.py:183} INFO - Processing /home/airflow/.local/lib/python3.8/site-packages/airflow/example_dags/example_params_trigger_ui.py took 0.129 seconds
[2026-08-26T00:47:54.939+0000] {processor.py:161} INFO - Started process (PID=447) to work on /home/airflow/.local/lib/python3.8/site-packages/airflow/example_dags/example_params_trigger_ui.py
[2026-08-26T00:47:54.941+0000] {processor.py:830} INFO - Processing file /home/airflow/.local/lib/python3.8/site-packages/airflow/example_dags/example_params_trigger_ui.py for tasks to queue
[2026-08-26T00:47:54.943+0000] {logging_mixin.py:188} INFO - [2026-08-26T00:47:54.943+0000] {dagbag.py:540} INFO - Filling up the DagBag from /home/airflow/.local/lib/python3.8/site-packages/airflow/example_dags/example_params_trigger_ui.py
[2026-08-26T00:47:54.964+0000] {processor.py:840} INFO - DAG(s) 'example_params_trigger_ui' retrieved from /home/airflow/.local/lib/python3.8/site-packages/airflow/example_dags/example_params_trigger_ui.py
[2026-08-26T00:47:55.044+0000] {logging_mixin.py:188} INFO - [2026-08-26T00:47:55.043+0000] {dag.py:3047} INFO - Sync 1 DAGs
[2026-08-26T00:47:55.062+0000] {logging_mixin.py:188} INFO - [2026-08-26T00:47:55.062+0000] {dag.py:3834} INFO - Setting next_dagrun for example_params_trigger_ui to None, run_after=None
[2026-08-26T00:47:55.192+0000] {processor.py:183} INFO - Processing /home/airflow/.local/lib/python3.8/site-packages/airflow/example_dags/example_params_trigger_ui.py took 0.257 seconds
[2026-08-26T00:48:25.482+0000] {processor.py:161} INFO - Started process (PID=511) to work on /home/airflow/.local/lib/python3.8/site-packages/airflow/example_dags/example_params_trigger_ui.py
[2026-08-26T00:48:25.484+0000] {processor.py:830} INFO - Processing file /home/airflow/.local/lib/python3.8/site-packages/airflow/example_dags/example_params_trigger_ui.py for tasks to queue
[2026-08-26T00:48:25.486+0000] {logging_mixin.py:188} INFO - [2026-08-26T00:48:25.486+0000] {dagbag.py:540} INFO - Filling up the DagBag from /home/airflow/.local/lib/python3.8/site-packages/airflow/example_dags/example_params_trigger_ui.py
[2026-08-26T00:48:25.508+0000] {processor.py:840} INFO - DAG(s) 'example_params_trigger_ui' retrieved from /home/airflow/.local/lib/python3.8/site-packages/airflow/example_dags/example_params_trigger_ui.py
[2026-08-26T00:48:25.568+0000] {logging_mixin.py:188} INFO - [2026-08-26T00:48:25.567+0000] {dag.py:3047} INFO - Sync 1 DAGs
[2026-08-26T00:48:25.589+0000] {logging_mixin.py:188} INFO - [2026-08-26T00:48:25.589+0000] {dag.py:3834} INFO - Setting next_dagrun for example_params_trigger_ui to None, run_after=None
[2026-08-26T00:48:25.636+0000] {processor.py:183} INFO - Processing /home/airflow/.local/lib/python3.8/site-packages/airflow/example_dags/example_params_trigger_ui.py took 0.157 seconds
[2026-08-26T00:48:55.957+0000] {processor.py:161} INFO - Started process (PID=568) to work on /home/airflow/.local/lib/python3.8/site-packages/airflow/example_dags/example_params_trigger_ui.py
[2026-08-26T00:48:55.959+0000] {processor.py:830} INFO - Processing file /home/airflow/.local/lib/python3.8/site-packages/airflow/example_dags/example_params_trigger_ui.py for tasks to queue
[2026-08-26T00:48:55.961+0000] {logging_mixin.py:188} INFO - [2026-08-26T00:48:55.961+0000] {dagbag.py:540} INFO - Filling up the DagBag from /home/airflow/.local/lib/python3.8/site-packages/airflow/example_dags/example_params_trigger_ui.py
[2026-08-26T00:48:55.975+0000] {processor.py:840} INFO - DAG(s) 'example_params_trigger_ui' retrieved from /home/airflow/.local/lib/python3.8/site-packages/airflow/example_dags/example_params_trigger_ui.py
[2026-08-26T00:48:56.024+0000] {logging_mixin.py:188} INFO - [2026-08-26T00:48:56.024+0000] {dag.py:3047} INFO - Sync 1 DAGs
[2026-08-26T00:48:56.037+0000] {logging_mixin.py:188} INFO - [2026-08-26T00:48:56.037+0000] {dag.py:3834} INFO - Setting next_dagrun for example_params_trigger_ui to None, run_after=None
[2026-08-26T00:48:56.095+0000] {processor.py:183} INFO - Processing /home/airflow/.local/lib/python3.8/site-packages/airflow/example_dags/example_params_trigger_ui.py took 0.143 seconds
[2026-08-26T00:49:26.980+0000] {processor.py:161} INFO - Started process (PID=625) to work on /home/airflow/.local/lib/python3.8/site-packages/airflow/example_dags/example_params_trigger_ui.py
[2026-08-26T00:49:26.982+0000] {processor.py:830} INFO - Processing file /home/airflow/.local/lib/python3.8/site-packages/airflow/example_dags/example_params_trigger_ui.py for tasks to queue
[2026-08-26T00:49:26.986+0000] {logging_mixin.py:188} INFO - [2026-08-26T00:49:26.985+0000] {dagbag.py:540} INFO - Filling up the DagBag from /home/airflow/.local/lib/python3.8/site-packages/airflow/example_dags/example_params_trigger_ui.py
[2026-08-26T00:49:27.012+0000] {processor.py:840} INFO - DAG(s) 'example_params_trigger_ui' retrieved from /home/airflow/.local/lib/python3.8/site-packages/airflow/example_dags/example_params_trigger_ui.py
[2026-08-26T00:49:27.099+0000] {logging_mixin.py:188} INFO - [2026-08-26T00:49:27.098+0000] {dag.py:3047} INFO - Sync 1 DAGs
[2026-08-26T00:49:27.121+0000] {logging_mixin.py:188} INFO - [2026-08-26T00:49:27.120+0000] {dag.py:3834} INFO - Setting next_dagrun for example_params_trigger_ui to None, run_after=None
[2026-08-26T00:49:27.160+0000] {processor.py:183} INFO - Processing /home/airflow/.local/lib/python3.8/site-packages/airflow/example_dags/example_params_trigger_ui.py took 0.186 seconds
[2026-08-26T00:49:57.791+0000] {processor.py:161} INFO - Started process (PID=682) to work on /home/airflow/.local/lib/python3.8/site-packages/airflow/example_dags/example_params_trigger_ui.py
[2026-08-26T00:49:57.794+0000] {processor.py:830} INFO - Processing file /home/airflow/.local/lib/python3.8/site-packages/airflow/example_dags/example_params_trigger_ui.py for tasks to queue
[2026-08-26T00:49:57.798+0000] {logging_mixin.py:188} INFO - [2026-08-26T00:49:57.798+0000] {dagbag.py:540} INFO - Filling up the DagBag from /home/airflow/.local/lib/python3.8/site-packages/airflow/example_dags/example_params_trigger_ui.py
[2026-08-26T00:49:57.834+0000] {processor.py:840} INFO - DAG(s) 'example_params_trigger_ui' retrieved from /home/airflow/.local/lib/python3.8/site-packages/airflow/example_dags/example_params_trigger_ui.py
[2026-08-26T00:49:57.918+0000] {logging_mixin.py:188} INFO - [2026-08-26T00:49:57.918+0000] {dag.py:3047} INFO - Sync 1 DAGs
[2026-08-26T00:49:57.933+0000] {logging_mixin.py:188} INFO - [2026-08-26T00:49:57.933+0000] {dag.py:3834} INFO - Setting next_dagrun for example_params_trigger_ui to None, run_after=None
[2026-08-26T00:49:57.992+0000] {processor.py:183} INFO - Processing /home/airflow/.local/lib/python3.8/site-packages/airflow/example_dags/example_params_trigger_ui.py took 0.209 seconds
[2026-08-26T00:50:29.821+0000] {processor.py:161} INFO - Started process (PID=739) to work on /home/airflow/.local/lib/python3.8/site-packages/airflow/example_dags/example_params_trigger_ui.py
[2026-08-26T00:50:29.833+0000] {processor.py:830} INFO - Processing file /home/airflow/.local/lib/python3.8/site-packages/airflow/example_dags/example_params_trigger_ui.py for tasks to queue
[2026-08-26T00:50:29.839+0000] {logging_mixin.py:188} INFO - [2026-08-26T00:50:29.838+0000] {dagbag.py:540} INFO - Filling up the DagBag from /home/airflow/.local/lib/python3.8/site-packages/airflow/example_dags/example_params_trigger_ui.py
[2026-08-26T00:50:29.873+0000] {processor.py:840} INFO - DAG(s) 'example_params_trigger_ui' retrieved from /home/airflow/.local/lib/python3.8/site-packages/airflow/example_dags/example_params_trigger_ui.py
[2026-08-26T00:50:29.950+0000] {logging_mixin.py:188} INFO - [2026-08-26T00:50:29.950+0000] {dag.py:3047} INFO - Sync 1 DAGs
[2026-08-26T00:50:29.971+0000] {logging_mixin.py:188} INFO - [2026-08-26T00:50:29.971+0000] {dag.py:3834} INFO - Setting next_dagrun for example_params_trigger_ui to None, run_after=None
[2026-08-26T00:50:30.171+0000] {processor.py:183} INFO - Processing /home/airflow/.local/lib/python3.8/site-packages/airflow/example_dags/example_params_trigger_ui.py took 0.365 seconds
[2026-08-26T00:51:00.788+0000] {processor.py:161} INFO - Started process (PID=796) to work on /home/airflow/.local/lib/python3.8/site-packages/airflow/example_dags/example_params_trigger_ui.py
[2026-08-26T00:51:00.789+0000] {processor.py:830} INFO - Processing file /home/airflow/.local/lib/python3.8/site-packages/airflow/example_dags/example_params_trigger_ui.py for tasks to queue
[2026-08-26T00:51:00.791+0000] {logging_mixin.py:188} INFO - [2026-08-26T00:51:00.791+0000] {dagbag.py:540} INFO - Filling up the DagBag from /home/airflow/.local/lib/python3.8/site-packages/airflow/example_dags/example_params_trigger_ui.py
[2026-08-26T00:51:00.805+0000] {processor.py:840} INFO - DAG(s) 'example_params_trigger_ui' retrieved from /home/airflow/.local/lib/python3.8/site-packages/airflow/example_dags/example_params_trigger_ui.py
[2026-08-26T00:51:00.857+0000] {logging_mixin.py:188} INFO - [2026-08-26T00:51:00.857+0000] {dag.py:3047} INFO - Sync 1 DAGs
[2026-08-26T00:51:00.870+0000] {logging_mixin.py:188} INFO - [2026-08-26T00:51:00.870+0000] {dag.py:3834} INFO - Setting next_dagrun for example_params_trigger_ui to None, run_after=None
[2026-08-26T00:51:00.890+0000] {processor.py:183} INFO - Processing /home/airflow/.local/lib/python3.8/site-packages/airflow/example_dags/example_params_trigger_ui.py took 0.106 seconds
[2026-08-26T00:51:31.191+0000] {processor.py:161} INFO - Started process (PID=853) to work on /home/airflow/.local/lib/python3.8/site-packages/airflow/example_dags/example_params_trigger_ui.py
[2026-08-26T00:51:31.193+0000] {processor.py:830} INFO - Processing file /home/airflow/.local/lib/python3.8/site-packages/airflow/example_dags/example_params_trigger_ui.py for tasks to queue
[2026-08-26T00:51:31.195+0000] {logging_mixin.py:188} INFO - [2026-08-26T00:51:31.195+0000] {dagbag.py:540} INFO - Filling up the DagBag from /home/airflow/.local/lib/python3.8/site-packages/airflow/example_dags/example_params_trigger_ui.py
[2026-08-26T00:51:31.210+0000] {processor.py:840} INFO - DAG(s) 'example_params_trigger_ui' retrieved from /home/airflow/.local/lib/python3.8/site-packages/airflow/example_dags/example_params_trigger_ui.py
[2026-08-26T00:51:31.263+0000] {logging_mixin.py:188} INFO - [2026-08-26T00:51:31.263+0000] {dag.py:3047} INFO - Sync 1 DAGs
[2026-08-26T00:51:31.276+0000] {logging_mixin.py:188} INFO - [2026-08-26T00:51:31.276+0000] {dag.py:3834} INFO - Setting next_dagrun for example_params_trigger_ui to None, run_after=None
[2026-08-26T00:51:31.295+0000] {processor.py:183} INFO - Processing /home/airflow/.local/lib/python3.8/site-packages/airflow/example_dags/example_params_trigger_ui.py took 0.108 seconds
[2026-08-26T00:52:01.403+0000] {processor.py:161} INFO - Started process (PID=910) to work on /home/airflow/.local/lib/python3.8/site-packages/airflow/example_dags/example_params_trigger_ui.py
[2026-08-26T00:52:01.405+0000] {processor.py:830} INFO - Processing file /home/airflow/.local/lib/python3.8/site-packages/airflow/example_dags/example_params_trigger_ui.py for tasks to queue
[2026-08-26T00:52:01.408+0000] {logging_mixin.py:188} INFO - [2026-08-26T00:52:01.407+0000] {dagbag.py:540} INFO - Filling up the DagBag from /home/airflow/.local/lib/python3.8/site-packages/airflow/example_dags/example_params_trigger_ui.py
[2026-08-26T00:52:01.423+0000] {processor.py:840} INFO - DAG(s) 'example_params_trigger_ui' retrieved from /home/airflow/.local/lib/python3.8/site-packages/airflow/example_dags/example_params_trigger_ui.py
[2026-08-26T00:52:01.487+0000] {logging_mixin.py:188} INFO - [2026-08-26T00:52:01.487+0000] {dag.py:3047} INFO - Sync 1 DAGs
[2026-08-26T00:52:01.504+0000] {logging_mixin.py:188} INFO - [2026-08-26T00:52:01.503+0000] {dag.py:3834} INFO - Setting next_dagrun for example_params_trigger_ui to None, run_after=None
[2026-08-26T00:52:01.527+0000] {processor.py:183} INFO - Processing /home/airflow/.local/lib/python3.8/site-packages/airflow/example_dags/example_params_trigger_ui.py took 0.127 seconds
[2026-08-26T00:52:32.214+0000] {processor.py:161} INFO - Started process (PID=967) to work on /home/airflow/.local/lib/python3.8/site-packages/airflow/example_dags/example_params_trigger_ui.py
[2026-08-26T00:52:32.216+0000] {processor.py:830} INFO - Processing file /home/airflow/.local/lib/python3.8/site-packages/airflow/example_dags/example_params_trigger_ui.py for tasks to queue
[2026-08-26T00:52:32.218+0000] {logging_mixin.py:188} INFO - [2026-08-26T00:52:32.218+0000] {dagbag.py:540} INFO - Filling up the DagBag from /home/airflow/.local/lib/python3.8/site-packages/airflow/example_dags/example_params_trigger_ui.py
[2026-08-26T00:52:32.233+0000] {processor.py:840} INFO - DAG(s) 'example_params_trigger_ui' retrieved from /home/airflow/.local/lib/python3.8/site-packages/airflow/example_dags/example_params_trigger_ui.py
[2026-08-26T00:52:32.285+0000] {logging_mixin.py:188} INFO - [2026-08-26T00:52:32.285+0000] {dag.py:3047} INFO - Sync 1 DAGs
[2026-08-26T00:52:32.298+0000] {logging_mixin.py:188} INFO - [2026-08-26T00:52:32.298+0000] {dag.py:3834} INFO - Setting next_dagrun for example_params_trigger_ui to None, run_after=None
[2026-08-26T00:52:32.319+0000] {processor.py:183} INFO - Processing /home/airflow/.local/lib/python3.8/site-packages/airflow/example_dags/example_params_trigger_ui.py took 0.109 seconds
[2026-08-26T00:53:02.698+0000] {processor.py:161} INFO - Started process (PID=1024) to work on /home/airflow/.local/lib/python3.8/site-packages/airflow/example_dags/example_params_trigger_ui.py
[2026-08-26T00:53:02.699+0000] {processor.py:830} INFO - Processing file /home/airflow/.local/lib/python3.8/site-packages/airflow/example_dags/example_params_trigger_ui.py for tasks to queue
[2026-08-26T00:53:02.701+0000] {logging_mixin.py:188} INFO - [2026-08-26T00:53:02.701+0000] {dagbag.py:540} INFO - Filling up the DagBag from /home/airflow/.local/lib/python3.8/site-packages/airflow/example_dags/example_params_trigger_ui.py
[2026-08-26T00:53:02.716+0000] {processor.py:840} INFO - DAG(s) 'example_params_trigger_ui' retrieved from /home/airflow/.local/lib/python3.8/site-packages/airflow/example_dags/example_params_trigger_ui.py
[2026-08-26T00:53:02.770+0000] {logging_mixin.py:188} INFO - [2026-08-26T00:53:02.770+0000] {dag.py:3047} INFO - Sync 1 DAGs
[2026-08-26T00:53:02.785+0000] {logging_mixin.py:188} INFO - [2026-08-26T00:53:02.784+0000] {dag.py:3834} INFO - Setting next_dagrun for example_params_trigger_ui to None, run_after=None
[2026-08-26T00:53:02.809+0000] {processor.py:183} INFO - Processing /home/airflow/.local/lib/python3.8/site-packages/airflow/example_dags/example_params_trigger_ui.py took 0.115 seconds
[2026-08-26T00:53:33.233+0000] {processor.py:161} INFO - Started process (PID=1081) to work on /home/airflow/.local/lib/python3.8/site-packages/airflow/example_dags/example_params_trigger_ui.py
[2026-08-26T00:53:33.234+0000] {processor.py:830} INFO - Processing file /home/airflow/.local/lib/python3.8/site-packages/airflow/example_dags/example_params_trigger_ui.py for tasks to queue
[2026-08-26T00:53:33.237+0000] {logging_mixin.py:188} INFO - [2026-08-26T00:53:33.237+0000] {dagbag.py:540} INFO - Filling up the DagBag from /home/airflow/.local/lib/python3.8/site-packages/airflow/example_dags/example_params_trigger_ui.py
[2026-08-26T00:53:33.253+0000] {processor.py:840} INFO - DAG(s) 'example_params_trigger_ui' retrieved from /home/airflow/.local/lib/python3.8/site-packages/airflow/example_dags/example_params_trigger_ui.py
[2026-08-26T00:53:33.305+0000] {logging_mixin.py:188} INFO - [2026-08-26T00:53:33.305+0000] {dag.py:3047} INFO - Sync 1 DAGs
[2026-08-26T00:53:33.318+0000] {logging_mixin.py:188} INFO - [2026-08-26T00:53:33.318+0000] {dag.py:3834} INFO - Setting next_dagrun for example_params_trigger_ui to None, run_after=None
[2026-08-26T00:53:33.340+0000] {processor.py:183} INFO - Processing /home/airflow/.local/lib/python3.8/site-packages/airflow/example_dags/example_params_trigger_ui.py took 0.112 seconds
[2026-08-26T00:54:03.653+0000] {processor.py:161} INFO - Started process (PID=1138) to work on /home/airflow/.local/lib/python3.8/site-packages/airflow/example_dags/example_params_trigger_ui.py
[2026-08-26T00:54:03.654+0000] {processor.py:830} INFO - Processing file /home/airflow/.local/lib/python3.8/site-packages/airflow/example_dags/example_params_trigger_ui.py for tasks to queue
[2026-08-26T00:54:03.657+0000] {logging_mixin.py:188} INFO - [2026-08-26T00:54:03.657+0000] {dagbag.py:540} INFO - Filling up the DagBag from /home/airflow/.local/lib/python3.8/site-packages/airflow/example_dags/example_params_trigger_ui.py
[2026-08-26T00:54:03.671+0000] {processor.py:840} INFO - DAG(s) 'example_params_trigger_ui' retrieved from /home/airflow/.local/lib/python3.8/site-packages/airflow/example_dags/example_params_trigger_ui.py
[2026-08-26T00:54:03.727+0000] {logging_mixin.py:188} INFO - [2026-08-26T00:54:03.727+0000] {dag.py:3047} INFO - Sync 1 DAGs
[2026-08-26T00:54:03.745+0000] {logging_mixin.py:188} INFO - [2026-08-26T00:54:03.745+0000] {dag.py:3834} INFO - Setting next_dagrun for example_params_trigger_ui to None, run_after=None
[2026-08-26T00:54:03.767+0000] {processor.py:183} INFO - Processing /home/airflow/.local/lib/python3.8/site-packages/airflow/example_dags/example_params_trigger_ui.py took 0.119 seconds
[2026-08-26T00:54:34.722+0000] {processor.py:161} INFO - Started process (PID=1195) to work on /home/airflow/.local/lib/python3.8/site-packages/airflow/example_dags/example_params_trigger_ui.py
[2026-08-26T00:54:34.723+0000] {processor.py:830} INFO - Processing file /home/airflow/.local/lib/python3.8/site-packages/airflow/example_dags/example_params_trigger_ui.py for tasks to queue
[2026-08-26T00:54:34.726+0000] {logging_mixin.py:188} INFO - [2026-08-26T00:54:34.726+0000] {dagbag.py:540} INFO - Filling up the DagBag from /home/airflow/.local/lib/python3.8/site-packages/airflow/example_dags/example_params_trigger_ui.py
[2026-08-26T00:54:34.740+0000] {processor.py:840} INFO - DAG(s) 'example_params_trigger_ui' retrieved from /home/airflow/.local/lib/python3.8/site-packages/airflow/example_dags/example_params_trigger_ui.py
[2026-08-26T00:54:34.792+0000] {logging_mixin.py:188} INFO - [2026-08-26T00:54:34.792+0000] {dag.py:3047} INFO - Sync 1 DAGs
[2026-08-26T00:54:34.809+0000] {logging_mixin.py:188} INFO - [2026-08-26T00:54:34.808+0000] {dag.py:3834} INFO - Setting next_dagrun for example_params_trigger_ui to None, run_after=None
[2026-08-26T00:54:34.831+0000] {processor.py:183} INFO - Processing /home/airflow/.local/lib/python3.8/site-packages/airflow/example_dags/example_params_trigger_ui.py took 0.112 seconds
[2026-08-26T00:55:05.615+0000] {processor.py:161} INFO - Started process (PID=1252) to work on /home/airflow/.local/lib/python3.8/site-packages/airflow/example_dags/example_params_trigger_ui.py
[2026-08-26T00:55:05.617+0000] {processor.py:830} INFO - Processing file /home/airflow/.local/lib/python3.8/site-packages/airflow/example_dags/example_params_trigger_ui.py for tasks to queue
[2026-08-26T00:55:05.620+0000] {logging_mixin.py:188} INFO - [2026-08-26T00:55:05.620+0000] {dagbag.py:540} INFO - Filling up the DagBag from /home/airflow/.local/lib/python3.8/site-packages/airflow/example_dags/example_params_trigger_ui.py
[2026-08-26T00:55:05.640+0000] {processor.py:840} INFO - DAG(s) 'example_params_trigger_ui' retrieved from /home/airflow/.local/lib/python3.8/site-packages/airflow/example_dags/example_params_trigger_ui.py
[2026-08-26T00:55:05.713+0000] {logging_mixin.py:188} INFO - [2026-08-26T00:55:05.712+0000] {dag.py:3047} INFO - Sync 1 DAGs
[2026-08-26T00:55:05.725+0000] {logging_mixin.py:188} INFO - [2026-08-26T00:55:05.724+0000] {dag.py:3834} INFO - Setting next_dagrun for example_params_trigger_ui to None, run_after=None
[2026-08-26T00:55:05.747+0000] {processor.py:183} INFO - Processing /home/airflow/.local/lib/python3.8/site-packages/airflow/example_dags/example_params_trigger_ui.py took 0.137 seconds
[2026-08-26T00:55:35.878+0000] {processor.py:161} INFO - Started process (PID=1310) to work on /home/airflow/.local/lib/python3.8/site-packages/airflow/example_dags/example_params_trigger_ui.py
[2026-08-26T00:55:35.880+0000] {processor.py:830} INFO - Processing file /home/airflow/.local/lib/python3.8/site-packages/airflow/example_dags/example_params_trigger_ui.py for tasks to queue
[2026-08-26T00:55:35.883+0000] {logging_mixin.py:188} INFO - [2026-08-26T00:55:35.882+0000] {dagbag.py:540} INFO - Filling up the DagBag from /home/airflow/.local/lib/python3.8/site-packages/airflow/example_dags/example_params_trigger_ui.py
[2026-08-26T00:55:35.898+0000] {processor.py:840} INFO - DAG(s) 'example_params_trigger_ui' retrieved from /home/airflow/.local/lib/python3.8/site-packages/airflow/example_dags/example_params_trigger_ui.py
[2026-08-26T00:55:35.958+0000] {logging_mixin.py:188} INFO - [2026-08-26T00:55:35.958+0000] {dag.py:3047} INFO - Sync 1 DAGs
[2026-08-26T00:55:35.979+0000] {logging_mixin.py:188} INFO - [2026-08-26T00:55:35.979+0000] {dag.py:3834} INFO - Setting next_dagrun for example_params_trigger_ui to None, run_after=None
[2026-08-26T00:55:36.014+0000] {processor.py:183} INFO - Processing /home/airflow/.local/lib/python3.8/site-packages/airflow/example_dags/example_params_trigger_ui.py took 0.140 seconds
[2026-08-26T00:56:06.193+0000] {processor.py:161} INFO - Started process (PID=1366) to work on /home/airflow/.local/lib/python3.8/site-packages/airflow/example_dags/example_params_trigger_ui.py
[2026-08-26T00:56:06.194+0000] {processor.py:830} INFO - Processing file /home/airflow/.local/lib/python3.8/site-packages/airflow/example_dags/example_params_trigger_ui.py for tasks to queue
[2026-08-26T00:56:06.197+0000] {logging_mixin.py:188} INFO - [2026-08-26T00:56:06.197+0000] {dagbag.py:540} INFO - Filling up the DagBag from /home/airflow/.local/lib/python3.8/site-packages/airflow/example_dags/example_params_trigger_ui.py
[2026-08-26T00:56:06.217+0000] {processor.py:840} INFO - DAG(s) 'example_params_trigger_ui' retrieved from /home/airflow/.local/lib/python3.8/site-packages/airflow/example_dags/example_params_trigger_ui.py
[2026-08-26T00:56:06.280+0000] {logging_mixin.py:188} INFO - [2026-08-26T00:56:06.279+0000] {dag.py:3047} INFO - Sync 1 DAGs
[2026-08-26T00:56:06.297+0000] {logging_mixin.py:188} INFO - [2026-08-26T00:56:06.296+0000] {dag.py:3834} INFO - Setting next_dagrun for example_params_trigger_ui to None, run_after=None
[2026-08-26T00:56:06.327+0000] {processor.py:183} INFO - Processing /home/airflow/.local/lib/python3.8/site-packages/airflow/example_dags/example_params_trigger_ui.py took 0.137 seconds
[2026-08-26T00:56:36.696+0000] {processor.py:161} INFO - Started process (PID=1423) to work on /home/airflow/.local/lib/python3.8/site-packages/airflow/example_dags/example_params_trigger_ui.py
[2026-08-26T00:56:36.698+0000] {processor.py:830} INFO - Processing file /home/airflow/.local/lib/python3.8/site-packages/airflow/example_dags/example_params_trigger_ui.py for tasks to queue
[2026-08-26T00:56:36.701+0000] {logging_mixin.py:188} INFO - [2026-08-26T00:56:36.700+0000] {dagbag.py:540} INFO - Filling up the DagBag from /home/airflow/.local/lib/python3.8/site-packages/airflow/example_dags/example_params_trigger_ui.py
[2026-08-26T00:56:36.726+0000] {processor.py:840} INFO - DAG(s) 'example_params_trigger_ui' retrieved from /home/airflow/.local/lib/python3.8/site-packages/airflow/example_dags/example_params_trigger_ui.py
[2026-08-26T00:56:36.800+0000] {logging_mixin.py:188} INFO - [2026-08-26T00:56:36.800+0000] {dag.py:3047} INFO - Sync 1 DAGs
[2026-08-26T00:56:36.816+0000] {logging_mixin.py:188} INFO - [2026-08-26T00:56:36.815+0000] {dag.py:3834} INFO - Setting next_dagrun for example_params_trigger_ui to None, run_after=None
[2026-08-26T00:56:36.845+0000] {processor.py:183} INFO - Processing /home/airflow/.local/lib/python3.8/site-packages/airflow/example_dags/example_params_trigger_ui.py took 0.152 seconds
[2026-08-26T00:57:07.520+0000] {processor.py:161} INFO - Started process (PID=1480) to work on /home/airflow/.local/lib/python3.8/site-packages/airflow/example_dags/example_params_trigger_ui.py
[2026-08-26T00:57:07.522+0000] {processor.py:830} INFO - Processing file /home/airflow/.local/lib/python3.8/site-packages/airflow/example_dags/example_params_trigger_ui.py for tasks to queue
[2026-08-26T00:57:07.524+0000] {logging_mixin.py:188} INFO - [2026-08-26T00:57:07.524+0000] {dagbag.py:540} INFO - Filling up the DagBag from /home/airflow/.local/lib/python3.8/site-packages/airflow/example_dags/example_params_trigger_ui.py
[2026-08-26T00:57:07.538+0000] {processor.py:840} INFO - DAG(s) 'example_params_trigger_ui' retrieved from /home/airflow/.local/lib/python3.8/site-packages/airflow/example_dags/example_params_trigger_ui.py
[2026-08-26T00:57:07.594+0000] {logging_mixin.py:188} INFO - [2026-08-26T00:57:07.593+0000] {dag.py:3047} INFO - Sync 1 DAGs
[2026-08-26T00:57:07.607+0000] {logging_mixin.py:188} INFO - [2026-08-26T00:57:07.607+0000] {dag.py:3834} INFO - Setting next_dagrun for example_params_trigger_ui to None, run_after=None
[2026-08-26T00:57:07.629+0000] {processor.py:183} INFO - Processing /home/airflow/.local/lib/python3.8/site-packages/airflow/example_dags/example_params_trigger_ui.py took 0.113 seconds
[2026-08-26T00:57:37.771+0000] {processor.py:161} INFO - Started process (PID=1536) to work on /home/airflow/.local/lib/python3.8/site-packages/airflow/example_dags/example_params_trigger_ui.py
[2026-08-26T00:57:37.773+0000] {processor.py:830} INFO - Processing file /home/airflow/.local/lib/python3.8/site-packages/airflow/example_dags/example_params_trigger_ui.py for tasks to queue
[2026-08-26T00:57:37.777+0000] {logging_mixin.py:188} INFO - [2026-08-26T00:57:37.776+0000] {dagbag.py:540} INFO - Filling up the DagBag from /home/airflow/.local/lib/python3.8/site-packages/airflow/example_dags/example_params_trigger_ui.py
[2026-08-26T00:57:37.802+0000] {processor.py:840} INFO - DAG(s) 'example_params_trigger_ui' retrieved from /home/airflow/.local/lib/python3.8/site-packages/airflow/example_dags/example_params_trigger_ui.py
[2026-08-26T00:57:37.891+0000] {logging_mixin.py:188} INFO - [2026-08-26T00:57:37.890+0000] {dag.py:3047} INFO - Sync 1 DAGs
[2026-08-26T00:57:37.911+0000] {logging_mixin.py:188} INFO - [2026-08-26T00:57:37.911+0000] {dag.py:3834} INFO - Setting next_dagrun for example_params_trigger_ui to None, run_after=None
[2026-08-26T00:57:37.940+0000] {processor.py:183} INFO - Processing /home/airflow/.local/lib/python3.8/site-packages/airflow/example_dags/example_params_trigger_ui.py took 0.174 seconds
[2026-08-26T00:58:09.211+0000] {processor.py:161} INFO - Started process (PID=1594) to work on /home/airflow/.local/lib/python3.8/site-packages/airflow/example_dags/example_params_trigger_ui.py
[2026-08-26T00:58:09.212+0000] {processor.py:830} INFO - Processing file /home/airflow/.local/lib/python3.8/site-packages/airflow/example_dags/example_params_trigger_ui.py for tasks to queue
[2026-08-26T00:58:09.216+0000] {logging_mixin.py:188} INFO - [2026-08-26T00:58:09.215+0000] {dagbag.py:540} INFO - Filling up the DagBag from /home/airflow/.local/lib/python3.8/site-packages/airflow/example_dags/example_params_trigger_ui.py
[2026-08-26T00:58:09.234+0000] {processor.py:840} INFO - DAG(s) 'example_params_trigger_ui' retrieved from /home/airflow/.local/lib/python3.8/site-packages/airflow/example_dags/example_params_trigger_ui.py
[2026-08-26T00:58:09.341+0000] {logging_mixin.py:188} INFO - [2026-08-26T00:58:09.341+0000] {dag.py:3047} INFO - Sync 1 DAGs
[2026-08-26T00:58:09.364+0000] {logging_mixin.py:188} INFO - [2026-08-26T00:58:09.364+0000] {dag.py:3834} INFO - Setting next_dagrun for example_params_trigger_ui to None, run_after=None
[2026-08-26T00:58:09.405+0000] {processor.py:183} INFO - Processing /home/airflow/.local/lib/python3.8/site-packages/airflow/example_dags/example_params_trigger_ui.py took 0.197 seconds
[2026-08-26T00:58:40.322+0000] {processor.py:161} INFO - Started process (PID=1651) to work on /home/airflow/.local/lib/python3.8/site-packages/airflow/example_dags/example_params_trigger_ui.py
[2026-08-26T00:58:40.325+0000] {processor.py:830} INFO - Processing file /home/airflow/.local/lib/python3.8/site-packages/airflow/example_dags/example_params_trigger_ui.py for tasks to queue
[2026-08-26T00:58:40.330+0000] {logging_mixin.py:188} INFO - [2026-08-26T00:58:40.329+0000] {dagbag.py:540} INFO - Filling up the DagBag from /home/airflow/.local/lib/python3.8/site-packages/airflow/example_dags/example_params_trigger_ui.py
[2026-08-26T00:58:40.351+0000] {processor.py:840} INFO - DAG(s) 'example_params_trigger_ui' retrieved from /home/airflow/.local/lib/python3.8/site-packages/airflow/example_dags/example_params_trigger_ui.py
[2026-08-26T00:58:40.434+0000] {logging_mixin.py:188} INFO - [2026-08-26T00:58:40.434+0000] {dag.py:3047} INFO - Sync 1 DAGs
[2026-08-26T00:58:40.454+0000] {logging_mixin.py:188} INFO - [2026-08-26T00:58:40.454+0000] {dag.py:3834} INFO - Setting next_dagrun for example_params_trigger_ui to None, run_after=None
[2026-08-26T00:58:40.481+0000] {processor.py:183} INFO - Processing /home/airflow/.local/lib/python3.8/site-packages/airflow/example_dags/example_params_trigger_ui.py took 0.166 seconds
[2026-08-26T00:59:10.920+0000] {processor.py:161} INFO - Started process (PID=1708) to work on /home/airflow/.local/lib/python3.8/site-packages/airflow/example_dags/example_params_trigger_ui.py
[2026-08-26T00:59:10.922+0000] {processor.py:830} INFO - Processing file /home/airflow/.local/lib/python3.8/site-packages/airflow/example_dags/example_params_trigger_ui.py for tasks to queue
[2026-08-26T00:59:10.925+0000] {logging_mixin.py:188} INFO - [2026-08-26T00:59:10.924+0000] {dagbag.py:540} INFO - Filling up the DagBag from /home/airflow/.local/lib/python3.8/site-packages/airflow/example_dags/example_params_trigger_ui.py
[2026-08-26T00:59:10.939+0000] {processor.py:840} INFO - DAG(s) 'example_params_trigger_ui' retrieved from /home/airflow/.local/lib/python3.8/site-packages/airflow/example_dags/example_params_trigger_ui.py
[2026-08-26T00:59:10.992+0000] {logging_mixin.py:188} INFO - [2026-08-26T00:59:10.992+0000] {dag.py:3047} INFO - Sync 1 DAGs
[2026-08-26T00:59:11.007+0000] {logging_mixin.py:188} INFO - [2026-08-26T00:59:11.007+0000] {dag.py:3834} INFO - Setting next_dagrun for example_params_trigger_ui to None, run_after=None
[2026-08-26T00:59:11.030+0000] {processor.py:183} INFO - Processing /home/airflow/.local/lib/python3.8/site-packages/airflow/example_dags/example_params_trigger_ui.py took 0.113 seconds
[2026-08-26T00:59:41.158+0000] {processor.py:161} INFO - Started process (PID=1764) to work on /home/airflow/.local/lib/python3.8/site-packages/airflow/example_dags/example_params_trigger_ui.py
[2026-08-26T00:59:41.159+0000] {processor.py:830} INFO - Processing file /home/airflow/.local/lib/python3.8/site-packages/airflow/example_dags/example_params_trigger_ui.py for tasks to queue
[2026-08-26T00:59:41.163+0000] {logging_mixin.py:188} INFO - [2026-08-26T00:59:41.162+0000] {dagbag.py:540} INFO - Filling up the DagBag from /home/airflow/.local/lib/python3.8/site-packages/airflow/example_dags/example_params_trigger_ui.py
[2026-08-26T00:59:41.179+0000] {processor.py:840} INFO - DAG(s) 'example_params_trigger_ui' retrieved from /home/airflow/.local/lib/python3.8/site-packages/airflow/example_dags/example_params_trigger_ui.py
[2026-08-26T00:59:41.241+0000] {logging_mixin.py:188} INFO - [2026-08-26T00:59:41.241+0000] {dag.py:3047} INFO - Sync 1 DAGs
[2026-08-26T00:59:41.258+0000] {logging_mixin.py:188} INFO - [2026-08-26T00:59:41.258+0000] {dag.py:3834} INFO - Setting next_dagrun for example_params_trigger_ui to None, run_after=None
[2026-08-26T00:59:41.285+0000] {processor.py:183} INFO - Processing /home/airflow/.local/lib/python3.8/site-packages/airflow/example_dags/example_params_trigger_ui.py took 0.132 seconds
[2026-08-26T01:00:11.379+0000] {processor.py:161} INFO - Started process (PID=1821) to work on /home/airflow/.local/lib/python3.8/site-packages/airflow/example_dags/example_params_trigger_ui.py
[2026-08-26T01:00:11.381+0000] {processor.py:830} INFO - Processing file /home/airflow/.local/lib/python3.8/site-packages/airflow/example_dags/example_params_trigger_ui.py for tasks to queue
[2026-08-26T01:00:11.384+0000] {logging_mixin.py:188} INFO - [2026-08-26T01:00:11.383+0000] {dagbag.py:540} INFO - Filling up the DagBag from /home/airflow/.local/lib/python3.8/site-packages/airflow/example_dags/example_params_trigger_ui.py
[2026-08-26T01:00:11.399+0000] {processor.py:840} INFO - DAG(s) 'example_params_trigger_ui' retrieved from /home/airflow/.local/lib/python3.8/site-packages/airflow/example_dags/example_params_trigger_ui.py
[2026-08-26T01:00:11.459+0000] {logging_mixin.py:188} INFO - [2026-08-26T01:00:11.459+0000] {dag.py:3047} INFO - Sync 1 DAGs
[2026-08-26T01:00:11.475+0000] {logging_mixin.py:188} INFO - [2026-08-26T01:00:11.474+0000] {dag.py:3834} INFO - Setting next_dagrun for example_params_trigger_ui to None, run_after=None
[2026-08-26T01:00:11.498+0000] {processor.py:183} INFO - Processing /home/airflow/.local/lib/python3.8/site-packages/airflow/example_dags/example_params_trigger_ui.py took 0.123 seconds
[2026-08-26T01:00:41.541+0000] {processor.py:161} INFO - Started process (PID=1876) to work on /home/airflow/.local/lib/python3.8/site-packages/airflow/example_dags/example_params_trigger_ui.py
[2026-08-26T01:00:41.543+0000] {processor.py:830} INFO - Processing file /home/airflow/.local/lib/python3.8/site-packages/airflow/example_dags/example_params_trigger_ui.py for tasks to queue
[2026-08-26T01:00:41.545+0000] {logging_mixin.py:188} INFO - [2026-08-26T01:00:41.545+0000] {dagbag.py:540} INFO - Filling up the DagBag from /home/airflow/.local/lib/python3.8/site-packages/airflow/example_dags/example_params_trigger_ui.py
[2026-08-26T01:00:41.559+0000] {processor.py:840} INFO - DAG(s) 'example_params_trigger_ui' retrieved from /home/airflow/.local/lib/python3.8/site-packages/airflow/example_dags/example_params_trigger_ui.py
[2026-08-26T01:00:41.611+0000] {logging_mixin.py:188} INFO - [2026-08-26T01:00:41.611+0000] {dag.py:3047} INFO - Sync 1 DAGs
[2026-08-26T01:00:41.625+0000] {logging_mixin.py:188} INFO - [2026-08-26T01:00:41.625+0000] {dag.py:3834} INFO - Setting next_dagrun for example_params_trigger_ui to None, run_after=None
[2026-08-26T01:00:41.649+0000] {processor.py:183} INFO - Processing /home/airflow/.local/lib/python3.8/site-packages/airflow/example_dags/example_params_trigger_ui.py took 0.111 seconds
[2026-08-26T01:01:11.711+0000] {processor.py:161} INFO - Started process (PID=1933) to work on /home/airflow/.local/lib/python3.8/site-packages/airflow/example_dags/example_params_trigger_ui.py
[2026-08-26T01:01:11.713+0000] {processor.py:830} INFO - Processing file /home/airflow/.local/lib/python3.8/site-packages/airflow/example_dags/example_params_trigger_ui.py for tasks to queue
[2026-08-26T01:01:11.715+0000] {logging_mixin.py:188} INFO - [2026-08-26T01:01:11.715+0000] {dagbag.py:540} INFO - Filling up the DagBag from /home/airflow/.local/lib/python3.8/site-packages/airflow/example_dags/example_params_trigger_ui.py
[2026-08-26T01:01:11.730+0000] {processor.py:840} INFO - DAG(s) 'example_params_trigger_ui' retrieved from /home/airflow/.local/lib/python3.8/site-packages/airflow/example_dags/example_params_trigger_ui.py
[2026-08-26T01:01:11.784+0000] {logging_mixin.py:188} INFO - [2026-08-26T01:01:11.784+0000] {dag.py:3047} INFO - Sync 1 DAGs
[2026-08-26T01:01:11.798+0000] {logging_mixin.py:188} INFO - [2026-08-26T01:01:11.798+0000] {dag.py:3834} INFO - Setting next_dagrun for example_params_trigger_ui to None, run_after=None
[2026-08-26T01:01:11.820+0000] {processor.py:183} INFO - Processing /home/airflow/.local/lib/python3.8/site-packages/airflow/example_dags/example_params_trigger_ui.py took 0.112 seconds
[2026-08-26T01:01:42.669+0000] {processor.py:161} INFO - Started process (PID=1990) to work on /home/airflow/.local/lib/python3.8/site-packages/airflow/example_dags/example_params_trigger_ui.py
[2026-08-26T01:01:42.670+0000] {processor.py:830} INFO - Processing file /home/airflow/.local/lib/python3.8/site-packages/airflow/example_dags/example_params_trigger_ui.py for tasks to queue
[2026-08-26T01:01:42.673+0000] {logging_mixin.py:188} INFO - [2026-08-26T01:01:42.673+0000] {dagbag.py:540} INFO - Filling up the DagBag from /home/airflow/.local/lib/python3.8/site-packages/airflow/example_dags/example_params_trigger_ui.py
[2026-08-26T01:01:42.693+0000] {processor.py:840} INFO - DAG(s) 'example_params_trigger_ui' retrieved from /home/airflow/.local/lib/python3.8/site-packages/airflow/example_dags/example_params_trigger_ui.py
[2026-08-26T01:01:42.768+0000] {logging_mixin.py:188} INFO - [2026-08-26T01:01:42.768+0000] {dag.py:3047} INFO - Sync 1 DAGs
[2026-08-26T01:01:42.784+0000] {logging_mixin.py:188} INFO - [2026-08-26T01:01:42.783+0000] {dag.py:3834} INFO - Setting next_dagrun for example_params_trigger_ui to None, run_after=None
[2026-08-26T01:01:42.805+0000] {processor.py:183} INFO - Processing /home/airflow/.local/lib/python3.8/site-packages/airflow/example_dags/example_params_trigger_ui.py took 0.141 seconds
[2026-08-26T01:02:12.902+0000] {processor.py:161} INFO - Started process (PID=2048) to work on /home/airflow/.local/lib/python3.8/site-packages/airflow/example_dags/example_params_trigger_ui.py
[2026-08-26T01:02:12.904+0000] {processor.py:830} INFO - Processing file /home/airflow/.local/lib/python3.8/site-packages/airflow/example_dags/example_params_trigger_ui.py for tasks to queue
[2026-08-26T01:02:12.906+0000] {logging_mixin.py:188} INFO - [2026-08-26T01:02:12.906+0000] {dagbag.py:540} INFO - Filling up the DagBag from /home/airflow/.local/lib/python3.8/site-packages/airflow/example_dags/example_params_trigger_ui.py
[2026-08-26T01:02:12.926+0000] {processor.py:840} INFO - DAG(s) 'example_params_trigger_ui' retrieved from /home/airflow/.local/lib/python3.8/site-packages/airflow/example_dags/example_params_trigger_ui.py
[2026-08-26T01:02:12.988+0000] {logging_mixin.py:188} INFO - [2026-08-26T01:02:12.988+0000] {dag.py:3047} INFO - Sync 1 DAGs
[2026-08-26T01:02:13.005+0000] {logging_mixin.py:188} INFO - [2026-08-26T01:02:13.005+0000] {dag.py:3834} INFO - Setting next_dagrun for example_params_trigger_ui to None, run_after=None
[2026-08-26T01:02:13.031+0000] {processor.py:183} INFO - Processing /home/airflow/.local/lib/python3.8/site-packages/airflow/example_dags/example_params_trigger_ui.py took 0.132 seconds
[2026-08-26T01:02:43.508+0000] {processor.py:161} INFO - Started process (PID=2104) to work on /home/airflow/.local/lib/python3.8/site-packages/airflow/example_dags/example_params_trigger_ui.py
[2026-08-26T01:02:43.510+0000] {processor.py:830} INFO - Processing file /home/airflow/.local/lib/python3.8/site-packages/airflow/example_dags/example_params_trigger_ui.py for tasks to queue
[2026-08-26T01:02:43.513+0000] {logging_mixin.py:188} INFO - [2026-08-26T01:02:43.513+0000] {dagbag.py:540} INFO - Filling up the DagBag from /home/airflow/.local/lib/python3.8/site-packages/airflow/example_dags/example_params_trigger_ui.py
[2026-08-26T01:02:43.529+0000] {processor.py:840} INFO - DAG(s) 'example_params_trigger_ui' retrieved from /home/airflow/.local/lib/python3.8/site-packages/airflow/example_dags/example_params_trigger_ui.py
[2026-08-26T01:02:43.593+0000] {logging_mixin.py:188} INFO - [2026-08-26T01:02:43.593+0000] {dag.py:3047} INFO - Sync 1 DAGs
[2026-08-26T01:02:43.612+0000] {logging_mixin.py:188} INFO - [2026-08-26T01:02:43.612+0000] {dag.py:3834} INFO - Setting next_dagrun for example_params_trigger_ui to None, run_after=None
[2026-08-26T01:02:43.641+0000] {processor.py:183} INFO - Processing /home/airflow/.local/lib/python3.8/site-packages/airflow/example_dags/example_params_trigger_ui.py took 0.137 seconds
[2026-08-26T01:03:14.484+0000] {processor.py:161} INFO - Started process (PID=2161) to work on /home/airflow/.local/lib/python3.8/site-packages/airflow/example_dags/example_params_trigger_ui.py
[2026-08-26T01:03:14.486+0000] {processor.py:830} INFO - Processing file /home/airflow/.local/lib/python3.8/site-packages/airflow/example_dags/example_params_trigger_ui.py for tasks to queue
[2026-08-26T01:03:14.490+0000] {logging_mixin.py:188} INFO - [2026-08-26T01:03:14.489+0000] {dagbag.py:540} INFO - Filling up the DagBag from /home/airflow/.local/lib/python3.8/site-packages/airflow/example_dags/example_params_trigger_ui.py
[2026-08-26T01:03:14.509+0000] {processor.py:840} INFO - DAG(s) 'example_params_trigger_ui' retrieved from /home/airflow/.local/lib/python3.8/site-packages/airflow/example_dags/example_params_trigger_ui.py
[2026-08-26T01:03:14.575+0000] {logging_mixin.py:188} INFO - [2026-08-26T01:03:14.575+0000] {dag.py:3047} INFO - Sync 1 DAGs
[2026-08-26T01:03:14.592+0000] {logging_mixin.py:188} INFO - [2026-08-26T01:03:14.592+0000] {dag.py:3834} INFO - Setting next_dagrun for example_params_trigger_ui to None, run_after=None
[2026-08-26T01:03:14.619+0000] {processor.py:183} INFO - Processing /home/airflow/.local/lib/python3.8/site-packages/airflow/example_dags/example_params_trigger_ui.py took 0.138 seconds
[2026-08-26T01:03:44.683+0000] {processor.py:161} INFO - Started process (PID=2218) to work on /home/airflow/.local/lib/python3.8/site-packages/airflow/example_dags/example_params_trigger_ui.py
[2026-08-26T01:03:44.685+0000] {processor.py:830} INFO - Processing file /home/airflow/.local/lib/python3.8/site-packages/airflow/example_dags/example_params_trigger_ui.py for tasks to queue
[2026-08-26T01:03:44.688+0000] {logging_mixin.py:188} INFO - [2026-08-26T01:03:44.688+0000] {dagbag.py:540} INFO - Filling up the DagBag from /home/airflow/.local/lib/python3.8/site-packages/airflow/example_dags/example_params_trigger_ui.py
[2026-08-26T01:03:44.707+0000] {processor.py:840} INFO - DAG(s) 'example_params_trigger_ui' retrieved from /home/airflow/.local/lib/python3.8/site-packages/airflow/example_dags/example_params_trigger_ui.py
[2026-08-26T01:03:44.765+0000] {logging_mixin.py:188} INFO - [2026-08-26T01:03:44.764+0000] {dag.py:3047} INFO - Sync 1 DAGs
[2026-08-26T01:03:44.781+0000] {logging_mixin.py:188} INFO - [2026-08-26T01:03:44.781+0000] {dag.py:3834} INFO - Setting next_dagrun for example_params_trigger_ui to None, run_after=None
[2026-08-26T01:03:44.805+0000] {processor.py:183} INFO - Processing /home/airflow/.local/lib/python3.8/site-packages/airflow/example_dags/example_params_trigger_ui.py took 0.127 seconds
[2026-08-26T01:04:15.013+0000] {processor.py:161} INFO - Started process (PID=2275) to work on /home/airflow/.local/lib/python3.8/site-packages/airflow/example_dags/example_params_trigger_ui.py
[2026-08-26T01:04:15.015+0000] {processor.py:830} INFO - Processing file /home/airflow/.local/lib/python3.8/site-packages/airflow/example_dags/example_params_trigger_ui.py for tasks to queue
[2026-08-26T01:04:15.019+0000] {logging_mixin.py:188} INFO - [2026-08-26T01:04:15.019+0000] {dagbag.py:540} INFO - Filling up the DagBag from /home/airflow/.local/lib/python3.8/site-packages/airflow/example_dags/example_params_trigger_ui.py
[2026-08-26T01:04:15.042+0000] {processor.py:840} INFO - DAG(s) 'example_params_trigger_ui' retrieved from /home/airflow/.local/lib/python3.8/site-packages/airflow/example_dags/example_params_trigger_ui.py
[2026-08-26T01:04:15.160+0000] {logging_mixin.py:188} INFO - [2026-08-26T01:04:15.160+0000] {dag.py:3047} INFO - Sync 1 DAGs
[2026-08-26T01:04:15.189+0000] {logging_mixin.py:188} INFO - [2026-08-26T01:04:15.188+0000] {dag.py:3834} INFO - Setting next_dagrun for example_params_trigger_ui to None, run_after=None
[2026-08-26T01:04:15.218+0000] {processor.py:183} INFO - Processing /home/airflow/.local/lib/python3.8/site-packages/airflow/example_dags/example_params_trigger_ui.py took 0.211 seconds
[2026-08-26T17:48:13.532+0000] {processor.py:161} INFO - Started process (PID=117) to work on /home/airflow/.local/lib/python3.8/site-packages/airflow/example_dags/example_params_trigger_ui.py
[2026-08-26T17:48:13.538+0000] {processor.py:830} INFO - Processing file /home/airflow/.local/lib/python3.8/site-packages/airflow/example_dags/example_params_trigger_ui.py for tasks to queue
[2026-08-26T17:48:13.541+0000] {logging_mixin.py:188} INFO - [2026-08-26T17:48:13.540+0000] {dagbag.py:540} INFO - Filling up the DagBag from /home/airflow/.local/lib/python3.8/site-packages/airflow/example_dags/example_params_trigger_ui.py
[2026-08-26T17:48:13.574+0000] {processor.py:840} INFO - DAG(s) 'example_params_trigger_ui' retrieved from /home/airflow/.local/lib/python3.8/site-packages/airflow/example_dags/example_params_trigger_ui.py
[2026-08-26T17:48:13.668+0000] {logging_mixin.py:188} INFO - [2026-08-26T17:48:13.668+0000] {dag.py:3047} INFO - Sync 1 DAGs
[2026-08-26T17:48:13.694+0000] {logging_mixin.py:188} INFO - [2026-08-26T17:48:13.693+0000] {dag.py:3834} INFO - Setting next_dagrun for example_params_trigger_ui to None, run_after=None
[2026-08-26T17:48:13.734+0000] {processor.py:183} INFO - Processing /home/airflow/.local/lib/python3.8/site-packages/airflow/example_dags/example_params_trigger_ui.py took 0.207 seconds
[2026-08-26T17:48:43.789+0000] {processor.py:161} INFO - Started process (PID=174) to work on /home/airflow/.local/lib/python3.8/site-packages/airflow/example_dags/example_params_trigger_ui.py
[2026-08-26T17:48:43.791+0000] {processor.py:830} INFO - Processing file /home/airflow/.local/lib/python3.8/site-packages/airflow/example_dags/example_params_trigger_ui.py for tasks to queue
[2026-08-26T17:48:43.796+0000] {logging_mixin.py:188} INFO - [2026-08-26T17:48:43.795+0000] {dagbag.py:540} INFO - Filling up the DagBag from /home/airflow/.local/lib/python3.8/site-packages/airflow/example_dags/example_params_trigger_ui.py
[2026-08-26T17:48:43.817+0000] {processor.py:840} INFO - DAG(s) 'example_params_trigger_ui' retrieved from /home/airflow/.local/lib/python3.8/site-packages/airflow/example_dags/example_params_trigger_ui.py
[2026-08-26T17:48:43.891+0000] {logging_mixin.py:188} INFO - [2026-08-26T17:48:43.891+0000] {dag.py:3047} INFO - Sync 1 DAGs
[2026-08-26T17:48:43.910+0000] {logging_mixin.py:188} INFO - [2026-08-26T17:48:43.910+0000] {dag.py:3834} INFO - Setting next_dagrun for example_params_trigger_ui to None, run_after=None
[2026-08-26T17:48:43.945+0000] {processor.py:183} INFO - Processing /home/airflow/.local/lib/python3.8/site-packages/airflow/example_dags/example_params_trigger_ui.py took 0.162 seconds
[2026-08-26T17:49:14.213+0000] {processor.py:161} INFO - Started process (PID=230) to work on /home/airflow/.local/lib/python3.8/site-packages/airflow/example_dags/example_params_trigger_ui.py
[2026-08-26T17:49:14.215+0000] {processor.py:830} INFO - Processing file /home/airflow/.local/lib/python3.8/site-packages/airflow/example_dags/example_params_trigger_ui.py for tasks to queue
[2026-08-26T17:49:14.219+0000] {logging_mixin.py:188} INFO - [2026-08-26T17:49:14.218+0000] {dagbag.py:540} INFO - Filling up the DagBag from /home/airflow/.local/lib/python3.8/site-packages/airflow/example_dags/example_params_trigger_ui.py
[2026-08-26T17:49:14.239+0000] {processor.py:840} INFO - DAG(s) 'example_params_trigger_ui' retrieved from /home/airflow/.local/lib/python3.8/site-packages/airflow/example_dags/example_params_trigger_ui.py
[2026-08-26T17:49:14.316+0000] {logging_mixin.py:188} INFO - [2026-08-26T17:49:14.316+0000] {dag.py:3047} INFO - Sync 1 DAGs
[2026-08-26T17:49:14.338+0000] {logging_mixin.py:188} INFO - [2026-08-26T17:49:14.337+0000] {dag.py:3834} INFO - Setting next_dagrun for example_params_trigger_ui to None, run_after=None
[2026-08-26T17:49:14.380+0000] {processor.py:183} INFO - Processing /home/airflow/.local/lib/python3.8/site-packages/airflow/example_dags/example_params_trigger_ui.py took 0.173 seconds
[2026-08-26T17:49:44.628+0000] {processor.py:161} INFO - Started process (PID=287) to work on /home/airflow/.local/lib/python3.8/site-packages/airflow/example_dags/example_params_trigger_ui.py
[2026-08-26T17:49:44.631+0000] {processor.py:830} INFO - Processing file /home/airflow/.local/lib/python3.8/site-packages/airflow/example_dags/example_params_trigger_ui.py for tasks to queue
[2026-08-26T17:49:44.635+0000] {logging_mixin.py:188} INFO - [2026-08-26T17:49:44.634+0000] {dagbag.py:540} INFO - Filling up the DagBag from /home/airflow/.local/lib/python3.8/site-packages/airflow/example_dags/example_params_trigger_ui.py
[2026-08-26T17:49:44.666+0000] {processor.py:840} INFO - DAG(s) 'example_params_trigger_ui' retrieved from /home/airflow/.local/lib/python3.8/site-packages/airflow/example_dags/example_params_trigger_ui.py
[2026-08-26T17:49:44.754+0000] {logging_mixin.py:188} INFO - [2026-08-26T17:49:44.753+0000] {dag.py:3047} INFO - Sync 1 DAGs
[2026-08-26T17:49:44.778+0000] {logging_mixin.py:188} INFO - [2026-08-26T17:49:44.777+0000] {dag.py:3834} INFO - Setting next_dagrun for example_params_trigger_ui to None, run_after=None
[2026-08-26T17:49:44.803+0000] {processor.py:183} INFO - Processing /home/airflow/.local/lib/python3.8/site-packages/airflow/example_dags/example_params_trigger_ui.py took 0.187 seconds
[2026-08-26T17:50:16.259+0000] {processor.py:161} INFO - Started process (PID=344) to work on /home/airflow/.local/lib/python3.8/site-packages/airflow/example_dags/example_params_trigger_ui.py
[2026-08-26T17:50:16.262+0000] {processor.py:830} INFO - Processing file /home/airflow/.local/lib/python3.8/site-packages/airflow/example_dags/example_params_trigger_ui.py for tasks to queue
[2026-08-26T17:50:16.265+0000] {logging_mixin.py:188} INFO - [2026-08-26T17:50:16.265+0000] {dagbag.py:540} INFO - Filling up the DagBag from /home/airflow/.local/lib/python3.8/site-packages/airflow/example_dags/example_params_trigger_ui.py
[2026-08-26T17:50:16.294+0000] {processor.py:840} INFO - DAG(s) 'example_params_trigger_ui' retrieved from /home/airflow/.local/lib/python3.8/site-packages/airflow/example_dags/example_params_trigger_ui.py
[2026-08-26T17:50:16.374+0000] {logging_mixin.py:188} INFO - [2026-08-26T17:50:16.373+0000] {dag.py:3047} INFO - Sync 1 DAGs
[2026-08-26T17:50:16.392+0000] {logging_mixin.py:188} INFO - [2026-08-26T17:50:16.392+0000] {dag.py:3834} INFO - Setting next_dagrun for example_params_trigger_ui to None, run_after=None
[2026-08-26T17:50:16.419+0000] {processor.py:183} INFO - Processing /home/airflow/.local/lib/python3.8/site-packages/airflow/example_dags/example_params_trigger_ui.py took 0.169 seconds
[2026-08-26T17:50:46.842+0000] {processor.py:161} INFO - Started process (PID=401) to work on /home/airflow/.local/lib/python3.8/site-packages/airflow/example_dags/example_params_trigger_ui.py
[2026-08-26T17:50:46.844+0000] {processor.py:830} INFO - Processing file /home/airflow/.local/lib/python3.8/site-packages/airflow/example_dags/example_params_trigger_ui.py for tasks to queue
[2026-08-26T17:50:46.848+0000] {logging_mixin.py:188} INFO - [2026-08-26T17:50:46.847+0000] {dagbag.py:540} INFO - Filling up the DagBag from /home/airflow/.local/lib/python3.8/site-packages/airflow/example_dags/example_params_trigger_ui.py
[2026-08-26T17:50:46.873+0000] {processor.py:840} INFO - DAG(s) 'example_params_trigger_ui' retrieved from /home/airflow/.local/lib/python3.8/site-packages/airflow/example_dags/example_params_trigger_ui.py
[2026-08-26T17:50:46.966+0000] {logging_mixin.py:188} INFO - [2026-08-26T17:50:46.966+0000] {dag.py:3047} INFO - Sync 1 DAGs
[2026-08-26T17:50:46.992+0000] {logging_mixin.py:188} INFO - [2026-08-26T17:50:46.992+0000] {dag.py:3834} INFO - Setting next_dagrun for example_params_trigger_ui to None, run_after=None
[2026-08-26T17:50:47.027+0000] {processor.py:183} INFO - Processing /home/airflow/.local/lib/python3.8/site-packages/airflow/example_dags/example_params_trigger_ui.py took 0.195 seconds
[2026-08-26T17:51:17.442+0000] {processor.py:161} INFO - Started process (PID=458) to work on /home/airflow/.local/lib/python3.8/site-packages/airflow/example_dags/example_params_trigger_ui.py
[2026-08-26T17:51:17.445+0000] {processor.py:830} INFO - Processing file /home/airflow/.local/lib/python3.8/site-packages/airflow/example_dags/example_params_trigger_ui.py for tasks to queue
[2026-08-26T17:51:17.449+0000] {logging_mixin.py:188} INFO - [2026-08-26T17:51:17.448+0000] {dagbag.py:540} INFO - Filling up the DagBag from /home/airflow/.local/lib/python3.8/site-packages/airflow/example_dags/example_params_trigger_ui.py
[2026-08-26T17:51:17.471+0000] {processor.py:840} INFO - DAG(s) 'example_params_trigger_ui' retrieved from /home/airflow/.local/lib/python3.8/site-packages/airflow/example_dags/example_params_trigger_ui.py
[2026-08-26T17:51:17.555+0000] {logging_mixin.py:188} INFO - [2026-08-26T17:51:17.555+0000] {dag.py:3047} INFO - Sync 1 DAGs
[2026-08-26T17:51:17.573+0000] {logging_mixin.py:188} INFO - [2026-08-26T17:51:17.573+0000] {dag.py:3834} INFO - Setting next_dagrun for example_params_trigger_ui to None, run_after=None
[2026-08-26T17:51:17.602+0000] {processor.py:183} INFO - Processing /home/airflow/.local/lib/python3.8/site-packages/airflow/example_dags/example_params_trigger_ui.py took 0.164 seconds
[2026-08-26T17:51:49.039+0000] {processor.py:161} INFO - Started process (PID=517) to work on /home/airflow/.local/lib/python3.8/site-packages/airflow/example_dags/example_params_trigger_ui.py
[2026-08-26T17:51:49.041+0000] {processor.py:830} INFO - Processing file /home/airflow/.local/lib/python3.8/site-packages/airflow/example_dags/example_params_trigger_ui.py for tasks to queue
[2026-08-26T17:51:49.045+0000] {logging_mixin.py:188} INFO - [2026-08-26T17:51:49.044+0000] {dagbag.py:540} INFO - Filling up the DagBag from /home/airflow/.local/lib/python3.8/site-packages/airflow/example_dags/example_params_trigger_ui.py
[2026-08-26T17:51:49.077+0000] {processor.py:840} INFO - DAG(s) 'example_params_trigger_ui' retrieved from /home/airflow/.local/lib/python3.8/site-packages/airflow/example_dags/example_params_trigger_ui.py
[2026-08-26T17:51:49.159+0000] {logging_mixin.py:188} INFO - [2026-08-26T17:51:49.158+0000] {dag.py:3047} INFO - Sync 1 DAGs
[2026-08-26T17:51:49.184+0000] {logging_mixin.py:188} INFO - [2026-08-26T17:51:49.184+0000] {dag.py:3834} INFO - Setting next_dagrun for example_params_trigger_ui to None, run_after=None
[2026-08-26T17:51:49.227+0000] {processor.py:183} INFO - Processing /home/airflow/.local/lib/python3.8/site-packages/airflow/example_dags/example_params_trigger_ui.py took 0.193 seconds
[2026-08-26T17:52:19.387+0000] {processor.py:161} INFO - Started process (PID=574) to work on /home/airflow/.local/lib/python3.8/site-packages/airflow/example_dags/example_params_trigger_ui.py
[2026-08-26T17:52:19.388+0000] {processor.py:830} INFO - Processing file /home/airflow/.local/lib/python3.8/site-packages/airflow/example_dags/example_params_trigger_ui.py for tasks to queue
[2026-08-26T17:52:19.391+0000] {logging_mixin.py:188} INFO - [2026-08-26T17:52:19.391+0000] {dagbag.py:540} INFO - Filling up the DagBag from /home/airflow/.local/lib/python3.8/site-packages/airflow/example_dags/example_params_trigger_ui.py
[2026-08-26T17:52:19.418+0000] {processor.py:840} INFO - DAG(s) 'example_params_trigger_ui' retrieved from /home/airflow/.local/lib/python3.8/site-packages/airflow/example_dags/example_params_trigger_ui.py
[2026-08-26T17:52:19.504+0000] {logging_mixin.py:188} INFO - [2026-08-26T17:52:19.504+0000] {dag.py:3047} INFO - Sync 1 DAGs
[2026-08-26T17:52:19.524+0000] {logging_mixin.py:188} INFO - [2026-08-26T17:52:19.523+0000] {dag.py:3834} INFO - Setting next_dagrun for example_params_trigger_ui to None, run_after=None
[2026-08-26T17:52:19.569+0000] {processor.py:183} INFO - Processing /home/airflow/.local/lib/python3.8/site-packages/airflow/example_dags/example_params_trigger_ui.py took 0.186 seconds
[2026-08-26T17:52:49.671+0000] {processor.py:161} INFO - Started process (PID=631) to work on /home/airflow/.local/lib/python3.8/site-packages/airflow/example_dags/example_params_trigger_ui.py
[2026-08-26T17:52:49.672+0000] {processor.py:830} INFO - Processing file /home/airflow/.local/lib/python3.8/site-packages/airflow/example_dags/example_params_trigger_ui.py for tasks to queue
[2026-08-26T17:52:49.679+0000] {logging_mixin.py:188} INFO - [2026-08-26T17:52:49.678+0000] {dagbag.py:540} INFO - Filling up the DagBag from /home/airflow/.local/lib/python3.8/site-packages/airflow/example_dags/example_params_trigger_ui.py
[2026-08-26T17:52:49.722+0000] {processor.py:840} INFO - DAG(s) 'example_params_trigger_ui' retrieved from /home/airflow/.local/lib/python3.8/site-packages/airflow/example_dags/example_params_trigger_ui.py
[2026-08-26T17:52:49.846+0000] {logging_mixin.py:188} INFO - [2026-08-26T17:52:49.845+0000] {dag.py:3047} INFO - Sync 1 DAGs
[2026-08-26T17:52:49.874+0000] {logging_mixin.py:188} INFO - [2026-08-26T17:52:49.874+0000] {dag.py:3834} INFO - Setting next_dagrun for example_params_trigger_ui to None, run_after=None
[2026-08-26T17:52:50.027+0000] {processor.py:183} INFO - Processing /home/airflow/.local/lib/python3.8/site-packages/airflow/example_dags/example_params_trigger_ui.py took 0.360 seconds
[2026-08-26T17:53:21.061+0000] {processor.py:161} INFO - Started process (PID=689) to work on /home/airflow/.local/lib/python3.8/site-packages/airflow/example_dags/example_params_trigger_ui.py
[2026-08-26T17:53:21.063+0000] {processor.py:830} INFO - Processing file /home/airflow/.local/lib/python3.8/site-packages/airflow/example_dags/example_params_trigger_ui.py for tasks to queue
[2026-08-26T17:53:21.066+0000] {logging_mixin.py:188} INFO - [2026-08-26T17:53:21.065+0000] {dagbag.py:540} INFO - Filling up the DagBag from /home/airflow/.local/lib/python3.8/site-packages/airflow/example_dags/example_params_trigger_ui.py
[2026-08-26T17:53:21.084+0000] {processor.py:840} INFO - DAG(s) 'example_params_trigger_ui' retrieved from /home/airflow/.local/lib/python3.8/site-packages/airflow/example_dags/example_params_trigger_ui.py
[2026-08-26T17:53:21.163+0000] {logging_mixin.py:188} INFO - [2026-08-26T17:53:21.162+0000] {dag.py:3047} INFO - Sync 1 DAGs
[2026-08-26T17:53:21.184+0000] {logging_mixin.py:188} INFO - [2026-08-26T17:53:21.183+0000] {dag.py:3834} INFO - Setting next_dagrun for example_params_trigger_ui to None, run_after=None
[2026-08-26T17:53:21.226+0000] {processor.py:183} INFO - Processing /home/airflow/.local/lib/python3.8/site-packages/airflow/example_dags/example_params_trigger_ui.py took 0.171 seconds
[2026-08-26T17:53:51.942+0000] {processor.py:161} INFO - Started process (PID=746) to work on /home/airflow/.local/lib/python3.8/site-packages/airflow/example_dags/example_params_trigger_ui.py
[2026-08-26T17:53:51.945+0000] {processor.py:830} INFO - Processing file /home/airflow/.local/lib/python3.8/site-packages/airflow/example_dags/example_params_trigger_ui.py for tasks to queue
[2026-08-26T17:53:51.956+0000] {logging_mixin.py:188} INFO - [2026-08-26T17:53:51.955+0000] {dagbag.py:540} INFO - Filling up the DagBag from /home/airflow/.local/lib/python3.8/site-packages/airflow/example_dags/example_params_trigger_ui.py
[2026-08-26T17:53:52.034+0000] {processor.py:840} INFO - DAG(s) 'example_params_trigger_ui' retrieved from /home/airflow/.local/lib/python3.8/site-packages/airflow/example_dags/example_params_trigger_ui.py
[2026-08-26T17:53:52.218+0000] {logging_mixin.py:188} INFO - [2026-08-26T17:53:52.217+0000] {dag.py:3047} INFO - Sync 1 DAGs
[2026-08-26T17:53:52.257+0000] {logging_mixin.py:188} INFO - [2026-08-26T17:53:52.254+0000] {dag.py:3834} INFO - Setting next_dagrun for example_params_trigger_ui to None, run_after=None
[2026-08-26T17:53:52.308+0000] {processor.py:183} INFO - Processing /home/airflow/.local/lib/python3.8/site-packages/airflow/example_dags/example_params_trigger_ui.py took 0.380 seconds
[2026-08-26T17:54:22.944+0000] {processor.py:161} INFO - Started process (PID=803) to work on /home/airflow/.local/lib/python3.8/site-packages/airflow/example_dags/example_params_trigger_ui.py
[2026-08-26T17:54:22.947+0000] {processor.py:830} INFO - Processing file /home/airflow/.local/lib/python3.8/site-packages/airflow/example_dags/example_params_trigger_ui.py for tasks to queue
[2026-08-26T17:54:22.953+0000] {logging_mixin.py:188} INFO - [2026-08-26T17:54:22.952+0000] {dagbag.py:540} INFO - Filling up the DagBag from /home/airflow/.local/lib/python3.8/site-packages/airflow/example_dags/example_params_trigger_ui.py
[2026-08-26T17:54:22.981+0000] {processor.py:840} INFO - DAG(s) 'example_params_trigger_ui' retrieved from /home/airflow/.local/lib/python3.8/site-packages/airflow/example_dags/example_params_trigger_ui.py
[2026-08-26T17:54:23.081+0000] {logging_mixin.py:188} INFO - [2026-08-26T17:54:23.081+0000] {dag.py:3047} INFO - Sync 1 DAGs
[2026-08-26T17:54:23.109+0000] {logging_mixin.py:188} INFO - [2026-08-26T17:54:23.108+0000] {dag.py:3834} INFO - Setting next_dagrun for example_params_trigger_ui to None, run_after=None
[2026-08-26T17:54:23.140+0000] {processor.py:183} INFO - Processing /home/airflow/.local/lib/python3.8/site-packages/airflow/example_dags/example_params_trigger_ui.py took 0.202 seconds
[2026-08-26T17:54:53.622+0000] {processor.py:161} INFO - Started process (PID=860) to work on /home/airflow/.local/lib/python3.8/site-packages/airflow/example_dags/example_params_trigger_ui.py
[2026-08-26T17:54:53.624+0000] {processor.py:830} INFO - Processing file /home/airflow/.local/lib/python3.8/site-packages/airflow/example_dags/example_params_trigger_ui.py for tasks to queue
[2026-08-26T17:54:53.627+0000] {logging_mixin.py:188} INFO - [2026-08-26T17:54:53.626+0000] {dagbag.py:540} INFO - Filling up the DagBag from /home/airflow/.local/lib/python3.8/site-packages/airflow/example_dags/example_params_trigger_ui.py
[2026-08-26T17:54:53.653+0000] {processor.py:840} INFO - DAG(s) 'example_params_trigger_ui' retrieved from /home/airflow/.local/lib/python3.8/site-packages/airflow/example_dags/example_params_trigger_ui.py
[2026-08-26T17:54:53.749+0000] {logging_mixin.py:188} INFO - [2026-08-26T17:54:53.749+0000] {dag.py:3047} INFO - Sync 1 DAGs
[2026-08-26T17:54:53.764+0000] {logging_mixin.py:188} INFO - [2026-08-26T17:54:53.764+0000] {dag.py:3834} INFO - Setting next_dagrun for example_params_trigger_ui to None, run_after=None
[2026-08-26T17:54:53.792+0000] {processor.py:183} INFO - Processing /home/airflow/.local/lib/python3.8/site-packages/airflow/example_dags/example_params_trigger_ui.py took 0.175 seconds
[2026-08-26T17:55:24.569+0000] {processor.py:161} INFO - Started process (PID=917) to work on /home/airflow/.local/lib/python3.8/site-packages/airflow/example_dags/example_params_trigger_ui.py
[2026-08-26T17:55:24.570+0000] {processor.py:830} INFO - Processing file /home/airflow/.local/lib/python3.8/site-packages/airflow/example_dags/example_params_trigger_ui.py for tasks to queue
[2026-08-26T17:55:24.573+0000] {logging_mixin.py:188} INFO - [2026-08-26T17:55:24.573+0000] {dagbag.py:540} INFO - Filling up the DagBag from /home/airflow/.local/lib/python3.8/site-packages/airflow/example_dags/example_params_trigger_ui.py
[2026-08-26T17:55:24.601+0000] {processor.py:840} INFO - DAG(s) 'example_params_trigger_ui' retrieved from /home/airflow/.local/lib/python3.8/site-packages/airflow/example_dags/example_params_trigger_ui.py
[2026-08-26T17:55:24.700+0000] {logging_mixin.py:188} INFO - [2026-08-26T17:55:24.699+0000] {dag.py:3047} INFO - Sync 1 DAGs
[2026-08-26T17:55:24.719+0000] {logging_mixin.py:188} INFO - [2026-08-26T17:55:24.719+0000] {dag.py:3834} INFO - Setting next_dagrun for example_params_trigger_ui to None, run_after=None
[2026-08-26T17:55:24.750+0000] {processor.py:183} INFO - Processing /home/airflow/.local/lib/python3.8/site-packages/airflow/example_dags/example_params_trigger_ui.py took 0.185 seconds
[2026-08-26T17:55:57.617+0000] {processor.py:161} INFO - Started process (PID=974) to work on /home/airflow/.local/lib/python3.8/site-packages/airflow/example_dags/example_params_trigger_ui.py
[2026-08-26T17:55:57.619+0000] {processor.py:830} INFO - Processing file /home/airflow/.local/lib/python3.8/site-packages/airflow/example_dags/example_params_trigger_ui.py for tasks to queue
[2026-08-26T17:55:57.633+0000] {logging_mixin.py:188} INFO - [2026-08-26T17:55:57.623+0000] {dagbag.py:540} INFO - Filling up the DagBag from /home/airflow/.local/lib/python3.8/site-packages/airflow/example_dags/example_params_trigger_ui.py
[2026-08-26T17:55:57.717+0000] {processor.py:840} INFO - DAG(s) 'example_params_trigger_ui' retrieved from /home/airflow/.local/lib/python3.8/site-packages/airflow/example_dags/example_params_trigger_ui.py
[2026-08-26T17:55:58.044+0000] {logging_mixin.py:188} INFO - [2026-08-26T17:55:58.034+0000] {dag.py:3047} INFO - Sync 1 DAGs
[2026-08-26T17:55:58.140+0000] {logging_mixin.py:188} INFO - [2026-08-26T17:55:58.139+0000] {dag.py:3834} INFO - Setting next_dagrun for example_params_trigger_ui to None, run_after=None
[2026-08-26T17:55:58.252+0000] {processor.py:183} INFO - Processing /home/airflow/.local/lib/python3.8/site-packages/airflow/example_dags/example_params_trigger_ui.py took 0.652 seconds
[2026-08-26T17:56:29.247+0000] {processor.py:161} INFO - Started process (PID=1033) to work on /home/airflow/.local/lib/python3.8/site-packages/airflow/example_dags/example_params_trigger_ui.py
[2026-08-26T17:56:29.249+0000] {processor.py:830} INFO - Processing file /home/airflow/.local/lib/python3.8/site-packages/airflow/example_dags/example_params_trigger_ui.py for tasks to queue
[2026-08-26T17:56:29.252+0000] {logging_mixin.py:188} INFO - [2026-08-26T17:56:29.252+0000] {dagbag.py:540} INFO - Filling up the DagBag from /home/airflow/.local/lib/python3.8/site-packages/airflow/example_dags/example_params_trigger_ui.py
[2026-08-26T17:56:29.271+0000] {processor.py:840} INFO - DAG(s) 'example_params_trigger_ui' retrieved from /home/airflow/.local/lib/python3.8/site-packages/airflow/example_dags/example_params_trigger_ui.py
[2026-08-26T17:56:29.349+0000] {logging_mixin.py:188} INFO - [2026-08-26T17:56:29.348+0000] {dag.py:3047} INFO - Sync 1 DAGs
[2026-08-26T17:56:29.367+0000] {logging_mixin.py:188} INFO - [2026-08-26T17:56:29.366+0000] {dag.py:3834} INFO - Setting next_dagrun for example_params_trigger_ui to None, run_after=None
[2026-08-26T17:56:29.397+0000] {processor.py:183} INFO - Processing /home/airflow/.local/lib/python3.8/site-packages/airflow/example_dags/example_params_trigger_ui.py took 0.156 seconds
[2026-08-26T17:56:59.893+0000] {processor.py:161} INFO - Started process (PID=1090) to work on /home/airflow/.local/lib/python3.8/site-packages/airflow/example_dags/example_params_trigger_ui.py
[2026-08-26T17:56:59.895+0000] {processor.py:830} INFO - Processing file /home/airflow/.local/lib/python3.8/site-packages/airflow/example_dags/example_params_trigger_ui.py for tasks to queue
[2026-08-26T17:56:59.898+0000] {logging_mixin.py:188} INFO - [2026-08-26T17:56:59.897+0000] {dagbag.py:540} INFO - Filling up the DagBag from /home/airflow/.local/lib/python3.8/site-packages/airflow/example_dags/example_params_trigger_ui.py
[2026-08-26T17:56:59.919+0000] {processor.py:840} INFO - DAG(s) 'example_params_trigger_ui' retrieved from /home/airflow/.local/lib/python3.8/site-packages/airflow/example_dags/example_params_trigger_ui.py
[2026-08-26T17:56:59.993+0000] {logging_mixin.py:188} INFO - [2026-08-26T17:56:59.993+0000] {dag.py:3047} INFO - Sync 1 DAGs
[2026-08-26T17:57:00.010+0000] {logging_mixin.py:188} INFO - [2026-08-26T17:57:00.009+0000] {dag.py:3834} INFO - Setting next_dagrun for example_params_trigger_ui to None, run_after=None
[2026-08-26T17:57:00.048+0000] {processor.py:183} INFO - Processing /home/airflow/.local/lib/python3.8/site-packages/airflow/example_dags/example_params_trigger_ui.py took 0.162 seconds
[2026-08-26T17:57:30.109+0000] {processor.py:161} INFO - Started process (PID=1148) to work on /home/airflow/.local/lib/python3.8/site-packages/airflow/example_dags/example_params_trigger_ui.py
[2026-08-26T17:57:30.111+0000] {processor.py:830} INFO - Processing file /home/airflow/.local/lib/python3.8/site-packages/airflow/example_dags/example_params_trigger_ui.py for tasks to queue
[2026-08-26T17:57:30.115+0000] {logging_mixin.py:188} INFO - [2026-08-26T17:57:30.115+0000] {dagbag.py:540} INFO - Filling up the DagBag from /home/airflow/.local/lib/python3.8/site-packages/airflow/example_dags/example_params_trigger_ui.py
[2026-08-26T17:57:30.146+0000] {processor.py:840} INFO - DAG(s) 'example_params_trigger_ui' retrieved from /home/airflow/.local/lib/python3.8/site-packages/airflow/example_dags/example_params_trigger_ui.py
[2026-08-26T17:57:30.266+0000] {logging_mixin.py:188} INFO - [2026-08-26T17:57:30.266+0000] {dag.py:3047} INFO - Sync 1 DAGs
[2026-08-26T17:57:30.291+0000] {logging_mixin.py:188} INFO - [2026-08-26T17:57:30.290+0000] {dag.py:3834} INFO - Setting next_dagrun for example_params_trigger_ui to None, run_after=None
[2026-08-26T17:57:30.318+0000] {processor.py:183} INFO - Processing /home/airflow/.local/lib/python3.8/site-packages/airflow/example_dags/example_params_trigger_ui.py took 0.220 seconds
[2026-08-26T17:58:00.558+0000] {processor.py:161} INFO - Started process (PID=1210) to work on /home/airflow/.local/lib/python3.8/site-packages/airflow/example_dags/example_params_trigger_ui.py
[2026-08-26T17:58:00.560+0000] {processor.py:830} INFO - Processing file /home/airflow/.local/lib/python3.8/site-packages/airflow/example_dags/example_params_trigger_ui.py for tasks to queue
[2026-08-26T17:58:00.568+0000] {logging_mixin.py:188} INFO - [2026-08-26T17:58:00.567+0000] {dagbag.py:540} INFO - Filling up the DagBag from /home/airflow/.local/lib/python3.8/site-packages/airflow/example_dags/example_params_trigger_ui.py
[2026-08-26T17:58:00.592+0000] {processor.py:840} INFO - DAG(s) 'example_params_trigger_ui' retrieved from /home/airflow/.local/lib/python3.8/site-packages/airflow/example_dags/example_params_trigger_ui.py
[2026-08-26T17:58:00.719+0000] {logging_mixin.py:188} INFO - [2026-08-26T17:58:00.719+0000] {dag.py:3047} INFO - Sync 1 DAGs
[2026-08-26T17:58:00.749+0000] {logging_mixin.py:188} INFO - [2026-08-26T17:58:00.748+0000] {dag.py:3834} INFO - Setting next_dagrun for example_params_trigger_ui to None, run_after=None
[2026-08-26T17:58:00.778+0000] {processor.py:183} INFO - Processing /home/airflow/.local/lib/python3.8/site-packages/airflow/example_dags/example_params_trigger_ui.py took 0.229 seconds
[2026-08-26T17:58:30.925+0000] {processor.py:161} INFO - Started process (PID=1265) to work on /home/airflow/.local/lib/python3.8/site-packages/airflow/example_dags/example_params_trigger_ui.py
[2026-08-26T17:58:30.928+0000] {processor.py:830} INFO - Processing file /home/airflow/.local/lib/python3.8/site-packages/airflow/example_dags/example_params_trigger_ui.py for tasks to queue
[2026-08-26T17:58:30.933+0000] {logging_mixin.py:188} INFO - [2026-08-26T17:58:30.932+0000] {dagbag.py:540} INFO - Filling up the DagBag from /home/airflow/.local/lib/python3.8/site-packages/airflow/example_dags/example_params_trigger_ui.py
[2026-08-26T17:58:30.956+0000] {processor.py:840} INFO - DAG(s) 'example_params_trigger_ui' retrieved from /home/airflow/.local/lib/python3.8/site-packages/airflow/example_dags/example_params_trigger_ui.py
[2026-08-26T17:58:31.040+0000] {logging_mixin.py:188} INFO - [2026-08-26T17:58:31.040+0000] {dag.py:3047} INFO - Sync 1 DAGs
[2026-08-26T17:58:31.067+0000] {logging_mixin.py:188} INFO - [2026-08-26T17:58:31.066+0000] {dag.py:3834} INFO - Setting next_dagrun for example_params_trigger_ui to None, run_after=None
[2026-08-26T17:58:31.104+0000] {processor.py:183} INFO - Processing /home/airflow/.local/lib/python3.8/site-packages/airflow/example_dags/example_params_trigger_ui.py took 0.184 seconds
[2026-08-26T17:59:01.185+0000] {processor.py:161} INFO - Started process (PID=1322) to work on /home/airflow/.local/lib/python3.8/site-packages/airflow/example_dags/example_params_trigger_ui.py
[2026-08-26T17:59:01.188+0000] {processor.py:830} INFO - Processing file /home/airflow/.local/lib/python3.8/site-packages/airflow/example_dags/example_params_trigger_ui.py for tasks to queue
[2026-08-26T17:59:01.193+0000] {logging_mixin.py:188} INFO - [2026-08-26T17:59:01.192+0000] {dagbag.py:540} INFO - Filling up the DagBag from /home/airflow/.local/lib/python3.8/site-packages/airflow/example_dags/example_params_trigger_ui.py
[2026-08-26T17:59:01.217+0000] {processor.py:840} INFO - DAG(s) 'example_params_trigger_ui' retrieved from /home/airflow/.local/lib/python3.8/site-packages/airflow/example_dags/example_params_trigger_ui.py
[2026-08-26T17:59:01.283+0000] {logging_mixin.py:188} INFO - [2026-08-26T17:59:01.283+0000] {dag.py:3047} INFO - Sync 1 DAGs
[2026-08-26T17:59:01.299+0000] {logging_mixin.py:188} INFO - [2026-08-26T17:59:01.299+0000] {dag.py:3834} INFO - Setting next_dagrun for example_params_trigger_ui to None, run_after=None
[2026-08-26T17:59:01.323+0000] {processor.py:183} INFO - Processing /home/airflow/.local/lib/python3.8/site-packages/airflow/example_dags/example_params_trigger_ui.py took 0.141 seconds
[2026-08-26T17:59:31.912+0000] {processor.py:161} INFO - Started process (PID=1378) to work on /home/airflow/.local/lib/python3.8/site-packages/airflow/example_dags/example_params_trigger_ui.py
[2026-08-26T17:59:31.913+0000] {processor.py:830} INFO - Processing file /home/airflow/.local/lib/python3.8/site-packages/airflow/example_dags/example_params_trigger_ui.py for tasks to queue
[2026-08-26T17:59:31.915+0000] {logging_mixin.py:188} INFO - [2026-08-26T17:59:31.915+0000] {dagbag.py:540} INFO - Filling up the DagBag from /home/airflow/.local/lib/python3.8/site-packages/airflow/example_dags/example_params_trigger_ui.py
[2026-08-26T17:59:31.929+0000] {processor.py:840} INFO - DAG(s) 'example_params_trigger_ui' retrieved from /home/airflow/.local/lib/python3.8/site-packages/airflow/example_dags/example_params_trigger_ui.py
[2026-08-26T17:59:31.994+0000] {logging_mixin.py:188} INFO - [2026-08-26T17:59:31.993+0000] {dag.py:3047} INFO - Sync 1 DAGs
[2026-08-26T17:59:32.007+0000] {logging_mixin.py:188} INFO - [2026-08-26T17:59:32.007+0000] {dag.py:3834} INFO - Setting next_dagrun for example_params_trigger_ui to None, run_after=None
[2026-08-26T17:59:32.029+0000] {processor.py:183} INFO - Processing /home/airflow/.local/lib/python3.8/site-packages/airflow/example_dags/example_params_trigger_ui.py took 0.121 seconds
[2026-08-26T18:00:02.646+0000] {processor.py:161} INFO - Started process (PID=1435) to work on /home/airflow/.local/lib/python3.8/site-packages/airflow/example_dags/example_params_trigger_ui.py
[2026-08-26T18:00:02.648+0000] {processor.py:830} INFO - Processing file /home/airflow/.local/lib/python3.8/site-packages/airflow/example_dags/example_params_trigger_ui.py for tasks to queue
[2026-08-26T18:00:02.651+0000] {logging_mixin.py:188} INFO - [2026-08-26T18:00:02.650+0000] {dagbag.py:540} INFO - Filling up the DagBag from /home/airflow/.local/lib/python3.8/site-packages/airflow/example_dags/example_params_trigger_ui.py
[2026-08-26T18:00:02.665+0000] {processor.py:840} INFO - DAG(s) 'example_params_trigger_ui' retrieved from /home/airflow/.local/lib/python3.8/site-packages/airflow/example_dags/example_params_trigger_ui.py
[2026-08-26T18:00:02.733+0000] {logging_mixin.py:188} INFO - [2026-08-26T18:00:02.732+0000] {dag.py:3047} INFO - Sync 1 DAGs
[2026-08-26T18:00:02.749+0000] {logging_mixin.py:188} INFO - [2026-08-26T18:00:02.748+0000] {dag.py:3834} INFO - Setting next_dagrun for example_params_trigger_ui to None, run_after=None
[2026-08-26T18:00:02.774+0000] {processor.py:183} INFO - Processing /home/airflow/.local/lib/python3.8/site-packages/airflow/example_dags/example_params_trigger_ui.py took 0.133 seconds
[2026-08-26T18:00:32.949+0000] {processor.py:161} INFO - Started process (PID=1492) to work on /home/airflow/.local/lib/python3.8/site-packages/airflow/example_dags/example_params_trigger_ui.py
[2026-08-26T18:00:32.951+0000] {processor.py:830} INFO - Processing file /home/airflow/.local/lib/python3.8/site-packages/airflow/example_dags/example_params_trigger_ui.py for tasks to queue
[2026-08-26T18:00:32.954+0000] {logging_mixin.py:188} INFO - [2026-08-26T18:00:32.953+0000] {dagbag.py:540} INFO - Filling up the DagBag from /home/airflow/.local/lib/python3.8/site-packages/airflow/example_dags/example_params_trigger_ui.py
[2026-08-26T18:00:32.968+0000] {processor.py:840} INFO - DAG(s) 'example_params_trigger_ui' retrieved from /home/airflow/.local/lib/python3.8/site-packages/airflow/example_dags/example_params_trigger_ui.py
[2026-08-26T18:00:33.051+0000] {logging_mixin.py:188} INFO - [2026-08-26T18:00:33.051+0000] {dag.py:3047} INFO - Sync 1 DAGs
[2026-08-26T18:00:33.072+0000] {logging_mixin.py:188} INFO - [2026-08-26T18:00:33.071+0000] {dag.py:3834} INFO - Setting next_dagrun for example_params_trigger_ui to None, run_after=None
[2026-08-26T18:00:33.098+0000] {processor.py:183} INFO - Processing /home/airflow/.local/lib/python3.8/site-packages/airflow/example_dags/example_params_trigger_ui.py took 0.152 seconds
[2026-08-26T18:01:03.298+0000] {processor.py:161} INFO - Started process (PID=1549) to work on /home/airflow/.local/lib/python3.8/site-packages/airflow/example_dags/example_params_trigger_ui.py
[2026-08-26T18:01:03.300+0000] {processor.py:830} INFO - Processing file /home/airflow/.local/lib/python3.8/site-packages/airflow/example_dags/example_params_trigger_ui.py for tasks to queue
[2026-08-26T18:01:03.304+0000] {logging_mixin.py:188} INFO - [2026-08-26T18:01:03.304+0000] {dagbag.py:540} INFO - Filling up the DagBag from /home/airflow/.local/lib/python3.8/site-packages/airflow/example_dags/example_params_trigger_ui.py
[2026-08-26T18:01:03.328+0000] {processor.py:840} INFO - DAG(s) 'example_params_trigger_ui' retrieved from /home/airflow/.local/lib/python3.8/site-packages/airflow/example_dags/example_params_trigger_ui.py
[2026-08-26T18:01:03.416+0000] {logging_mixin.py:188} INFO - [2026-08-26T18:01:03.416+0000] {dag.py:3047} INFO - Sync 1 DAGs
[2026-08-26T18:01:03.434+0000] {logging_mixin.py:188} INFO - [2026-08-26T18:01:03.433+0000] {dag.py:3834} INFO - Setting next_dagrun for example_params_trigger_ui to None, run_after=None
[2026-08-26T18:01:03.456+0000] {processor.py:183} INFO - Processing /home/airflow/.local/lib/python3.8/site-packages/airflow/example_dags/example_params_trigger_ui.py took 0.165 seconds
[2026-08-26T18:01:33.519+0000] {processor.py:161} INFO - Started process (PID=1606) to work on /home/airflow/.local/lib/python3.8/site-packages/airflow/example_dags/example_params_trigger_ui.py
[2026-08-26T18:01:33.520+0000] {processor.py:830} INFO - Processing file /home/airflow/.local/lib/python3.8/site-packages/airflow/example_dags/example_params_trigger_ui.py for tasks to queue
[2026-08-26T18:01:33.523+0000] {logging_mixin.py:188} INFO - [2026-08-26T18:01:33.522+0000] {dagbag.py:540} INFO - Filling up the DagBag from /home/airflow/.local/lib/python3.8/site-packages/airflow/example_dags/example_params_trigger_ui.py
[2026-08-26T18:01:33.537+0000] {processor.py:840} INFO - DAG(s) 'example_params_trigger_ui' retrieved from /home/airflow/.local/lib/python3.8/site-packages/airflow/example_dags/example_params_trigger_ui.py
[2026-08-26T18:01:33.608+0000] {logging_mixin.py:188} INFO - [2026-08-26T18:01:33.608+0000] {dag.py:3047} INFO - Sync 1 DAGs
[2026-08-26T18:01:33.625+0000] {logging_mixin.py:188} INFO - [2026-08-26T18:01:33.625+0000] {dag.py:3834} INFO - Setting next_dagrun for example_params_trigger_ui to None, run_after=None
[2026-08-26T18:01:33.652+0000] {processor.py:183} INFO - Processing /home/airflow/.local/lib/python3.8/site-packages/airflow/example_dags/example_params_trigger_ui.py took 0.137 seconds
[2026-08-26T18:02:04.644+0000] {processor.py:161} INFO - Started process (PID=1664) to work on /home/airflow/.local/lib/python3.8/site-packages/airflow/example_dags/example_params_trigger_ui.py
[2026-08-26T18:02:04.646+0000] {processor.py:830} INFO - Processing file /home/airflow/.local/lib/python3.8/site-packages/airflow/example_dags/example_params_trigger_ui.py for tasks to queue
[2026-08-26T18:02:04.648+0000] {logging_mixin.py:188} INFO - [2026-08-26T18:02:04.648+0000] {dagbag.py:540} INFO - Filling up the DagBag from /home/airflow/.local/lib/python3.8/site-packages/airflow/example_dags/example_params_trigger_ui.py
[2026-08-26T18:02:04.662+0000] {processor.py:840} INFO - DAG(s) 'example_params_trigger_ui' retrieved from /home/airflow/.local/lib/python3.8/site-packages/airflow/example_dags/example_params_trigger_ui.py
[2026-08-26T18:02:04.724+0000] {logging_mixin.py:188} INFO - [2026-08-26T18:02:04.724+0000] {dag.py:3047} INFO - Sync 1 DAGs
[2026-08-26T18:02:04.738+0000] {logging_mixin.py:188} INFO - [2026-08-26T18:02:04.738+0000] {dag.py:3834} INFO - Setting next_dagrun for example_params_trigger_ui to None, run_after=None
[2026-08-26T18:02:04.769+0000] {processor.py:183} INFO - Processing /home/airflow/.local/lib/python3.8/site-packages/airflow/example_dags/example_params_trigger_ui.py took 0.129 seconds
[2026-08-26T18:02:34.909+0000] {processor.py:161} INFO - Started process (PID=1720) to work on /home/airflow/.local/lib/python3.8/site-packages/airflow/example_dags/example_params_trigger_ui.py
[2026-08-26T18:02:34.912+0000] {processor.py:830} INFO - Processing file /home/airflow/.local/lib/python3.8/site-packages/airflow/example_dags/example_params_trigger_ui.py for tasks to queue
[2026-08-26T18:02:34.916+0000] {logging_mixin.py:188} INFO - [2026-08-26T18:02:34.915+0000] {dagbag.py:540} INFO - Filling up the DagBag from /home/airflow/.local/lib/python3.8/site-packages/airflow/example_dags/example_params_trigger_ui.py
[2026-08-26T18:02:34.944+0000] {processor.py:840} INFO - DAG(s) 'example_params_trigger_ui' retrieved from /home/airflow/.local/lib/python3.8/site-packages/airflow/example_dags/example_params_trigger_ui.py
[2026-08-26T18:02:35.104+0000] {logging_mixin.py:188} INFO - [2026-08-26T18:02:35.103+0000] {dag.py:3047} INFO - Sync 1 DAGs
[2026-08-26T18:02:35.182+0000] {logging_mixin.py:188} INFO - [2026-08-26T18:02:35.181+0000] {dag.py:3834} INFO - Setting next_dagrun for example_params_trigger_ui to None, run_after=None
[2026-08-26T18:02:35.299+0000] {processor.py:183} INFO - Processing /home/airflow/.local/lib/python3.8/site-packages/airflow/example_dags/example_params_trigger_ui.py took 0.399 seconds
[2026-08-26T18:03:06.128+0000] {processor.py:161} INFO - Started process (PID=1778) to work on /home/airflow/.local/lib/python3.8/site-packages/airflow/example_dags/example_params_trigger_ui.py
[2026-08-26T18:03:06.130+0000] {processor.py:830} INFO - Processing file /home/airflow/.local/lib/python3.8/site-packages/airflow/example_dags/example_params_trigger_ui.py for tasks to queue
[2026-08-26T18:03:06.133+0000] {logging_mixin.py:188} INFO - [2026-08-26T18:03:06.132+0000] {dagbag.py:540} INFO - Filling up the DagBag from /home/airflow/.local/lib/python3.8/site-packages/airflow/example_dags/example_params_trigger_ui.py
[2026-08-26T18:03:06.151+0000] {processor.py:840} INFO - DAG(s) 'example_params_trigger_ui' retrieved from /home/airflow/.local/lib/python3.8/site-packages/airflow/example_dags/example_params_trigger_ui.py
[2026-08-26T18:03:06.217+0000] {logging_mixin.py:188} INFO - [2026-08-26T18:03:06.217+0000] {dag.py:3047} INFO - Sync 1 DAGs
[2026-08-26T18:03:06.232+0000] {logging_mixin.py:188} INFO - [2026-08-26T18:03:06.232+0000] {dag.py:3834} INFO - Setting next_dagrun for example_params_trigger_ui to None, run_after=None
[2026-08-26T18:03:06.262+0000] {processor.py:183} INFO - Processing /home/airflow/.local/lib/python3.8/site-packages/airflow/example_dags/example_params_trigger_ui.py took 0.137 seconds
[2026-08-26T18:03:36.449+0000] {processor.py:161} INFO - Started process (PID=1835) to work on /home/airflow/.local/lib/python3.8/site-packages/airflow/example_dags/example_params_trigger_ui.py
[2026-08-26T18:03:36.451+0000] {processor.py:830} INFO - Processing file /home/airflow/.local/lib/python3.8/site-packages/airflow/example_dags/example_params_trigger_ui.py for tasks to queue
[2026-08-26T18:03:36.455+0000] {logging_mixin.py:188} INFO - [2026-08-26T18:03:36.454+0000] {dagbag.py:540} INFO - Filling up the DagBag from /home/airflow/.local/lib/python3.8/site-packages/airflow/example_dags/example_params_trigger_ui.py
[2026-08-26T18:03:36.475+0000] {processor.py:840} INFO - DAG(s) 'example_params_trigger_ui' retrieved from /home/airflow/.local/lib/python3.8/site-packages/airflow/example_dags/example_params_trigger_ui.py
[2026-08-26T18:03:36.546+0000] {logging_mixin.py:188} INFO - [2026-08-26T18:03:36.545+0000] {dag.py:3047} INFO - Sync 1 DAGs
[2026-08-26T18:03:36.563+0000] {logging_mixin.py:188} INFO - [2026-08-26T18:03:36.562+0000] {dag.py:3834} INFO - Setting next_dagrun for example_params_trigger_ui to None, run_after=None
[2026-08-26T18:03:36.594+0000] {processor.py:183} INFO - Processing /home/airflow/.local/lib/python3.8/site-packages/airflow/example_dags/example_params_trigger_ui.py took 0.149 seconds
[2026-08-26T18:04:07.006+0000] {processor.py:161} INFO - Started process (PID=1892) to work on /home/airflow/.local/lib/python3.8/site-packages/airflow/example_dags/example_params_trigger_ui.py
[2026-08-26T18:04:07.009+0000] {processor.py:830} INFO - Processing file /home/airflow/.local/lib/python3.8/site-packages/airflow/example_dags/example_params_trigger_ui.py for tasks to queue
[2026-08-26T18:04:07.012+0000] {logging_mixin.py:188} INFO - [2026-08-26T18:04:07.012+0000] {dagbag.py:540} INFO - Filling up the DagBag from /home/airflow/.local/lib/python3.8/site-packages/airflow/example_dags/example_params_trigger_ui.py
[2026-08-26T18:04:07.035+0000] {processor.py:840} INFO - DAG(s) 'example_params_trigger_ui' retrieved from /home/airflow/.local/lib/python3.8/site-packages/airflow/example_dags/example_params_trigger_ui.py
[2026-08-26T18:04:07.119+0000] {logging_mixin.py:188} INFO - [2026-08-26T18:04:07.118+0000] {dag.py:3047} INFO - Sync 1 DAGs
[2026-08-26T18:04:07.145+0000] {logging_mixin.py:188} INFO - [2026-08-26T18:04:07.145+0000] {dag.py:3834} INFO - Setting next_dagrun for example_params_trigger_ui to None, run_after=None
[2026-08-26T18:04:07.177+0000] {processor.py:183} INFO - Processing /home/airflow/.local/lib/python3.8/site-packages/airflow/example_dags/example_params_trigger_ui.py took 0.176 seconds
[2026-08-26T18:04:37.720+0000] {processor.py:161} INFO - Started process (PID=1949) to work on /home/airflow/.local/lib/python3.8/site-packages/airflow/example_dags/example_params_trigger_ui.py
[2026-08-26T18:04:37.722+0000] {processor.py:830} INFO - Processing file /home/airflow/.local/lib/python3.8/site-packages/airflow/example_dags/example_params_trigger_ui.py for tasks to queue
[2026-08-26T18:04:37.726+0000] {logging_mixin.py:188} INFO - [2026-08-26T18:04:37.726+0000] {dagbag.py:540} INFO - Filling up the DagBag from /home/airflow/.local/lib/python3.8/site-packages/airflow/example_dags/example_params_trigger_ui.py
[2026-08-26T18:04:37.757+0000] {processor.py:840} INFO - DAG(s) 'example_params_trigger_ui' retrieved from /home/airflow/.local/lib/python3.8/site-packages/airflow/example_dags/example_params_trigger_ui.py
[2026-08-26T18:04:37.855+0000] {logging_mixin.py:188} INFO - [2026-08-26T18:04:37.855+0000] {dag.py:3047} INFO - Sync 1 DAGs
[2026-08-26T18:04:37.876+0000] {logging_mixin.py:188} INFO - [2026-08-26T18:04:37.875+0000] {dag.py:3834} INFO - Setting next_dagrun for example_params_trigger_ui to None, run_after=None
[2026-08-26T18:04:37.907+0000] {processor.py:183} INFO - Processing /home/airflow/.local/lib/python3.8/site-packages/airflow/example_dags/example_params_trigger_ui.py took 0.196 seconds
[2026-08-26T18:05:08.003+0000] {processor.py:161} INFO - Started process (PID=2006) to work on /home/airflow/.local/lib/python3.8/site-packages/airflow/example_dags/example_params_trigger_ui.py
[2026-08-26T18:05:08.008+0000] {processor.py:830} INFO - Processing file /home/airflow/.local/lib/python3.8/site-packages/airflow/example_dags/example_params_trigger_ui.py for tasks to queue
[2026-08-26T18:05:08.013+0000] {logging_mixin.py:188} INFO - [2026-08-26T18:05:08.013+0000] {dagbag.py:540} INFO - Filling up the DagBag from /home/airflow/.local/lib/python3.8/site-packages/airflow/example_dags/example_params_trigger_ui.py
[2026-08-26T18:05:08.050+0000] {processor.py:840} INFO - DAG(s) 'example_params_trigger_ui' retrieved from /home/airflow/.local/lib/python3.8/site-packages/airflow/example_dags/example_params_trigger_ui.py
[2026-08-26T18:05:08.150+0000] {logging_mixin.py:188} INFO - [2026-08-26T18:05:08.150+0000] {dag.py:3047} INFO - Sync 1 DAGs
[2026-08-26T18:05:08.169+0000] {logging_mixin.py:188} INFO - [2026-08-26T18:05:08.169+0000] {dag.py:3834} INFO - Setting next_dagrun for example_params_trigger_ui to None, run_after=None
[2026-08-26T18:05:08.205+0000] {processor.py:183} INFO - Processing /home/airflow/.local/lib/python3.8/site-packages/airflow/example_dags/example_params_trigger_ui.py took 0.210 seconds
[2026-08-26T18:05:38.460+0000] {processor.py:161} INFO - Started process (PID=2065) to work on /home/airflow/.local/lib/python3.8/site-packages/airflow/example_dags/example_params_trigger_ui.py
[2026-08-26T18:05:38.465+0000] {processor.py:830} INFO - Processing file /home/airflow/.local/lib/python3.8/site-packages/airflow/example_dags/example_params_trigger_ui.py for tasks to queue
[2026-08-26T18:05:38.471+0000] {logging_mixin.py:188} INFO - [2026-08-26T18:05:38.469+0000] {dagbag.py:540} INFO - Filling up the DagBag from /home/airflow/.local/lib/python3.8/site-packages/airflow/example_dags/example_params_trigger_ui.py
[2026-08-26T18:05:38.515+0000] {processor.py:840} INFO - DAG(s) 'example_params_trigger_ui' retrieved from /home/airflow/.local/lib/python3.8/site-packages/airflow/example_dags/example_params_trigger_ui.py
[2026-08-26T18:05:38.627+0000] {logging_mixin.py:188} INFO - [2026-08-26T18:05:38.627+0000] {dag.py:3047} INFO - Sync 1 DAGs
[2026-08-26T18:05:38.644+0000] {logging_mixin.py:188} INFO - [2026-08-26T18:05:38.643+0000] {dag.py:3834} INFO - Setting next_dagrun for example_params_trigger_ui to None, run_after=None
[2026-08-26T18:05:38.670+0000] {processor.py:183} INFO - Processing /home/airflow/.local/lib/python3.8/site-packages/airflow/example_dags/example_params_trigger_ui.py took 0.222 seconds
[2026-08-26T18:06:09.526+0000] {processor.py:161} INFO - Started process (PID=2122) to work on /home/airflow/.local/lib/python3.8/site-packages/airflow/example_dags/example_params_trigger_ui.py
[2026-08-26T18:06:09.529+0000] {processor.py:830} INFO - Processing file /home/airflow/.local/lib/python3.8/site-packages/airflow/example_dags/example_params_trigger_ui.py for tasks to queue
[2026-08-26T18:06:09.535+0000] {logging_mixin.py:188} INFO - [2026-08-26T18:06:09.534+0000] {dagbag.py:540} INFO - Filling up the DagBag from /home/airflow/.local/lib/python3.8/site-packages/airflow/example_dags/example_params_trigger_ui.py
[2026-08-26T18:06:09.563+0000] {processor.py:840} INFO - DAG(s) 'example_params_trigger_ui' retrieved from /home/airflow/.local/lib/python3.8/site-packages/airflow/example_dags/example_params_trigger_ui.py
[2026-08-26T18:06:09.637+0000] {logging_mixin.py:188} INFO - [2026-08-26T18:06:09.636+0000] {dag.py:3047} INFO - Sync 1 DAGs
[2026-08-26T18:06:09.657+0000] {logging_mixin.py:188} INFO - [2026-08-26T18:06:09.657+0000] {dag.py:3834} INFO - Setting next_dagrun for example_params_trigger_ui to None, run_after=None
[2026-08-26T18:06:09.685+0000] {processor.py:183} INFO - Processing /home/airflow/.local/lib/python3.8/site-packages/airflow/example_dags/example_params_trigger_ui.py took 0.169 seconds
[2026-08-26T18:06:40.055+0000] {processor.py:161} INFO - Started process (PID=2179) to work on /home/airflow/.local/lib/python3.8/site-packages/airflow/example_dags/example_params_trigger_ui.py
[2026-08-26T18:06:40.058+0000] {processor.py:830} INFO - Processing file /home/airflow/.local/lib/python3.8/site-packages/airflow/example_dags/example_params_trigger_ui.py for tasks to queue
[2026-08-26T18:06:40.062+0000] {logging_mixin.py:188} INFO - [2026-08-26T18:06:40.061+0000] {dagbag.py:540} INFO - Filling up the DagBag from /home/airflow/.local/lib/python3.8/site-packages/airflow/example_dags/example_params_trigger_ui.py
[2026-08-26T18:06:40.087+0000] {processor.py:840} INFO - DAG(s) 'example_params_trigger_ui' retrieved from /home/airflow/.local/lib/python3.8/site-packages/airflow/example_dags/example_params_trigger_ui.py
[2026-08-26T18:06:40.176+0000] {logging_mixin.py:188} INFO - [2026-08-26T18:06:40.175+0000] {dag.py:3047} INFO - Sync 1 DAGs
[2026-08-26T18:06:40.193+0000] {logging_mixin.py:188} INFO - [2026-08-26T18:06:40.193+0000] {dag.py:3834} INFO - Setting next_dagrun for example_params_trigger_ui to None, run_after=None
[2026-08-26T18:06:40.221+0000] {processor.py:183} INFO - Processing /home/airflow/.local/lib/python3.8/site-packages/airflow/example_dags/example_params_trigger_ui.py took 0.174 seconds
[2026-08-26T18:07:10.757+0000] {processor.py:161} INFO - Started process (PID=2236) to work on /home/airflow/.local/lib/python3.8/site-packages/airflow/example_dags/example_params_trigger_ui.py
[2026-08-26T18:07:10.760+0000] {processor.py:830} INFO - Processing file /home/airflow/.local/lib/python3.8/site-packages/airflow/example_dags/example_params_trigger_ui.py for tasks to queue
[2026-08-26T18:07:10.766+0000] {logging_mixin.py:188} INFO - [2026-08-26T18:07:10.764+0000] {dagbag.py:540} INFO - Filling up the DagBag from /home/airflow/.local/lib/python3.8/site-packages/airflow/example_dags/example_params_trigger_ui.py
[2026-08-26T18:07:10.796+0000] {processor.py:840} INFO - DAG(s) 'example_params_trigger_ui' retrieved from /home/airflow/.local/lib/python3.8/site-packages/airflow/example_dags/example_params_trigger_ui.py
[2026-08-26T18:07:10.880+0000] {logging_mixin.py:188} INFO - [2026-08-26T18:07:10.880+0000] {dag.py:3047} INFO - Sync 1 DAGs
[2026-08-26T18:07:10.903+0000] {logging_mixin.py:188} INFO - [2026-08-26T18:07:10.903+0000] {dag.py:3834} INFO - Setting next_dagrun for example_params_trigger_ui to None, run_after=None
[2026-08-26T18:07:10.930+0000] {processor.py:183} INFO - Processing /home/airflow/.local/lib/python3.8/site-packages/airflow/example_dags/example_params_trigger_ui.py took 0.184 seconds
[2026-08-26T18:07:41.727+0000] {processor.py:161} INFO - Started process (PID=2293) to work on /home/airflow/.local/lib/python3.8/site-packages/airflow/example_dags/example_params_trigger_ui.py
[2026-08-26T18:07:41.730+0000] {processor.py:830} INFO - Processing file /home/airflow/.local/lib/python3.8/site-packages/airflow/example_dags/example_params_trigger_ui.py for tasks to queue
[2026-08-26T18:07:41.734+0000] {logging_mixin.py:188} INFO - [2026-08-26T18:07:41.734+0000] {dagbag.py:540} INFO - Filling up the DagBag from /home/airflow/.local/lib/python3.8/site-packages/airflow/example_dags/example_params_trigger_ui.py
[2026-08-26T18:07:41.754+0000] {processor.py:840} INFO - DAG(s) 'example_params_trigger_ui' retrieved from /home/airflow/.local/lib/python3.8/site-packages/airflow/example_dags/example_params_trigger_ui.py
[2026-08-26T18:07:41.850+0000] {logging_mixin.py:188} INFO - [2026-08-26T18:07:41.849+0000] {dag.py:3047} INFO - Sync 1 DAGs
[2026-08-26T18:07:41.877+0000] {logging_mixin.py:188} INFO - [2026-08-26T18:07:41.877+0000] {dag.py:3834} INFO - Setting next_dagrun for example_params_trigger_ui to None, run_after=None
[2026-08-26T18:07:41.921+0000] {processor.py:183} INFO - Processing /home/airflow/.local/lib/python3.8/site-packages/airflow/example_dags/example_params_trigger_ui.py took 0.198 seconds
[2026-08-26T18:08:12.636+0000] {processor.py:161} INFO - Started process (PID=2350) to work on /home/airflow/.local/lib/python3.8/site-packages/airflow/example_dags/example_params_trigger_ui.py
[2026-08-26T18:08:12.638+0000] {processor.py:830} INFO - Processing file /home/airflow/.local/lib/python3.8/site-packages/airflow/example_dags/example_params_trigger_ui.py for tasks to queue
[2026-08-26T18:08:12.644+0000] {logging_mixin.py:188} INFO - [2026-08-26T18:08:12.642+0000] {dagbag.py:540} INFO - Filling up the DagBag from /home/airflow/.local/lib/python3.8/site-packages/airflow/example_dags/example_params_trigger_ui.py
[2026-08-26T18:08:12.674+0000] {processor.py:840} INFO - DAG(s) 'example_params_trigger_ui' retrieved from /home/airflow/.local/lib/python3.8/site-packages/airflow/example_dags/example_params_trigger_ui.py
[2026-08-26T18:08:12.773+0000] {logging_mixin.py:188} INFO - [2026-08-26T18:08:12.772+0000] {dag.py:3047} INFO - Sync 1 DAGs
[2026-08-26T18:08:12.798+0000] {logging_mixin.py:188} INFO - [2026-08-26T18:08:12.797+0000] {dag.py:3834} INFO - Setting next_dagrun for example_params_trigger_ui to None, run_after=None
[2026-08-26T18:08:12.834+0000] {processor.py:183} INFO - Processing /home/airflow/.local/lib/python3.8/site-packages/airflow/example_dags/example_params_trigger_ui.py took 0.205 seconds
[2026-08-26T18:08:43.062+0000] {processor.py:161} INFO - Started process (PID=2407) to work on /home/airflow/.local/lib/python3.8/site-packages/airflow/example_dags/example_params_trigger_ui.py
[2026-08-26T18:08:43.065+0000] {processor.py:830} INFO - Processing file /home/airflow/.local/lib/python3.8/site-packages/airflow/example_dags/example_params_trigger_ui.py for tasks to queue
[2026-08-26T18:08:43.068+0000] {logging_mixin.py:188} INFO - [2026-08-26T18:08:43.067+0000] {dagbag.py:540} INFO - Filling up the DagBag from /home/airflow/.local/lib/python3.8/site-packages/airflow/example_dags/example_params_trigger_ui.py
[2026-08-26T18:08:43.084+0000] {processor.py:840} INFO - DAG(s) 'example_params_trigger_ui' retrieved from /home/airflow/.local/lib/python3.8/site-packages/airflow/example_dags/example_params_trigger_ui.py
[2026-08-26T18:08:43.148+0000] {logging_mixin.py:188} INFO - [2026-08-26T18:08:43.147+0000] {dag.py:3047} INFO - Sync 1 DAGs
[2026-08-26T18:08:43.163+0000] {logging_mixin.py:188} INFO - [2026-08-26T18:08:43.163+0000] {dag.py:3834} INFO - Setting next_dagrun for example_params_trigger_ui to None, run_after=None
[2026-08-26T18:08:43.188+0000] {processor.py:183} INFO - Processing /home/airflow/.local/lib/python3.8/site-packages/airflow/example_dags/example_params_trigger_ui.py took 0.130 seconds
[2026-08-26T18:09:13.475+0000] {processor.py:161} INFO - Started process (PID=2464) to work on /home/airflow/.local/lib/python3.8/site-packages/airflow/example_dags/example_params_trigger_ui.py
[2026-08-26T18:09:13.478+0000] {processor.py:830} INFO - Processing file /home/airflow/.local/lib/python3.8/site-packages/airflow/example_dags/example_params_trigger_ui.py for tasks to queue
[2026-08-26T18:09:13.481+0000] {logging_mixin.py:188} INFO - [2026-08-26T18:09:13.480+0000] {dagbag.py:540} INFO - Filling up the DagBag from /home/airflow/.local/lib/python3.8/site-packages/airflow/example_dags/example_params_trigger_ui.py
[2026-08-26T18:09:13.503+0000] {processor.py:840} INFO - DAG(s) 'example_params_trigger_ui' retrieved from /home/airflow/.local/lib/python3.8/site-packages/airflow/example_dags/example_params_trigger_ui.py
[2026-08-26T18:09:13.582+0000] {logging_mixin.py:188} INFO - [2026-08-26T18:09:13.582+0000] {dag.py:3047} INFO - Sync 1 DAGs
[2026-08-26T18:09:13.602+0000] {logging_mixin.py:188} INFO - [2026-08-26T18:09:13.601+0000] {dag.py:3834} INFO - Setting next_dagrun for example_params_trigger_ui to None, run_after=None
[2026-08-26T18:09:13.632+0000] {processor.py:183} INFO - Processing /home/airflow/.local/lib/python3.8/site-packages/airflow/example_dags/example_params_trigger_ui.py took 0.164 seconds
[2026-08-26T18:09:44.532+0000] {processor.py:161} INFO - Started process (PID=2521) to work on /home/airflow/.local/lib/python3.8/site-packages/airflow/example_dags/example_params_trigger_ui.py
[2026-08-26T18:09:44.534+0000] {processor.py:830} INFO - Processing file /home/airflow/.local/lib/python3.8/site-packages/airflow/example_dags/example_params_trigger_ui.py for tasks to queue
[2026-08-26T18:09:44.540+0000] {logging_mixin.py:188} INFO - [2026-08-26T18:09:44.539+0000] {dagbag.py:540} INFO - Filling up the DagBag from /home/airflow/.local/lib/python3.8/site-packages/airflow/example_dags/example_params_trigger_ui.py
[2026-08-26T18:09:44.561+0000] {processor.py:840} INFO - DAG(s) 'example_params_trigger_ui' retrieved from /home/airflow/.local/lib/python3.8/site-packages/airflow/example_dags/example_params_trigger_ui.py
[2026-08-26T18:09:44.650+0000] {logging_mixin.py:188} INFO - [2026-08-26T18:09:44.649+0000] {dag.py:3047} INFO - Sync 1 DAGs
[2026-08-26T18:09:44.668+0000] {logging_mixin.py:188} INFO - [2026-08-26T18:09:44.668+0000] {dag.py:3834} INFO - Setting next_dagrun for example_params_trigger_ui to None, run_after=None
[2026-08-26T18:09:44.702+0000] {processor.py:183} INFO - Processing /home/airflow/.local/lib/python3.8/site-packages/airflow/example_dags/example_params_trigger_ui.py took 0.178 seconds
[2026-08-26T18:10:14.816+0000] {processor.py:161} INFO - Started process (PID=2578) to work on /home/airflow/.local/lib/python3.8/site-packages/airflow/example_dags/example_params_trigger_ui.py
[2026-08-26T18:10:14.819+0000] {processor.py:830} INFO - Processing file /home/airflow/.local/lib/python3.8/site-packages/airflow/example_dags/example_params_trigger_ui.py for tasks to queue
[2026-08-26T18:10:14.823+0000] {logging_mixin.py:188} INFO - [2026-08-26T18:10:14.822+0000] {dagbag.py:540} INFO - Filling up the DagBag from /home/airflow/.local/lib/python3.8/site-packages/airflow/example_dags/example_params_trigger_ui.py
[2026-08-26T18:10:14.840+0000] {processor.py:840} INFO - DAG(s) 'example_params_trigger_ui' retrieved from /home/airflow/.local/lib/python3.8/site-packages/airflow/example_dags/example_params_trigger_ui.py
[2026-08-26T18:10:14.911+0000] {logging_mixin.py:188} INFO - [2026-08-26T18:10:14.910+0000] {dag.py:3047} INFO - Sync 1 DAGs
[2026-08-26T18:10:14.927+0000] {logging_mixin.py:188} INFO - [2026-08-26T18:10:14.927+0000] {dag.py:3834} INFO - Setting next_dagrun for example_params_trigger_ui to None, run_after=None
[2026-08-26T18:10:14.957+0000] {processor.py:183} INFO - Processing /home/airflow/.local/lib/python3.8/site-packages/airflow/example_dags/example_params_trigger_ui.py took 0.145 seconds
[2026-08-26T18:10:45.056+0000] {processor.py:161} INFO - Started process (PID=2635) to work on /home/airflow/.local/lib/python3.8/site-packages/airflow/example_dags/example_params_trigger_ui.py
[2026-08-26T18:10:45.058+0000] {processor.py:830} INFO - Processing file /home/airflow/.local/lib/python3.8/site-packages/airflow/example_dags/example_params_trigger_ui.py for tasks to queue
[2026-08-26T18:10:45.061+0000] {logging_mixin.py:188} INFO - [2026-08-26T18:10:45.061+0000] {dagbag.py:540} INFO - Filling up the DagBag from /home/airflow/.local/lib/python3.8/site-packages/airflow/example_dags/example_params_trigger_ui.py
[2026-08-26T18:10:45.090+0000] {processor.py:840} INFO - DAG(s) 'example_params_trigger_ui' retrieved from /home/airflow/.local/lib/python3.8/site-packages/airflow/example_dags/example_params_trigger_ui.py
[2026-08-26T18:10:45.173+0000] {logging_mixin.py:188} INFO - [2026-08-26T18:10:45.172+0000] {dag.py:3047} INFO - Sync 1 DAGs
[2026-08-26T18:10:45.191+0000] {logging_mixin.py:188} INFO - [2026-08-26T18:10:45.190+0000] {dag.py:3834} INFO - Setting next_dagrun for example_params_trigger_ui to None, run_after=None
[2026-08-26T18:10:45.223+0000] {processor.py:183} INFO - Processing /home/airflow/.local/lib/python3.8/site-packages/airflow/example_dags/example_params_trigger_ui.py took 0.172 seconds
[2026-08-26T18:11:15.284+0000] {processor.py:161} INFO - Started process (PID=2692) to work on /home/airflow/.local/lib/python3.8/site-packages/airflow/example_dags/example_params_trigger_ui.py
[2026-08-26T18:11:15.286+0000] {processor.py:830} INFO - Processing file /home/airflow/.local/lib/python3.8/site-packages/airflow/example_dags/example_params_trigger_ui.py for tasks to queue
[2026-08-26T18:11:15.289+0000] {logging_mixin.py:188} INFO - [2026-08-26T18:11:15.289+0000] {dagbag.py:540} INFO - Filling up the DagBag from /home/airflow/.local/lib/python3.8/site-packages/airflow/example_dags/example_params_trigger_ui.py
[2026-08-26T18:11:15.304+0000] {processor.py:840} INFO - DAG(s) 'example_params_trigger_ui' retrieved from /home/airflow/.local/lib/python3.8/site-packages/airflow/example_dags/example_params_trigger_ui.py
[2026-08-26T18:11:15.355+0000] {logging_mixin.py:188} INFO - [2026-08-26T18:11:15.354+0000] {dag.py:3047} INFO - Sync 1 DAGs
[2026-08-26T18:11:15.367+0000] {logging_mixin.py:188} INFO - [2026-08-26T18:11:15.366+0000] {dag.py:3834} INFO - Setting next_dagrun for example_params_trigger_ui to None, run_after=None
[2026-08-26T18:11:15.387+0000] {processor.py:183} INFO - Processing /home/airflow/.local/lib/python3.8/site-packages/airflow/example_dags/example_params_trigger_ui.py took 0.106 seconds
[2026-08-26T18:11:45.482+0000] {processor.py:161} INFO - Started process (PID=2749) to work on /home/airflow/.local/lib/python3.8/site-packages/airflow/example_dags/example_params_trigger_ui.py
[2026-08-26T18:11:45.484+0000] {processor.py:830} INFO - Processing file /home/airflow/.local/lib/python3.8/site-packages/airflow/example_dags/example_params_trigger_ui.py for tasks to queue
[2026-08-26T18:11:45.487+0000] {logging_mixin.py:188} INFO - [2026-08-26T18:11:45.487+0000] {dagbag.py:540} INFO - Filling up the DagBag from /home/airflow/.local/lib/python3.8/site-packages/airflow/example_dags/example_params_trigger_ui.py
[2026-08-26T18:11:45.505+0000] {processor.py:840} INFO - DAG(s) 'example_params_trigger_ui' retrieved from /home/airflow/.local/lib/python3.8/site-packages/airflow/example_dags/example_params_trigger_ui.py
[2026-08-26T18:11:45.562+0000] {logging_mixin.py:188} INFO - [2026-08-26T18:11:45.561+0000] {dag.py:3047} INFO - Sync 1 DAGs
[2026-08-26T18:11:45.575+0000] {logging_mixin.py:188} INFO - [2026-08-26T18:11:45.575+0000] {dag.py:3834} INFO - Setting next_dagrun for example_params_trigger_ui to None, run_after=None
[2026-08-26T18:11:45.595+0000] {processor.py:183} INFO - Processing /home/airflow/.local/lib/python3.8/site-packages/airflow/example_dags/example_params_trigger_ui.py took 0.118 seconds
[2026-08-26T18:12:15.718+0000] {processor.py:161} INFO - Started process (PID=2806) to work on /home/airflow/.local/lib/python3.8/site-packages/airflow/example_dags/example_params_trigger_ui.py
[2026-08-26T18:12:15.719+0000] {processor.py:830} INFO - Processing file /home/airflow/.local/lib/python3.8/site-packages/airflow/example_dags/example_params_trigger_ui.py for tasks to queue
[2026-08-26T18:12:15.722+0000] {logging_mixin.py:188} INFO - [2026-08-26T18:12:15.722+0000] {dagbag.py:540} INFO - Filling up the DagBag from /home/airflow/.local/lib/python3.8/site-packages/airflow/example_dags/example_params_trigger_ui.py
[2026-08-26T18:12:15.737+0000] {processor.py:840} INFO - DAG(s) 'example_params_trigger_ui' retrieved from /home/airflow/.local/lib/python3.8/site-packages/airflow/example_dags/example_params_trigger_ui.py
[2026-08-26T18:12:15.798+0000] {logging_mixin.py:188} INFO - [2026-08-26T18:12:15.798+0000] {dag.py:3047} INFO - Sync 1 DAGs
[2026-08-26T18:12:15.813+0000] {logging_mixin.py:188} INFO - [2026-08-26T18:12:15.812+0000] {dag.py:3834} INFO - Setting next_dagrun for example_params_trigger_ui to None, run_after=None
[2026-08-26T18:12:15.838+0000] {processor.py:183} INFO - Processing /home/airflow/.local/lib/python3.8/site-packages/airflow/example_dags/example_params_trigger_ui.py took 0.124 seconds
[2026-08-26T18:12:46.061+0000] {processor.py:161} INFO - Started process (PID=2863) to work on /home/airflow/.local/lib/python3.8/site-packages/airflow/example_dags/example_params_trigger_ui.py
[2026-08-26T18:12:46.063+0000] {processor.py:830} INFO - Processing file /home/airflow/.local/lib/python3.8/site-packages/airflow/example_dags/example_params_trigger_ui.py for tasks to queue
[2026-08-26T18:12:46.066+0000] {logging_mixin.py:188} INFO - [2026-08-26T18:12:46.065+0000] {dagbag.py:540} INFO - Filling up the DagBag from /home/airflow/.local/lib/python3.8/site-packages/airflow/example_dags/example_params_trigger_ui.py
[2026-08-26T18:12:46.081+0000] {processor.py:840} INFO - DAG(s) 'example_params_trigger_ui' retrieved from /home/airflow/.local/lib/python3.8/site-packages/airflow/example_dags/example_params_trigger_ui.py
[2026-08-26T18:12:46.133+0000] {logging_mixin.py:188} INFO - [2026-08-26T18:12:46.132+0000] {dag.py:3047} INFO - Sync 1 DAGs
[2026-08-26T18:12:46.145+0000] {logging_mixin.py:188} INFO - [2026-08-26T18:12:46.145+0000] {dag.py:3834} INFO - Setting next_dagrun for example_params_trigger_ui to None, run_after=None
[2026-08-26T18:12:46.169+0000] {processor.py:183} INFO - Processing /home/airflow/.local/lib/python3.8/site-packages/airflow/example_dags/example_params_trigger_ui.py took 0.112 seconds
[2026-08-26T18:13:16.932+0000] {processor.py:161} INFO - Started process (PID=2920) to work on /home/airflow/.local/lib/python3.8/site-packages/airflow/example_dags/example_params_trigger_ui.py
[2026-08-26T18:13:16.935+0000] {processor.py:830} INFO - Processing file /home/airflow/.local/lib/python3.8/site-packages/airflow/example_dags/example_params_trigger_ui.py for tasks to queue
[2026-08-26T18:13:16.938+0000] {logging_mixin.py:188} INFO - [2026-08-26T18:13:16.937+0000] {dagbag.py:540} INFO - Filling up the DagBag from /home/airflow/.local/lib/python3.8/site-packages/airflow/example_dags/example_params_trigger_ui.py
[2026-08-26T18:13:16.955+0000] {processor.py:840} INFO - DAG(s) 'example_params_trigger_ui' retrieved from /home/airflow/.local/lib/python3.8/site-packages/airflow/example_dags/example_params_trigger_ui.py
[2026-08-26T18:13:17.024+0000] {logging_mixin.py:188} INFO - [2026-08-26T18:13:17.024+0000] {dag.py:3047} INFO - Sync 1 DAGs
[2026-08-26T18:13:17.044+0000] {logging_mixin.py:188} INFO - [2026-08-26T18:13:17.044+0000] {dag.py:3834} INFO - Setting next_dagrun for example_params_trigger_ui to None, run_after=None
[2026-08-26T18:13:17.285+0000] {processor.py:183} INFO - Processing /home/airflow/.local/lib/python3.8/site-packages/airflow/example_dags/example_params_trigger_ui.py took 0.357 seconds
[2026-08-26T18:13:47.418+0000] {processor.py:161} INFO - Started process (PID=2977) to work on /home/airflow/.local/lib/python3.8/site-packages/airflow/example_dags/example_params_trigger_ui.py
[2026-08-26T18:13:47.420+0000] {processor.py:830} INFO - Processing file /home/airflow/.local/lib/python3.8/site-packages/airflow/example_dags/example_params_trigger_ui.py for tasks to queue
[2026-08-26T18:13:47.423+0000] {logging_mixin.py:188} INFO - [2026-08-26T18:13:47.422+0000] {dagbag.py:540} INFO - Filling up the DagBag from /home/airflow/.local/lib/python3.8/site-packages/airflow/example_dags/example_params_trigger_ui.py
[2026-08-26T18:13:47.439+0000] {processor.py:840} INFO - DAG(s) 'example_params_trigger_ui' retrieved from /home/airflow/.local/lib/python3.8/site-packages/airflow/example_dags/example_params_trigger_ui.py
[2026-08-26T18:13:47.502+0000] {logging_mixin.py:188} INFO - [2026-08-26T18:13:47.502+0000] {dag.py:3047} INFO - Sync 1 DAGs
[2026-08-26T18:13:47.518+0000] {logging_mixin.py:188} INFO - [2026-08-26T18:13:47.517+0000] {dag.py:3834} INFO - Setting next_dagrun for example_params_trigger_ui to None, run_after=None
[2026-08-26T18:13:47.547+0000] {processor.py:183} INFO - Processing /home/airflow/.local/lib/python3.8/site-packages/airflow/example_dags/example_params_trigger_ui.py took 0.134 seconds
[2026-08-26T18:14:17.875+0000] {processor.py:161} INFO - Started process (PID=3034) to work on /home/airflow/.local/lib/python3.8/site-packages/airflow/example_dags/example_params_trigger_ui.py
[2026-08-26T18:14:17.877+0000] {processor.py:830} INFO - Processing file /home/airflow/.local/lib/python3.8/site-packages/airflow/example_dags/example_params_trigger_ui.py for tasks to queue
[2026-08-26T18:14:17.879+0000] {logging_mixin.py:188} INFO - [2026-08-26T18:14:17.879+0000] {dagbag.py:540} INFO - Filling up the DagBag from /home/airflow/.local/lib/python3.8/site-packages/airflow/example_dags/example_params_trigger_ui.py
[2026-08-26T18:14:17.894+0000] {processor.py:840} INFO - DAG(s) 'example_params_trigger_ui' retrieved from /home/airflow/.local/lib/python3.8/site-packages/airflow/example_dags/example_params_trigger_ui.py
[2026-08-26T18:14:17.947+0000] {logging_mixin.py:188} INFO - [2026-08-26T18:14:17.947+0000] {dag.py:3047} INFO - Sync 1 DAGs
[2026-08-26T18:14:17.960+0000] {logging_mixin.py:188} INFO - [2026-08-26T18:14:17.960+0000] {dag.py:3834} INFO - Setting next_dagrun for example_params_trigger_ui to None, run_after=None
[2026-08-26T18:14:17.981+0000] {processor.py:183} INFO - Processing /home/airflow/.local/lib/python3.8/site-packages/airflow/example_dags/example_params_trigger_ui.py took 0.110 seconds
[2026-08-26T18:14:48.794+0000] {processor.py:161} INFO - Started process (PID=3091) to work on /home/airflow/.local/lib/python3.8/site-packages/airflow/example_dags/example_params_trigger_ui.py
[2026-08-26T18:14:48.796+0000] {processor.py:830} INFO - Processing file /home/airflow/.local/lib/python3.8/site-packages/airflow/example_dags/example_params_trigger_ui.py for tasks to queue
[2026-08-26T18:14:48.799+0000] {logging_mixin.py:188} INFO - [2026-08-26T18:14:48.798+0000] {dagbag.py:540} INFO - Filling up the DagBag from /home/airflow/.local/lib/python3.8/site-packages/airflow/example_dags/example_params_trigger_ui.py
[2026-08-26T18:14:48.827+0000] {processor.py:840} INFO - DAG(s) 'example_params_trigger_ui' retrieved from /home/airflow/.local/lib/python3.8/site-packages/airflow/example_dags/example_params_trigger_ui.py
[2026-08-26T18:14:48.914+0000] {logging_mixin.py:188} INFO - [2026-08-26T18:14:48.914+0000] {dag.py:3047} INFO - Sync 1 DAGs
[2026-08-26T18:14:48.934+0000] {logging_mixin.py:188} INFO - [2026-08-26T18:14:48.933+0000] {dag.py:3834} INFO - Setting next_dagrun for example_params_trigger_ui to None, run_after=None
[2026-08-26T18:14:48.956+0000] {processor.py:183} INFO - Processing /home/airflow/.local/lib/python3.8/site-packages/airflow/example_dags/example_params_trigger_ui.py took 0.166 seconds
[2026-08-26T18:15:19.201+0000] {processor.py:161} INFO - Started process (PID=3148) to work on /home/airflow/.local/lib/python3.8/site-packages/airflow/example_dags/example_params_trigger_ui.py
[2026-08-26T18:15:19.203+0000] {processor.py:830} INFO - Processing file /home/airflow/.local/lib/python3.8/site-packages/airflow/example_dags/example_params_trigger_ui.py for tasks to queue
[2026-08-26T18:15:19.207+0000] {logging_mixin.py:188} INFO - [2026-08-26T18:15:19.206+0000] {dagbag.py:540} INFO - Filling up the DagBag from /home/airflow/.local/lib/python3.8/site-packages/airflow/example_dags/example_params_trigger_ui.py
[2026-08-26T18:15:19.226+0000] {processor.py:840} INFO - DAG(s) 'example_params_trigger_ui' retrieved from /home/airflow/.local/lib/python3.8/site-packages/airflow/example_dags/example_params_trigger_ui.py
[2026-08-26T18:15:19.287+0000] {logging_mixin.py:188} INFO - [2026-08-26T18:15:19.287+0000] {dag.py:3047} INFO - Sync 1 DAGs
[2026-08-26T18:15:19.301+0000] {logging_mixin.py:188} INFO - [2026-08-26T18:15:19.301+0000] {dag.py:3834} INFO - Setting next_dagrun for example_params_trigger_ui to None, run_after=None
[2026-08-26T18:15:19.323+0000] {processor.py:183} INFO - Processing /home/airflow/.local/lib/python3.8/site-packages/airflow/example_dags/example_params_trigger_ui.py took 0.127 seconds
[2026-08-26T18:15:49.410+0000] {processor.py:161} INFO - Started process (PID=3205) to work on /home/airflow/.local/lib/python3.8/site-packages/airflow/example_dags/example_params_trigger_ui.py
[2026-08-26T18:15:49.412+0000] {processor.py:830} INFO - Processing file /home/airflow/.local/lib/python3.8/site-packages/airflow/example_dags/example_params_trigger_ui.py for tasks to queue
[2026-08-26T18:15:49.414+0000] {logging_mixin.py:188} INFO - [2026-08-26T18:15:49.414+0000] {dagbag.py:540} INFO - Filling up the DagBag from /home/airflow/.local/lib/python3.8/site-packages/airflow/example_dags/example_params_trigger_ui.py
[2026-08-26T18:15:49.565+0000] {processor.py:840} INFO - DAG(s) 'example_params_trigger_ui' retrieved from /home/airflow/.local/lib/python3.8/site-packages/airflow/example_dags/example_params_trigger_ui.py
[2026-08-26T18:15:49.613+0000] {logging_mixin.py:188} INFO - [2026-08-26T18:15:49.612+0000] {dag.py:3047} INFO - Sync 1 DAGs
[2026-08-26T18:15:49.624+0000] {logging_mixin.py:188} INFO - [2026-08-26T18:15:49.624+0000] {dag.py:3834} INFO - Setting next_dagrun for example_params_trigger_ui to None, run_after=None
[2026-08-26T18:15:49.643+0000] {processor.py:183} INFO - Processing /home/airflow/.local/lib/python3.8/site-packages/airflow/example_dags/example_params_trigger_ui.py took 0.237 seconds
[2026-08-26T18:16:19.701+0000] {processor.py:161} INFO - Started process (PID=3262) to work on /home/airflow/.local/lib/python3.8/site-packages/airflow/example_dags/example_params_trigger_ui.py
[2026-08-26T18:16:19.703+0000] {processor.py:830} INFO - Processing file /home/airflow/.local/lib/python3.8/site-packages/airflow/example_dags/example_params_trigger_ui.py for tasks to queue
[2026-08-26T18:16:19.705+0000] {logging_mixin.py:188} INFO - [2026-08-26T18:16:19.705+0000] {dagbag.py:540} INFO - Filling up the DagBag from /home/airflow/.local/lib/python3.8/site-packages/airflow/example_dags/example_params_trigger_ui.py
[2026-08-26T18:16:19.721+0000] {processor.py:840} INFO - DAG(s) 'example_params_trigger_ui' retrieved from /home/airflow/.local/lib/python3.8/site-packages/airflow/example_dags/example_params_trigger_ui.py
[2026-08-26T18:16:19.776+0000] {logging_mixin.py:188} INFO - [2026-08-26T18:16:19.776+0000] {dag.py:3047} INFO - Sync 1 DAGs
[2026-08-26T18:16:19.790+0000] {logging_mixin.py:188} INFO - [2026-08-26T18:16:19.790+0000] {dag.py:3834} INFO - Setting next_dagrun for example_params_trigger_ui to None, run_after=None
[2026-08-26T18:16:19.814+0000] {processor.py:183} INFO - Processing /home/airflow/.local/lib/python3.8/site-packages/airflow/example_dags/example_params_trigger_ui.py took 0.117 seconds
[2026-08-26T18:16:50.282+0000] {processor.py:161} INFO - Started process (PID=3319) to work on /home/airflow/.local/lib/python3.8/site-packages/airflow/example_dags/example_params_trigger_ui.py
[2026-08-26T18:16:50.283+0000] {processor.py:830} INFO - Processing file /home/airflow/.local/lib/python3.8/site-packages/airflow/example_dags/example_params_trigger_ui.py for tasks to queue
[2026-08-26T18:16:50.286+0000] {logging_mixin.py:188} INFO - [2026-08-26T18:16:50.286+0000] {dagbag.py:540} INFO - Filling up the DagBag from /home/airflow/.local/lib/python3.8/site-packages/airflow/example_dags/example_params_trigger_ui.py
[2026-08-26T18:16:50.301+0000] {processor.py:840} INFO - DAG(s) 'example_params_trigger_ui' retrieved from /home/airflow/.local/lib/python3.8/site-packages/airflow/example_dags/example_params_trigger_ui.py
[2026-08-26T18:16:50.353+0000] {logging_mixin.py:188} INFO - [2026-08-26T18:16:50.352+0000] {dag.py:3047} INFO - Sync 1 DAGs
[2026-08-26T18:16:50.367+0000] {logging_mixin.py:188} INFO - [2026-08-26T18:16:50.367+0000] {dag.py:3834} INFO - Setting next_dagrun for example_params_trigger_ui to None, run_after=None
[2026-08-26T18:16:50.387+0000] {processor.py:183} INFO - Processing /home/airflow/.local/lib/python3.8/site-packages/airflow/example_dags/example_params_trigger_ui.py took 0.109 seconds
[2026-08-26T18:17:20.874+0000] {processor.py:161} INFO - Started process (PID=3376) to work on /home/airflow/.local/lib/python3.8/site-packages/airflow/example_dags/example_params_trigger_ui.py
[2026-08-26T18:17:20.876+0000] {processor.py:830} INFO - Processing file /home/airflow/.local/lib/python3.8/site-packages/airflow/example_dags/example_params_trigger_ui.py for tasks to queue
[2026-08-26T18:17:20.878+0000] {logging_mixin.py:188} INFO - [2026-08-26T18:17:20.878+0000] {dagbag.py:540} INFO - Filling up the DagBag from /home/airflow/.local/lib/python3.8/site-packages/airflow/example_dags/example_params_trigger_ui.py
[2026-08-26T18:17:20.893+0000] {processor.py:840} INFO - DAG(s) 'example_params_trigger_ui' retrieved from /home/airflow/.local/lib/python3.8/site-packages/airflow/example_dags/example_params_trigger_ui.py
[2026-08-26T18:17:20.947+0000] {logging_mixin.py:188} INFO - [2026-08-26T18:17:20.947+0000] {dag.py:3047} INFO - Sync 1 DAGs
[2026-08-26T18:17:20.960+0000] {logging_mixin.py:188} INFO - [2026-08-26T18:17:20.960+0000] {dag.py:3834} INFO - Setting next_dagrun for example_params_trigger_ui to None, run_after=None
[2026-08-26T18:17:20.982+0000] {processor.py:183} INFO - Processing /home/airflow/.local/lib/python3.8/site-packages/airflow/example_dags/example_params_trigger_ui.py took 0.112 seconds
[2026-08-26T18:17:51.233+0000] {processor.py:161} INFO - Started process (PID=3433) to work on /home/airflow/.local/lib/python3.8/site-packages/airflow/example_dags/example_params_trigger_ui.py
[2026-08-26T18:17:51.234+0000] {processor.py:830} INFO - Processing file /home/airflow/.local/lib/python3.8/site-packages/airflow/example_dags/example_params_trigger_ui.py for tasks to queue
[2026-08-26T18:17:51.238+0000] {logging_mixin.py:188} INFO - [2026-08-26T18:17:51.238+0000] {dagbag.py:540} INFO - Filling up the DagBag from /home/airflow/.local/lib/python3.8/site-packages/airflow/example_dags/example_params_trigger_ui.py
[2026-08-26T18:17:51.253+0000] {processor.py:840} INFO - DAG(s) 'example_params_trigger_ui' retrieved from /home/airflow/.local/lib/python3.8/site-packages/airflow/example_dags/example_params_trigger_ui.py
[2026-08-26T18:17:51.309+0000] {logging_mixin.py:188} INFO - [2026-08-26T18:17:51.309+0000] {dag.py:3047} INFO - Sync 1 DAGs
[2026-08-26T18:17:51.325+0000] {logging_mixin.py:188} INFO - [2026-08-26T18:17:51.324+0000] {dag.py:3834} INFO - Setting next_dagrun for example_params_trigger_ui to None, run_after=None
[2026-08-26T18:17:51.347+0000] {processor.py:183} INFO - Processing /home/airflow/.local/lib/python3.8/site-packages/airflow/example_dags/example_params_trigger_ui.py took 0.118 seconds
[2026-08-26T18:18:21.677+0000] {processor.py:161} INFO - Started process (PID=3491) to work on /home/airflow/.local/lib/python3.8/site-packages/airflow/example_dags/example_params_trigger_ui.py
[2026-08-26T18:18:21.679+0000] {processor.py:830} INFO - Processing file /home/airflow/.local/lib/python3.8/site-packages/airflow/example_dags/example_params_trigger_ui.py for tasks to queue
[2026-08-26T18:18:21.682+0000] {logging_mixin.py:188} INFO - [2026-08-26T18:18:21.682+0000] {dagbag.py:540} INFO - Filling up the DagBag from /home/airflow/.local/lib/python3.8/site-packages/airflow/example_dags/example_params_trigger_ui.py
[2026-08-26T18:18:21.702+0000] {processor.py:840} INFO - DAG(s) 'example_params_trigger_ui' retrieved from /home/airflow/.local/lib/python3.8/site-packages/airflow/example_dags/example_params_trigger_ui.py
[2026-08-26T18:18:21.762+0000] {logging_mixin.py:188} INFO - [2026-08-26T18:18:21.762+0000] {dag.py:3047} INFO - Sync 1 DAGs
[2026-08-26T18:18:21.776+0000] {logging_mixin.py:188} INFO - [2026-08-26T18:18:21.775+0000] {dag.py:3834} INFO - Setting next_dagrun for example_params_trigger_ui to None, run_after=None
[2026-08-26T18:18:21.796+0000] {processor.py:183} INFO - Processing /home/airflow/.local/lib/python3.8/site-packages/airflow/example_dags/example_params_trigger_ui.py took 0.122 seconds
[2026-08-26T18:18:52.119+0000] {processor.py:161} INFO - Started process (PID=3549) to work on /home/airflow/.local/lib/python3.8/site-packages/airflow/example_dags/example_params_trigger_ui.py
[2026-08-26T18:18:52.121+0000] {processor.py:830} INFO - Processing file /home/airflow/.local/lib/python3.8/site-packages/airflow/example_dags/example_params_trigger_ui.py for tasks to queue
[2026-08-26T18:18:52.123+0000] {logging_mixin.py:188} INFO - [2026-08-26T18:18:52.123+0000] {dagbag.py:540} INFO - Filling up the DagBag from /home/airflow/.local/lib/python3.8/site-packages/airflow/example_dags/example_params_trigger_ui.py
[2026-08-26T18:18:52.139+0000] {processor.py:840} INFO - DAG(s) 'example_params_trigger_ui' retrieved from /home/airflow/.local/lib/python3.8/site-packages/airflow/example_dags/example_params_trigger_ui.py
[2026-08-26T18:18:52.202+0000] {logging_mixin.py:188} INFO - [2026-08-26T18:18:52.202+0000] {dag.py:3047} INFO - Sync 1 DAGs
[2026-08-26T18:18:52.218+0000] {logging_mixin.py:188} INFO - [2026-08-26T18:18:52.217+0000] {dag.py:3834} INFO - Setting next_dagrun for example_params_trigger_ui to None, run_after=None
[2026-08-26T18:18:52.238+0000] {processor.py:183} INFO - Processing /home/airflow/.local/lib/python3.8/site-packages/airflow/example_dags/example_params_trigger_ui.py took 0.123 seconds
[2026-08-26T18:19:22.735+0000] {processor.py:161} INFO - Started process (PID=3607) to work on /home/airflow/.local/lib/python3.8/site-packages/airflow/example_dags/example_params_trigger_ui.py
[2026-08-26T18:19:22.738+0000] {processor.py:830} INFO - Processing file /home/airflow/.local/lib/python3.8/site-packages/airflow/example_dags/example_params_trigger_ui.py for tasks to queue
[2026-08-26T18:19:22.741+0000] {logging_mixin.py:188} INFO - [2026-08-26T18:19:22.740+0000] {dagbag.py:540} INFO - Filling up the DagBag from /home/airflow/.local/lib/python3.8/site-packages/airflow/example_dags/example_params_trigger_ui.py
[2026-08-26T18:19:22.759+0000] {processor.py:840} INFO - DAG(s) 'example_params_trigger_ui' retrieved from /home/airflow/.local/lib/python3.8/site-packages/airflow/example_dags/example_params_trigger_ui.py
[2026-08-26T18:19:22.828+0000] {logging_mixin.py:188} INFO - [2026-08-26T18:19:22.828+0000] {dag.py:3047} INFO - Sync 1 DAGs
[2026-08-26T18:19:22.844+0000] {logging_mixin.py:188} INFO - [2026-08-26T18:19:22.843+0000] {dag.py:3834} INFO - Setting next_dagrun for example_params_trigger_ui to None, run_after=None
[2026-08-26T18:19:22.867+0000] {processor.py:183} INFO - Processing /home/airflow/.local/lib/python3.8/site-packages/airflow/example_dags/example_params_trigger_ui.py took 0.139 seconds
[2026-08-26T18:19:53.317+0000] {processor.py:161} INFO - Started process (PID=3664) to work on /home/airflow/.local/lib/python3.8/site-packages/airflow/example_dags/example_params_trigger_ui.py
[2026-08-26T18:19:53.318+0000] {processor.py:830} INFO - Processing file /home/airflow/.local/lib/python3.8/site-packages/airflow/example_dags/example_params_trigger_ui.py for tasks to queue
[2026-08-26T18:19:53.321+0000] {logging_mixin.py:188} INFO - [2026-08-26T18:19:53.321+0000] {dagbag.py:540} INFO - Filling up the DagBag from /home/airflow/.local/lib/python3.8/site-packages/airflow/example_dags/example_params_trigger_ui.py
[2026-08-26T18:19:53.338+0000] {processor.py:840} INFO - DAG(s) 'example_params_trigger_ui' retrieved from /home/airflow/.local/lib/python3.8/site-packages/airflow/example_dags/example_params_trigger_ui.py
[2026-08-26T18:19:53.392+0000] {logging_mixin.py:188} INFO - [2026-08-26T18:19:53.391+0000] {dag.py:3047} INFO - Sync 1 DAGs
[2026-08-26T18:19:53.406+0000] {logging_mixin.py:188} INFO - [2026-08-26T18:19:53.405+0000] {dag.py:3834} INFO - Setting next_dagrun for example_params_trigger_ui to None, run_after=None
[2026-08-26T18:19:53.427+0000] {processor.py:183} INFO - Processing /home/airflow/.local/lib/python3.8/site-packages/airflow/example_dags/example_params_trigger_ui.py took 0.115 seconds
[2026-08-26T18:20:24.269+0000] {processor.py:161} INFO - Started process (PID=3721) to work on /home/airflow/.local/lib/python3.8/site-packages/airflow/example_dags/example_params_trigger_ui.py
[2026-08-26T18:20:24.270+0000] {processor.py:830} INFO - Processing file /home/airflow/.local/lib/python3.8/site-packages/airflow/example_dags/example_params_trigger_ui.py for tasks to queue
[2026-08-26T18:20:24.273+0000] {logging_mixin.py:188} INFO - [2026-08-26T18:20:24.273+0000] {dagbag.py:540} INFO - Filling up the DagBag from /home/airflow/.local/lib/python3.8/site-packages/airflow/example_dags/example_params_trigger_ui.py
[2026-08-26T18:20:24.287+0000] {processor.py:840} INFO - DAG(s) 'example_params_trigger_ui' retrieved from /home/airflow/.local/lib/python3.8/site-packages/airflow/example_dags/example_params_trigger_ui.py
[2026-08-26T18:20:24.342+0000] {logging_mixin.py:188} INFO - [2026-08-26T18:20:24.342+0000] {dag.py:3047} INFO - Sync 1 DAGs
[2026-08-26T18:20:24.356+0000] {logging_mixin.py:188} INFO - [2026-08-26T18:20:24.355+0000] {dag.py:3834} INFO - Setting next_dagrun for example_params_trigger_ui to None, run_after=None
[2026-08-26T18:20:24.377+0000] {processor.py:183} INFO - Processing /home/airflow/.local/lib/python3.8/site-packages/airflow/example_dags/example_params_trigger_ui.py took 0.112 seconds
[2026-08-26T18:20:54.791+0000] {processor.py:161} INFO - Started process (PID=3778) to work on /home/airflow/.local/lib/python3.8/site-packages/airflow/example_dags/example_params_trigger_ui.py
[2026-08-26T18:20:54.792+0000] {processor.py:830} INFO - Processing file /home/airflow/.local/lib/python3.8/site-packages/airflow/example_dags/example_params_trigger_ui.py for tasks to queue
[2026-08-26T18:20:54.795+0000] {logging_mixin.py:188} INFO - [2026-08-26T18:20:54.794+0000] {dagbag.py:540} INFO - Filling up the DagBag from /home/airflow/.local/lib/python3.8/site-packages/airflow/example_dags/example_params_trigger_ui.py
[2026-08-26T18:20:54.808+0000] {processor.py:840} INFO - DAG(s) 'example_params_trigger_ui' retrieved from /home/airflow/.local/lib/python3.8/site-packages/airflow/example_dags/example_params_trigger_ui.py
[2026-08-26T18:20:54.859+0000] {logging_mixin.py:188} INFO - [2026-08-26T18:20:54.859+0000] {dag.py:3047} INFO - Sync 1 DAGs
[2026-08-26T18:20:54.873+0000] {logging_mixin.py:188} INFO - [2026-08-26T18:20:54.873+0000] {dag.py:3834} INFO - Setting next_dagrun for example_params_trigger_ui to None, run_after=None
[2026-08-26T18:20:54.892+0000] {processor.py:183} INFO - Processing /home/airflow/.local/lib/python3.8/site-packages/airflow/example_dags/example_params_trigger_ui.py took 0.105 seconds
[2026-08-26T18:21:25.499+0000] {processor.py:161} INFO - Started process (PID=3835) to work on /home/airflow/.local/lib/python3.8/site-packages/airflow/example_dags/example_params_trigger_ui.py
[2026-08-26T18:21:25.502+0000] {processor.py:830} INFO - Processing file /home/airflow/.local/lib/python3.8/site-packages/airflow/example_dags/example_params_trigger_ui.py for tasks to queue
[2026-08-26T18:21:25.506+0000] {logging_mixin.py:188} INFO - [2026-08-26T18:21:25.505+0000] {dagbag.py:540} INFO - Filling up the DagBag from /home/airflow/.local/lib/python3.8/site-packages/airflow/example_dags/example_params_trigger_ui.py
[2026-08-26T18:21:25.524+0000] {processor.py:840} INFO - DAG(s) 'example_params_trigger_ui' retrieved from /home/airflow/.local/lib/python3.8/site-packages/airflow/example_dags/example_params_trigger_ui.py
[2026-08-26T18:21:25.585+0000] {logging_mixin.py:188} INFO - [2026-08-26T18:21:25.585+0000] {dag.py:3047} INFO - Sync 1 DAGs
[2026-08-26T18:21:25.599+0000] {logging_mixin.py:188} INFO - [2026-08-26T18:21:25.599+0000] {dag.py:3834} INFO - Setting next_dagrun for example_params_trigger_ui to None, run_after=None
[2026-08-26T18:21:25.622+0000] {processor.py:183} INFO - Processing /home/airflow/.local/lib/python3.8/site-packages/airflow/example_dags/example_params_trigger_ui.py took 0.127 seconds
[2026-08-26T18:21:55.778+0000] {processor.py:161} INFO - Started process (PID=3892) to work on /home/airflow/.local/lib/python3.8/site-packages/airflow/example_dags/example_params_trigger_ui.py
[2026-08-26T18:21:55.780+0000] {processor.py:830} INFO - Processing file /home/airflow/.local/lib/python3.8/site-packages/airflow/example_dags/example_params_trigger_ui.py for tasks to queue
[2026-08-26T18:21:55.784+0000] {logging_mixin.py:188} INFO - [2026-08-26T18:21:55.783+0000] {dagbag.py:540} INFO - Filling up the DagBag from /home/airflow/.local/lib/python3.8/site-packages/airflow/example_dags/example_params_trigger_ui.py
[2026-08-26T18:21:55.805+0000] {processor.py:840} INFO - DAG(s) 'example_params_trigger_ui' retrieved from /home/airflow/.local/lib/python3.8/site-packages/airflow/example_dags/example_params_trigger_ui.py
[2026-08-26T18:21:55.863+0000] {logging_mixin.py:188} INFO - [2026-08-26T18:21:55.862+0000] {dag.py:3047} INFO - Sync 1 DAGs
[2026-08-26T18:21:55.881+0000] {logging_mixin.py:188} INFO - [2026-08-26T18:21:55.881+0000] {dag.py:3834} INFO - Setting next_dagrun for example_params_trigger_ui to None, run_after=None
[2026-08-26T18:21:55.905+0000] {processor.py:183} INFO - Processing /home/airflow/.local/lib/python3.8/site-packages/airflow/example_dags/example_params_trigger_ui.py took 0.130 seconds
[2026-08-26T18:22:26.255+0000] {processor.py:161} INFO - Started process (PID=3949) to work on /home/airflow/.local/lib/python3.8/site-packages/airflow/example_dags/example_params_trigger_ui.py
[2026-08-26T18:22:26.258+0000] {processor.py:830} INFO - Processing file /home/airflow/.local/lib/python3.8/site-packages/airflow/example_dags/example_params_trigger_ui.py for tasks to queue
[2026-08-26T18:22:26.261+0000] {logging_mixin.py:188} INFO - [2026-08-26T18:22:26.260+0000] {dagbag.py:540} INFO - Filling up the DagBag from /home/airflow/.local/lib/python3.8/site-packages/airflow/example_dags/example_params_trigger_ui.py
[2026-08-26T18:22:26.276+0000] {processor.py:840} INFO - DAG(s) 'example_params_trigger_ui' retrieved from /home/airflow/.local/lib/python3.8/site-packages/airflow/example_dags/example_params_trigger_ui.py
[2026-08-26T18:22:26.334+0000] {logging_mixin.py:188} INFO - [2026-08-26T18:22:26.333+0000] {dag.py:3047} INFO - Sync 1 DAGs
[2026-08-26T18:22:26.348+0000] {logging_mixin.py:188} INFO - [2026-08-26T18:22:26.348+0000] {dag.py:3834} INFO - Setting next_dagrun for example_params_trigger_ui to None, run_after=None
[2026-08-26T18:22:26.380+0000] {processor.py:183} INFO - Processing /home/airflow/.local/lib/python3.8/site-packages/airflow/example_dags/example_params_trigger_ui.py took 0.129 seconds
[2026-08-26T18:22:56.743+0000] {processor.py:161} INFO - Started process (PID=4006) to work on /home/airflow/.local/lib/python3.8/site-packages/airflow/example_dags/example_params_trigger_ui.py
[2026-08-26T18:22:56.745+0000] {processor.py:830} INFO - Processing file /home/airflow/.local/lib/python3.8/site-packages/airflow/example_dags/example_params_trigger_ui.py for tasks to queue
[2026-08-26T18:22:56.748+0000] {logging_mixin.py:188} INFO - [2026-08-26T18:22:56.748+0000] {dagbag.py:540} INFO - Filling up the DagBag from /home/airflow/.local/lib/python3.8/site-packages/airflow/example_dags/example_params_trigger_ui.py
[2026-08-26T18:22:56.770+0000] {processor.py:840} INFO - DAG(s) 'example_params_trigger_ui' retrieved from /home/airflow/.local/lib/python3.8/site-packages/airflow/example_dags/example_params_trigger_ui.py
[2026-08-26T18:22:56.829+0000] {logging_mixin.py:188} INFO - [2026-08-26T18:22:56.829+0000] {dag.py:3047} INFO - Sync 1 DAGs
[2026-08-26T18:22:56.844+0000] {logging_mixin.py:188} INFO - [2026-08-26T18:22:56.844+0000] {dag.py:3834} INFO - Setting next_dagrun for example_params_trigger_ui to None, run_after=None
[2026-08-26T18:22:56.866+0000] {processor.py:183} INFO - Processing /home/airflow/.local/lib/python3.8/site-packages/airflow/example_dags/example_params_trigger_ui.py took 0.128 seconds
[2026-08-26T18:23:27.342+0000] {processor.py:161} INFO - Started process (PID=4063) to work on /home/airflow/.local/lib/python3.8/site-packages/airflow/example_dags/example_params_trigger_ui.py
[2026-08-26T18:23:27.343+0000] {processor.py:830} INFO - Processing file /home/airflow/.local/lib/python3.8/site-packages/airflow/example_dags/example_params_trigger_ui.py for tasks to queue
[2026-08-26T18:23:27.346+0000] {logging_mixin.py:188} INFO - [2026-08-26T18:23:27.346+0000] {dagbag.py:540} INFO - Filling up the DagBag from /home/airflow/.local/lib/python3.8/site-packages/airflow/example_dags/example_params_trigger_ui.py
[2026-08-26T18:23:27.363+0000] {processor.py:840} INFO - DAG(s) 'example_params_trigger_ui' retrieved from /home/airflow/.local/lib/python3.8/site-packages/airflow/example_dags/example_params_trigger_ui.py
[2026-08-26T18:23:27.433+0000] {logging_mixin.py:188} INFO - [2026-08-26T18:23:27.432+0000] {dag.py:3047} INFO - Sync 1 DAGs
[2026-08-26T18:23:27.451+0000] {logging_mixin.py:188} INFO - [2026-08-26T18:23:27.450+0000] {dag.py:3834} INFO - Setting next_dagrun for example_params_trigger_ui to None, run_after=None
[2026-08-26T18:23:27.475+0000] {processor.py:183} INFO - Processing /home/airflow/.local/lib/python3.8/site-packages/airflow/example_dags/example_params_trigger_ui.py took 0.139 seconds
[2026-08-26T18:23:57.596+0000] {processor.py:161} INFO - Started process (PID=4120) to work on /home/airflow/.local/lib/python3.8/site-packages/airflow/example_dags/example_params_trigger_ui.py
[2026-08-26T18:23:57.597+0000] {processor.py:830} INFO - Processing file /home/airflow/.local/lib/python3.8/site-packages/airflow/example_dags/example_params_trigger_ui.py for tasks to queue
[2026-08-26T18:23:57.600+0000] {logging_mixin.py:188} INFO - [2026-08-26T18:23:57.600+0000] {dagbag.py:540} INFO - Filling up the DagBag from /home/airflow/.local/lib/python3.8/site-packages/airflow/example_dags/example_params_trigger_ui.py
[2026-08-26T18:23:57.619+0000] {processor.py:840} INFO - DAG(s) 'example_params_trigger_ui' retrieved from /home/airflow/.local/lib/python3.8/site-packages/airflow/example_dags/example_params_trigger_ui.py
[2026-08-26T18:23:57.688+0000] {logging_mixin.py:188} INFO - [2026-08-26T18:23:57.688+0000] {dag.py:3047} INFO - Sync 1 DAGs
[2026-08-26T18:23:57.707+0000] {logging_mixin.py:188} INFO - [2026-08-26T18:23:57.707+0000] {dag.py:3834} INFO - Setting next_dagrun for example_params_trigger_ui to None, run_after=None
[2026-08-26T18:23:57.729+0000] {processor.py:183} INFO - Processing /home/airflow/.local/lib/python3.8/site-packages/airflow/example_dags/example_params_trigger_ui.py took 0.136 seconds
[2026-08-26T18:24:28.537+0000] {processor.py:161} INFO - Started process (PID=4177) to work on /home/airflow/.local/lib/python3.8/site-packages/airflow/example_dags/example_params_trigger_ui.py
[2026-08-26T18:24:28.538+0000] {processor.py:830} INFO - Processing file /home/airflow/.local/lib/python3.8/site-packages/airflow/example_dags/example_params_trigger_ui.py for tasks to queue
[2026-08-26T18:24:28.541+0000] {logging_mixin.py:188} INFO - [2026-08-26T18:24:28.541+0000] {dagbag.py:540} INFO - Filling up the DagBag from /home/airflow/.local/lib/python3.8/site-packages/airflow/example_dags/example_params_trigger_ui.py
[2026-08-26T18:24:28.559+0000] {processor.py:840} INFO - DAG(s) 'example_params_trigger_ui' retrieved from /home/airflow/.local/lib/python3.8/site-packages/airflow/example_dags/example_params_trigger_ui.py
[2026-08-26T18:24:28.619+0000] {logging_mixin.py:188} INFO - [2026-08-26T18:24:28.619+0000] {dag.py:3047} INFO - Sync 1 DAGs
[2026-08-26T18:24:28.632+0000] {logging_mixin.py:188} INFO - [2026-08-26T18:24:28.632+0000] {dag.py:3834} INFO - Setting next_dagrun for example_params_trigger_ui to None, run_after=None
[2026-08-26T18:24:28.657+0000] {processor.py:183} INFO - Processing /home/airflow/.local/lib/python3.8/site-packages/airflow/example_dags/example_params_trigger_ui.py took 0.127 seconds
[2026-08-26T18:24:59.018+0000] {processor.py:161} INFO - Started process (PID=4234) to work on /home/airflow/.local/lib/python3.8/site-packages/airflow/example_dags/example_params_trigger_ui.py
[2026-08-26T18:24:59.020+0000] {processor.py:830} INFO - Processing file /home/airflow/.local/lib/python3.8/site-packages/airflow/example_dags/example_params_trigger_ui.py for tasks to queue
[2026-08-26T18:24:59.022+0000] {logging_mixin.py:188} INFO - [2026-08-26T18:24:59.022+0000] {dagbag.py:540} INFO - Filling up the DagBag from /home/airflow/.local/lib/python3.8/site-packages/airflow/example_dags/example_params_trigger_ui.py
[2026-08-26T18:24:59.037+0000] {processor.py:840} INFO - DAG(s) 'example_params_trigger_ui' retrieved from /home/airflow/.local/lib/python3.8/site-packages/airflow/example_dags/example_params_trigger_ui.py
[2026-08-26T18:24:59.094+0000] {logging_mixin.py:188} INFO - [2026-08-26T18:24:59.094+0000] {dag.py:3047} INFO - Sync 1 DAGs
[2026-08-26T18:24:59.109+0000] {logging_mixin.py:188} INFO - [2026-08-26T18:24:59.109+0000] {dag.py:3834} INFO - Setting next_dagrun for example_params_trigger_ui to None, run_after=None
[2026-08-26T18:24:59.133+0000] {processor.py:183} INFO - Processing /home/airflow/.local/lib/python3.8/site-packages/airflow/example_dags/example_params_trigger_ui.py took 0.120 seconds
[2026-08-26T18:25:29.429+0000] {processor.py:161} INFO - Started process (PID=4291) to work on /home/airflow/.local/lib/python3.8/site-packages/airflow/example_dags/example_params_trigger_ui.py
[2026-08-26T18:25:29.431+0000] {processor.py:830} INFO - Processing file /home/airflow/.local/lib/python3.8/site-packages/airflow/example_dags/example_params_trigger_ui.py for tasks to queue
[2026-08-26T18:25:29.436+0000] {logging_mixin.py:188} INFO - [2026-08-26T18:25:29.435+0000] {dagbag.py:540} INFO - Filling up the DagBag from /home/airflow/.local/lib/python3.8/site-packages/airflow/example_dags/example_params_trigger_ui.py
[2026-08-26T18:25:29.466+0000] {processor.py:840} INFO - DAG(s) 'example_params_trigger_ui' retrieved from /home/airflow/.local/lib/python3.8/site-packages/airflow/example_dags/example_params_trigger_ui.py
[2026-08-26T18:25:29.546+0000] {logging_mixin.py:188} INFO - [2026-08-26T18:25:29.546+0000] {dag.py:3047} INFO - Sync 1 DAGs
[2026-08-26T18:25:29.563+0000] {logging_mixin.py:188} INFO - [2026-08-26T18:25:29.562+0000] {dag.py:3834} INFO - Setting next_dagrun for example_params_trigger_ui to None, run_after=None
[2026-08-26T18:25:29.586+0000] {processor.py:183} INFO - Processing /home/airflow/.local/lib/python3.8/site-packages/airflow/example_dags/example_params_trigger_ui.py took 0.162 seconds
[2026-08-26T18:25:59.913+0000] {processor.py:161} INFO - Started process (PID=4348) to work on /home/airflow/.local/lib/python3.8/site-packages/airflow/example_dags/example_params_trigger_ui.py
[2026-08-26T18:25:59.915+0000] {processor.py:830} INFO - Processing file /home/airflow/.local/lib/python3.8/site-packages/airflow/example_dags/example_params_trigger_ui.py for tasks to queue
[2026-08-26T18:25:59.918+0000] {logging_mixin.py:188} INFO - [2026-08-26T18:25:59.917+0000] {dagbag.py:540} INFO - Filling up the DagBag from /home/airflow/.local/lib/python3.8/site-packages/airflow/example_dags/example_params_trigger_ui.py
[2026-08-26T18:25:59.936+0000] {processor.py:840} INFO - DAG(s) 'example_params_trigger_ui' retrieved from /home/airflow/.local/lib/python3.8/site-packages/airflow/example_dags/example_params_trigger_ui.py
[2026-08-26T18:25:59.993+0000] {logging_mixin.py:188} INFO - [2026-08-26T18:25:59.992+0000] {dag.py:3047} INFO - Sync 1 DAGs
[2026-08-26T18:26:00.013+0000] {logging_mixin.py:188} INFO - [2026-08-26T18:26:00.013+0000] {dag.py:3834} INFO - Setting next_dagrun for example_params_trigger_ui to None, run_after=None
[2026-08-26T18:26:00.035+0000] {processor.py:183} INFO - Processing /home/airflow/.local/lib/python3.8/site-packages/airflow/example_dags/example_params_trigger_ui.py took 0.128 seconds
[2026-08-26T18:26:30.589+0000] {processor.py:161} INFO - Started process (PID=4405) to work on /home/airflow/.local/lib/python3.8/site-packages/airflow/example_dags/example_params_trigger_ui.py
[2026-08-26T18:26:30.591+0000] {processor.py:830} INFO - Processing file /home/airflow/.local/lib/python3.8/site-packages/airflow/example_dags/example_params_trigger_ui.py for tasks to queue
[2026-08-26T18:26:30.594+0000] {logging_mixin.py:188} INFO - [2026-08-26T18:26:30.593+0000] {dagbag.py:540} INFO - Filling up the DagBag from /home/airflow/.local/lib/python3.8/site-packages/airflow/example_dags/example_params_trigger_ui.py
[2026-08-26T18:26:30.613+0000] {processor.py:840} INFO - DAG(s) 'example_params_trigger_ui' retrieved from /home/airflow/.local/lib/python3.8/site-packages/airflow/example_dags/example_params_trigger_ui.py
[2026-08-26T18:26:30.682+0000] {logging_mixin.py:188} INFO - [2026-08-26T18:26:30.682+0000] {dag.py:3047} INFO - Sync 1 DAGs
[2026-08-26T18:26:30.702+0000] {logging_mixin.py:188} INFO - [2026-08-26T18:26:30.702+0000] {dag.py:3834} INFO - Setting next_dagrun for example_params_trigger_ui to None, run_after=None
[2026-08-26T18:26:30.726+0000] {processor.py:183} INFO - Processing /home/airflow/.local/lib/python3.8/site-packages/airflow/example_dags/example_params_trigger_ui.py took 0.142 seconds
[2026-08-26T18:27:01.375+0000] {processor.py:161} INFO - Started process (PID=4462) to work on /home/airflow/.local/lib/python3.8/site-packages/airflow/example_dags/example_params_trigger_ui.py
[2026-08-26T18:27:01.377+0000] {processor.py:830} INFO - Processing file /home/airflow/.local/lib/python3.8/site-packages/airflow/example_dags/example_params_trigger_ui.py for tasks to queue
[2026-08-26T18:27:01.380+0000] {logging_mixin.py:188} INFO - [2026-08-26T18:27:01.380+0000] {dagbag.py:540} INFO - Filling up the DagBag from /home/airflow/.local/lib/python3.8/site-packages/airflow/example_dags/example_params_trigger_ui.py
[2026-08-26T18:27:01.398+0000] {processor.py:840} INFO - DAG(s) 'example_params_trigger_ui' retrieved from /home/airflow/.local/lib/python3.8/site-packages/airflow/example_dags/example_params_trigger_ui.py
[2026-08-26T18:27:01.452+0000] {logging_mixin.py:188} INFO - [2026-08-26T18:27:01.452+0000] {dag.py:3047} INFO - Sync 1 DAGs
[2026-08-26T18:27:01.467+0000] {logging_mixin.py:188} INFO - [2026-08-26T18:27:01.467+0000] {dag.py:3834} INFO - Setting next_dagrun for example_params_trigger_ui to None, run_after=None
[2026-08-26T18:27:01.490+0000] {processor.py:183} INFO - Processing /home/airflow/.local/lib/python3.8/site-packages/airflow/example_dags/example_params_trigger_ui.py took 0.120 seconds
[2026-08-26T18:27:32.053+0000] {processor.py:161} INFO - Started process (PID=4519) to work on /home/airflow/.local/lib/python3.8/site-packages/airflow/example_dags/example_params_trigger_ui.py
[2026-08-26T18:27:32.055+0000] {processor.py:830} INFO - Processing file /home/airflow/.local/lib/python3.8/site-packages/airflow/example_dags/example_params_trigger_ui.py for tasks to queue
[2026-08-26T18:27:32.058+0000] {logging_mixin.py:188} INFO - [2026-08-26T18:27:32.057+0000] {dagbag.py:540} INFO - Filling up the DagBag from /home/airflow/.local/lib/python3.8/site-packages/airflow/example_dags/example_params_trigger_ui.py
[2026-08-26T18:27:32.074+0000] {processor.py:840} INFO - DAG(s) 'example_params_trigger_ui' retrieved from /home/airflow/.local/lib/python3.8/site-packages/airflow/example_dags/example_params_trigger_ui.py
[2026-08-26T18:27:32.130+0000] {logging_mixin.py:188} INFO - [2026-08-26T18:27:32.130+0000] {dag.py:3047} INFO - Sync 1 DAGs
[2026-08-26T18:27:32.144+0000] {logging_mixin.py:188} INFO - [2026-08-26T18:27:32.144+0000] {dag.py:3834} INFO - Setting next_dagrun for example_params_trigger_ui to None, run_after=None
[2026-08-26T18:27:32.167+0000] {processor.py:183} INFO - Processing /home/airflow/.local/lib/python3.8/site-packages/airflow/example_dags/example_params_trigger_ui.py took 0.119 seconds
[2026-08-26T18:28:02.677+0000] {processor.py:161} INFO - Started process (PID=4576) to work on /home/airflow/.local/lib/python3.8/site-packages/airflow/example_dags/example_params_trigger_ui.py
[2026-08-26T18:28:02.678+0000] {processor.py:830} INFO - Processing file /home/airflow/.local/lib/python3.8/site-packages/airflow/example_dags/example_params_trigger_ui.py for tasks to queue
[2026-08-26T18:28:02.682+0000] {logging_mixin.py:188} INFO - [2026-08-26T18:28:02.681+0000] {dagbag.py:540} INFO - Filling up the DagBag from /home/airflow/.local/lib/python3.8/site-packages/airflow/example_dags/example_params_trigger_ui.py
[2026-08-26T18:28:02.705+0000] {processor.py:840} INFO - DAG(s) 'example_params_trigger_ui' retrieved from /home/airflow/.local/lib/python3.8/site-packages/airflow/example_dags/example_params_trigger_ui.py
[2026-08-26T18:28:02.772+0000] {logging_mixin.py:188} INFO - [2026-08-26T18:28:02.772+0000] {dag.py:3047} INFO - Sync 1 DAGs
[2026-08-26T18:28:02.789+0000] {logging_mixin.py:188} INFO - [2026-08-26T18:28:02.788+0000] {dag.py:3834} INFO - Setting next_dagrun for example_params_trigger_ui to None, run_after=None
[2026-08-26T18:28:02.811+0000] {processor.py:183} INFO - Processing /home/airflow/.local/lib/python3.8/site-packages/airflow/example_dags/example_params_trigger_ui.py took 0.138 seconds
[2026-08-26T18:28:33.379+0000] {processor.py:161} INFO - Started process (PID=4633) to work on /home/airflow/.local/lib/python3.8/site-packages/airflow/example_dags/example_params_trigger_ui.py
[2026-08-26T18:28:33.381+0000] {processor.py:830} INFO - Processing file /home/airflow/.local/lib/python3.8/site-packages/airflow/example_dags/example_params_trigger_ui.py for tasks to queue
[2026-08-26T18:28:33.383+0000] {logging_mixin.py:188} INFO - [2026-08-26T18:28:33.383+0000] {dagbag.py:540} INFO - Filling up the DagBag from /home/airflow/.local/lib/python3.8/site-packages/airflow/example_dags/example_params_trigger_ui.py
[2026-08-26T18:28:33.399+0000] {processor.py:840} INFO - DAG(s) 'example_params_trigger_ui' retrieved from /home/airflow/.local/lib/python3.8/site-packages/airflow/example_dags/example_params_trigger_ui.py
[2026-08-26T18:28:33.455+0000] {logging_mixin.py:188} INFO - [2026-08-26T18:28:33.455+0000] {dag.py:3047} INFO - Sync 1 DAGs
[2026-08-26T18:28:33.469+0000] {logging_mixin.py:188} INFO - [2026-08-26T18:28:33.469+0000] {dag.py:3834} INFO - Setting next_dagrun for example_params_trigger_ui to None, run_after=None
[2026-08-26T18:28:33.491+0000] {processor.py:183} INFO - Processing /home/airflow/.local/lib/python3.8/site-packages/airflow/example_dags/example_params_trigger_ui.py took 0.117 seconds
[2026-08-26T18:29:04.247+0000] {processor.py:161} INFO - Started process (PID=4690) to work on /home/airflow/.local/lib/python3.8/site-packages/airflow/example_dags/example_params_trigger_ui.py
[2026-08-26T18:29:04.248+0000] {processor.py:830} INFO - Processing file /home/airflow/.local/lib/python3.8/site-packages/airflow/example_dags/example_params_trigger_ui.py for tasks to queue
[2026-08-26T18:29:04.250+0000] {logging_mixin.py:188} INFO - [2026-08-26T18:29:04.250+0000] {dagbag.py:540} INFO - Filling up the DagBag from /home/airflow/.local/lib/python3.8/site-packages/airflow/example_dags/example_params_trigger_ui.py
[2026-08-26T18:29:04.266+0000] {processor.py:840} INFO - DAG(s) 'example_params_trigger_ui' retrieved from /home/airflow/.local/lib/python3.8/site-packages/airflow/example_dags/example_params_trigger_ui.py
[2026-08-26T18:29:04.327+0000] {logging_mixin.py:188} INFO - [2026-08-26T18:29:04.327+0000] {dag.py:3047} INFO - Sync 1 DAGs
[2026-08-26T18:29:04.340+0000] {logging_mixin.py:188} INFO - [2026-08-26T18:29:04.340+0000] {dag.py:3834} INFO - Setting next_dagrun for example_params_trigger_ui to None, run_after=None
[2026-08-26T18:29:04.362+0000] {processor.py:183} INFO - Processing /home/airflow/.local/lib/python3.8/site-packages/airflow/example_dags/example_params_trigger_ui.py took 0.119 seconds
[2026-08-26T18:29:34.542+0000] {processor.py:161} INFO - Started process (PID=4747) to work on /home/airflow/.local/lib/python3.8/site-packages/airflow/example_dags/example_params_trigger_ui.py
[2026-08-26T18:29:34.543+0000] {processor.py:830} INFO - Processing file /home/airflow/.local/lib/python3.8/site-packages/airflow/example_dags/example_params_trigger_ui.py for tasks to queue
[2026-08-26T18:29:34.546+0000] {logging_mixin.py:188} INFO - [2026-08-26T18:29:34.546+0000] {dagbag.py:540} INFO - Filling up the DagBag from /home/airflow/.local/lib/python3.8/site-packages/airflow/example_dags/example_params_trigger_ui.py
[2026-08-26T18:29:34.562+0000] {processor.py:840} INFO - DAG(s) 'example_params_trigger_ui' retrieved from /home/airflow/.local/lib/python3.8/site-packages/airflow/example_dags/example_params_trigger_ui.py
[2026-08-26T18:29:34.617+0000] {logging_mixin.py:188} INFO - [2026-08-26T18:29:34.617+0000] {dag.py:3047} INFO - Sync 1 DAGs
[2026-08-26T18:29:34.631+0000] {logging_mixin.py:188} INFO - [2026-08-26T18:29:34.631+0000] {dag.py:3834} INFO - Setting next_dagrun for example_params_trigger_ui to None, run_after=None
[2026-08-26T18:29:34.653+0000] {processor.py:183} INFO - Processing /home/airflow/.local/lib/python3.8/site-packages/airflow/example_dags/example_params_trigger_ui.py took 0.116 seconds
[2026-08-26T18:30:04.706+0000] {processor.py:161} INFO - Started process (PID=4804) to work on /home/airflow/.local/lib/python3.8/site-packages/airflow/example_dags/example_params_trigger_ui.py
[2026-08-26T18:30:04.707+0000] {processor.py:830} INFO - Processing file /home/airflow/.local/lib/python3.8/site-packages/airflow/example_dags/example_params_trigger_ui.py for tasks to queue
[2026-08-26T18:30:04.710+0000] {logging_mixin.py:188} INFO - [2026-08-26T18:30:04.710+0000] {dagbag.py:540} INFO - Filling up the DagBag from /home/airflow/.local/lib/python3.8/site-packages/airflow/example_dags/example_params_trigger_ui.py
[2026-08-26T18:30:04.727+0000] {processor.py:840} INFO - DAG(s) 'example_params_trigger_ui' retrieved from /home/airflow/.local/lib/python3.8/site-packages/airflow/example_dags/example_params_trigger_ui.py
[2026-08-26T18:30:04.794+0000] {logging_mixin.py:188} INFO - [2026-08-26T18:30:04.794+0000] {dag.py:3047} INFO - Sync 1 DAGs
[2026-08-26T18:30:04.809+0000] {logging_mixin.py:188} INFO - [2026-08-26T18:30:04.809+0000] {dag.py:3834} INFO - Setting next_dagrun for example_params_trigger_ui to None, run_after=None
[2026-08-26T18:30:04.832+0000] {processor.py:183} INFO - Processing /home/airflow/.local/lib/python3.8/site-packages/airflow/example_dags/example_params_trigger_ui.py took 0.132 seconds
[2026-08-26T18:30:35.046+0000] {processor.py:161} INFO - Started process (PID=4861) to work on /home/airflow/.local/lib/python3.8/site-packages/airflow/example_dags/example_params_trigger_ui.py
[2026-08-26T18:30:35.047+0000] {processor.py:830} INFO - Processing file /home/airflow/.local/lib/python3.8/site-packages/airflow/example_dags/example_params_trigger_ui.py for tasks to queue
[2026-08-26T18:30:35.049+0000] {logging_mixin.py:188} INFO - [2026-08-26T18:30:35.049+0000] {dagbag.py:540} INFO - Filling up the DagBag from /home/airflow/.local/lib/python3.8/site-packages/airflow/example_dags/example_params_trigger_ui.py
[2026-08-26T18:30:35.064+0000] {processor.py:840} INFO - DAG(s) 'example_params_trigger_ui' retrieved from /home/airflow/.local/lib/python3.8/site-packages/airflow/example_dags/example_params_trigger_ui.py
[2026-08-26T18:30:35.126+0000] {logging_mixin.py:188} INFO - [2026-08-26T18:30:35.125+0000] {dag.py:3047} INFO - Sync 1 DAGs
[2026-08-26T18:30:35.139+0000] {logging_mixin.py:188} INFO - [2026-08-26T18:30:35.139+0000] {dag.py:3834} INFO - Setting next_dagrun for example_params_trigger_ui to None, run_after=None
[2026-08-26T18:30:35.159+0000] {processor.py:183} INFO - Processing /home/airflow/.local/lib/python3.8/site-packages/airflow/example_dags/example_params_trigger_ui.py took 0.117 seconds
[2026-08-26T18:31:05.719+0000] {processor.py:161} INFO - Started process (PID=4918) to work on /home/airflow/.local/lib/python3.8/site-packages/airflow/example_dags/example_params_trigger_ui.py
[2026-08-26T18:31:05.720+0000] {processor.py:830} INFO - Processing file /home/airflow/.local/lib/python3.8/site-packages/airflow/example_dags/example_params_trigger_ui.py for tasks to queue
[2026-08-26T18:31:05.722+0000] {logging_mixin.py:188} INFO - [2026-08-26T18:31:05.722+0000] {dagbag.py:540} INFO - Filling up the DagBag from /home/airflow/.local/lib/python3.8/site-packages/airflow/example_dags/example_params_trigger_ui.py
[2026-08-26T18:31:05.737+0000] {processor.py:840} INFO - DAG(s) 'example_params_trigger_ui' retrieved from /home/airflow/.local/lib/python3.8/site-packages/airflow/example_dags/example_params_trigger_ui.py
[2026-08-26T18:31:05.793+0000] {logging_mixin.py:188} INFO - [2026-08-26T18:31:05.793+0000] {dag.py:3047} INFO - Sync 1 DAGs
[2026-08-26T18:31:05.808+0000] {logging_mixin.py:188} INFO - [2026-08-26T18:31:05.808+0000] {dag.py:3834} INFO - Setting next_dagrun for example_params_trigger_ui to None, run_after=None
[2026-08-26T18:31:05.833+0000] {processor.py:183} INFO - Processing /home/airflow/.local/lib/python3.8/site-packages/airflow/example_dags/example_params_trigger_ui.py took 0.119 seconds
[2026-08-26T18:31:36.135+0000] {processor.py:161} INFO - Started process (PID=4981) to work on /home/airflow/.local/lib/python3.8/site-packages/airflow/example_dags/example_params_trigger_ui.py
[2026-08-26T18:31:36.136+0000] {processor.py:830} INFO - Processing file /home/airflow/.local/lib/python3.8/site-packages/airflow/example_dags/example_params_trigger_ui.py for tasks to queue
[2026-08-26T18:31:36.138+0000] {logging_mixin.py:188} INFO - [2026-08-26T18:31:36.138+0000] {dagbag.py:540} INFO - Filling up the DagBag from /home/airflow/.local/lib/python3.8/site-packages/airflow/example_dags/example_params_trigger_ui.py
[2026-08-26T18:31:36.154+0000] {processor.py:840} INFO - DAG(s) 'example_params_trigger_ui' retrieved from /home/airflow/.local/lib/python3.8/site-packages/airflow/example_dags/example_params_trigger_ui.py
[2026-08-26T18:31:36.210+0000] {logging_mixin.py:188} INFO - [2026-08-26T18:31:36.210+0000] {dag.py:3047} INFO - Sync 1 DAGs
[2026-08-26T18:31:36.223+0000] {logging_mixin.py:188} INFO - [2026-08-26T18:31:36.223+0000] {dag.py:3834} INFO - Setting next_dagrun for example_params_trigger_ui to None, run_after=None
[2026-08-26T18:31:36.245+0000] {processor.py:183} INFO - Processing /home/airflow/.local/lib/python3.8/site-packages/airflow/example_dags/example_params_trigger_ui.py took 0.113 seconds
[2026-08-26T18:32:06.981+0000] {processor.py:161} INFO - Started process (PID=5038) to work on /home/airflow/.local/lib/python3.8/site-packages/airflow/example_dags/example_params_trigger_ui.py
[2026-08-26T18:32:06.982+0000] {processor.py:830} INFO - Processing file /home/airflow/.local/lib/python3.8/site-packages/airflow/example_dags/example_params_trigger_ui.py for tasks to queue
[2026-08-26T18:32:06.985+0000] {logging_mixin.py:188} INFO - [2026-08-26T18:32:06.985+0000] {dagbag.py:540} INFO - Filling up the DagBag from /home/airflow/.local/lib/python3.8/site-packages/airflow/example_dags/example_params_trigger_ui.py
[2026-08-26T18:32:07.002+0000] {processor.py:840} INFO - DAG(s) 'example_params_trigger_ui' retrieved from /home/airflow/.local/lib/python3.8/site-packages/airflow/example_dags/example_params_trigger_ui.py
[2026-08-26T18:32:07.063+0000] {logging_mixin.py:188} INFO - [2026-08-26T18:32:07.063+0000] {dag.py:3047} INFO - Sync 1 DAGs
[2026-08-26T18:32:07.079+0000] {logging_mixin.py:188} INFO - [2026-08-26T18:32:07.079+0000] {dag.py:3834} INFO - Setting next_dagrun for example_params_trigger_ui to None, run_after=None
[2026-08-26T18:32:07.102+0000] {processor.py:183} INFO - Processing /home/airflow/.local/lib/python3.8/site-packages/airflow/example_dags/example_params_trigger_ui.py took 0.125 seconds
[2026-08-26T18:32:37.442+0000] {processor.py:161} INFO - Started process (PID=5095) to work on /home/airflow/.local/lib/python3.8/site-packages/airflow/example_dags/example_params_trigger_ui.py
[2026-08-26T18:32:37.443+0000] {processor.py:830} INFO - Processing file /home/airflow/.local/lib/python3.8/site-packages/airflow/example_dags/example_params_trigger_ui.py for tasks to queue
[2026-08-26T18:32:37.446+0000] {logging_mixin.py:188} INFO - [2026-08-26T18:32:37.446+0000] {dagbag.py:540} INFO - Filling up the DagBag from /home/airflow/.local/lib/python3.8/site-packages/airflow/example_dags/example_params_trigger_ui.py
[2026-08-26T18:32:37.463+0000] {processor.py:840} INFO - DAG(s) 'example_params_trigger_ui' retrieved from /home/airflow/.local/lib/python3.8/site-packages/airflow/example_dags/example_params_trigger_ui.py
[2026-08-26T18:32:37.524+0000] {logging_mixin.py:188} INFO - [2026-08-26T18:32:37.523+0000] {dag.py:3047} INFO - Sync 1 DAGs
[2026-08-26T18:32:37.538+0000] {logging_mixin.py:188} INFO - [2026-08-26T18:32:37.537+0000] {dag.py:3834} INFO - Setting next_dagrun for example_params_trigger_ui to None, run_after=None
[2026-08-26T18:32:37.564+0000] {processor.py:183} INFO - Processing /home/airflow/.local/lib/python3.8/site-packages/airflow/example_dags/example_params_trigger_ui.py took 0.127 seconds
[2026-08-26T18:33:08.221+0000] {processor.py:161} INFO - Started process (PID=5152) to work on /home/airflow/.local/lib/python3.8/site-packages/airflow/example_dags/example_params_trigger_ui.py
[2026-08-26T18:33:08.223+0000] {processor.py:830} INFO - Processing file /home/airflow/.local/lib/python3.8/site-packages/airflow/example_dags/example_params_trigger_ui.py for tasks to queue
[2026-08-26T18:33:08.226+0000] {logging_mixin.py:188} INFO - [2026-08-26T18:33:08.225+0000] {dagbag.py:540} INFO - Filling up the DagBag from /home/airflow/.local/lib/python3.8/site-packages/airflow/example_dags/example_params_trigger_ui.py
[2026-08-26T18:33:08.242+0000] {processor.py:840} INFO - DAG(s) 'example_params_trigger_ui' retrieved from /home/airflow/.local/lib/python3.8/site-packages/airflow/example_dags/example_params_trigger_ui.py
[2026-08-26T18:33:08.298+0000] {logging_mixin.py:188} INFO - [2026-08-26T18:33:08.297+0000] {dag.py:3047} INFO - Sync 1 DAGs
[2026-08-26T18:33:08.312+0000] {logging_mixin.py:188} INFO - [2026-08-26T18:33:08.311+0000] {dag.py:3834} INFO - Setting next_dagrun for example_params_trigger_ui to None, run_after=None
[2026-08-26T18:33:08.333+0000] {processor.py:183} INFO - Processing /home/airflow/.local/lib/python3.8/site-packages/airflow/example_dags/example_params_trigger_ui.py took 0.118 seconds
[2026-08-26T18:33:38.507+0000] {processor.py:161} INFO - Started process (PID=5209) to work on /home/airflow/.local/lib/python3.8/site-packages/airflow/example_dags/example_params_trigger_ui.py
[2026-08-26T18:33:38.509+0000] {processor.py:830} INFO - Processing file /home/airflow/.local/lib/python3.8/site-packages/airflow/example_dags/example_params_trigger_ui.py for tasks to queue
[2026-08-26T18:33:38.513+0000] {logging_mixin.py:188} INFO - [2026-08-26T18:33:38.513+0000] {dagbag.py:540} INFO - Filling up the DagBag from /home/airflow/.local/lib/python3.8/site-packages/airflow/example_dags/example_params_trigger_ui.py
[2026-08-26T18:33:38.529+0000] {processor.py:840} INFO - DAG(s) 'example_params_trigger_ui' retrieved from /home/airflow/.local/lib/python3.8/site-packages/airflow/example_dags/example_params_trigger_ui.py
[2026-08-26T18:33:38.599+0000] {logging_mixin.py:188} INFO - [2026-08-26T18:33:38.598+0000] {dag.py:3047} INFO - Sync 1 DAGs
[2026-08-26T18:33:38.619+0000] {logging_mixin.py:188} INFO - [2026-08-26T18:33:38.619+0000] {dag.py:3834} INFO - Setting next_dagrun for example_params_trigger_ui to None, run_after=None
[2026-08-26T18:33:38.642+0000] {processor.py:183} INFO - Processing /home/airflow/.local/lib/python3.8/site-packages/airflow/example_dags/example_params_trigger_ui.py took 0.139 seconds
[2026-08-26T18:34:09.088+0000] {processor.py:161} INFO - Started process (PID=5266) to work on /home/airflow/.local/lib/python3.8/site-packages/airflow/example_dags/example_params_trigger_ui.py
[2026-08-26T18:34:09.090+0000] {processor.py:830} INFO - Processing file /home/airflow/.local/lib/python3.8/site-packages/airflow/example_dags/example_params_trigger_ui.py for tasks to queue
[2026-08-26T18:34:09.092+0000] {logging_mixin.py:188} INFO - [2026-08-26T18:34:09.092+0000] {dagbag.py:540} INFO - Filling up the DagBag from /home/airflow/.local/lib/python3.8/site-packages/airflow/example_dags/example_params_trigger_ui.py
[2026-08-26T18:34:09.106+0000] {processor.py:840} INFO - DAG(s) 'example_params_trigger_ui' retrieved from /home/airflow/.local/lib/python3.8/site-packages/airflow/example_dags/example_params_trigger_ui.py
[2026-08-26T18:34:09.163+0000] {logging_mixin.py:188} INFO - [2026-08-26T18:34:09.163+0000] {dag.py:3047} INFO - Sync 1 DAGs
[2026-08-26T18:34:09.178+0000] {logging_mixin.py:188} INFO - [2026-08-26T18:34:09.177+0000] {dag.py:3834} INFO - Setting next_dagrun for example_params_trigger_ui to None, run_after=None
[2026-08-26T18:34:09.200+0000] {processor.py:183} INFO - Processing /home/airflow/.local/lib/python3.8/site-packages/airflow/example_dags/example_params_trigger_ui.py took 0.115 seconds
[2026-08-26T18:34:39.938+0000] {processor.py:161} INFO - Started process (PID=5323) to work on /home/airflow/.local/lib/python3.8/site-packages/airflow/example_dags/example_params_trigger_ui.py
[2026-08-26T18:34:39.939+0000] {processor.py:830} INFO - Processing file /home/airflow/.local/lib/python3.8/site-packages/airflow/example_dags/example_params_trigger_ui.py for tasks to queue
[2026-08-26T18:34:39.942+0000] {logging_mixin.py:188} INFO - [2026-08-26T18:34:39.942+0000] {dagbag.py:540} INFO - Filling up the DagBag from /home/airflow/.local/lib/python3.8/site-packages/airflow/example_dags/example_params_trigger_ui.py
[2026-08-26T18:34:39.960+0000] {processor.py:840} INFO - DAG(s) 'example_params_trigger_ui' retrieved from /home/airflow/.local/lib/python3.8/site-packages/airflow/example_dags/example_params_trigger_ui.py
[2026-08-26T18:34:40.020+0000] {logging_mixin.py:188} INFO - [2026-08-26T18:34:40.020+0000] {dag.py:3047} INFO - Sync 1 DAGs
[2026-08-26T18:34:40.035+0000] {logging_mixin.py:188} INFO - [2026-08-26T18:34:40.034+0000] {dag.py:3834} INFO - Setting next_dagrun for example_params_trigger_ui to None, run_after=None
[2026-08-26T18:34:40.057+0000] {processor.py:183} INFO - Processing /home/airflow/.local/lib/python3.8/site-packages/airflow/example_dags/example_params_trigger_ui.py took 0.124 seconds
[2026-08-26T18:35:10.697+0000] {processor.py:161} INFO - Started process (PID=5380) to work on /home/airflow/.local/lib/python3.8/site-packages/airflow/example_dags/example_params_trigger_ui.py
[2026-08-26T18:35:10.699+0000] {processor.py:830} INFO - Processing file /home/airflow/.local/lib/python3.8/site-packages/airflow/example_dags/example_params_trigger_ui.py for tasks to queue
[2026-08-26T18:35:10.701+0000] {logging_mixin.py:188} INFO - [2026-08-26T18:35:10.701+0000] {dagbag.py:540} INFO - Filling up the DagBag from /home/airflow/.local/lib/python3.8/site-packages/airflow/example_dags/example_params_trigger_ui.py
[2026-08-26T18:35:10.715+0000] {processor.py:840} INFO - DAG(s) 'example_params_trigger_ui' retrieved from /home/airflow/.local/lib/python3.8/site-packages/airflow/example_dags/example_params_trigger_ui.py
[2026-08-26T18:35:10.774+0000] {logging_mixin.py:188} INFO - [2026-08-26T18:35:10.774+0000] {dag.py:3047} INFO - Sync 1 DAGs
[2026-08-26T18:35:10.789+0000] {logging_mixin.py:188} INFO - [2026-08-26T18:35:10.788+0000] {dag.py:3834} INFO - Setting next_dagrun for example_params_trigger_ui to None, run_after=None
[2026-08-26T18:35:10.812+0000] {processor.py:183} INFO - Processing /home/airflow/.local/lib/python3.8/site-packages/airflow/example_dags/example_params_trigger_ui.py took 0.118 seconds
[2026-08-26T18:35:41.346+0000] {processor.py:161} INFO - Started process (PID=5437) to work on /home/airflow/.local/lib/python3.8/site-packages/airflow/example_dags/example_params_trigger_ui.py
[2026-08-26T18:35:41.348+0000] {processor.py:830} INFO - Processing file /home/airflow/.local/lib/python3.8/site-packages/airflow/example_dags/example_params_trigger_ui.py for tasks to queue
[2026-08-26T18:35:41.351+0000] {logging_mixin.py:188} INFO - [2026-08-26T18:35:41.350+0000] {dagbag.py:540} INFO - Filling up the DagBag from /home/airflow/.local/lib/python3.8/site-packages/airflow/example_dags/example_params_trigger_ui.py
[2026-08-26T18:35:41.370+0000] {processor.py:840} INFO - DAG(s) 'example_params_trigger_ui' retrieved from /home/airflow/.local/lib/python3.8/site-packages/airflow/example_dags/example_params_trigger_ui.py
[2026-08-26T18:35:41.428+0000] {logging_mixin.py:188} INFO - [2026-08-26T18:35:41.427+0000] {dag.py:3047} INFO - Sync 1 DAGs
[2026-08-26T18:35:41.442+0000] {logging_mixin.py:188} INFO - [2026-08-26T18:35:41.442+0000] {dag.py:3834} INFO - Setting next_dagrun for example_params_trigger_ui to None, run_after=None
[2026-08-26T18:35:41.464+0000] {processor.py:183} INFO - Processing /home/airflow/.local/lib/python3.8/site-packages/airflow/example_dags/example_params_trigger_ui.py took 0.123 seconds
[2026-08-26T18:36:12.176+0000] {processor.py:161} INFO - Started process (PID=5494) to work on /home/airflow/.local/lib/python3.8/site-packages/airflow/example_dags/example_params_trigger_ui.py
[2026-08-26T18:36:12.177+0000] {processor.py:830} INFO - Processing file /home/airflow/.local/lib/python3.8/site-packages/airflow/example_dags/example_params_trigger_ui.py for tasks to queue
[2026-08-26T18:36:12.180+0000] {logging_mixin.py:188} INFO - [2026-08-26T18:36:12.179+0000] {dagbag.py:540} INFO - Filling up the DagBag from /home/airflow/.local/lib/python3.8/site-packages/airflow/example_dags/example_params_trigger_ui.py
[2026-08-26T18:36:12.199+0000] {processor.py:840} INFO - DAG(s) 'example_params_trigger_ui' retrieved from /home/airflow/.local/lib/python3.8/site-packages/airflow/example_dags/example_params_trigger_ui.py
[2026-08-26T18:36:12.264+0000] {logging_mixin.py:188} INFO - [2026-08-26T18:36:12.264+0000] {dag.py:3047} INFO - Sync 1 DAGs
[2026-08-26T18:36:12.281+0000] {logging_mixin.py:188} INFO - [2026-08-26T18:36:12.281+0000] {dag.py:3834} INFO - Setting next_dagrun for example_params_trigger_ui to None, run_after=None
[2026-08-26T18:36:12.303+0000] {processor.py:183} INFO - Processing /home/airflow/.local/lib/python3.8/site-packages/airflow/example_dags/example_params_trigger_ui.py took 0.132 seconds
[2026-08-26T18:36:43.129+0000] {processor.py:161} INFO - Started process (PID=5551) to work on /home/airflow/.local/lib/python3.8/site-packages/airflow/example_dags/example_params_trigger_ui.py
[2026-08-26T18:36:43.131+0000] {processor.py:830} INFO - Processing file /home/airflow/.local/lib/python3.8/site-packages/airflow/example_dags/example_params_trigger_ui.py for tasks to queue
[2026-08-26T18:36:43.133+0000] {logging_mixin.py:188} INFO - [2026-08-26T18:36:43.133+0000] {dagbag.py:540} INFO - Filling up the DagBag from /home/airflow/.local/lib/python3.8/site-packages/airflow/example_dags/example_params_trigger_ui.py
[2026-08-26T18:36:43.148+0000] {processor.py:840} INFO - DAG(s) 'example_params_trigger_ui' retrieved from /home/airflow/.local/lib/python3.8/site-packages/airflow/example_dags/example_params_trigger_ui.py
[2026-08-26T18:36:43.211+0000] {logging_mixin.py:188} INFO - [2026-08-26T18:36:43.210+0000] {dag.py:3047} INFO - Sync 1 DAGs
[2026-08-26T18:36:43.225+0000] {logging_mixin.py:188} INFO - [2026-08-26T18:36:43.225+0000] {dag.py:3834} INFO - Setting next_dagrun for example_params_trigger_ui to None, run_after=None
[2026-08-26T18:36:43.246+0000] {processor.py:183} INFO - Processing /home/airflow/.local/lib/python3.8/site-packages/airflow/example_dags/example_params_trigger_ui.py took 0.120 seconds
[2026-08-26T18:37:13.959+0000] {processor.py:161} INFO - Started process (PID=5609) to work on /home/airflow/.local/lib/python3.8/site-packages/airflow/example_dags/example_params_trigger_ui.py
[2026-08-26T18:37:13.960+0000] {processor.py:830} INFO - Processing file /home/airflow/.local/lib/python3.8/site-packages/airflow/example_dags/example_params_trigger_ui.py for tasks to queue
[2026-08-26T18:37:13.963+0000] {logging_mixin.py:188} INFO - [2026-08-26T18:37:13.962+0000] {dagbag.py:540} INFO - Filling up the DagBag from /home/airflow/.local/lib/python3.8/site-packages/airflow/example_dags/example_params_trigger_ui.py
[2026-08-26T18:37:13.978+0000] {processor.py:840} INFO - DAG(s) 'example_params_trigger_ui' retrieved from /home/airflow/.local/lib/python3.8/site-packages/airflow/example_dags/example_params_trigger_ui.py
[2026-08-26T18:37:14.035+0000] {logging_mixin.py:188} INFO - [2026-08-26T18:37:14.035+0000] {dag.py:3047} INFO - Sync 1 DAGs
[2026-08-26T18:37:14.047+0000] {logging_mixin.py:188} INFO - [2026-08-26T18:37:14.047+0000] {dag.py:3834} INFO - Setting next_dagrun for example_params_trigger_ui to None, run_after=None
[2026-08-26T18:37:14.070+0000] {processor.py:183} INFO - Processing /home/airflow/.local/lib/python3.8/site-packages/airflow/example_dags/example_params_trigger_ui.py took 0.115 seconds
[2026-08-26T18:37:44.692+0000] {processor.py:161} INFO - Started process (PID=5666) to work on /home/airflow/.local/lib/python3.8/site-packages/airflow/example_dags/example_params_trigger_ui.py
[2026-08-26T18:37:44.694+0000] {processor.py:830} INFO - Processing file /home/airflow/.local/lib/python3.8/site-packages/airflow/example_dags/example_params_trigger_ui.py for tasks to queue
[2026-08-26T18:37:44.697+0000] {logging_mixin.py:188} INFO - [2026-08-26T18:37:44.697+0000] {dagbag.py:540} INFO - Filling up the DagBag from /home/airflow/.local/lib/python3.8/site-packages/airflow/example_dags/example_params_trigger_ui.py
[2026-08-26T18:37:44.711+0000] {processor.py:840} INFO - DAG(s) 'example_params_trigger_ui' retrieved from /home/airflow/.local/lib/python3.8/site-packages/airflow/example_dags/example_params_trigger_ui.py
[2026-08-26T18:37:44.768+0000] {logging_mixin.py:188} INFO - [2026-08-26T18:37:44.768+0000] {dag.py:3047} INFO - Sync 1 DAGs
[2026-08-26T18:37:44.784+0000] {logging_mixin.py:188} INFO - [2026-08-26T18:37:44.783+0000] {dag.py:3834} INFO - Setting next_dagrun for example_params_trigger_ui to None, run_after=None
[2026-08-26T18:37:44.807+0000] {processor.py:183} INFO - Processing /home/airflow/.local/lib/python3.8/site-packages/airflow/example_dags/example_params_trigger_ui.py took 0.118 seconds
[2026-08-26T18:38:15.642+0000] {processor.py:161} INFO - Started process (PID=5723) to work on /home/airflow/.local/lib/python3.8/site-packages/airflow/example_dags/example_params_trigger_ui.py
[2026-08-26T18:38:15.645+0000] {processor.py:830} INFO - Processing file /home/airflow/.local/lib/python3.8/site-packages/airflow/example_dags/example_params_trigger_ui.py for tasks to queue
[2026-08-26T18:38:15.648+0000] {logging_mixin.py:188} INFO - [2026-08-26T18:38:15.647+0000] {dagbag.py:540} INFO - Filling up the DagBag from /home/airflow/.local/lib/python3.8/site-packages/airflow/example_dags/example_params_trigger_ui.py
[2026-08-26T18:38:15.665+0000] {processor.py:840} INFO - DAG(s) 'example_params_trigger_ui' retrieved from /home/airflow/.local/lib/python3.8/site-packages/airflow/example_dags/example_params_trigger_ui.py
[2026-08-26T18:38:15.722+0000] {logging_mixin.py:188} INFO - [2026-08-26T18:38:15.721+0000] {dag.py:3047} INFO - Sync 1 DAGs
[2026-08-26T18:38:15.735+0000] {logging_mixin.py:188} INFO - [2026-08-26T18:38:15.735+0000] {dag.py:3834} INFO - Setting next_dagrun for example_params_trigger_ui to None, run_after=None
[2026-08-26T18:38:15.758+0000] {processor.py:183} INFO - Processing /home/airflow/.local/lib/python3.8/site-packages/airflow/example_dags/example_params_trigger_ui.py took 0.121 seconds
[2026-08-26T18:38:45.822+0000] {processor.py:161} INFO - Started process (PID=5780) to work on /home/airflow/.local/lib/python3.8/site-packages/airflow/example_dags/example_params_trigger_ui.py
[2026-08-26T18:38:45.825+0000] {processor.py:830} INFO - Processing file /home/airflow/.local/lib/python3.8/site-packages/airflow/example_dags/example_params_trigger_ui.py for tasks to queue
[2026-08-26T18:38:45.828+0000] {logging_mixin.py:188} INFO - [2026-08-26T18:38:45.827+0000] {dagbag.py:540} INFO - Filling up the DagBag from /home/airflow/.local/lib/python3.8/site-packages/airflow/example_dags/example_params_trigger_ui.py
[2026-08-26T18:38:45.843+0000] {processor.py:840} INFO - DAG(s) 'example_params_trigger_ui' retrieved from /home/airflow/.local/lib/python3.8/site-packages/airflow/example_dags/example_params_trigger_ui.py
[2026-08-26T18:38:45.905+0000] {logging_mixin.py:188} INFO - [2026-08-26T18:38:45.905+0000] {dag.py:3047} INFO - Sync 1 DAGs
[2026-08-26T18:38:45.919+0000] {logging_mixin.py:188} INFO - [2026-08-26T18:38:45.919+0000] {dag.py:3834} INFO - Setting next_dagrun for example_params_trigger_ui to None, run_after=None
[2026-08-26T18:38:45.942+0000] {processor.py:183} INFO - Processing /home/airflow/.local/lib/python3.8/site-packages/airflow/example_dags/example_params_trigger_ui.py took 0.123 seconds
[2026-08-26T18:39:16.343+0000] {processor.py:161} INFO - Started process (PID=5837) to work on /home/airflow/.local/lib/python3.8/site-packages/airflow/example_dags/example_params_trigger_ui.py
[2026-08-26T18:39:16.345+0000] {processor.py:830} INFO - Processing file /home/airflow/.local/lib/python3.8/site-packages/airflow/example_dags/example_params_trigger_ui.py for tasks to queue
[2026-08-26T18:39:16.349+0000] {logging_mixin.py:188} INFO - [2026-08-26T18:39:16.348+0000] {dagbag.py:540} INFO - Filling up the DagBag from /home/airflow/.local/lib/python3.8/site-packages/airflow/example_dags/example_params_trigger_ui.py
[2026-08-26T18:39:16.370+0000] {processor.py:840} INFO - DAG(s) 'example_params_trigger_ui' retrieved from /home/airflow/.local/lib/python3.8/site-packages/airflow/example_dags/example_params_trigger_ui.py
[2026-08-26T18:39:16.437+0000] {logging_mixin.py:188} INFO - [2026-08-26T18:39:16.437+0000] {dag.py:3047} INFO - Sync 1 DAGs
[2026-08-26T18:39:16.453+0000] {logging_mixin.py:188} INFO - [2026-08-26T18:39:16.452+0000] {dag.py:3834} INFO - Setting next_dagrun for example_params_trigger_ui to None, run_after=None
[2026-08-26T18:39:16.479+0000] {processor.py:183} INFO - Processing /home/airflow/.local/lib/python3.8/site-packages/airflow/example_dags/example_params_trigger_ui.py took 0.140 seconds
[2026-08-26T18:39:46.710+0000] {processor.py:161} INFO - Started process (PID=5894) to work on /home/airflow/.local/lib/python3.8/site-packages/airflow/example_dags/example_params_trigger_ui.py
[2026-08-26T18:39:46.712+0000] {processor.py:830} INFO - Processing file /home/airflow/.local/lib/python3.8/site-packages/airflow/example_dags/example_params_trigger_ui.py for tasks to queue
[2026-08-26T18:39:46.715+0000] {logging_mixin.py:188} INFO - [2026-08-26T18:39:46.714+0000] {dagbag.py:540} INFO - Filling up the DagBag from /home/airflow/.local/lib/python3.8/site-packages/airflow/example_dags/example_params_trigger_ui.py
[2026-08-26T18:39:46.743+0000] {processor.py:840} INFO - DAG(s) 'example_params_trigger_ui' retrieved from /home/airflow/.local/lib/python3.8/site-packages/airflow/example_dags/example_params_trigger_ui.py
[2026-08-26T18:39:46.824+0000] {logging_mixin.py:188} INFO - [2026-08-26T18:39:46.824+0000] {dag.py:3047} INFO - Sync 1 DAGs
[2026-08-26T18:39:46.845+0000] {logging_mixin.py:188} INFO - [2026-08-26T18:39:46.844+0000] {dag.py:3834} INFO - Setting next_dagrun for example_params_trigger_ui to None, run_after=None
[2026-08-26T18:39:46.877+0000] {processor.py:183} INFO - Processing /home/airflow/.local/lib/python3.8/site-packages/airflow/example_dags/example_params_trigger_ui.py took 0.172 seconds
[2026-08-26T18:40:17.353+0000] {processor.py:161} INFO - Started process (PID=5950) to work on /home/airflow/.local/lib/python3.8/site-packages/airflow/example_dags/example_params_trigger_ui.py
[2026-08-26T18:40:17.355+0000] {processor.py:830} INFO - Processing file /home/airflow/.local/lib/python3.8/site-packages/airflow/example_dags/example_params_trigger_ui.py for tasks to queue
[2026-08-26T18:40:17.358+0000] {logging_mixin.py:188} INFO - [2026-08-26T18:40:17.358+0000] {dagbag.py:540} INFO - Filling up the DagBag from /home/airflow/.local/lib/python3.8/site-packages/airflow/example_dags/example_params_trigger_ui.py
[2026-08-26T18:40:17.376+0000] {processor.py:840} INFO - DAG(s) 'example_params_trigger_ui' retrieved from /home/airflow/.local/lib/python3.8/site-packages/airflow/example_dags/example_params_trigger_ui.py
[2026-08-26T18:40:17.443+0000] {logging_mixin.py:188} INFO - [2026-08-26T18:40:17.443+0000] {dag.py:3047} INFO - Sync 1 DAGs
[2026-08-26T18:40:17.458+0000] {logging_mixin.py:188} INFO - [2026-08-26T18:40:17.458+0000] {dag.py:3834} INFO - Setting next_dagrun for example_params_trigger_ui to None, run_after=None
[2026-08-26T18:40:17.479+0000] {processor.py:183} INFO - Processing /home/airflow/.local/lib/python3.8/site-packages/airflow/example_dags/example_params_trigger_ui.py took 0.131 seconds
[2026-08-26T18:40:48.221+0000] {processor.py:161} INFO - Started process (PID=6007) to work on /home/airflow/.local/lib/python3.8/site-packages/airflow/example_dags/example_params_trigger_ui.py
[2026-08-26T18:40:48.223+0000] {processor.py:830} INFO - Processing file /home/airflow/.local/lib/python3.8/site-packages/airflow/example_dags/example_params_trigger_ui.py for tasks to queue
[2026-08-26T18:40:48.226+0000] {logging_mixin.py:188} INFO - [2026-08-26T18:40:48.226+0000] {dagbag.py:540} INFO - Filling up the DagBag from /home/airflow/.local/lib/python3.8/site-packages/airflow/example_dags/example_params_trigger_ui.py
[2026-08-26T18:40:48.248+0000] {processor.py:840} INFO - DAG(s) 'example_params_trigger_ui' retrieved from /home/airflow/.local/lib/python3.8/site-packages/airflow/example_dags/example_params_trigger_ui.py
[2026-08-26T18:40:48.313+0000] {logging_mixin.py:188} INFO - [2026-08-26T18:40:48.313+0000] {dag.py:3047} INFO - Sync 1 DAGs
[2026-08-26T18:40:48.327+0000] {logging_mixin.py:188} INFO - [2026-08-26T18:40:48.327+0000] {dag.py:3834} INFO - Setting next_dagrun for example_params_trigger_ui to None, run_after=None
[2026-08-26T18:40:48.352+0000] {processor.py:183} INFO - Processing /home/airflow/.local/lib/python3.8/site-packages/airflow/example_dags/example_params_trigger_ui.py took 0.136 seconds
[2026-08-26T18:41:18.948+0000] {processor.py:161} INFO - Started process (PID=6063) to work on /home/airflow/.local/lib/python3.8/site-packages/airflow/example_dags/example_params_trigger_ui.py
[2026-08-26T18:41:18.949+0000] {processor.py:830} INFO - Processing file /home/airflow/.local/lib/python3.8/site-packages/airflow/example_dags/example_params_trigger_ui.py for tasks to queue
[2026-08-26T18:41:18.953+0000] {logging_mixin.py:188} INFO - [2026-08-26T18:41:18.953+0000] {dagbag.py:540} INFO - Filling up the DagBag from /home/airflow/.local/lib/python3.8/site-packages/airflow/example_dags/example_params_trigger_ui.py
[2026-08-26T18:41:18.977+0000] {processor.py:840} INFO - DAG(s) 'example_params_trigger_ui' retrieved from /home/airflow/.local/lib/python3.8/site-packages/airflow/example_dags/example_params_trigger_ui.py
[2026-08-26T18:41:19.072+0000] {logging_mixin.py:188} INFO - [2026-08-26T18:41:19.071+0000] {dag.py:3047} INFO - Sync 1 DAGs
[2026-08-26T18:41:19.090+0000] {logging_mixin.py:188} INFO - [2026-08-26T18:41:19.090+0000] {dag.py:3834} INFO - Setting next_dagrun for example_params_trigger_ui to None, run_after=None
[2026-08-26T18:41:19.121+0000] {processor.py:183} INFO - Processing /home/airflow/.local/lib/python3.8/site-packages/airflow/example_dags/example_params_trigger_ui.py took 0.181 seconds
[2026-08-26T18:41:49.290+0000] {processor.py:161} INFO - Started process (PID=6119) to work on /home/airflow/.local/lib/python3.8/site-packages/airflow/example_dags/example_params_trigger_ui.py
[2026-08-26T18:41:49.292+0000] {processor.py:830} INFO - Processing file /home/airflow/.local/lib/python3.8/site-packages/airflow/example_dags/example_params_trigger_ui.py for tasks to queue
[2026-08-26T18:41:49.294+0000] {logging_mixin.py:188} INFO - [2026-08-26T18:41:49.294+0000] {dagbag.py:540} INFO - Filling up the DagBag from /home/airflow/.local/lib/python3.8/site-packages/airflow/example_dags/example_params_trigger_ui.py
[2026-08-26T18:41:49.310+0000] {processor.py:840} INFO - DAG(s) 'example_params_trigger_ui' retrieved from /home/airflow/.local/lib/python3.8/site-packages/airflow/example_dags/example_params_trigger_ui.py
[2026-08-26T18:41:49.379+0000] {logging_mixin.py:188} INFO - [2026-08-26T18:41:49.379+0000] {dag.py:3047} INFO - Sync 1 DAGs
[2026-08-26T18:41:49.397+0000] {logging_mixin.py:188} INFO - [2026-08-26T18:41:49.397+0000] {dag.py:3834} INFO - Setting next_dagrun for example_params_trigger_ui to None, run_after=None
[2026-08-26T18:41:49.423+0000] {processor.py:183} INFO - Processing /home/airflow/.local/lib/python3.8/site-packages/airflow/example_dags/example_params_trigger_ui.py took 0.137 seconds
[2026-08-26T18:42:19.612+0000] {processor.py:161} INFO - Started process (PID=6176) to work on /home/airflow/.local/lib/python3.8/site-packages/airflow/example_dags/example_params_trigger_ui.py
[2026-08-26T18:42:19.614+0000] {processor.py:830} INFO - Processing file /home/airflow/.local/lib/python3.8/site-packages/airflow/example_dags/example_params_trigger_ui.py for tasks to queue
[2026-08-26T18:42:19.617+0000] {logging_mixin.py:188} INFO - [2026-08-26T18:42:19.617+0000] {dagbag.py:540} INFO - Filling up the DagBag from /home/airflow/.local/lib/python3.8/site-packages/airflow/example_dags/example_params_trigger_ui.py
[2026-08-26T18:42:19.636+0000] {processor.py:840} INFO - DAG(s) 'example_params_trigger_ui' retrieved from /home/airflow/.local/lib/python3.8/site-packages/airflow/example_dags/example_params_trigger_ui.py
[2026-08-26T18:42:19.709+0000] {logging_mixin.py:188} INFO - [2026-08-26T18:42:19.708+0000] {dag.py:3047} INFO - Sync 1 DAGs
[2026-08-26T18:42:19.726+0000] {logging_mixin.py:188} INFO - [2026-08-26T18:42:19.726+0000] {dag.py:3834} INFO - Setting next_dagrun for example_params_trigger_ui to None, run_after=None
[2026-08-26T18:42:19.749+0000] {processor.py:183} INFO - Processing /home/airflow/.local/lib/python3.8/site-packages/airflow/example_dags/example_params_trigger_ui.py took 0.141 seconds
[2026-08-26T18:42:50.210+0000] {processor.py:161} INFO - Started process (PID=6234) to work on /home/airflow/.local/lib/python3.8/site-packages/airflow/example_dags/example_params_trigger_ui.py
[2026-08-26T18:42:50.213+0000] {processor.py:830} INFO - Processing file /home/airflow/.local/lib/python3.8/site-packages/airflow/example_dags/example_params_trigger_ui.py for tasks to queue
[2026-08-26T18:42:50.222+0000] {logging_mixin.py:188} INFO - [2026-08-26T18:42:50.219+0000] {dagbag.py:540} INFO - Filling up the DagBag from /home/airflow/.local/lib/python3.8/site-packages/airflow/example_dags/example_params_trigger_ui.py
[2026-08-26T18:42:50.256+0000] {processor.py:840} INFO - DAG(s) 'example_params_trigger_ui' retrieved from /home/airflow/.local/lib/python3.8/site-packages/airflow/example_dags/example_params_trigger_ui.py
[2026-08-26T18:42:50.357+0000] {logging_mixin.py:188} INFO - [2026-08-26T18:42:50.357+0000] {dag.py:3047} INFO - Sync 1 DAGs
[2026-08-26T18:42:50.379+0000] {logging_mixin.py:188} INFO - [2026-08-26T18:42:50.379+0000] {dag.py:3834} INFO - Setting next_dagrun for example_params_trigger_ui to None, run_after=None
[2026-08-26T18:42:50.407+0000] {processor.py:183} INFO - Processing /home/airflow/.local/lib/python3.8/site-packages/airflow/example_dags/example_params_trigger_ui.py took 0.210 seconds
[2026-08-26T18:43:21.283+0000] {processor.py:161} INFO - Started process (PID=6291) to work on /home/airflow/.local/lib/python3.8/site-packages/airflow/example_dags/example_params_trigger_ui.py
[2026-08-26T18:43:21.286+0000] {processor.py:830} INFO - Processing file /home/airflow/.local/lib/python3.8/site-packages/airflow/example_dags/example_params_trigger_ui.py for tasks to queue
[2026-08-26T18:43:21.289+0000] {logging_mixin.py:188} INFO - [2026-08-26T18:43:21.288+0000] {dagbag.py:540} INFO - Filling up the DagBag from /home/airflow/.local/lib/python3.8/site-packages/airflow/example_dags/example_params_trigger_ui.py
[2026-08-26T18:43:21.307+0000] {processor.py:840} INFO - DAG(s) 'example_params_trigger_ui' retrieved from /home/airflow/.local/lib/python3.8/site-packages/airflow/example_dags/example_params_trigger_ui.py
[2026-08-26T18:43:21.388+0000] {logging_mixin.py:188} INFO - [2026-08-26T18:43:21.387+0000] {dag.py:3047} INFO - Sync 1 DAGs
[2026-08-26T18:43:21.404+0000] {logging_mixin.py:188} INFO - [2026-08-26T18:43:21.403+0000] {dag.py:3834} INFO - Setting next_dagrun for example_params_trigger_ui to None, run_after=None
[2026-08-26T18:43:21.428+0000] {processor.py:183} INFO - Processing /home/airflow/.local/lib/python3.8/site-packages/airflow/example_dags/example_params_trigger_ui.py took 0.150 seconds
[2026-08-26T18:43:51.672+0000] {processor.py:161} INFO - Started process (PID=6348) to work on /home/airflow/.local/lib/python3.8/site-packages/airflow/example_dags/example_params_trigger_ui.py
[2026-08-26T18:43:51.674+0000] {processor.py:830} INFO - Processing file /home/airflow/.local/lib/python3.8/site-packages/airflow/example_dags/example_params_trigger_ui.py for tasks to queue
[2026-08-26T18:43:51.677+0000] {logging_mixin.py:188} INFO - [2026-08-26T18:43:51.676+0000] {dagbag.py:540} INFO - Filling up the DagBag from /home/airflow/.local/lib/python3.8/site-packages/airflow/example_dags/example_params_trigger_ui.py
[2026-08-26T18:43:51.694+0000] {processor.py:840} INFO - DAG(s) 'example_params_trigger_ui' retrieved from /home/airflow/.local/lib/python3.8/site-packages/airflow/example_dags/example_params_trigger_ui.py
[2026-08-26T18:43:51.758+0000] {logging_mixin.py:188} INFO - [2026-08-26T18:43:51.758+0000] {dag.py:3047} INFO - Sync 1 DAGs
[2026-08-26T18:43:51.776+0000] {logging_mixin.py:188} INFO - [2026-08-26T18:43:51.776+0000] {dag.py:3834} INFO - Setting next_dagrun for example_params_trigger_ui to None, run_after=None
[2026-08-26T18:43:51.802+0000] {processor.py:183} INFO - Processing /home/airflow/.local/lib/python3.8/site-packages/airflow/example_dags/example_params_trigger_ui.py took 0.134 seconds
[2026-08-26T18:44:21.921+0000] {processor.py:161} INFO - Started process (PID=6404) to work on /home/airflow/.local/lib/python3.8/site-packages/airflow/example_dags/example_params_trigger_ui.py
[2026-08-26T18:44:21.922+0000] {processor.py:830} INFO - Processing file /home/airflow/.local/lib/python3.8/site-packages/airflow/example_dags/example_params_trigger_ui.py for tasks to queue
[2026-08-26T18:44:21.925+0000] {logging_mixin.py:188} INFO - [2026-08-26T18:44:21.924+0000] {dagbag.py:540} INFO - Filling up the DagBag from /home/airflow/.local/lib/python3.8/site-packages/airflow/example_dags/example_params_trigger_ui.py
[2026-08-26T18:44:21.940+0000] {processor.py:840} INFO - DAG(s) 'example_params_trigger_ui' retrieved from /home/airflow/.local/lib/python3.8/site-packages/airflow/example_dags/example_params_trigger_ui.py
[2026-08-26T18:44:22.006+0000] {logging_mixin.py:188} INFO - [2026-08-26T18:44:22.006+0000] {dag.py:3047} INFO - Sync 1 DAGs
[2026-08-26T18:44:22.023+0000] {logging_mixin.py:188} INFO - [2026-08-26T18:44:22.023+0000] {dag.py:3834} INFO - Setting next_dagrun for example_params_trigger_ui to None, run_after=None
[2026-08-26T18:44:22.048+0000] {processor.py:183} INFO - Processing /home/airflow/.local/lib/python3.8/site-packages/airflow/example_dags/example_params_trigger_ui.py took 0.131 seconds
[2026-08-26T18:44:53.081+0000] {processor.py:161} INFO - Started process (PID=6459) to work on /home/airflow/.local/lib/python3.8/site-packages/airflow/example_dags/example_params_trigger_ui.py
[2026-08-26T18:44:53.083+0000] {processor.py:830} INFO - Processing file /home/airflow/.local/lib/python3.8/site-packages/airflow/example_dags/example_params_trigger_ui.py for tasks to queue
[2026-08-26T18:44:53.086+0000] {logging_mixin.py:188} INFO - [2026-08-26T18:44:53.085+0000] {dagbag.py:540} INFO - Filling up the DagBag from /home/airflow/.local/lib/python3.8/site-packages/airflow/example_dags/example_params_trigger_ui.py
[2026-08-26T18:44:53.104+0000] {processor.py:840} INFO - DAG(s) 'example_params_trigger_ui' retrieved from /home/airflow/.local/lib/python3.8/site-packages/airflow/example_dags/example_params_trigger_ui.py
[2026-08-26T18:44:53.184+0000] {logging_mixin.py:188} INFO - [2026-08-26T18:44:53.184+0000] {dag.py:3047} INFO - Sync 1 DAGs
[2026-08-26T18:44:53.202+0000] {logging_mixin.py:188} INFO - [2026-08-26T18:44:53.202+0000] {dag.py:3834} INFO - Setting next_dagrun for example_params_trigger_ui to None, run_after=None
[2026-08-26T18:44:53.233+0000] {processor.py:183} INFO - Processing /home/airflow/.local/lib/python3.8/site-packages/airflow/example_dags/example_params_trigger_ui.py took 0.157 seconds
[2026-08-26T18:45:23.445+0000] {processor.py:161} INFO - Started process (PID=6516) to work on /home/airflow/.local/lib/python3.8/site-packages/airflow/example_dags/example_params_trigger_ui.py
[2026-08-26T18:45:23.446+0000] {processor.py:830} INFO - Processing file /home/airflow/.local/lib/python3.8/site-packages/airflow/example_dags/example_params_trigger_ui.py for tasks to queue
[2026-08-26T18:45:23.449+0000] {logging_mixin.py:188} INFO - [2026-08-26T18:45:23.449+0000] {dagbag.py:540} INFO - Filling up the DagBag from /home/airflow/.local/lib/python3.8/site-packages/airflow/example_dags/example_params_trigger_ui.py
[2026-08-26T18:45:23.466+0000] {processor.py:840} INFO - DAG(s) 'example_params_trigger_ui' retrieved from /home/airflow/.local/lib/python3.8/site-packages/airflow/example_dags/example_params_trigger_ui.py
[2026-08-26T18:45:23.549+0000] {logging_mixin.py:188} INFO - [2026-08-26T18:45:23.548+0000] {dag.py:3047} INFO - Sync 1 DAGs
[2026-08-26T18:45:23.566+0000] {logging_mixin.py:188} INFO - [2026-08-26T18:45:23.565+0000] {dag.py:3834} INFO - Setting next_dagrun for example_params_trigger_ui to None, run_after=None
[2026-08-26T18:45:23.595+0000] {processor.py:183} INFO - Processing /home/airflow/.local/lib/python3.8/site-packages/airflow/example_dags/example_params_trigger_ui.py took 0.155 seconds
[2026-08-26T18:45:53.658+0000] {processor.py:161} INFO - Started process (PID=6571) to work on /home/airflow/.local/lib/python3.8/site-packages/airflow/example_dags/example_params_trigger_ui.py
[2026-08-26T18:45:53.659+0000] {processor.py:830} INFO - Processing file /home/airflow/.local/lib/python3.8/site-packages/airflow/example_dags/example_params_trigger_ui.py for tasks to queue
[2026-08-26T18:45:53.662+0000] {logging_mixin.py:188} INFO - [2026-08-26T18:45:53.662+0000] {dagbag.py:540} INFO - Filling up the DagBag from /home/airflow/.local/lib/python3.8/site-packages/airflow/example_dags/example_params_trigger_ui.py
[2026-08-26T18:45:53.678+0000] {processor.py:840} INFO - DAG(s) 'example_params_trigger_ui' retrieved from /home/airflow/.local/lib/python3.8/site-packages/airflow/example_dags/example_params_trigger_ui.py
[2026-08-26T18:45:53.740+0000] {logging_mixin.py:188} INFO - [2026-08-26T18:45:53.740+0000] {dag.py:3047} INFO - Sync 1 DAGs
[2026-08-26T18:45:53.756+0000] {logging_mixin.py:188} INFO - [2026-08-26T18:45:53.756+0000] {dag.py:3834} INFO - Setting next_dagrun for example_params_trigger_ui to None, run_after=None
[2026-08-26T18:45:53.779+0000] {processor.py:183} INFO - Processing /home/airflow/.local/lib/python3.8/site-packages/airflow/example_dags/example_params_trigger_ui.py took 0.125 seconds
[2026-08-26T18:46:24.056+0000] {processor.py:161} INFO - Started process (PID=6628) to work on /home/airflow/.local/lib/python3.8/site-packages/airflow/example_dags/example_params_trigger_ui.py
[2026-08-26T18:46:24.058+0000] {processor.py:830} INFO - Processing file /home/airflow/.local/lib/python3.8/site-packages/airflow/example_dags/example_params_trigger_ui.py for tasks to queue
[2026-08-26T18:46:24.061+0000] {logging_mixin.py:188} INFO - [2026-08-26T18:46:24.061+0000] {dagbag.py:540} INFO - Filling up the DagBag from /home/airflow/.local/lib/python3.8/site-packages/airflow/example_dags/example_params_trigger_ui.py
[2026-08-26T18:46:24.084+0000] {processor.py:840} INFO - DAG(s) 'example_params_trigger_ui' retrieved from /home/airflow/.local/lib/python3.8/site-packages/airflow/example_dags/example_params_trigger_ui.py
[2026-08-26T18:46:24.154+0000] {logging_mixin.py:188} INFO - [2026-08-26T18:46:24.153+0000] {dag.py:3047} INFO - Sync 1 DAGs
[2026-08-26T18:46:24.171+0000] {logging_mixin.py:188} INFO - [2026-08-26T18:46:24.171+0000] {dag.py:3834} INFO - Setting next_dagrun for example_params_trigger_ui to None, run_after=None
[2026-08-26T18:46:24.196+0000] {processor.py:183} INFO - Processing /home/airflow/.local/lib/python3.8/site-packages/airflow/example_dags/example_params_trigger_ui.py took 0.146 seconds
[2026-08-26T18:46:54.632+0000] {processor.py:161} INFO - Started process (PID=6685) to work on /home/airflow/.local/lib/python3.8/site-packages/airflow/example_dags/example_params_trigger_ui.py
[2026-08-26T18:46:54.634+0000] {processor.py:830} INFO - Processing file /home/airflow/.local/lib/python3.8/site-packages/airflow/example_dags/example_params_trigger_ui.py for tasks to queue
[2026-08-26T18:46:54.637+0000] {logging_mixin.py:188} INFO - [2026-08-26T18:46:54.637+0000] {dagbag.py:540} INFO - Filling up the DagBag from /home/airflow/.local/lib/python3.8/site-packages/airflow/example_dags/example_params_trigger_ui.py
[2026-08-26T18:46:54.656+0000] {processor.py:840} INFO - DAG(s) 'example_params_trigger_ui' retrieved from /home/airflow/.local/lib/python3.8/site-packages/airflow/example_dags/example_params_trigger_ui.py
[2026-08-26T18:46:54.725+0000] {logging_mixin.py:188} INFO - [2026-08-26T18:46:54.725+0000] {dag.py:3047} INFO - Sync 1 DAGs
[2026-08-26T18:46:54.743+0000] {logging_mixin.py:188} INFO - [2026-08-26T18:46:54.743+0000] {dag.py:3834} INFO - Setting next_dagrun for example_params_trigger_ui to None, run_after=None
[2026-08-26T18:46:54.771+0000] {processor.py:183} INFO - Processing /home/airflow/.local/lib/python3.8/site-packages/airflow/example_dags/example_params_trigger_ui.py took 0.145 seconds
[2026-08-26T18:47:25.538+0000] {processor.py:161} INFO - Started process (PID=6742) to work on /home/airflow/.local/lib/python3.8/site-packages/airflow/example_dags/example_params_trigger_ui.py
[2026-08-26T18:47:25.541+0000] {processor.py:830} INFO - Processing file /home/airflow/.local/lib/python3.8/site-packages/airflow/example_dags/example_params_trigger_ui.py for tasks to queue
[2026-08-26T18:47:25.545+0000] {logging_mixin.py:188} INFO - [2026-08-26T18:47:25.544+0000] {dagbag.py:540} INFO - Filling up the DagBag from /home/airflow/.local/lib/python3.8/site-packages/airflow/example_dags/example_params_trigger_ui.py
[2026-08-26T18:47:25.562+0000] {processor.py:840} INFO - DAG(s) 'example_params_trigger_ui' retrieved from /home/airflow/.local/lib/python3.8/site-packages/airflow/example_dags/example_params_trigger_ui.py
[2026-08-26T18:47:25.633+0000] {logging_mixin.py:188} INFO - [2026-08-26T18:47:25.633+0000] {dag.py:3047} INFO - Sync 1 DAGs
[2026-08-26T18:47:25.649+0000] {logging_mixin.py:188} INFO - [2026-08-26T18:47:25.649+0000] {dag.py:3834} INFO - Setting next_dagrun for example_params_trigger_ui to None, run_after=None
[2026-08-26T18:47:25.679+0000] {processor.py:183} INFO - Processing /home/airflow/.local/lib/python3.8/site-packages/airflow/example_dags/example_params_trigger_ui.py took 0.144 seconds
[2026-08-26T18:47:56.511+0000] {processor.py:161} INFO - Started process (PID=6799) to work on /home/airflow/.local/lib/python3.8/site-packages/airflow/example_dags/example_params_trigger_ui.py
[2026-08-26T18:47:56.513+0000] {processor.py:830} INFO - Processing file /home/airflow/.local/lib/python3.8/site-packages/airflow/example_dags/example_params_trigger_ui.py for tasks to queue
[2026-08-26T18:47:56.515+0000] {logging_mixin.py:188} INFO - [2026-08-26T18:47:56.515+0000] {dagbag.py:540} INFO - Filling up the DagBag from /home/airflow/.local/lib/python3.8/site-packages/airflow/example_dags/example_params_trigger_ui.py
[2026-08-26T18:47:56.533+0000] {processor.py:840} INFO - DAG(s) 'example_params_trigger_ui' retrieved from /home/airflow/.local/lib/python3.8/site-packages/airflow/example_dags/example_params_trigger_ui.py
[2026-08-26T18:47:56.608+0000] {logging_mixin.py:188} INFO - [2026-08-26T18:47:56.607+0000] {dag.py:3047} INFO - Sync 1 DAGs
[2026-08-26T18:47:56.626+0000] {logging_mixin.py:188} INFO - [2026-08-26T18:47:56.626+0000] {dag.py:3834} INFO - Setting next_dagrun for example_params_trigger_ui to None, run_after=None
[2026-08-26T18:47:56.651+0000] {processor.py:183} INFO - Processing /home/airflow/.local/lib/python3.8/site-packages/airflow/example_dags/example_params_trigger_ui.py took 0.144 seconds
[2026-08-26T18:48:26.989+0000] {processor.py:161} INFO - Started process (PID=6856) to work on /home/airflow/.local/lib/python3.8/site-packages/airflow/example_dags/example_params_trigger_ui.py
[2026-08-26T18:48:26.991+0000] {processor.py:830} INFO - Processing file /home/airflow/.local/lib/python3.8/site-packages/airflow/example_dags/example_params_trigger_ui.py for tasks to queue
[2026-08-26T18:48:26.995+0000] {logging_mixin.py:188} INFO - [2026-08-26T18:48:26.994+0000] {dagbag.py:540} INFO - Filling up the DagBag from /home/airflow/.local/lib/python3.8/site-packages/airflow/example_dags/example_params_trigger_ui.py
[2026-08-26T18:48:27.017+0000] {processor.py:840} INFO - DAG(s) 'example_params_trigger_ui' retrieved from /home/airflow/.local/lib/python3.8/site-packages/airflow/example_dags/example_params_trigger_ui.py
[2026-08-26T18:48:27.085+0000] {logging_mixin.py:188} INFO - [2026-08-26T18:48:27.085+0000] {dag.py:3047} INFO - Sync 1 DAGs
[2026-08-26T18:48:27.104+0000] {logging_mixin.py:188} INFO - [2026-08-26T18:48:27.104+0000] {dag.py:3834} INFO - Setting next_dagrun for example_params_trigger_ui to None, run_after=None
[2026-08-26T18:48:27.129+0000] {processor.py:183} INFO - Processing /home/airflow/.local/lib/python3.8/site-packages/airflow/example_dags/example_params_trigger_ui.py took 0.145 seconds
[2026-08-26T18:48:57.364+0000] {processor.py:161} INFO - Started process (PID=6913) to work on /home/airflow/.local/lib/python3.8/site-packages/airflow/example_dags/example_params_trigger_ui.py
[2026-08-26T18:48:57.366+0000] {processor.py:830} INFO - Processing file /home/airflow/.local/lib/python3.8/site-packages/airflow/example_dags/example_params_trigger_ui.py for tasks to queue
[2026-08-26T18:48:57.370+0000] {logging_mixin.py:188} INFO - [2026-08-26T18:48:57.369+0000] {dagbag.py:540} INFO - Filling up the DagBag from /home/airflow/.local/lib/python3.8/site-packages/airflow/example_dags/example_params_trigger_ui.py
[2026-08-26T18:48:57.388+0000] {processor.py:840} INFO - DAG(s) 'example_params_trigger_ui' retrieved from /home/airflow/.local/lib/python3.8/site-packages/airflow/example_dags/example_params_trigger_ui.py
[2026-08-26T18:48:57.459+0000] {logging_mixin.py:188} INFO - [2026-08-26T18:48:57.459+0000] {dag.py:3047} INFO - Sync 1 DAGs
[2026-08-26T18:48:57.485+0000] {logging_mixin.py:188} INFO - [2026-08-26T18:48:57.485+0000] {dag.py:3834} INFO - Setting next_dagrun for example_params_trigger_ui to None, run_after=None
[2026-08-26T18:48:57.511+0000] {processor.py:183} INFO - Processing /home/airflow/.local/lib/python3.8/site-packages/airflow/example_dags/example_params_trigger_ui.py took 0.151 seconds
[2026-08-26T18:49:27.675+0000] {processor.py:161} INFO - Started process (PID=6970) to work on /home/airflow/.local/lib/python3.8/site-packages/airflow/example_dags/example_params_trigger_ui.py
[2026-08-26T18:49:27.677+0000] {processor.py:830} INFO - Processing file /home/airflow/.local/lib/python3.8/site-packages/airflow/example_dags/example_params_trigger_ui.py for tasks to queue
[2026-08-26T18:49:27.679+0000] {logging_mixin.py:188} INFO - [2026-08-26T18:49:27.679+0000] {dagbag.py:540} INFO - Filling up the DagBag from /home/airflow/.local/lib/python3.8/site-packages/airflow/example_dags/example_params_trigger_ui.py
[2026-08-26T18:49:27.702+0000] {processor.py:840} INFO - DAG(s) 'example_params_trigger_ui' retrieved from /home/airflow/.local/lib/python3.8/site-packages/airflow/example_dags/example_params_trigger_ui.py
[2026-08-26T18:49:27.767+0000] {logging_mixin.py:188} INFO - [2026-08-26T18:49:27.767+0000] {dag.py:3047} INFO - Sync 1 DAGs
[2026-08-26T18:49:27.785+0000] {logging_mixin.py:188} INFO - [2026-08-26T18:49:27.784+0000] {dag.py:3834} INFO - Setting next_dagrun for example_params_trigger_ui to None, run_after=None
[2026-08-26T18:49:27.809+0000] {processor.py:183} INFO - Processing /home/airflow/.local/lib/python3.8/site-packages/airflow/example_dags/example_params_trigger_ui.py took 0.139 seconds
[2026-08-26T18:49:57.903+0000] {processor.py:161} INFO - Started process (PID=7027) to work on /home/airflow/.local/lib/python3.8/site-packages/airflow/example_dags/example_params_trigger_ui.py
[2026-08-26T18:49:57.905+0000] {processor.py:830} INFO - Processing file /home/airflow/.local/lib/python3.8/site-packages/airflow/example_dags/example_params_trigger_ui.py for tasks to queue
[2026-08-26T18:49:57.907+0000] {logging_mixin.py:188} INFO - [2026-08-26T18:49:57.907+0000] {dagbag.py:540} INFO - Filling up the DagBag from /home/airflow/.local/lib/python3.8/site-packages/airflow/example_dags/example_params_trigger_ui.py
[2026-08-26T18:49:57.923+0000] {processor.py:840} INFO - DAG(s) 'example_params_trigger_ui' retrieved from /home/airflow/.local/lib/python3.8/site-packages/airflow/example_dags/example_params_trigger_ui.py
[2026-08-26T18:49:57.994+0000] {logging_mixin.py:188} INFO - [2026-08-26T18:49:57.993+0000] {dag.py:3047} INFO - Sync 1 DAGs
[2026-08-26T18:49:58.012+0000] {logging_mixin.py:188} INFO - [2026-08-26T18:49:58.011+0000] {dag.py:3834} INFO - Setting next_dagrun for example_params_trigger_ui to None, run_after=None
[2026-08-26T18:49:58.041+0000] {processor.py:183} INFO - Processing /home/airflow/.local/lib/python3.8/site-packages/airflow/example_dags/example_params_trigger_ui.py took 0.142 seconds
[2026-08-26T18:50:28.228+0000] {processor.py:161} INFO - Started process (PID=7084) to work on /home/airflow/.local/lib/python3.8/site-packages/airflow/example_dags/example_params_trigger_ui.py
[2026-08-26T18:50:28.230+0000] {processor.py:830} INFO - Processing file /home/airflow/.local/lib/python3.8/site-packages/airflow/example_dags/example_params_trigger_ui.py for tasks to queue
[2026-08-26T18:50:28.233+0000] {logging_mixin.py:188} INFO - [2026-08-26T18:50:28.232+0000] {dagbag.py:540} INFO - Filling up the DagBag from /home/airflow/.local/lib/python3.8/site-packages/airflow/example_dags/example_params_trigger_ui.py
[2026-08-26T18:50:28.250+0000] {processor.py:840} INFO - DAG(s) 'example_params_trigger_ui' retrieved from /home/airflow/.local/lib/python3.8/site-packages/airflow/example_dags/example_params_trigger_ui.py
[2026-08-26T18:50:28.325+0000] {logging_mixin.py:188} INFO - [2026-08-26T18:50:28.324+0000] {dag.py:3047} INFO - Sync 1 DAGs
[2026-08-26T18:50:28.339+0000] {logging_mixin.py:188} INFO - [2026-08-26T18:50:28.339+0000] {dag.py:3834} INFO - Setting next_dagrun for example_params_trigger_ui to None, run_after=None
[2026-08-26T18:50:28.367+0000] {processor.py:183} INFO - Processing /home/airflow/.local/lib/python3.8/site-packages/airflow/example_dags/example_params_trigger_ui.py took 0.145 seconds
[2026-08-26T18:50:58.730+0000] {processor.py:161} INFO - Started process (PID=7142) to work on /home/airflow/.local/lib/python3.8/site-packages/airflow/example_dags/example_params_trigger_ui.py
[2026-08-26T18:50:58.732+0000] {processor.py:830} INFO - Processing file /home/airflow/.local/lib/python3.8/site-packages/airflow/example_dags/example_params_trigger_ui.py for tasks to queue
[2026-08-26T18:50:58.734+0000] {logging_mixin.py:188} INFO - [2026-08-26T18:50:58.734+0000] {dagbag.py:540} INFO - Filling up the DagBag from /home/airflow/.local/lib/python3.8/site-packages/airflow/example_dags/example_params_trigger_ui.py
[2026-08-26T18:50:58.750+0000] {processor.py:840} INFO - DAG(s) 'example_params_trigger_ui' retrieved from /home/airflow/.local/lib/python3.8/site-packages/airflow/example_dags/example_params_trigger_ui.py
[2026-08-26T18:50:58.816+0000] {logging_mixin.py:188} INFO - [2026-08-26T18:50:58.816+0000] {dag.py:3047} INFO - Sync 1 DAGs
[2026-08-26T18:50:58.835+0000] {logging_mixin.py:188} INFO - [2026-08-26T18:50:58.835+0000] {dag.py:3834} INFO - Setting next_dagrun for example_params_trigger_ui to None, run_after=None
[2026-08-26T18:50:58.862+0000] {processor.py:183} INFO - Processing /home/airflow/.local/lib/python3.8/site-packages/airflow/example_dags/example_params_trigger_ui.py took 0.136 seconds
[2026-08-26T18:51:29.619+0000] {processor.py:161} INFO - Started process (PID=7198) to work on /home/airflow/.local/lib/python3.8/site-packages/airflow/example_dags/example_params_trigger_ui.py
[2026-08-26T18:51:29.621+0000] {processor.py:830} INFO - Processing file /home/airflow/.local/lib/python3.8/site-packages/airflow/example_dags/example_params_trigger_ui.py for tasks to queue
[2026-08-26T18:51:29.624+0000] {logging_mixin.py:188} INFO - [2026-08-26T18:51:29.624+0000] {dagbag.py:540} INFO - Filling up the DagBag from /home/airflow/.local/lib/python3.8/site-packages/airflow/example_dags/example_params_trigger_ui.py
[2026-08-26T18:51:29.643+0000] {processor.py:840} INFO - DAG(s) 'example_params_trigger_ui' retrieved from /home/airflow/.local/lib/python3.8/site-packages/airflow/example_dags/example_params_trigger_ui.py
[2026-08-26T18:51:29.715+0000] {logging_mixin.py:188} INFO - [2026-08-26T18:51:29.715+0000] {dag.py:3047} INFO - Sync 1 DAGs
[2026-08-26T18:51:29.731+0000] {logging_mixin.py:188} INFO - [2026-08-26T18:51:29.730+0000] {dag.py:3834} INFO - Setting next_dagrun for example_params_trigger_ui to None, run_after=None
[2026-08-26T18:51:29.755+0000] {processor.py:183} INFO - Processing /home/airflow/.local/lib/python3.8/site-packages/airflow/example_dags/example_params_trigger_ui.py took 0.140 seconds
[2026-08-26T18:52:00.901+0000] {processor.py:161} INFO - Started process (PID=7255) to work on /home/airflow/.local/lib/python3.8/site-packages/airflow/example_dags/example_params_trigger_ui.py
[2026-08-26T18:52:00.903+0000] {processor.py:830} INFO - Processing file /home/airflow/.local/lib/python3.8/site-packages/airflow/example_dags/example_params_trigger_ui.py for tasks to queue
[2026-08-26T18:52:00.906+0000] {logging_mixin.py:188} INFO - [2026-08-26T18:52:00.905+0000] {dagbag.py:540} INFO - Filling up the DagBag from /home/airflow/.local/lib/python3.8/site-packages/airflow/example_dags/example_params_trigger_ui.py
[2026-08-26T18:52:00.921+0000] {processor.py:840} INFO - DAG(s) 'example_params_trigger_ui' retrieved from /home/airflow/.local/lib/python3.8/site-packages/airflow/example_dags/example_params_trigger_ui.py
[2026-08-26T18:52:00.989+0000] {logging_mixin.py:188} INFO - [2026-08-26T18:52:00.988+0000] {dag.py:3047} INFO - Sync 1 DAGs
[2026-08-26T18:52:01.003+0000] {logging_mixin.py:188} INFO - [2026-08-26T18:52:01.003+0000] {dag.py:3834} INFO - Setting next_dagrun for example_params_trigger_ui to None, run_after=None
[2026-08-26T18:52:01.025+0000] {processor.py:183} INFO - Processing /home/airflow/.local/lib/python3.8/site-packages/airflow/example_dags/example_params_trigger_ui.py took 0.129 seconds
[2026-08-26T18:52:31.757+0000] {processor.py:161} INFO - Started process (PID=7312) to work on /home/airflow/.local/lib/python3.8/site-packages/airflow/example_dags/example_params_trigger_ui.py
[2026-08-26T18:52:31.759+0000] {processor.py:830} INFO - Processing file /home/airflow/.local/lib/python3.8/site-packages/airflow/example_dags/example_params_trigger_ui.py for tasks to queue
[2026-08-26T18:52:31.763+0000] {logging_mixin.py:188} INFO - [2026-08-26T18:52:31.762+0000] {dagbag.py:540} INFO - Filling up the DagBag from /home/airflow/.local/lib/python3.8/site-packages/airflow/example_dags/example_params_trigger_ui.py
[2026-08-26T18:52:31.785+0000] {processor.py:840} INFO - DAG(s) 'example_params_trigger_ui' retrieved from /home/airflow/.local/lib/python3.8/site-packages/airflow/example_dags/example_params_trigger_ui.py
[2026-08-26T18:52:31.860+0000] {logging_mixin.py:188} INFO - [2026-08-26T18:52:31.859+0000] {dag.py:3047} INFO - Sync 1 DAGs
[2026-08-26T18:52:31.877+0000] {logging_mixin.py:188} INFO - [2026-08-26T18:52:31.877+0000] {dag.py:3834} INFO - Setting next_dagrun for example_params_trigger_ui to None, run_after=None
[2026-08-26T18:52:31.901+0000] {processor.py:183} INFO - Processing /home/airflow/.local/lib/python3.8/site-packages/airflow/example_dags/example_params_trigger_ui.py took 0.148 seconds
[2026-08-26T18:53:02.484+0000] {processor.py:161} INFO - Started process (PID=7369) to work on /home/airflow/.local/lib/python3.8/site-packages/airflow/example_dags/example_params_trigger_ui.py
[2026-08-26T18:53:02.486+0000] {processor.py:830} INFO - Processing file /home/airflow/.local/lib/python3.8/site-packages/airflow/example_dags/example_params_trigger_ui.py for tasks to queue
[2026-08-26T18:53:02.490+0000] {logging_mixin.py:188} INFO - [2026-08-26T18:53:02.490+0000] {dagbag.py:540} INFO - Filling up the DagBag from /home/airflow/.local/lib/python3.8/site-packages/airflow/example_dags/example_params_trigger_ui.py
[2026-08-26T18:53:02.510+0000] {processor.py:840} INFO - DAG(s) 'example_params_trigger_ui' retrieved from /home/airflow/.local/lib/python3.8/site-packages/airflow/example_dags/example_params_trigger_ui.py
[2026-08-26T18:53:02.586+0000] {logging_mixin.py:188} INFO - [2026-08-26T18:53:02.586+0000] {dag.py:3047} INFO - Sync 1 DAGs
[2026-08-26T18:53:02.607+0000] {logging_mixin.py:188} INFO - [2026-08-26T18:53:02.606+0000] {dag.py:3834} INFO - Setting next_dagrun for example_params_trigger_ui to None, run_after=None
[2026-08-26T18:53:02.632+0000] {processor.py:183} INFO - Processing /home/airflow/.local/lib/python3.8/site-packages/airflow/example_dags/example_params_trigger_ui.py took 0.154 seconds
[2026-08-26T18:53:32.757+0000] {processor.py:161} INFO - Started process (PID=7426) to work on /home/airflow/.local/lib/python3.8/site-packages/airflow/example_dags/example_params_trigger_ui.py
[2026-08-26T18:53:32.759+0000] {processor.py:830} INFO - Processing file /home/airflow/.local/lib/python3.8/site-packages/airflow/example_dags/example_params_trigger_ui.py for tasks to queue
[2026-08-26T18:53:32.762+0000] {logging_mixin.py:188} INFO - [2026-08-26T18:53:32.761+0000] {dagbag.py:540} INFO - Filling up the DagBag from /home/airflow/.local/lib/python3.8/site-packages/airflow/example_dags/example_params_trigger_ui.py
[2026-08-26T18:53:32.793+0000] {processor.py:840} INFO - DAG(s) 'example_params_trigger_ui' retrieved from /home/airflow/.local/lib/python3.8/site-packages/airflow/example_dags/example_params_trigger_ui.py
[2026-08-26T18:53:32.869+0000] {logging_mixin.py:188} INFO - [2026-08-26T18:53:32.869+0000] {dag.py:3047} INFO - Sync 1 DAGs
[2026-08-26T18:53:32.886+0000] {logging_mixin.py:188} INFO - [2026-08-26T18:53:32.885+0000] {dag.py:3834} INFO - Setting next_dagrun for example_params_trigger_ui to None, run_after=None
[2026-08-26T18:53:32.914+0000] {processor.py:183} INFO - Processing /home/airflow/.local/lib/python3.8/site-packages/airflow/example_dags/example_params_trigger_ui.py took 0.163 seconds
[2026-08-26T18:54:03.135+0000] {processor.py:161} INFO - Started process (PID=7484) to work on /home/airflow/.local/lib/python3.8/site-packages/airflow/example_dags/example_params_trigger_ui.py
[2026-08-26T18:54:03.136+0000] {processor.py:830} INFO - Processing file /home/airflow/.local/lib/python3.8/site-packages/airflow/example_dags/example_params_trigger_ui.py for tasks to queue
[2026-08-26T18:54:03.139+0000] {logging_mixin.py:188} INFO - [2026-08-26T18:54:03.138+0000] {dagbag.py:540} INFO - Filling up the DagBag from /home/airflow/.local/lib/python3.8/site-packages/airflow/example_dags/example_params_trigger_ui.py
[2026-08-26T18:54:03.163+0000] {processor.py:840} INFO - DAG(s) 'example_params_trigger_ui' retrieved from /home/airflow/.local/lib/python3.8/site-packages/airflow/example_dags/example_params_trigger_ui.py
[2026-08-26T18:54:03.242+0000] {logging_mixin.py:188} INFO - [2026-08-26T18:54:03.242+0000] {dag.py:3047} INFO - Sync 1 DAGs
[2026-08-26T18:54:03.259+0000] {logging_mixin.py:188} INFO - [2026-08-26T18:54:03.259+0000] {dag.py:3834} INFO - Setting next_dagrun for example_params_trigger_ui to None, run_after=None
[2026-08-26T18:54:03.287+0000] {processor.py:183} INFO - Processing /home/airflow/.local/lib/python3.8/site-packages/airflow/example_dags/example_params_trigger_ui.py took 0.157 seconds
[2026-08-26T18:54:34.117+0000] {processor.py:161} INFO - Started process (PID=7540) to work on /home/airflow/.local/lib/python3.8/site-packages/airflow/example_dags/example_params_trigger_ui.py
[2026-08-26T18:54:34.120+0000] {processor.py:830} INFO - Processing file /home/airflow/.local/lib/python3.8/site-packages/airflow/example_dags/example_params_trigger_ui.py for tasks to queue
[2026-08-26T18:54:34.123+0000] {logging_mixin.py:188} INFO - [2026-08-26T18:54:34.123+0000] {dagbag.py:540} INFO - Filling up the DagBag from /home/airflow/.local/lib/python3.8/site-packages/airflow/example_dags/example_params_trigger_ui.py
[2026-08-26T18:54:34.139+0000] {processor.py:840} INFO - DAG(s) 'example_params_trigger_ui' retrieved from /home/airflow/.local/lib/python3.8/site-packages/airflow/example_dags/example_params_trigger_ui.py
[2026-08-26T18:54:34.205+0000] {logging_mixin.py:188} INFO - [2026-08-26T18:54:34.205+0000] {dag.py:3047} INFO - Sync 1 DAGs
[2026-08-26T18:54:34.222+0000] {logging_mixin.py:188} INFO - [2026-08-26T18:54:34.221+0000] {dag.py:3834} INFO - Setting next_dagrun for example_params_trigger_ui to None, run_after=None
[2026-08-26T18:54:34.250+0000] {processor.py:183} INFO - Processing /home/airflow/.local/lib/python3.8/site-packages/airflow/example_dags/example_params_trigger_ui.py took 0.137 seconds
[2026-08-26T18:55:04.659+0000] {processor.py:161} INFO - Started process (PID=7597) to work on /home/airflow/.local/lib/python3.8/site-packages/airflow/example_dags/example_params_trigger_ui.py
[2026-08-26T18:55:04.660+0000] {processor.py:830} INFO - Processing file /home/airflow/.local/lib/python3.8/site-packages/airflow/example_dags/example_params_trigger_ui.py for tasks to queue
[2026-08-26T18:55:04.663+0000] {logging_mixin.py:188} INFO - [2026-08-26T18:55:04.663+0000] {dagbag.py:540} INFO - Filling up the DagBag from /home/airflow/.local/lib/python3.8/site-packages/airflow/example_dags/example_params_trigger_ui.py
[2026-08-26T18:55:04.678+0000] {processor.py:840} INFO - DAG(s) 'example_params_trigger_ui' retrieved from /home/airflow/.local/lib/python3.8/site-packages/airflow/example_dags/example_params_trigger_ui.py
[2026-08-26T18:55:04.747+0000] {logging_mixin.py:188} INFO - [2026-08-26T18:55:04.746+0000] {dag.py:3047} INFO - Sync 1 DAGs
[2026-08-26T18:55:04.763+0000] {logging_mixin.py:188} INFO - [2026-08-26T18:55:04.763+0000] {dag.py:3834} INFO - Setting next_dagrun for example_params_trigger_ui to None, run_after=None
[2026-08-26T18:55:04.790+0000] {processor.py:183} INFO - Processing /home/airflow/.local/lib/python3.8/site-packages/airflow/example_dags/example_params_trigger_ui.py took 0.134 seconds
[2026-08-26T18:55:35.490+0000] {processor.py:161} INFO - Started process (PID=7654) to work on /home/airflow/.local/lib/python3.8/site-packages/airflow/example_dags/example_params_trigger_ui.py
[2026-08-26T18:55:35.492+0000] {processor.py:830} INFO - Processing file /home/airflow/.local/lib/python3.8/site-packages/airflow/example_dags/example_params_trigger_ui.py for tasks to queue
[2026-08-26T18:55:35.494+0000] {logging_mixin.py:188} INFO - [2026-08-26T18:55:35.494+0000] {dagbag.py:540} INFO - Filling up the DagBag from /home/airflow/.local/lib/python3.8/site-packages/airflow/example_dags/example_params_trigger_ui.py
[2026-08-26T18:55:35.509+0000] {processor.py:840} INFO - DAG(s) 'example_params_trigger_ui' retrieved from /home/airflow/.local/lib/python3.8/site-packages/airflow/example_dags/example_params_trigger_ui.py
[2026-08-26T18:55:35.586+0000] {logging_mixin.py:188} INFO - [2026-08-26T18:55:35.586+0000] {dag.py:3047} INFO - Sync 1 DAGs
[2026-08-26T18:55:35.603+0000] {logging_mixin.py:188} INFO - [2026-08-26T18:55:35.602+0000] {dag.py:3834} INFO - Setting next_dagrun for example_params_trigger_ui to None, run_after=None
[2026-08-26T18:55:35.629+0000] {processor.py:183} INFO - Processing /home/airflow/.local/lib/python3.8/site-packages/airflow/example_dags/example_params_trigger_ui.py took 0.143 seconds
[2026-08-26T18:56:05.751+0000] {processor.py:161} INFO - Started process (PID=7712) to work on /home/airflow/.local/lib/python3.8/site-packages/airflow/example_dags/example_params_trigger_ui.py
[2026-08-26T18:56:05.754+0000] {processor.py:830} INFO - Processing file /home/airflow/.local/lib/python3.8/site-packages/airflow/example_dags/example_params_trigger_ui.py for tasks to queue
[2026-08-26T18:56:05.757+0000] {logging_mixin.py:188} INFO - [2026-08-26T18:56:05.756+0000] {dagbag.py:540} INFO - Filling up the DagBag from /home/airflow/.local/lib/python3.8/site-packages/airflow/example_dags/example_params_trigger_ui.py
[2026-08-26T18:56:05.777+0000] {processor.py:840} INFO - DAG(s) 'example_params_trigger_ui' retrieved from /home/airflow/.local/lib/python3.8/site-packages/airflow/example_dags/example_params_trigger_ui.py
[2026-08-26T18:56:05.846+0000] {logging_mixin.py:188} INFO - [2026-08-26T18:56:05.845+0000] {dag.py:3047} INFO - Sync 1 DAGs
[2026-08-26T18:56:05.862+0000] {logging_mixin.py:188} INFO - [2026-08-26T18:56:05.862+0000] {dag.py:3834} INFO - Setting next_dagrun for example_params_trigger_ui to None, run_after=None
[2026-08-26T18:56:05.886+0000] {processor.py:183} INFO - Processing /home/airflow/.local/lib/python3.8/site-packages/airflow/example_dags/example_params_trigger_ui.py took 0.140 seconds
[2026-08-26T18:56:36.052+0000] {processor.py:161} INFO - Started process (PID=7768) to work on /home/airflow/.local/lib/python3.8/site-packages/airflow/example_dags/example_params_trigger_ui.py
[2026-08-26T18:56:36.054+0000] {processor.py:830} INFO - Processing file /home/airflow/.local/lib/python3.8/site-packages/airflow/example_dags/example_params_trigger_ui.py for tasks to queue
[2026-08-26T18:56:36.057+0000] {logging_mixin.py:188} INFO - [2026-08-26T18:56:36.057+0000] {dagbag.py:540} INFO - Filling up the DagBag from /home/airflow/.local/lib/python3.8/site-packages/airflow/example_dags/example_params_trigger_ui.py
[2026-08-26T18:56:36.075+0000] {processor.py:840} INFO - DAG(s) 'example_params_trigger_ui' retrieved from /home/airflow/.local/lib/python3.8/site-packages/airflow/example_dags/example_params_trigger_ui.py
[2026-08-26T18:56:36.140+0000] {logging_mixin.py:188} INFO - [2026-08-26T18:56:36.140+0000] {dag.py:3047} INFO - Sync 1 DAGs
[2026-08-26T18:56:36.155+0000] {logging_mixin.py:188} INFO - [2026-08-26T18:56:36.155+0000] {dag.py:3834} INFO - Setting next_dagrun for example_params_trigger_ui to None, run_after=None
[2026-08-26T18:56:36.178+0000] {processor.py:183} INFO - Processing /home/airflow/.local/lib/python3.8/site-packages/airflow/example_dags/example_params_trigger_ui.py took 0.129 seconds
[2026-08-26T18:57:06.290+0000] {processor.py:161} INFO - Started process (PID=7825) to work on /home/airflow/.local/lib/python3.8/site-packages/airflow/example_dags/example_params_trigger_ui.py
[2026-08-26T18:57:06.292+0000] {processor.py:830} INFO - Processing file /home/airflow/.local/lib/python3.8/site-packages/airflow/example_dags/example_params_trigger_ui.py for tasks to queue
[2026-08-26T18:57:06.295+0000] {logging_mixin.py:188} INFO - [2026-08-26T18:57:06.294+0000] {dagbag.py:540} INFO - Filling up the DagBag from /home/airflow/.local/lib/python3.8/site-packages/airflow/example_dags/example_params_trigger_ui.py
[2026-08-26T18:57:06.311+0000] {processor.py:840} INFO - DAG(s) 'example_params_trigger_ui' retrieved from /home/airflow/.local/lib/python3.8/site-packages/airflow/example_dags/example_params_trigger_ui.py
[2026-08-26T18:57:06.376+0000] {logging_mixin.py:188} INFO - [2026-08-26T18:57:06.375+0000] {dag.py:3047} INFO - Sync 1 DAGs
[2026-08-26T18:57:06.392+0000] {logging_mixin.py:188} INFO - [2026-08-26T18:57:06.392+0000] {dag.py:3834} INFO - Setting next_dagrun for example_params_trigger_ui to None, run_after=None
[2026-08-26T18:57:06.416+0000] {processor.py:183} INFO - Processing /home/airflow/.local/lib/python3.8/site-packages/airflow/example_dags/example_params_trigger_ui.py took 0.130 seconds
[2026-08-26T18:57:37.062+0000] {processor.py:161} INFO - Started process (PID=7882) to work on /home/airflow/.local/lib/python3.8/site-packages/airflow/example_dags/example_params_trigger_ui.py
[2026-08-26T18:57:37.063+0000] {processor.py:830} INFO - Processing file /home/airflow/.local/lib/python3.8/site-packages/airflow/example_dags/example_params_trigger_ui.py for tasks to queue
[2026-08-26T18:57:37.066+0000] {logging_mixin.py:188} INFO - [2026-08-26T18:57:37.066+0000] {dagbag.py:540} INFO - Filling up the DagBag from /home/airflow/.local/lib/python3.8/site-packages/airflow/example_dags/example_params_trigger_ui.py
[2026-08-26T18:57:37.081+0000] {processor.py:840} INFO - DAG(s) 'example_params_trigger_ui' retrieved from /home/airflow/.local/lib/python3.8/site-packages/airflow/example_dags/example_params_trigger_ui.py
[2026-08-26T18:57:37.143+0000] {logging_mixin.py:188} INFO - [2026-08-26T18:57:37.142+0000] {dag.py:3047} INFO - Sync 1 DAGs
[2026-08-26T18:57:37.161+0000] {logging_mixin.py:188} INFO - [2026-08-26T18:57:37.161+0000] {dag.py:3834} INFO - Setting next_dagrun for example_params_trigger_ui to None, run_after=None
[2026-08-26T18:57:37.184+0000] {processor.py:183} INFO - Processing /home/airflow/.local/lib/python3.8/site-packages/airflow/example_dags/example_params_trigger_ui.py took 0.125 seconds
[2026-08-26T18:58:07.426+0000] {processor.py:161} INFO - Started process (PID=7939) to work on /home/airflow/.local/lib/python3.8/site-packages/airflow/example_dags/example_params_trigger_ui.py
[2026-08-26T18:58:07.427+0000] {processor.py:830} INFO - Processing file /home/airflow/.local/lib/python3.8/site-packages/airflow/example_dags/example_params_trigger_ui.py for tasks to queue
[2026-08-26T18:58:07.430+0000] {logging_mixin.py:188} INFO - [2026-08-26T18:58:07.429+0000] {dagbag.py:540} INFO - Filling up the DagBag from /home/airflow/.local/lib/python3.8/site-packages/airflow/example_dags/example_params_trigger_ui.py
[2026-08-26T18:58:07.445+0000] {processor.py:840} INFO - DAG(s) 'example_params_trigger_ui' retrieved from /home/airflow/.local/lib/python3.8/site-packages/airflow/example_dags/example_params_trigger_ui.py
[2026-08-26T18:58:07.507+0000] {logging_mixin.py:188} INFO - [2026-08-26T18:58:07.507+0000] {dag.py:3047} INFO - Sync 1 DAGs
[2026-08-26T18:58:07.527+0000] {logging_mixin.py:188} INFO - [2026-08-26T18:58:07.527+0000] {dag.py:3834} INFO - Setting next_dagrun for example_params_trigger_ui to None, run_after=None
[2026-08-26T18:58:07.553+0000] {processor.py:183} INFO - Processing /home/airflow/.local/lib/python3.8/site-packages/airflow/example_dags/example_params_trigger_ui.py took 0.132 seconds
[2026-08-26T18:58:37.599+0000] {processor.py:161} INFO - Started process (PID=7996) to work on /home/airflow/.local/lib/python3.8/site-packages/airflow/example_dags/example_params_trigger_ui.py
[2026-08-26T18:58:37.601+0000] {processor.py:830} INFO - Processing file /home/airflow/.local/lib/python3.8/site-packages/airflow/example_dags/example_params_trigger_ui.py for tasks to queue
[2026-08-26T18:58:37.605+0000] {logging_mixin.py:188} INFO - [2026-08-26T18:58:37.604+0000] {dagbag.py:540} INFO - Filling up the DagBag from /home/airflow/.local/lib/python3.8/site-packages/airflow/example_dags/example_params_trigger_ui.py
[2026-08-26T18:58:37.625+0000] {processor.py:840} INFO - DAG(s) 'example_params_trigger_ui' retrieved from /home/airflow/.local/lib/python3.8/site-packages/airflow/example_dags/example_params_trigger_ui.py
[2026-08-26T18:58:37.699+0000] {logging_mixin.py:188} INFO - [2026-08-26T18:58:37.698+0000] {dag.py:3047} INFO - Sync 1 DAGs
[2026-08-26T18:58:37.717+0000] {logging_mixin.py:188} INFO - [2026-08-26T18:58:37.717+0000] {dag.py:3834} INFO - Setting next_dagrun for example_params_trigger_ui to None, run_after=None
[2026-08-26T18:58:37.741+0000] {processor.py:183} INFO - Processing /home/airflow/.local/lib/python3.8/site-packages/airflow/example_dags/example_params_trigger_ui.py took 0.148 seconds
[2026-08-26T18:59:08.459+0000] {processor.py:161} INFO - Started process (PID=8053) to work on /home/airflow/.local/lib/python3.8/site-packages/airflow/example_dags/example_params_trigger_ui.py
[2026-08-26T18:59:08.461+0000] {processor.py:830} INFO - Processing file /home/airflow/.local/lib/python3.8/site-packages/airflow/example_dags/example_params_trigger_ui.py for tasks to queue
[2026-08-26T18:59:08.464+0000] {logging_mixin.py:188} INFO - [2026-08-26T18:59:08.463+0000] {dagbag.py:540} INFO - Filling up the DagBag from /home/airflow/.local/lib/python3.8/site-packages/airflow/example_dags/example_params_trigger_ui.py
[2026-08-26T18:59:08.485+0000] {processor.py:840} INFO - DAG(s) 'example_params_trigger_ui' retrieved from /home/airflow/.local/lib/python3.8/site-packages/airflow/example_dags/example_params_trigger_ui.py
[2026-08-26T18:59:08.554+0000] {logging_mixin.py:188} INFO - [2026-08-26T18:59:08.554+0000] {dag.py:3047} INFO - Sync 1 DAGs
[2026-08-26T18:59:08.569+0000] {logging_mixin.py:188} INFO - [2026-08-26T18:59:08.569+0000] {dag.py:3834} INFO - Setting next_dagrun for example_params_trigger_ui to None, run_after=None
[2026-08-26T18:59:08.593+0000] {processor.py:183} INFO - Processing /home/airflow/.local/lib/python3.8/site-packages/airflow/example_dags/example_params_trigger_ui.py took 0.139 seconds
[2026-08-26T18:59:38.702+0000] {processor.py:161} INFO - Started process (PID=8110) to work on /home/airflow/.local/lib/python3.8/site-packages/airflow/example_dags/example_params_trigger_ui.py
[2026-08-26T18:59:38.704+0000] {processor.py:830} INFO - Processing file /home/airflow/.local/lib/python3.8/site-packages/airflow/example_dags/example_params_trigger_ui.py for tasks to queue
[2026-08-26T18:59:38.706+0000] {logging_mixin.py:188} INFO - [2026-08-26T18:59:38.706+0000] {dagbag.py:540} INFO - Filling up the DagBag from /home/airflow/.local/lib/python3.8/site-packages/airflow/example_dags/example_params_trigger_ui.py
[2026-08-26T18:59:38.722+0000] {processor.py:840} INFO - DAG(s) 'example_params_trigger_ui' retrieved from /home/airflow/.local/lib/python3.8/site-packages/airflow/example_dags/example_params_trigger_ui.py
[2026-08-26T18:59:38.795+0000] {logging_mixin.py:188} INFO - [2026-08-26T18:59:38.794+0000] {dag.py:3047} INFO - Sync 1 DAGs
[2026-08-26T18:59:38.812+0000] {logging_mixin.py:188} INFO - [2026-08-26T18:59:38.812+0000] {dag.py:3834} INFO - Setting next_dagrun for example_params_trigger_ui to None, run_after=None
[2026-08-26T18:59:38.838+0000] {processor.py:183} INFO - Processing /home/airflow/.local/lib/python3.8/site-packages/airflow/example_dags/example_params_trigger_ui.py took 0.140 seconds
[2026-08-26T19:00:09.332+0000] {processor.py:161} INFO - Started process (PID=8167) to work on /home/airflow/.local/lib/python3.8/site-packages/airflow/example_dags/example_params_trigger_ui.py
[2026-08-26T19:00:09.333+0000] {processor.py:830} INFO - Processing file /home/airflow/.local/lib/python3.8/site-packages/airflow/example_dags/example_params_trigger_ui.py for tasks to queue
[2026-08-26T19:00:09.336+0000] {logging_mixin.py:188} INFO - [2026-08-26T19:00:09.335+0000] {dagbag.py:540} INFO - Filling up the DagBag from /home/airflow/.local/lib/python3.8/site-packages/airflow/example_dags/example_params_trigger_ui.py
[2026-08-26T19:00:09.352+0000] {processor.py:840} INFO - DAG(s) 'example_params_trigger_ui' retrieved from /home/airflow/.local/lib/python3.8/site-packages/airflow/example_dags/example_params_trigger_ui.py
[2026-08-26T19:00:09.426+0000] {logging_mixin.py:188} INFO - [2026-08-26T19:00:09.426+0000] {dag.py:3047} INFO - Sync 1 DAGs
[2026-08-26T19:00:09.442+0000] {logging_mixin.py:188} INFO - [2026-08-26T19:00:09.442+0000] {dag.py:3834} INFO - Setting next_dagrun for example_params_trigger_ui to None, run_after=None
[2026-08-26T19:00:09.465+0000] {processor.py:183} INFO - Processing /home/airflow/.local/lib/python3.8/site-packages/airflow/example_dags/example_params_trigger_ui.py took 0.137 seconds
[2026-08-26T19:00:39.558+0000] {processor.py:161} INFO - Started process (PID=8224) to work on /home/airflow/.local/lib/python3.8/site-packages/airflow/example_dags/example_params_trigger_ui.py
[2026-08-26T19:00:39.561+0000] {processor.py:830} INFO - Processing file /home/airflow/.local/lib/python3.8/site-packages/airflow/example_dags/example_params_trigger_ui.py for tasks to queue
[2026-08-26T19:00:39.566+0000] {logging_mixin.py:188} INFO - [2026-08-26T19:00:39.565+0000] {dagbag.py:540} INFO - Filling up the DagBag from /home/airflow/.local/lib/python3.8/site-packages/airflow/example_dags/example_params_trigger_ui.py
[2026-08-26T19:00:39.605+0000] {processor.py:840} INFO - DAG(s) 'example_params_trigger_ui' retrieved from /home/airflow/.local/lib/python3.8/site-packages/airflow/example_dags/example_params_trigger_ui.py
[2026-08-26T19:00:39.694+0000] {logging_mixin.py:188} INFO - [2026-08-26T19:00:39.693+0000] {dag.py:3047} INFO - Sync 1 DAGs
[2026-08-26T19:00:39.717+0000] {logging_mixin.py:188} INFO - [2026-08-26T19:00:39.716+0000] {dag.py:3834} INFO - Setting next_dagrun for example_params_trigger_ui to None, run_after=None
[2026-08-26T19:00:39.745+0000] {processor.py:183} INFO - Processing /home/airflow/.local/lib/python3.8/site-packages/airflow/example_dags/example_params_trigger_ui.py took 0.194 seconds
[2026-08-26T19:01:09.908+0000] {processor.py:161} INFO - Started process (PID=8283) to work on /home/airflow/.local/lib/python3.8/site-packages/airflow/example_dags/example_params_trigger_ui.py
[2026-08-26T19:01:09.910+0000] {processor.py:830} INFO - Processing file /home/airflow/.local/lib/python3.8/site-packages/airflow/example_dags/example_params_trigger_ui.py for tasks to queue
[2026-08-26T19:01:09.912+0000] {logging_mixin.py:188} INFO - [2026-08-26T19:01:09.912+0000] {dagbag.py:540} INFO - Filling up the DagBag from /home/airflow/.local/lib/python3.8/site-packages/airflow/example_dags/example_params_trigger_ui.py
[2026-08-26T19:01:09.929+0000] {processor.py:840} INFO - DAG(s) 'example_params_trigger_ui' retrieved from /home/airflow/.local/lib/python3.8/site-packages/airflow/example_dags/example_params_trigger_ui.py
[2026-08-26T19:01:09.986+0000] {logging_mixin.py:188} INFO - [2026-08-26T19:01:09.985+0000] {dag.py:3047} INFO - Sync 1 DAGs
[2026-08-26T19:01:09.998+0000] {logging_mixin.py:188} INFO - [2026-08-26T19:01:09.998+0000] {dag.py:3834} INFO - Setting next_dagrun for example_params_trigger_ui to None, run_after=None
[2026-08-26T19:01:10.020+0000] {processor.py:183} INFO - Processing /home/airflow/.local/lib/python3.8/site-packages/airflow/example_dags/example_params_trigger_ui.py took 0.116 seconds
[2026-08-26T19:01:40.061+0000] {processor.py:161} INFO - Started process (PID=8341) to work on /home/airflow/.local/lib/python3.8/site-packages/airflow/example_dags/example_params_trigger_ui.py
[2026-08-26T19:01:40.065+0000] {processor.py:830} INFO - Processing file /home/airflow/.local/lib/python3.8/site-packages/airflow/example_dags/example_params_trigger_ui.py for tasks to queue
[2026-08-26T19:01:40.067+0000] {logging_mixin.py:188} INFO - [2026-08-26T19:01:40.067+0000] {dagbag.py:540} INFO - Filling up the DagBag from /home/airflow/.local/lib/python3.8/site-packages/airflow/example_dags/example_params_trigger_ui.py
[2026-08-26T19:01:40.090+0000] {processor.py:840} INFO - DAG(s) 'example_params_trigger_ui' retrieved from /home/airflow/.local/lib/python3.8/site-packages/airflow/example_dags/example_params_trigger_ui.py
[2026-08-26T19:01:40.152+0000] {logging_mixin.py:188} INFO - [2026-08-26T19:01:40.152+0000] {dag.py:3047} INFO - Sync 1 DAGs
[2026-08-26T19:01:40.166+0000] {logging_mixin.py:188} INFO - [2026-08-26T19:01:40.166+0000] {dag.py:3834} INFO - Setting next_dagrun for example_params_trigger_ui to None, run_after=None
[2026-08-26T19:01:40.190+0000] {processor.py:183} INFO - Processing /home/airflow/.local/lib/python3.8/site-packages/airflow/example_dags/example_params_trigger_ui.py took 0.132 seconds
[2026-08-26T19:02:10.404+0000] {processor.py:161} INFO - Started process (PID=8399) to work on /home/airflow/.local/lib/python3.8/site-packages/airflow/example_dags/example_params_trigger_ui.py
[2026-08-26T19:02:10.406+0000] {processor.py:830} INFO - Processing file /home/airflow/.local/lib/python3.8/site-packages/airflow/example_dags/example_params_trigger_ui.py for tasks to queue
[2026-08-26T19:02:10.410+0000] {logging_mixin.py:188} INFO - [2026-08-26T19:02:10.409+0000] {dagbag.py:540} INFO - Filling up the DagBag from /home/airflow/.local/lib/python3.8/site-packages/airflow/example_dags/example_params_trigger_ui.py
[2026-08-26T19:02:10.429+0000] {processor.py:840} INFO - DAG(s) 'example_params_trigger_ui' retrieved from /home/airflow/.local/lib/python3.8/site-packages/airflow/example_dags/example_params_trigger_ui.py
[2026-08-26T19:02:10.487+0000] {logging_mixin.py:188} INFO - [2026-08-26T19:02:10.487+0000] {dag.py:3047} INFO - Sync 1 DAGs
[2026-08-26T19:02:10.503+0000] {logging_mixin.py:188} INFO - [2026-08-26T19:02:10.502+0000] {dag.py:3834} INFO - Setting next_dagrun for example_params_trigger_ui to None, run_after=None
[2026-08-26T19:02:10.528+0000] {processor.py:183} INFO - Processing /home/airflow/.local/lib/python3.8/site-packages/airflow/example_dags/example_params_trigger_ui.py took 0.128 seconds
[2026-08-26T19:02:40.653+0000] {processor.py:161} INFO - Started process (PID=8455) to work on /home/airflow/.local/lib/python3.8/site-packages/airflow/example_dags/example_params_trigger_ui.py
[2026-08-26T19:02:40.654+0000] {processor.py:830} INFO - Processing file /home/airflow/.local/lib/python3.8/site-packages/airflow/example_dags/example_params_trigger_ui.py for tasks to queue
[2026-08-26T19:02:40.658+0000] {logging_mixin.py:188} INFO - [2026-08-26T19:02:40.658+0000] {dagbag.py:540} INFO - Filling up the DagBag from /home/airflow/.local/lib/python3.8/site-packages/airflow/example_dags/example_params_trigger_ui.py
[2026-08-26T19:02:40.677+0000] {processor.py:840} INFO - DAG(s) 'example_params_trigger_ui' retrieved from /home/airflow/.local/lib/python3.8/site-packages/airflow/example_dags/example_params_trigger_ui.py
[2026-08-26T19:02:40.733+0000] {logging_mixin.py:188} INFO - [2026-08-26T19:02:40.733+0000] {dag.py:3047} INFO - Sync 1 DAGs
[2026-08-26T19:02:40.746+0000] {logging_mixin.py:188} INFO - [2026-08-26T19:02:40.745+0000] {dag.py:3834} INFO - Setting next_dagrun for example_params_trigger_ui to None, run_after=None
[2026-08-26T19:02:40.768+0000] {processor.py:183} INFO - Processing /home/airflow/.local/lib/python3.8/site-packages/airflow/example_dags/example_params_trigger_ui.py took 0.119 seconds
[2026-08-26T19:03:11.435+0000] {processor.py:161} INFO - Started process (PID=8516) to work on /home/airflow/.local/lib/python3.8/site-packages/airflow/example_dags/example_params_trigger_ui.py
[2026-08-26T19:03:11.437+0000] {processor.py:830} INFO - Processing file /home/airflow/.local/lib/python3.8/site-packages/airflow/example_dags/example_params_trigger_ui.py for tasks to queue
[2026-08-26T19:03:11.440+0000] {logging_mixin.py:188} INFO - [2026-08-26T19:03:11.440+0000] {dagbag.py:540} INFO - Filling up the DagBag from /home/airflow/.local/lib/python3.8/site-packages/airflow/example_dags/example_params_trigger_ui.py
[2026-08-26T19:03:11.464+0000] {processor.py:840} INFO - DAG(s) 'example_params_trigger_ui' retrieved from /home/airflow/.local/lib/python3.8/site-packages/airflow/example_dags/example_params_trigger_ui.py
[2026-08-26T19:03:11.550+0000] {logging_mixin.py:188} INFO - [2026-08-26T19:03:11.548+0000] {dag.py:3047} INFO - Sync 1 DAGs
[2026-08-26T19:03:11.570+0000] {logging_mixin.py:188} INFO - [2026-08-26T19:03:11.570+0000] {dag.py:3834} INFO - Setting next_dagrun for example_params_trigger_ui to None, run_after=None
[2026-08-26T19:03:11.607+0000] {processor.py:183} INFO - Processing /home/airflow/.local/lib/python3.8/site-packages/airflow/example_dags/example_params_trigger_ui.py took 0.178 seconds
[2026-08-26T19:03:41.699+0000] {processor.py:161} INFO - Started process (PID=8573) to work on /home/airflow/.local/lib/python3.8/site-packages/airflow/example_dags/example_params_trigger_ui.py
[2026-08-26T19:03:41.703+0000] {processor.py:830} INFO - Processing file /home/airflow/.local/lib/python3.8/site-packages/airflow/example_dags/example_params_trigger_ui.py for tasks to queue
[2026-08-26T19:03:41.706+0000] {logging_mixin.py:188} INFO - [2026-08-26T19:03:41.706+0000] {dagbag.py:540} INFO - Filling up the DagBag from /home/airflow/.local/lib/python3.8/site-packages/airflow/example_dags/example_params_trigger_ui.py
[2026-08-26T19:03:41.730+0000] {processor.py:840} INFO - DAG(s) 'example_params_trigger_ui' retrieved from /home/airflow/.local/lib/python3.8/site-packages/airflow/example_dags/example_params_trigger_ui.py
[2026-08-26T19:03:41.816+0000] {logging_mixin.py:188} INFO - [2026-08-26T19:03:41.815+0000] {dag.py:3047} INFO - Sync 1 DAGs
[2026-08-26T19:03:41.847+0000] {logging_mixin.py:188} INFO - [2026-08-26T19:03:41.847+0000] {dag.py:3834} INFO - Setting next_dagrun for example_params_trigger_ui to None, run_after=None
[2026-08-26T19:03:41.886+0000] {processor.py:183} INFO - Processing /home/airflow/.local/lib/python3.8/site-packages/airflow/example_dags/example_params_trigger_ui.py took 0.193 seconds
[2026-08-26T19:04:12.108+0000] {processor.py:161} INFO - Started process (PID=8630) to work on /home/airflow/.local/lib/python3.8/site-packages/airflow/example_dags/example_params_trigger_ui.py
[2026-08-26T19:04:12.109+0000] {processor.py:830} INFO - Processing file /home/airflow/.local/lib/python3.8/site-packages/airflow/example_dags/example_params_trigger_ui.py for tasks to queue
[2026-08-26T19:04:12.111+0000] {logging_mixin.py:188} INFO - [2026-08-26T19:04:12.111+0000] {dagbag.py:540} INFO - Filling up the DagBag from /home/airflow/.local/lib/python3.8/site-packages/airflow/example_dags/example_params_trigger_ui.py
[2026-08-26T19:04:12.126+0000] {processor.py:840} INFO - DAG(s) 'example_params_trigger_ui' retrieved from /home/airflow/.local/lib/python3.8/site-packages/airflow/example_dags/example_params_trigger_ui.py
[2026-08-26T19:04:12.193+0000] {logging_mixin.py:188} INFO - [2026-08-26T19:04:12.193+0000] {dag.py:3047} INFO - Sync 1 DAGs
[2026-08-26T19:04:12.211+0000] {logging_mixin.py:188} INFO - [2026-08-26T19:04:12.211+0000] {dag.py:3834} INFO - Setting next_dagrun for example_params_trigger_ui to None, run_after=None
[2026-08-26T19:04:12.236+0000] {processor.py:183} INFO - Processing /home/airflow/.local/lib/python3.8/site-packages/airflow/example_dags/example_params_trigger_ui.py took 0.132 seconds
[2026-08-26T19:04:42.741+0000] {processor.py:161} INFO - Started process (PID=8687) to work on /home/airflow/.local/lib/python3.8/site-packages/airflow/example_dags/example_params_trigger_ui.py
[2026-08-26T19:04:42.743+0000] {processor.py:830} INFO - Processing file /home/airflow/.local/lib/python3.8/site-packages/airflow/example_dags/example_params_trigger_ui.py for tasks to queue
[2026-08-26T19:04:42.749+0000] {logging_mixin.py:188} INFO - [2026-08-26T19:04:42.748+0000] {dagbag.py:540} INFO - Filling up the DagBag from /home/airflow/.local/lib/python3.8/site-packages/airflow/example_dags/example_params_trigger_ui.py
[2026-08-26T19:04:42.775+0000] {processor.py:840} INFO - DAG(s) 'example_params_trigger_ui' retrieved from /home/airflow/.local/lib/python3.8/site-packages/airflow/example_dags/example_params_trigger_ui.py
[2026-08-26T19:04:42.870+0000] {logging_mixin.py:188} INFO - [2026-08-26T19:04:42.870+0000] {dag.py:3047} INFO - Sync 1 DAGs
[2026-08-26T19:04:42.887+0000] {logging_mixin.py:188} INFO - [2026-08-26T19:04:42.887+0000] {dag.py:3834} INFO - Setting next_dagrun for example_params_trigger_ui to None, run_after=None
[2026-08-26T19:04:42.914+0000] {processor.py:183} INFO - Processing /home/airflow/.local/lib/python3.8/site-packages/airflow/example_dags/example_params_trigger_ui.py took 0.181 seconds
[2026-08-26T19:05:13.252+0000] {processor.py:161} INFO - Started process (PID=8744) to work on /home/airflow/.local/lib/python3.8/site-packages/airflow/example_dags/example_params_trigger_ui.py
[2026-08-26T19:05:13.253+0000] {processor.py:830} INFO - Processing file /home/airflow/.local/lib/python3.8/site-packages/airflow/example_dags/example_params_trigger_ui.py for tasks to queue
[2026-08-26T19:05:13.256+0000] {logging_mixin.py:188} INFO - [2026-08-26T19:05:13.256+0000] {dagbag.py:540} INFO - Filling up the DagBag from /home/airflow/.local/lib/python3.8/site-packages/airflow/example_dags/example_params_trigger_ui.py
[2026-08-26T19:05:13.284+0000] {processor.py:840} INFO - DAG(s) 'example_params_trigger_ui' retrieved from /home/airflow/.local/lib/python3.8/site-packages/airflow/example_dags/example_params_trigger_ui.py
[2026-08-26T19:05:13.351+0000] {logging_mixin.py:188} INFO - [2026-08-26T19:05:13.351+0000] {dag.py:3047} INFO - Sync 1 DAGs
[2026-08-26T19:05:13.367+0000] {logging_mixin.py:188} INFO - [2026-08-26T19:05:13.367+0000] {dag.py:3834} INFO - Setting next_dagrun for example_params_trigger_ui to None, run_after=None
[2026-08-26T19:05:13.390+0000] {processor.py:183} INFO - Processing /home/airflow/.local/lib/python3.8/site-packages/airflow/example_dags/example_params_trigger_ui.py took 0.143 seconds
[2026-08-26T19:05:43.700+0000] {processor.py:161} INFO - Started process (PID=8801) to work on /home/airflow/.local/lib/python3.8/site-packages/airflow/example_dags/example_params_trigger_ui.py
[2026-08-26T19:05:43.701+0000] {processor.py:830} INFO - Processing file /home/airflow/.local/lib/python3.8/site-packages/airflow/example_dags/example_params_trigger_ui.py for tasks to queue
[2026-08-26T19:05:43.704+0000] {logging_mixin.py:188} INFO - [2026-08-26T19:05:43.703+0000] {dagbag.py:540} INFO - Filling up the DagBag from /home/airflow/.local/lib/python3.8/site-packages/airflow/example_dags/example_params_trigger_ui.py
[2026-08-26T19:05:43.720+0000] {processor.py:840} INFO - DAG(s) 'example_params_trigger_ui' retrieved from /home/airflow/.local/lib/python3.8/site-packages/airflow/example_dags/example_params_trigger_ui.py
[2026-08-26T19:05:43.783+0000] {logging_mixin.py:188} INFO - [2026-08-26T19:05:43.783+0000] {dag.py:3047} INFO - Sync 1 DAGs
[2026-08-26T19:05:43.800+0000] {logging_mixin.py:188} INFO - [2026-08-26T19:05:43.799+0000] {dag.py:3834} INFO - Setting next_dagrun for example_params_trigger_ui to None, run_after=None
[2026-08-26T19:05:43.830+0000] {processor.py:183} INFO - Processing /home/airflow/.local/lib/python3.8/site-packages/airflow/example_dags/example_params_trigger_ui.py took 0.134 seconds
[2026-08-26T19:06:14.610+0000] {processor.py:161} INFO - Started process (PID=8858) to work on /home/airflow/.local/lib/python3.8/site-packages/airflow/example_dags/example_params_trigger_ui.py
[2026-08-26T19:06:14.612+0000] {processor.py:830} INFO - Processing file /home/airflow/.local/lib/python3.8/site-packages/airflow/example_dags/example_params_trigger_ui.py for tasks to queue
[2026-08-26T19:06:14.615+0000] {logging_mixin.py:188} INFO - [2026-08-26T19:06:14.614+0000] {dagbag.py:540} INFO - Filling up the DagBag from /home/airflow/.local/lib/python3.8/site-packages/airflow/example_dags/example_params_trigger_ui.py
[2026-08-26T19:06:14.787+0000] {processor.py:840} INFO - DAG(s) 'example_params_trigger_ui' retrieved from /home/airflow/.local/lib/python3.8/site-packages/airflow/example_dags/example_params_trigger_ui.py
[2026-08-26T19:06:14.845+0000] {logging_mixin.py:188} INFO - [2026-08-26T19:06:14.844+0000] {dag.py:3047} INFO - Sync 1 DAGs
[2026-08-26T19:06:14.858+0000] {logging_mixin.py:188} INFO - [2026-08-26T19:06:14.858+0000] {dag.py:3834} INFO - Setting next_dagrun for example_params_trigger_ui to None, run_after=None
[2026-08-26T19:06:14.882+0000] {processor.py:183} INFO - Processing /home/airflow/.local/lib/python3.8/site-packages/airflow/example_dags/example_params_trigger_ui.py took 0.275 seconds
[2026-08-26T19:06:45.785+0000] {processor.py:161} INFO - Started process (PID=8915) to work on /home/airflow/.local/lib/python3.8/site-packages/airflow/example_dags/example_params_trigger_ui.py
[2026-08-26T19:06:45.787+0000] {processor.py:830} INFO - Processing file /home/airflow/.local/lib/python3.8/site-packages/airflow/example_dags/example_params_trigger_ui.py for tasks to queue
[2026-08-26T19:06:45.791+0000] {logging_mixin.py:188} INFO - [2026-08-26T19:06:45.791+0000] {dagbag.py:540} INFO - Filling up the DagBag from /home/airflow/.local/lib/python3.8/site-packages/airflow/example_dags/example_params_trigger_ui.py
[2026-08-26T19:06:45.817+0000] {processor.py:840} INFO - DAG(s) 'example_params_trigger_ui' retrieved from /home/airflow/.local/lib/python3.8/site-packages/airflow/example_dags/example_params_trigger_ui.py
[2026-08-26T19:06:45.886+0000] {logging_mixin.py:188} INFO - [2026-08-26T19:06:45.885+0000] {dag.py:3047} INFO - Sync 1 DAGs
[2026-08-26T19:06:45.903+0000] {logging_mixin.py:188} INFO - [2026-08-26T19:06:45.903+0000] {dag.py:3834} INFO - Setting next_dagrun for example_params_trigger_ui to None, run_after=None
[2026-08-26T19:06:45.928+0000] {processor.py:183} INFO - Processing /home/airflow/.local/lib/python3.8/site-packages/airflow/example_dags/example_params_trigger_ui.py took 0.149 seconds
[2026-08-26T19:07:16.025+0000] {processor.py:161} INFO - Started process (PID=8972) to work on /home/airflow/.local/lib/python3.8/site-packages/airflow/example_dags/example_params_trigger_ui.py
[2026-08-26T19:07:16.027+0000] {processor.py:830} INFO - Processing file /home/airflow/.local/lib/python3.8/site-packages/airflow/example_dags/example_params_trigger_ui.py for tasks to queue
[2026-08-26T19:07:16.029+0000] {logging_mixin.py:188} INFO - [2026-08-26T19:07:16.029+0000] {dagbag.py:540} INFO - Filling up the DagBag from /home/airflow/.local/lib/python3.8/site-packages/airflow/example_dags/example_params_trigger_ui.py
[2026-08-26T19:07:16.050+0000] {processor.py:840} INFO - DAG(s) 'example_params_trigger_ui' retrieved from /home/airflow/.local/lib/python3.8/site-packages/airflow/example_dags/example_params_trigger_ui.py
[2026-08-26T19:07:16.125+0000] {logging_mixin.py:188} INFO - [2026-08-26T19:07:16.125+0000] {dag.py:3047} INFO - Sync 1 DAGs
[2026-08-26T19:07:16.144+0000] {logging_mixin.py:188} INFO - [2026-08-26T19:07:16.143+0000] {dag.py:3834} INFO - Setting next_dagrun for example_params_trigger_ui to None, run_after=None
[2026-08-26T19:07:16.171+0000] {processor.py:183} INFO - Processing /home/airflow/.local/lib/python3.8/site-packages/airflow/example_dags/example_params_trigger_ui.py took 0.151 seconds
[2026-08-26T19:07:46.480+0000] {processor.py:161} INFO - Started process (PID=9029) to work on /home/airflow/.local/lib/python3.8/site-packages/airflow/example_dags/example_params_trigger_ui.py
[2026-08-26T19:07:46.483+0000] {processor.py:830} INFO - Processing file /home/airflow/.local/lib/python3.8/site-packages/airflow/example_dags/example_params_trigger_ui.py for tasks to queue
[2026-08-26T19:07:46.487+0000] {logging_mixin.py:188} INFO - [2026-08-26T19:07:46.486+0000] {dagbag.py:540} INFO - Filling up the DagBag from /home/airflow/.local/lib/python3.8/site-packages/airflow/example_dags/example_params_trigger_ui.py
[2026-08-26T19:07:46.510+0000] {processor.py:840} INFO - DAG(s) 'example_params_trigger_ui' retrieved from /home/airflow/.local/lib/python3.8/site-packages/airflow/example_dags/example_params_trigger_ui.py
[2026-08-26T19:07:46.603+0000] {logging_mixin.py:188} INFO - [2026-08-26T19:07:46.602+0000] {dag.py:3047} INFO - Sync 1 DAGs
[2026-08-26T19:07:46.625+0000] {logging_mixin.py:188} INFO - [2026-08-26T19:07:46.625+0000] {dag.py:3834} INFO - Setting next_dagrun for example_params_trigger_ui to None, run_after=None
[2026-08-26T19:07:46.653+0000] {processor.py:183} INFO - Processing /home/airflow/.local/lib/python3.8/site-packages/airflow/example_dags/example_params_trigger_ui.py took 0.178 seconds
[2026-08-26T19:08:16.799+0000] {processor.py:161} INFO - Started process (PID=9086) to work on /home/airflow/.local/lib/python3.8/site-packages/airflow/example_dags/example_params_trigger_ui.py
[2026-08-26T19:08:16.801+0000] {processor.py:830} INFO - Processing file /home/airflow/.local/lib/python3.8/site-packages/airflow/example_dags/example_params_trigger_ui.py for tasks to queue
[2026-08-26T19:08:16.804+0000] {logging_mixin.py:188} INFO - [2026-08-26T19:08:16.803+0000] {dagbag.py:540} INFO - Filling up the DagBag from /home/airflow/.local/lib/python3.8/site-packages/airflow/example_dags/example_params_trigger_ui.py
[2026-08-26T19:08:16.821+0000] {processor.py:840} INFO - DAG(s) 'example_params_trigger_ui' retrieved from /home/airflow/.local/lib/python3.8/site-packages/airflow/example_dags/example_params_trigger_ui.py
[2026-08-26T19:08:16.884+0000] {logging_mixin.py:188} INFO - [2026-08-26T19:08:16.883+0000] {dag.py:3047} INFO - Sync 1 DAGs
[2026-08-26T19:08:16.898+0000] {logging_mixin.py:188} INFO - [2026-08-26T19:08:16.898+0000] {dag.py:3834} INFO - Setting next_dagrun for example_params_trigger_ui to None, run_after=None
[2026-08-26T19:08:16.923+0000] {processor.py:183} INFO - Processing /home/airflow/.local/lib/python3.8/site-packages/airflow/example_dags/example_params_trigger_ui.py took 0.128 seconds
[2026-08-26T19:08:47.484+0000] {processor.py:161} INFO - Started process (PID=9143) to work on /home/airflow/.local/lib/python3.8/site-packages/airflow/example_dags/example_params_trigger_ui.py
[2026-08-26T19:08:47.487+0000] {processor.py:830} INFO - Processing file /home/airflow/.local/lib/python3.8/site-packages/airflow/example_dags/example_params_trigger_ui.py for tasks to queue
[2026-08-26T19:08:47.490+0000] {logging_mixin.py:188} INFO - [2026-08-26T19:08:47.489+0000] {dagbag.py:540} INFO - Filling up the DagBag from /home/airflow/.local/lib/python3.8/site-packages/airflow/example_dags/example_params_trigger_ui.py
[2026-08-26T19:08:47.511+0000] {processor.py:840} INFO - DAG(s) 'example_params_trigger_ui' retrieved from /home/airflow/.local/lib/python3.8/site-packages/airflow/example_dags/example_params_trigger_ui.py
[2026-08-26T19:08:47.583+0000] {logging_mixin.py:188} INFO - [2026-08-26T19:08:47.582+0000] {dag.py:3047} INFO - Sync 1 DAGs
[2026-08-26T19:08:47.600+0000] {logging_mixin.py:188} INFO - [2026-08-26T19:08:47.600+0000] {dag.py:3834} INFO - Setting next_dagrun for example_params_trigger_ui to None, run_after=None
[2026-08-26T19:08:47.638+0000] {processor.py:183} INFO - Processing /home/airflow/.local/lib/python3.8/site-packages/airflow/example_dags/example_params_trigger_ui.py took 0.158 seconds
[2026-08-26T19:09:17.900+0000] {processor.py:161} INFO - Started process (PID=9200) to work on /home/airflow/.local/lib/python3.8/site-packages/airflow/example_dags/example_params_trigger_ui.py
[2026-08-26T19:09:17.902+0000] {processor.py:830} INFO - Processing file /home/airflow/.local/lib/python3.8/site-packages/airflow/example_dags/example_params_trigger_ui.py for tasks to queue
[2026-08-26T19:09:17.906+0000] {logging_mixin.py:188} INFO - [2026-08-26T19:09:17.905+0000] {dagbag.py:540} INFO - Filling up the DagBag from /home/airflow/.local/lib/python3.8/site-packages/airflow/example_dags/example_params_trigger_ui.py
[2026-08-26T19:09:17.926+0000] {processor.py:840} INFO - DAG(s) 'example_params_trigger_ui' retrieved from /home/airflow/.local/lib/python3.8/site-packages/airflow/example_dags/example_params_trigger_ui.py
[2026-08-26T19:09:17.993+0000] {logging_mixin.py:188} INFO - [2026-08-26T19:09:17.993+0000] {dag.py:3047} INFO - Sync 1 DAGs
[2026-08-26T19:09:18.015+0000] {logging_mixin.py:188} INFO - [2026-08-26T19:09:18.015+0000] {dag.py:3834} INFO - Setting next_dagrun for example_params_trigger_ui to None, run_after=None
[2026-08-26T19:09:18.044+0000] {processor.py:183} INFO - Processing /home/airflow/.local/lib/python3.8/site-packages/airflow/example_dags/example_params_trigger_ui.py took 0.148 seconds
