[2026-08-26T00:34:28.656+0000] {processor.py:161} INFO - Started process (PID=77) to work on /home/airflow/.local/lib/python3.8/site-packages/airflow/example_dags/example_sensors.py
[2026-08-26T00:34:28.658+0000] {processor.py:830} INFO - Processing file /home/airflow/.local/lib/python3.8/site-packages/airflow/example_dags/example_sensors.py for tasks to queue
[2026-08-26T00:34:28.661+0000] {logging_mixin.py:188} INFO - [2026-08-26T00:34:28.661+0000] {dagbag.py:540} INFO - Filling up the DagBag from /home/airflow/.local/lib/python3.8/site-packages/airflow/example_dags/example_sensors.py
[2026-08-26T00:34:28.672+0000] {processor.py:840} INFO - DAG(s) 'example_sensors' retrieved from /home/airflow/.local/lib/python3.8/site-packages/airflow/example_dags/example_sensors.py
[2026-08-26T00:34:28.713+0000] {logging_mixin.py:188} INFO - [2026-08-26T00:34:28.713+0000] {dag.py:3047} INFO - Sync 1 DAGs
[2026-08-26T00:34:28.729+0000] {logging_mixin.py:188} INFO - [2026-08-26T00:34:28.728+0000] {dag.py:3834} INFO - Setting next_dagrun for example_sensors to None, run_after=None
[2026-08-26T00:34:28.752+0000] {processor.py:183} INFO - Processing /home/airflow/.local/lib/python3.8/site-packages/airflow/example_dags/example_sensors.py took 0.101 seconds
[2026-08-26T00:34:59.277+0000] {processor.py:161} INFO - Started process (PID=133) to work on /home/airflow/.local/lib/python3.8/site-packages/airflow/example_dags/example_sensors.py
[2026-08-26T00:34:59.280+0000] {processor.py:830} INFO - Processing file /home/airflow/.local/lib/python3.8/site-packages/airflow/example_dags/example_sensors.py for tasks to queue
[2026-08-26T00:34:59.284+0000] {logging_mixin.py:188} INFO - [2026-08-26T00:34:59.284+0000] {dagbag.py:540} INFO - Filling up the DagBag from /home/airflow/.local/lib/python3.8/site-packages/airflow/example_dags/example_sensors.py
[2026-08-26T00:34:59.300+0000] {processor.py:840} INFO - DAG(s) 'example_sensors' retrieved from /home/airflow/.local/lib/python3.8/site-packages/airflow/example_dags/example_sensors.py
[2026-08-26T00:34:59.318+0000] {logging_mixin.py:188} INFO - [2026-08-26T00:34:59.318+0000] {dag.py:3047} INFO - Sync 1 DAGs
[2026-08-26T00:34:59.340+0000] {logging_mixin.py:188} INFO - [2026-08-26T00:34:59.340+0000] {dag.py:3834} INFO - Setting next_dagrun for example_sensors to None, run_after=None
[2026-08-26T00:34:59.373+0000] {processor.py:183} INFO - Processing /home/airflow/.local/lib/python3.8/site-packages/airflow/example_dags/example_sensors.py took 0.102 seconds
[2026-08-26T00:35:30.234+0000] {processor.py:161} INFO - Started process (PID=191) to work on /home/airflow/.local/lib/python3.8/site-packages/airflow/example_dags/example_sensors.py
[2026-08-26T00:35:30.236+0000] {processor.py:830} INFO - Processing file /home/airflow/.local/lib/python3.8/site-packages/airflow/example_dags/example_sensors.py for tasks to queue
[2026-08-26T00:35:30.239+0000] {logging_mixin.py:188} INFO - [2026-08-26T00:35:30.239+0000] {dagbag.py:540} INFO - Filling up the DagBag from /home/airflow/.local/lib/python3.8/site-packages/airflow/example_dags/example_sensors.py
[2026-08-26T00:35:30.252+0000] {processor.py:840} INFO - DAG(s) 'example_sensors' retrieved from /home/airflow/.local/lib/python3.8/site-packages/airflow/example_dags/example_sensors.py
[2026-08-26T00:35:30.370+0000] {logging_mixin.py:188} INFO - [2026-08-26T00:35:30.370+0000] {dag.py:3047} INFO - Sync 1 DAGs
[2026-08-26T00:35:30.387+0000] {logging_mixin.py:188} INFO - [2026-08-26T00:35:30.386+0000] {dag.py:3834} INFO - Setting next_dagrun for example_sensors to None, run_after=None
[2026-08-26T00:35:30.418+0000] {processor.py:183} INFO - Processing /home/airflow/.local/lib/python3.8/site-packages/airflow/example_dags/example_sensors.py took 0.189 seconds
[2026-08-26T00:36:00.955+0000] {processor.py:161} INFO - Started process (PID=254) to work on /home/airflow/.local/lib/python3.8/site-packages/airflow/example_dags/example_sensors.py
[2026-08-26T00:36:00.956+0000] {processor.py:830} INFO - Processing file /home/airflow/.local/lib/python3.8/site-packages/airflow/example_dags/example_sensors.py for tasks to queue
[2026-08-26T00:36:00.959+0000] {logging_mixin.py:188} INFO - [2026-08-26T00:36:00.958+0000] {dagbag.py:540} INFO - Filling up the DagBag from /home/airflow/.local/lib/python3.8/site-packages/airflow/example_dags/example_sensors.py
[2026-08-26T00:36:00.972+0000] {processor.py:840} INFO - DAG(s) 'example_sensors' retrieved from /home/airflow/.local/lib/python3.8/site-packages/airflow/example_dags/example_sensors.py
[2026-08-26T00:36:01.001+0000] {logging_mixin.py:188} INFO - [2026-08-26T00:36:01.000+0000] {dag.py:3047} INFO - Sync 1 DAGs
[2026-08-26T00:36:01.016+0000] {logging_mixin.py:188} INFO - [2026-08-26T00:36:01.015+0000] {dag.py:3834} INFO - Setting next_dagrun for example_sensors to None, run_after=None
[2026-08-26T00:36:01.036+0000] {processor.py:183} INFO - Processing /home/airflow/.local/lib/python3.8/site-packages/airflow/example_dags/example_sensors.py took 0.085 seconds
[2026-08-26T00:36:31.980+0000] {processor.py:161} INFO - Started process (PID=311) to work on /home/airflow/.local/lib/python3.8/site-packages/airflow/example_dags/example_sensors.py
[2026-08-26T00:36:31.981+0000] {processor.py:830} INFO - Processing file /home/airflow/.local/lib/python3.8/site-packages/airflow/example_dags/example_sensors.py for tasks to queue
[2026-08-26T00:36:31.985+0000] {logging_mixin.py:188} INFO - [2026-08-26T00:36:31.984+0000] {dagbag.py:540} INFO - Filling up the DagBag from /home/airflow/.local/lib/python3.8/site-packages/airflow/example_dags/example_sensors.py
[2026-08-26T00:36:32.006+0000] {processor.py:840} INFO - DAG(s) 'example_sensors' retrieved from /home/airflow/.local/lib/python3.8/site-packages/airflow/example_dags/example_sensors.py
[2026-08-26T00:36:32.050+0000] {logging_mixin.py:188} INFO - [2026-08-26T00:36:32.049+0000] {dag.py:3047} INFO - Sync 1 DAGs
[2026-08-26T00:36:32.065+0000] {logging_mixin.py:188} INFO - [2026-08-26T00:36:32.065+0000] {dag.py:3834} INFO - Setting next_dagrun for example_sensors to None, run_after=None
[2026-08-26T00:36:32.088+0000] {processor.py:183} INFO - Processing /home/airflow/.local/lib/python3.8/site-packages/airflow/example_dags/example_sensors.py took 0.113 seconds
[2026-08-26T00:37:02.176+0000] {processor.py:161} INFO - Started process (PID=367) to work on /home/airflow/.local/lib/python3.8/site-packages/airflow/example_dags/example_sensors.py
[2026-08-26T00:37:02.178+0000] {processor.py:830} INFO - Processing file /home/airflow/.local/lib/python3.8/site-packages/airflow/example_dags/example_sensors.py for tasks to queue
[2026-08-26T00:37:02.180+0000] {logging_mixin.py:188} INFO - [2026-08-26T00:37:02.180+0000] {dagbag.py:540} INFO - Filling up the DagBag from /home/airflow/.local/lib/python3.8/site-packages/airflow/example_dags/example_sensors.py
[2026-08-26T00:37:02.190+0000] {processor.py:840} INFO - DAG(s) 'example_sensors' retrieved from /home/airflow/.local/lib/python3.8/site-packages/airflow/example_dags/example_sensors.py
[2026-08-26T00:37:02.220+0000] {logging_mixin.py:188} INFO - [2026-08-26T00:37:02.220+0000] {dag.py:3047} INFO - Sync 1 DAGs
[2026-08-26T00:37:02.237+0000] {logging_mixin.py:188} INFO - [2026-08-26T00:37:02.237+0000] {dag.py:3834} INFO - Setting next_dagrun for example_sensors to None, run_after=None
[2026-08-26T00:37:02.270+0000] {processor.py:183} INFO - Processing /home/airflow/.local/lib/python3.8/site-packages/airflow/example_dags/example_sensors.py took 0.098 seconds
[2026-08-26T00:37:32.320+0000] {processor.py:161} INFO - Started process (PID=423) to work on /home/airflow/.local/lib/python3.8/site-packages/airflow/example_dags/example_sensors.py
[2026-08-26T00:37:32.321+0000] {processor.py:830} INFO - Processing file /home/airflow/.local/lib/python3.8/site-packages/airflow/example_dags/example_sensors.py for tasks to queue
[2026-08-26T00:37:32.324+0000] {logging_mixin.py:188} INFO - [2026-08-26T00:37:32.323+0000] {dagbag.py:540} INFO - Filling up the DagBag from /home/airflow/.local/lib/python3.8/site-packages/airflow/example_dags/example_sensors.py
[2026-08-26T00:37:32.333+0000] {processor.py:840} INFO - DAG(s) 'example_sensors' retrieved from /home/airflow/.local/lib/python3.8/site-packages/airflow/example_dags/example_sensors.py
[2026-08-26T00:37:32.362+0000] {logging_mixin.py:188} INFO - [2026-08-26T00:37:32.362+0000] {dag.py:3047} INFO - Sync 1 DAGs
[2026-08-26T00:37:32.382+0000] {logging_mixin.py:188} INFO - [2026-08-26T00:37:32.381+0000] {dag.py:3834} INFO - Setting next_dagrun for example_sensors to None, run_after=None
[2026-08-26T00:37:32.410+0000] {processor.py:183} INFO - Processing /home/airflow/.local/lib/python3.8/site-packages/airflow/example_dags/example_sensors.py took 0.094 seconds
[2026-08-26T00:38:03.023+0000] {processor.py:161} INFO - Started process (PID=485) to work on /home/airflow/.local/lib/python3.8/site-packages/airflow/example_dags/example_sensors.py
[2026-08-26T00:38:03.024+0000] {processor.py:830} INFO - Processing file /home/airflow/.local/lib/python3.8/site-packages/airflow/example_dags/example_sensors.py for tasks to queue
[2026-08-26T00:38:03.027+0000] {logging_mixin.py:188} INFO - [2026-08-26T00:38:03.027+0000] {dagbag.py:540} INFO - Filling up the DagBag from /home/airflow/.local/lib/python3.8/site-packages/airflow/example_dags/example_sensors.py
[2026-08-26T00:38:03.037+0000] {processor.py:840} INFO - DAG(s) 'example_sensors' retrieved from /home/airflow/.local/lib/python3.8/site-packages/airflow/example_dags/example_sensors.py
[2026-08-26T00:38:03.069+0000] {logging_mixin.py:188} INFO - [2026-08-26T00:38:03.068+0000] {dag.py:3047} INFO - Sync 1 DAGs
[2026-08-26T00:38:03.085+0000] {logging_mixin.py:188} INFO - [2026-08-26T00:38:03.085+0000] {dag.py:3834} INFO - Setting next_dagrun for example_sensors to None, run_after=None
[2026-08-26T00:38:03.108+0000] {processor.py:183} INFO - Processing /home/airflow/.local/lib/python3.8/site-packages/airflow/example_dags/example_sensors.py took 0.089 seconds
[2026-08-26T00:38:33.266+0000] {processor.py:161} INFO - Started process (PID=542) to work on /home/airflow/.local/lib/python3.8/site-packages/airflow/example_dags/example_sensors.py
[2026-08-26T00:38:33.268+0000] {processor.py:830} INFO - Processing file /home/airflow/.local/lib/python3.8/site-packages/airflow/example_dags/example_sensors.py for tasks to queue
[2026-08-26T00:38:33.271+0000] {logging_mixin.py:188} INFO - [2026-08-26T00:38:33.270+0000] {dagbag.py:540} INFO - Filling up the DagBag from /home/airflow/.local/lib/python3.8/site-packages/airflow/example_dags/example_sensors.py
[2026-08-26T00:38:33.281+0000] {processor.py:840} INFO - DAG(s) 'example_sensors' retrieved from /home/airflow/.local/lib/python3.8/site-packages/airflow/example_dags/example_sensors.py
[2026-08-26T00:38:33.314+0000] {logging_mixin.py:188} INFO - [2026-08-26T00:38:33.313+0000] {dag.py:3047} INFO - Sync 1 DAGs
[2026-08-26T00:38:33.326+0000] {logging_mixin.py:188} INFO - [2026-08-26T00:38:33.326+0000] {dag.py:3834} INFO - Setting next_dagrun for example_sensors to None, run_after=None
[2026-08-26T00:38:33.345+0000] {processor.py:183} INFO - Processing /home/airflow/.local/lib/python3.8/site-packages/airflow/example_dags/example_sensors.py took 0.082 seconds
[2026-08-26T00:39:03.552+0000] {processor.py:161} INFO - Started process (PID=599) to work on /home/airflow/.local/lib/python3.8/site-packages/airflow/example_dags/example_sensors.py
[2026-08-26T00:39:03.554+0000] {processor.py:830} INFO - Processing file /home/airflow/.local/lib/python3.8/site-packages/airflow/example_dags/example_sensors.py for tasks to queue
[2026-08-26T00:39:03.556+0000] {logging_mixin.py:188} INFO - [2026-08-26T00:39:03.556+0000] {dagbag.py:540} INFO - Filling up the DagBag from /home/airflow/.local/lib/python3.8/site-packages/airflow/example_dags/example_sensors.py
[2026-08-26T00:39:03.569+0000] {processor.py:840} INFO - DAG(s) 'example_sensors' retrieved from /home/airflow/.local/lib/python3.8/site-packages/airflow/example_dags/example_sensors.py
[2026-08-26T00:39:03.605+0000] {logging_mixin.py:188} INFO - [2026-08-26T00:39:03.605+0000] {dag.py:3047} INFO - Sync 1 DAGs
[2026-08-26T00:39:03.621+0000] {logging_mixin.py:188} INFO - [2026-08-26T00:39:03.621+0000] {dag.py:3834} INFO - Setting next_dagrun for example_sensors to None, run_after=None
[2026-08-26T00:39:03.644+0000] {processor.py:183} INFO - Processing /home/airflow/.local/lib/python3.8/site-packages/airflow/example_dags/example_sensors.py took 0.096 seconds
[2026-08-26T00:39:34.056+0000] {processor.py:161} INFO - Started process (PID=655) to work on /home/airflow/.local/lib/python3.8/site-packages/airflow/example_dags/example_sensors.py
[2026-08-26T00:39:34.058+0000] {processor.py:830} INFO - Processing file /home/airflow/.local/lib/python3.8/site-packages/airflow/example_dags/example_sensors.py for tasks to queue
[2026-08-26T00:39:34.061+0000] {logging_mixin.py:188} INFO - [2026-08-26T00:39:34.060+0000] {dagbag.py:540} INFO - Filling up the DagBag from /home/airflow/.local/lib/python3.8/site-packages/airflow/example_dags/example_sensors.py
[2026-08-26T00:39:34.075+0000] {processor.py:840} INFO - DAG(s) 'example_sensors' retrieved from /home/airflow/.local/lib/python3.8/site-packages/airflow/example_dags/example_sensors.py
[2026-08-26T00:39:34.108+0000] {logging_mixin.py:188} INFO - [2026-08-26T00:39:34.108+0000] {dag.py:3047} INFO - Sync 1 DAGs
[2026-08-26T00:39:34.128+0000] {logging_mixin.py:188} INFO - [2026-08-26T00:39:34.128+0000] {dag.py:3834} INFO - Setting next_dagrun for example_sensors to None, run_after=None
[2026-08-26T00:39:34.158+0000] {processor.py:183} INFO - Processing /home/airflow/.local/lib/python3.8/site-packages/airflow/example_dags/example_sensors.py took 0.106 seconds
[2026-08-26T00:40:04.570+0000] {processor.py:161} INFO - Started process (PID=712) to work on /home/airflow/.local/lib/python3.8/site-packages/airflow/example_dags/example_sensors.py
[2026-08-26T00:40:04.572+0000] {processor.py:830} INFO - Processing file /home/airflow/.local/lib/python3.8/site-packages/airflow/example_dags/example_sensors.py for tasks to queue
[2026-08-26T00:40:04.576+0000] {logging_mixin.py:188} INFO - [2026-08-26T00:40:04.575+0000] {dagbag.py:540} INFO - Filling up the DagBag from /home/airflow/.local/lib/python3.8/site-packages/airflow/example_dags/example_sensors.py
[2026-08-26T00:40:04.590+0000] {processor.py:840} INFO - DAG(s) 'example_sensors' retrieved from /home/airflow/.local/lib/python3.8/site-packages/airflow/example_dags/example_sensors.py
[2026-08-26T00:40:04.639+0000] {logging_mixin.py:188} INFO - [2026-08-26T00:40:04.639+0000] {dag.py:3047} INFO - Sync 1 DAGs
[2026-08-26T00:40:04.678+0000] {logging_mixin.py:188} INFO - [2026-08-26T00:40:04.677+0000] {dag.py:3834} INFO - Setting next_dagrun for example_sensors to None, run_after=None
[2026-08-26T00:40:04.712+0000] {processor.py:183} INFO - Processing /home/airflow/.local/lib/python3.8/site-packages/airflow/example_dags/example_sensors.py took 0.148 seconds
[2026-08-26T00:40:35.050+0000] {processor.py:161} INFO - Started process (PID=770) to work on /home/airflow/.local/lib/python3.8/site-packages/airflow/example_dags/example_sensors.py
[2026-08-26T00:40:35.054+0000] {processor.py:830} INFO - Processing file /home/airflow/.local/lib/python3.8/site-packages/airflow/example_dags/example_sensors.py for tasks to queue
[2026-08-26T00:40:35.064+0000] {logging_mixin.py:188} INFO - [2026-08-26T00:40:35.063+0000] {dagbag.py:540} INFO - Filling up the DagBag from /home/airflow/.local/lib/python3.8/site-packages/airflow/example_dags/example_sensors.py
[2026-08-26T00:40:35.086+0000] {processor.py:840} INFO - DAG(s) 'example_sensors' retrieved from /home/airflow/.local/lib/python3.8/site-packages/airflow/example_dags/example_sensors.py
[2026-08-26T00:40:35.159+0000] {logging_mixin.py:188} INFO - [2026-08-26T00:40:35.158+0000] {dag.py:3047} INFO - Sync 1 DAGs
[2026-08-26T00:40:35.198+0000] {logging_mixin.py:188} INFO - [2026-08-26T00:40:35.198+0000] {dag.py:3834} INFO - Setting next_dagrun for example_sensors to None, run_after=None
[2026-08-26T00:40:35.426+0000] {processor.py:183} INFO - Processing /home/airflow/.local/lib/python3.8/site-packages/airflow/example_dags/example_sensors.py took 0.382 seconds
[2026-08-26T00:41:06.319+0000] {processor.py:161} INFO - Started process (PID=827) to work on /home/airflow/.local/lib/python3.8/site-packages/airflow/example_dags/example_sensors.py
[2026-08-26T00:41:06.321+0000] {processor.py:830} INFO - Processing file /home/airflow/.local/lib/python3.8/site-packages/airflow/example_dags/example_sensors.py for tasks to queue
[2026-08-26T00:41:06.324+0000] {logging_mixin.py:188} INFO - [2026-08-26T00:41:06.323+0000] {dagbag.py:540} INFO - Filling up the DagBag from /home/airflow/.local/lib/python3.8/site-packages/airflow/example_dags/example_sensors.py
[2026-08-26T00:41:06.335+0000] {processor.py:840} INFO - DAG(s) 'example_sensors' retrieved from /home/airflow/.local/lib/python3.8/site-packages/airflow/example_dags/example_sensors.py
[2026-08-26T00:41:06.368+0000] {logging_mixin.py:188} INFO - [2026-08-26T00:41:06.367+0000] {dag.py:3047} INFO - Sync 1 DAGs
[2026-08-26T00:41:06.383+0000] {logging_mixin.py:188} INFO - [2026-08-26T00:41:06.382+0000] {dag.py:3834} INFO - Setting next_dagrun for example_sensors to None, run_after=None
[2026-08-26T00:41:06.443+0000] {processor.py:183} INFO - Processing /home/airflow/.local/lib/python3.8/site-packages/airflow/example_dags/example_sensors.py took 0.128 seconds
[2026-08-26T00:41:36.751+0000] {processor.py:161} INFO - Started process (PID=884) to work on /home/airflow/.local/lib/python3.8/site-packages/airflow/example_dags/example_sensors.py
[2026-08-26T00:41:36.753+0000] {processor.py:830} INFO - Processing file /home/airflow/.local/lib/python3.8/site-packages/airflow/example_dags/example_sensors.py for tasks to queue
[2026-08-26T00:41:36.757+0000] {logging_mixin.py:188} INFO - [2026-08-26T00:41:36.756+0000] {dagbag.py:540} INFO - Filling up the DagBag from /home/airflow/.local/lib/python3.8/site-packages/airflow/example_dags/example_sensors.py
[2026-08-26T00:41:36.775+0000] {processor.py:840} INFO - DAG(s) 'example_sensors' retrieved from /home/airflow/.local/lib/python3.8/site-packages/airflow/example_dags/example_sensors.py
[2026-08-26T00:41:36.823+0000] {logging_mixin.py:188} INFO - [2026-08-26T00:41:36.822+0000] {dag.py:3047} INFO - Sync 1 DAGs
[2026-08-26T00:41:36.845+0000] {logging_mixin.py:188} INFO - [2026-08-26T00:41:36.845+0000] {dag.py:3834} INFO - Setting next_dagrun for example_sensors to None, run_after=None
[2026-08-26T00:41:36.875+0000] {processor.py:183} INFO - Processing /home/airflow/.local/lib/python3.8/site-packages/airflow/example_dags/example_sensors.py took 0.130 seconds
[2026-08-26T00:42:07.433+0000] {processor.py:161} INFO - Started process (PID=941) to work on /home/airflow/.local/lib/python3.8/site-packages/airflow/example_dags/example_sensors.py
[2026-08-26T00:42:07.436+0000] {processor.py:830} INFO - Processing file /home/airflow/.local/lib/python3.8/site-packages/airflow/example_dags/example_sensors.py for tasks to queue
[2026-08-26T00:42:07.440+0000] {logging_mixin.py:188} INFO - [2026-08-26T00:42:07.440+0000] {dagbag.py:540} INFO - Filling up the DagBag from /home/airflow/.local/lib/python3.8/site-packages/airflow/example_dags/example_sensors.py
[2026-08-26T00:42:07.462+0000] {processor.py:840} INFO - DAG(s) 'example_sensors' retrieved from /home/airflow/.local/lib/python3.8/site-packages/airflow/example_dags/example_sensors.py
[2026-08-26T00:42:07.506+0000] {logging_mixin.py:188} INFO - [2026-08-26T00:42:07.505+0000] {dag.py:3047} INFO - Sync 1 DAGs
[2026-08-26T00:42:07.528+0000] {logging_mixin.py:188} INFO - [2026-08-26T00:42:07.527+0000] {dag.py:3834} INFO - Setting next_dagrun for example_sensors to None, run_after=None
[2026-08-26T00:42:07.580+0000] {processor.py:183} INFO - Processing /home/airflow/.local/lib/python3.8/site-packages/airflow/example_dags/example_sensors.py took 0.158 seconds
[2026-08-26T00:42:37.715+0000] {processor.py:161} INFO - Started process (PID=998) to work on /home/airflow/.local/lib/python3.8/site-packages/airflow/example_dags/example_sensors.py
[2026-08-26T00:42:37.717+0000] {processor.py:830} INFO - Processing file /home/airflow/.local/lib/python3.8/site-packages/airflow/example_dags/example_sensors.py for tasks to queue
[2026-08-26T00:42:37.721+0000] {logging_mixin.py:188} INFO - [2026-08-26T00:42:37.720+0000] {dagbag.py:540} INFO - Filling up the DagBag from /home/airflow/.local/lib/python3.8/site-packages/airflow/example_dags/example_sensors.py
[2026-08-26T00:42:37.738+0000] {processor.py:840} INFO - DAG(s) 'example_sensors' retrieved from /home/airflow/.local/lib/python3.8/site-packages/airflow/example_dags/example_sensors.py
[2026-08-26T00:42:37.772+0000] {logging_mixin.py:188} INFO - [2026-08-26T00:42:37.772+0000] {dag.py:3047} INFO - Sync 1 DAGs
[2026-08-26T00:42:37.788+0000] {logging_mixin.py:188} INFO - [2026-08-26T00:42:37.787+0000] {dag.py:3834} INFO - Setting next_dagrun for example_sensors to None, run_after=None
[2026-08-26T00:42:37.814+0000] {processor.py:183} INFO - Processing /home/airflow/.local/lib/python3.8/site-packages/airflow/example_dags/example_sensors.py took 0.104 seconds
[2026-08-26T00:43:07.892+0000] {processor.py:161} INFO - Started process (PID=1055) to work on /home/airflow/.local/lib/python3.8/site-packages/airflow/example_dags/example_sensors.py
[2026-08-26T00:43:07.894+0000] {processor.py:830} INFO - Processing file /home/airflow/.local/lib/python3.8/site-packages/airflow/example_dags/example_sensors.py for tasks to queue
[2026-08-26T00:43:07.897+0000] {logging_mixin.py:188} INFO - [2026-08-26T00:43:07.897+0000] {dagbag.py:540} INFO - Filling up the DagBag from /home/airflow/.local/lib/python3.8/site-packages/airflow/example_dags/example_sensors.py
[2026-08-26T00:43:07.910+0000] {processor.py:840} INFO - DAG(s) 'example_sensors' retrieved from /home/airflow/.local/lib/python3.8/site-packages/airflow/example_dags/example_sensors.py
[2026-08-26T00:43:07.943+0000] {logging_mixin.py:188} INFO - [2026-08-26T00:43:07.943+0000] {dag.py:3047} INFO - Sync 1 DAGs
[2026-08-26T00:43:07.958+0000] {logging_mixin.py:188} INFO - [2026-08-26T00:43:07.958+0000] {dag.py:3834} INFO - Setting next_dagrun for example_sensors to None, run_after=None
[2026-08-26T00:43:07.983+0000] {processor.py:183} INFO - Processing /home/airflow/.local/lib/python3.8/site-packages/airflow/example_dags/example_sensors.py took 0.096 seconds
[2026-08-26T00:44:29.379+0000] {processor.py:161} INFO - Started process (PID=73) to work on /home/airflow/.local/lib/python3.8/site-packages/airflow/example_dags/example_sensors.py
[2026-08-26T00:44:29.381+0000] {processor.py:830} INFO - Processing file /home/airflow/.local/lib/python3.8/site-packages/airflow/example_dags/example_sensors.py for tasks to queue
[2026-08-26T00:44:29.386+0000] {logging_mixin.py:188} INFO - [2026-08-26T00:44:29.385+0000] {dagbag.py:540} INFO - Filling up the DagBag from /home/airflow/.local/lib/python3.8/site-packages/airflow/example_dags/example_sensors.py
[2026-08-26T00:44:29.409+0000] {processor.py:840} INFO - DAG(s) 'example_sensors' retrieved from /home/airflow/.local/lib/python3.8/site-packages/airflow/example_dags/example_sensors.py
[2026-08-26T00:44:29.730+0000] {logging_mixin.py:188} INFO - [2026-08-26T00:44:29.730+0000] {dag.py:3047} INFO - Sync 1 DAGs
[2026-08-26T00:44:29.786+0000] {logging_mixin.py:188} INFO - [2026-08-26T00:44:29.785+0000] {dag.py:3834} INFO - Setting next_dagrun for example_sensors to None, run_after=None
[2026-08-26T00:44:29.855+0000] {processor.py:183} INFO - Processing /home/airflow/.local/lib/python3.8/site-packages/airflow/example_dags/example_sensors.py took 0.483 seconds
[2026-08-26T00:45:00.508+0000] {processor.py:161} INFO - Started process (PID=131) to work on /home/airflow/.local/lib/python3.8/site-packages/airflow/example_dags/example_sensors.py
[2026-08-26T00:45:00.509+0000] {processor.py:830} INFO - Processing file /home/airflow/.local/lib/python3.8/site-packages/airflow/example_dags/example_sensors.py for tasks to queue
[2026-08-26T00:45:00.512+0000] {logging_mixin.py:188} INFO - [2026-08-26T00:45:00.512+0000] {dagbag.py:540} INFO - Filling up the DagBag from /home/airflow/.local/lib/python3.8/site-packages/airflow/example_dags/example_sensors.py
[2026-08-26T00:45:00.527+0000] {processor.py:840} INFO - DAG(s) 'example_sensors' retrieved from /home/airflow/.local/lib/python3.8/site-packages/airflow/example_dags/example_sensors.py
[2026-08-26T00:45:00.559+0000] {logging_mixin.py:188} INFO - [2026-08-26T00:45:00.559+0000] {dag.py:3047} INFO - Sync 1 DAGs
[2026-08-26T00:45:00.574+0000] {logging_mixin.py:188} INFO - [2026-08-26T00:45:00.574+0000] {dag.py:3834} INFO - Setting next_dagrun for example_sensors to None, run_after=None
[2026-08-26T00:45:00.669+0000] {processor.py:183} INFO - Processing /home/airflow/.local/lib/python3.8/site-packages/airflow/example_dags/example_sensors.py took 0.165 seconds
[2026-08-26T00:45:31.134+0000] {processor.py:161} INFO - Started process (PID=189) to work on /home/airflow/.local/lib/python3.8/site-packages/airflow/example_dags/example_sensors.py
[2026-08-26T00:45:31.136+0000] {processor.py:830} INFO - Processing file /home/airflow/.local/lib/python3.8/site-packages/airflow/example_dags/example_sensors.py for tasks to queue
[2026-08-26T00:45:31.138+0000] {logging_mixin.py:188} INFO - [2026-08-26T00:45:31.138+0000] {dagbag.py:540} INFO - Filling up the DagBag from /home/airflow/.local/lib/python3.8/site-packages/airflow/example_dags/example_sensors.py
[2026-08-26T00:45:31.152+0000] {processor.py:840} INFO - DAG(s) 'example_sensors' retrieved from /home/airflow/.local/lib/python3.8/site-packages/airflow/example_dags/example_sensors.py
[2026-08-26T00:45:31.192+0000] {logging_mixin.py:188} INFO - [2026-08-26T00:45:31.192+0000] {dag.py:3047} INFO - Sync 1 DAGs
[2026-08-26T00:45:31.212+0000] {logging_mixin.py:188} INFO - [2026-08-26T00:45:31.212+0000] {dag.py:3834} INFO - Setting next_dagrun for example_sensors to None, run_after=None
[2026-08-26T00:45:31.329+0000] {processor.py:183} INFO - Processing /home/airflow/.local/lib/python3.8/site-packages/airflow/example_dags/example_sensors.py took 0.198 seconds
[2026-08-26T00:46:01.808+0000] {processor.py:161} INFO - Started process (PID=246) to work on /home/airflow/.local/lib/python3.8/site-packages/airflow/example_dags/example_sensors.py
[2026-08-26T00:46:01.811+0000] {processor.py:830} INFO - Processing file /home/airflow/.local/lib/python3.8/site-packages/airflow/example_dags/example_sensors.py for tasks to queue
[2026-08-26T00:46:01.814+0000] {logging_mixin.py:188} INFO - [2026-08-26T00:46:01.814+0000] {dagbag.py:540} INFO - Filling up the DagBag from /home/airflow/.local/lib/python3.8/site-packages/airflow/example_dags/example_sensors.py
[2026-08-26T00:46:01.827+0000] {processor.py:840} INFO - DAG(s) 'example_sensors' retrieved from /home/airflow/.local/lib/python3.8/site-packages/airflow/example_dags/example_sensors.py
[2026-08-26T00:46:01.860+0000] {logging_mixin.py:188} INFO - [2026-08-26T00:46:01.859+0000] {dag.py:3047} INFO - Sync 1 DAGs
[2026-08-26T00:46:01.874+0000] {logging_mixin.py:188} INFO - [2026-08-26T00:46:01.874+0000] {dag.py:3834} INFO - Setting next_dagrun for example_sensors to None, run_after=None
[2026-08-26T00:46:01.961+0000] {processor.py:183} INFO - Processing /home/airflow/.local/lib/python3.8/site-packages/airflow/example_dags/example_sensors.py took 0.158 seconds
[2026-08-26T00:46:32.143+0000] {processor.py:161} INFO - Started process (PID=303) to work on /home/airflow/.local/lib/python3.8/site-packages/airflow/example_dags/example_sensors.py
[2026-08-26T00:46:32.146+0000] {processor.py:830} INFO - Processing file /home/airflow/.local/lib/python3.8/site-packages/airflow/example_dags/example_sensors.py for tasks to queue
[2026-08-26T00:46:32.148+0000] {logging_mixin.py:188} INFO - [2026-08-26T00:46:32.148+0000] {dagbag.py:540} INFO - Filling up the DagBag from /home/airflow/.local/lib/python3.8/site-packages/airflow/example_dags/example_sensors.py
[2026-08-26T00:46:32.163+0000] {processor.py:840} INFO - DAG(s) 'example_sensors' retrieved from /home/airflow/.local/lib/python3.8/site-packages/airflow/example_dags/example_sensors.py
[2026-08-26T00:46:32.202+0000] {logging_mixin.py:188} INFO - [2026-08-26T00:46:32.202+0000] {dag.py:3047} INFO - Sync 1 DAGs
[2026-08-26T00:46:32.220+0000] {logging_mixin.py:188} INFO - [2026-08-26T00:46:32.219+0000] {dag.py:3834} INFO - Setting next_dagrun for example_sensors to None, run_after=None
[2026-08-26T00:46:32.249+0000] {processor.py:183} INFO - Processing /home/airflow/.local/lib/python3.8/site-packages/airflow/example_dags/example_sensors.py took 0.112 seconds
[2026-08-26T00:47:21.163+0000] {processor.py:161} INFO - Started process (PID=360) to work on /home/airflow/.local/lib/python3.8/site-packages/airflow/example_dags/example_sensors.py
[2026-08-26T00:47:21.165+0000] {processor.py:830} INFO - Processing file /home/airflow/.local/lib/python3.8/site-packages/airflow/example_dags/example_sensors.py for tasks to queue
[2026-08-26T00:47:21.167+0000] {logging_mixin.py:188} INFO - [2026-08-26T00:47:21.167+0000] {dagbag.py:540} INFO - Filling up the DagBag from /home/airflow/.local/lib/python3.8/site-packages/airflow/example_dags/example_sensors.py
[2026-08-26T00:47:21.181+0000] {processor.py:840} INFO - DAG(s) 'example_sensors' retrieved from /home/airflow/.local/lib/python3.8/site-packages/airflow/example_dags/example_sensors.py
[2026-08-26T00:47:21.240+0000] {logging_mixin.py:188} INFO - [2026-08-26T00:47:21.239+0000] {dag.py:3047} INFO - Sync 1 DAGs
[2026-08-26T00:47:21.269+0000] {logging_mixin.py:188} INFO - [2026-08-26T00:47:21.269+0000] {dag.py:3834} INFO - Setting next_dagrun for example_sensors to None, run_after=None
[2026-08-26T00:47:21.301+0000] {processor.py:183} INFO - Processing /home/airflow/.local/lib/python3.8/site-packages/airflow/example_dags/example_sensors.py took 0.142 seconds
[2026-08-26T00:47:52.363+0000] {processor.py:161} INFO - Started process (PID=417) to work on /home/airflow/.local/lib/python3.8/site-packages/airflow/example_dags/example_sensors.py
[2026-08-26T00:47:52.365+0000] {processor.py:830} INFO - Processing file /home/airflow/.local/lib/python3.8/site-packages/airflow/example_dags/example_sensors.py for tasks to queue
[2026-08-26T00:47:52.368+0000] {logging_mixin.py:188} INFO - [2026-08-26T00:47:52.367+0000] {dagbag.py:540} INFO - Filling up the DagBag from /home/airflow/.local/lib/python3.8/site-packages/airflow/example_dags/example_sensors.py
[2026-08-26T00:47:52.378+0000] {processor.py:840} INFO - DAG(s) 'example_sensors' retrieved from /home/airflow/.local/lib/python3.8/site-packages/airflow/example_dags/example_sensors.py
[2026-08-26T00:47:52.411+0000] {logging_mixin.py:188} INFO - [2026-08-26T00:47:52.411+0000] {dag.py:3047} INFO - Sync 1 DAGs
[2026-08-26T00:47:52.429+0000] {logging_mixin.py:188} INFO - [2026-08-26T00:47:52.429+0000] {dag.py:3834} INFO - Setting next_dagrun for example_sensors to None, run_after=None
[2026-08-26T00:47:52.491+0000] {processor.py:183} INFO - Processing /home/airflow/.local/lib/python3.8/site-packages/airflow/example_dags/example_sensors.py took 0.132 seconds
[2026-08-26T00:48:22.924+0000] {processor.py:161} INFO - Started process (PID=475) to work on /home/airflow/.local/lib/python3.8/site-packages/airflow/example_dags/example_sensors.py
[2026-08-26T00:48:22.927+0000] {processor.py:830} INFO - Processing file /home/airflow/.local/lib/python3.8/site-packages/airflow/example_dags/example_sensors.py for tasks to queue
[2026-08-26T00:48:22.930+0000] {logging_mixin.py:188} INFO - [2026-08-26T00:48:22.930+0000] {dagbag.py:540} INFO - Filling up the DagBag from /home/airflow/.local/lib/python3.8/site-packages/airflow/example_dags/example_sensors.py
[2026-08-26T00:48:22.942+0000] {processor.py:840} INFO - DAG(s) 'example_sensors' retrieved from /home/airflow/.local/lib/python3.8/site-packages/airflow/example_dags/example_sensors.py
[2026-08-26T00:48:22.975+0000] {logging_mixin.py:188} INFO - [2026-08-26T00:48:22.974+0000] {dag.py:3047} INFO - Sync 1 DAGs
[2026-08-26T00:48:22.988+0000] {logging_mixin.py:188} INFO - [2026-08-26T00:48:22.988+0000] {dag.py:3834} INFO - Setting next_dagrun for example_sensors to None, run_after=None
[2026-08-26T00:48:23.038+0000] {processor.py:183} INFO - Processing /home/airflow/.local/lib/python3.8/site-packages/airflow/example_dags/example_sensors.py took 0.119 seconds
[2026-08-26T00:48:53.438+0000] {processor.py:161} INFO - Started process (PID=532) to work on /home/airflow/.local/lib/python3.8/site-packages/airflow/example_dags/example_sensors.py
[2026-08-26T00:48:53.440+0000] {processor.py:830} INFO - Processing file /home/airflow/.local/lib/python3.8/site-packages/airflow/example_dags/example_sensors.py for tasks to queue
[2026-08-26T00:48:53.443+0000] {logging_mixin.py:188} INFO - [2026-08-26T00:48:53.442+0000] {dagbag.py:540} INFO - Filling up the DagBag from /home/airflow/.local/lib/python3.8/site-packages/airflow/example_dags/example_sensors.py
[2026-08-26T00:48:53.453+0000] {processor.py:840} INFO - DAG(s) 'example_sensors' retrieved from /home/airflow/.local/lib/python3.8/site-packages/airflow/example_dags/example_sensors.py
[2026-08-26T00:48:53.484+0000] {logging_mixin.py:188} INFO - [2026-08-26T00:48:53.483+0000] {dag.py:3047} INFO - Sync 1 DAGs
[2026-08-26T00:48:53.500+0000] {logging_mixin.py:188} INFO - [2026-08-26T00:48:53.500+0000] {dag.py:3834} INFO - Setting next_dagrun for example_sensors to None, run_after=None
[2026-08-26T00:48:53.545+0000] {processor.py:183} INFO - Processing /home/airflow/.local/lib/python3.8/site-packages/airflow/example_dags/example_sensors.py took 0.111 seconds
[2026-08-26T00:49:23.907+0000] {processor.py:161} INFO - Started process (PID=589) to work on /home/airflow/.local/lib/python3.8/site-packages/airflow/example_dags/example_sensors.py
[2026-08-26T00:49:23.909+0000] {processor.py:830} INFO - Processing file /home/airflow/.local/lib/python3.8/site-packages/airflow/example_dags/example_sensors.py for tasks to queue
[2026-08-26T00:49:23.912+0000] {logging_mixin.py:188} INFO - [2026-08-26T00:49:23.911+0000] {dagbag.py:540} INFO - Filling up the DagBag from /home/airflow/.local/lib/python3.8/site-packages/airflow/example_dags/example_sensors.py
[2026-08-26T00:49:23.924+0000] {processor.py:840} INFO - DAG(s) 'example_sensors' retrieved from /home/airflow/.local/lib/python3.8/site-packages/airflow/example_dags/example_sensors.py
[2026-08-26T00:49:23.954+0000] {logging_mixin.py:188} INFO - [2026-08-26T00:49:23.954+0000] {dag.py:3047} INFO - Sync 1 DAGs
[2026-08-26T00:49:23.969+0000] {logging_mixin.py:188} INFO - [2026-08-26T00:49:23.969+0000] {dag.py:3834} INFO - Setting next_dagrun for example_sensors to None, run_after=None
[2026-08-26T00:49:24.032+0000] {processor.py:183} INFO - Processing /home/airflow/.local/lib/python3.8/site-packages/airflow/example_dags/example_sensors.py took 0.129 seconds
[2026-08-26T00:49:54.515+0000] {processor.py:161} INFO - Started process (PID=646) to work on /home/airflow/.local/lib/python3.8/site-packages/airflow/example_dags/example_sensors.py
[2026-08-26T00:49:54.517+0000] {processor.py:830} INFO - Processing file /home/airflow/.local/lib/python3.8/site-packages/airflow/example_dags/example_sensors.py for tasks to queue
[2026-08-26T00:49:54.520+0000] {logging_mixin.py:188} INFO - [2026-08-26T00:49:54.519+0000] {dagbag.py:540} INFO - Filling up the DagBag from /home/airflow/.local/lib/python3.8/site-packages/airflow/example_dags/example_sensors.py
[2026-08-26T00:49:54.532+0000] {processor.py:840} INFO - DAG(s) 'example_sensors' retrieved from /home/airflow/.local/lib/python3.8/site-packages/airflow/example_dags/example_sensors.py
[2026-08-26T00:49:54.565+0000] {logging_mixin.py:188} INFO - [2026-08-26T00:49:54.564+0000] {dag.py:3047} INFO - Sync 1 DAGs
[2026-08-26T00:49:54.579+0000] {logging_mixin.py:188} INFO - [2026-08-26T00:49:54.578+0000] {dag.py:3834} INFO - Setting next_dagrun for example_sensors to None, run_after=None
[2026-08-26T00:49:54.638+0000] {processor.py:183} INFO - Processing /home/airflow/.local/lib/python3.8/site-packages/airflow/example_dags/example_sensors.py took 0.127 seconds
[2026-08-26T00:50:24.869+0000] {processor.py:161} INFO - Started process (PID=702) to work on /home/airflow/.local/lib/python3.8/site-packages/airflow/example_dags/example_sensors.py
[2026-08-26T00:50:24.871+0000] {processor.py:830} INFO - Processing file /home/airflow/.local/lib/python3.8/site-packages/airflow/example_dags/example_sensors.py for tasks to queue
[2026-08-26T00:50:24.873+0000] {logging_mixin.py:188} INFO - [2026-08-26T00:50:24.873+0000] {dagbag.py:540} INFO - Filling up the DagBag from /home/airflow/.local/lib/python3.8/site-packages/airflow/example_dags/example_sensors.py
[2026-08-26T00:50:24.884+0000] {processor.py:840} INFO - DAG(s) 'example_sensors' retrieved from /home/airflow/.local/lib/python3.8/site-packages/airflow/example_dags/example_sensors.py
[2026-08-26T00:50:24.914+0000] {logging_mixin.py:188} INFO - [2026-08-26T00:50:24.914+0000] {dag.py:3047} INFO - Sync 1 DAGs
[2026-08-26T00:50:24.928+0000] {logging_mixin.py:188} INFO - [2026-08-26T00:50:24.928+0000] {dag.py:3834} INFO - Setting next_dagrun for example_sensors to None, run_after=None
[2026-08-26T00:50:25.027+0000] {processor.py:183} INFO - Processing /home/airflow/.local/lib/python3.8/site-packages/airflow/example_dags/example_sensors.py took 0.162 seconds
[2026-08-26T00:50:55.215+0000] {processor.py:161} INFO - Started process (PID=758) to work on /home/airflow/.local/lib/python3.8/site-packages/airflow/example_dags/example_sensors.py
[2026-08-26T00:50:55.217+0000] {processor.py:830} INFO - Processing file /home/airflow/.local/lib/python3.8/site-packages/airflow/example_dags/example_sensors.py for tasks to queue
[2026-08-26T00:50:55.221+0000] {logging_mixin.py:188} INFO - [2026-08-26T00:50:55.220+0000] {dagbag.py:540} INFO - Filling up the DagBag from /home/airflow/.local/lib/python3.8/site-packages/airflow/example_dags/example_sensors.py
[2026-08-26T00:50:55.233+0000] {processor.py:840} INFO - DAG(s) 'example_sensors' retrieved from /home/airflow/.local/lib/python3.8/site-packages/airflow/example_dags/example_sensors.py
[2026-08-26T00:50:55.263+0000] {logging_mixin.py:188} INFO - [2026-08-26T00:50:55.263+0000] {dag.py:3047} INFO - Sync 1 DAGs
[2026-08-26T00:50:55.276+0000] {logging_mixin.py:188} INFO - [2026-08-26T00:50:55.276+0000] {dag.py:3834} INFO - Setting next_dagrun for example_sensors to None, run_after=None
[2026-08-26T00:50:55.319+0000] {processor.py:183} INFO - Processing /home/airflow/.local/lib/python3.8/site-packages/airflow/example_dags/example_sensors.py took 0.107 seconds
[2026-08-26T00:51:25.979+0000] {processor.py:161} INFO - Started process (PID=821) to work on /home/airflow/.local/lib/python3.8/site-packages/airflow/example_dags/example_sensors.py
[2026-08-26T00:51:25.981+0000] {processor.py:830} INFO - Processing file /home/airflow/.local/lib/python3.8/site-packages/airflow/example_dags/example_sensors.py for tasks to queue
[2026-08-26T00:51:25.984+0000] {logging_mixin.py:188} INFO - [2026-08-26T00:51:25.984+0000] {dagbag.py:540} INFO - Filling up the DagBag from /home/airflow/.local/lib/python3.8/site-packages/airflow/example_dags/example_sensors.py
[2026-08-26T00:51:25.993+0000] {processor.py:840} INFO - DAG(s) 'example_sensors' retrieved from /home/airflow/.local/lib/python3.8/site-packages/airflow/example_dags/example_sensors.py
[2026-08-26T00:51:26.028+0000] {logging_mixin.py:188} INFO - [2026-08-26T00:51:26.027+0000] {dag.py:3047} INFO - Sync 1 DAGs
[2026-08-26T00:51:26.043+0000] {logging_mixin.py:188} INFO - [2026-08-26T00:51:26.043+0000] {dag.py:3834} INFO - Setting next_dagrun for example_sensors to None, run_after=None
[2026-08-26T00:51:26.069+0000] {processor.py:183} INFO - Processing /home/airflow/.local/lib/python3.8/site-packages/airflow/example_dags/example_sensors.py took 0.094 seconds
[2026-08-26T00:51:56.171+0000] {processor.py:161} INFO - Started process (PID=878) to work on /home/airflow/.local/lib/python3.8/site-packages/airflow/example_dags/example_sensors.py
[2026-08-26T00:51:56.173+0000] {processor.py:830} INFO - Processing file /home/airflow/.local/lib/python3.8/site-packages/airflow/example_dags/example_sensors.py for tasks to queue
[2026-08-26T00:51:56.175+0000] {logging_mixin.py:188} INFO - [2026-08-26T00:51:56.175+0000] {dagbag.py:540} INFO - Filling up the DagBag from /home/airflow/.local/lib/python3.8/site-packages/airflow/example_dags/example_sensors.py
[2026-08-26T00:51:56.185+0000] {processor.py:840} INFO - DAG(s) 'example_sensors' retrieved from /home/airflow/.local/lib/python3.8/site-packages/airflow/example_dags/example_sensors.py
[2026-08-26T00:51:56.221+0000] {logging_mixin.py:188} INFO - [2026-08-26T00:51:56.221+0000] {dag.py:3047} INFO - Sync 1 DAGs
[2026-08-26T00:51:56.235+0000] {logging_mixin.py:188} INFO - [2026-08-26T00:51:56.235+0000] {dag.py:3834} INFO - Setting next_dagrun for example_sensors to None, run_after=None
[2026-08-26T00:51:56.259+0000] {processor.py:183} INFO - Processing /home/airflow/.local/lib/python3.8/site-packages/airflow/example_dags/example_sensors.py took 0.094 seconds
[2026-08-26T00:52:27.112+0000] {processor.py:161} INFO - Started process (PID=935) to work on /home/airflow/.local/lib/python3.8/site-packages/airflow/example_dags/example_sensors.py
[2026-08-26T00:52:27.114+0000] {processor.py:830} INFO - Processing file /home/airflow/.local/lib/python3.8/site-packages/airflow/example_dags/example_sensors.py for tasks to queue
[2026-08-26T00:52:27.117+0000] {logging_mixin.py:188} INFO - [2026-08-26T00:52:27.117+0000] {dagbag.py:540} INFO - Filling up the DagBag from /home/airflow/.local/lib/python3.8/site-packages/airflow/example_dags/example_sensors.py
[2026-08-26T00:52:27.130+0000] {processor.py:840} INFO - DAG(s) 'example_sensors' retrieved from /home/airflow/.local/lib/python3.8/site-packages/airflow/example_dags/example_sensors.py
[2026-08-26T00:52:27.164+0000] {logging_mixin.py:188} INFO - [2026-08-26T00:52:27.164+0000] {dag.py:3047} INFO - Sync 1 DAGs
[2026-08-26T00:52:27.181+0000] {logging_mixin.py:188} INFO - [2026-08-26T00:52:27.181+0000] {dag.py:3834} INFO - Setting next_dagrun for example_sensors to None, run_after=None
[2026-08-26T00:52:27.204+0000] {processor.py:183} INFO - Processing /home/airflow/.local/lib/python3.8/site-packages/airflow/example_dags/example_sensors.py took 0.098 seconds
[2026-08-26T00:52:57.667+0000] {processor.py:161} INFO - Started process (PID=992) to work on /home/airflow/.local/lib/python3.8/site-packages/airflow/example_dags/example_sensors.py
[2026-08-26T00:52:57.669+0000] {processor.py:830} INFO - Processing file /home/airflow/.local/lib/python3.8/site-packages/airflow/example_dags/example_sensors.py for tasks to queue
[2026-08-26T00:52:57.673+0000] {logging_mixin.py:188} INFO - [2026-08-26T00:52:57.673+0000] {dagbag.py:540} INFO - Filling up the DagBag from /home/airflow/.local/lib/python3.8/site-packages/airflow/example_dags/example_sensors.py
[2026-08-26T00:52:57.691+0000] {processor.py:840} INFO - DAG(s) 'example_sensors' retrieved from /home/airflow/.local/lib/python3.8/site-packages/airflow/example_dags/example_sensors.py
[2026-08-26T00:52:57.727+0000] {logging_mixin.py:188} INFO - [2026-08-26T00:52:57.726+0000] {dag.py:3047} INFO - Sync 1 DAGs
[2026-08-26T00:52:57.743+0000] {logging_mixin.py:188} INFO - [2026-08-26T00:52:57.743+0000] {dag.py:3834} INFO - Setting next_dagrun for example_sensors to None, run_after=None
[2026-08-26T00:52:57.771+0000] {processor.py:183} INFO - Processing /home/airflow/.local/lib/python3.8/site-packages/airflow/example_dags/example_sensors.py took 0.109 seconds
[2026-08-26T00:53:28.541+0000] {processor.py:161} INFO - Started process (PID=1049) to work on /home/airflow/.local/lib/python3.8/site-packages/airflow/example_dags/example_sensors.py
[2026-08-26T00:53:28.543+0000] {processor.py:830} INFO - Processing file /home/airflow/.local/lib/python3.8/site-packages/airflow/example_dags/example_sensors.py for tasks to queue
[2026-08-26T00:53:28.547+0000] {logging_mixin.py:188} INFO - [2026-08-26T00:53:28.547+0000] {dagbag.py:540} INFO - Filling up the DagBag from /home/airflow/.local/lib/python3.8/site-packages/airflow/example_dags/example_sensors.py
[2026-08-26T00:53:28.560+0000] {processor.py:840} INFO - DAG(s) 'example_sensors' retrieved from /home/airflow/.local/lib/python3.8/site-packages/airflow/example_dags/example_sensors.py
[2026-08-26T00:53:28.592+0000] {logging_mixin.py:188} INFO - [2026-08-26T00:53:28.591+0000] {dag.py:3047} INFO - Sync 1 DAGs
[2026-08-26T00:53:28.607+0000] {logging_mixin.py:188} INFO - [2026-08-26T00:53:28.607+0000] {dag.py:3834} INFO - Setting next_dagrun for example_sensors to None, run_after=None
[2026-08-26T00:53:28.630+0000] {processor.py:183} INFO - Processing /home/airflow/.local/lib/python3.8/site-packages/airflow/example_dags/example_sensors.py took 0.095 seconds
[2026-08-26T00:53:58.975+0000] {processor.py:161} INFO - Started process (PID=1106) to work on /home/airflow/.local/lib/python3.8/site-packages/airflow/example_dags/example_sensors.py
[2026-08-26T00:53:58.977+0000] {processor.py:830} INFO - Processing file /home/airflow/.local/lib/python3.8/site-packages/airflow/example_dags/example_sensors.py for tasks to queue
[2026-08-26T00:53:58.979+0000] {logging_mixin.py:188} INFO - [2026-08-26T00:53:58.979+0000] {dagbag.py:540} INFO - Filling up the DagBag from /home/airflow/.local/lib/python3.8/site-packages/airflow/example_dags/example_sensors.py
[2026-08-26T00:53:58.989+0000] {processor.py:840} INFO - DAG(s) 'example_sensors' retrieved from /home/airflow/.local/lib/python3.8/site-packages/airflow/example_dags/example_sensors.py
[2026-08-26T00:53:59.016+0000] {logging_mixin.py:188} INFO - [2026-08-26T00:53:59.016+0000] {dag.py:3047} INFO - Sync 1 DAGs
[2026-08-26T00:53:59.035+0000] {logging_mixin.py:188} INFO - [2026-08-26T00:53:59.035+0000] {dag.py:3834} INFO - Setting next_dagrun for example_sensors to None, run_after=None
[2026-08-26T00:53:59.058+0000] {processor.py:183} INFO - Processing /home/airflow/.local/lib/python3.8/site-packages/airflow/example_dags/example_sensors.py took 0.087 seconds
[2026-08-26T00:54:29.365+0000] {processor.py:161} INFO - Started process (PID=1163) to work on /home/airflow/.local/lib/python3.8/site-packages/airflow/example_dags/example_sensors.py
[2026-08-26T00:54:29.367+0000] {processor.py:830} INFO - Processing file /home/airflow/.local/lib/python3.8/site-packages/airflow/example_dags/example_sensors.py for tasks to queue
[2026-08-26T00:54:29.370+0000] {logging_mixin.py:188} INFO - [2026-08-26T00:54:29.369+0000] {dagbag.py:540} INFO - Filling up the DagBag from /home/airflow/.local/lib/python3.8/site-packages/airflow/example_dags/example_sensors.py
[2026-08-26T00:54:29.382+0000] {processor.py:840} INFO - DAG(s) 'example_sensors' retrieved from /home/airflow/.local/lib/python3.8/site-packages/airflow/example_dags/example_sensors.py
[2026-08-26T00:54:29.414+0000] {logging_mixin.py:188} INFO - [2026-08-26T00:54:29.414+0000] {dag.py:3047} INFO - Sync 1 DAGs
[2026-08-26T00:54:29.430+0000] {logging_mixin.py:188} INFO - [2026-08-26T00:54:29.429+0000] {dag.py:3834} INFO - Setting next_dagrun for example_sensors to None, run_after=None
[2026-08-26T00:54:29.452+0000] {processor.py:183} INFO - Processing /home/airflow/.local/lib/python3.8/site-packages/airflow/example_dags/example_sensors.py took 0.093 seconds
[2026-08-26T00:55:00.082+0000] {processor.py:161} INFO - Started process (PID=1220) to work on /home/airflow/.local/lib/python3.8/site-packages/airflow/example_dags/example_sensors.py
[2026-08-26T00:55:00.085+0000] {processor.py:830} INFO - Processing file /home/airflow/.local/lib/python3.8/site-packages/airflow/example_dags/example_sensors.py for tasks to queue
[2026-08-26T00:55:00.088+0000] {logging_mixin.py:188} INFO - [2026-08-26T00:55:00.088+0000] {dagbag.py:540} INFO - Filling up the DagBag from /home/airflow/.local/lib/python3.8/site-packages/airflow/example_dags/example_sensors.py
[2026-08-26T00:55:00.101+0000] {processor.py:840} INFO - DAG(s) 'example_sensors' retrieved from /home/airflow/.local/lib/python3.8/site-packages/airflow/example_dags/example_sensors.py
[2026-08-26T00:55:00.133+0000] {logging_mixin.py:188} INFO - [2026-08-26T00:55:00.133+0000] {dag.py:3047} INFO - Sync 1 DAGs
[2026-08-26T00:55:00.148+0000] {logging_mixin.py:188} INFO - [2026-08-26T00:55:00.148+0000] {dag.py:3834} INFO - Setting next_dagrun for example_sensors to None, run_after=None
[2026-08-26T00:55:00.173+0000] {processor.py:183} INFO - Processing /home/airflow/.local/lib/python3.8/site-packages/airflow/example_dags/example_sensors.py took 0.096 seconds
[2026-08-26T00:55:30.273+0000] {processor.py:161} INFO - Started process (PID=1277) to work on /home/airflow/.local/lib/python3.8/site-packages/airflow/example_dags/example_sensors.py
[2026-08-26T00:55:30.275+0000] {processor.py:830} INFO - Processing file /home/airflow/.local/lib/python3.8/site-packages/airflow/example_dags/example_sensors.py for tasks to queue
[2026-08-26T00:55:30.278+0000] {logging_mixin.py:188} INFO - [2026-08-26T00:55:30.278+0000] {dagbag.py:540} INFO - Filling up the DagBag from /home/airflow/.local/lib/python3.8/site-packages/airflow/example_dags/example_sensors.py
[2026-08-26T00:55:30.290+0000] {processor.py:840} INFO - DAG(s) 'example_sensors' retrieved from /home/airflow/.local/lib/python3.8/site-packages/airflow/example_dags/example_sensors.py
[2026-08-26T00:55:30.321+0000] {logging_mixin.py:188} INFO - [2026-08-26T00:55:30.321+0000] {dag.py:3047} INFO - Sync 1 DAGs
[2026-08-26T00:55:30.335+0000] {logging_mixin.py:188} INFO - [2026-08-26T00:55:30.334+0000] {dag.py:3834} INFO - Setting next_dagrun for example_sensors to None, run_after=None
[2026-08-26T00:55:30.358+0000] {processor.py:183} INFO - Processing /home/airflow/.local/lib/python3.8/site-packages/airflow/example_dags/example_sensors.py took 0.090 seconds
[2026-08-26T00:56:00.514+0000] {processor.py:161} INFO - Started process (PID=1334) to work on /home/airflow/.local/lib/python3.8/site-packages/airflow/example_dags/example_sensors.py
[2026-08-26T00:56:00.516+0000] {processor.py:830} INFO - Processing file /home/airflow/.local/lib/python3.8/site-packages/airflow/example_dags/example_sensors.py for tasks to queue
[2026-08-26T00:56:00.519+0000] {logging_mixin.py:188} INFO - [2026-08-26T00:56:00.518+0000] {dagbag.py:540} INFO - Filling up the DagBag from /home/airflow/.local/lib/python3.8/site-packages/airflow/example_dags/example_sensors.py
[2026-08-26T00:56:00.528+0000] {processor.py:840} INFO - DAG(s) 'example_sensors' retrieved from /home/airflow/.local/lib/python3.8/site-packages/airflow/example_dags/example_sensors.py
[2026-08-26T00:56:00.558+0000] {logging_mixin.py:188} INFO - [2026-08-26T00:56:00.558+0000] {dag.py:3047} INFO - Sync 1 DAGs
[2026-08-26T00:56:00.572+0000] {logging_mixin.py:188} INFO - [2026-08-26T00:56:00.571+0000] {dag.py:3834} INFO - Setting next_dagrun for example_sensors to None, run_after=None
[2026-08-26T00:56:00.593+0000] {processor.py:183} INFO - Processing /home/airflow/.local/lib/python3.8/site-packages/airflow/example_dags/example_sensors.py took 0.082 seconds
[2026-08-26T00:56:31.169+0000] {processor.py:161} INFO - Started process (PID=1391) to work on /home/airflow/.local/lib/python3.8/site-packages/airflow/example_dags/example_sensors.py
[2026-08-26T00:56:31.171+0000] {processor.py:830} INFO - Processing file /home/airflow/.local/lib/python3.8/site-packages/airflow/example_dags/example_sensors.py for tasks to queue
[2026-08-26T00:56:31.174+0000] {logging_mixin.py:188} INFO - [2026-08-26T00:56:31.173+0000] {dagbag.py:540} INFO - Filling up the DagBag from /home/airflow/.local/lib/python3.8/site-packages/airflow/example_dags/example_sensors.py
[2026-08-26T00:56:31.184+0000] {processor.py:840} INFO - DAG(s) 'example_sensors' retrieved from /home/airflow/.local/lib/python3.8/site-packages/airflow/example_dags/example_sensors.py
[2026-08-26T00:56:31.214+0000] {logging_mixin.py:188} INFO - [2026-08-26T00:56:31.213+0000] {dag.py:3047} INFO - Sync 1 DAGs
[2026-08-26T00:56:31.228+0000] {logging_mixin.py:188} INFO - [2026-08-26T00:56:31.228+0000] {dag.py:3834} INFO - Setting next_dagrun for example_sensors to None, run_after=None
[2026-08-26T00:56:31.252+0000] {processor.py:183} INFO - Processing /home/airflow/.local/lib/python3.8/site-packages/airflow/example_dags/example_sensors.py took 0.088 seconds
[2026-08-26T00:57:01.651+0000] {processor.py:161} INFO - Started process (PID=1448) to work on /home/airflow/.local/lib/python3.8/site-packages/airflow/example_dags/example_sensors.py
[2026-08-26T00:57:01.653+0000] {processor.py:830} INFO - Processing file /home/airflow/.local/lib/python3.8/site-packages/airflow/example_dags/example_sensors.py for tasks to queue
[2026-08-26T00:57:01.656+0000] {logging_mixin.py:188} INFO - [2026-08-26T00:57:01.655+0000] {dagbag.py:540} INFO - Filling up the DagBag from /home/airflow/.local/lib/python3.8/site-packages/airflow/example_dags/example_sensors.py
[2026-08-26T00:57:01.667+0000] {processor.py:840} INFO - DAG(s) 'example_sensors' retrieved from /home/airflow/.local/lib/python3.8/site-packages/airflow/example_dags/example_sensors.py
[2026-08-26T00:57:01.698+0000] {logging_mixin.py:188} INFO - [2026-08-26T00:57:01.698+0000] {dag.py:3047} INFO - Sync 1 DAGs
[2026-08-26T00:57:01.713+0000] {logging_mixin.py:188} INFO - [2026-08-26T00:57:01.713+0000] {dag.py:3834} INFO - Setting next_dagrun for example_sensors to None, run_after=None
[2026-08-26T00:57:01.740+0000] {processor.py:183} INFO - Processing /home/airflow/.local/lib/python3.8/site-packages/airflow/example_dags/example_sensors.py took 0.093 seconds
[2026-08-26T00:57:31.866+0000] {processor.py:161} INFO - Started process (PID=1505) to work on /home/airflow/.local/lib/python3.8/site-packages/airflow/example_dags/example_sensors.py
[2026-08-26T00:57:31.868+0000] {processor.py:830} INFO - Processing file /home/airflow/.local/lib/python3.8/site-packages/airflow/example_dags/example_sensors.py for tasks to queue
[2026-08-26T00:57:31.871+0000] {logging_mixin.py:188} INFO - [2026-08-26T00:57:31.871+0000] {dagbag.py:540} INFO - Filling up the DagBag from /home/airflow/.local/lib/python3.8/site-packages/airflow/example_dags/example_sensors.py
[2026-08-26T00:57:31.884+0000] {processor.py:840} INFO - DAG(s) 'example_sensors' retrieved from /home/airflow/.local/lib/python3.8/site-packages/airflow/example_dags/example_sensors.py
[2026-08-26T00:57:31.911+0000] {logging_mixin.py:188} INFO - [2026-08-26T00:57:31.910+0000] {dag.py:3047} INFO - Sync 1 DAGs
[2026-08-26T00:57:31.925+0000] {logging_mixin.py:188} INFO - [2026-08-26T00:57:31.925+0000] {dag.py:3834} INFO - Setting next_dagrun for example_sensors to None, run_after=None
[2026-08-26T00:57:31.947+0000] {processor.py:183} INFO - Processing /home/airflow/.local/lib/python3.8/site-packages/airflow/example_dags/example_sensors.py took 0.084 seconds
[2026-08-26T00:58:02.315+0000] {processor.py:161} INFO - Started process (PID=1562) to work on /home/airflow/.local/lib/python3.8/site-packages/airflow/example_dags/example_sensors.py
[2026-08-26T00:58:02.317+0000] {processor.py:830} INFO - Processing file /home/airflow/.local/lib/python3.8/site-packages/airflow/example_dags/example_sensors.py for tasks to queue
[2026-08-26T00:58:02.319+0000] {logging_mixin.py:188} INFO - [2026-08-26T00:58:02.319+0000] {dagbag.py:540} INFO - Filling up the DagBag from /home/airflow/.local/lib/python3.8/site-packages/airflow/example_dags/example_sensors.py
[2026-08-26T00:58:02.332+0000] {processor.py:840} INFO - DAG(s) 'example_sensors' retrieved from /home/airflow/.local/lib/python3.8/site-packages/airflow/example_dags/example_sensors.py
[2026-08-26T00:58:02.369+0000] {logging_mixin.py:188} INFO - [2026-08-26T00:58:02.368+0000] {dag.py:3047} INFO - Sync 1 DAGs
[2026-08-26T00:58:02.382+0000] {logging_mixin.py:188} INFO - [2026-08-26T00:58:02.382+0000] {dag.py:3834} INFO - Setting next_dagrun for example_sensors to None, run_after=None
[2026-08-26T00:58:02.403+0000] {processor.py:183} INFO - Processing /home/airflow/.local/lib/python3.8/site-packages/airflow/example_dags/example_sensors.py took 0.091 seconds
[2026-08-26T00:58:32.692+0000] {processor.py:161} INFO - Started process (PID=1619) to work on /home/airflow/.local/lib/python3.8/site-packages/airflow/example_dags/example_sensors.py
[2026-08-26T00:58:32.694+0000] {processor.py:830} INFO - Processing file /home/airflow/.local/lib/python3.8/site-packages/airflow/example_dags/example_sensors.py for tasks to queue
[2026-08-26T00:58:32.698+0000] {logging_mixin.py:188} INFO - [2026-08-26T00:58:32.697+0000] {dagbag.py:540} INFO - Filling up the DagBag from /home/airflow/.local/lib/python3.8/site-packages/airflow/example_dags/example_sensors.py
[2026-08-26T00:58:32.709+0000] {processor.py:840} INFO - DAG(s) 'example_sensors' retrieved from /home/airflow/.local/lib/python3.8/site-packages/airflow/example_dags/example_sensors.py
[2026-08-26T00:58:32.737+0000] {logging_mixin.py:188} INFO - [2026-08-26T00:58:32.737+0000] {dag.py:3047} INFO - Sync 1 DAGs
[2026-08-26T00:58:32.751+0000] {logging_mixin.py:188} INFO - [2026-08-26T00:58:32.751+0000] {dag.py:3834} INFO - Setting next_dagrun for example_sensors to None, run_after=None
[2026-08-26T00:58:32.778+0000] {processor.py:183} INFO - Processing /home/airflow/.local/lib/python3.8/site-packages/airflow/example_dags/example_sensors.py took 0.090 seconds
[2026-08-26T00:59:02.906+0000] {processor.py:161} INFO - Started process (PID=1676) to work on /home/airflow/.local/lib/python3.8/site-packages/airflow/example_dags/example_sensors.py
[2026-08-26T00:59:02.908+0000] {processor.py:830} INFO - Processing file /home/airflow/.local/lib/python3.8/site-packages/airflow/example_dags/example_sensors.py for tasks to queue
[2026-08-26T00:59:02.910+0000] {logging_mixin.py:188} INFO - [2026-08-26T00:59:02.910+0000] {dagbag.py:540} INFO - Filling up the DagBag from /home/airflow/.local/lib/python3.8/site-packages/airflow/example_dags/example_sensors.py
[2026-08-26T00:59:02.925+0000] {processor.py:840} INFO - DAG(s) 'example_sensors' retrieved from /home/airflow/.local/lib/python3.8/site-packages/airflow/example_dags/example_sensors.py
[2026-08-26T00:59:02.959+0000] {logging_mixin.py:188} INFO - [2026-08-26T00:59:02.959+0000] {dag.py:3047} INFO - Sync 1 DAGs
[2026-08-26T00:59:02.983+0000] {logging_mixin.py:188} INFO - [2026-08-26T00:59:02.982+0000] {dag.py:3834} INFO - Setting next_dagrun for example_sensors to None, run_after=None
[2026-08-26T00:59:03.045+0000] {processor.py:183} INFO - Processing /home/airflow/.local/lib/python3.8/site-packages/airflow/example_dags/example_sensors.py took 0.145 seconds
[2026-08-26T00:59:33.730+0000] {processor.py:161} INFO - Started process (PID=1733) to work on /home/airflow/.local/lib/python3.8/site-packages/airflow/example_dags/example_sensors.py
[2026-08-26T00:59:33.732+0000] {processor.py:830} INFO - Processing file /home/airflow/.local/lib/python3.8/site-packages/airflow/example_dags/example_sensors.py for tasks to queue
[2026-08-26T00:59:33.735+0000] {logging_mixin.py:188} INFO - [2026-08-26T00:59:33.734+0000] {dagbag.py:540} INFO - Filling up the DagBag from /home/airflow/.local/lib/python3.8/site-packages/airflow/example_dags/example_sensors.py
[2026-08-26T00:59:33.747+0000] {processor.py:840} INFO - DAG(s) 'example_sensors' retrieved from /home/airflow/.local/lib/python3.8/site-packages/airflow/example_dags/example_sensors.py
[2026-08-26T00:59:33.790+0000] {logging_mixin.py:188} INFO - [2026-08-26T00:59:33.789+0000] {dag.py:3047} INFO - Sync 1 DAGs
[2026-08-26T00:59:33.805+0000] {logging_mixin.py:188} INFO - [2026-08-26T00:59:33.805+0000] {dag.py:3834} INFO - Setting next_dagrun for example_sensors to None, run_after=None
[2026-08-26T00:59:33.828+0000] {processor.py:183} INFO - Processing /home/airflow/.local/lib/python3.8/site-packages/airflow/example_dags/example_sensors.py took 0.104 seconds
[2026-08-26T01:00:03.935+0000] {processor.py:161} INFO - Started process (PID=1790) to work on /home/airflow/.local/lib/python3.8/site-packages/airflow/example_dags/example_sensors.py
[2026-08-26T01:00:03.937+0000] {processor.py:830} INFO - Processing file /home/airflow/.local/lib/python3.8/site-packages/airflow/example_dags/example_sensors.py for tasks to queue
[2026-08-26T01:00:03.940+0000] {logging_mixin.py:188} INFO - [2026-08-26T01:00:03.939+0000] {dagbag.py:540} INFO - Filling up the DagBag from /home/airflow/.local/lib/python3.8/site-packages/airflow/example_dags/example_sensors.py
[2026-08-26T01:00:03.951+0000] {processor.py:840} INFO - DAG(s) 'example_sensors' retrieved from /home/airflow/.local/lib/python3.8/site-packages/airflow/example_dags/example_sensors.py
[2026-08-26T01:00:03.982+0000] {logging_mixin.py:188} INFO - [2026-08-26T01:00:03.981+0000] {dag.py:3047} INFO - Sync 1 DAGs
[2026-08-26T01:00:03.996+0000] {logging_mixin.py:188} INFO - [2026-08-26T01:00:03.995+0000] {dag.py:3834} INFO - Setting next_dagrun for example_sensors to None, run_after=None
[2026-08-26T01:00:04.021+0000] {processor.py:183} INFO - Processing /home/airflow/.local/lib/python3.8/site-packages/airflow/example_dags/example_sensors.py took 0.090 seconds
[2026-08-26T01:00:34.380+0000] {processor.py:161} INFO - Started process (PID=1847) to work on /home/airflow/.local/lib/python3.8/site-packages/airflow/example_dags/example_sensors.py
[2026-08-26T01:00:34.381+0000] {processor.py:830} INFO - Processing file /home/airflow/.local/lib/python3.8/site-packages/airflow/example_dags/example_sensors.py for tasks to queue
[2026-08-26T01:00:34.384+0000] {logging_mixin.py:188} INFO - [2026-08-26T01:00:34.384+0000] {dagbag.py:540} INFO - Filling up the DagBag from /home/airflow/.local/lib/python3.8/site-packages/airflow/example_dags/example_sensors.py
[2026-08-26T01:00:34.395+0000] {processor.py:840} INFO - DAG(s) 'example_sensors' retrieved from /home/airflow/.local/lib/python3.8/site-packages/airflow/example_dags/example_sensors.py
[2026-08-26T01:00:34.428+0000] {logging_mixin.py:188} INFO - [2026-08-26T01:00:34.428+0000] {dag.py:3047} INFO - Sync 1 DAGs
[2026-08-26T01:00:34.441+0000] {logging_mixin.py:188} INFO - [2026-08-26T01:00:34.441+0000] {dag.py:3834} INFO - Setting next_dagrun for example_sensors to None, run_after=None
[2026-08-26T01:00:34.465+0000] {processor.py:183} INFO - Processing /home/airflow/.local/lib/python3.8/site-packages/airflow/example_dags/example_sensors.py took 0.091 seconds
[2026-08-26T01:01:04.544+0000] {processor.py:161} INFO - Started process (PID=1904) to work on /home/airflow/.local/lib/python3.8/site-packages/airflow/example_dags/example_sensors.py
[2026-08-26T01:01:04.546+0000] {processor.py:830} INFO - Processing file /home/airflow/.local/lib/python3.8/site-packages/airflow/example_dags/example_sensors.py for tasks to queue
[2026-08-26T01:01:04.549+0000] {logging_mixin.py:188} INFO - [2026-08-26T01:01:04.549+0000] {dagbag.py:540} INFO - Filling up the DagBag from /home/airflow/.local/lib/python3.8/site-packages/airflow/example_dags/example_sensors.py
[2026-08-26T01:01:04.562+0000] {processor.py:840} INFO - DAG(s) 'example_sensors' retrieved from /home/airflow/.local/lib/python3.8/site-packages/airflow/example_dags/example_sensors.py
[2026-08-26T01:01:04.595+0000] {logging_mixin.py:188} INFO - [2026-08-26T01:01:04.595+0000] {dag.py:3047} INFO - Sync 1 DAGs
[2026-08-26T01:01:04.611+0000] {logging_mixin.py:188} INFO - [2026-08-26T01:01:04.611+0000] {dag.py:3834} INFO - Setting next_dagrun for example_sensors to None, run_after=None
[2026-08-26T01:01:04.640+0000] {processor.py:183} INFO - Processing /home/airflow/.local/lib/python3.8/site-packages/airflow/example_dags/example_sensors.py took 0.099 seconds
[2026-08-26T01:01:35.437+0000] {processor.py:161} INFO - Started process (PID=1961) to work on /home/airflow/.local/lib/python3.8/site-packages/airflow/example_dags/example_sensors.py
[2026-08-26T01:01:35.440+0000] {processor.py:830} INFO - Processing file /home/airflow/.local/lib/python3.8/site-packages/airflow/example_dags/example_sensors.py for tasks to queue
[2026-08-26T01:01:35.443+0000] {logging_mixin.py:188} INFO - [2026-08-26T01:01:35.443+0000] {dagbag.py:540} INFO - Filling up the DagBag from /home/airflow/.local/lib/python3.8/site-packages/airflow/example_dags/example_sensors.py
[2026-08-26T01:01:35.454+0000] {processor.py:840} INFO - DAG(s) 'example_sensors' retrieved from /home/airflow/.local/lib/python3.8/site-packages/airflow/example_dags/example_sensors.py
[2026-08-26T01:01:35.484+0000] {logging_mixin.py:188} INFO - [2026-08-26T01:01:35.484+0000] {dag.py:3047} INFO - Sync 1 DAGs
[2026-08-26T01:01:35.501+0000] {logging_mixin.py:188} INFO - [2026-08-26T01:01:35.501+0000] {dag.py:3834} INFO - Setting next_dagrun for example_sensors to None, run_after=None
[2026-08-26T01:01:35.527+0000] {processor.py:183} INFO - Processing /home/airflow/.local/lib/python3.8/site-packages/airflow/example_dags/example_sensors.py took 0.094 seconds
[2026-08-26T01:02:05.876+0000] {processor.py:161} INFO - Started process (PID=2018) to work on /home/airflow/.local/lib/python3.8/site-packages/airflow/example_dags/example_sensors.py
[2026-08-26T01:02:05.877+0000] {processor.py:830} INFO - Processing file /home/airflow/.local/lib/python3.8/site-packages/airflow/example_dags/example_sensors.py for tasks to queue
[2026-08-26T01:02:05.880+0000] {logging_mixin.py:188} INFO - [2026-08-26T01:02:05.879+0000] {dagbag.py:540} INFO - Filling up the DagBag from /home/airflow/.local/lib/python3.8/site-packages/airflow/example_dags/example_sensors.py
[2026-08-26T01:02:05.891+0000] {processor.py:840} INFO - DAG(s) 'example_sensors' retrieved from /home/airflow/.local/lib/python3.8/site-packages/airflow/example_dags/example_sensors.py
[2026-08-26T01:02:05.918+0000] {logging_mixin.py:188} INFO - [2026-08-26T01:02:05.918+0000] {dag.py:3047} INFO - Sync 1 DAGs
[2026-08-26T01:02:05.930+0000] {logging_mixin.py:188} INFO - [2026-08-26T01:02:05.930+0000] {dag.py:3834} INFO - Setting next_dagrun for example_sensors to None, run_after=None
[2026-08-26T01:02:05.952+0000] {processor.py:183} INFO - Processing /home/airflow/.local/lib/python3.8/site-packages/airflow/example_dags/example_sensors.py took 0.080 seconds
[2026-08-26T01:02:36.558+0000] {processor.py:161} INFO - Started process (PID=2075) to work on /home/airflow/.local/lib/python3.8/site-packages/airflow/example_dags/example_sensors.py
[2026-08-26T01:02:36.561+0000] {processor.py:830} INFO - Processing file /home/airflow/.local/lib/python3.8/site-packages/airflow/example_dags/example_sensors.py for tasks to queue
[2026-08-26T01:02:36.564+0000] {logging_mixin.py:188} INFO - [2026-08-26T01:02:36.563+0000] {dagbag.py:540} INFO - Filling up the DagBag from /home/airflow/.local/lib/python3.8/site-packages/airflow/example_dags/example_sensors.py
[2026-08-26T01:02:36.576+0000] {processor.py:840} INFO - DAG(s) 'example_sensors' retrieved from /home/airflow/.local/lib/python3.8/site-packages/airflow/example_dags/example_sensors.py
[2026-08-26T01:02:36.615+0000] {logging_mixin.py:188} INFO - [2026-08-26T01:02:36.614+0000] {dag.py:3047} INFO - Sync 1 DAGs
[2026-08-26T01:02:36.632+0000] {logging_mixin.py:188} INFO - [2026-08-26T01:02:36.632+0000] {dag.py:3834} INFO - Setting next_dagrun for example_sensors to None, run_after=None
[2026-08-26T01:02:36.661+0000] {processor.py:183} INFO - Processing /home/airflow/.local/lib/python3.8/site-packages/airflow/example_dags/example_sensors.py took 0.108 seconds
[2026-08-26T01:03:07.367+0000] {processor.py:161} INFO - Started process (PID=2132) to work on /home/airflow/.local/lib/python3.8/site-packages/airflow/example_dags/example_sensors.py
[2026-08-26T01:03:07.369+0000] {processor.py:830} INFO - Processing file /home/airflow/.local/lib/python3.8/site-packages/airflow/example_dags/example_sensors.py for tasks to queue
[2026-08-26T01:03:07.372+0000] {logging_mixin.py:188} INFO - [2026-08-26T01:03:07.372+0000] {dagbag.py:540} INFO - Filling up the DagBag from /home/airflow/.local/lib/python3.8/site-packages/airflow/example_dags/example_sensors.py
[2026-08-26T01:03:07.385+0000] {processor.py:840} INFO - DAG(s) 'example_sensors' retrieved from /home/airflow/.local/lib/python3.8/site-packages/airflow/example_dags/example_sensors.py
[2026-08-26T01:03:07.418+0000] {logging_mixin.py:188} INFO - [2026-08-26T01:03:07.418+0000] {dag.py:3047} INFO - Sync 1 DAGs
[2026-08-26T01:03:07.434+0000] {logging_mixin.py:188} INFO - [2026-08-26T01:03:07.433+0000] {dag.py:3834} INFO - Setting next_dagrun for example_sensors to None, run_after=None
[2026-08-26T01:03:07.459+0000] {processor.py:183} INFO - Processing /home/airflow/.local/lib/python3.8/site-packages/airflow/example_dags/example_sensors.py took 0.096 seconds
[2026-08-26T01:03:37.628+0000] {processor.py:161} INFO - Started process (PID=2189) to work on /home/airflow/.local/lib/python3.8/site-packages/airflow/example_dags/example_sensors.py
[2026-08-26T01:03:37.629+0000] {processor.py:830} INFO - Processing file /home/airflow/.local/lib/python3.8/site-packages/airflow/example_dags/example_sensors.py for tasks to queue
[2026-08-26T01:03:37.632+0000] {logging_mixin.py:188} INFO - [2026-08-26T01:03:37.632+0000] {dagbag.py:540} INFO - Filling up the DagBag from /home/airflow/.local/lib/python3.8/site-packages/airflow/example_dags/example_sensors.py
[2026-08-26T01:03:37.643+0000] {processor.py:840} INFO - DAG(s) 'example_sensors' retrieved from /home/airflow/.local/lib/python3.8/site-packages/airflow/example_dags/example_sensors.py
[2026-08-26T01:03:37.677+0000] {logging_mixin.py:188} INFO - [2026-08-26T01:03:37.677+0000] {dag.py:3047} INFO - Sync 1 DAGs
[2026-08-26T01:03:37.694+0000] {logging_mixin.py:188} INFO - [2026-08-26T01:03:37.694+0000] {dag.py:3834} INFO - Setting next_dagrun for example_sensors to None, run_after=None
[2026-08-26T01:03:37.721+0000] {processor.py:183} INFO - Processing /home/airflow/.local/lib/python3.8/site-packages/airflow/example_dags/example_sensors.py took 0.098 seconds
[2026-08-26T01:04:07.992+0000] {processor.py:161} INFO - Started process (PID=2246) to work on /home/airflow/.local/lib/python3.8/site-packages/airflow/example_dags/example_sensors.py
[2026-08-26T01:04:07.994+0000] {processor.py:830} INFO - Processing file /home/airflow/.local/lib/python3.8/site-packages/airflow/example_dags/example_sensors.py for tasks to queue
[2026-08-26T01:04:07.997+0000] {logging_mixin.py:188} INFO - [2026-08-26T01:04:07.996+0000] {dagbag.py:540} INFO - Filling up the DagBag from /home/airflow/.local/lib/python3.8/site-packages/airflow/example_dags/example_sensors.py
[2026-08-26T01:04:08.012+0000] {processor.py:840} INFO - DAG(s) 'example_sensors' retrieved from /home/airflow/.local/lib/python3.8/site-packages/airflow/example_dags/example_sensors.py
[2026-08-26T01:04:08.045+0000] {logging_mixin.py:188} INFO - [2026-08-26T01:04:08.045+0000] {dag.py:3047} INFO - Sync 1 DAGs
[2026-08-26T01:04:08.063+0000] {logging_mixin.py:188} INFO - [2026-08-26T01:04:08.063+0000] {dag.py:3834} INFO - Setting next_dagrun for example_sensors to None, run_after=None
[2026-08-26T01:04:08.086+0000] {processor.py:183} INFO - Processing /home/airflow/.local/lib/python3.8/site-packages/airflow/example_dags/example_sensors.py took 0.100 seconds
[2026-08-26T01:04:38.474+0000] {processor.py:161} INFO - Started process (PID=2303) to work on /home/airflow/.local/lib/python3.8/site-packages/airflow/example_dags/example_sensors.py
[2026-08-26T01:04:38.475+0000] {processor.py:830} INFO - Processing file /home/airflow/.local/lib/python3.8/site-packages/airflow/example_dags/example_sensors.py for tasks to queue
[2026-08-26T01:04:38.478+0000] {logging_mixin.py:188} INFO - [2026-08-26T01:04:38.478+0000] {dagbag.py:540} INFO - Filling up the DagBag from /home/airflow/.local/lib/python3.8/site-packages/airflow/example_dags/example_sensors.py
[2026-08-26T01:04:38.490+0000] {processor.py:840} INFO - DAG(s) 'example_sensors' retrieved from /home/airflow/.local/lib/python3.8/site-packages/airflow/example_dags/example_sensors.py
[2026-08-26T01:04:38.521+0000] {logging_mixin.py:188} INFO - [2026-08-26T01:04:38.520+0000] {dag.py:3047} INFO - Sync 1 DAGs
[2026-08-26T01:04:38.534+0000] {logging_mixin.py:188} INFO - [2026-08-26T01:04:38.534+0000] {dag.py:3834} INFO - Setting next_dagrun for example_sensors to None, run_after=None
[2026-08-26T01:04:38.557+0000] {processor.py:183} INFO - Processing /home/airflow/.local/lib/python3.8/site-packages/airflow/example_dags/example_sensors.py took 0.088 seconds
[2026-08-26T17:48:06.798+0000] {processor.py:161} INFO - Started process (PID=87) to work on /home/airflow/.local/lib/python3.8/site-packages/airflow/example_dags/example_sensors.py
[2026-08-26T17:48:06.801+0000] {processor.py:830} INFO - Processing file /home/airflow/.local/lib/python3.8/site-packages/airflow/example_dags/example_sensors.py for tasks to queue
[2026-08-26T17:48:06.807+0000] {logging_mixin.py:188} INFO - [2026-08-26T17:48:06.806+0000] {dagbag.py:540} INFO - Filling up the DagBag from /home/airflow/.local/lib/python3.8/site-packages/airflow/example_dags/example_sensors.py
[2026-08-26T17:48:06.830+0000] {processor.py:840} INFO - DAG(s) 'example_sensors' retrieved from /home/airflow/.local/lib/python3.8/site-packages/airflow/example_dags/example_sensors.py
[2026-08-26T17:48:06.933+0000] {logging_mixin.py:188} INFO - [2026-08-26T17:48:06.932+0000] {dag.py:3047} INFO - Sync 1 DAGs
[2026-08-26T17:48:06.971+0000] {logging_mixin.py:188} INFO - [2026-08-26T17:48:06.970+0000] {dag.py:3834} INFO - Setting next_dagrun for example_sensors to None, run_after=None
[2026-08-26T17:48:07.033+0000] {processor.py:183} INFO - Processing /home/airflow/.local/lib/python3.8/site-packages/airflow/example_dags/example_sensors.py took 0.242 seconds
[2026-08-26T17:48:37.284+0000] {processor.py:161} INFO - Started process (PID=144) to work on /home/airflow/.local/lib/python3.8/site-packages/airflow/example_dags/example_sensors.py
[2026-08-26T17:48:37.285+0000] {processor.py:830} INFO - Processing file /home/airflow/.local/lib/python3.8/site-packages/airflow/example_dags/example_sensors.py for tasks to queue
[2026-08-26T17:48:37.291+0000] {logging_mixin.py:188} INFO - [2026-08-26T17:48:37.291+0000] {dagbag.py:540} INFO - Filling up the DagBag from /home/airflow/.local/lib/python3.8/site-packages/airflow/example_dags/example_sensors.py
[2026-08-26T17:48:37.310+0000] {processor.py:840} INFO - DAG(s) 'example_sensors' retrieved from /home/airflow/.local/lib/python3.8/site-packages/airflow/example_dags/example_sensors.py
[2026-08-26T17:48:37.348+0000] {logging_mixin.py:188} INFO - [2026-08-26T17:48:37.348+0000] {dag.py:3047} INFO - Sync 1 DAGs
[2026-08-26T17:48:37.370+0000] {logging_mixin.py:188} INFO - [2026-08-26T17:48:37.369+0000] {dag.py:3834} INFO - Setting next_dagrun for example_sensors to None, run_after=None
[2026-08-26T17:48:37.399+0000] {processor.py:183} INFO - Processing /home/airflow/.local/lib/python3.8/site-packages/airflow/example_dags/example_sensors.py took 0.119 seconds
[2026-08-26T17:49:08.149+0000] {processor.py:161} INFO - Started process (PID=201) to work on /home/airflow/.local/lib/python3.8/site-packages/airflow/example_dags/example_sensors.py
[2026-08-26T17:49:08.152+0000] {processor.py:830} INFO - Processing file /home/airflow/.local/lib/python3.8/site-packages/airflow/example_dags/example_sensors.py for tasks to queue
[2026-08-26T17:49:08.158+0000] {logging_mixin.py:188} INFO - [2026-08-26T17:49:08.158+0000] {dagbag.py:540} INFO - Filling up the DagBag from /home/airflow/.local/lib/python3.8/site-packages/airflow/example_dags/example_sensors.py
[2026-08-26T17:49:08.176+0000] {processor.py:840} INFO - DAG(s) 'example_sensors' retrieved from /home/airflow/.local/lib/python3.8/site-packages/airflow/example_dags/example_sensors.py
[2026-08-26T17:49:08.223+0000] {logging_mixin.py:188} INFO - [2026-08-26T17:49:08.223+0000] {dag.py:3047} INFO - Sync 1 DAGs
[2026-08-26T17:49:08.248+0000] {logging_mixin.py:188} INFO - [2026-08-26T17:49:08.248+0000] {dag.py:3834} INFO - Setting next_dagrun for example_sensors to None, run_after=None
[2026-08-26T17:49:08.299+0000] {processor.py:183} INFO - Processing /home/airflow/.local/lib/python3.8/site-packages/airflow/example_dags/example_sensors.py took 0.155 seconds
[2026-08-26T17:49:38.560+0000] {processor.py:161} INFO - Started process (PID=258) to work on /home/airflow/.local/lib/python3.8/site-packages/airflow/example_dags/example_sensors.py
[2026-08-26T17:49:38.562+0000] {processor.py:830} INFO - Processing file /home/airflow/.local/lib/python3.8/site-packages/airflow/example_dags/example_sensors.py for tasks to queue
[2026-08-26T17:49:38.569+0000] {logging_mixin.py:188} INFO - [2026-08-26T17:49:38.567+0000] {dagbag.py:540} INFO - Filling up the DagBag from /home/airflow/.local/lib/python3.8/site-packages/airflow/example_dags/example_sensors.py
[2026-08-26T17:49:38.592+0000] {processor.py:840} INFO - DAG(s) 'example_sensors' retrieved from /home/airflow/.local/lib/python3.8/site-packages/airflow/example_dags/example_sensors.py
[2026-08-26T17:49:38.639+0000] {logging_mixin.py:188} INFO - [2026-08-26T17:49:38.638+0000] {dag.py:3047} INFO - Sync 1 DAGs
[2026-08-26T17:49:38.659+0000] {logging_mixin.py:188} INFO - [2026-08-26T17:49:38.659+0000] {dag.py:3834} INFO - Setting next_dagrun for example_sensors to None, run_after=None
[2026-08-26T17:49:38.693+0000] {processor.py:183} INFO - Processing /home/airflow/.local/lib/python3.8/site-packages/airflow/example_dags/example_sensors.py took 0.136 seconds
[2026-08-26T17:50:11.143+0000] {processor.py:161} INFO - Started process (PID=315) to work on /home/airflow/.local/lib/python3.8/site-packages/airflow/example_dags/example_sensors.py
[2026-08-26T17:50:11.160+0000] {processor.py:830} INFO - Processing file /home/airflow/.local/lib/python3.8/site-packages/airflow/example_dags/example_sensors.py for tasks to queue
[2026-08-26T17:50:11.164+0000] {logging_mixin.py:188} INFO - [2026-08-26T17:50:11.163+0000] {dagbag.py:540} INFO - Filling up the DagBag from /home/airflow/.local/lib/python3.8/site-packages/airflow/example_dags/example_sensors.py
[2026-08-26T17:50:11.214+0000] {processor.py:840} INFO - DAG(s) 'example_sensors' retrieved from /home/airflow/.local/lib/python3.8/site-packages/airflow/example_dags/example_sensors.py
[2026-08-26T17:50:11.384+0000] {logging_mixin.py:188} INFO - [2026-08-26T17:50:11.382+0000] {dag.py:3047} INFO - Sync 1 DAGs
[2026-08-26T17:50:11.452+0000] {logging_mixin.py:188} INFO - [2026-08-26T17:50:11.451+0000] {dag.py:3834} INFO - Setting next_dagrun for example_sensors to None, run_after=None
[2026-08-26T17:50:11.671+0000] {processor.py:183} INFO - Processing /home/airflow/.local/lib/python3.8/site-packages/airflow/example_dags/example_sensors.py took 0.543 seconds
[2026-08-26T17:50:41.740+0000] {processor.py:161} INFO - Started process (PID=372) to work on /home/airflow/.local/lib/python3.8/site-packages/airflow/example_dags/example_sensors.py
[2026-08-26T17:50:41.741+0000] {processor.py:830} INFO - Processing file /home/airflow/.local/lib/python3.8/site-packages/airflow/example_dags/example_sensors.py for tasks to queue
[2026-08-26T17:50:41.744+0000] {logging_mixin.py:188} INFO - [2026-08-26T17:50:41.744+0000] {dagbag.py:540} INFO - Filling up the DagBag from /home/airflow/.local/lib/python3.8/site-packages/airflow/example_dags/example_sensors.py
[2026-08-26T17:50:41.760+0000] {processor.py:840} INFO - DAG(s) 'example_sensors' retrieved from /home/airflow/.local/lib/python3.8/site-packages/airflow/example_dags/example_sensors.py
[2026-08-26T17:50:41.802+0000] {logging_mixin.py:188} INFO - [2026-08-26T17:50:41.802+0000] {dag.py:3047} INFO - Sync 1 DAGs
[2026-08-26T17:50:41.822+0000] {logging_mixin.py:188} INFO - [2026-08-26T17:50:41.822+0000] {dag.py:3834} INFO - Setting next_dagrun for example_sensors to None, run_after=None
[2026-08-26T17:50:41.852+0000] {processor.py:183} INFO - Processing /home/airflow/.local/lib/python3.8/site-packages/airflow/example_dags/example_sensors.py took 0.116 seconds
[2026-08-26T17:51:12.687+0000] {processor.py:161} INFO - Started process (PID=429) to work on /home/airflow/.local/lib/python3.8/site-packages/airflow/example_dags/example_sensors.py
[2026-08-26T17:51:12.688+0000] {processor.py:830} INFO - Processing file /home/airflow/.local/lib/python3.8/site-packages/airflow/example_dags/example_sensors.py for tasks to queue
[2026-08-26T17:51:12.696+0000] {logging_mixin.py:188} INFO - [2026-08-26T17:51:12.694+0000] {dagbag.py:540} INFO - Filling up the DagBag from /home/airflow/.local/lib/python3.8/site-packages/airflow/example_dags/example_sensors.py
[2026-08-26T17:51:12.719+0000] {processor.py:840} INFO - DAG(s) 'example_sensors' retrieved from /home/airflow/.local/lib/python3.8/site-packages/airflow/example_dags/example_sensors.py
[2026-08-26T17:51:12.756+0000] {logging_mixin.py:188} INFO - [2026-08-26T17:51:12.756+0000] {dag.py:3047} INFO - Sync 1 DAGs
[2026-08-26T17:51:12.785+0000] {logging_mixin.py:188} INFO - [2026-08-26T17:51:12.785+0000] {dag.py:3834} INFO - Setting next_dagrun for example_sensors to None, run_after=None
[2026-08-26T17:51:12.814+0000] {processor.py:183} INFO - Processing /home/airflow/.local/lib/python3.8/site-packages/airflow/example_dags/example_sensors.py took 0.131 seconds
[2026-08-26T17:51:42.989+0000] {processor.py:161} INFO - Started process (PID=485) to work on /home/airflow/.local/lib/python3.8/site-packages/airflow/example_dags/example_sensors.py
[2026-08-26T17:51:42.993+0000] {processor.py:830} INFO - Processing file /home/airflow/.local/lib/python3.8/site-packages/airflow/example_dags/example_sensors.py for tasks to queue
[2026-08-26T17:51:42.997+0000] {logging_mixin.py:188} INFO - [2026-08-26T17:51:42.996+0000] {dagbag.py:540} INFO - Filling up the DagBag from /home/airflow/.local/lib/python3.8/site-packages/airflow/example_dags/example_sensors.py
[2026-08-26T17:51:43.012+0000] {processor.py:840} INFO - DAG(s) 'example_sensors' retrieved from /home/airflow/.local/lib/python3.8/site-packages/airflow/example_dags/example_sensors.py
[2026-08-26T17:51:43.050+0000] {logging_mixin.py:188} INFO - [2026-08-26T17:51:43.050+0000] {dag.py:3047} INFO - Sync 1 DAGs
[2026-08-26T17:51:43.070+0000] {logging_mixin.py:188} INFO - [2026-08-26T17:51:43.069+0000] {dag.py:3834} INFO - Setting next_dagrun for example_sensors to None, run_after=None
[2026-08-26T17:51:43.098+0000] {processor.py:183} INFO - Processing /home/airflow/.local/lib/python3.8/site-packages/airflow/example_dags/example_sensors.py took 0.113 seconds
[2026-08-26T17:52:13.816+0000] {processor.py:161} INFO - Started process (PID=542) to work on /home/airflow/.local/lib/python3.8/site-packages/airflow/example_dags/example_sensors.py
[2026-08-26T17:52:13.818+0000] {processor.py:830} INFO - Processing file /home/airflow/.local/lib/python3.8/site-packages/airflow/example_dags/example_sensors.py for tasks to queue
[2026-08-26T17:52:13.825+0000] {logging_mixin.py:188} INFO - [2026-08-26T17:52:13.825+0000] {dagbag.py:540} INFO - Filling up the DagBag from /home/airflow/.local/lib/python3.8/site-packages/airflow/example_dags/example_sensors.py
[2026-08-26T17:52:13.839+0000] {processor.py:840} INFO - DAG(s) 'example_sensors' retrieved from /home/airflow/.local/lib/python3.8/site-packages/airflow/example_dags/example_sensors.py
[2026-08-26T17:52:13.880+0000] {logging_mixin.py:188} INFO - [2026-08-26T17:52:13.880+0000] {dag.py:3047} INFO - Sync 1 DAGs
[2026-08-26T17:52:13.896+0000] {logging_mixin.py:188} INFO - [2026-08-26T17:52:13.896+0000] {dag.py:3834} INFO - Setting next_dagrun for example_sensors to None, run_after=None
[2026-08-26T17:52:13.928+0000] {processor.py:183} INFO - Processing /home/airflow/.local/lib/python3.8/site-packages/airflow/example_dags/example_sensors.py took 0.116 seconds
[2026-08-26T17:52:44.233+0000] {processor.py:161} INFO - Started process (PID=599) to work on /home/airflow/.local/lib/python3.8/site-packages/airflow/example_dags/example_sensors.py
[2026-08-26T17:52:44.237+0000] {processor.py:830} INFO - Processing file /home/airflow/.local/lib/python3.8/site-packages/airflow/example_dags/example_sensors.py for tasks to queue
[2026-08-26T17:52:44.242+0000] {logging_mixin.py:188} INFO - [2026-08-26T17:52:44.241+0000] {dagbag.py:540} INFO - Filling up the DagBag from /home/airflow/.local/lib/python3.8/site-packages/airflow/example_dags/example_sensors.py
[2026-08-26T17:52:44.257+0000] {processor.py:840} INFO - DAG(s) 'example_sensors' retrieved from /home/airflow/.local/lib/python3.8/site-packages/airflow/example_dags/example_sensors.py
[2026-08-26T17:52:44.298+0000] {logging_mixin.py:188} INFO - [2026-08-26T17:52:44.298+0000] {dag.py:3047} INFO - Sync 1 DAGs
[2026-08-26T17:52:44.327+0000] {logging_mixin.py:188} INFO - [2026-08-26T17:52:44.327+0000] {dag.py:3834} INFO - Setting next_dagrun for example_sensors to None, run_after=None
[2026-08-26T17:52:44.361+0000] {processor.py:183} INFO - Processing /home/airflow/.local/lib/python3.8/site-packages/airflow/example_dags/example_sensors.py took 0.132 seconds
[2026-08-26T17:53:14.942+0000] {processor.py:161} INFO - Started process (PID=657) to work on /home/airflow/.local/lib/python3.8/site-packages/airflow/example_dags/example_sensors.py
[2026-08-26T17:53:14.944+0000] {processor.py:830} INFO - Processing file /home/airflow/.local/lib/python3.8/site-packages/airflow/example_dags/example_sensors.py for tasks to queue
[2026-08-26T17:53:14.948+0000] {logging_mixin.py:188} INFO - [2026-08-26T17:53:14.948+0000] {dagbag.py:540} INFO - Filling up the DagBag from /home/airflow/.local/lib/python3.8/site-packages/airflow/example_dags/example_sensors.py
[2026-08-26T17:53:14.970+0000] {processor.py:840} INFO - DAG(s) 'example_sensors' retrieved from /home/airflow/.local/lib/python3.8/site-packages/airflow/example_dags/example_sensors.py
[2026-08-26T17:53:15.010+0000] {logging_mixin.py:188} INFO - [2026-08-26T17:53:15.010+0000] {dag.py:3047} INFO - Sync 1 DAGs
[2026-08-26T17:53:15.032+0000] {logging_mixin.py:188} INFO - [2026-08-26T17:53:15.032+0000] {dag.py:3834} INFO - Setting next_dagrun for example_sensors to None, run_after=None
[2026-08-26T17:53:15.076+0000] {processor.py:183} INFO - Processing /home/airflow/.local/lib/python3.8/site-packages/airflow/example_dags/example_sensors.py took 0.140 seconds
[2026-08-26T17:53:45.272+0000] {processor.py:161} INFO - Started process (PID=714) to work on /home/airflow/.local/lib/python3.8/site-packages/airflow/example_dags/example_sensors.py
[2026-08-26T17:53:45.274+0000] {processor.py:830} INFO - Processing file /home/airflow/.local/lib/python3.8/site-packages/airflow/example_dags/example_sensors.py for tasks to queue
[2026-08-26T17:53:45.276+0000] {logging_mixin.py:188} INFO - [2026-08-26T17:53:45.276+0000] {dagbag.py:540} INFO - Filling up the DagBag from /home/airflow/.local/lib/python3.8/site-packages/airflow/example_dags/example_sensors.py
[2026-08-26T17:53:45.295+0000] {processor.py:840} INFO - DAG(s) 'example_sensors' retrieved from /home/airflow/.local/lib/python3.8/site-packages/airflow/example_dags/example_sensors.py
[2026-08-26T17:53:45.329+0000] {logging_mixin.py:188} INFO - [2026-08-26T17:53:45.329+0000] {dag.py:3047} INFO - Sync 1 DAGs
[2026-08-26T17:53:45.344+0000] {logging_mixin.py:188} INFO - [2026-08-26T17:53:45.344+0000] {dag.py:3834} INFO - Setting next_dagrun for example_sensors to None, run_after=None
[2026-08-26T17:53:45.375+0000] {processor.py:183} INFO - Processing /home/airflow/.local/lib/python3.8/site-packages/airflow/example_dags/example_sensors.py took 0.108 seconds
[2026-08-26T17:54:15.600+0000] {processor.py:161} INFO - Started process (PID=771) to work on /home/airflow/.local/lib/python3.8/site-packages/airflow/example_dags/example_sensors.py
[2026-08-26T17:54:15.605+0000] {processor.py:830} INFO - Processing file /home/airflow/.local/lib/python3.8/site-packages/airflow/example_dags/example_sensors.py for tasks to queue
[2026-08-26T17:54:15.612+0000] {logging_mixin.py:188} INFO - [2026-08-26T17:54:15.610+0000] {dagbag.py:540} INFO - Filling up the DagBag from /home/airflow/.local/lib/python3.8/site-packages/airflow/example_dags/example_sensors.py
[2026-08-26T17:54:15.637+0000] {processor.py:840} INFO - DAG(s) 'example_sensors' retrieved from /home/airflow/.local/lib/python3.8/site-packages/airflow/example_dags/example_sensors.py
[2026-08-26T17:54:15.705+0000] {logging_mixin.py:188} INFO - [2026-08-26T17:54:15.701+0000] {dag.py:3047} INFO - Sync 1 DAGs
[2026-08-26T17:54:15.744+0000] {logging_mixin.py:188} INFO - [2026-08-26T17:54:15.743+0000] {dag.py:3834} INFO - Setting next_dagrun for example_sensors to None, run_after=None
[2026-08-26T17:54:15.806+0000] {processor.py:183} INFO - Processing /home/airflow/.local/lib/python3.8/site-packages/airflow/example_dags/example_sensors.py took 0.215 seconds
[2026-08-26T17:54:46.254+0000] {processor.py:161} INFO - Started process (PID=828) to work on /home/airflow/.local/lib/python3.8/site-packages/airflow/example_dags/example_sensors.py
[2026-08-26T17:54:46.257+0000] {processor.py:830} INFO - Processing file /home/airflow/.local/lib/python3.8/site-packages/airflow/example_dags/example_sensors.py for tasks to queue
[2026-08-26T17:54:46.262+0000] {logging_mixin.py:188} INFO - [2026-08-26T17:54:46.261+0000] {dagbag.py:540} INFO - Filling up the DagBag from /home/airflow/.local/lib/python3.8/site-packages/airflow/example_dags/example_sensors.py
[2026-08-26T17:54:46.278+0000] {processor.py:840} INFO - DAG(s) 'example_sensors' retrieved from /home/airflow/.local/lib/python3.8/site-packages/airflow/example_dags/example_sensors.py
[2026-08-26T17:54:46.312+0000] {logging_mixin.py:188} INFO - [2026-08-26T17:54:46.312+0000] {dag.py:3047} INFO - Sync 1 DAGs
[2026-08-26T17:54:46.335+0000] {logging_mixin.py:188} INFO - [2026-08-26T17:54:46.335+0000] {dag.py:3834} INFO - Setting next_dagrun for example_sensors to None, run_after=None
[2026-08-26T17:54:46.367+0000] {processor.py:183} INFO - Processing /home/airflow/.local/lib/python3.8/site-packages/airflow/example_dags/example_sensors.py took 0.119 seconds
[2026-08-26T17:55:16.814+0000] {processor.py:161} INFO - Started process (PID=885) to work on /home/airflow/.local/lib/python3.8/site-packages/airflow/example_dags/example_sensors.py
[2026-08-26T17:55:16.817+0000] {processor.py:830} INFO - Processing file /home/airflow/.local/lib/python3.8/site-packages/airflow/example_dags/example_sensors.py for tasks to queue
[2026-08-26T17:55:16.829+0000] {logging_mixin.py:188} INFO - [2026-08-26T17:55:16.828+0000] {dagbag.py:540} INFO - Filling up the DagBag from /home/airflow/.local/lib/python3.8/site-packages/airflow/example_dags/example_sensors.py
[2026-08-26T17:55:16.851+0000] {processor.py:840} INFO - DAG(s) 'example_sensors' retrieved from /home/airflow/.local/lib/python3.8/site-packages/airflow/example_dags/example_sensors.py
[2026-08-26T17:55:16.913+0000] {logging_mixin.py:188} INFO - [2026-08-26T17:55:16.912+0000] {dag.py:3047} INFO - Sync 1 DAGs
[2026-08-26T17:55:16.949+0000] {logging_mixin.py:188} INFO - [2026-08-26T17:55:16.948+0000] {dag.py:3834} INFO - Setting next_dagrun for example_sensors to None, run_after=None
[2026-08-26T17:55:16.997+0000] {processor.py:183} INFO - Processing /home/airflow/.local/lib/python3.8/site-packages/airflow/example_dags/example_sensors.py took 0.191 seconds
[2026-08-26T17:55:47.424+0000] {processor.py:161} INFO - Started process (PID=942) to work on /home/airflow/.local/lib/python3.8/site-packages/airflow/example_dags/example_sensors.py
[2026-08-26T17:55:47.426+0000] {processor.py:830} INFO - Processing file /home/airflow/.local/lib/python3.8/site-packages/airflow/example_dags/example_sensors.py for tasks to queue
[2026-08-26T17:55:47.428+0000] {logging_mixin.py:188} INFO - [2026-08-26T17:55:47.428+0000] {dagbag.py:540} INFO - Filling up the DagBag from /home/airflow/.local/lib/python3.8/site-packages/airflow/example_dags/example_sensors.py
[2026-08-26T17:55:47.447+0000] {processor.py:840} INFO - DAG(s) 'example_sensors' retrieved from /home/airflow/.local/lib/python3.8/site-packages/airflow/example_dags/example_sensors.py
[2026-08-26T17:55:47.493+0000] {logging_mixin.py:188} INFO - [2026-08-26T17:55:47.493+0000] {dag.py:3047} INFO - Sync 1 DAGs
[2026-08-26T17:55:47.515+0000] {logging_mixin.py:188} INFO - [2026-08-26T17:55:47.515+0000] {dag.py:3834} INFO - Setting next_dagrun for example_sensors to None, run_after=None
[2026-08-26T17:55:47.579+0000] {processor.py:183} INFO - Processing /home/airflow/.local/lib/python3.8/site-packages/airflow/example_dags/example_sensors.py took 0.164 seconds
[2026-08-26T17:56:17.743+0000] {processor.py:161} INFO - Started process (PID=999) to work on /home/airflow/.local/lib/python3.8/site-packages/airflow/example_dags/example_sensors.py
[2026-08-26T17:56:17.745+0000] {processor.py:830} INFO - Processing file /home/airflow/.local/lib/python3.8/site-packages/airflow/example_dags/example_sensors.py for tasks to queue
[2026-08-26T17:56:17.750+0000] {logging_mixin.py:188} INFO - [2026-08-26T17:56:17.750+0000] {dagbag.py:540} INFO - Filling up the DagBag from /home/airflow/.local/lib/python3.8/site-packages/airflow/example_dags/example_sensors.py
[2026-08-26T17:56:17.763+0000] {processor.py:840} INFO - DAG(s) 'example_sensors' retrieved from /home/airflow/.local/lib/python3.8/site-packages/airflow/example_dags/example_sensors.py
[2026-08-26T17:56:17.812+0000] {logging_mixin.py:188} INFO - [2026-08-26T17:56:17.811+0000] {dag.py:3047} INFO - Sync 1 DAGs
[2026-08-26T17:56:17.841+0000] {logging_mixin.py:188} INFO - [2026-08-26T17:56:17.841+0000] {dag.py:3834} INFO - Setting next_dagrun for example_sensors to None, run_after=None
[2026-08-26T17:56:17.872+0000] {processor.py:183} INFO - Processing /home/airflow/.local/lib/python3.8/site-packages/airflow/example_dags/example_sensors.py took 0.133 seconds
[2026-08-26T17:56:48.188+0000] {processor.py:161} INFO - Started process (PID=1056) to work on /home/airflow/.local/lib/python3.8/site-packages/airflow/example_dags/example_sensors.py
[2026-08-26T17:56:48.190+0000] {processor.py:830} INFO - Processing file /home/airflow/.local/lib/python3.8/site-packages/airflow/example_dags/example_sensors.py for tasks to queue
[2026-08-26T17:56:48.193+0000] {logging_mixin.py:188} INFO - [2026-08-26T17:56:48.192+0000] {dagbag.py:540} INFO - Filling up the DagBag from /home/airflow/.local/lib/python3.8/site-packages/airflow/example_dags/example_sensors.py
[2026-08-26T17:56:48.208+0000] {processor.py:840} INFO - DAG(s) 'example_sensors' retrieved from /home/airflow/.local/lib/python3.8/site-packages/airflow/example_dags/example_sensors.py
[2026-08-26T17:56:48.252+0000] {logging_mixin.py:188} INFO - [2026-08-26T17:56:48.251+0000] {dag.py:3047} INFO - Sync 1 DAGs
[2026-08-26T17:56:48.271+0000] {logging_mixin.py:188} INFO - [2026-08-26T17:56:48.271+0000] {dag.py:3834} INFO - Setting next_dagrun for example_sensors to None, run_after=None
[2026-08-26T17:56:48.305+0000] {processor.py:183} INFO - Processing /home/airflow/.local/lib/python3.8/site-packages/airflow/example_dags/example_sensors.py took 0.127 seconds
[2026-08-26T17:57:18.654+0000] {processor.py:161} INFO - Started process (PID=1114) to work on /home/airflow/.local/lib/python3.8/site-packages/airflow/example_dags/example_sensors.py
[2026-08-26T17:57:18.655+0000] {processor.py:830} INFO - Processing file /home/airflow/.local/lib/python3.8/site-packages/airflow/example_dags/example_sensors.py for tasks to queue
[2026-08-26T17:57:18.659+0000] {logging_mixin.py:188} INFO - [2026-08-26T17:57:18.658+0000] {dagbag.py:540} INFO - Filling up the DagBag from /home/airflow/.local/lib/python3.8/site-packages/airflow/example_dags/example_sensors.py
[2026-08-26T17:57:18.674+0000] {processor.py:840} INFO - DAG(s) 'example_sensors' retrieved from /home/airflow/.local/lib/python3.8/site-packages/airflow/example_dags/example_sensors.py
[2026-08-26T17:57:18.717+0000] {logging_mixin.py:188} INFO - [2026-08-26T17:57:18.717+0000] {dag.py:3047} INFO - Sync 1 DAGs
[2026-08-26T17:57:18.733+0000] {logging_mixin.py:188} INFO - [2026-08-26T17:57:18.733+0000] {dag.py:3834} INFO - Setting next_dagrun for example_sensors to None, run_after=None
[2026-08-26T17:57:18.757+0000] {processor.py:183} INFO - Processing /home/airflow/.local/lib/python3.8/site-packages/airflow/example_dags/example_sensors.py took 0.108 seconds
[2026-08-26T17:57:49.360+0000] {processor.py:161} INFO - Started process (PID=1171) to work on /home/airflow/.local/lib/python3.8/site-packages/airflow/example_dags/example_sensors.py
[2026-08-26T17:57:49.363+0000] {processor.py:830} INFO - Processing file /home/airflow/.local/lib/python3.8/site-packages/airflow/example_dags/example_sensors.py for tasks to queue
[2026-08-26T17:57:49.367+0000] {logging_mixin.py:188} INFO - [2026-08-26T17:57:49.366+0000] {dagbag.py:540} INFO - Filling up the DagBag from /home/airflow/.local/lib/python3.8/site-packages/airflow/example_dags/example_sensors.py
[2026-08-26T17:57:49.386+0000] {processor.py:840} INFO - DAG(s) 'example_sensors' retrieved from /home/airflow/.local/lib/python3.8/site-packages/airflow/example_dags/example_sensors.py
[2026-08-26T17:57:49.421+0000] {logging_mixin.py:188} INFO - [2026-08-26T17:57:49.421+0000] {dag.py:3047} INFO - Sync 1 DAGs
[2026-08-26T17:57:49.439+0000] {logging_mixin.py:188} INFO - [2026-08-26T17:57:49.438+0000] {dag.py:3834} INFO - Setting next_dagrun for example_sensors to None, run_after=None
[2026-08-26T17:57:49.470+0000] {processor.py:183} INFO - Processing /home/airflow/.local/lib/python3.8/site-packages/airflow/example_dags/example_sensors.py took 0.118 seconds
[2026-08-26T17:58:19.647+0000] {processor.py:161} INFO - Started process (PID=1228) to work on /home/airflow/.local/lib/python3.8/site-packages/airflow/example_dags/example_sensors.py
[2026-08-26T17:58:19.664+0000] {processor.py:830} INFO - Processing file /home/airflow/.local/lib/python3.8/site-packages/airflow/example_dags/example_sensors.py for tasks to queue
[2026-08-26T17:58:19.691+0000] {logging_mixin.py:188} INFO - [2026-08-26T17:58:19.688+0000] {dagbag.py:540} INFO - Filling up the DagBag from /home/airflow/.local/lib/python3.8/site-packages/airflow/example_dags/example_sensors.py
[2026-08-26T17:58:19.768+0000] {processor.py:840} INFO - DAG(s) 'example_sensors' retrieved from /home/airflow/.local/lib/python3.8/site-packages/airflow/example_dags/example_sensors.py
[2026-08-26T17:58:19.896+0000] {logging_mixin.py:188} INFO - [2026-08-26T17:58:19.895+0000] {dag.py:3047} INFO - Sync 1 DAGs
[2026-08-26T17:58:19.947+0000] {logging_mixin.py:188} INFO - [2026-08-26T17:58:19.947+0000] {dag.py:3834} INFO - Setting next_dagrun for example_sensors to None, run_after=None
[2026-08-26T17:58:20.000+0000] {processor.py:183} INFO - Processing /home/airflow/.local/lib/python3.8/site-packages/airflow/example_dags/example_sensors.py took 0.381 seconds
[2026-08-26T17:58:50.487+0000] {processor.py:161} INFO - Started process (PID=1285) to work on /home/airflow/.local/lib/python3.8/site-packages/airflow/example_dags/example_sensors.py
[2026-08-26T17:58:50.489+0000] {processor.py:830} INFO - Processing file /home/airflow/.local/lib/python3.8/site-packages/airflow/example_dags/example_sensors.py for tasks to queue
[2026-08-26T17:58:50.491+0000] {logging_mixin.py:188} INFO - [2026-08-26T17:58:50.491+0000] {dagbag.py:540} INFO - Filling up the DagBag from /home/airflow/.local/lib/python3.8/site-packages/airflow/example_dags/example_sensors.py
[2026-08-26T17:58:50.503+0000] {processor.py:840} INFO - DAG(s) 'example_sensors' retrieved from /home/airflow/.local/lib/python3.8/site-packages/airflow/example_dags/example_sensors.py
[2026-08-26T17:58:50.537+0000] {logging_mixin.py:188} INFO - [2026-08-26T17:58:50.537+0000] {dag.py:3047} INFO - Sync 1 DAGs
[2026-08-26T17:58:50.549+0000] {logging_mixin.py:188} INFO - [2026-08-26T17:58:50.549+0000] {dag.py:3834} INFO - Setting next_dagrun for example_sensors to None, run_after=None
[2026-08-26T17:58:50.574+0000] {processor.py:183} INFO - Processing /home/airflow/.local/lib/python3.8/site-packages/airflow/example_dags/example_sensors.py took 0.093 seconds
[2026-08-26T17:59:20.798+0000] {processor.py:161} INFO - Started process (PID=1342) to work on /home/airflow/.local/lib/python3.8/site-packages/airflow/example_dags/example_sensors.py
[2026-08-26T17:59:20.801+0000] {processor.py:830} INFO - Processing file /home/airflow/.local/lib/python3.8/site-packages/airflow/example_dags/example_sensors.py for tasks to queue
[2026-08-26T17:59:20.804+0000] {logging_mixin.py:188} INFO - [2026-08-26T17:59:20.803+0000] {dagbag.py:540} INFO - Filling up the DagBag from /home/airflow/.local/lib/python3.8/site-packages/airflow/example_dags/example_sensors.py
[2026-08-26T17:59:20.815+0000] {processor.py:840} INFO - DAG(s) 'example_sensors' retrieved from /home/airflow/.local/lib/python3.8/site-packages/airflow/example_dags/example_sensors.py
[2026-08-26T17:59:20.843+0000] {logging_mixin.py:188} INFO - [2026-08-26T17:59:20.843+0000] {dag.py:3047} INFO - Sync 1 DAGs
[2026-08-26T17:59:20.859+0000] {logging_mixin.py:188} INFO - [2026-08-26T17:59:20.859+0000] {dag.py:3834} INFO - Setting next_dagrun for example_sensors to None, run_after=None
[2026-08-26T17:59:20.885+0000] {processor.py:183} INFO - Processing /home/airflow/.local/lib/python3.8/site-packages/airflow/example_dags/example_sensors.py took 0.091 seconds
[2026-08-26T17:59:51.635+0000] {processor.py:161} INFO - Started process (PID=1399) to work on /home/airflow/.local/lib/python3.8/site-packages/airflow/example_dags/example_sensors.py
[2026-08-26T17:59:51.637+0000] {processor.py:830} INFO - Processing file /home/airflow/.local/lib/python3.8/site-packages/airflow/example_dags/example_sensors.py for tasks to queue
[2026-08-26T17:59:51.640+0000] {logging_mixin.py:188} INFO - [2026-08-26T17:59:51.639+0000] {dagbag.py:540} INFO - Filling up the DagBag from /home/airflow/.local/lib/python3.8/site-packages/airflow/example_dags/example_sensors.py
[2026-08-26T17:59:51.651+0000] {processor.py:840} INFO - DAG(s) 'example_sensors' retrieved from /home/airflow/.local/lib/python3.8/site-packages/airflow/example_dags/example_sensors.py
[2026-08-26T17:59:51.681+0000] {logging_mixin.py:188} INFO - [2026-08-26T17:59:51.681+0000] {dag.py:3047} INFO - Sync 1 DAGs
[2026-08-26T17:59:51.697+0000] {logging_mixin.py:188} INFO - [2026-08-26T17:59:51.697+0000] {dag.py:3834} INFO - Setting next_dagrun for example_sensors to None, run_after=None
[2026-08-26T17:59:51.719+0000] {processor.py:183} INFO - Processing /home/airflow/.local/lib/python3.8/site-packages/airflow/example_dags/example_sensors.py took 0.087 seconds
[2026-08-26T18:00:21.841+0000] {processor.py:161} INFO - Started process (PID=1456) to work on /home/airflow/.local/lib/python3.8/site-packages/airflow/example_dags/example_sensors.py
[2026-08-26T18:00:21.842+0000] {processor.py:830} INFO - Processing file /home/airflow/.local/lib/python3.8/site-packages/airflow/example_dags/example_sensors.py for tasks to queue
[2026-08-26T18:00:21.845+0000] {logging_mixin.py:188} INFO - [2026-08-26T18:00:21.845+0000] {dagbag.py:540} INFO - Filling up the DagBag from /home/airflow/.local/lib/python3.8/site-packages/airflow/example_dags/example_sensors.py
[2026-08-26T18:00:21.855+0000] {processor.py:840} INFO - DAG(s) 'example_sensors' retrieved from /home/airflow/.local/lib/python3.8/site-packages/airflow/example_dags/example_sensors.py
[2026-08-26T18:00:21.880+0000] {logging_mixin.py:188} INFO - [2026-08-26T18:00:21.880+0000] {dag.py:3047} INFO - Sync 1 DAGs
[2026-08-26T18:00:21.893+0000] {logging_mixin.py:188} INFO - [2026-08-26T18:00:21.892+0000] {dag.py:3834} INFO - Setting next_dagrun for example_sensors to None, run_after=None
[2026-08-26T18:00:21.912+0000] {processor.py:183} INFO - Processing /home/airflow/.local/lib/python3.8/site-packages/airflow/example_dags/example_sensors.py took 0.075 seconds
[2026-08-26T18:00:52.064+0000] {processor.py:161} INFO - Started process (PID=1513) to work on /home/airflow/.local/lib/python3.8/site-packages/airflow/example_dags/example_sensors.py
[2026-08-26T18:00:52.066+0000] {processor.py:830} INFO - Processing file /home/airflow/.local/lib/python3.8/site-packages/airflow/example_dags/example_sensors.py for tasks to queue
[2026-08-26T18:00:52.068+0000] {logging_mixin.py:188} INFO - [2026-08-26T18:00:52.068+0000] {dagbag.py:540} INFO - Filling up the DagBag from /home/airflow/.local/lib/python3.8/site-packages/airflow/example_dags/example_sensors.py
[2026-08-26T18:00:52.078+0000] {processor.py:840} INFO - DAG(s) 'example_sensors' retrieved from /home/airflow/.local/lib/python3.8/site-packages/airflow/example_dags/example_sensors.py
[2026-08-26T18:00:52.107+0000] {logging_mixin.py:188} INFO - [2026-08-26T18:00:52.107+0000] {dag.py:3047} INFO - Sync 1 DAGs
[2026-08-26T18:00:52.121+0000] {logging_mixin.py:188} INFO - [2026-08-26T18:00:52.121+0000] {dag.py:3834} INFO - Setting next_dagrun for example_sensors to None, run_after=None
[2026-08-26T18:00:52.142+0000] {processor.py:183} INFO - Processing /home/airflow/.local/lib/python3.8/site-packages/airflow/example_dags/example_sensors.py took 0.082 seconds
[2026-08-26T18:01:22.236+0000] {processor.py:161} INFO - Started process (PID=1570) to work on /home/airflow/.local/lib/python3.8/site-packages/airflow/example_dags/example_sensors.py
[2026-08-26T18:01:22.238+0000] {processor.py:830} INFO - Processing file /home/airflow/.local/lib/python3.8/site-packages/airflow/example_dags/example_sensors.py for tasks to queue
[2026-08-26T18:01:22.240+0000] {logging_mixin.py:188} INFO - [2026-08-26T18:01:22.240+0000] {dagbag.py:540} INFO - Filling up the DagBag from /home/airflow/.local/lib/python3.8/site-packages/airflow/example_dags/example_sensors.py
[2026-08-26T18:01:22.251+0000] {processor.py:840} INFO - DAG(s) 'example_sensors' retrieved from /home/airflow/.local/lib/python3.8/site-packages/airflow/example_dags/example_sensors.py
[2026-08-26T18:01:22.286+0000] {logging_mixin.py:188} INFO - [2026-08-26T18:01:22.286+0000] {dag.py:3047} INFO - Sync 1 DAGs
[2026-08-26T18:01:22.312+0000] {logging_mixin.py:188} INFO - [2026-08-26T18:01:22.311+0000] {dag.py:3834} INFO - Setting next_dagrun for example_sensors to None, run_after=None
[2026-08-26T18:01:22.342+0000] {processor.py:183} INFO - Processing /home/airflow/.local/lib/python3.8/site-packages/airflow/example_dags/example_sensors.py took 0.109 seconds
[2026-08-26T18:01:52.560+0000] {processor.py:161} INFO - Started process (PID=1628) to work on /home/airflow/.local/lib/python3.8/site-packages/airflow/example_dags/example_sensors.py
[2026-08-26T18:01:52.562+0000] {processor.py:830} INFO - Processing file /home/airflow/.local/lib/python3.8/site-packages/airflow/example_dags/example_sensors.py for tasks to queue
[2026-08-26T18:01:52.564+0000] {logging_mixin.py:188} INFO - [2026-08-26T18:01:52.564+0000] {dagbag.py:540} INFO - Filling up the DagBag from /home/airflow/.local/lib/python3.8/site-packages/airflow/example_dags/example_sensors.py
[2026-08-26T18:01:52.576+0000] {processor.py:840} INFO - DAG(s) 'example_sensors' retrieved from /home/airflow/.local/lib/python3.8/site-packages/airflow/example_dags/example_sensors.py
[2026-08-26T18:01:52.604+0000] {logging_mixin.py:188} INFO - [2026-08-26T18:01:52.603+0000] {dag.py:3047} INFO - Sync 1 DAGs
[2026-08-26T18:01:52.617+0000] {logging_mixin.py:188} INFO - [2026-08-26T18:01:52.616+0000] {dag.py:3834} INFO - Setting next_dagrun for example_sensors to None, run_after=None
[2026-08-26T18:01:52.639+0000] {processor.py:183} INFO - Processing /home/airflow/.local/lib/python3.8/site-packages/airflow/example_dags/example_sensors.py took 0.082 seconds
[2026-08-26T18:02:23.097+0000] {processor.py:161} INFO - Started process (PID=1685) to work on /home/airflow/.local/lib/python3.8/site-packages/airflow/example_dags/example_sensors.py
[2026-08-26T18:02:23.099+0000] {processor.py:830} INFO - Processing file /home/airflow/.local/lib/python3.8/site-packages/airflow/example_dags/example_sensors.py for tasks to queue
[2026-08-26T18:02:23.101+0000] {logging_mixin.py:188} INFO - [2026-08-26T18:02:23.101+0000] {dagbag.py:540} INFO - Filling up the DagBag from /home/airflow/.local/lib/python3.8/site-packages/airflow/example_dags/example_sensors.py
[2026-08-26T18:02:23.113+0000] {processor.py:840} INFO - DAG(s) 'example_sensors' retrieved from /home/airflow/.local/lib/python3.8/site-packages/airflow/example_dags/example_sensors.py
[2026-08-26T18:02:23.145+0000] {logging_mixin.py:188} INFO - [2026-08-26T18:02:23.145+0000] {dag.py:3047} INFO - Sync 1 DAGs
[2026-08-26T18:02:23.157+0000] {logging_mixin.py:188} INFO - [2026-08-26T18:02:23.157+0000] {dag.py:3834} INFO - Setting next_dagrun for example_sensors to None, run_after=None
[2026-08-26T18:02:23.178+0000] {processor.py:183} INFO - Processing /home/airflow/.local/lib/python3.8/site-packages/airflow/example_dags/example_sensors.py took 0.086 seconds
[2026-08-26T18:02:53.915+0000] {processor.py:161} INFO - Started process (PID=1742) to work on /home/airflow/.local/lib/python3.8/site-packages/airflow/example_dags/example_sensors.py
[2026-08-26T18:02:53.917+0000] {processor.py:830} INFO - Processing file /home/airflow/.local/lib/python3.8/site-packages/airflow/example_dags/example_sensors.py for tasks to queue
[2026-08-26T18:02:53.920+0000] {logging_mixin.py:188} INFO - [2026-08-26T18:02:53.920+0000] {dagbag.py:540} INFO - Filling up the DagBag from /home/airflow/.local/lib/python3.8/site-packages/airflow/example_dags/example_sensors.py
[2026-08-26T18:02:53.932+0000] {processor.py:840} INFO - DAG(s) 'example_sensors' retrieved from /home/airflow/.local/lib/python3.8/site-packages/airflow/example_dags/example_sensors.py
[2026-08-26T18:02:53.961+0000] {logging_mixin.py:188} INFO - [2026-08-26T18:02:53.961+0000] {dag.py:3047} INFO - Sync 1 DAGs
[2026-08-26T18:02:53.975+0000] {logging_mixin.py:188} INFO - [2026-08-26T18:02:53.975+0000] {dag.py:3834} INFO - Setting next_dagrun for example_sensors to None, run_after=None
[2026-08-26T18:02:53.997+0000] {processor.py:183} INFO - Processing /home/airflow/.local/lib/python3.8/site-packages/airflow/example_dags/example_sensors.py took 0.087 seconds
[2026-08-26T18:03:24.474+0000] {processor.py:161} INFO - Started process (PID=1799) to work on /home/airflow/.local/lib/python3.8/site-packages/airflow/example_dags/example_sensors.py
[2026-08-26T18:03:24.475+0000] {processor.py:830} INFO - Processing file /home/airflow/.local/lib/python3.8/site-packages/airflow/example_dags/example_sensors.py for tasks to queue
[2026-08-26T18:03:24.478+0000] {logging_mixin.py:188} INFO - [2026-08-26T18:03:24.478+0000] {dagbag.py:540} INFO - Filling up the DagBag from /home/airflow/.local/lib/python3.8/site-packages/airflow/example_dags/example_sensors.py
[2026-08-26T18:03:24.490+0000] {processor.py:840} INFO - DAG(s) 'example_sensors' retrieved from /home/airflow/.local/lib/python3.8/site-packages/airflow/example_dags/example_sensors.py
[2026-08-26T18:03:24.526+0000] {logging_mixin.py:188} INFO - [2026-08-26T18:03:24.526+0000] {dag.py:3047} INFO - Sync 1 DAGs
[2026-08-26T18:03:24.543+0000] {logging_mixin.py:188} INFO - [2026-08-26T18:03:24.542+0000] {dag.py:3834} INFO - Setting next_dagrun for example_sensors to None, run_after=None
[2026-08-26T18:03:24.567+0000] {processor.py:183} INFO - Processing /home/airflow/.local/lib/python3.8/site-packages/airflow/example_dags/example_sensors.py took 0.098 seconds
[2026-08-26T18:03:54.919+0000] {processor.py:161} INFO - Started process (PID=1856) to work on /home/airflow/.local/lib/python3.8/site-packages/airflow/example_dags/example_sensors.py
[2026-08-26T18:03:54.921+0000] {processor.py:830} INFO - Processing file /home/airflow/.local/lib/python3.8/site-packages/airflow/example_dags/example_sensors.py for tasks to queue
[2026-08-26T18:03:54.925+0000] {logging_mixin.py:188} INFO - [2026-08-26T18:03:54.924+0000] {dagbag.py:540} INFO - Filling up the DagBag from /home/airflow/.local/lib/python3.8/site-packages/airflow/example_dags/example_sensors.py
[2026-08-26T18:03:54.940+0000] {processor.py:840} INFO - DAG(s) 'example_sensors' retrieved from /home/airflow/.local/lib/python3.8/site-packages/airflow/example_dags/example_sensors.py
[2026-08-26T18:03:54.972+0000] {logging_mixin.py:188} INFO - [2026-08-26T18:03:54.971+0000] {dag.py:3047} INFO - Sync 1 DAGs
[2026-08-26T18:03:54.987+0000] {logging_mixin.py:188} INFO - [2026-08-26T18:03:54.987+0000] {dag.py:3834} INFO - Setting next_dagrun for example_sensors to None, run_after=None
[2026-08-26T18:03:55.009+0000] {processor.py:183} INFO - Processing /home/airflow/.local/lib/python3.8/site-packages/airflow/example_dags/example_sensors.py took 0.096 seconds
[2026-08-26T18:04:25.232+0000] {processor.py:161} INFO - Started process (PID=1913) to work on /home/airflow/.local/lib/python3.8/site-packages/airflow/example_dags/example_sensors.py
[2026-08-26T18:04:25.235+0000] {processor.py:830} INFO - Processing file /home/airflow/.local/lib/python3.8/site-packages/airflow/example_dags/example_sensors.py for tasks to queue
[2026-08-26T18:04:25.237+0000] {logging_mixin.py:188} INFO - [2026-08-26T18:04:25.237+0000] {dagbag.py:540} INFO - Filling up the DagBag from /home/airflow/.local/lib/python3.8/site-packages/airflow/example_dags/example_sensors.py
[2026-08-26T18:04:25.246+0000] {processor.py:840} INFO - DAG(s) 'example_sensors' retrieved from /home/airflow/.local/lib/python3.8/site-packages/airflow/example_dags/example_sensors.py
[2026-08-26T18:04:25.276+0000] {logging_mixin.py:188} INFO - [2026-08-26T18:04:25.276+0000] {dag.py:3047} INFO - Sync 1 DAGs
[2026-08-26T18:04:25.298+0000] {logging_mixin.py:188} INFO - [2026-08-26T18:04:25.298+0000] {dag.py:3834} INFO - Setting next_dagrun for example_sensors to None, run_after=None
[2026-08-26T18:04:25.325+0000] {processor.py:183} INFO - Processing /home/airflow/.local/lib/python3.8/site-packages/airflow/example_dags/example_sensors.py took 0.097 seconds
[2026-08-26T18:04:55.904+0000] {processor.py:161} INFO - Started process (PID=1970) to work on /home/airflow/.local/lib/python3.8/site-packages/airflow/example_dags/example_sensors.py
[2026-08-26T18:04:55.906+0000] {processor.py:830} INFO - Processing file /home/airflow/.local/lib/python3.8/site-packages/airflow/example_dags/example_sensors.py for tasks to queue
[2026-08-26T18:04:55.910+0000] {logging_mixin.py:188} INFO - [2026-08-26T18:04:55.909+0000] {dagbag.py:540} INFO - Filling up the DagBag from /home/airflow/.local/lib/python3.8/site-packages/airflow/example_dags/example_sensors.py
[2026-08-26T18:04:55.926+0000] {processor.py:840} INFO - DAG(s) 'example_sensors' retrieved from /home/airflow/.local/lib/python3.8/site-packages/airflow/example_dags/example_sensors.py
[2026-08-26T18:04:55.974+0000] {logging_mixin.py:188} INFO - [2026-08-26T18:04:55.974+0000] {dag.py:3047} INFO - Sync 1 DAGs
[2026-08-26T18:04:55.996+0000] {logging_mixin.py:188} INFO - [2026-08-26T18:04:55.996+0000] {dag.py:3834} INFO - Setting next_dagrun for example_sensors to None, run_after=None
[2026-08-26T18:04:56.044+0000] {processor.py:183} INFO - Processing /home/airflow/.local/lib/python3.8/site-packages/airflow/example_dags/example_sensors.py took 0.149 seconds
[2026-08-26T18:05:26.250+0000] {processor.py:161} INFO - Started process (PID=2027) to work on /home/airflow/.local/lib/python3.8/site-packages/airflow/example_dags/example_sensors.py
[2026-08-26T18:05:26.251+0000] {processor.py:830} INFO - Processing file /home/airflow/.local/lib/python3.8/site-packages/airflow/example_dags/example_sensors.py for tasks to queue
[2026-08-26T18:05:26.255+0000] {logging_mixin.py:188} INFO - [2026-08-26T18:05:26.254+0000] {dagbag.py:540} INFO - Filling up the DagBag from /home/airflow/.local/lib/python3.8/site-packages/airflow/example_dags/example_sensors.py
[2026-08-26T18:05:26.270+0000] {processor.py:840} INFO - DAG(s) 'example_sensors' retrieved from /home/airflow/.local/lib/python3.8/site-packages/airflow/example_dags/example_sensors.py
[2026-08-26T18:05:26.311+0000] {logging_mixin.py:188} INFO - [2026-08-26T18:05:26.310+0000] {dag.py:3047} INFO - Sync 1 DAGs
[2026-08-26T18:05:26.331+0000] {logging_mixin.py:188} INFO - [2026-08-26T18:05:26.331+0000] {dag.py:3834} INFO - Setting next_dagrun for example_sensors to None, run_after=None
[2026-08-26T18:05:26.367+0000] {processor.py:183} INFO - Processing /home/airflow/.local/lib/python3.8/site-packages/airflow/example_dags/example_sensors.py took 0.127 seconds
[2026-08-26T18:05:56.985+0000] {processor.py:161} INFO - Started process (PID=2084) to work on /home/airflow/.local/lib/python3.8/site-packages/airflow/example_dags/example_sensors.py
[2026-08-26T18:05:56.987+0000] {processor.py:830} INFO - Processing file /home/airflow/.local/lib/python3.8/site-packages/airflow/example_dags/example_sensors.py for tasks to queue
[2026-08-26T18:05:56.992+0000] {logging_mixin.py:188} INFO - [2026-08-26T18:05:56.990+0000] {dagbag.py:540} INFO - Filling up the DagBag from /home/airflow/.local/lib/python3.8/site-packages/airflow/example_dags/example_sensors.py
[2026-08-26T18:05:57.004+0000] {processor.py:840} INFO - DAG(s) 'example_sensors' retrieved from /home/airflow/.local/lib/python3.8/site-packages/airflow/example_dags/example_sensors.py
[2026-08-26T18:05:57.052+0000] {logging_mixin.py:188} INFO - [2026-08-26T18:05:57.052+0000] {dag.py:3047} INFO - Sync 1 DAGs
[2026-08-26T18:05:57.069+0000] {logging_mixin.py:188} INFO - [2026-08-26T18:05:57.068+0000] {dag.py:3834} INFO - Setting next_dagrun for example_sensors to None, run_after=None
[2026-08-26T18:05:57.096+0000] {processor.py:183} INFO - Processing /home/airflow/.local/lib/python3.8/site-packages/airflow/example_dags/example_sensors.py took 0.116 seconds
[2026-08-26T18:06:27.746+0000] {processor.py:161} INFO - Started process (PID=2141) to work on /home/airflow/.local/lib/python3.8/site-packages/airflow/example_dags/example_sensors.py
[2026-08-26T18:06:27.748+0000] {processor.py:830} INFO - Processing file /home/airflow/.local/lib/python3.8/site-packages/airflow/example_dags/example_sensors.py for tasks to queue
[2026-08-26T18:06:27.750+0000] {logging_mixin.py:188} INFO - [2026-08-26T18:06:27.750+0000] {dagbag.py:540} INFO - Filling up the DagBag from /home/airflow/.local/lib/python3.8/site-packages/airflow/example_dags/example_sensors.py
[2026-08-26T18:06:27.763+0000] {processor.py:840} INFO - DAG(s) 'example_sensors' retrieved from /home/airflow/.local/lib/python3.8/site-packages/airflow/example_dags/example_sensors.py
[2026-08-26T18:06:27.795+0000] {logging_mixin.py:188} INFO - [2026-08-26T18:06:27.795+0000] {dag.py:3047} INFO - Sync 1 DAGs
[2026-08-26T18:06:27.811+0000] {logging_mixin.py:188} INFO - [2026-08-26T18:06:27.810+0000] {dag.py:3834} INFO - Setting next_dagrun for example_sensors to None, run_after=None
[2026-08-26T18:06:27.834+0000] {processor.py:183} INFO - Processing /home/airflow/.local/lib/python3.8/site-packages/airflow/example_dags/example_sensors.py took 0.091 seconds
[2026-08-26T18:06:58.390+0000] {processor.py:161} INFO - Started process (PID=2198) to work on /home/airflow/.local/lib/python3.8/site-packages/airflow/example_dags/example_sensors.py
[2026-08-26T18:06:58.392+0000] {processor.py:830} INFO - Processing file /home/airflow/.local/lib/python3.8/site-packages/airflow/example_dags/example_sensors.py for tasks to queue
[2026-08-26T18:06:58.395+0000] {logging_mixin.py:188} INFO - [2026-08-26T18:06:58.395+0000] {dagbag.py:540} INFO - Filling up the DagBag from /home/airflow/.local/lib/python3.8/site-packages/airflow/example_dags/example_sensors.py
[2026-08-26T18:06:58.411+0000] {processor.py:840} INFO - DAG(s) 'example_sensors' retrieved from /home/airflow/.local/lib/python3.8/site-packages/airflow/example_dags/example_sensors.py
[2026-08-26T18:06:58.465+0000] {logging_mixin.py:188} INFO - [2026-08-26T18:06:58.465+0000] {dag.py:3047} INFO - Sync 1 DAGs
[2026-08-26T18:06:58.505+0000] {logging_mixin.py:188} INFO - [2026-08-26T18:06:58.505+0000] {dag.py:3834} INFO - Setting next_dagrun for example_sensors to None, run_after=None
[2026-08-26T18:06:58.556+0000] {processor.py:183} INFO - Processing /home/airflow/.local/lib/python3.8/site-packages/airflow/example_dags/example_sensors.py took 0.172 seconds
[2026-08-26T18:07:29.232+0000] {processor.py:161} INFO - Started process (PID=2255) to work on /home/airflow/.local/lib/python3.8/site-packages/airflow/example_dags/example_sensors.py
[2026-08-26T18:07:29.235+0000] {processor.py:830} INFO - Processing file /home/airflow/.local/lib/python3.8/site-packages/airflow/example_dags/example_sensors.py for tasks to queue
[2026-08-26T18:07:29.238+0000] {logging_mixin.py:188} INFO - [2026-08-26T18:07:29.238+0000] {dagbag.py:540} INFO - Filling up the DagBag from /home/airflow/.local/lib/python3.8/site-packages/airflow/example_dags/example_sensors.py
[2026-08-26T18:07:29.251+0000] {processor.py:840} INFO - DAG(s) 'example_sensors' retrieved from /home/airflow/.local/lib/python3.8/site-packages/airflow/example_dags/example_sensors.py
[2026-08-26T18:07:29.285+0000] {logging_mixin.py:188} INFO - [2026-08-26T18:07:29.285+0000] {dag.py:3047} INFO - Sync 1 DAGs
[2026-08-26T18:07:29.299+0000] {logging_mixin.py:188} INFO - [2026-08-26T18:07:29.298+0000] {dag.py:3834} INFO - Setting next_dagrun for example_sensors to None, run_after=None
[2026-08-26T18:07:29.325+0000] {processor.py:183} INFO - Processing /home/airflow/.local/lib/python3.8/site-packages/airflow/example_dags/example_sensors.py took 0.097 seconds
[2026-08-26T18:07:59.813+0000] {processor.py:161} INFO - Started process (PID=2312) to work on /home/airflow/.local/lib/python3.8/site-packages/airflow/example_dags/example_sensors.py
[2026-08-26T18:07:59.816+0000] {processor.py:830} INFO - Processing file /home/airflow/.local/lib/python3.8/site-packages/airflow/example_dags/example_sensors.py for tasks to queue
[2026-08-26T18:07:59.821+0000] {logging_mixin.py:188} INFO - [2026-08-26T18:07:59.820+0000] {dagbag.py:540} INFO - Filling up the DagBag from /home/airflow/.local/lib/python3.8/site-packages/airflow/example_dags/example_sensors.py
[2026-08-26T18:07:59.840+0000] {processor.py:840} INFO - DAG(s) 'example_sensors' retrieved from /home/airflow/.local/lib/python3.8/site-packages/airflow/example_dags/example_sensors.py
[2026-08-26T18:07:59.888+0000] {logging_mixin.py:188} INFO - [2026-08-26T18:07:59.888+0000] {dag.py:3047} INFO - Sync 1 DAGs
[2026-08-26T18:07:59.911+0000] {logging_mixin.py:188} INFO - [2026-08-26T18:07:59.911+0000] {dag.py:3834} INFO - Setting next_dagrun for example_sensors to None, run_after=None
[2026-08-26T18:07:59.941+0000] {processor.py:183} INFO - Processing /home/airflow/.local/lib/python3.8/site-packages/airflow/example_dags/example_sensors.py took 0.133 seconds
[2026-08-26T18:08:30.528+0000] {processor.py:161} INFO - Started process (PID=2369) to work on /home/airflow/.local/lib/python3.8/site-packages/airflow/example_dags/example_sensors.py
[2026-08-26T18:08:30.532+0000] {processor.py:830} INFO - Processing file /home/airflow/.local/lib/python3.8/site-packages/airflow/example_dags/example_sensors.py for tasks to queue
[2026-08-26T18:08:30.537+0000] {logging_mixin.py:188} INFO - [2026-08-26T18:08:30.536+0000] {dagbag.py:540} INFO - Filling up the DagBag from /home/airflow/.local/lib/python3.8/site-packages/airflow/example_dags/example_sensors.py
[2026-08-26T18:08:30.551+0000] {processor.py:840} INFO - DAG(s) 'example_sensors' retrieved from /home/airflow/.local/lib/python3.8/site-packages/airflow/example_dags/example_sensors.py
[2026-08-26T18:08:30.582+0000] {logging_mixin.py:188} INFO - [2026-08-26T18:08:30.582+0000] {dag.py:3047} INFO - Sync 1 DAGs
[2026-08-26T18:08:30.596+0000] {logging_mixin.py:188} INFO - [2026-08-26T18:08:30.595+0000] {dag.py:3834} INFO - Setting next_dagrun for example_sensors to None, run_after=None
[2026-08-26T18:08:30.630+0000] {processor.py:183} INFO - Processing /home/airflow/.local/lib/python3.8/site-packages/airflow/example_dags/example_sensors.py took 0.106 seconds
[2026-08-26T18:09:00.748+0000] {processor.py:161} INFO - Started process (PID=2426) to work on /home/airflow/.local/lib/python3.8/site-packages/airflow/example_dags/example_sensors.py
[2026-08-26T18:09:00.750+0000] {processor.py:830} INFO - Processing file /home/airflow/.local/lib/python3.8/site-packages/airflow/example_dags/example_sensors.py for tasks to queue
[2026-08-26T18:09:00.753+0000] {logging_mixin.py:188} INFO - [2026-08-26T18:09:00.752+0000] {dagbag.py:540} INFO - Filling up the DagBag from /home/airflow/.local/lib/python3.8/site-packages/airflow/example_dags/example_sensors.py
[2026-08-26T18:09:00.766+0000] {processor.py:840} INFO - DAG(s) 'example_sensors' retrieved from /home/airflow/.local/lib/python3.8/site-packages/airflow/example_dags/example_sensors.py
[2026-08-26T18:09:00.804+0000] {logging_mixin.py:188} INFO - [2026-08-26T18:09:00.804+0000] {dag.py:3047} INFO - Sync 1 DAGs
[2026-08-26T18:09:00.823+0000] {logging_mixin.py:188} INFO - [2026-08-26T18:09:00.823+0000] {dag.py:3834} INFO - Setting next_dagrun for example_sensors to None, run_after=None
[2026-08-26T18:09:00.851+0000] {processor.py:183} INFO - Processing /home/airflow/.local/lib/python3.8/site-packages/airflow/example_dags/example_sensors.py took 0.107 seconds
[2026-08-26T18:09:31.233+0000] {processor.py:161} INFO - Started process (PID=2483) to work on /home/airflow/.local/lib/python3.8/site-packages/airflow/example_dags/example_sensors.py
[2026-08-26T18:09:31.235+0000] {processor.py:830} INFO - Processing file /home/airflow/.local/lib/python3.8/site-packages/airflow/example_dags/example_sensors.py for tasks to queue
[2026-08-26T18:09:31.238+0000] {logging_mixin.py:188} INFO - [2026-08-26T18:09:31.238+0000] {dagbag.py:540} INFO - Filling up the DagBag from /home/airflow/.local/lib/python3.8/site-packages/airflow/example_dags/example_sensors.py
[2026-08-26T18:09:31.250+0000] {processor.py:840} INFO - DAG(s) 'example_sensors' retrieved from /home/airflow/.local/lib/python3.8/site-packages/airflow/example_dags/example_sensors.py
[2026-08-26T18:09:31.283+0000] {logging_mixin.py:188} INFO - [2026-08-26T18:09:31.282+0000] {dag.py:3047} INFO - Sync 1 DAGs
[2026-08-26T18:09:31.298+0000] {logging_mixin.py:188} INFO - [2026-08-26T18:09:31.298+0000] {dag.py:3834} INFO - Setting next_dagrun for example_sensors to None, run_after=None
[2026-08-26T18:09:31.324+0000] {processor.py:183} INFO - Processing /home/airflow/.local/lib/python3.8/site-packages/airflow/example_dags/example_sensors.py took 0.094 seconds
[2026-08-26T18:10:02.042+0000] {processor.py:161} INFO - Started process (PID=2540) to work on /home/airflow/.local/lib/python3.8/site-packages/airflow/example_dags/example_sensors.py
[2026-08-26T18:10:02.044+0000] {processor.py:830} INFO - Processing file /home/airflow/.local/lib/python3.8/site-packages/airflow/example_dags/example_sensors.py for tasks to queue
[2026-08-26T18:10:02.046+0000] {logging_mixin.py:188} INFO - [2026-08-26T18:10:02.046+0000] {dagbag.py:540} INFO - Filling up the DagBag from /home/airflow/.local/lib/python3.8/site-packages/airflow/example_dags/example_sensors.py
[2026-08-26T18:10:02.061+0000] {processor.py:840} INFO - DAG(s) 'example_sensors' retrieved from /home/airflow/.local/lib/python3.8/site-packages/airflow/example_dags/example_sensors.py
[2026-08-26T18:10:02.096+0000] {logging_mixin.py:188} INFO - [2026-08-26T18:10:02.095+0000] {dag.py:3047} INFO - Sync 1 DAGs
[2026-08-26T18:10:02.114+0000] {logging_mixin.py:188} INFO - [2026-08-26T18:10:02.114+0000] {dag.py:3834} INFO - Setting next_dagrun for example_sensors to None, run_after=None
[2026-08-26T18:10:02.141+0000] {processor.py:183} INFO - Processing /home/airflow/.local/lib/python3.8/site-packages/airflow/example_dags/example_sensors.py took 0.106 seconds
[2026-08-26T18:10:32.610+0000] {processor.py:161} INFO - Started process (PID=2597) to work on /home/airflow/.local/lib/python3.8/site-packages/airflow/example_dags/example_sensors.py
[2026-08-26T18:10:32.612+0000] {processor.py:830} INFO - Processing file /home/airflow/.local/lib/python3.8/site-packages/airflow/example_dags/example_sensors.py for tasks to queue
[2026-08-26T18:10:32.618+0000] {logging_mixin.py:188} INFO - [2026-08-26T18:10:32.616+0000] {dagbag.py:540} INFO - Filling up the DagBag from /home/airflow/.local/lib/python3.8/site-packages/airflow/example_dags/example_sensors.py
[2026-08-26T18:10:32.640+0000] {processor.py:840} INFO - DAG(s) 'example_sensors' retrieved from /home/airflow/.local/lib/python3.8/site-packages/airflow/example_dags/example_sensors.py
[2026-08-26T18:10:32.676+0000] {logging_mixin.py:188} INFO - [2026-08-26T18:10:32.676+0000] {dag.py:3047} INFO - Sync 1 DAGs
[2026-08-26T18:10:32.704+0000] {logging_mixin.py:188} INFO - [2026-08-26T18:10:32.703+0000] {dag.py:3834} INFO - Setting next_dagrun for example_sensors to None, run_after=None
[2026-08-26T18:10:32.729+0000] {processor.py:183} INFO - Processing /home/airflow/.local/lib/python3.8/site-packages/airflow/example_dags/example_sensors.py took 0.128 seconds
[2026-08-26T18:11:02.815+0000] {processor.py:161} INFO - Started process (PID=2661) to work on /home/airflow/.local/lib/python3.8/site-packages/airflow/example_dags/example_sensors.py
[2026-08-26T18:11:02.817+0000] {processor.py:830} INFO - Processing file /home/airflow/.local/lib/python3.8/site-packages/airflow/example_dags/example_sensors.py for tasks to queue
[2026-08-26T18:11:02.820+0000] {logging_mixin.py:188} INFO - [2026-08-26T18:11:02.820+0000] {dagbag.py:540} INFO - Filling up the DagBag from /home/airflow/.local/lib/python3.8/site-packages/airflow/example_dags/example_sensors.py
[2026-08-26T18:11:02.838+0000] {processor.py:840} INFO - DAG(s) 'example_sensors' retrieved from /home/airflow/.local/lib/python3.8/site-packages/airflow/example_dags/example_sensors.py
[2026-08-26T18:11:02.876+0000] {logging_mixin.py:188} INFO - [2026-08-26T18:11:02.875+0000] {dag.py:3047} INFO - Sync 1 DAGs
[2026-08-26T18:11:02.890+0000] {logging_mixin.py:188} INFO - [2026-08-26T18:11:02.890+0000] {dag.py:3834} INFO - Setting next_dagrun for example_sensors to None, run_after=None
[2026-08-26T18:11:02.917+0000] {processor.py:183} INFO - Processing /home/airflow/.local/lib/python3.8/site-packages/airflow/example_dags/example_sensors.py took 0.109 seconds
[2026-08-26T18:11:33.381+0000] {processor.py:161} INFO - Started process (PID=2718) to work on /home/airflow/.local/lib/python3.8/site-packages/airflow/example_dags/example_sensors.py
[2026-08-26T18:11:33.383+0000] {processor.py:830} INFO - Processing file /home/airflow/.local/lib/python3.8/site-packages/airflow/example_dags/example_sensors.py for tasks to queue
[2026-08-26T18:11:33.385+0000] {logging_mixin.py:188} INFO - [2026-08-26T18:11:33.385+0000] {dagbag.py:540} INFO - Filling up the DagBag from /home/airflow/.local/lib/python3.8/site-packages/airflow/example_dags/example_sensors.py
[2026-08-26T18:11:33.399+0000] {processor.py:840} INFO - DAG(s) 'example_sensors' retrieved from /home/airflow/.local/lib/python3.8/site-packages/airflow/example_dags/example_sensors.py
[2026-08-26T18:11:33.437+0000] {logging_mixin.py:188} INFO - [2026-08-26T18:11:33.436+0000] {dag.py:3047} INFO - Sync 1 DAGs
[2026-08-26T18:11:33.451+0000] {logging_mixin.py:188} INFO - [2026-08-26T18:11:33.451+0000] {dag.py:3834} INFO - Setting next_dagrun for example_sensors to None, run_after=None
[2026-08-26T18:11:33.472+0000] {processor.py:183} INFO - Processing /home/airflow/.local/lib/python3.8/site-packages/airflow/example_dags/example_sensors.py took 0.095 seconds
[2026-08-26T18:12:03.674+0000] {processor.py:161} INFO - Started process (PID=2775) to work on /home/airflow/.local/lib/python3.8/site-packages/airflow/example_dags/example_sensors.py
[2026-08-26T18:12:03.676+0000] {processor.py:830} INFO - Processing file /home/airflow/.local/lib/python3.8/site-packages/airflow/example_dags/example_sensors.py for tasks to queue
[2026-08-26T18:12:03.679+0000] {logging_mixin.py:188} INFO - [2026-08-26T18:12:03.679+0000] {dagbag.py:540} INFO - Filling up the DagBag from /home/airflow/.local/lib/python3.8/site-packages/airflow/example_dags/example_sensors.py
[2026-08-26T18:12:03.692+0000] {processor.py:840} INFO - DAG(s) 'example_sensors' retrieved from /home/airflow/.local/lib/python3.8/site-packages/airflow/example_dags/example_sensors.py
[2026-08-26T18:12:03.726+0000] {logging_mixin.py:188} INFO - [2026-08-26T18:12:03.726+0000] {dag.py:3047} INFO - Sync 1 DAGs
[2026-08-26T18:12:03.740+0000] {logging_mixin.py:188} INFO - [2026-08-26T18:12:03.740+0000] {dag.py:3834} INFO - Setting next_dagrun for example_sensors to None, run_after=None
[2026-08-26T18:12:03.764+0000] {processor.py:183} INFO - Processing /home/airflow/.local/lib/python3.8/site-packages/airflow/example_dags/example_sensors.py took 0.095 seconds
[2026-08-26T18:12:34.282+0000] {processor.py:161} INFO - Started process (PID=2832) to work on /home/airflow/.local/lib/python3.8/site-packages/airflow/example_dags/example_sensors.py
[2026-08-26T18:12:34.284+0000] {processor.py:830} INFO - Processing file /home/airflow/.local/lib/python3.8/site-packages/airflow/example_dags/example_sensors.py for tasks to queue
[2026-08-26T18:12:34.287+0000] {logging_mixin.py:188} INFO - [2026-08-26T18:12:34.286+0000] {dagbag.py:540} INFO - Filling up the DagBag from /home/airflow/.local/lib/python3.8/site-packages/airflow/example_dags/example_sensors.py
[2026-08-26T18:12:34.298+0000] {processor.py:840} INFO - DAG(s) 'example_sensors' retrieved from /home/airflow/.local/lib/python3.8/site-packages/airflow/example_dags/example_sensors.py
[2026-08-26T18:12:34.328+0000] {logging_mixin.py:188} INFO - [2026-08-26T18:12:34.328+0000] {dag.py:3047} INFO - Sync 1 DAGs
[2026-08-26T18:12:34.342+0000] {logging_mixin.py:188} INFO - [2026-08-26T18:12:34.342+0000] {dag.py:3834} INFO - Setting next_dagrun for example_sensors to None, run_after=None
[2026-08-26T18:12:34.365+0000] {processor.py:183} INFO - Processing /home/airflow/.local/lib/python3.8/site-packages/airflow/example_dags/example_sensors.py took 0.087 seconds
[2026-08-26T18:13:04.579+0000] {processor.py:161} INFO - Started process (PID=2889) to work on /home/airflow/.local/lib/python3.8/site-packages/airflow/example_dags/example_sensors.py
[2026-08-26T18:13:04.581+0000] {processor.py:830} INFO - Processing file /home/airflow/.local/lib/python3.8/site-packages/airflow/example_dags/example_sensors.py for tasks to queue
[2026-08-26T18:13:04.584+0000] {logging_mixin.py:188} INFO - [2026-08-26T18:13:04.583+0000] {dagbag.py:540} INFO - Filling up the DagBag from /home/airflow/.local/lib/python3.8/site-packages/airflow/example_dags/example_sensors.py
[2026-08-26T18:13:04.595+0000] {processor.py:840} INFO - DAG(s) 'example_sensors' retrieved from /home/airflow/.local/lib/python3.8/site-packages/airflow/example_dags/example_sensors.py
[2026-08-26T18:13:04.626+0000] {logging_mixin.py:188} INFO - [2026-08-26T18:13:04.625+0000] {dag.py:3047} INFO - Sync 1 DAGs
[2026-08-26T18:13:04.639+0000] {logging_mixin.py:188} INFO - [2026-08-26T18:13:04.639+0000] {dag.py:3834} INFO - Setting next_dagrun for example_sensors to None, run_after=None
[2026-08-26T18:13:04.660+0000] {processor.py:183} INFO - Processing /home/airflow/.local/lib/python3.8/site-packages/airflow/example_dags/example_sensors.py took 0.085 seconds
[2026-08-26T18:13:35.299+0000] {processor.py:161} INFO - Started process (PID=2946) to work on /home/airflow/.local/lib/python3.8/site-packages/airflow/example_dags/example_sensors.py
[2026-08-26T18:13:35.301+0000] {processor.py:830} INFO - Processing file /home/airflow/.local/lib/python3.8/site-packages/airflow/example_dags/example_sensors.py for tasks to queue
[2026-08-26T18:13:35.303+0000] {logging_mixin.py:188} INFO - [2026-08-26T18:13:35.303+0000] {dagbag.py:540} INFO - Filling up the DagBag from /home/airflow/.local/lib/python3.8/site-packages/airflow/example_dags/example_sensors.py
[2026-08-26T18:13:35.312+0000] {processor.py:840} INFO - DAG(s) 'example_sensors' retrieved from /home/airflow/.local/lib/python3.8/site-packages/airflow/example_dags/example_sensors.py
[2026-08-26T18:13:35.342+0000] {logging_mixin.py:188} INFO - [2026-08-26T18:13:35.342+0000] {dag.py:3047} INFO - Sync 1 DAGs
[2026-08-26T18:13:35.355+0000] {logging_mixin.py:188} INFO - [2026-08-26T18:13:35.355+0000] {dag.py:3834} INFO - Setting next_dagrun for example_sensors to None, run_after=None
[2026-08-26T18:13:35.375+0000] {processor.py:183} INFO - Processing /home/airflow/.local/lib/python3.8/site-packages/airflow/example_dags/example_sensors.py took 0.079 seconds
[2026-08-26T18:14:05.825+0000] {processor.py:161} INFO - Started process (PID=3003) to work on /home/airflow/.local/lib/python3.8/site-packages/airflow/example_dags/example_sensors.py
[2026-08-26T18:14:05.827+0000] {processor.py:830} INFO - Processing file /home/airflow/.local/lib/python3.8/site-packages/airflow/example_dags/example_sensors.py for tasks to queue
[2026-08-26T18:14:05.829+0000] {logging_mixin.py:188} INFO - [2026-08-26T18:14:05.829+0000] {dagbag.py:540} INFO - Filling up the DagBag from /home/airflow/.local/lib/python3.8/site-packages/airflow/example_dags/example_sensors.py
[2026-08-26T18:14:05.838+0000] {processor.py:840} INFO - DAG(s) 'example_sensors' retrieved from /home/airflow/.local/lib/python3.8/site-packages/airflow/example_dags/example_sensors.py
[2026-08-26T18:14:05.865+0000] {logging_mixin.py:188} INFO - [2026-08-26T18:14:05.865+0000] {dag.py:3047} INFO - Sync 1 DAGs
[2026-08-26T18:14:05.878+0000] {logging_mixin.py:188} INFO - [2026-08-26T18:14:05.877+0000] {dag.py:3834} INFO - Setting next_dagrun for example_sensors to None, run_after=None
[2026-08-26T18:14:05.898+0000] {processor.py:183} INFO - Processing /home/airflow/.local/lib/python3.8/site-packages/airflow/example_dags/example_sensors.py took 0.077 seconds
[2026-08-26T18:14:36.397+0000] {processor.py:161} INFO - Started process (PID=3060) to work on /home/airflow/.local/lib/python3.8/site-packages/airflow/example_dags/example_sensors.py
[2026-08-26T18:14:36.399+0000] {processor.py:830} INFO - Processing file /home/airflow/.local/lib/python3.8/site-packages/airflow/example_dags/example_sensors.py for tasks to queue
[2026-08-26T18:14:36.401+0000] {logging_mixin.py:188} INFO - [2026-08-26T18:14:36.401+0000] {dagbag.py:540} INFO - Filling up the DagBag from /home/airflow/.local/lib/python3.8/site-packages/airflow/example_dags/example_sensors.py
[2026-08-26T18:14:36.412+0000] {processor.py:840} INFO - DAG(s) 'example_sensors' retrieved from /home/airflow/.local/lib/python3.8/site-packages/airflow/example_dags/example_sensors.py
[2026-08-26T18:14:36.439+0000] {logging_mixin.py:188} INFO - [2026-08-26T18:14:36.439+0000] {dag.py:3047} INFO - Sync 1 DAGs
[2026-08-26T18:14:36.569+0000] {logging_mixin.py:188} INFO - [2026-08-26T18:14:36.569+0000] {dag.py:3834} INFO - Setting next_dagrun for example_sensors to None, run_after=None
[2026-08-26T18:14:36.590+0000] {processor.py:183} INFO - Processing /home/airflow/.local/lib/python3.8/site-packages/airflow/example_dags/example_sensors.py took 0.197 seconds
[2026-08-26T18:15:07.056+0000] {processor.py:161} INFO - Started process (PID=3117) to work on /home/airflow/.local/lib/python3.8/site-packages/airflow/example_dags/example_sensors.py
[2026-08-26T18:15:07.058+0000] {processor.py:830} INFO - Processing file /home/airflow/.local/lib/python3.8/site-packages/airflow/example_dags/example_sensors.py for tasks to queue
[2026-08-26T18:15:07.061+0000] {logging_mixin.py:188} INFO - [2026-08-26T18:15:07.060+0000] {dagbag.py:540} INFO - Filling up the DagBag from /home/airflow/.local/lib/python3.8/site-packages/airflow/example_dags/example_sensors.py
[2026-08-26T18:15:07.073+0000] {processor.py:840} INFO - DAG(s) 'example_sensors' retrieved from /home/airflow/.local/lib/python3.8/site-packages/airflow/example_dags/example_sensors.py
[2026-08-26T18:15:07.104+0000] {logging_mixin.py:188} INFO - [2026-08-26T18:15:07.103+0000] {dag.py:3047} INFO - Sync 1 DAGs
[2026-08-26T18:15:07.261+0000] {logging_mixin.py:188} INFO - [2026-08-26T18:15:07.261+0000] {dag.py:3834} INFO - Setting next_dagrun for example_sensors to None, run_after=None
[2026-08-26T18:15:07.283+0000] {processor.py:183} INFO - Processing /home/airflow/.local/lib/python3.8/site-packages/airflow/example_dags/example_sensors.py took 0.232 seconds
[2026-08-26T18:15:37.492+0000] {processor.py:161} INFO - Started process (PID=3174) to work on /home/airflow/.local/lib/python3.8/site-packages/airflow/example_dags/example_sensors.py
[2026-08-26T18:15:37.494+0000] {processor.py:830} INFO - Processing file /home/airflow/.local/lib/python3.8/site-packages/airflow/example_dags/example_sensors.py for tasks to queue
[2026-08-26T18:15:37.497+0000] {logging_mixin.py:188} INFO - [2026-08-26T18:15:37.497+0000] {dagbag.py:540} INFO - Filling up the DagBag from /home/airflow/.local/lib/python3.8/site-packages/airflow/example_dags/example_sensors.py
[2026-08-26T18:15:37.507+0000] {processor.py:840} INFO - DAG(s) 'example_sensors' retrieved from /home/airflow/.local/lib/python3.8/site-packages/airflow/example_dags/example_sensors.py
[2026-08-26T18:15:37.539+0000] {logging_mixin.py:188} INFO - [2026-08-26T18:15:37.539+0000] {dag.py:3047} INFO - Sync 1 DAGs
[2026-08-26T18:15:37.555+0000] {logging_mixin.py:188} INFO - [2026-08-26T18:15:37.554+0000] {dag.py:3834} INFO - Setting next_dagrun for example_sensors to None, run_after=None
[2026-08-26T18:15:37.731+0000] {processor.py:183} INFO - Processing /home/airflow/.local/lib/python3.8/site-packages/airflow/example_dags/example_sensors.py took 0.242 seconds
[2026-08-26T18:16:08.567+0000] {processor.py:161} INFO - Started process (PID=3231) to work on /home/airflow/.local/lib/python3.8/site-packages/airflow/example_dags/example_sensors.py
[2026-08-26T18:16:08.569+0000] {processor.py:830} INFO - Processing file /home/airflow/.local/lib/python3.8/site-packages/airflow/example_dags/example_sensors.py for tasks to queue
[2026-08-26T18:16:08.571+0000] {logging_mixin.py:188} INFO - [2026-08-26T18:16:08.571+0000] {dagbag.py:540} INFO - Filling up the DagBag from /home/airflow/.local/lib/python3.8/site-packages/airflow/example_dags/example_sensors.py
[2026-08-26T18:16:08.582+0000] {processor.py:840} INFO - DAG(s) 'example_sensors' retrieved from /home/airflow/.local/lib/python3.8/site-packages/airflow/example_dags/example_sensors.py
[2026-08-26T18:16:08.613+0000] {logging_mixin.py:188} INFO - [2026-08-26T18:16:08.613+0000] {dag.py:3047} INFO - Sync 1 DAGs
[2026-08-26T18:16:08.626+0000] {logging_mixin.py:188} INFO - [2026-08-26T18:16:08.626+0000] {dag.py:3834} INFO - Setting next_dagrun for example_sensors to None, run_after=None
[2026-08-26T18:16:08.647+0000] {processor.py:183} INFO - Processing /home/airflow/.local/lib/python3.8/site-packages/airflow/example_dags/example_sensors.py took 0.085 seconds
[2026-08-26T18:16:39.064+0000] {processor.py:161} INFO - Started process (PID=3288) to work on /home/airflow/.local/lib/python3.8/site-packages/airflow/example_dags/example_sensors.py
[2026-08-26T18:16:39.065+0000] {processor.py:830} INFO - Processing file /home/airflow/.local/lib/python3.8/site-packages/airflow/example_dags/example_sensors.py for tasks to queue
[2026-08-26T18:16:39.068+0000] {logging_mixin.py:188} INFO - [2026-08-26T18:16:39.067+0000] {dagbag.py:540} INFO - Filling up the DagBag from /home/airflow/.local/lib/python3.8/site-packages/airflow/example_dags/example_sensors.py
[2026-08-26T18:16:39.077+0000] {processor.py:840} INFO - DAG(s) 'example_sensors' retrieved from /home/airflow/.local/lib/python3.8/site-packages/airflow/example_dags/example_sensors.py
[2026-08-26T18:16:39.102+0000] {logging_mixin.py:188} INFO - [2026-08-26T18:16:39.102+0000] {dag.py:3047} INFO - Sync 1 DAGs
[2026-08-26T18:16:39.117+0000] {logging_mixin.py:188} INFO - [2026-08-26T18:16:39.116+0000] {dag.py:3834} INFO - Setting next_dagrun for example_sensors to None, run_after=None
[2026-08-26T18:16:39.137+0000] {processor.py:183} INFO - Processing /home/airflow/.local/lib/python3.8/site-packages/airflow/example_dags/example_sensors.py took 0.077 seconds
[2026-08-26T18:17:09.733+0000] {processor.py:161} INFO - Started process (PID=3345) to work on /home/airflow/.local/lib/python3.8/site-packages/airflow/example_dags/example_sensors.py
[2026-08-26T18:17:09.735+0000] {processor.py:830} INFO - Processing file /home/airflow/.local/lib/python3.8/site-packages/airflow/example_dags/example_sensors.py for tasks to queue
[2026-08-26T18:17:09.737+0000] {logging_mixin.py:188} INFO - [2026-08-26T18:17:09.737+0000] {dagbag.py:540} INFO - Filling up the DagBag from /home/airflow/.local/lib/python3.8/site-packages/airflow/example_dags/example_sensors.py
[2026-08-26T18:17:09.747+0000] {processor.py:840} INFO - DAG(s) 'example_sensors' retrieved from /home/airflow/.local/lib/python3.8/site-packages/airflow/example_dags/example_sensors.py
[2026-08-26T18:17:09.773+0000] {logging_mixin.py:188} INFO - [2026-08-26T18:17:09.773+0000] {dag.py:3047} INFO - Sync 1 DAGs
[2026-08-26T18:17:09.785+0000] {logging_mixin.py:188} INFO - [2026-08-26T18:17:09.785+0000] {dag.py:3834} INFO - Setting next_dagrun for example_sensors to None, run_after=None
[2026-08-26T18:17:09.806+0000] {processor.py:183} INFO - Processing /home/airflow/.local/lib/python3.8/site-packages/airflow/example_dags/example_sensors.py took 0.076 seconds
[2026-08-26T18:17:40.296+0000] {processor.py:161} INFO - Started process (PID=3402) to work on /home/airflow/.local/lib/python3.8/site-packages/airflow/example_dags/example_sensors.py
[2026-08-26T18:17:40.298+0000] {processor.py:830} INFO - Processing file /home/airflow/.local/lib/python3.8/site-packages/airflow/example_dags/example_sensors.py for tasks to queue
[2026-08-26T18:17:40.300+0000] {logging_mixin.py:188} INFO - [2026-08-26T18:17:40.300+0000] {dagbag.py:540} INFO - Filling up the DagBag from /home/airflow/.local/lib/python3.8/site-packages/airflow/example_dags/example_sensors.py
[2026-08-26T18:17:40.311+0000] {processor.py:840} INFO - DAG(s) 'example_sensors' retrieved from /home/airflow/.local/lib/python3.8/site-packages/airflow/example_dags/example_sensors.py
[2026-08-26T18:17:40.339+0000] {logging_mixin.py:188} INFO - [2026-08-26T18:17:40.339+0000] {dag.py:3047} INFO - Sync 1 DAGs
[2026-08-26T18:17:40.352+0000] {logging_mixin.py:188} INFO - [2026-08-26T18:17:40.352+0000] {dag.py:3834} INFO - Setting next_dagrun for example_sensors to None, run_after=None
[2026-08-26T18:17:40.373+0000] {processor.py:183} INFO - Processing /home/airflow/.local/lib/python3.8/site-packages/airflow/example_dags/example_sensors.py took 0.082 seconds
[2026-08-26T18:18:10.460+0000] {processor.py:161} INFO - Started process (PID=3460) to work on /home/airflow/.local/lib/python3.8/site-packages/airflow/example_dags/example_sensors.py
[2026-08-26T18:18:10.462+0000] {processor.py:830} INFO - Processing file /home/airflow/.local/lib/python3.8/site-packages/airflow/example_dags/example_sensors.py for tasks to queue
[2026-08-26T18:18:10.465+0000] {logging_mixin.py:188} INFO - [2026-08-26T18:18:10.465+0000] {dagbag.py:540} INFO - Filling up the DagBag from /home/airflow/.local/lib/python3.8/site-packages/airflow/example_dags/example_sensors.py
[2026-08-26T18:18:10.481+0000] {processor.py:840} INFO - DAG(s) 'example_sensors' retrieved from /home/airflow/.local/lib/python3.8/site-packages/airflow/example_dags/example_sensors.py
[2026-08-26T18:18:10.511+0000] {logging_mixin.py:188} INFO - [2026-08-26T18:18:10.511+0000] {dag.py:3047} INFO - Sync 1 DAGs
[2026-08-26T18:18:10.526+0000] {logging_mixin.py:188} INFO - [2026-08-26T18:18:10.526+0000] {dag.py:3834} INFO - Setting next_dagrun for example_sensors to None, run_after=None
[2026-08-26T18:18:10.549+0000] {processor.py:183} INFO - Processing /home/airflow/.local/lib/python3.8/site-packages/airflow/example_dags/example_sensors.py took 0.093 seconds
[2026-08-26T18:18:41.003+0000] {processor.py:161} INFO - Started process (PID=3518) to work on /home/airflow/.local/lib/python3.8/site-packages/airflow/example_dags/example_sensors.py
[2026-08-26T18:18:41.005+0000] {processor.py:830} INFO - Processing file /home/airflow/.local/lib/python3.8/site-packages/airflow/example_dags/example_sensors.py for tasks to queue
[2026-08-26T18:18:41.008+0000] {logging_mixin.py:188} INFO - [2026-08-26T18:18:41.007+0000] {dagbag.py:540} INFO - Filling up the DagBag from /home/airflow/.local/lib/python3.8/site-packages/airflow/example_dags/example_sensors.py
[2026-08-26T18:18:41.020+0000] {processor.py:840} INFO - DAG(s) 'example_sensors' retrieved from /home/airflow/.local/lib/python3.8/site-packages/airflow/example_dags/example_sensors.py
[2026-08-26T18:18:41.049+0000] {logging_mixin.py:188} INFO - [2026-08-26T18:18:41.049+0000] {dag.py:3047} INFO - Sync 1 DAGs
[2026-08-26T18:18:41.064+0000] {logging_mixin.py:188} INFO - [2026-08-26T18:18:41.064+0000] {dag.py:3834} INFO - Setting next_dagrun for example_sensors to None, run_after=None
[2026-08-26T18:18:41.085+0000] {processor.py:183} INFO - Processing /home/airflow/.local/lib/python3.8/site-packages/airflow/example_dags/example_sensors.py took 0.086 seconds
[2026-08-26T18:19:11.508+0000] {processor.py:161} INFO - Started process (PID=3576) to work on /home/airflow/.local/lib/python3.8/site-packages/airflow/example_dags/example_sensors.py
[2026-08-26T18:19:11.510+0000] {processor.py:830} INFO - Processing file /home/airflow/.local/lib/python3.8/site-packages/airflow/example_dags/example_sensors.py for tasks to queue
[2026-08-26T18:19:11.513+0000] {logging_mixin.py:188} INFO - [2026-08-26T18:19:11.512+0000] {dagbag.py:540} INFO - Filling up the DagBag from /home/airflow/.local/lib/python3.8/site-packages/airflow/example_dags/example_sensors.py
[2026-08-26T18:19:11.525+0000] {processor.py:840} INFO - DAG(s) 'example_sensors' retrieved from /home/airflow/.local/lib/python3.8/site-packages/airflow/example_dags/example_sensors.py
[2026-08-26T18:19:11.553+0000] {logging_mixin.py:188} INFO - [2026-08-26T18:19:11.553+0000] {dag.py:3047} INFO - Sync 1 DAGs
[2026-08-26T18:19:11.567+0000] {logging_mixin.py:188} INFO - [2026-08-26T18:19:11.567+0000] {dag.py:3834} INFO - Setting next_dagrun for example_sensors to None, run_after=None
[2026-08-26T18:19:11.588+0000] {processor.py:183} INFO - Processing /home/airflow/.local/lib/python3.8/site-packages/airflow/example_dags/example_sensors.py took 0.086 seconds
[2026-08-26T18:19:42.088+0000] {processor.py:161} INFO - Started process (PID=3633) to work on /home/airflow/.local/lib/python3.8/site-packages/airflow/example_dags/example_sensors.py
[2026-08-26T18:19:42.090+0000] {processor.py:830} INFO - Processing file /home/airflow/.local/lib/python3.8/site-packages/airflow/example_dags/example_sensors.py for tasks to queue
[2026-08-26T18:19:42.093+0000] {logging_mixin.py:188} INFO - [2026-08-26T18:19:42.092+0000] {dagbag.py:540} INFO - Filling up the DagBag from /home/airflow/.local/lib/python3.8/site-packages/airflow/example_dags/example_sensors.py
[2026-08-26T18:19:42.107+0000] {processor.py:840} INFO - DAG(s) 'example_sensors' retrieved from /home/airflow/.local/lib/python3.8/site-packages/airflow/example_dags/example_sensors.py
[2026-08-26T18:19:42.134+0000] {logging_mixin.py:188} INFO - [2026-08-26T18:19:42.134+0000] {dag.py:3047} INFO - Sync 1 DAGs
[2026-08-26T18:19:42.147+0000] {logging_mixin.py:188} INFO - [2026-08-26T18:19:42.146+0000] {dag.py:3834} INFO - Setting next_dagrun for example_sensors to None, run_after=None
[2026-08-26T18:19:42.168+0000] {processor.py:183} INFO - Processing /home/airflow/.local/lib/python3.8/site-packages/airflow/example_dags/example_sensors.py took 0.085 seconds
[2026-08-26T18:20:12.997+0000] {processor.py:161} INFO - Started process (PID=3690) to work on /home/airflow/.local/lib/python3.8/site-packages/airflow/example_dags/example_sensors.py
[2026-08-26T18:20:12.998+0000] {processor.py:830} INFO - Processing file /home/airflow/.local/lib/python3.8/site-packages/airflow/example_dags/example_sensors.py for tasks to queue
[2026-08-26T18:20:13.001+0000] {logging_mixin.py:188} INFO - [2026-08-26T18:20:13.000+0000] {dagbag.py:540} INFO - Filling up the DagBag from /home/airflow/.local/lib/python3.8/site-packages/airflow/example_dags/example_sensors.py
[2026-08-26T18:20:13.015+0000] {processor.py:840} INFO - DAG(s) 'example_sensors' retrieved from /home/airflow/.local/lib/python3.8/site-packages/airflow/example_dags/example_sensors.py
[2026-08-26T18:20:13.043+0000] {logging_mixin.py:188} INFO - [2026-08-26T18:20:13.043+0000] {dag.py:3047} INFO - Sync 1 DAGs
[2026-08-26T18:20:13.057+0000] {logging_mixin.py:188} INFO - [2026-08-26T18:20:13.057+0000] {dag.py:3834} INFO - Setting next_dagrun for example_sensors to None, run_after=None
[2026-08-26T18:20:13.078+0000] {processor.py:183} INFO - Processing /home/airflow/.local/lib/python3.8/site-packages/airflow/example_dags/example_sensors.py took 0.087 seconds
[2026-08-26T18:20:43.600+0000] {processor.py:161} INFO - Started process (PID=3747) to work on /home/airflow/.local/lib/python3.8/site-packages/airflow/example_dags/example_sensors.py
[2026-08-26T18:20:43.602+0000] {processor.py:830} INFO - Processing file /home/airflow/.local/lib/python3.8/site-packages/airflow/example_dags/example_sensors.py for tasks to queue
[2026-08-26T18:20:43.605+0000] {logging_mixin.py:188} INFO - [2026-08-26T18:20:43.604+0000] {dagbag.py:540} INFO - Filling up the DagBag from /home/airflow/.local/lib/python3.8/site-packages/airflow/example_dags/example_sensors.py
[2026-08-26T18:20:43.619+0000] {processor.py:840} INFO - DAG(s) 'example_sensors' retrieved from /home/airflow/.local/lib/python3.8/site-packages/airflow/example_dags/example_sensors.py
[2026-08-26T18:20:43.649+0000] {logging_mixin.py:188} INFO - [2026-08-26T18:20:43.648+0000] {dag.py:3047} INFO - Sync 1 DAGs
[2026-08-26T18:20:43.664+0000] {logging_mixin.py:188} INFO - [2026-08-26T18:20:43.664+0000] {dag.py:3834} INFO - Setting next_dagrun for example_sensors to None, run_after=None
[2026-08-26T18:20:43.684+0000] {processor.py:183} INFO - Processing /home/airflow/.local/lib/python3.8/site-packages/airflow/example_dags/example_sensors.py took 0.089 seconds
[2026-08-26T18:21:14.184+0000] {processor.py:161} INFO - Started process (PID=3804) to work on /home/airflow/.local/lib/python3.8/site-packages/airflow/example_dags/example_sensors.py
[2026-08-26T18:21:14.186+0000] {processor.py:830} INFO - Processing file /home/airflow/.local/lib/python3.8/site-packages/airflow/example_dags/example_sensors.py for tasks to queue
[2026-08-26T18:21:14.189+0000] {logging_mixin.py:188} INFO - [2026-08-26T18:21:14.189+0000] {dagbag.py:540} INFO - Filling up the DagBag from /home/airflow/.local/lib/python3.8/site-packages/airflow/example_dags/example_sensors.py
[2026-08-26T18:21:14.201+0000] {processor.py:840} INFO - DAG(s) 'example_sensors' retrieved from /home/airflow/.local/lib/python3.8/site-packages/airflow/example_dags/example_sensors.py
[2026-08-26T18:21:14.226+0000] {logging_mixin.py:188} INFO - [2026-08-26T18:21:14.226+0000] {dag.py:3047} INFO - Sync 1 DAGs
[2026-08-26T18:21:14.239+0000] {logging_mixin.py:188} INFO - [2026-08-26T18:21:14.239+0000] {dag.py:3834} INFO - Setting next_dagrun for example_sensors to None, run_after=None
[2026-08-26T18:21:14.262+0000] {processor.py:183} INFO - Processing /home/airflow/.local/lib/python3.8/site-packages/airflow/example_dags/example_sensors.py took 0.082 seconds
[2026-08-26T18:21:44.462+0000] {processor.py:161} INFO - Started process (PID=3861) to work on /home/airflow/.local/lib/python3.8/site-packages/airflow/example_dags/example_sensors.py
[2026-08-26T18:21:44.463+0000] {processor.py:830} INFO - Processing file /home/airflow/.local/lib/python3.8/site-packages/airflow/example_dags/example_sensors.py for tasks to queue
[2026-08-26T18:21:44.466+0000] {logging_mixin.py:188} INFO - [2026-08-26T18:21:44.465+0000] {dagbag.py:540} INFO - Filling up the DagBag from /home/airflow/.local/lib/python3.8/site-packages/airflow/example_dags/example_sensors.py
[2026-08-26T18:21:44.477+0000] {processor.py:840} INFO - DAG(s) 'example_sensors' retrieved from /home/airflow/.local/lib/python3.8/site-packages/airflow/example_dags/example_sensors.py
[2026-08-26T18:21:44.508+0000] {logging_mixin.py:188} INFO - [2026-08-26T18:21:44.507+0000] {dag.py:3047} INFO - Sync 1 DAGs
[2026-08-26T18:21:44.523+0000] {logging_mixin.py:188} INFO - [2026-08-26T18:21:44.523+0000] {dag.py:3834} INFO - Setting next_dagrun for example_sensors to None, run_after=None
[2026-08-26T18:21:44.547+0000] {processor.py:183} INFO - Processing /home/airflow/.local/lib/python3.8/site-packages/airflow/example_dags/example_sensors.py took 0.089 seconds
[2026-08-26T18:22:14.631+0000] {processor.py:161} INFO - Started process (PID=3916) to work on /home/airflow/.local/lib/python3.8/site-packages/airflow/example_dags/example_sensors.py
[2026-08-26T18:22:14.632+0000] {processor.py:830} INFO - Processing file /home/airflow/.local/lib/python3.8/site-packages/airflow/example_dags/example_sensors.py for tasks to queue
[2026-08-26T18:22:14.637+0000] {logging_mixin.py:188} INFO - [2026-08-26T18:22:14.636+0000] {dagbag.py:540} INFO - Filling up the DagBag from /home/airflow/.local/lib/python3.8/site-packages/airflow/example_dags/example_sensors.py
[2026-08-26T18:22:14.646+0000] {processor.py:840} INFO - DAG(s) 'example_sensors' retrieved from /home/airflow/.local/lib/python3.8/site-packages/airflow/example_dags/example_sensors.py
[2026-08-26T18:22:14.678+0000] {logging_mixin.py:188} INFO - [2026-08-26T18:22:14.677+0000] {dag.py:3047} INFO - Sync 1 DAGs
[2026-08-26T18:22:14.693+0000] {logging_mixin.py:188} INFO - [2026-08-26T18:22:14.693+0000] {dag.py:3834} INFO - Setting next_dagrun for example_sensors to None, run_after=None
[2026-08-26T18:22:14.719+0000] {processor.py:183} INFO - Processing /home/airflow/.local/lib/python3.8/site-packages/airflow/example_dags/example_sensors.py took 0.092 seconds
[2026-08-26T18:22:44.986+0000] {processor.py:161} INFO - Started process (PID=3973) to work on /home/airflow/.local/lib/python3.8/site-packages/airflow/example_dags/example_sensors.py
[2026-08-26T18:22:44.987+0000] {processor.py:830} INFO - Processing file /home/airflow/.local/lib/python3.8/site-packages/airflow/example_dags/example_sensors.py for tasks to queue
[2026-08-26T18:22:44.990+0000] {logging_mixin.py:188} INFO - [2026-08-26T18:22:44.989+0000] {dagbag.py:540} INFO - Filling up the DagBag from /home/airflow/.local/lib/python3.8/site-packages/airflow/example_dags/example_sensors.py
[2026-08-26T18:22:45.001+0000] {processor.py:840} INFO - DAG(s) 'example_sensors' retrieved from /home/airflow/.local/lib/python3.8/site-packages/airflow/example_dags/example_sensors.py
[2026-08-26T18:22:45.028+0000] {logging_mixin.py:188} INFO - [2026-08-26T18:22:45.028+0000] {dag.py:3047} INFO - Sync 1 DAGs
[2026-08-26T18:22:45.042+0000] {logging_mixin.py:188} INFO - [2026-08-26T18:22:45.042+0000] {dag.py:3834} INFO - Setting next_dagrun for example_sensors to None, run_after=None
[2026-08-26T18:22:45.064+0000] {processor.py:183} INFO - Processing /home/airflow/.local/lib/python3.8/site-packages/airflow/example_dags/example_sensors.py took 0.083 seconds
[2026-08-26T18:23:15.364+0000] {processor.py:161} INFO - Started process (PID=4030) to work on /home/airflow/.local/lib/python3.8/site-packages/airflow/example_dags/example_sensors.py
[2026-08-26T18:23:15.367+0000] {processor.py:830} INFO - Processing file /home/airflow/.local/lib/python3.8/site-packages/airflow/example_dags/example_sensors.py for tasks to queue
[2026-08-26T18:23:15.370+0000] {logging_mixin.py:188} INFO - [2026-08-26T18:23:15.369+0000] {dagbag.py:540} INFO - Filling up the DagBag from /home/airflow/.local/lib/python3.8/site-packages/airflow/example_dags/example_sensors.py
[2026-08-26T18:23:15.382+0000] {processor.py:840} INFO - DAG(s) 'example_sensors' retrieved from /home/airflow/.local/lib/python3.8/site-packages/airflow/example_dags/example_sensors.py
[2026-08-26T18:23:15.416+0000] {logging_mixin.py:188} INFO - [2026-08-26T18:23:15.415+0000] {dag.py:3047} INFO - Sync 1 DAGs
[2026-08-26T18:23:15.433+0000] {logging_mixin.py:188} INFO - [2026-08-26T18:23:15.432+0000] {dag.py:3834} INFO - Setting next_dagrun for example_sensors to None, run_after=None
[2026-08-26T18:23:15.458+0000] {processor.py:183} INFO - Processing /home/airflow/.local/lib/python3.8/site-packages/airflow/example_dags/example_sensors.py took 0.101 seconds
[2026-08-26T18:23:45.961+0000] {processor.py:161} INFO - Started process (PID=4087) to work on /home/airflow/.local/lib/python3.8/site-packages/airflow/example_dags/example_sensors.py
[2026-08-26T18:23:45.963+0000] {processor.py:830} INFO - Processing file /home/airflow/.local/lib/python3.8/site-packages/airflow/example_dags/example_sensors.py for tasks to queue
[2026-08-26T18:23:45.966+0000] {logging_mixin.py:188} INFO - [2026-08-26T18:23:45.965+0000] {dagbag.py:540} INFO - Filling up the DagBag from /home/airflow/.local/lib/python3.8/site-packages/airflow/example_dags/example_sensors.py
[2026-08-26T18:23:45.978+0000] {processor.py:840} INFO - DAG(s) 'example_sensors' retrieved from /home/airflow/.local/lib/python3.8/site-packages/airflow/example_dags/example_sensors.py
[2026-08-26T18:23:46.008+0000] {logging_mixin.py:188} INFO - [2026-08-26T18:23:46.007+0000] {dag.py:3047} INFO - Sync 1 DAGs
[2026-08-26T18:23:46.022+0000] {logging_mixin.py:188} INFO - [2026-08-26T18:23:46.021+0000] {dag.py:3834} INFO - Setting next_dagrun for example_sensors to None, run_after=None
[2026-08-26T18:23:46.047+0000] {processor.py:183} INFO - Processing /home/airflow/.local/lib/python3.8/site-packages/airflow/example_dags/example_sensors.py took 0.091 seconds
[2026-08-26T18:24:16.871+0000] {processor.py:161} INFO - Started process (PID=4142) to work on /home/airflow/.local/lib/python3.8/site-packages/airflow/example_dags/example_sensors.py
[2026-08-26T18:24:16.873+0000] {processor.py:830} INFO - Processing file /home/airflow/.local/lib/python3.8/site-packages/airflow/example_dags/example_sensors.py for tasks to queue
[2026-08-26T18:24:16.878+0000] {logging_mixin.py:188} INFO - [2026-08-26T18:24:16.877+0000] {dagbag.py:540} INFO - Filling up the DagBag from /home/airflow/.local/lib/python3.8/site-packages/airflow/example_dags/example_sensors.py
[2026-08-26T18:24:16.890+0000] {processor.py:840} INFO - DAG(s) 'example_sensors' retrieved from /home/airflow/.local/lib/python3.8/site-packages/airflow/example_dags/example_sensors.py
[2026-08-26T18:24:16.922+0000] {logging_mixin.py:188} INFO - [2026-08-26T18:24:16.922+0000] {dag.py:3047} INFO - Sync 1 DAGs
[2026-08-26T18:24:16.938+0000] {logging_mixin.py:188} INFO - [2026-08-26T18:24:16.937+0000] {dag.py:3834} INFO - Setting next_dagrun for example_sensors to None, run_after=None
[2026-08-26T18:24:16.963+0000] {processor.py:183} INFO - Processing /home/airflow/.local/lib/python3.8/site-packages/airflow/example_dags/example_sensors.py took 0.098 seconds
[2026-08-26T18:24:47.148+0000] {processor.py:161} INFO - Started process (PID=4199) to work on /home/airflow/.local/lib/python3.8/site-packages/airflow/example_dags/example_sensors.py
[2026-08-26T18:24:47.150+0000] {processor.py:830} INFO - Processing file /home/airflow/.local/lib/python3.8/site-packages/airflow/example_dags/example_sensors.py for tasks to queue
[2026-08-26T18:24:47.153+0000] {logging_mixin.py:188} INFO - [2026-08-26T18:24:47.152+0000] {dagbag.py:540} INFO - Filling up the DagBag from /home/airflow/.local/lib/python3.8/site-packages/airflow/example_dags/example_sensors.py
[2026-08-26T18:24:47.165+0000] {processor.py:840} INFO - DAG(s) 'example_sensors' retrieved from /home/airflow/.local/lib/python3.8/site-packages/airflow/example_dags/example_sensors.py
[2026-08-26T18:24:47.198+0000] {logging_mixin.py:188} INFO - [2026-08-26T18:24:47.198+0000] {dag.py:3047} INFO - Sync 1 DAGs
[2026-08-26T18:24:47.213+0000] {logging_mixin.py:188} INFO - [2026-08-26T18:24:47.213+0000] {dag.py:3834} INFO - Setting next_dagrun for example_sensors to None, run_after=None
[2026-08-26T18:24:47.237+0000] {processor.py:183} INFO - Processing /home/airflow/.local/lib/python3.8/site-packages/airflow/example_dags/example_sensors.py took 0.094 seconds
[2026-08-26T18:25:17.360+0000] {processor.py:161} INFO - Started process (PID=4256) to work on /home/airflow/.local/lib/python3.8/site-packages/airflow/example_dags/example_sensors.py
[2026-08-26T18:25:17.361+0000] {processor.py:830} INFO - Processing file /home/airflow/.local/lib/python3.8/site-packages/airflow/example_dags/example_sensors.py for tasks to queue
[2026-08-26T18:25:17.364+0000] {logging_mixin.py:188} INFO - [2026-08-26T18:25:17.363+0000] {dagbag.py:540} INFO - Filling up the DagBag from /home/airflow/.local/lib/python3.8/site-packages/airflow/example_dags/example_sensors.py
[2026-08-26T18:25:17.377+0000] {processor.py:840} INFO - DAG(s) 'example_sensors' retrieved from /home/airflow/.local/lib/python3.8/site-packages/airflow/example_dags/example_sensors.py
[2026-08-26T18:25:17.408+0000] {logging_mixin.py:188} INFO - [2026-08-26T18:25:17.407+0000] {dag.py:3047} INFO - Sync 1 DAGs
[2026-08-26T18:25:17.423+0000] {logging_mixin.py:188} INFO - [2026-08-26T18:25:17.423+0000] {dag.py:3834} INFO - Setting next_dagrun for example_sensors to None, run_after=None
[2026-08-26T18:25:17.447+0000] {processor.py:183} INFO - Processing /home/airflow/.local/lib/python3.8/site-packages/airflow/example_dags/example_sensors.py took 0.091 seconds
[2026-08-26T18:25:47.489+0000] {processor.py:161} INFO - Started process (PID=4313) to work on /home/airflow/.local/lib/python3.8/site-packages/airflow/example_dags/example_sensors.py
[2026-08-26T18:25:47.491+0000] {processor.py:830} INFO - Processing file /home/airflow/.local/lib/python3.8/site-packages/airflow/example_dags/example_sensors.py for tasks to queue
[2026-08-26T18:25:47.493+0000] {logging_mixin.py:188} INFO - [2026-08-26T18:25:47.493+0000] {dagbag.py:540} INFO - Filling up the DagBag from /home/airflow/.local/lib/python3.8/site-packages/airflow/example_dags/example_sensors.py
[2026-08-26T18:25:47.506+0000] {processor.py:840} INFO - DAG(s) 'example_sensors' retrieved from /home/airflow/.local/lib/python3.8/site-packages/airflow/example_dags/example_sensors.py
[2026-08-26T18:25:47.535+0000] {logging_mixin.py:188} INFO - [2026-08-26T18:25:47.535+0000] {dag.py:3047} INFO - Sync 1 DAGs
[2026-08-26T18:25:47.550+0000] {logging_mixin.py:188} INFO - [2026-08-26T18:25:47.550+0000] {dag.py:3834} INFO - Setting next_dagrun for example_sensors to None, run_after=None
[2026-08-26T18:25:47.572+0000] {processor.py:183} INFO - Processing /home/airflow/.local/lib/python3.8/site-packages/airflow/example_dags/example_sensors.py took 0.088 seconds
[2026-08-26T18:26:18.070+0000] {processor.py:161} INFO - Started process (PID=4370) to work on /home/airflow/.local/lib/python3.8/site-packages/airflow/example_dags/example_sensors.py
[2026-08-26T18:26:18.073+0000] {processor.py:830} INFO - Processing file /home/airflow/.local/lib/python3.8/site-packages/airflow/example_dags/example_sensors.py for tasks to queue
[2026-08-26T18:26:18.077+0000] {logging_mixin.py:188} INFO - [2026-08-26T18:26:18.077+0000] {dagbag.py:540} INFO - Filling up the DagBag from /home/airflow/.local/lib/python3.8/site-packages/airflow/example_dags/example_sensors.py
[2026-08-26T18:26:18.091+0000] {processor.py:840} INFO - DAG(s) 'example_sensors' retrieved from /home/airflow/.local/lib/python3.8/site-packages/airflow/example_dags/example_sensors.py
[2026-08-26T18:26:18.128+0000] {logging_mixin.py:188} INFO - [2026-08-26T18:26:18.126+0000] {dag.py:3047} INFO - Sync 1 DAGs
[2026-08-26T18:26:18.147+0000] {logging_mixin.py:188} INFO - [2026-08-26T18:26:18.146+0000] {dag.py:3834} INFO - Setting next_dagrun for example_sensors to None, run_after=None
[2026-08-26T18:26:18.169+0000] {processor.py:183} INFO - Processing /home/airflow/.local/lib/python3.8/site-packages/airflow/example_dags/example_sensors.py took 0.106 seconds
[2026-08-26T18:26:48.839+0000] {processor.py:161} INFO - Started process (PID=4427) to work on /home/airflow/.local/lib/python3.8/site-packages/airflow/example_dags/example_sensors.py
[2026-08-26T18:26:48.842+0000] {processor.py:830} INFO - Processing file /home/airflow/.local/lib/python3.8/site-packages/airflow/example_dags/example_sensors.py for tasks to queue
[2026-08-26T18:26:48.846+0000] {logging_mixin.py:188} INFO - [2026-08-26T18:26:48.845+0000] {dagbag.py:540} INFO - Filling up the DagBag from /home/airflow/.local/lib/python3.8/site-packages/airflow/example_dags/example_sensors.py
[2026-08-26T18:26:48.858+0000] {processor.py:840} INFO - DAG(s) 'example_sensors' retrieved from /home/airflow/.local/lib/python3.8/site-packages/airflow/example_dags/example_sensors.py
[2026-08-26T18:26:48.892+0000] {logging_mixin.py:188} INFO - [2026-08-26T18:26:48.891+0000] {dag.py:3047} INFO - Sync 1 DAGs
[2026-08-26T18:26:48.910+0000] {logging_mixin.py:188} INFO - [2026-08-26T18:26:48.909+0000] {dag.py:3834} INFO - Setting next_dagrun for example_sensors to None, run_after=None
[2026-08-26T18:26:48.938+0000] {processor.py:183} INFO - Processing /home/airflow/.local/lib/python3.8/site-packages/airflow/example_dags/example_sensors.py took 0.103 seconds
[2026-08-26T18:27:19.461+0000] {processor.py:161} INFO - Started process (PID=4484) to work on /home/airflow/.local/lib/python3.8/site-packages/airflow/example_dags/example_sensors.py
[2026-08-26T18:27:19.463+0000] {processor.py:830} INFO - Processing file /home/airflow/.local/lib/python3.8/site-packages/airflow/example_dags/example_sensors.py for tasks to queue
[2026-08-26T18:27:19.467+0000] {logging_mixin.py:188} INFO - [2026-08-26T18:27:19.467+0000] {dagbag.py:540} INFO - Filling up the DagBag from /home/airflow/.local/lib/python3.8/site-packages/airflow/example_dags/example_sensors.py
[2026-08-26T18:27:19.486+0000] {processor.py:840} INFO - DAG(s) 'example_sensors' retrieved from /home/airflow/.local/lib/python3.8/site-packages/airflow/example_dags/example_sensors.py
[2026-08-26T18:27:19.536+0000] {logging_mixin.py:188} INFO - [2026-08-26T18:27:19.536+0000] {dag.py:3047} INFO - Sync 1 DAGs
[2026-08-26T18:27:19.564+0000] {logging_mixin.py:188} INFO - [2026-08-26T18:27:19.563+0000] {dag.py:3834} INFO - Setting next_dagrun for example_sensors to None, run_after=None
[2026-08-26T18:27:19.593+0000] {processor.py:183} INFO - Processing /home/airflow/.local/lib/python3.8/site-packages/airflow/example_dags/example_sensors.py took 0.136 seconds
[2026-08-26T18:27:50.263+0000] {processor.py:161} INFO - Started process (PID=4541) to work on /home/airflow/.local/lib/python3.8/site-packages/airflow/example_dags/example_sensors.py
[2026-08-26T18:27:50.265+0000] {processor.py:830} INFO - Processing file /home/airflow/.local/lib/python3.8/site-packages/airflow/example_dags/example_sensors.py for tasks to queue
[2026-08-26T18:27:50.268+0000] {logging_mixin.py:188} INFO - [2026-08-26T18:27:50.268+0000] {dagbag.py:540} INFO - Filling up the DagBag from /home/airflow/.local/lib/python3.8/site-packages/airflow/example_dags/example_sensors.py
[2026-08-26T18:27:50.278+0000] {processor.py:840} INFO - DAG(s) 'example_sensors' retrieved from /home/airflow/.local/lib/python3.8/site-packages/airflow/example_dags/example_sensors.py
[2026-08-26T18:27:50.307+0000] {logging_mixin.py:188} INFO - [2026-08-26T18:27:50.306+0000] {dag.py:3047} INFO - Sync 1 DAGs
[2026-08-26T18:27:50.321+0000] {logging_mixin.py:188} INFO - [2026-08-26T18:27:50.321+0000] {dag.py:3834} INFO - Setting next_dagrun for example_sensors to None, run_after=None
[2026-08-26T18:27:50.342+0000] {processor.py:183} INFO - Processing /home/airflow/.local/lib/python3.8/site-packages/airflow/example_dags/example_sensors.py took 0.082 seconds
[2026-08-26T18:28:20.865+0000] {processor.py:161} INFO - Started process (PID=4598) to work on /home/airflow/.local/lib/python3.8/site-packages/airflow/example_dags/example_sensors.py
[2026-08-26T18:28:20.868+0000] {processor.py:830} INFO - Processing file /home/airflow/.local/lib/python3.8/site-packages/airflow/example_dags/example_sensors.py for tasks to queue
[2026-08-26T18:28:20.871+0000] {logging_mixin.py:188} INFO - [2026-08-26T18:28:20.870+0000] {dagbag.py:540} INFO - Filling up the DagBag from /home/airflow/.local/lib/python3.8/site-packages/airflow/example_dags/example_sensors.py
[2026-08-26T18:28:20.880+0000] {processor.py:840} INFO - DAG(s) 'example_sensors' retrieved from /home/airflow/.local/lib/python3.8/site-packages/airflow/example_dags/example_sensors.py
[2026-08-26T18:28:20.912+0000] {logging_mixin.py:188} INFO - [2026-08-26T18:28:20.912+0000] {dag.py:3047} INFO - Sync 1 DAGs
[2026-08-26T18:28:20.927+0000] {logging_mixin.py:188} INFO - [2026-08-26T18:28:20.927+0000] {dag.py:3834} INFO - Setting next_dagrun for example_sensors to None, run_after=None
[2026-08-26T18:28:20.951+0000] {processor.py:183} INFO - Processing /home/airflow/.local/lib/python3.8/site-packages/airflow/example_dags/example_sensors.py took 0.090 seconds
[2026-08-26T18:28:51.588+0000] {processor.py:161} INFO - Started process (PID=4655) to work on /home/airflow/.local/lib/python3.8/site-packages/airflow/example_dags/example_sensors.py
[2026-08-26T18:28:51.590+0000] {processor.py:830} INFO - Processing file /home/airflow/.local/lib/python3.8/site-packages/airflow/example_dags/example_sensors.py for tasks to queue
[2026-08-26T18:28:51.593+0000] {logging_mixin.py:188} INFO - [2026-08-26T18:28:51.592+0000] {dagbag.py:540} INFO - Filling up the DagBag from /home/airflow/.local/lib/python3.8/site-packages/airflow/example_dags/example_sensors.py
[2026-08-26T18:28:51.606+0000] {processor.py:840} INFO - DAG(s) 'example_sensors' retrieved from /home/airflow/.local/lib/python3.8/site-packages/airflow/example_dags/example_sensors.py
[2026-08-26T18:28:51.651+0000] {logging_mixin.py:188} INFO - [2026-08-26T18:28:51.651+0000] {dag.py:3047} INFO - Sync 1 DAGs
[2026-08-26T18:28:51.677+0000] {logging_mixin.py:188} INFO - [2026-08-26T18:28:51.677+0000] {dag.py:3834} INFO - Setting next_dagrun for example_sensors to None, run_after=None
[2026-08-26T18:28:51.702+0000] {processor.py:183} INFO - Processing /home/airflow/.local/lib/python3.8/site-packages/airflow/example_dags/example_sensors.py took 0.128 seconds
[2026-08-26T18:29:22.610+0000] {processor.py:161} INFO - Started process (PID=4712) to work on /home/airflow/.local/lib/python3.8/site-packages/airflow/example_dags/example_sensors.py
[2026-08-26T18:29:22.612+0000] {processor.py:830} INFO - Processing file /home/airflow/.local/lib/python3.8/site-packages/airflow/example_dags/example_sensors.py for tasks to queue
[2026-08-26T18:29:22.614+0000] {logging_mixin.py:188} INFO - [2026-08-26T18:29:22.614+0000] {dagbag.py:540} INFO - Filling up the DagBag from /home/airflow/.local/lib/python3.8/site-packages/airflow/example_dags/example_sensors.py
[2026-08-26T18:29:22.630+0000] {processor.py:840} INFO - DAG(s) 'example_sensors' retrieved from /home/airflow/.local/lib/python3.8/site-packages/airflow/example_dags/example_sensors.py
[2026-08-26T18:29:22.660+0000] {logging_mixin.py:188} INFO - [2026-08-26T18:29:22.660+0000] {dag.py:3047} INFO - Sync 1 DAGs
[2026-08-26T18:29:22.679+0000] {logging_mixin.py:188} INFO - [2026-08-26T18:29:22.679+0000] {dag.py:3834} INFO - Setting next_dagrun for example_sensors to None, run_after=None
[2026-08-26T18:29:22.704+0000] {processor.py:183} INFO - Processing /home/airflow/.local/lib/python3.8/site-packages/airflow/example_dags/example_sensors.py took 0.098 seconds
[2026-08-26T18:29:52.827+0000] {processor.py:161} INFO - Started process (PID=4769) to work on /home/airflow/.local/lib/python3.8/site-packages/airflow/example_dags/example_sensors.py
[2026-08-26T18:29:52.829+0000] {processor.py:830} INFO - Processing file /home/airflow/.local/lib/python3.8/site-packages/airflow/example_dags/example_sensors.py for tasks to queue
[2026-08-26T18:29:52.832+0000] {logging_mixin.py:188} INFO - [2026-08-26T18:29:52.831+0000] {dagbag.py:540} INFO - Filling up the DagBag from /home/airflow/.local/lib/python3.8/site-packages/airflow/example_dags/example_sensors.py
[2026-08-26T18:29:52.844+0000] {processor.py:840} INFO - DAG(s) 'example_sensors' retrieved from /home/airflow/.local/lib/python3.8/site-packages/airflow/example_dags/example_sensors.py
[2026-08-26T18:29:52.874+0000] {logging_mixin.py:188} INFO - [2026-08-26T18:29:52.873+0000] {dag.py:3047} INFO - Sync 1 DAGs
[2026-08-26T18:29:52.888+0000] {logging_mixin.py:188} INFO - [2026-08-26T18:29:52.887+0000] {dag.py:3834} INFO - Setting next_dagrun for example_sensors to None, run_after=None
[2026-08-26T18:29:52.912+0000] {processor.py:183} INFO - Processing /home/airflow/.local/lib/python3.8/site-packages/airflow/example_dags/example_sensors.py took 0.090 seconds
[2026-08-26T18:30:23.099+0000] {processor.py:161} INFO - Started process (PID=4826) to work on /home/airflow/.local/lib/python3.8/site-packages/airflow/example_dags/example_sensors.py
[2026-08-26T18:30:23.101+0000] {processor.py:830} INFO - Processing file /home/airflow/.local/lib/python3.8/site-packages/airflow/example_dags/example_sensors.py for tasks to queue
[2026-08-26T18:30:23.105+0000] {logging_mixin.py:188} INFO - [2026-08-26T18:30:23.104+0000] {dagbag.py:540} INFO - Filling up the DagBag from /home/airflow/.local/lib/python3.8/site-packages/airflow/example_dags/example_sensors.py
[2026-08-26T18:30:23.115+0000] {processor.py:840} INFO - DAG(s) 'example_sensors' retrieved from /home/airflow/.local/lib/python3.8/site-packages/airflow/example_dags/example_sensors.py
[2026-08-26T18:30:23.143+0000] {logging_mixin.py:188} INFO - [2026-08-26T18:30:23.142+0000] {dag.py:3047} INFO - Sync 1 DAGs
[2026-08-26T18:30:23.156+0000] {logging_mixin.py:188} INFO - [2026-08-26T18:30:23.156+0000] {dag.py:3834} INFO - Setting next_dagrun for example_sensors to None, run_after=None
[2026-08-26T18:30:23.178+0000] {processor.py:183} INFO - Processing /home/airflow/.local/lib/python3.8/site-packages/airflow/example_dags/example_sensors.py took 0.082 seconds
[2026-08-26T18:30:53.265+0000] {processor.py:161} INFO - Started process (PID=4883) to work on /home/airflow/.local/lib/python3.8/site-packages/airflow/example_dags/example_sensors.py
[2026-08-26T18:30:53.267+0000] {processor.py:830} INFO - Processing file /home/airflow/.local/lib/python3.8/site-packages/airflow/example_dags/example_sensors.py for tasks to queue
[2026-08-26T18:30:53.270+0000] {logging_mixin.py:188} INFO - [2026-08-26T18:30:53.270+0000] {dagbag.py:540} INFO - Filling up the DagBag from /home/airflow/.local/lib/python3.8/site-packages/airflow/example_dags/example_sensors.py
[2026-08-26T18:30:53.280+0000] {processor.py:840} INFO - DAG(s) 'example_sensors' retrieved from /home/airflow/.local/lib/python3.8/site-packages/airflow/example_dags/example_sensors.py
[2026-08-26T18:30:53.311+0000] {logging_mixin.py:188} INFO - [2026-08-26T18:30:53.310+0000] {dag.py:3047} INFO - Sync 1 DAGs
[2026-08-26T18:30:53.325+0000] {logging_mixin.py:188} INFO - [2026-08-26T18:30:53.325+0000] {dag.py:3834} INFO - Setting next_dagrun for example_sensors to None, run_after=None
[2026-08-26T18:30:53.348+0000] {processor.py:183} INFO - Processing /home/airflow/.local/lib/python3.8/site-packages/airflow/example_dags/example_sensors.py took 0.086 seconds
[2026-08-26T18:31:23.905+0000] {processor.py:161} INFO - Started process (PID=4940) to work on /home/airflow/.local/lib/python3.8/site-packages/airflow/example_dags/example_sensors.py
[2026-08-26T18:31:23.907+0000] {processor.py:830} INFO - Processing file /home/airflow/.local/lib/python3.8/site-packages/airflow/example_dags/example_sensors.py for tasks to queue
[2026-08-26T18:31:23.909+0000] {logging_mixin.py:188} INFO - [2026-08-26T18:31:23.909+0000] {dagbag.py:540} INFO - Filling up the DagBag from /home/airflow/.local/lib/python3.8/site-packages/airflow/example_dags/example_sensors.py
[2026-08-26T18:31:23.920+0000] {processor.py:840} INFO - DAG(s) 'example_sensors' retrieved from /home/airflow/.local/lib/python3.8/site-packages/airflow/example_dags/example_sensors.py
[2026-08-26T18:31:23.948+0000] {logging_mixin.py:188} INFO - [2026-08-26T18:31:23.947+0000] {dag.py:3047} INFO - Sync 1 DAGs
[2026-08-26T18:31:23.961+0000] {logging_mixin.py:188} INFO - [2026-08-26T18:31:23.960+0000] {dag.py:3834} INFO - Setting next_dagrun for example_sensors to None, run_after=None
[2026-08-26T18:31:23.985+0000] {processor.py:183} INFO - Processing /home/airflow/.local/lib/python3.8/site-packages/airflow/example_dags/example_sensors.py took 0.084 seconds
[2026-08-26T18:31:54.493+0000] {processor.py:161} INFO - Started process (PID=4997) to work on /home/airflow/.local/lib/python3.8/site-packages/airflow/example_dags/example_sensors.py
[2026-08-26T18:31:54.495+0000] {processor.py:830} INFO - Processing file /home/airflow/.local/lib/python3.8/site-packages/airflow/example_dags/example_sensors.py for tasks to queue
[2026-08-26T18:31:54.498+0000] {logging_mixin.py:188} INFO - [2026-08-26T18:31:54.498+0000] {dagbag.py:540} INFO - Filling up the DagBag from /home/airflow/.local/lib/python3.8/site-packages/airflow/example_dags/example_sensors.py
[2026-08-26T18:31:54.507+0000] {processor.py:840} INFO - DAG(s) 'example_sensors' retrieved from /home/airflow/.local/lib/python3.8/site-packages/airflow/example_dags/example_sensors.py
[2026-08-26T18:31:54.537+0000] {logging_mixin.py:188} INFO - [2026-08-26T18:31:54.537+0000] {dag.py:3047} INFO - Sync 1 DAGs
[2026-08-26T18:31:54.552+0000] {logging_mixin.py:188} INFO - [2026-08-26T18:31:54.551+0000] {dag.py:3834} INFO - Setting next_dagrun for example_sensors to None, run_after=None
[2026-08-26T18:31:54.574+0000] {processor.py:183} INFO - Processing /home/airflow/.local/lib/python3.8/site-packages/airflow/example_dags/example_sensors.py took 0.085 seconds
[2026-08-26T18:32:25.119+0000] {processor.py:161} INFO - Started process (PID=5054) to work on /home/airflow/.local/lib/python3.8/site-packages/airflow/example_dags/example_sensors.py
[2026-08-26T18:32:25.120+0000] {processor.py:830} INFO - Processing file /home/airflow/.local/lib/python3.8/site-packages/airflow/example_dags/example_sensors.py for tasks to queue
[2026-08-26T18:32:25.123+0000] {logging_mixin.py:188} INFO - [2026-08-26T18:32:25.123+0000] {dagbag.py:540} INFO - Filling up the DagBag from /home/airflow/.local/lib/python3.8/site-packages/airflow/example_dags/example_sensors.py
[2026-08-26T18:32:25.133+0000] {processor.py:840} INFO - DAG(s) 'example_sensors' retrieved from /home/airflow/.local/lib/python3.8/site-packages/airflow/example_dags/example_sensors.py
[2026-08-26T18:32:25.161+0000] {logging_mixin.py:188} INFO - [2026-08-26T18:32:25.161+0000] {dag.py:3047} INFO - Sync 1 DAGs
[2026-08-26T18:32:25.173+0000] {logging_mixin.py:188} INFO - [2026-08-26T18:32:25.173+0000] {dag.py:3834} INFO - Setting next_dagrun for example_sensors to None, run_after=None
[2026-08-26T18:32:25.196+0000] {processor.py:183} INFO - Processing /home/airflow/.local/lib/python3.8/site-packages/airflow/example_dags/example_sensors.py took 0.081 seconds
[2026-08-26T18:32:55.593+0000] {processor.py:161} INFO - Started process (PID=5111) to work on /home/airflow/.local/lib/python3.8/site-packages/airflow/example_dags/example_sensors.py
[2026-08-26T18:32:55.595+0000] {processor.py:830} INFO - Processing file /home/airflow/.local/lib/python3.8/site-packages/airflow/example_dags/example_sensors.py for tasks to queue
[2026-08-26T18:32:55.597+0000] {logging_mixin.py:188} INFO - [2026-08-26T18:32:55.597+0000] {dagbag.py:540} INFO - Filling up the DagBag from /home/airflow/.local/lib/python3.8/site-packages/airflow/example_dags/example_sensors.py
[2026-08-26T18:32:55.607+0000] {processor.py:840} INFO - DAG(s) 'example_sensors' retrieved from /home/airflow/.local/lib/python3.8/site-packages/airflow/example_dags/example_sensors.py
[2026-08-26T18:32:55.635+0000] {logging_mixin.py:188} INFO - [2026-08-26T18:32:55.635+0000] {dag.py:3047} INFO - Sync 1 DAGs
[2026-08-26T18:32:55.650+0000] {logging_mixin.py:188} INFO - [2026-08-26T18:32:55.649+0000] {dag.py:3834} INFO - Setting next_dagrun for example_sensors to None, run_after=None
[2026-08-26T18:32:55.674+0000] {processor.py:183} INFO - Processing /home/airflow/.local/lib/python3.8/site-packages/airflow/example_dags/example_sensors.py took 0.086 seconds
[2026-08-26T18:33:25.772+0000] {processor.py:161} INFO - Started process (PID=5168) to work on /home/airflow/.local/lib/python3.8/site-packages/airflow/example_dags/example_sensors.py
[2026-08-26T18:33:25.774+0000] {processor.py:830} INFO - Processing file /home/airflow/.local/lib/python3.8/site-packages/airflow/example_dags/example_sensors.py for tasks to queue
[2026-08-26T18:33:25.776+0000] {logging_mixin.py:188} INFO - [2026-08-26T18:33:25.776+0000] {dagbag.py:540} INFO - Filling up the DagBag from /home/airflow/.local/lib/python3.8/site-packages/airflow/example_dags/example_sensors.py
[2026-08-26T18:33:25.787+0000] {processor.py:840} INFO - DAG(s) 'example_sensors' retrieved from /home/airflow/.local/lib/python3.8/site-packages/airflow/example_dags/example_sensors.py
[2026-08-26T18:33:25.815+0000] {logging_mixin.py:188} INFO - [2026-08-26T18:33:25.815+0000] {dag.py:3047} INFO - Sync 1 DAGs
[2026-08-26T18:33:25.830+0000] {logging_mixin.py:188} INFO - [2026-08-26T18:33:25.829+0000] {dag.py:3834} INFO - Setting next_dagrun for example_sensors to None, run_after=None
[2026-08-26T18:33:25.852+0000] {processor.py:183} INFO - Processing /home/airflow/.local/lib/python3.8/site-packages/airflow/example_dags/example_sensors.py took 0.085 seconds
[2026-08-26T18:33:55.987+0000] {processor.py:161} INFO - Started process (PID=5225) to work on /home/airflow/.local/lib/python3.8/site-packages/airflow/example_dags/example_sensors.py
[2026-08-26T18:33:55.989+0000] {processor.py:830} INFO - Processing file /home/airflow/.local/lib/python3.8/site-packages/airflow/example_dags/example_sensors.py for tasks to queue
[2026-08-26T18:33:55.992+0000] {logging_mixin.py:188} INFO - [2026-08-26T18:33:55.992+0000] {dagbag.py:540} INFO - Filling up the DagBag from /home/airflow/.local/lib/python3.8/site-packages/airflow/example_dags/example_sensors.py
[2026-08-26T18:33:56.003+0000] {processor.py:840} INFO - DAG(s) 'example_sensors' retrieved from /home/airflow/.local/lib/python3.8/site-packages/airflow/example_dags/example_sensors.py
[2026-08-26T18:33:56.032+0000] {logging_mixin.py:188} INFO - [2026-08-26T18:33:56.032+0000] {dag.py:3047} INFO - Sync 1 DAGs
[2026-08-26T18:33:56.047+0000] {logging_mixin.py:188} INFO - [2026-08-26T18:33:56.046+0000] {dag.py:3834} INFO - Setting next_dagrun for example_sensors to None, run_after=None
[2026-08-26T18:33:56.071+0000] {processor.py:183} INFO - Processing /home/airflow/.local/lib/python3.8/site-packages/airflow/example_dags/example_sensors.py took 0.087 seconds
[2026-08-26T18:34:26.359+0000] {processor.py:161} INFO - Started process (PID=5282) to work on /home/airflow/.local/lib/python3.8/site-packages/airflow/example_dags/example_sensors.py
[2026-08-26T18:34:26.361+0000] {processor.py:830} INFO - Processing file /home/airflow/.local/lib/python3.8/site-packages/airflow/example_dags/example_sensors.py for tasks to queue
[2026-08-26T18:34:26.364+0000] {logging_mixin.py:188} INFO - [2026-08-26T18:34:26.363+0000] {dagbag.py:540} INFO - Filling up the DagBag from /home/airflow/.local/lib/python3.8/site-packages/airflow/example_dags/example_sensors.py
[2026-08-26T18:34:26.377+0000] {processor.py:840} INFO - DAG(s) 'example_sensors' retrieved from /home/airflow/.local/lib/python3.8/site-packages/airflow/example_dags/example_sensors.py
[2026-08-26T18:34:26.408+0000] {logging_mixin.py:188} INFO - [2026-08-26T18:34:26.407+0000] {dag.py:3047} INFO - Sync 1 DAGs
[2026-08-26T18:34:26.422+0000] {logging_mixin.py:188} INFO - [2026-08-26T18:34:26.422+0000] {dag.py:3834} INFO - Setting next_dagrun for example_sensors to None, run_after=None
[2026-08-26T18:34:26.446+0000] {processor.py:183} INFO - Processing /home/airflow/.local/lib/python3.8/site-packages/airflow/example_dags/example_sensors.py took 0.091 seconds
[2026-08-26T18:34:57.097+0000] {processor.py:161} INFO - Started process (PID=5339) to work on /home/airflow/.local/lib/python3.8/site-packages/airflow/example_dags/example_sensors.py
[2026-08-26T18:34:57.098+0000] {processor.py:830} INFO - Processing file /home/airflow/.local/lib/python3.8/site-packages/airflow/example_dags/example_sensors.py for tasks to queue
[2026-08-26T18:34:57.102+0000] {logging_mixin.py:188} INFO - [2026-08-26T18:34:57.101+0000] {dagbag.py:540} INFO - Filling up the DagBag from /home/airflow/.local/lib/python3.8/site-packages/airflow/example_dags/example_sensors.py
[2026-08-26T18:34:57.117+0000] {processor.py:840} INFO - DAG(s) 'example_sensors' retrieved from /home/airflow/.local/lib/python3.8/site-packages/airflow/example_dags/example_sensors.py
[2026-08-26T18:34:57.153+0000] {logging_mixin.py:188} INFO - [2026-08-26T18:34:57.153+0000] {dag.py:3047} INFO - Sync 1 DAGs
[2026-08-26T18:34:57.170+0000] {logging_mixin.py:188} INFO - [2026-08-26T18:34:57.169+0000] {dag.py:3834} INFO - Setting next_dagrun for example_sensors to None, run_after=None
[2026-08-26T18:34:57.193+0000] {processor.py:183} INFO - Processing /home/airflow/.local/lib/python3.8/site-packages/airflow/example_dags/example_sensors.py took 0.103 seconds
[2026-08-26T18:35:27.780+0000] {processor.py:161} INFO - Started process (PID=5396) to work on /home/airflow/.local/lib/python3.8/site-packages/airflow/example_dags/example_sensors.py
[2026-08-26T18:35:27.782+0000] {processor.py:830} INFO - Processing file /home/airflow/.local/lib/python3.8/site-packages/airflow/example_dags/example_sensors.py for tasks to queue
[2026-08-26T18:35:27.785+0000] {logging_mixin.py:188} INFO - [2026-08-26T18:35:27.785+0000] {dagbag.py:540} INFO - Filling up the DagBag from /home/airflow/.local/lib/python3.8/site-packages/airflow/example_dags/example_sensors.py
[2026-08-26T18:35:27.799+0000] {processor.py:840} INFO - DAG(s) 'example_sensors' retrieved from /home/airflow/.local/lib/python3.8/site-packages/airflow/example_dags/example_sensors.py
[2026-08-26T18:35:27.829+0000] {logging_mixin.py:188} INFO - [2026-08-26T18:35:27.829+0000] {dag.py:3047} INFO - Sync 1 DAGs
[2026-08-26T18:35:27.844+0000] {logging_mixin.py:188} INFO - [2026-08-26T18:35:27.844+0000] {dag.py:3834} INFO - Setting next_dagrun for example_sensors to None, run_after=None
[2026-08-26T18:35:27.870+0000] {processor.py:183} INFO - Processing /home/airflow/.local/lib/python3.8/site-packages/airflow/example_dags/example_sensors.py took 0.095 seconds
[2026-08-26T18:35:58.416+0000] {processor.py:161} INFO - Started process (PID=5453) to work on /home/airflow/.local/lib/python3.8/site-packages/airflow/example_dags/example_sensors.py
[2026-08-26T18:35:58.418+0000] {processor.py:830} INFO - Processing file /home/airflow/.local/lib/python3.8/site-packages/airflow/example_dags/example_sensors.py for tasks to queue
[2026-08-26T18:35:58.422+0000] {logging_mixin.py:188} INFO - [2026-08-26T18:35:58.421+0000] {dagbag.py:540} INFO - Filling up the DagBag from /home/airflow/.local/lib/python3.8/site-packages/airflow/example_dags/example_sensors.py
[2026-08-26T18:35:58.435+0000] {processor.py:840} INFO - DAG(s) 'example_sensors' retrieved from /home/airflow/.local/lib/python3.8/site-packages/airflow/example_dags/example_sensors.py
[2026-08-26T18:35:58.469+0000] {logging_mixin.py:188} INFO - [2026-08-26T18:35:58.468+0000] {dag.py:3047} INFO - Sync 1 DAGs
[2026-08-26T18:35:58.484+0000] {logging_mixin.py:188} INFO - [2026-08-26T18:35:58.483+0000] {dag.py:3834} INFO - Setting next_dagrun for example_sensors to None, run_after=None
[2026-08-26T18:35:58.509+0000] {processor.py:183} INFO - Processing /home/airflow/.local/lib/python3.8/site-packages/airflow/example_dags/example_sensors.py took 0.099 seconds
[2026-08-26T18:36:29.364+0000] {processor.py:161} INFO - Started process (PID=5510) to work on /home/airflow/.local/lib/python3.8/site-packages/airflow/example_dags/example_sensors.py
[2026-08-26T18:36:29.367+0000] {processor.py:830} INFO - Processing file /home/airflow/.local/lib/python3.8/site-packages/airflow/example_dags/example_sensors.py for tasks to queue
[2026-08-26T18:36:29.372+0000] {logging_mixin.py:188} INFO - [2026-08-26T18:36:29.370+0000] {dagbag.py:540} INFO - Filling up the DagBag from /home/airflow/.local/lib/python3.8/site-packages/airflow/example_dags/example_sensors.py
[2026-08-26T18:36:29.385+0000] {processor.py:840} INFO - DAG(s) 'example_sensors' retrieved from /home/airflow/.local/lib/python3.8/site-packages/airflow/example_dags/example_sensors.py
[2026-08-26T18:36:29.418+0000] {logging_mixin.py:188} INFO - [2026-08-26T18:36:29.417+0000] {dag.py:3047} INFO - Sync 1 DAGs
[2026-08-26T18:36:29.436+0000] {logging_mixin.py:188} INFO - [2026-08-26T18:36:29.435+0000] {dag.py:3834} INFO - Setting next_dagrun for example_sensors to None, run_after=None
[2026-08-26T18:36:29.462+0000] {processor.py:183} INFO - Processing /home/airflow/.local/lib/python3.8/site-packages/airflow/example_dags/example_sensors.py took 0.104 seconds
[2026-08-26T18:37:00.303+0000] {processor.py:161} INFO - Started process (PID=5567) to work on /home/airflow/.local/lib/python3.8/site-packages/airflow/example_dags/example_sensors.py
[2026-08-26T18:37:00.305+0000] {processor.py:830} INFO - Processing file /home/airflow/.local/lib/python3.8/site-packages/airflow/example_dags/example_sensors.py for tasks to queue
[2026-08-26T18:37:00.308+0000] {logging_mixin.py:188} INFO - [2026-08-26T18:37:00.307+0000] {dagbag.py:540} INFO - Filling up the DagBag from /home/airflow/.local/lib/python3.8/site-packages/airflow/example_dags/example_sensors.py
[2026-08-26T18:37:00.321+0000] {processor.py:840} INFO - DAG(s) 'example_sensors' retrieved from /home/airflow/.local/lib/python3.8/site-packages/airflow/example_dags/example_sensors.py
[2026-08-26T18:37:00.353+0000] {logging_mixin.py:188} INFO - [2026-08-26T18:37:00.352+0000] {dag.py:3047} INFO - Sync 1 DAGs
[2026-08-26T18:37:00.367+0000] {logging_mixin.py:188} INFO - [2026-08-26T18:37:00.366+0000] {dag.py:3834} INFO - Setting next_dagrun for example_sensors to None, run_after=None
[2026-08-26T18:37:00.391+0000] {processor.py:183} INFO - Processing /home/airflow/.local/lib/python3.8/site-packages/airflow/example_dags/example_sensors.py took 0.094 seconds
[2026-08-26T18:37:31.105+0000] {processor.py:161} INFO - Started process (PID=5625) to work on /home/airflow/.local/lib/python3.8/site-packages/airflow/example_dags/example_sensors.py
[2026-08-26T18:37:31.107+0000] {processor.py:830} INFO - Processing file /home/airflow/.local/lib/python3.8/site-packages/airflow/example_dags/example_sensors.py for tasks to queue
[2026-08-26T18:37:31.110+0000] {logging_mixin.py:188} INFO - [2026-08-26T18:37:31.110+0000] {dagbag.py:540} INFO - Filling up the DagBag from /home/airflow/.local/lib/python3.8/site-packages/airflow/example_dags/example_sensors.py
[2026-08-26T18:37:31.124+0000] {processor.py:840} INFO - DAG(s) 'example_sensors' retrieved from /home/airflow/.local/lib/python3.8/site-packages/airflow/example_dags/example_sensors.py
[2026-08-26T18:37:31.158+0000] {logging_mixin.py:188} INFO - [2026-08-26T18:37:31.158+0000] {dag.py:3047} INFO - Sync 1 DAGs
[2026-08-26T18:37:31.177+0000] {logging_mixin.py:188} INFO - [2026-08-26T18:37:31.177+0000] {dag.py:3834} INFO - Setting next_dagrun for example_sensors to None, run_after=None
[2026-08-26T18:37:31.202+0000] {processor.py:183} INFO - Processing /home/airflow/.local/lib/python3.8/site-packages/airflow/example_dags/example_sensors.py took 0.101 seconds
[2026-08-26T18:38:01.823+0000] {processor.py:161} INFO - Started process (PID=5682) to work on /home/airflow/.local/lib/python3.8/site-packages/airflow/example_dags/example_sensors.py
[2026-08-26T18:38:01.825+0000] {processor.py:830} INFO - Processing file /home/airflow/.local/lib/python3.8/site-packages/airflow/example_dags/example_sensors.py for tasks to queue
[2026-08-26T18:38:01.828+0000] {logging_mixin.py:188} INFO - [2026-08-26T18:38:01.828+0000] {dagbag.py:540} INFO - Filling up the DagBag from /home/airflow/.local/lib/python3.8/site-packages/airflow/example_dags/example_sensors.py
[2026-08-26T18:38:01.842+0000] {processor.py:840} INFO - DAG(s) 'example_sensors' retrieved from /home/airflow/.local/lib/python3.8/site-packages/airflow/example_dags/example_sensors.py
[2026-08-26T18:38:01.874+0000] {logging_mixin.py:188} INFO - [2026-08-26T18:38:01.874+0000] {dag.py:3047} INFO - Sync 1 DAGs
[2026-08-26T18:38:01.890+0000] {logging_mixin.py:188} INFO - [2026-08-26T18:38:01.890+0000] {dag.py:3834} INFO - Setting next_dagrun for example_sensors to None, run_after=None
[2026-08-26T18:38:01.916+0000] {processor.py:183} INFO - Processing /home/airflow/.local/lib/python3.8/site-packages/airflow/example_dags/example_sensors.py took 0.098 seconds
[2026-08-26T18:38:32.236+0000] {processor.py:161} INFO - Started process (PID=5739) to work on /home/airflow/.local/lib/python3.8/site-packages/airflow/example_dags/example_sensors.py
[2026-08-26T18:38:32.238+0000] {processor.py:830} INFO - Processing file /home/airflow/.local/lib/python3.8/site-packages/airflow/example_dags/example_sensors.py for tasks to queue
[2026-08-26T18:38:32.242+0000] {logging_mixin.py:188} INFO - [2026-08-26T18:38:32.241+0000] {dagbag.py:540} INFO - Filling up the DagBag from /home/airflow/.local/lib/python3.8/site-packages/airflow/example_dags/example_sensors.py
[2026-08-26T18:38:32.253+0000] {processor.py:840} INFO - DAG(s) 'example_sensors' retrieved from /home/airflow/.local/lib/python3.8/site-packages/airflow/example_dags/example_sensors.py
[2026-08-26T18:38:32.285+0000] {logging_mixin.py:188} INFO - [2026-08-26T18:38:32.285+0000] {dag.py:3047} INFO - Sync 1 DAGs
[2026-08-26T18:38:32.299+0000] {logging_mixin.py:188} INFO - [2026-08-26T18:38:32.299+0000] {dag.py:3834} INFO - Setting next_dagrun for example_sensors to None, run_after=None
[2026-08-26T18:38:32.322+0000] {processor.py:183} INFO - Processing /home/airflow/.local/lib/python3.8/site-packages/airflow/example_dags/example_sensors.py took 0.091 seconds
[2026-08-26T18:39:02.423+0000] {processor.py:161} INFO - Started process (PID=5796) to work on /home/airflow/.local/lib/python3.8/site-packages/airflow/example_dags/example_sensors.py
[2026-08-26T18:39:02.426+0000] {processor.py:830} INFO - Processing file /home/airflow/.local/lib/python3.8/site-packages/airflow/example_dags/example_sensors.py for tasks to queue
[2026-08-26T18:39:02.429+0000] {logging_mixin.py:188} INFO - [2026-08-26T18:39:02.429+0000] {dagbag.py:540} INFO - Filling up the DagBag from /home/airflow/.local/lib/python3.8/site-packages/airflow/example_dags/example_sensors.py
[2026-08-26T18:39:02.444+0000] {processor.py:840} INFO - DAG(s) 'example_sensors' retrieved from /home/airflow/.local/lib/python3.8/site-packages/airflow/example_dags/example_sensors.py
[2026-08-26T18:39:02.483+0000] {logging_mixin.py:188} INFO - [2026-08-26T18:39:02.483+0000] {dag.py:3047} INFO - Sync 1 DAGs
[2026-08-26T18:39:02.508+0000] {logging_mixin.py:188} INFO - [2026-08-26T18:39:02.508+0000] {dag.py:3834} INFO - Setting next_dagrun for example_sensors to None, run_after=None
[2026-08-26T18:39:02.535+0000] {processor.py:183} INFO - Processing /home/airflow/.local/lib/python3.8/site-packages/airflow/example_dags/example_sensors.py took 0.118 seconds
[2026-08-26T18:39:32.696+0000] {processor.py:161} INFO - Started process (PID=5853) to work on /home/airflow/.local/lib/python3.8/site-packages/airflow/example_dags/example_sensors.py
[2026-08-26T18:39:32.699+0000] {processor.py:830} INFO - Processing file /home/airflow/.local/lib/python3.8/site-packages/airflow/example_dags/example_sensors.py for tasks to queue
[2026-08-26T18:39:32.702+0000] {logging_mixin.py:188} INFO - [2026-08-26T18:39:32.702+0000] {dagbag.py:540} INFO - Filling up the DagBag from /home/airflow/.local/lib/python3.8/site-packages/airflow/example_dags/example_sensors.py
[2026-08-26T18:39:32.717+0000] {processor.py:840} INFO - DAG(s) 'example_sensors' retrieved from /home/airflow/.local/lib/python3.8/site-packages/airflow/example_dags/example_sensors.py
[2026-08-26T18:39:32.753+0000] {logging_mixin.py:188} INFO - [2026-08-26T18:39:32.753+0000] {dag.py:3047} INFO - Sync 1 DAGs
[2026-08-26T18:39:32.767+0000] {logging_mixin.py:188} INFO - [2026-08-26T18:39:32.767+0000] {dag.py:3834} INFO - Setting next_dagrun for example_sensors to None, run_after=None
[2026-08-26T18:39:32.793+0000] {processor.py:183} INFO - Processing /home/airflow/.local/lib/python3.8/site-packages/airflow/example_dags/example_sensors.py took 0.103 seconds
[2026-08-26T18:40:03.144+0000] {processor.py:161} INFO - Started process (PID=5910) to work on /home/airflow/.local/lib/python3.8/site-packages/airflow/example_dags/example_sensors.py
[2026-08-26T18:40:03.145+0000] {processor.py:830} INFO - Processing file /home/airflow/.local/lib/python3.8/site-packages/airflow/example_dags/example_sensors.py for tasks to queue
[2026-08-26T18:40:03.148+0000] {logging_mixin.py:188} INFO - [2026-08-26T18:40:03.147+0000] {dagbag.py:540} INFO - Filling up the DagBag from /home/airflow/.local/lib/python3.8/site-packages/airflow/example_dags/example_sensors.py
[2026-08-26T18:40:03.162+0000] {processor.py:840} INFO - DAG(s) 'example_sensors' retrieved from /home/airflow/.local/lib/python3.8/site-packages/airflow/example_dags/example_sensors.py
[2026-08-26T18:40:03.198+0000] {logging_mixin.py:188} INFO - [2026-08-26T18:40:03.197+0000] {dag.py:3047} INFO - Sync 1 DAGs
[2026-08-26T18:40:03.218+0000] {logging_mixin.py:188} INFO - [2026-08-26T18:40:03.218+0000] {dag.py:3834} INFO - Setting next_dagrun for example_sensors to None, run_after=None
[2026-08-26T18:40:03.245+0000] {processor.py:183} INFO - Processing /home/airflow/.local/lib/python3.8/site-packages/airflow/example_dags/example_sensors.py took 0.105 seconds
[2026-08-26T18:40:33.722+0000] {processor.py:161} INFO - Started process (PID=5967) to work on /home/airflow/.local/lib/python3.8/site-packages/airflow/example_dags/example_sensors.py
[2026-08-26T18:40:33.725+0000] {processor.py:830} INFO - Processing file /home/airflow/.local/lib/python3.8/site-packages/airflow/example_dags/example_sensors.py for tasks to queue
[2026-08-26T18:40:33.728+0000] {logging_mixin.py:188} INFO - [2026-08-26T18:40:33.727+0000] {dagbag.py:540} INFO - Filling up the DagBag from /home/airflow/.local/lib/python3.8/site-packages/airflow/example_dags/example_sensors.py
[2026-08-26T18:40:33.740+0000] {processor.py:840} INFO - DAG(s) 'example_sensors' retrieved from /home/airflow/.local/lib/python3.8/site-packages/airflow/example_dags/example_sensors.py
[2026-08-26T18:40:33.773+0000] {logging_mixin.py:188} INFO - [2026-08-26T18:40:33.773+0000] {dag.py:3047} INFO - Sync 1 DAGs
[2026-08-26T18:40:33.790+0000] {logging_mixin.py:188} INFO - [2026-08-26T18:40:33.789+0000] {dag.py:3834} INFO - Setting next_dagrun for example_sensors to None, run_after=None
[2026-08-26T18:40:33.812+0000] {processor.py:183} INFO - Processing /home/airflow/.local/lib/python3.8/site-packages/airflow/example_dags/example_sensors.py took 0.095 seconds
[2026-08-26T18:41:04.345+0000] {processor.py:161} INFO - Started process (PID=6024) to work on /home/airflow/.local/lib/python3.8/site-packages/airflow/example_dags/example_sensors.py
[2026-08-26T18:41:04.347+0000] {processor.py:830} INFO - Processing file /home/airflow/.local/lib/python3.8/site-packages/airflow/example_dags/example_sensors.py for tasks to queue
[2026-08-26T18:41:04.350+0000] {logging_mixin.py:188} INFO - [2026-08-26T18:41:04.349+0000] {dagbag.py:540} INFO - Filling up the DagBag from /home/airflow/.local/lib/python3.8/site-packages/airflow/example_dags/example_sensors.py
[2026-08-26T18:41:04.360+0000] {processor.py:840} INFO - DAG(s) 'example_sensors' retrieved from /home/airflow/.local/lib/python3.8/site-packages/airflow/example_dags/example_sensors.py
[2026-08-26T18:41:04.391+0000] {logging_mixin.py:188} INFO - [2026-08-26T18:41:04.391+0000] {dag.py:3047} INFO - Sync 1 DAGs
[2026-08-26T18:41:04.405+0000] {logging_mixin.py:188} INFO - [2026-08-26T18:41:04.404+0000] {dag.py:3834} INFO - Setting next_dagrun for example_sensors to None, run_after=None
[2026-08-26T18:41:04.438+0000] {processor.py:183} INFO - Processing /home/airflow/.local/lib/python3.8/site-packages/airflow/example_dags/example_sensors.py took 0.098 seconds
[2026-08-26T18:41:34.656+0000] {processor.py:161} INFO - Started process (PID=6081) to work on /home/airflow/.local/lib/python3.8/site-packages/airflow/example_dags/example_sensors.py
[2026-08-26T18:41:34.658+0000] {processor.py:830} INFO - Processing file /home/airflow/.local/lib/python3.8/site-packages/airflow/example_dags/example_sensors.py for tasks to queue
[2026-08-26T18:41:34.662+0000] {logging_mixin.py:188} INFO - [2026-08-26T18:41:34.661+0000] {dagbag.py:540} INFO - Filling up the DagBag from /home/airflow/.local/lib/python3.8/site-packages/airflow/example_dags/example_sensors.py
[2026-08-26T18:41:34.673+0000] {processor.py:840} INFO - DAG(s) 'example_sensors' retrieved from /home/airflow/.local/lib/python3.8/site-packages/airflow/example_dags/example_sensors.py
[2026-08-26T18:41:34.705+0000] {logging_mixin.py:188} INFO - [2026-08-26T18:41:34.705+0000] {dag.py:3047} INFO - Sync 1 DAGs
[2026-08-26T18:41:34.720+0000] {logging_mixin.py:188} INFO - [2026-08-26T18:41:34.720+0000] {dag.py:3834} INFO - Setting next_dagrun for example_sensors to None, run_after=None
[2026-08-26T18:41:34.746+0000] {processor.py:183} INFO - Processing /home/airflow/.local/lib/python3.8/site-packages/airflow/example_dags/example_sensors.py took 0.096 seconds
[2026-08-26T18:42:04.915+0000] {processor.py:161} INFO - Started process (PID=6138) to work on /home/airflow/.local/lib/python3.8/site-packages/airflow/example_dags/example_sensors.py
[2026-08-26T18:42:04.917+0000] {processor.py:830} INFO - Processing file /home/airflow/.local/lib/python3.8/site-packages/airflow/example_dags/example_sensors.py for tasks to queue
[2026-08-26T18:42:04.919+0000] {logging_mixin.py:188} INFO - [2026-08-26T18:42:04.919+0000] {dagbag.py:540} INFO - Filling up the DagBag from /home/airflow/.local/lib/python3.8/site-packages/airflow/example_dags/example_sensors.py
[2026-08-26T18:42:04.930+0000] {processor.py:840} INFO - DAG(s) 'example_sensors' retrieved from /home/airflow/.local/lib/python3.8/site-packages/airflow/example_dags/example_sensors.py
[2026-08-26T18:42:04.960+0000] {logging_mixin.py:188} INFO - [2026-08-26T18:42:04.960+0000] {dag.py:3047} INFO - Sync 1 DAGs
[2026-08-26T18:42:04.976+0000] {logging_mixin.py:188} INFO - [2026-08-26T18:42:04.975+0000] {dag.py:3834} INFO - Setting next_dagrun for example_sensors to None, run_after=None
[2026-08-26T18:42:04.997+0000] {processor.py:183} INFO - Processing /home/airflow/.local/lib/python3.8/site-packages/airflow/example_dags/example_sensors.py took 0.087 seconds
[2026-08-26T18:42:35.345+0000] {processor.py:161} INFO - Started process (PID=6195) to work on /home/airflow/.local/lib/python3.8/site-packages/airflow/example_dags/example_sensors.py
[2026-08-26T18:42:35.346+0000] {processor.py:830} INFO - Processing file /home/airflow/.local/lib/python3.8/site-packages/airflow/example_dags/example_sensors.py for tasks to queue
[2026-08-26T18:42:35.348+0000] {logging_mixin.py:188} INFO - [2026-08-26T18:42:35.348+0000] {dagbag.py:540} INFO - Filling up the DagBag from /home/airflow/.local/lib/python3.8/site-packages/airflow/example_dags/example_sensors.py
[2026-08-26T18:42:35.363+0000] {processor.py:840} INFO - DAG(s) 'example_sensors' retrieved from /home/airflow/.local/lib/python3.8/site-packages/airflow/example_dags/example_sensors.py
[2026-08-26T18:42:35.400+0000] {logging_mixin.py:188} INFO - [2026-08-26T18:42:35.400+0000] {dag.py:3047} INFO - Sync 1 DAGs
[2026-08-26T18:42:35.418+0000] {logging_mixin.py:188} INFO - [2026-08-26T18:42:35.418+0000] {dag.py:3834} INFO - Setting next_dagrun for example_sensors to None, run_after=None
[2026-08-26T18:42:35.444+0000] {processor.py:183} INFO - Processing /home/airflow/.local/lib/python3.8/site-packages/airflow/example_dags/example_sensors.py took 0.102 seconds
[2026-08-26T18:43:05.558+0000] {processor.py:161} INFO - Started process (PID=6252) to work on /home/airflow/.local/lib/python3.8/site-packages/airflow/example_dags/example_sensors.py
[2026-08-26T18:43:05.560+0000] {processor.py:830} INFO - Processing file /home/airflow/.local/lib/python3.8/site-packages/airflow/example_dags/example_sensors.py for tasks to queue
[2026-08-26T18:43:05.564+0000] {logging_mixin.py:188} INFO - [2026-08-26T18:43:05.563+0000] {dagbag.py:540} INFO - Filling up the DagBag from /home/airflow/.local/lib/python3.8/site-packages/airflow/example_dags/example_sensors.py
[2026-08-26T18:43:05.577+0000] {processor.py:840} INFO - DAG(s) 'example_sensors' retrieved from /home/airflow/.local/lib/python3.8/site-packages/airflow/example_dags/example_sensors.py
[2026-08-26T18:43:05.611+0000] {logging_mixin.py:188} INFO - [2026-08-26T18:43:05.611+0000] {dag.py:3047} INFO - Sync 1 DAGs
[2026-08-26T18:43:05.628+0000] {logging_mixin.py:188} INFO - [2026-08-26T18:43:05.628+0000] {dag.py:3834} INFO - Setting next_dagrun for example_sensors to None, run_after=None
[2026-08-26T18:43:05.658+0000] {processor.py:183} INFO - Processing /home/airflow/.local/lib/python3.8/site-packages/airflow/example_dags/example_sensors.py took 0.103 seconds
[2026-08-26T18:43:36.425+0000] {processor.py:161} INFO - Started process (PID=6309) to work on /home/airflow/.local/lib/python3.8/site-packages/airflow/example_dags/example_sensors.py
[2026-08-26T18:43:36.436+0000] {processor.py:830} INFO - Processing file /home/airflow/.local/lib/python3.8/site-packages/airflow/example_dags/example_sensors.py for tasks to queue
[2026-08-26T18:43:36.445+0000] {logging_mixin.py:188} INFO - [2026-08-26T18:43:36.444+0000] {dagbag.py:540} INFO - Filling up the DagBag from /home/airflow/.local/lib/python3.8/site-packages/airflow/example_dags/example_sensors.py
[2026-08-26T18:43:36.472+0000] {processor.py:840} INFO - DAG(s) 'example_sensors' retrieved from /home/airflow/.local/lib/python3.8/site-packages/airflow/example_dags/example_sensors.py
[2026-08-26T18:43:36.517+0000] {logging_mixin.py:188} INFO - [2026-08-26T18:43:36.515+0000] {dag.py:3047} INFO - Sync 1 DAGs
[2026-08-26T18:43:36.541+0000] {logging_mixin.py:188} INFO - [2026-08-26T18:43:36.541+0000] {dag.py:3834} INFO - Setting next_dagrun for example_sensors to None, run_after=None
[2026-08-26T18:43:36.575+0000] {processor.py:183} INFO - Processing /home/airflow/.local/lib/python3.8/site-packages/airflow/example_dags/example_sensors.py took 0.158 seconds
[2026-08-26T18:44:07.333+0000] {processor.py:161} INFO - Started process (PID=6366) to work on /home/airflow/.local/lib/python3.8/site-packages/airflow/example_dags/example_sensors.py
[2026-08-26T18:44:07.335+0000] {processor.py:830} INFO - Processing file /home/airflow/.local/lib/python3.8/site-packages/airflow/example_dags/example_sensors.py for tasks to queue
[2026-08-26T18:44:07.338+0000] {logging_mixin.py:188} INFO - [2026-08-26T18:44:07.338+0000] {dagbag.py:540} INFO - Filling up the DagBag from /home/airflow/.local/lib/python3.8/site-packages/airflow/example_dags/example_sensors.py
[2026-08-26T18:44:07.352+0000] {processor.py:840} INFO - DAG(s) 'example_sensors' retrieved from /home/airflow/.local/lib/python3.8/site-packages/airflow/example_dags/example_sensors.py
[2026-08-26T18:44:07.391+0000] {logging_mixin.py:188} INFO - [2026-08-26T18:44:07.390+0000] {dag.py:3047} INFO - Sync 1 DAGs
[2026-08-26T18:44:07.407+0000] {logging_mixin.py:188} INFO - [2026-08-26T18:44:07.407+0000] {dag.py:3834} INFO - Setting next_dagrun for example_sensors to None, run_after=None
[2026-08-26T18:44:07.436+0000] {processor.py:183} INFO - Processing /home/airflow/.local/lib/python3.8/site-packages/airflow/example_dags/example_sensors.py took 0.108 seconds
[2026-08-26T18:44:37.541+0000] {processor.py:161} INFO - Started process (PID=6423) to work on /home/airflow/.local/lib/python3.8/site-packages/airflow/example_dags/example_sensors.py
[2026-08-26T18:44:37.544+0000] {processor.py:830} INFO - Processing file /home/airflow/.local/lib/python3.8/site-packages/airflow/example_dags/example_sensors.py for tasks to queue
[2026-08-26T18:44:37.548+0000] {logging_mixin.py:188} INFO - [2026-08-26T18:44:37.547+0000] {dagbag.py:540} INFO - Filling up the DagBag from /home/airflow/.local/lib/python3.8/site-packages/airflow/example_dags/example_sensors.py
[2026-08-26T18:44:37.566+0000] {processor.py:840} INFO - DAG(s) 'example_sensors' retrieved from /home/airflow/.local/lib/python3.8/site-packages/airflow/example_dags/example_sensors.py
[2026-08-26T18:44:37.617+0000] {logging_mixin.py:188} INFO - [2026-08-26T18:44:37.617+0000] {dag.py:3047} INFO - Sync 1 DAGs
[2026-08-26T18:44:37.636+0000] {logging_mixin.py:188} INFO - [2026-08-26T18:44:37.635+0000] {dag.py:3834} INFO - Setting next_dagrun for example_sensors to None, run_after=None
[2026-08-26T18:44:37.662+0000] {processor.py:183} INFO - Processing /home/airflow/.local/lib/python3.8/site-packages/airflow/example_dags/example_sensors.py took 0.126 seconds
[2026-08-26T18:45:08.062+0000] {processor.py:161} INFO - Started process (PID=6479) to work on /home/airflow/.local/lib/python3.8/site-packages/airflow/example_dags/example_sensors.py
[2026-08-26T18:45:08.064+0000] {processor.py:830} INFO - Processing file /home/airflow/.local/lib/python3.8/site-packages/airflow/example_dags/example_sensors.py for tasks to queue
[2026-08-26T18:45:08.068+0000] {logging_mixin.py:188} INFO - [2026-08-26T18:45:08.067+0000] {dagbag.py:540} INFO - Filling up the DagBag from /home/airflow/.local/lib/python3.8/site-packages/airflow/example_dags/example_sensors.py
[2026-08-26T18:45:08.084+0000] {processor.py:840} INFO - DAG(s) 'example_sensors' retrieved from /home/airflow/.local/lib/python3.8/site-packages/airflow/example_dags/example_sensors.py
[2026-08-26T18:45:08.128+0000] {logging_mixin.py:188} INFO - [2026-08-26T18:45:08.128+0000] {dag.py:3047} INFO - Sync 1 DAGs
[2026-08-26T18:45:08.146+0000] {logging_mixin.py:188} INFO - [2026-08-26T18:45:08.146+0000] {dag.py:3834} INFO - Setting next_dagrun for example_sensors to None, run_after=None
[2026-08-26T18:45:08.176+0000] {processor.py:183} INFO - Processing /home/airflow/.local/lib/python3.8/site-packages/airflow/example_dags/example_sensors.py took 0.122 seconds
[2026-08-26T18:45:38.397+0000] {processor.py:161} INFO - Started process (PID=6536) to work on /home/airflow/.local/lib/python3.8/site-packages/airflow/example_dags/example_sensors.py
[2026-08-26T18:45:38.399+0000] {processor.py:830} INFO - Processing file /home/airflow/.local/lib/python3.8/site-packages/airflow/example_dags/example_sensors.py for tasks to queue
[2026-08-26T18:45:38.403+0000] {logging_mixin.py:188} INFO - [2026-08-26T18:45:38.402+0000] {dagbag.py:540} INFO - Filling up the DagBag from /home/airflow/.local/lib/python3.8/site-packages/airflow/example_dags/example_sensors.py
[2026-08-26T18:45:38.416+0000] {processor.py:840} INFO - DAG(s) 'example_sensors' retrieved from /home/airflow/.local/lib/python3.8/site-packages/airflow/example_dags/example_sensors.py
[2026-08-26T18:45:38.453+0000] {logging_mixin.py:188} INFO - [2026-08-26T18:45:38.453+0000] {dag.py:3047} INFO - Sync 1 DAGs
[2026-08-26T18:45:38.470+0000] {logging_mixin.py:188} INFO - [2026-08-26T18:45:38.470+0000] {dag.py:3834} INFO - Setting next_dagrun for example_sensors to None, run_after=None
[2026-08-26T18:45:38.493+0000] {processor.py:183} INFO - Processing /home/airflow/.local/lib/python3.8/site-packages/airflow/example_dags/example_sensors.py took 0.101 seconds
[2026-08-26T18:46:08.892+0000] {processor.py:161} INFO - Started process (PID=6599) to work on /home/airflow/.local/lib/python3.8/site-packages/airflow/example_dags/example_sensors.py
[2026-08-26T18:46:08.894+0000] {processor.py:830} INFO - Processing file /home/airflow/.local/lib/python3.8/site-packages/airflow/example_dags/example_sensors.py for tasks to queue
[2026-08-26T18:46:08.897+0000] {logging_mixin.py:188} INFO - [2026-08-26T18:46:08.896+0000] {dagbag.py:540} INFO - Filling up the DagBag from /home/airflow/.local/lib/python3.8/site-packages/airflow/example_dags/example_sensors.py
[2026-08-26T18:46:08.921+0000] {processor.py:840} INFO - DAG(s) 'example_sensors' retrieved from /home/airflow/.local/lib/python3.8/site-packages/airflow/example_dags/example_sensors.py
[2026-08-26T18:46:08.968+0000] {logging_mixin.py:188} INFO - [2026-08-26T18:46:08.968+0000] {dag.py:3047} INFO - Sync 1 DAGs
[2026-08-26T18:46:08.988+0000] {logging_mixin.py:188} INFO - [2026-08-26T18:46:08.988+0000] {dag.py:3834} INFO - Setting next_dagrun for example_sensors to None, run_after=None
[2026-08-26T18:46:09.033+0000] {processor.py:183} INFO - Processing /home/airflow/.local/lib/python3.8/site-packages/airflow/example_dags/example_sensors.py took 0.147 seconds
[2026-08-26T18:46:39.541+0000] {processor.py:161} INFO - Started process (PID=6656) to work on /home/airflow/.local/lib/python3.8/site-packages/airflow/example_dags/example_sensors.py
[2026-08-26T18:46:39.543+0000] {processor.py:830} INFO - Processing file /home/airflow/.local/lib/python3.8/site-packages/airflow/example_dags/example_sensors.py for tasks to queue
[2026-08-26T18:46:39.548+0000] {logging_mixin.py:188} INFO - [2026-08-26T18:46:39.547+0000] {dagbag.py:540} INFO - Filling up the DagBag from /home/airflow/.local/lib/python3.8/site-packages/airflow/example_dags/example_sensors.py
[2026-08-26T18:46:39.561+0000] {processor.py:840} INFO - DAG(s) 'example_sensors' retrieved from /home/airflow/.local/lib/python3.8/site-packages/airflow/example_dags/example_sensors.py
[2026-08-26T18:46:39.601+0000] {logging_mixin.py:188} INFO - [2026-08-26T18:46:39.600+0000] {dag.py:3047} INFO - Sync 1 DAGs
[2026-08-26T18:46:39.616+0000] {logging_mixin.py:188} INFO - [2026-08-26T18:46:39.615+0000] {dag.py:3834} INFO - Setting next_dagrun for example_sensors to None, run_after=None
[2026-08-26T18:46:39.642+0000] {processor.py:183} INFO - Processing /home/airflow/.local/lib/python3.8/site-packages/airflow/example_dags/example_sensors.py took 0.106 seconds
[2026-08-26T18:47:10.302+0000] {processor.py:161} INFO - Started process (PID=6713) to work on /home/airflow/.local/lib/python3.8/site-packages/airflow/example_dags/example_sensors.py
[2026-08-26T18:47:10.305+0000] {processor.py:830} INFO - Processing file /home/airflow/.local/lib/python3.8/site-packages/airflow/example_dags/example_sensors.py for tasks to queue
[2026-08-26T18:47:10.308+0000] {logging_mixin.py:188} INFO - [2026-08-26T18:47:10.308+0000] {dagbag.py:540} INFO - Filling up the DagBag from /home/airflow/.local/lib/python3.8/site-packages/airflow/example_dags/example_sensors.py
[2026-08-26T18:47:10.324+0000] {processor.py:840} INFO - DAG(s) 'example_sensors' retrieved from /home/airflow/.local/lib/python3.8/site-packages/airflow/example_dags/example_sensors.py
[2026-08-26T18:47:10.370+0000] {logging_mixin.py:188} INFO - [2026-08-26T18:47:10.370+0000] {dag.py:3047} INFO - Sync 1 DAGs
[2026-08-26T18:47:10.402+0000] {logging_mixin.py:188} INFO - [2026-08-26T18:47:10.402+0000] {dag.py:3834} INFO - Setting next_dagrun for example_sensors to None, run_after=None
[2026-08-26T18:47:10.441+0000] {processor.py:183} INFO - Processing /home/airflow/.local/lib/python3.8/site-packages/airflow/example_dags/example_sensors.py took 0.148 seconds
[2026-08-26T18:47:41.334+0000] {processor.py:161} INFO - Started process (PID=6770) to work on /home/airflow/.local/lib/python3.8/site-packages/airflow/example_dags/example_sensors.py
[2026-08-26T18:47:41.336+0000] {processor.py:830} INFO - Processing file /home/airflow/.local/lib/python3.8/site-packages/airflow/example_dags/example_sensors.py for tasks to queue
[2026-08-26T18:47:41.339+0000] {logging_mixin.py:188} INFO - [2026-08-26T18:47:41.339+0000] {dagbag.py:540} INFO - Filling up the DagBag from /home/airflow/.local/lib/python3.8/site-packages/airflow/example_dags/example_sensors.py
[2026-08-26T18:47:41.354+0000] {processor.py:840} INFO - DAG(s) 'example_sensors' retrieved from /home/airflow/.local/lib/python3.8/site-packages/airflow/example_dags/example_sensors.py
[2026-08-26T18:47:41.388+0000] {logging_mixin.py:188} INFO - [2026-08-26T18:47:41.388+0000] {dag.py:3047} INFO - Sync 1 DAGs
[2026-08-26T18:47:41.404+0000] {logging_mixin.py:188} INFO - [2026-08-26T18:47:41.404+0000] {dag.py:3834} INFO - Setting next_dagrun for example_sensors to None, run_after=None
[2026-08-26T18:47:41.432+0000] {processor.py:183} INFO - Processing /home/airflow/.local/lib/python3.8/site-packages/airflow/example_dags/example_sensors.py took 0.104 seconds
[2026-08-26T18:48:12.481+0000] {processor.py:161} INFO - Started process (PID=6827) to work on /home/airflow/.local/lib/python3.8/site-packages/airflow/example_dags/example_sensors.py
[2026-08-26T18:48:12.483+0000] {processor.py:830} INFO - Processing file /home/airflow/.local/lib/python3.8/site-packages/airflow/example_dags/example_sensors.py for tasks to queue
[2026-08-26T18:48:12.486+0000] {logging_mixin.py:188} INFO - [2026-08-26T18:48:12.486+0000] {dagbag.py:540} INFO - Filling up the DagBag from /home/airflow/.local/lib/python3.8/site-packages/airflow/example_dags/example_sensors.py
[2026-08-26T18:48:12.500+0000] {processor.py:840} INFO - DAG(s) 'example_sensors' retrieved from /home/airflow/.local/lib/python3.8/site-packages/airflow/example_dags/example_sensors.py
[2026-08-26T18:48:12.549+0000] {logging_mixin.py:188} INFO - [2026-08-26T18:48:12.549+0000] {dag.py:3047} INFO - Sync 1 DAGs
[2026-08-26T18:48:12.567+0000] {logging_mixin.py:188} INFO - [2026-08-26T18:48:12.567+0000] {dag.py:3834} INFO - Setting next_dagrun for example_sensors to None, run_after=None
[2026-08-26T18:48:12.593+0000] {processor.py:183} INFO - Processing /home/airflow/.local/lib/python3.8/site-packages/airflow/example_dags/example_sensors.py took 0.118 seconds
[2026-08-26T18:48:42.699+0000] {processor.py:161} INFO - Started process (PID=6884) to work on /home/airflow/.local/lib/python3.8/site-packages/airflow/example_dags/example_sensors.py
[2026-08-26T18:48:42.701+0000] {processor.py:830} INFO - Processing file /home/airflow/.local/lib/python3.8/site-packages/airflow/example_dags/example_sensors.py for tasks to queue
[2026-08-26T18:48:42.706+0000] {logging_mixin.py:188} INFO - [2026-08-26T18:48:42.705+0000] {dagbag.py:540} INFO - Filling up the DagBag from /home/airflow/.local/lib/python3.8/site-packages/airflow/example_dags/example_sensors.py
[2026-08-26T18:48:42.718+0000] {processor.py:840} INFO - DAG(s) 'example_sensors' retrieved from /home/airflow/.local/lib/python3.8/site-packages/airflow/example_dags/example_sensors.py
[2026-08-26T18:48:42.751+0000] {logging_mixin.py:188} INFO - [2026-08-26T18:48:42.750+0000] {dag.py:3047} INFO - Sync 1 DAGs
[2026-08-26T18:48:42.766+0000] {logging_mixin.py:188} INFO - [2026-08-26T18:48:42.766+0000] {dag.py:3834} INFO - Setting next_dagrun for example_sensors to None, run_after=None
[2026-08-26T18:48:42.791+0000] {processor.py:183} INFO - Processing /home/airflow/.local/lib/python3.8/site-packages/airflow/example_dags/example_sensors.py took 0.098 seconds
[2026-08-26T18:49:13.212+0000] {processor.py:161} INFO - Started process (PID=6941) to work on /home/airflow/.local/lib/python3.8/site-packages/airflow/example_dags/example_sensors.py
[2026-08-26T18:49:13.214+0000] {processor.py:830} INFO - Processing file /home/airflow/.local/lib/python3.8/site-packages/airflow/example_dags/example_sensors.py for tasks to queue
[2026-08-26T18:49:13.219+0000] {logging_mixin.py:188} INFO - [2026-08-26T18:49:13.219+0000] {dagbag.py:540} INFO - Filling up the DagBag from /home/airflow/.local/lib/python3.8/site-packages/airflow/example_dags/example_sensors.py
[2026-08-26T18:49:13.236+0000] {processor.py:840} INFO - DAG(s) 'example_sensors' retrieved from /home/airflow/.local/lib/python3.8/site-packages/airflow/example_dags/example_sensors.py
[2026-08-26T18:49:13.272+0000] {logging_mixin.py:188} INFO - [2026-08-26T18:49:13.271+0000] {dag.py:3047} INFO - Sync 1 DAGs
[2026-08-26T18:49:13.289+0000] {logging_mixin.py:188} INFO - [2026-08-26T18:49:13.289+0000] {dag.py:3834} INFO - Setting next_dagrun for example_sensors to None, run_after=None
[2026-08-26T18:49:13.315+0000] {processor.py:183} INFO - Processing /home/airflow/.local/lib/python3.8/site-packages/airflow/example_dags/example_sensors.py took 0.109 seconds
[2026-08-26T18:49:43.479+0000] {processor.py:161} INFO - Started process (PID=6998) to work on /home/airflow/.local/lib/python3.8/site-packages/airflow/example_dags/example_sensors.py
[2026-08-26T18:49:43.482+0000] {processor.py:830} INFO - Processing file /home/airflow/.local/lib/python3.8/site-packages/airflow/example_dags/example_sensors.py for tasks to queue
[2026-08-26T18:49:43.485+0000] {logging_mixin.py:188} INFO - [2026-08-26T18:49:43.484+0000] {dagbag.py:540} INFO - Filling up the DagBag from /home/airflow/.local/lib/python3.8/site-packages/airflow/example_dags/example_sensors.py
[2026-08-26T18:49:43.498+0000] {processor.py:840} INFO - DAG(s) 'example_sensors' retrieved from /home/airflow/.local/lib/python3.8/site-packages/airflow/example_dags/example_sensors.py
[2026-08-26T18:49:43.526+0000] {logging_mixin.py:188} INFO - [2026-08-26T18:49:43.525+0000] {dag.py:3047} INFO - Sync 1 DAGs
[2026-08-26T18:49:43.542+0000] {logging_mixin.py:188} INFO - [2026-08-26T18:49:43.542+0000] {dag.py:3834} INFO - Setting next_dagrun for example_sensors to None, run_after=None
[2026-08-26T18:49:43.562+0000] {processor.py:183} INFO - Processing /home/airflow/.local/lib/python3.8/site-packages/airflow/example_dags/example_sensors.py took 0.086 seconds
[2026-08-26T18:50:13.862+0000] {processor.py:161} INFO - Started process (PID=7055) to work on /home/airflow/.local/lib/python3.8/site-packages/airflow/example_dags/example_sensors.py
[2026-08-26T18:50:13.864+0000] {processor.py:830} INFO - Processing file /home/airflow/.local/lib/python3.8/site-packages/airflow/example_dags/example_sensors.py for tasks to queue
[2026-08-26T18:50:13.867+0000] {logging_mixin.py:188} INFO - [2026-08-26T18:50:13.866+0000] {dagbag.py:540} INFO - Filling up the DagBag from /home/airflow/.local/lib/python3.8/site-packages/airflow/example_dags/example_sensors.py
[2026-08-26T18:50:13.877+0000] {processor.py:840} INFO - DAG(s) 'example_sensors' retrieved from /home/airflow/.local/lib/python3.8/site-packages/airflow/example_dags/example_sensors.py
[2026-08-26T18:50:13.909+0000] {logging_mixin.py:188} INFO - [2026-08-26T18:50:13.908+0000] {dag.py:3047} INFO - Sync 1 DAGs
[2026-08-26T18:50:13.924+0000] {logging_mixin.py:188} INFO - [2026-08-26T18:50:13.924+0000] {dag.py:3834} INFO - Setting next_dagrun for example_sensors to None, run_after=None
[2026-08-26T18:50:13.949+0000] {processor.py:183} INFO - Processing /home/airflow/.local/lib/python3.8/site-packages/airflow/example_dags/example_sensors.py took 0.091 seconds
[2026-08-26T18:50:44.252+0000] {processor.py:161} INFO - Started process (PID=7112) to work on /home/airflow/.local/lib/python3.8/site-packages/airflow/example_dags/example_sensors.py
[2026-08-26T18:50:44.254+0000] {processor.py:830} INFO - Processing file /home/airflow/.local/lib/python3.8/site-packages/airflow/example_dags/example_sensors.py for tasks to queue
[2026-08-26T18:50:44.257+0000] {logging_mixin.py:188} INFO - [2026-08-26T18:50:44.256+0000] {dagbag.py:540} INFO - Filling up the DagBag from /home/airflow/.local/lib/python3.8/site-packages/airflow/example_dags/example_sensors.py
[2026-08-26T18:50:44.269+0000] {processor.py:840} INFO - DAG(s) 'example_sensors' retrieved from /home/airflow/.local/lib/python3.8/site-packages/airflow/example_dags/example_sensors.py
[2026-08-26T18:50:44.302+0000] {logging_mixin.py:188} INFO - [2026-08-26T18:50:44.302+0000] {dag.py:3047} INFO - Sync 1 DAGs
[2026-08-26T18:50:44.318+0000] {logging_mixin.py:188} INFO - [2026-08-26T18:50:44.318+0000] {dag.py:3834} INFO - Setting next_dagrun for example_sensors to None, run_after=None
[2026-08-26T18:50:44.346+0000] {processor.py:183} INFO - Processing /home/airflow/.local/lib/python3.8/site-packages/airflow/example_dags/example_sensors.py took 0.098 seconds
[2026-08-26T18:51:14.604+0000] {processor.py:161} INFO - Started process (PID=7169) to work on /home/airflow/.local/lib/python3.8/site-packages/airflow/example_dags/example_sensors.py
[2026-08-26T18:51:14.608+0000] {processor.py:830} INFO - Processing file /home/airflow/.local/lib/python3.8/site-packages/airflow/example_dags/example_sensors.py for tasks to queue
[2026-08-26T18:51:14.610+0000] {logging_mixin.py:188} INFO - [2026-08-26T18:51:14.610+0000] {dagbag.py:540} INFO - Filling up the DagBag from /home/airflow/.local/lib/python3.8/site-packages/airflow/example_dags/example_sensors.py
[2026-08-26T18:51:14.621+0000] {processor.py:840} INFO - DAG(s) 'example_sensors' retrieved from /home/airflow/.local/lib/python3.8/site-packages/airflow/example_dags/example_sensors.py
[2026-08-26T18:51:14.655+0000] {logging_mixin.py:188} INFO - [2026-08-26T18:51:14.655+0000] {dag.py:3047} INFO - Sync 1 DAGs
[2026-08-26T18:51:14.673+0000] {logging_mixin.py:188} INFO - [2026-08-26T18:51:14.672+0000] {dag.py:3834} INFO - Setting next_dagrun for example_sensors to None, run_after=None
[2026-08-26T18:51:14.700+0000] {processor.py:183} INFO - Processing /home/airflow/.local/lib/python3.8/site-packages/airflow/example_dags/example_sensors.py took 0.100 seconds
[2026-08-26T18:51:45.533+0000] {processor.py:161} INFO - Started process (PID=7226) to work on /home/airflow/.local/lib/python3.8/site-packages/airflow/example_dags/example_sensors.py
[2026-08-26T18:51:45.538+0000] {processor.py:830} INFO - Processing file /home/airflow/.local/lib/python3.8/site-packages/airflow/example_dags/example_sensors.py for tasks to queue
[2026-08-26T18:51:45.542+0000] {logging_mixin.py:188} INFO - [2026-08-26T18:51:45.541+0000] {dagbag.py:540} INFO - Filling up the DagBag from /home/airflow/.local/lib/python3.8/site-packages/airflow/example_dags/example_sensors.py
[2026-08-26T18:51:45.556+0000] {processor.py:840} INFO - DAG(s) 'example_sensors' retrieved from /home/airflow/.local/lib/python3.8/site-packages/airflow/example_dags/example_sensors.py
[2026-08-26T18:51:45.590+0000] {logging_mixin.py:188} INFO - [2026-08-26T18:51:45.590+0000] {dag.py:3047} INFO - Sync 1 DAGs
[2026-08-26T18:51:45.610+0000] {logging_mixin.py:188} INFO - [2026-08-26T18:51:45.610+0000] {dag.py:3834} INFO - Setting next_dagrun for example_sensors to None, run_after=None
[2026-08-26T18:51:45.632+0000] {processor.py:183} INFO - Processing /home/airflow/.local/lib/python3.8/site-packages/airflow/example_dags/example_sensors.py took 0.104 seconds
[2026-08-26T18:52:15.757+0000] {processor.py:161} INFO - Started process (PID=7283) to work on /home/airflow/.local/lib/python3.8/site-packages/airflow/example_dags/example_sensors.py
[2026-08-26T18:52:15.759+0000] {processor.py:830} INFO - Processing file /home/airflow/.local/lib/python3.8/site-packages/airflow/example_dags/example_sensors.py for tasks to queue
[2026-08-26T18:52:15.761+0000] {logging_mixin.py:188} INFO - [2026-08-26T18:52:15.761+0000] {dagbag.py:540} INFO - Filling up the DagBag from /home/airflow/.local/lib/python3.8/site-packages/airflow/example_dags/example_sensors.py
[2026-08-26T18:52:15.772+0000] {processor.py:840} INFO - DAG(s) 'example_sensors' retrieved from /home/airflow/.local/lib/python3.8/site-packages/airflow/example_dags/example_sensors.py
[2026-08-26T18:52:15.801+0000] {logging_mixin.py:188} INFO - [2026-08-26T18:52:15.801+0000] {dag.py:3047} INFO - Sync 1 DAGs
[2026-08-26T18:52:15.816+0000] {logging_mixin.py:188} INFO - [2026-08-26T18:52:15.815+0000] {dag.py:3834} INFO - Setting next_dagrun for example_sensors to None, run_after=None
[2026-08-26T18:52:15.841+0000] {processor.py:183} INFO - Processing /home/airflow/.local/lib/python3.8/site-packages/airflow/example_dags/example_sensors.py took 0.087 seconds
[2026-08-26T18:52:46.496+0000] {processor.py:161} INFO - Started process (PID=7340) to work on /home/airflow/.local/lib/python3.8/site-packages/airflow/example_dags/example_sensors.py
[2026-08-26T18:52:46.498+0000] {processor.py:830} INFO - Processing file /home/airflow/.local/lib/python3.8/site-packages/airflow/example_dags/example_sensors.py for tasks to queue
[2026-08-26T18:52:46.500+0000] {logging_mixin.py:188} INFO - [2026-08-26T18:52:46.500+0000] {dagbag.py:540} INFO - Filling up the DagBag from /home/airflow/.local/lib/python3.8/site-packages/airflow/example_dags/example_sensors.py
[2026-08-26T18:52:46.510+0000] {processor.py:840} INFO - DAG(s) 'example_sensors' retrieved from /home/airflow/.local/lib/python3.8/site-packages/airflow/example_dags/example_sensors.py
[2026-08-26T18:52:46.539+0000] {logging_mixin.py:188} INFO - [2026-08-26T18:52:46.538+0000] {dag.py:3047} INFO - Sync 1 DAGs
[2026-08-26T18:52:46.553+0000] {logging_mixin.py:188} INFO - [2026-08-26T18:52:46.552+0000] {dag.py:3834} INFO - Setting next_dagrun for example_sensors to None, run_after=None
[2026-08-26T18:52:46.573+0000] {processor.py:183} INFO - Processing /home/airflow/.local/lib/python3.8/site-packages/airflow/example_dags/example_sensors.py took 0.081 seconds
[2026-08-26T18:53:17.626+0000] {processor.py:161} INFO - Started process (PID=7397) to work on /home/airflow/.local/lib/python3.8/site-packages/airflow/example_dags/example_sensors.py
[2026-08-26T18:53:17.628+0000] {processor.py:830} INFO - Processing file /home/airflow/.local/lib/python3.8/site-packages/airflow/example_dags/example_sensors.py for tasks to queue
[2026-08-26T18:53:17.631+0000] {logging_mixin.py:188} INFO - [2026-08-26T18:53:17.631+0000] {dagbag.py:540} INFO - Filling up the DagBag from /home/airflow/.local/lib/python3.8/site-packages/airflow/example_dags/example_sensors.py
[2026-08-26T18:53:17.648+0000] {processor.py:840} INFO - DAG(s) 'example_sensors' retrieved from /home/airflow/.local/lib/python3.8/site-packages/airflow/example_dags/example_sensors.py
[2026-08-26T18:53:17.687+0000] {logging_mixin.py:188} INFO - [2026-08-26T18:53:17.687+0000] {dag.py:3047} INFO - Sync 1 DAGs
[2026-08-26T18:53:17.709+0000] {logging_mixin.py:188} INFO - [2026-08-26T18:53:17.709+0000] {dag.py:3834} INFO - Setting next_dagrun for example_sensors to None, run_after=None
[2026-08-26T18:53:17.743+0000] {processor.py:183} INFO - Processing /home/airflow/.local/lib/python3.8/site-packages/airflow/example_dags/example_sensors.py took 0.121 seconds
[2026-08-26T18:53:47.821+0000] {processor.py:161} INFO - Started process (PID=7454) to work on /home/airflow/.local/lib/python3.8/site-packages/airflow/example_dags/example_sensors.py
[2026-08-26T18:53:47.823+0000] {processor.py:830} INFO - Processing file /home/airflow/.local/lib/python3.8/site-packages/airflow/example_dags/example_sensors.py for tasks to queue
[2026-08-26T18:53:47.827+0000] {logging_mixin.py:188} INFO - [2026-08-26T18:53:47.826+0000] {dagbag.py:540} INFO - Filling up the DagBag from /home/airflow/.local/lib/python3.8/site-packages/airflow/example_dags/example_sensors.py
[2026-08-26T18:53:47.839+0000] {processor.py:840} INFO - DAG(s) 'example_sensors' retrieved from /home/airflow/.local/lib/python3.8/site-packages/airflow/example_dags/example_sensors.py
[2026-08-26T18:53:47.870+0000] {logging_mixin.py:188} INFO - [2026-08-26T18:53:47.869+0000] {dag.py:3047} INFO - Sync 1 DAGs
[2026-08-26T18:53:47.885+0000] {logging_mixin.py:188} INFO - [2026-08-26T18:53:47.884+0000] {dag.py:3834} INFO - Setting next_dagrun for example_sensors to None, run_after=None
[2026-08-26T18:53:47.909+0000] {processor.py:183} INFO - Processing /home/airflow/.local/lib/python3.8/site-packages/airflow/example_dags/example_sensors.py took 0.092 seconds
[2026-08-26T18:54:18.251+0000] {processor.py:161} INFO - Started process (PID=7511) to work on /home/airflow/.local/lib/python3.8/site-packages/airflow/example_dags/example_sensors.py
[2026-08-26T18:54:18.252+0000] {processor.py:830} INFO - Processing file /home/airflow/.local/lib/python3.8/site-packages/airflow/example_dags/example_sensors.py for tasks to queue
[2026-08-26T18:54:18.255+0000] {logging_mixin.py:188} INFO - [2026-08-26T18:54:18.255+0000] {dagbag.py:540} INFO - Filling up the DagBag from /home/airflow/.local/lib/python3.8/site-packages/airflow/example_dags/example_sensors.py
[2026-08-26T18:54:18.267+0000] {processor.py:840} INFO - DAG(s) 'example_sensors' retrieved from /home/airflow/.local/lib/python3.8/site-packages/airflow/example_dags/example_sensors.py
[2026-08-26T18:54:18.304+0000] {logging_mixin.py:188} INFO - [2026-08-26T18:54:18.303+0000] {dag.py:3047} INFO - Sync 1 DAGs
[2026-08-26T18:54:18.321+0000] {logging_mixin.py:188} INFO - [2026-08-26T18:54:18.321+0000] {dag.py:3834} INFO - Setting next_dagrun for example_sensors to None, run_after=None
[2026-08-26T18:54:18.343+0000] {processor.py:183} INFO - Processing /home/airflow/.local/lib/python3.8/site-packages/airflow/example_dags/example_sensors.py took 0.096 seconds
[2026-08-26T18:54:48.433+0000] {processor.py:161} INFO - Started process (PID=7568) to work on /home/airflow/.local/lib/python3.8/site-packages/airflow/example_dags/example_sensors.py
[2026-08-26T18:54:48.434+0000] {processor.py:830} INFO - Processing file /home/airflow/.local/lib/python3.8/site-packages/airflow/example_dags/example_sensors.py for tasks to queue
[2026-08-26T18:54:48.438+0000] {logging_mixin.py:188} INFO - [2026-08-26T18:54:48.437+0000] {dagbag.py:540} INFO - Filling up the DagBag from /home/airflow/.local/lib/python3.8/site-packages/airflow/example_dags/example_sensors.py
[2026-08-26T18:54:48.454+0000] {processor.py:840} INFO - DAG(s) 'example_sensors' retrieved from /home/airflow/.local/lib/python3.8/site-packages/airflow/example_dags/example_sensors.py
[2026-08-26T18:54:48.500+0000] {logging_mixin.py:188} INFO - [2026-08-26T18:54:48.499+0000] {dag.py:3047} INFO - Sync 1 DAGs
[2026-08-26T18:54:48.514+0000] {logging_mixin.py:188} INFO - [2026-08-26T18:54:48.513+0000] {dag.py:3834} INFO - Setting next_dagrun for example_sensors to None, run_after=None
[2026-08-26T18:54:48.537+0000] {processor.py:183} INFO - Processing /home/airflow/.local/lib/python3.8/site-packages/airflow/example_dags/example_sensors.py took 0.108 seconds
[2026-08-26T18:55:18.647+0000] {processor.py:161} INFO - Started process (PID=7625) to work on /home/airflow/.local/lib/python3.8/site-packages/airflow/example_dags/example_sensors.py
[2026-08-26T18:55:18.648+0000] {processor.py:830} INFO - Processing file /home/airflow/.local/lib/python3.8/site-packages/airflow/example_dags/example_sensors.py for tasks to queue
[2026-08-26T18:55:18.651+0000] {logging_mixin.py:188} INFO - [2026-08-26T18:55:18.651+0000] {dagbag.py:540} INFO - Filling up the DagBag from /home/airflow/.local/lib/python3.8/site-packages/airflow/example_dags/example_sensors.py
[2026-08-26T18:55:18.661+0000] {processor.py:840} INFO - DAG(s) 'example_sensors' retrieved from /home/airflow/.local/lib/python3.8/site-packages/airflow/example_dags/example_sensors.py
[2026-08-26T18:55:18.688+0000] {logging_mixin.py:188} INFO - [2026-08-26T18:55:18.688+0000] {dag.py:3047} INFO - Sync 1 DAGs
[2026-08-26T18:55:18.702+0000] {logging_mixin.py:188} INFO - [2026-08-26T18:55:18.702+0000] {dag.py:3834} INFO - Setting next_dagrun for example_sensors to None, run_after=None
[2026-08-26T18:55:18.724+0000] {processor.py:183} INFO - Processing /home/airflow/.local/lib/python3.8/site-packages/airflow/example_dags/example_sensors.py took 0.081 seconds
[2026-08-26T18:55:48.835+0000] {processor.py:161} INFO - Started process (PID=7682) to work on /home/airflow/.local/lib/python3.8/site-packages/airflow/example_dags/example_sensors.py
[2026-08-26T18:55:48.837+0000] {processor.py:830} INFO - Processing file /home/airflow/.local/lib/python3.8/site-packages/airflow/example_dags/example_sensors.py for tasks to queue
[2026-08-26T18:55:48.841+0000] {logging_mixin.py:188} INFO - [2026-08-26T18:55:48.840+0000] {dagbag.py:540} INFO - Filling up the DagBag from /home/airflow/.local/lib/python3.8/site-packages/airflow/example_dags/example_sensors.py
[2026-08-26T18:55:48.853+0000] {processor.py:840} INFO - DAG(s) 'example_sensors' retrieved from /home/airflow/.local/lib/python3.8/site-packages/airflow/example_dags/example_sensors.py
[2026-08-26T18:55:48.886+0000] {logging_mixin.py:188} INFO - [2026-08-26T18:55:48.886+0000] {dag.py:3047} INFO - Sync 1 DAGs
[2026-08-26T18:55:48.901+0000] {logging_mixin.py:188} INFO - [2026-08-26T18:55:48.900+0000] {dag.py:3834} INFO - Setting next_dagrun for example_sensors to None, run_after=None
[2026-08-26T18:55:48.925+0000] {processor.py:183} INFO - Processing /home/airflow/.local/lib/python3.8/site-packages/airflow/example_dags/example_sensors.py took 0.094 seconds
[2026-08-26T18:56:19.498+0000] {processor.py:161} INFO - Started process (PID=7739) to work on /home/airflow/.local/lib/python3.8/site-packages/airflow/example_dags/example_sensors.py
[2026-08-26T18:56:19.500+0000] {processor.py:830} INFO - Processing file /home/airflow/.local/lib/python3.8/site-packages/airflow/example_dags/example_sensors.py for tasks to queue
[2026-08-26T18:56:19.502+0000] {logging_mixin.py:188} INFO - [2026-08-26T18:56:19.502+0000] {dagbag.py:540} INFO - Filling up the DagBag from /home/airflow/.local/lib/python3.8/site-packages/airflow/example_dags/example_sensors.py
[2026-08-26T18:56:19.514+0000] {processor.py:840} INFO - DAG(s) 'example_sensors' retrieved from /home/airflow/.local/lib/python3.8/site-packages/airflow/example_dags/example_sensors.py
[2026-08-26T18:56:19.542+0000] {logging_mixin.py:188} INFO - [2026-08-26T18:56:19.541+0000] {dag.py:3047} INFO - Sync 1 DAGs
[2026-08-26T18:56:19.554+0000] {logging_mixin.py:188} INFO - [2026-08-26T18:56:19.554+0000] {dag.py:3834} INFO - Setting next_dagrun for example_sensors to None, run_after=None
[2026-08-26T18:56:19.577+0000] {processor.py:183} INFO - Processing /home/airflow/.local/lib/python3.8/site-packages/airflow/example_dags/example_sensors.py took 0.083 seconds
[2026-08-26T18:56:49.868+0000] {processor.py:161} INFO - Started process (PID=7796) to work on /home/airflow/.local/lib/python3.8/site-packages/airflow/example_dags/example_sensors.py
[2026-08-26T18:56:49.870+0000] {processor.py:830} INFO - Processing file /home/airflow/.local/lib/python3.8/site-packages/airflow/example_dags/example_sensors.py for tasks to queue
[2026-08-26T18:56:49.874+0000] {logging_mixin.py:188} INFO - [2026-08-26T18:56:49.873+0000] {dagbag.py:540} INFO - Filling up the DagBag from /home/airflow/.local/lib/python3.8/site-packages/airflow/example_dags/example_sensors.py
[2026-08-26T18:56:49.887+0000] {processor.py:840} INFO - DAG(s) 'example_sensors' retrieved from /home/airflow/.local/lib/python3.8/site-packages/airflow/example_dags/example_sensors.py
[2026-08-26T18:56:49.913+0000] {logging_mixin.py:188} INFO - [2026-08-26T18:56:49.913+0000] {dag.py:3047} INFO - Sync 1 DAGs
[2026-08-26T18:56:49.927+0000] {logging_mixin.py:188} INFO - [2026-08-26T18:56:49.927+0000] {dag.py:3834} INFO - Setting next_dagrun for example_sensors to None, run_after=None
[2026-08-26T18:56:49.947+0000] {processor.py:183} INFO - Processing /home/airflow/.local/lib/python3.8/site-packages/airflow/example_dags/example_sensors.py took 0.082 seconds
[2026-08-26T18:57:20.690+0000] {processor.py:161} INFO - Started process (PID=7851) to work on /home/airflow/.local/lib/python3.8/site-packages/airflow/example_dags/example_sensors.py
[2026-08-26T18:57:20.692+0000] {processor.py:830} INFO - Processing file /home/airflow/.local/lib/python3.8/site-packages/airflow/example_dags/example_sensors.py for tasks to queue
[2026-08-26T18:57:20.695+0000] {logging_mixin.py:188} INFO - [2026-08-26T18:57:20.695+0000] {dagbag.py:540} INFO - Filling up the DagBag from /home/airflow/.local/lib/python3.8/site-packages/airflow/example_dags/example_sensors.py
[2026-08-26T18:57:20.708+0000] {processor.py:840} INFO - DAG(s) 'example_sensors' retrieved from /home/airflow/.local/lib/python3.8/site-packages/airflow/example_dags/example_sensors.py
[2026-08-26T18:57:20.740+0000] {logging_mixin.py:188} INFO - [2026-08-26T18:57:20.740+0000] {dag.py:3047} INFO - Sync 1 DAGs
[2026-08-26T18:57:20.755+0000] {logging_mixin.py:188} INFO - [2026-08-26T18:57:20.755+0000] {dag.py:3834} INFO - Setting next_dagrun for example_sensors to None, run_after=None
[2026-08-26T18:57:20.783+0000] {processor.py:183} INFO - Processing /home/airflow/.local/lib/python3.8/site-packages/airflow/example_dags/example_sensors.py took 0.097 seconds
[2026-08-26T18:57:51.466+0000] {processor.py:161} INFO - Started process (PID=7908) to work on /home/airflow/.local/lib/python3.8/site-packages/airflow/example_dags/example_sensors.py
[2026-08-26T18:57:51.467+0000] {processor.py:830} INFO - Processing file /home/airflow/.local/lib/python3.8/site-packages/airflow/example_dags/example_sensors.py for tasks to queue
[2026-08-26T18:57:51.470+0000] {logging_mixin.py:188} INFO - [2026-08-26T18:57:51.470+0000] {dagbag.py:540} INFO - Filling up the DagBag from /home/airflow/.local/lib/python3.8/site-packages/airflow/example_dags/example_sensors.py
[2026-08-26T18:57:51.481+0000] {processor.py:840} INFO - DAG(s) 'example_sensors' retrieved from /home/airflow/.local/lib/python3.8/site-packages/airflow/example_dags/example_sensors.py
[2026-08-26T18:57:51.515+0000] {logging_mixin.py:188} INFO - [2026-08-26T18:57:51.515+0000] {dag.py:3047} INFO - Sync 1 DAGs
[2026-08-26T18:57:51.536+0000] {logging_mixin.py:188} INFO - [2026-08-26T18:57:51.536+0000] {dag.py:3834} INFO - Setting next_dagrun for example_sensors to None, run_after=None
[2026-08-26T18:57:51.561+0000] {processor.py:183} INFO - Processing /home/airflow/.local/lib/python3.8/site-packages/airflow/example_dags/example_sensors.py took 0.099 seconds
[2026-08-26T18:58:21.601+0000] {processor.py:161} INFO - Started process (PID=7963) to work on /home/airflow/.local/lib/python3.8/site-packages/airflow/example_dags/example_sensors.py
[2026-08-26T18:58:21.603+0000] {processor.py:830} INFO - Processing file /home/airflow/.local/lib/python3.8/site-packages/airflow/example_dags/example_sensors.py for tasks to queue
[2026-08-26T18:58:21.606+0000] {logging_mixin.py:188} INFO - [2026-08-26T18:58:21.605+0000] {dagbag.py:540} INFO - Filling up the DagBag from /home/airflow/.local/lib/python3.8/site-packages/airflow/example_dags/example_sensors.py
[2026-08-26T18:58:21.618+0000] {processor.py:840} INFO - DAG(s) 'example_sensors' retrieved from /home/airflow/.local/lib/python3.8/site-packages/airflow/example_dags/example_sensors.py
[2026-08-26T18:58:21.651+0000] {logging_mixin.py:188} INFO - [2026-08-26T18:58:21.650+0000] {dag.py:3047} INFO - Sync 1 DAGs
[2026-08-26T18:58:21.671+0000] {logging_mixin.py:188} INFO - [2026-08-26T18:58:21.671+0000] {dag.py:3834} INFO - Setting next_dagrun for example_sensors to None, run_after=None
[2026-08-26T18:58:21.700+0000] {processor.py:183} INFO - Processing /home/airflow/.local/lib/python3.8/site-packages/airflow/example_dags/example_sensors.py took 0.104 seconds
[2026-08-26T18:58:51.969+0000] {processor.py:161} INFO - Started process (PID=8020) to work on /home/airflow/.local/lib/python3.8/site-packages/airflow/example_dags/example_sensors.py
[2026-08-26T18:58:51.971+0000] {processor.py:830} INFO - Processing file /home/airflow/.local/lib/python3.8/site-packages/airflow/example_dags/example_sensors.py for tasks to queue
[2026-08-26T18:58:51.974+0000] {logging_mixin.py:188} INFO - [2026-08-26T18:58:51.974+0000] {dagbag.py:540} INFO - Filling up the DagBag from /home/airflow/.local/lib/python3.8/site-packages/airflow/example_dags/example_sensors.py
[2026-08-26T18:58:51.991+0000] {processor.py:840} INFO - DAG(s) 'example_sensors' retrieved from /home/airflow/.local/lib/python3.8/site-packages/airflow/example_dags/example_sensors.py
[2026-08-26T18:58:52.021+0000] {logging_mixin.py:188} INFO - [2026-08-26T18:58:52.021+0000] {dag.py:3047} INFO - Sync 1 DAGs
[2026-08-26T18:58:52.035+0000] {logging_mixin.py:188} INFO - [2026-08-26T18:58:52.035+0000] {dag.py:3834} INFO - Setting next_dagrun for example_sensors to None, run_after=None
[2026-08-26T18:58:52.058+0000] {processor.py:183} INFO - Processing /home/airflow/.local/lib/python3.8/site-packages/airflow/example_dags/example_sensors.py took 0.092 seconds
[2026-08-26T18:59:22.793+0000] {processor.py:161} INFO - Started process (PID=8077) to work on /home/airflow/.local/lib/python3.8/site-packages/airflow/example_dags/example_sensors.py
[2026-08-26T18:59:22.795+0000] {processor.py:830} INFO - Processing file /home/airflow/.local/lib/python3.8/site-packages/airflow/example_dags/example_sensors.py for tasks to queue
[2026-08-26T18:59:22.797+0000] {logging_mixin.py:188} INFO - [2026-08-26T18:59:22.797+0000] {dagbag.py:540} INFO - Filling up the DagBag from /home/airflow/.local/lib/python3.8/site-packages/airflow/example_dags/example_sensors.py
[2026-08-26T18:59:22.808+0000] {processor.py:840} INFO - DAG(s) 'example_sensors' retrieved from /home/airflow/.local/lib/python3.8/site-packages/airflow/example_dags/example_sensors.py
[2026-08-26T18:59:22.844+0000] {logging_mixin.py:188} INFO - [2026-08-26T18:59:22.844+0000] {dag.py:3047} INFO - Sync 1 DAGs
[2026-08-26T18:59:22.864+0000] {logging_mixin.py:188} INFO - [2026-08-26T18:59:22.863+0000] {dag.py:3834} INFO - Setting next_dagrun for example_sensors to None, run_after=None
[2026-08-26T18:59:22.898+0000] {processor.py:183} INFO - Processing /home/airflow/.local/lib/python3.8/site-packages/airflow/example_dags/example_sensors.py took 0.111 seconds
[2026-08-26T18:59:53.034+0000] {processor.py:161} INFO - Started process (PID=8134) to work on /home/airflow/.local/lib/python3.8/site-packages/airflow/example_dags/example_sensors.py
[2026-08-26T18:59:53.037+0000] {processor.py:830} INFO - Processing file /home/airflow/.local/lib/python3.8/site-packages/airflow/example_dags/example_sensors.py for tasks to queue
[2026-08-26T18:59:53.041+0000] {logging_mixin.py:188} INFO - [2026-08-26T18:59:53.040+0000] {dagbag.py:540} INFO - Filling up the DagBag from /home/airflow/.local/lib/python3.8/site-packages/airflow/example_dags/example_sensors.py
[2026-08-26T18:59:53.063+0000] {processor.py:840} INFO - DAG(s) 'example_sensors' retrieved from /home/airflow/.local/lib/python3.8/site-packages/airflow/example_dags/example_sensors.py
[2026-08-26T18:59:53.098+0000] {logging_mixin.py:188} INFO - [2026-08-26T18:59:53.098+0000] {dag.py:3047} INFO - Sync 1 DAGs
[2026-08-26T18:59:53.114+0000] {logging_mixin.py:188} INFO - [2026-08-26T18:59:53.113+0000] {dag.py:3834} INFO - Setting next_dagrun for example_sensors to None, run_after=None
[2026-08-26T18:59:53.141+0000] {processor.py:183} INFO - Processing /home/airflow/.local/lib/python3.8/site-packages/airflow/example_dags/example_sensors.py took 0.110 seconds
[2026-08-26T19:00:23.579+0000] {processor.py:161} INFO - Started process (PID=8191) to work on /home/airflow/.local/lib/python3.8/site-packages/airflow/example_dags/example_sensors.py
[2026-08-26T19:00:23.581+0000] {processor.py:830} INFO - Processing file /home/airflow/.local/lib/python3.8/site-packages/airflow/example_dags/example_sensors.py for tasks to queue
[2026-08-26T19:00:23.584+0000] {logging_mixin.py:188} INFO - [2026-08-26T19:00:23.583+0000] {dagbag.py:540} INFO - Filling up the DagBag from /home/airflow/.local/lib/python3.8/site-packages/airflow/example_dags/example_sensors.py
[2026-08-26T19:00:23.595+0000] {processor.py:840} INFO - DAG(s) 'example_sensors' retrieved from /home/airflow/.local/lib/python3.8/site-packages/airflow/example_dags/example_sensors.py
[2026-08-26T19:00:23.627+0000] {logging_mixin.py:188} INFO - [2026-08-26T19:00:23.627+0000] {dag.py:3047} INFO - Sync 1 DAGs
[2026-08-26T19:00:23.643+0000] {logging_mixin.py:188} INFO - [2026-08-26T19:00:23.643+0000] {dag.py:3834} INFO - Setting next_dagrun for example_sensors to None, run_after=None
[2026-08-26T19:00:23.668+0000] {processor.py:183} INFO - Processing /home/airflow/.local/lib/python3.8/site-packages/airflow/example_dags/example_sensors.py took 0.093 seconds
[2026-08-26T19:00:53.794+0000] {processor.py:161} INFO - Started process (PID=8248) to work on /home/airflow/.local/lib/python3.8/site-packages/airflow/example_dags/example_sensors.py
[2026-08-26T19:00:53.796+0000] {processor.py:830} INFO - Processing file /home/airflow/.local/lib/python3.8/site-packages/airflow/example_dags/example_sensors.py for tasks to queue
[2026-08-26T19:00:53.800+0000] {logging_mixin.py:188} INFO - [2026-08-26T19:00:53.799+0000] {dagbag.py:540} INFO - Filling up the DagBag from /home/airflow/.local/lib/python3.8/site-packages/airflow/example_dags/example_sensors.py
[2026-08-26T19:00:53.809+0000] {processor.py:840} INFO - DAG(s) 'example_sensors' retrieved from /home/airflow/.local/lib/python3.8/site-packages/airflow/example_dags/example_sensors.py
[2026-08-26T19:00:53.839+0000] {logging_mixin.py:188} INFO - [2026-08-26T19:00:53.839+0000] {dag.py:3047} INFO - Sync 1 DAGs
[2026-08-26T19:00:53.855+0000] {logging_mixin.py:188} INFO - [2026-08-26T19:00:53.854+0000] {dag.py:3834} INFO - Setting next_dagrun for example_sensors to None, run_after=None
[2026-08-26T19:00:53.876+0000] {processor.py:183} INFO - Processing /home/airflow/.local/lib/python3.8/site-packages/airflow/example_dags/example_sensors.py took 0.085 seconds
[2026-08-26T19:01:23.949+0000] {processor.py:161} INFO - Started process (PID=8305) to work on /home/airflow/.local/lib/python3.8/site-packages/airflow/example_dags/example_sensors.py
[2026-08-26T19:01:23.951+0000] {processor.py:830} INFO - Processing file /home/airflow/.local/lib/python3.8/site-packages/airflow/example_dags/example_sensors.py for tasks to queue
[2026-08-26T19:01:23.954+0000] {logging_mixin.py:188} INFO - [2026-08-26T19:01:23.953+0000] {dagbag.py:540} INFO - Filling up the DagBag from /home/airflow/.local/lib/python3.8/site-packages/airflow/example_dags/example_sensors.py
[2026-08-26T19:01:23.965+0000] {processor.py:840} INFO - DAG(s) 'example_sensors' retrieved from /home/airflow/.local/lib/python3.8/site-packages/airflow/example_dags/example_sensors.py
[2026-08-26T19:01:23.992+0000] {logging_mixin.py:188} INFO - [2026-08-26T19:01:23.991+0000] {dag.py:3047} INFO - Sync 1 DAGs
[2026-08-26T19:01:24.006+0000] {logging_mixin.py:188} INFO - [2026-08-26T19:01:24.006+0000] {dag.py:3834} INFO - Setting next_dagrun for example_sensors to None, run_after=None
[2026-08-26T19:01:24.030+0000] {processor.py:183} INFO - Processing /home/airflow/.local/lib/python3.8/site-packages/airflow/example_dags/example_sensors.py took 0.087 seconds
[2026-08-26T19:01:54.331+0000] {processor.py:161} INFO - Started process (PID=8363) to work on /home/airflow/.local/lib/python3.8/site-packages/airflow/example_dags/example_sensors.py
[2026-08-26T19:01:54.332+0000] {processor.py:830} INFO - Processing file /home/airflow/.local/lib/python3.8/site-packages/airflow/example_dags/example_sensors.py for tasks to queue
[2026-08-26T19:01:54.335+0000] {logging_mixin.py:188} INFO - [2026-08-26T19:01:54.335+0000] {dagbag.py:540} INFO - Filling up the DagBag from /home/airflow/.local/lib/python3.8/site-packages/airflow/example_dags/example_sensors.py
[2026-08-26T19:01:54.347+0000] {processor.py:840} INFO - DAG(s) 'example_sensors' retrieved from /home/airflow/.local/lib/python3.8/site-packages/airflow/example_dags/example_sensors.py
[2026-08-26T19:01:54.379+0000] {logging_mixin.py:188} INFO - [2026-08-26T19:01:54.379+0000] {dag.py:3047} INFO - Sync 1 DAGs
[2026-08-26T19:01:54.397+0000] {logging_mixin.py:188} INFO - [2026-08-26T19:01:54.396+0000] {dag.py:3834} INFO - Setting next_dagrun for example_sensors to None, run_after=None
[2026-08-26T19:01:54.420+0000] {processor.py:183} INFO - Processing /home/airflow/.local/lib/python3.8/site-packages/airflow/example_dags/example_sensors.py took 0.093 seconds
[2026-08-26T19:02:24.626+0000] {processor.py:161} INFO - Started process (PID=8420) to work on /home/airflow/.local/lib/python3.8/site-packages/airflow/example_dags/example_sensors.py
[2026-08-26T19:02:24.628+0000] {processor.py:830} INFO - Processing file /home/airflow/.local/lib/python3.8/site-packages/airflow/example_dags/example_sensors.py for tasks to queue
[2026-08-26T19:02:24.630+0000] {logging_mixin.py:188} INFO - [2026-08-26T19:02:24.630+0000] {dagbag.py:540} INFO - Filling up the DagBag from /home/airflow/.local/lib/python3.8/site-packages/airflow/example_dags/example_sensors.py
[2026-08-26T19:02:24.641+0000] {processor.py:840} INFO - DAG(s) 'example_sensors' retrieved from /home/airflow/.local/lib/python3.8/site-packages/airflow/example_dags/example_sensors.py
[2026-08-26T19:02:24.667+0000] {logging_mixin.py:188} INFO - [2026-08-26T19:02:24.667+0000] {dag.py:3047} INFO - Sync 1 DAGs
[2026-08-26T19:02:24.687+0000] {logging_mixin.py:188} INFO - [2026-08-26T19:02:24.686+0000] {dag.py:3834} INFO - Setting next_dagrun for example_sensors to None, run_after=None
[2026-08-26T19:02:24.713+0000] {processor.py:183} INFO - Processing /home/airflow/.local/lib/python3.8/site-packages/airflow/example_dags/example_sensors.py took 0.092 seconds
[2026-08-26T19:02:54.755+0000] {processor.py:161} INFO - Started process (PID=8477) to work on /home/airflow/.local/lib/python3.8/site-packages/airflow/example_dags/example_sensors.py
[2026-08-26T19:02:54.758+0000] {processor.py:830} INFO - Processing file /home/airflow/.local/lib/python3.8/site-packages/airflow/example_dags/example_sensors.py for tasks to queue
[2026-08-26T19:02:54.762+0000] {logging_mixin.py:188} INFO - [2026-08-26T19:02:54.762+0000] {dagbag.py:540} INFO - Filling up the DagBag from /home/airflow/.local/lib/python3.8/site-packages/airflow/example_dags/example_sensors.py
[2026-08-26T19:02:54.779+0000] {processor.py:840} INFO - DAG(s) 'example_sensors' retrieved from /home/airflow/.local/lib/python3.8/site-packages/airflow/example_dags/example_sensors.py
[2026-08-26T19:02:54.814+0000] {logging_mixin.py:188} INFO - [2026-08-26T19:02:54.814+0000] {dag.py:3047} INFO - Sync 1 DAGs
[2026-08-26T19:02:54.835+0000] {logging_mixin.py:188} INFO - [2026-08-26T19:02:54.834+0000] {dag.py:3834} INFO - Setting next_dagrun for example_sensors to None, run_after=None
[2026-08-26T19:02:54.860+0000] {processor.py:183} INFO - Processing /home/airflow/.local/lib/python3.8/site-packages/airflow/example_dags/example_sensors.py took 0.112 seconds
[2026-08-26T19:03:25.721+0000] {processor.py:161} INFO - Started process (PID=8534) to work on /home/airflow/.local/lib/python3.8/site-packages/airflow/example_dags/example_sensors.py
[2026-08-26T19:03:25.723+0000] {processor.py:830} INFO - Processing file /home/airflow/.local/lib/python3.8/site-packages/airflow/example_dags/example_sensors.py for tasks to queue
[2026-08-26T19:03:25.725+0000] {logging_mixin.py:188} INFO - [2026-08-26T19:03:25.725+0000] {dagbag.py:540} INFO - Filling up the DagBag from /home/airflow/.local/lib/python3.8/site-packages/airflow/example_dags/example_sensors.py
[2026-08-26T19:03:25.738+0000] {processor.py:840} INFO - DAG(s) 'example_sensors' retrieved from /home/airflow/.local/lib/python3.8/site-packages/airflow/example_dags/example_sensors.py
[2026-08-26T19:03:25.769+0000] {logging_mixin.py:188} INFO - [2026-08-26T19:03:25.768+0000] {dag.py:3047} INFO - Sync 1 DAGs
[2026-08-26T19:03:25.784+0000] {logging_mixin.py:188} INFO - [2026-08-26T19:03:25.783+0000] {dag.py:3834} INFO - Setting next_dagrun for example_sensors to None, run_after=None
[2026-08-26T19:03:25.805+0000] {processor.py:183} INFO - Processing /home/airflow/.local/lib/python3.8/site-packages/airflow/example_dags/example_sensors.py took 0.088 seconds
[2026-08-26T19:03:56.738+0000] {processor.py:161} INFO - Started process (PID=8591) to work on /home/airflow/.local/lib/python3.8/site-packages/airflow/example_dags/example_sensors.py
[2026-08-26T19:03:56.740+0000] {processor.py:830} INFO - Processing file /home/airflow/.local/lib/python3.8/site-packages/airflow/example_dags/example_sensors.py for tasks to queue
[2026-08-26T19:03:56.744+0000] {logging_mixin.py:188} INFO - [2026-08-26T19:03:56.743+0000] {dagbag.py:540} INFO - Filling up the DagBag from /home/airflow/.local/lib/python3.8/site-packages/airflow/example_dags/example_sensors.py
[2026-08-26T19:03:56.765+0000] {processor.py:840} INFO - DAG(s) 'example_sensors' retrieved from /home/airflow/.local/lib/python3.8/site-packages/airflow/example_dags/example_sensors.py
[2026-08-26T19:03:56.810+0000] {logging_mixin.py:188} INFO - [2026-08-26T19:03:56.810+0000] {dag.py:3047} INFO - Sync 1 DAGs
[2026-08-26T19:03:56.829+0000] {logging_mixin.py:188} INFO - [2026-08-26T19:03:56.828+0000] {dag.py:3834} INFO - Setting next_dagrun for example_sensors to None, run_after=None
[2026-08-26T19:03:56.861+0000] {processor.py:183} INFO - Processing /home/airflow/.local/lib/python3.8/site-packages/airflow/example_dags/example_sensors.py took 0.131 seconds
[2026-08-26T19:04:27.455+0000] {processor.py:161} INFO - Started process (PID=8648) to work on /home/airflow/.local/lib/python3.8/site-packages/airflow/example_dags/example_sensors.py
[2026-08-26T19:04:27.457+0000] {processor.py:830} INFO - Processing file /home/airflow/.local/lib/python3.8/site-packages/airflow/example_dags/example_sensors.py for tasks to queue
[2026-08-26T19:04:27.459+0000] {logging_mixin.py:188} INFO - [2026-08-26T19:04:27.459+0000] {dagbag.py:540} INFO - Filling up the DagBag from /home/airflow/.local/lib/python3.8/site-packages/airflow/example_dags/example_sensors.py
[2026-08-26T19:04:27.473+0000] {processor.py:840} INFO - DAG(s) 'example_sensors' retrieved from /home/airflow/.local/lib/python3.8/site-packages/airflow/example_dags/example_sensors.py
[2026-08-26T19:04:27.502+0000] {logging_mixin.py:188} INFO - [2026-08-26T19:04:27.502+0000] {dag.py:3047} INFO - Sync 1 DAGs
[2026-08-26T19:04:27.518+0000] {logging_mixin.py:188} INFO - [2026-08-26T19:04:27.518+0000] {dag.py:3834} INFO - Setting next_dagrun for example_sensors to None, run_after=None
[2026-08-26T19:04:27.540+0000] {processor.py:183} INFO - Processing /home/airflow/.local/lib/python3.8/site-packages/airflow/example_dags/example_sensors.py took 0.090 seconds
[2026-08-26T19:04:58.193+0000] {processor.py:161} INFO - Started process (PID=8705) to work on /home/airflow/.local/lib/python3.8/site-packages/airflow/example_dags/example_sensors.py
[2026-08-26T19:04:58.196+0000] {processor.py:830} INFO - Processing file /home/airflow/.local/lib/python3.8/site-packages/airflow/example_dags/example_sensors.py for tasks to queue
[2026-08-26T19:04:58.200+0000] {logging_mixin.py:188} INFO - [2026-08-26T19:04:58.199+0000] {dagbag.py:540} INFO - Filling up the DagBag from /home/airflow/.local/lib/python3.8/site-packages/airflow/example_dags/example_sensors.py
[2026-08-26T19:04:58.214+0000] {processor.py:840} INFO - DAG(s) 'example_sensors' retrieved from /home/airflow/.local/lib/python3.8/site-packages/airflow/example_dags/example_sensors.py
[2026-08-26T19:04:58.242+0000] {logging_mixin.py:188} INFO - [2026-08-26T19:04:58.242+0000] {dag.py:3047} INFO - Sync 1 DAGs
[2026-08-26T19:04:58.257+0000] {logging_mixin.py:188} INFO - [2026-08-26T19:04:58.256+0000] {dag.py:3834} INFO - Setting next_dagrun for example_sensors to None, run_after=None
[2026-08-26T19:04:58.280+0000] {processor.py:183} INFO - Processing /home/airflow/.local/lib/python3.8/site-packages/airflow/example_dags/example_sensors.py took 0.093 seconds
[2026-08-26T19:05:28.417+0000] {processor.py:161} INFO - Started process (PID=8762) to work on /home/airflow/.local/lib/python3.8/site-packages/airflow/example_dags/example_sensors.py
[2026-08-26T19:05:28.419+0000] {processor.py:830} INFO - Processing file /home/airflow/.local/lib/python3.8/site-packages/airflow/example_dags/example_sensors.py for tasks to queue
[2026-08-26T19:05:28.421+0000] {logging_mixin.py:188} INFO - [2026-08-26T19:05:28.421+0000] {dagbag.py:540} INFO - Filling up the DagBag from /home/airflow/.local/lib/python3.8/site-packages/airflow/example_dags/example_sensors.py
[2026-08-26T19:05:28.433+0000] {processor.py:840} INFO - DAG(s) 'example_sensors' retrieved from /home/airflow/.local/lib/python3.8/site-packages/airflow/example_dags/example_sensors.py
[2026-08-26T19:05:28.467+0000] {logging_mixin.py:188} INFO - [2026-08-26T19:05:28.466+0000] {dag.py:3047} INFO - Sync 1 DAGs
[2026-08-26T19:05:28.486+0000] {logging_mixin.py:188} INFO - [2026-08-26T19:05:28.485+0000] {dag.py:3834} INFO - Setting next_dagrun for example_sensors to None, run_after=None
[2026-08-26T19:05:28.511+0000] {processor.py:183} INFO - Processing /home/airflow/.local/lib/python3.8/site-packages/airflow/example_dags/example_sensors.py took 0.097 seconds
[2026-08-26T19:05:58.701+0000] {processor.py:161} INFO - Started process (PID=8819) to work on /home/airflow/.local/lib/python3.8/site-packages/airflow/example_dags/example_sensors.py
[2026-08-26T19:05:58.703+0000] {processor.py:830} INFO - Processing file /home/airflow/.local/lib/python3.8/site-packages/airflow/example_dags/example_sensors.py for tasks to queue
[2026-08-26T19:05:58.707+0000] {logging_mixin.py:188} INFO - [2026-08-26T19:05:58.706+0000] {dagbag.py:540} INFO - Filling up the DagBag from /home/airflow/.local/lib/python3.8/site-packages/airflow/example_dags/example_sensors.py
[2026-08-26T19:05:58.719+0000] {processor.py:840} INFO - DAG(s) 'example_sensors' retrieved from /home/airflow/.local/lib/python3.8/site-packages/airflow/example_dags/example_sensors.py
[2026-08-26T19:05:58.751+0000] {logging_mixin.py:188} INFO - [2026-08-26T19:05:58.750+0000] {dag.py:3047} INFO - Sync 1 DAGs
[2026-08-26T19:05:58.767+0000] {logging_mixin.py:188} INFO - [2026-08-26T19:05:58.767+0000] {dag.py:3834} INFO - Setting next_dagrun for example_sensors to None, run_after=None
[2026-08-26T19:05:58.797+0000] {processor.py:183} INFO - Processing /home/airflow/.local/lib/python3.8/site-packages/airflow/example_dags/example_sensors.py took 0.101 seconds
[2026-08-26T19:06:29.758+0000] {processor.py:161} INFO - Started process (PID=8876) to work on /home/airflow/.local/lib/python3.8/site-packages/airflow/example_dags/example_sensors.py
[2026-08-26T19:06:29.760+0000] {processor.py:830} INFO - Processing file /home/airflow/.local/lib/python3.8/site-packages/airflow/example_dags/example_sensors.py for tasks to queue
[2026-08-26T19:06:29.764+0000] {logging_mixin.py:188} INFO - [2026-08-26T19:06:29.764+0000] {dagbag.py:540} INFO - Filling up the DagBag from /home/airflow/.local/lib/python3.8/site-packages/airflow/example_dags/example_sensors.py
[2026-08-26T19:06:29.779+0000] {processor.py:840} INFO - DAG(s) 'example_sensors' retrieved from /home/airflow/.local/lib/python3.8/site-packages/airflow/example_dags/example_sensors.py
[2026-08-26T19:06:29.809+0000] {logging_mixin.py:188} INFO - [2026-08-26T19:06:29.809+0000] {dag.py:3047} INFO - Sync 1 DAGs
[2026-08-26T19:06:29.827+0000] {logging_mixin.py:188} INFO - [2026-08-26T19:06:29.827+0000] {dag.py:3834} INFO - Setting next_dagrun for example_sensors to None, run_after=None
[2026-08-26T19:06:29.852+0000] {processor.py:183} INFO - Processing /home/airflow/.local/lib/python3.8/site-packages/airflow/example_dags/example_sensors.py took 0.097 seconds
[2026-08-26T19:07:00.406+0000] {processor.py:161} INFO - Started process (PID=8933) to work on /home/airflow/.local/lib/python3.8/site-packages/airflow/example_dags/example_sensors.py
[2026-08-26T19:07:00.408+0000] {processor.py:830} INFO - Processing file /home/airflow/.local/lib/python3.8/site-packages/airflow/example_dags/example_sensors.py for tasks to queue
[2026-08-26T19:07:00.411+0000] {logging_mixin.py:188} INFO - [2026-08-26T19:07:00.410+0000] {dagbag.py:540} INFO - Filling up the DagBag from /home/airflow/.local/lib/python3.8/site-packages/airflow/example_dags/example_sensors.py
[2026-08-26T19:07:00.428+0000] {processor.py:840} INFO - DAG(s) 'example_sensors' retrieved from /home/airflow/.local/lib/python3.8/site-packages/airflow/example_dags/example_sensors.py
[2026-08-26T19:07:00.473+0000] {logging_mixin.py:188} INFO - [2026-08-26T19:07:00.473+0000] {dag.py:3047} INFO - Sync 1 DAGs
[2026-08-26T19:07:00.496+0000] {logging_mixin.py:188} INFO - [2026-08-26T19:07:00.495+0000] {dag.py:3834} INFO - Setting next_dagrun for example_sensors to None, run_after=None
[2026-08-26T19:07:00.529+0000] {processor.py:183} INFO - Processing /home/airflow/.local/lib/python3.8/site-packages/airflow/example_dags/example_sensors.py took 0.132 seconds
[2026-08-26T19:07:30.632+0000] {processor.py:161} INFO - Started process (PID=8990) to work on /home/airflow/.local/lib/python3.8/site-packages/airflow/example_dags/example_sensors.py
[2026-08-26T19:07:30.634+0000] {processor.py:830} INFO - Processing file /home/airflow/.local/lib/python3.8/site-packages/airflow/example_dags/example_sensors.py for tasks to queue
[2026-08-26T19:07:30.637+0000] {logging_mixin.py:188} INFO - [2026-08-26T19:07:30.636+0000] {dagbag.py:540} INFO - Filling up the DagBag from /home/airflow/.local/lib/python3.8/site-packages/airflow/example_dags/example_sensors.py
[2026-08-26T19:07:30.649+0000] {processor.py:840} INFO - DAG(s) 'example_sensors' retrieved from /home/airflow/.local/lib/python3.8/site-packages/airflow/example_dags/example_sensors.py
[2026-08-26T19:07:30.685+0000] {logging_mixin.py:188} INFO - [2026-08-26T19:07:30.685+0000] {dag.py:3047} INFO - Sync 1 DAGs
[2026-08-26T19:07:30.702+0000] {logging_mixin.py:188} INFO - [2026-08-26T19:07:30.702+0000] {dag.py:3834} INFO - Setting next_dagrun for example_sensors to None, run_after=None
[2026-08-26T19:07:30.726+0000] {processor.py:183} INFO - Processing /home/airflow/.local/lib/python3.8/site-packages/airflow/example_dags/example_sensors.py took 0.098 seconds
[2026-08-26T19:08:00.962+0000] {processor.py:161} INFO - Started process (PID=9047) to work on /home/airflow/.local/lib/python3.8/site-packages/airflow/example_dags/example_sensors.py
[2026-08-26T19:08:00.964+0000] {processor.py:830} INFO - Processing file /home/airflow/.local/lib/python3.8/site-packages/airflow/example_dags/example_sensors.py for tasks to queue
[2026-08-26T19:08:00.969+0000] {logging_mixin.py:188} INFO - [2026-08-26T19:08:00.968+0000] {dagbag.py:540} INFO - Filling up the DagBag from /home/airflow/.local/lib/python3.8/site-packages/airflow/example_dags/example_sensors.py
[2026-08-26T19:08:00.986+0000] {processor.py:840} INFO - DAG(s) 'example_sensors' retrieved from /home/airflow/.local/lib/python3.8/site-packages/airflow/example_dags/example_sensors.py
[2026-08-26T19:08:01.018+0000] {logging_mixin.py:188} INFO - [2026-08-26T19:08:01.018+0000] {dag.py:3047} INFO - Sync 1 DAGs
[2026-08-26T19:08:01.032+0000] {logging_mixin.py:188} INFO - [2026-08-26T19:08:01.032+0000] {dag.py:3834} INFO - Setting next_dagrun for example_sensors to None, run_after=None
[2026-08-26T19:08:01.054+0000] {processor.py:183} INFO - Processing /home/airflow/.local/lib/python3.8/site-packages/airflow/example_dags/example_sensors.py took 0.100 seconds
[2026-08-26T19:08:31.266+0000] {processor.py:161} INFO - Started process (PID=9104) to work on /home/airflow/.local/lib/python3.8/site-packages/airflow/example_dags/example_sensors.py
[2026-08-26T19:08:31.268+0000] {processor.py:830} INFO - Processing file /home/airflow/.local/lib/python3.8/site-packages/airflow/example_dags/example_sensors.py for tasks to queue
[2026-08-26T19:08:31.272+0000] {logging_mixin.py:188} INFO - [2026-08-26T19:08:31.272+0000] {dagbag.py:540} INFO - Filling up the DagBag from /home/airflow/.local/lib/python3.8/site-packages/airflow/example_dags/example_sensors.py
[2026-08-26T19:08:31.289+0000] {processor.py:840} INFO - DAG(s) 'example_sensors' retrieved from /home/airflow/.local/lib/python3.8/site-packages/airflow/example_dags/example_sensors.py
[2026-08-26T19:08:31.340+0000] {logging_mixin.py:188} INFO - [2026-08-26T19:08:31.338+0000] {dag.py:3047} INFO - Sync 1 DAGs
[2026-08-26T19:08:31.375+0000] {logging_mixin.py:188} INFO - [2026-08-26T19:08:31.375+0000] {dag.py:3834} INFO - Setting next_dagrun for example_sensors to None, run_after=None
[2026-08-26T19:08:31.408+0000] {processor.py:183} INFO - Processing /home/airflow/.local/lib/python3.8/site-packages/airflow/example_dags/example_sensors.py took 0.149 seconds
[2026-08-26T19:09:01.874+0000] {processor.py:161} INFO - Started process (PID=9161) to work on /home/airflow/.local/lib/python3.8/site-packages/airflow/example_dags/example_sensors.py
[2026-08-26T19:09:01.876+0000] {processor.py:830} INFO - Processing file /home/airflow/.local/lib/python3.8/site-packages/airflow/example_dags/example_sensors.py for tasks to queue
[2026-08-26T19:09:01.879+0000] {logging_mixin.py:188} INFO - [2026-08-26T19:09:01.879+0000] {dagbag.py:540} INFO - Filling up the DagBag from /home/airflow/.local/lib/python3.8/site-packages/airflow/example_dags/example_sensors.py
[2026-08-26T19:09:01.891+0000] {processor.py:840} INFO - DAG(s) 'example_sensors' retrieved from /home/airflow/.local/lib/python3.8/site-packages/airflow/example_dags/example_sensors.py
[2026-08-26T19:09:01.923+0000] {logging_mixin.py:188} INFO - [2026-08-26T19:09:01.923+0000] {dag.py:3047} INFO - Sync 1 DAGs
[2026-08-26T19:09:01.940+0000] {logging_mixin.py:188} INFO - [2026-08-26T19:09:01.940+0000] {dag.py:3834} INFO - Setting next_dagrun for example_sensors to None, run_after=None
[2026-08-26T19:09:01.963+0000] {processor.py:183} INFO - Processing /home/airflow/.local/lib/python3.8/site-packages/airflow/example_dags/example_sensors.py took 0.095 seconds
