[2026-08-26T00:34:27.297+0000] {processor.py:161} INFO - Started process (PID=69) to work on /home/airflow/.local/lib/python3.8/site-packages/airflow/example_dags/example_bash_operator.py
[2026-08-26T00:34:27.302+0000] {processor.py:830} INFO - Processing file /home/airflow/.local/lib/python3.8/site-packages/airflow/example_dags/example_bash_operator.py for tasks to queue
[2026-08-26T00:34:27.309+0000] {logging_mixin.py:188} INFO - [2026-08-26T00:34:27.307+0000] {dagbag.py:540} INFO - Filling up the DagBag from /home/airflow/.local/lib/python3.8/site-packages/airflow/example_dags/example_bash_operator.py
[2026-08-26T00:34:27.348+0000] {processor.py:840} INFO - DAG(s) 'example_bash_operator' retrieved from /home/airflow/.local/lib/python3.8/site-packages/airflow/example_dags/example_bash_operator.py
[2026-08-26T00:34:27.429+0000] {logging_mixin.py:188} INFO - [2026-08-26T00:34:27.429+0000] {dag.py:3047} INFO - Sync 1 DAGs
[2026-08-26T00:34:27.482+0000] {logging_mixin.py:188} INFO - [2026-08-26T00:34:27.482+0000] {dag.py:3834} INFO - Setting next_dagrun for example_bash_operator to 2026-08-25 00:00:00+00:00, run_after=2026-08-26 00:00:00+00:00
[2026-08-26T00:34:27.531+0000] {processor.py:183} INFO - Processing /home/airflow/.local/lib/python3.8/site-packages/airflow/example_dags/example_bash_operator.py took 0.247 seconds
[2026-08-26T00:34:58.289+0000] {processor.py:161} INFO - Started process (PID=126) to work on /home/airflow/.local/lib/python3.8/site-packages/airflow/example_dags/example_bash_operator.py
[2026-08-26T00:34:58.291+0000] {processor.py:830} INFO - Processing file /home/airflow/.local/lib/python3.8/site-packages/airflow/example_dags/example_bash_operator.py for tasks to queue
[2026-08-26T00:34:58.295+0000] {logging_mixin.py:188} INFO - [2026-08-26T00:34:58.294+0000] {dagbag.py:540} INFO - Filling up the DagBag from /home/airflow/.local/lib/python3.8/site-packages/airflow/example_dags/example_bash_operator.py
[2026-08-26T00:34:58.318+0000] {processor.py:840} INFO - DAG(s) 'example_bash_operator' retrieved from /home/airflow/.local/lib/python3.8/site-packages/airflow/example_dags/example_bash_operator.py
[2026-08-26T00:34:58.333+0000] {logging_mixin.py:188} INFO - [2026-08-26T00:34:58.333+0000] {dag.py:3047} INFO - Sync 1 DAGs
[2026-08-26T00:34:58.375+0000] {logging_mixin.py:188} INFO - [2026-08-26T00:34:58.375+0000] {dag.py:3834} INFO - Setting next_dagrun for example_bash_operator to 2026-08-25 00:00:00+00:00, run_after=2026-08-26 00:00:00+00:00
[2026-08-26T00:34:58.421+0000] {processor.py:183} INFO - Processing /home/airflow/.local/lib/python3.8/site-packages/airflow/example_dags/example_bash_operator.py took 0.138 seconds
[2026-08-26T00:35:29.246+0000] {processor.py:161} INFO - Started process (PID=184) to work on /home/airflow/.local/lib/python3.8/site-packages/airflow/example_dags/example_bash_operator.py
[2026-08-26T00:35:29.247+0000] {processor.py:830} INFO - Processing file /home/airflow/.local/lib/python3.8/site-packages/airflow/example_dags/example_bash_operator.py for tasks to queue
[2026-08-26T00:35:29.250+0000] {logging_mixin.py:188} INFO - [2026-08-26T00:35:29.249+0000] {dagbag.py:540} INFO - Filling up the DagBag from /home/airflow/.local/lib/python3.8/site-packages/airflow/example_dags/example_bash_operator.py
[2026-08-26T00:35:29.267+0000] {processor.py:840} INFO - DAG(s) 'example_bash_operator' retrieved from /home/airflow/.local/lib/python3.8/site-packages/airflow/example_dags/example_bash_operator.py
[2026-08-26T00:35:29.410+0000] {logging_mixin.py:188} INFO - [2026-08-26T00:35:29.409+0000] {dag.py:3047} INFO - Sync 1 DAGs
[2026-08-26T00:35:29.434+0000] {logging_mixin.py:188} INFO - [2026-08-26T00:35:29.434+0000] {dag.py:3834} INFO - Setting next_dagrun for example_bash_operator to 2026-08-25 00:00:00+00:00, run_after=2026-08-26 00:00:00+00:00
[2026-08-26T00:35:29.458+0000] {processor.py:183} INFO - Processing /home/airflow/.local/lib/python3.8/site-packages/airflow/example_dags/example_bash_operator.py took 0.215 seconds
[2026-08-26T00:35:59.758+0000] {processor.py:161} INFO - Started process (PID=240) to work on /home/airflow/.local/lib/python3.8/site-packages/airflow/example_dags/example_bash_operator.py
[2026-08-26T00:35:59.760+0000] {processor.py:830} INFO - Processing file /home/airflow/.local/lib/python3.8/site-packages/airflow/example_dags/example_bash_operator.py for tasks to queue
[2026-08-26T00:35:59.766+0000] {logging_mixin.py:188} INFO - [2026-08-26T00:35:59.764+0000] {dagbag.py:540} INFO - Filling up the DagBag from /home/airflow/.local/lib/python3.8/site-packages/airflow/example_dags/example_bash_operator.py
[2026-08-26T00:35:59.796+0000] {processor.py:840} INFO - DAG(s) 'example_bash_operator' retrieved from /home/airflow/.local/lib/python3.8/site-packages/airflow/example_dags/example_bash_operator.py
[2026-08-26T00:35:59.858+0000] {logging_mixin.py:188} INFO - [2026-08-26T00:35:59.857+0000] {dag.py:3047} INFO - Sync 1 DAGs
[2026-08-26T00:35:59.901+0000] {logging_mixin.py:188} INFO - [2026-08-26T00:35:59.901+0000] {dag.py:3834} INFO - Setting next_dagrun for example_bash_operator to 2026-08-25 00:00:00+00:00, run_after=2026-08-26 00:00:00+00:00
[2026-08-26T00:35:59.929+0000] {processor.py:183} INFO - Processing /home/airflow/.local/lib/python3.8/site-packages/airflow/example_dags/example_bash_operator.py took 0.187 seconds
[2026-08-26T00:36:30.107+0000] {processor.py:161} INFO - Started process (PID=296) to work on /home/airflow/.local/lib/python3.8/site-packages/airflow/example_dags/example_bash_operator.py
[2026-08-26T00:36:30.108+0000] {processor.py:830} INFO - Processing file /home/airflow/.local/lib/python3.8/site-packages/airflow/example_dags/example_bash_operator.py for tasks to queue
[2026-08-26T00:36:30.111+0000] {logging_mixin.py:188} INFO - [2026-08-26T00:36:30.111+0000] {dagbag.py:540} INFO - Filling up the DagBag from /home/airflow/.local/lib/python3.8/site-packages/airflow/example_dags/example_bash_operator.py
[2026-08-26T00:36:30.125+0000] {processor.py:840} INFO - DAG(s) 'example_bash_operator' retrieved from /home/airflow/.local/lib/python3.8/site-packages/airflow/example_dags/example_bash_operator.py
[2026-08-26T00:36:30.155+0000] {logging_mixin.py:188} INFO - [2026-08-26T00:36:30.155+0000] {dag.py:3047} INFO - Sync 1 DAGs
[2026-08-26T00:36:30.179+0000] {logging_mixin.py:188} INFO - [2026-08-26T00:36:30.179+0000] {dag.py:3834} INFO - Setting next_dagrun for example_bash_operator to 2026-08-25 00:00:00+00:00, run_after=2026-08-26 00:00:00+00:00
[2026-08-26T00:36:30.201+0000] {processor.py:183} INFO - Processing /home/airflow/.local/lib/python3.8/site-packages/airflow/example_dags/example_bash_operator.py took 0.098 seconds
[2026-08-26T00:37:00.524+0000] {processor.py:161} INFO - Started process (PID=353) to work on /home/airflow/.local/lib/python3.8/site-packages/airflow/example_dags/example_bash_operator.py
[2026-08-26T00:37:00.529+0000] {processor.py:830} INFO - Processing file /home/airflow/.local/lib/python3.8/site-packages/airflow/example_dags/example_bash_operator.py for tasks to queue
[2026-08-26T00:37:00.533+0000] {logging_mixin.py:188} INFO - [2026-08-26T00:37:00.533+0000] {dagbag.py:540} INFO - Filling up the DagBag from /home/airflow/.local/lib/python3.8/site-packages/airflow/example_dags/example_bash_operator.py
[2026-08-26T00:37:00.560+0000] {processor.py:840} INFO - DAG(s) 'example_bash_operator' retrieved from /home/airflow/.local/lib/python3.8/site-packages/airflow/example_dags/example_bash_operator.py
[2026-08-26T00:37:00.628+0000] {logging_mixin.py:188} INFO - [2026-08-26T00:37:00.628+0000] {dag.py:3047} INFO - Sync 1 DAGs
[2026-08-26T00:37:00.679+0000] {logging_mixin.py:188} INFO - [2026-08-26T00:37:00.679+0000] {dag.py:3834} INFO - Setting next_dagrun for example_bash_operator to 2026-08-25 00:00:00+00:00, run_after=2026-08-26 00:00:00+00:00
[2026-08-26T00:37:00.710+0000] {processor.py:183} INFO - Processing /home/airflow/.local/lib/python3.8/site-packages/airflow/example_dags/example_bash_operator.py took 0.194 seconds
[2026-08-26T00:37:31.713+0000] {processor.py:161} INFO - Started process (PID=416) to work on /home/airflow/.local/lib/python3.8/site-packages/airflow/example_dags/example_bash_operator.py
[2026-08-26T00:37:31.716+0000] {processor.py:830} INFO - Processing file /home/airflow/.local/lib/python3.8/site-packages/airflow/example_dags/example_bash_operator.py for tasks to queue
[2026-08-26T00:37:31.720+0000] {logging_mixin.py:188} INFO - [2026-08-26T00:37:31.720+0000] {dagbag.py:540} INFO - Filling up the DagBag from /home/airflow/.local/lib/python3.8/site-packages/airflow/example_dags/example_bash_operator.py
[2026-08-26T00:37:31.744+0000] {processor.py:840} INFO - DAG(s) 'example_bash_operator' retrieved from /home/airflow/.local/lib/python3.8/site-packages/airflow/example_dags/example_bash_operator.py
[2026-08-26T00:37:31.787+0000] {logging_mixin.py:188} INFO - [2026-08-26T00:37:31.787+0000] {dag.py:3047} INFO - Sync 1 DAGs
[2026-08-26T00:37:31.837+0000] {logging_mixin.py:188} INFO - [2026-08-26T00:37:31.836+0000] {dag.py:3834} INFO - Setting next_dagrun for example_bash_operator to 2026-08-25 00:00:00+00:00, run_after=2026-08-26 00:00:00+00:00
[2026-08-26T00:37:31.902+0000] {processor.py:183} INFO - Processing /home/airflow/.local/lib/python3.8/site-packages/airflow/example_dags/example_bash_operator.py took 0.198 seconds
[2026-08-26T00:38:02.255+0000] {processor.py:161} INFO - Started process (PID=477) to work on /home/airflow/.local/lib/python3.8/site-packages/airflow/example_dags/example_bash_operator.py
[2026-08-26T00:38:02.257+0000] {processor.py:830} INFO - Processing file /home/airflow/.local/lib/python3.8/site-packages/airflow/example_dags/example_bash_operator.py for tasks to queue
[2026-08-26T00:38:02.261+0000] {logging_mixin.py:188} INFO - [2026-08-26T00:38:02.261+0000] {dagbag.py:540} INFO - Filling up the DagBag from /home/airflow/.local/lib/python3.8/site-packages/airflow/example_dags/example_bash_operator.py
[2026-08-26T00:38:02.278+0000] {processor.py:840} INFO - DAG(s) 'example_bash_operator' retrieved from /home/airflow/.local/lib/python3.8/site-packages/airflow/example_dags/example_bash_operator.py
[2026-08-26T00:38:02.324+0000] {logging_mixin.py:188} INFO - [2026-08-26T00:38:02.324+0000] {dag.py:3047} INFO - Sync 1 DAGs
[2026-08-26T00:38:02.365+0000] {logging_mixin.py:188} INFO - [2026-08-26T00:38:02.364+0000] {dag.py:3834} INFO - Setting next_dagrun for example_bash_operator to 2026-08-25 00:00:00+00:00, run_after=2026-08-26 00:00:00+00:00
[2026-08-26T00:38:02.390+0000] {processor.py:183} INFO - Processing /home/airflow/.local/lib/python3.8/site-packages/airflow/example_dags/example_bash_operator.py took 0.143 seconds
[2026-08-26T00:38:32.556+0000] {processor.py:161} INFO - Started process (PID=534) to work on /home/airflow/.local/lib/python3.8/site-packages/airflow/example_dags/example_bash_operator.py
[2026-08-26T00:38:32.558+0000] {processor.py:830} INFO - Processing file /home/airflow/.local/lib/python3.8/site-packages/airflow/example_dags/example_bash_operator.py for tasks to queue
[2026-08-26T00:38:32.561+0000] {logging_mixin.py:188} INFO - [2026-08-26T00:38:32.560+0000] {dagbag.py:540} INFO - Filling up the DagBag from /home/airflow/.local/lib/python3.8/site-packages/airflow/example_dags/example_bash_operator.py
[2026-08-26T00:38:32.578+0000] {processor.py:840} INFO - DAG(s) 'example_bash_operator' retrieved from /home/airflow/.local/lib/python3.8/site-packages/airflow/example_dags/example_bash_operator.py
[2026-08-26T00:38:32.613+0000] {logging_mixin.py:188} INFO - [2026-08-26T00:38:32.613+0000] {dag.py:3047} INFO - Sync 1 DAGs
[2026-08-26T00:38:32.643+0000] {logging_mixin.py:188} INFO - [2026-08-26T00:38:32.643+0000] {dag.py:3834} INFO - Setting next_dagrun for example_bash_operator to 2026-08-25 00:00:00+00:00, run_after=2026-08-26 00:00:00+00:00
[2026-08-26T00:38:32.667+0000] {processor.py:183} INFO - Processing /home/airflow/.local/lib/python3.8/site-packages/airflow/example_dags/example_bash_operator.py took 0.118 seconds
[2026-08-26T00:39:02.982+0000] {processor.py:161} INFO - Started process (PID=591) to work on /home/airflow/.local/lib/python3.8/site-packages/airflow/example_dags/example_bash_operator.py
[2026-08-26T00:39:02.985+0000] {processor.py:830} INFO - Processing file /home/airflow/.local/lib/python3.8/site-packages/airflow/example_dags/example_bash_operator.py for tasks to queue
[2026-08-26T00:39:02.990+0000] {logging_mixin.py:188} INFO - [2026-08-26T00:39:02.990+0000] {dagbag.py:540} INFO - Filling up the DagBag from /home/airflow/.local/lib/python3.8/site-packages/airflow/example_dags/example_bash_operator.py
[2026-08-26T00:39:03.010+0000] {processor.py:840} INFO - DAG(s) 'example_bash_operator' retrieved from /home/airflow/.local/lib/python3.8/site-packages/airflow/example_dags/example_bash_operator.py
[2026-08-26T00:39:03.057+0000] {logging_mixin.py:188} INFO - [2026-08-26T00:39:03.056+0000] {dag.py:3047} INFO - Sync 1 DAGs
[2026-08-26T00:39:03.091+0000] {logging_mixin.py:188} INFO - [2026-08-26T00:39:03.091+0000] {dag.py:3834} INFO - Setting next_dagrun for example_bash_operator to 2026-08-25 00:00:00+00:00, run_after=2026-08-26 00:00:00+00:00
[2026-08-26T00:39:03.118+0000] {processor.py:183} INFO - Processing /home/airflow/.local/lib/python3.8/site-packages/airflow/example_dags/example_bash_operator.py took 0.143 seconds
[2026-08-26T00:39:33.321+0000] {processor.py:161} INFO - Started process (PID=647) to work on /home/airflow/.local/lib/python3.8/site-packages/airflow/example_dags/example_bash_operator.py
[2026-08-26T00:39:33.323+0000] {processor.py:830} INFO - Processing file /home/airflow/.local/lib/python3.8/site-packages/airflow/example_dags/example_bash_operator.py for tasks to queue
[2026-08-26T00:39:33.327+0000] {logging_mixin.py:188} INFO - [2026-08-26T00:39:33.326+0000] {dagbag.py:540} INFO - Filling up the DagBag from /home/airflow/.local/lib/python3.8/site-packages/airflow/example_dags/example_bash_operator.py
[2026-08-26T00:39:33.345+0000] {processor.py:840} INFO - DAG(s) 'example_bash_operator' retrieved from /home/airflow/.local/lib/python3.8/site-packages/airflow/example_dags/example_bash_operator.py
[2026-08-26T00:39:33.390+0000] {logging_mixin.py:188} INFO - [2026-08-26T00:39:33.390+0000] {dag.py:3047} INFO - Sync 1 DAGs
[2026-08-26T00:39:33.422+0000] {logging_mixin.py:188} INFO - [2026-08-26T00:39:33.421+0000] {dag.py:3834} INFO - Setting next_dagrun for example_bash_operator to 2026-08-25 00:00:00+00:00, run_after=2026-08-26 00:00:00+00:00
[2026-08-26T00:39:33.443+0000] {processor.py:183} INFO - Processing /home/airflow/.local/lib/python3.8/site-packages/airflow/example_dags/example_bash_operator.py took 0.129 seconds
[2026-08-26T00:40:03.561+0000] {processor.py:161} INFO - Started process (PID=704) to work on /home/airflow/.local/lib/python3.8/site-packages/airflow/example_dags/example_bash_operator.py
[2026-08-26T00:40:03.563+0000] {processor.py:830} INFO - Processing file /home/airflow/.local/lib/python3.8/site-packages/airflow/example_dags/example_bash_operator.py for tasks to queue
[2026-08-26T00:40:03.567+0000] {logging_mixin.py:188} INFO - [2026-08-26T00:40:03.566+0000] {dagbag.py:540} INFO - Filling up the DagBag from /home/airflow/.local/lib/python3.8/site-packages/airflow/example_dags/example_bash_operator.py
[2026-08-26T00:40:03.589+0000] {processor.py:840} INFO - DAG(s) 'example_bash_operator' retrieved from /home/airflow/.local/lib/python3.8/site-packages/airflow/example_dags/example_bash_operator.py
[2026-08-26T00:40:03.635+0000] {logging_mixin.py:188} INFO - [2026-08-26T00:40:03.634+0000] {dag.py:3047} INFO - Sync 1 DAGs
[2026-08-26T00:40:03.669+0000] {logging_mixin.py:188} INFO - [2026-08-26T00:40:03.669+0000] {dag.py:3834} INFO - Setting next_dagrun for example_bash_operator to 2026-08-25 00:00:00+00:00, run_after=2026-08-26 00:00:00+00:00
[2026-08-26T00:40:03.824+0000] {processor.py:183} INFO - Processing /home/airflow/.local/lib/python3.8/site-packages/airflow/example_dags/example_bash_operator.py took 0.269 seconds
[2026-08-26T00:40:34.150+0000] {processor.py:161} INFO - Started process (PID=762) to work on /home/airflow/.local/lib/python3.8/site-packages/airflow/example_dags/example_bash_operator.py
[2026-08-26T00:40:34.154+0000] {processor.py:830} INFO - Processing file /home/airflow/.local/lib/python3.8/site-packages/airflow/example_dags/example_bash_operator.py for tasks to queue
[2026-08-26T00:40:34.162+0000] {logging_mixin.py:188} INFO - [2026-08-26T00:40:34.161+0000] {dagbag.py:540} INFO - Filling up the DagBag from /home/airflow/.local/lib/python3.8/site-packages/airflow/example_dags/example_bash_operator.py
[2026-08-26T00:40:34.187+0000] {processor.py:840} INFO - DAG(s) 'example_bash_operator' retrieved from /home/airflow/.local/lib/python3.8/site-packages/airflow/example_dags/example_bash_operator.py
[2026-08-26T00:40:34.256+0000] {logging_mixin.py:188} INFO - [2026-08-26T00:40:34.247+0000] {dag.py:3047} INFO - Sync 1 DAGs
[2026-08-26T00:40:34.319+0000] {logging_mixin.py:188} INFO - [2026-08-26T00:40:34.318+0000] {dag.py:3834} INFO - Setting next_dagrun for example_bash_operator to 2026-08-25 00:00:00+00:00, run_after=2026-08-26 00:00:00+00:00
[2026-08-26T00:40:34.372+0000] {processor.py:183} INFO - Processing /home/airflow/.local/lib/python3.8/site-packages/airflow/example_dags/example_bash_operator.py took 0.228 seconds
[2026-08-26T00:41:04.456+0000] {processor.py:161} INFO - Started process (PID=819) to work on /home/airflow/.local/lib/python3.8/site-packages/airflow/example_dags/example_bash_operator.py
[2026-08-26T00:41:04.487+0000] {processor.py:830} INFO - Processing file /home/airflow/.local/lib/python3.8/site-packages/airflow/example_dags/example_bash_operator.py for tasks to queue
[2026-08-26T00:41:04.491+0000] {logging_mixin.py:188} INFO - [2026-08-26T00:41:04.490+0000] {dagbag.py:540} INFO - Filling up the DagBag from /home/airflow/.local/lib/python3.8/site-packages/airflow/example_dags/example_bash_operator.py
[2026-08-26T00:41:04.516+0000] {processor.py:840} INFO - DAG(s) 'example_bash_operator' retrieved from /home/airflow/.local/lib/python3.8/site-packages/airflow/example_dags/example_bash_operator.py
[2026-08-26T00:41:04.563+0000] {logging_mixin.py:188} INFO - [2026-08-26T00:41:04.563+0000] {dag.py:3047} INFO - Sync 1 DAGs
[2026-08-26T00:41:04.596+0000] {logging_mixin.py:188} INFO - [2026-08-26T00:41:04.595+0000] {dag.py:3834} INFO - Setting next_dagrun for example_bash_operator to 2026-08-25 00:00:00+00:00, run_after=2026-08-26 00:00:00+00:00
[2026-08-26T00:41:04.628+0000] {processor.py:183} INFO - Processing /home/airflow/.local/lib/python3.8/site-packages/airflow/example_dags/example_bash_operator.py took 0.178 seconds
[2026-08-26T00:41:34.798+0000] {processor.py:161} INFO - Started process (PID=876) to work on /home/airflow/.local/lib/python3.8/site-packages/airflow/example_dags/example_bash_operator.py
[2026-08-26T00:41:34.800+0000] {processor.py:830} INFO - Processing file /home/airflow/.local/lib/python3.8/site-packages/airflow/example_dags/example_bash_operator.py for tasks to queue
[2026-08-26T00:41:34.803+0000] {logging_mixin.py:188} INFO - [2026-08-26T00:41:34.803+0000] {dagbag.py:540} INFO - Filling up the DagBag from /home/airflow/.local/lib/python3.8/site-packages/airflow/example_dags/example_bash_operator.py
[2026-08-26T00:41:34.830+0000] {processor.py:840} INFO - DAG(s) 'example_bash_operator' retrieved from /home/airflow/.local/lib/python3.8/site-packages/airflow/example_dags/example_bash_operator.py
[2026-08-26T00:41:34.889+0000] {logging_mixin.py:188} INFO - [2026-08-26T00:41:34.889+0000] {dag.py:3047} INFO - Sync 1 DAGs
[2026-08-26T00:41:34.923+0000] {logging_mixin.py:188} INFO - [2026-08-26T00:41:34.923+0000] {dag.py:3834} INFO - Setting next_dagrun for example_bash_operator to 2026-08-25 00:00:00+00:00, run_after=2026-08-26 00:00:00+00:00
[2026-08-26T00:41:34.953+0000] {processor.py:183} INFO - Processing /home/airflow/.local/lib/python3.8/site-packages/airflow/example_dags/example_bash_operator.py took 0.163 seconds
[2026-08-26T00:42:05.652+0000] {processor.py:161} INFO - Started process (PID=933) to work on /home/airflow/.local/lib/python3.8/site-packages/airflow/example_dags/example_bash_operator.py
[2026-08-26T00:42:05.655+0000] {processor.py:830} INFO - Processing file /home/airflow/.local/lib/python3.8/site-packages/airflow/example_dags/example_bash_operator.py for tasks to queue
[2026-08-26T00:42:05.659+0000] {logging_mixin.py:188} INFO - [2026-08-26T00:42:05.658+0000] {dagbag.py:540} INFO - Filling up the DagBag from /home/airflow/.local/lib/python3.8/site-packages/airflow/example_dags/example_bash_operator.py
[2026-08-26T00:42:05.683+0000] {processor.py:840} INFO - DAG(s) 'example_bash_operator' retrieved from /home/airflow/.local/lib/python3.8/site-packages/airflow/example_dags/example_bash_operator.py
[2026-08-26T00:42:05.732+0000] {logging_mixin.py:188} INFO - [2026-08-26T00:42:05.732+0000] {dag.py:3047} INFO - Sync 1 DAGs
[2026-08-26T00:42:05.779+0000] {logging_mixin.py:188} INFO - [2026-08-26T00:42:05.779+0000] {dag.py:3834} INFO - Setting next_dagrun for example_bash_operator to 2026-08-25 00:00:00+00:00, run_after=2026-08-26 00:00:00+00:00
[2026-08-26T00:42:05.815+0000] {processor.py:183} INFO - Processing /home/airflow/.local/lib/python3.8/site-packages/airflow/example_dags/example_bash_operator.py took 0.171 seconds
[2026-08-26T00:42:35.930+0000] {processor.py:161} INFO - Started process (PID=990) to work on /home/airflow/.local/lib/python3.8/site-packages/airflow/example_dags/example_bash_operator.py
[2026-08-26T00:42:35.932+0000] {processor.py:830} INFO - Processing file /home/airflow/.local/lib/python3.8/site-packages/airflow/example_dags/example_bash_operator.py for tasks to queue
[2026-08-26T00:42:35.935+0000] {logging_mixin.py:188} INFO - [2026-08-26T00:42:35.934+0000] {dagbag.py:540} INFO - Filling up the DagBag from /home/airflow/.local/lib/python3.8/site-packages/airflow/example_dags/example_bash_operator.py
[2026-08-26T00:42:35.948+0000] {processor.py:840} INFO - DAG(s) 'example_bash_operator' retrieved from /home/airflow/.local/lib/python3.8/site-packages/airflow/example_dags/example_bash_operator.py
[2026-08-26T00:42:35.983+0000] {logging_mixin.py:188} INFO - [2026-08-26T00:42:35.983+0000] {dag.py:3047} INFO - Sync 1 DAGs
[2026-08-26T00:42:36.009+0000] {logging_mixin.py:188} INFO - [2026-08-26T00:42:36.008+0000] {dag.py:3834} INFO - Setting next_dagrun for example_bash_operator to 2026-08-25 00:00:00+00:00, run_after=2026-08-26 00:00:00+00:00
[2026-08-26T00:42:36.032+0000] {processor.py:183} INFO - Processing /home/airflow/.local/lib/python3.8/site-packages/airflow/example_dags/example_bash_operator.py took 0.106 seconds
[2026-08-26T00:43:06.173+0000] {processor.py:161} INFO - Started process (PID=1047) to work on /home/airflow/.local/lib/python3.8/site-packages/airflow/example_dags/example_bash_operator.py
[2026-08-26T00:43:06.175+0000] {processor.py:830} INFO - Processing file /home/airflow/.local/lib/python3.8/site-packages/airflow/example_dags/example_bash_operator.py for tasks to queue
[2026-08-26T00:43:06.177+0000] {logging_mixin.py:188} INFO - [2026-08-26T00:43:06.177+0000] {dagbag.py:540} INFO - Filling up the DagBag from /home/airflow/.local/lib/python3.8/site-packages/airflow/example_dags/example_bash_operator.py
[2026-08-26T00:43:06.190+0000] {processor.py:840} INFO - DAG(s) 'example_bash_operator' retrieved from /home/airflow/.local/lib/python3.8/site-packages/airflow/example_dags/example_bash_operator.py
[2026-08-26T00:43:06.225+0000] {logging_mixin.py:188} INFO - [2026-08-26T00:43:06.225+0000] {dag.py:3047} INFO - Sync 1 DAGs
[2026-08-26T00:43:06.252+0000] {logging_mixin.py:188} INFO - [2026-08-26T00:43:06.251+0000] {dag.py:3834} INFO - Setting next_dagrun for example_bash_operator to 2026-08-25 00:00:00+00:00, run_after=2026-08-26 00:00:00+00:00
[2026-08-26T00:43:06.273+0000] {processor.py:183} INFO - Processing /home/airflow/.local/lib/python3.8/site-packages/airflow/example_dags/example_bash_operator.py took 0.104 seconds
[2026-08-26T00:44:26.528+0000] {processor.py:161} INFO - Started process (PID=65) to work on /home/airflow/.local/lib/python3.8/site-packages/airflow/example_dags/example_bash_operator.py
[2026-08-26T00:44:26.536+0000] {processor.py:830} INFO - Processing file /home/airflow/.local/lib/python3.8/site-packages/airflow/example_dags/example_bash_operator.py for tasks to queue
[2026-08-26T00:44:26.541+0000] {logging_mixin.py:188} INFO - [2026-08-26T00:44:26.540+0000] {dagbag.py:540} INFO - Filling up the DagBag from /home/airflow/.local/lib/python3.8/site-packages/airflow/example_dags/example_bash_operator.py
[2026-08-26T00:44:26.593+0000] {processor.py:840} INFO - DAG(s) 'example_bash_operator' retrieved from /home/airflow/.local/lib/python3.8/site-packages/airflow/example_dags/example_bash_operator.py
[2026-08-26T00:44:26.624+0000] {logging_mixin.py:188} INFO - [2026-08-26T00:44:26.624+0000] {dag.py:3047} INFO - Sync 1 DAGs
[2026-08-26T00:44:26.689+0000] {logging_mixin.py:188} INFO - [2026-08-26T00:44:26.689+0000] {dag.py:3834} INFO - Setting next_dagrun for example_bash_operator to 2026-08-25 00:00:00+00:00, run_after=2026-08-26 00:00:00+00:00
[2026-08-26T00:44:26.749+0000] {processor.py:183} INFO - Processing /home/airflow/.local/lib/python3.8/site-packages/airflow/example_dags/example_bash_operator.py took 0.229 seconds
[2026-08-26T00:44:56.914+0000] {processor.py:161} INFO - Started process (PID=121) to work on /home/airflow/.local/lib/python3.8/site-packages/airflow/example_dags/example_bash_operator.py
[2026-08-26T00:44:56.916+0000] {processor.py:830} INFO - Processing file /home/airflow/.local/lib/python3.8/site-packages/airflow/example_dags/example_bash_operator.py for tasks to queue
[2026-08-26T00:44:56.918+0000] {logging_mixin.py:188} INFO - [2026-08-26T00:44:56.918+0000] {dagbag.py:540} INFO - Filling up the DagBag from /home/airflow/.local/lib/python3.8/site-packages/airflow/example_dags/example_bash_operator.py
[2026-08-26T00:44:56.932+0000] {processor.py:840} INFO - DAG(s) 'example_bash_operator' retrieved from /home/airflow/.local/lib/python3.8/site-packages/airflow/example_dags/example_bash_operator.py
[2026-08-26T00:44:57.056+0000] {logging_mixin.py:188} INFO - [2026-08-26T00:44:57.056+0000] {dag.py:3047} INFO - Sync 1 DAGs
[2026-08-26T00:44:57.081+0000] {logging_mixin.py:188} INFO - [2026-08-26T00:44:57.080+0000] {dag.py:3834} INFO - Setting next_dagrun for example_bash_operator to 2026-08-25 00:00:00+00:00, run_after=2026-08-26 00:00:00+00:00
[2026-08-26T00:44:57.150+0000] {processor.py:183} INFO - Processing /home/airflow/.local/lib/python3.8/site-packages/airflow/example_dags/example_bash_operator.py took 0.239 seconds
[2026-08-26T00:45:27.302+0000] {processor.py:161} INFO - Started process (PID=179) to work on /home/airflow/.local/lib/python3.8/site-packages/airflow/example_dags/example_bash_operator.py
[2026-08-26T00:45:27.304+0000] {processor.py:830} INFO - Processing file /home/airflow/.local/lib/python3.8/site-packages/airflow/example_dags/example_bash_operator.py for tasks to queue
[2026-08-26T00:45:27.307+0000] {logging_mixin.py:188} INFO - [2026-08-26T00:45:27.306+0000] {dagbag.py:540} INFO - Filling up the DagBag from /home/airflow/.local/lib/python3.8/site-packages/airflow/example_dags/example_bash_operator.py
[2026-08-26T00:45:27.320+0000] {processor.py:840} INFO - DAG(s) 'example_bash_operator' retrieved from /home/airflow/.local/lib/python3.8/site-packages/airflow/example_dags/example_bash_operator.py
[2026-08-26T00:45:27.354+0000] {logging_mixin.py:188} INFO - [2026-08-26T00:45:27.354+0000] {dag.py:3047} INFO - Sync 1 DAGs
[2026-08-26T00:45:27.381+0000] {logging_mixin.py:188} INFO - [2026-08-26T00:45:27.381+0000] {dag.py:3834} INFO - Setting next_dagrun for example_bash_operator to 2026-08-25 00:00:00+00:00, run_after=2026-08-26 00:00:00+00:00
[2026-08-26T00:45:27.496+0000] {processor.py:183} INFO - Processing /home/airflow/.local/lib/python3.8/site-packages/airflow/example_dags/example_bash_operator.py took 0.198 seconds
[2026-08-26T00:45:57.642+0000] {processor.py:161} INFO - Started process (PID=236) to work on /home/airflow/.local/lib/python3.8/site-packages/airflow/example_dags/example_bash_operator.py
[2026-08-26T00:45:57.644+0000] {processor.py:830} INFO - Processing file /home/airflow/.local/lib/python3.8/site-packages/airflow/example_dags/example_bash_operator.py for tasks to queue
[2026-08-26T00:45:57.646+0000] {logging_mixin.py:188} INFO - [2026-08-26T00:45:57.646+0000] {dagbag.py:540} INFO - Filling up the DagBag from /home/airflow/.local/lib/python3.8/site-packages/airflow/example_dags/example_bash_operator.py
[2026-08-26T00:45:57.662+0000] {processor.py:840} INFO - DAG(s) 'example_bash_operator' retrieved from /home/airflow/.local/lib/python3.8/site-packages/airflow/example_dags/example_bash_operator.py
[2026-08-26T00:45:57.700+0000] {logging_mixin.py:188} INFO - [2026-08-26T00:45:57.700+0000] {dag.py:3047} INFO - Sync 1 DAGs
[2026-08-26T00:45:57.729+0000] {logging_mixin.py:188} INFO - [2026-08-26T00:45:57.729+0000] {dag.py:3834} INFO - Setting next_dagrun for example_bash_operator to 2026-08-25 00:00:00+00:00, run_after=2026-08-26 00:00:00+00:00
[2026-08-26T00:45:57.811+0000] {processor.py:183} INFO - Processing /home/airflow/.local/lib/python3.8/site-packages/airflow/example_dags/example_bash_operator.py took 0.172 seconds
[2026-08-26T00:46:28.358+0000] {processor.py:161} INFO - Started process (PID=293) to work on /home/airflow/.local/lib/python3.8/site-packages/airflow/example_dags/example_bash_operator.py
[2026-08-26T00:46:28.360+0000] {processor.py:830} INFO - Processing file /home/airflow/.local/lib/python3.8/site-packages/airflow/example_dags/example_bash_operator.py for tasks to queue
[2026-08-26T00:46:28.362+0000] {logging_mixin.py:188} INFO - [2026-08-26T00:46:28.362+0000] {dagbag.py:540} INFO - Filling up the DagBag from /home/airflow/.local/lib/python3.8/site-packages/airflow/example_dags/example_bash_operator.py
[2026-08-26T00:46:28.375+0000] {processor.py:840} INFO - DAG(s) 'example_bash_operator' retrieved from /home/airflow/.local/lib/python3.8/site-packages/airflow/example_dags/example_bash_operator.py
[2026-08-26T00:46:28.406+0000] {logging_mixin.py:188} INFO - [2026-08-26T00:46:28.406+0000] {dag.py:3047} INFO - Sync 1 DAGs
[2026-08-26T00:46:28.429+0000] {logging_mixin.py:188} INFO - [2026-08-26T00:46:28.429+0000] {dag.py:3834} INFO - Setting next_dagrun for example_bash_operator to 2026-08-25 00:00:00+00:00, run_after=2026-08-26 00:00:00+00:00
[2026-08-26T00:46:28.631+0000] {processor.py:183} INFO - Processing /home/airflow/.local/lib/python3.8/site-packages/airflow/example_dags/example_bash_operator.py took 0.276 seconds
[2026-08-26T00:47:20.640+0000] {processor.py:161} INFO - Started process (PID=352) to work on /home/airflow/.local/lib/python3.8/site-packages/airflow/example_dags/example_bash_operator.py
[2026-08-26T00:47:20.641+0000] {processor.py:830} INFO - Processing file /home/airflow/.local/lib/python3.8/site-packages/airflow/example_dags/example_bash_operator.py for tasks to queue
[2026-08-26T00:47:20.645+0000] {logging_mixin.py:188} INFO - [2026-08-26T00:47:20.644+0000] {dagbag.py:540} INFO - Filling up the DagBag from /home/airflow/.local/lib/python3.8/site-packages/airflow/example_dags/example_bash_operator.py
[2026-08-26T00:47:20.658+0000] {processor.py:840} INFO - DAG(s) 'example_bash_operator' retrieved from /home/airflow/.local/lib/python3.8/site-packages/airflow/example_dags/example_bash_operator.py
[2026-08-26T00:47:20.698+0000] {logging_mixin.py:188} INFO - [2026-08-26T00:47:20.697+0000] {dag.py:3047} INFO - Sync 1 DAGs
[2026-08-26T00:47:20.722+0000] {logging_mixin.py:188} INFO - [2026-08-26T00:47:20.721+0000] {dag.py:3834} INFO - Setting next_dagrun for example_bash_operator to 2026-08-25 00:00:00+00:00, run_after=2026-08-26 00:00:00+00:00
[2026-08-26T00:47:20.742+0000] {processor.py:183} INFO - Processing /home/airflow/.local/lib/python3.8/site-packages/airflow/example_dags/example_bash_operator.py took 0.109 seconds
[2026-08-26T00:47:51.729+0000] {processor.py:161} INFO - Started process (PID=409) to work on /home/airflow/.local/lib/python3.8/site-packages/airflow/example_dags/example_bash_operator.py
[2026-08-26T00:47:51.731+0000] {processor.py:830} INFO - Processing file /home/airflow/.local/lib/python3.8/site-packages/airflow/example_dags/example_bash_operator.py for tasks to queue
[2026-08-26T00:47:51.734+0000] {logging_mixin.py:188} INFO - [2026-08-26T00:47:51.733+0000] {dagbag.py:540} INFO - Filling up the DagBag from /home/airflow/.local/lib/python3.8/site-packages/airflow/example_dags/example_bash_operator.py
[2026-08-26T00:47:51.747+0000] {processor.py:840} INFO - DAG(s) 'example_bash_operator' retrieved from /home/airflow/.local/lib/python3.8/site-packages/airflow/example_dags/example_bash_operator.py
[2026-08-26T00:47:51.778+0000] {logging_mixin.py:188} INFO - [2026-08-26T00:47:51.778+0000] {dag.py:3047} INFO - Sync 1 DAGs
[2026-08-26T00:47:51.803+0000] {logging_mixin.py:188} INFO - [2026-08-26T00:47:51.803+0000] {dag.py:3834} INFO - Setting next_dagrun for example_bash_operator to 2026-08-25 00:00:00+00:00, run_after=2026-08-26 00:00:00+00:00
[2026-08-26T00:47:51.848+0000] {processor.py:183} INFO - Processing /home/airflow/.local/lib/python3.8/site-packages/airflow/example_dags/example_bash_operator.py took 0.123 seconds
[2026-08-26T00:48:22.017+0000] {processor.py:161} INFO - Started process (PID=467) to work on /home/airflow/.local/lib/python3.8/site-packages/airflow/example_dags/example_bash_operator.py
[2026-08-26T00:48:22.019+0000] {processor.py:830} INFO - Processing file /home/airflow/.local/lib/python3.8/site-packages/airflow/example_dags/example_bash_operator.py for tasks to queue
[2026-08-26T00:48:22.021+0000] {logging_mixin.py:188} INFO - [2026-08-26T00:48:22.021+0000] {dagbag.py:540} INFO - Filling up the DagBag from /home/airflow/.local/lib/python3.8/site-packages/airflow/example_dags/example_bash_operator.py
[2026-08-26T00:48:22.037+0000] {processor.py:840} INFO - DAG(s) 'example_bash_operator' retrieved from /home/airflow/.local/lib/python3.8/site-packages/airflow/example_dags/example_bash_operator.py
[2026-08-26T00:48:22.075+0000] {logging_mixin.py:188} INFO - [2026-08-26T00:48:22.075+0000] {dag.py:3047} INFO - Sync 1 DAGs
[2026-08-26T00:48:22.106+0000] {logging_mixin.py:188} INFO - [2026-08-26T00:48:22.106+0000] {dag.py:3834} INFO - Setting next_dagrun for example_bash_operator to 2026-08-25 00:00:00+00:00, run_after=2026-08-26 00:00:00+00:00
[2026-08-26T00:48:22.152+0000] {processor.py:183} INFO - Processing /home/airflow/.local/lib/python3.8/site-packages/airflow/example_dags/example_bash_operator.py took 0.140 seconds
[2026-08-26T00:48:52.300+0000] {processor.py:161} INFO - Started process (PID=522) to work on /home/airflow/.local/lib/python3.8/site-packages/airflow/example_dags/example_bash_operator.py
[2026-08-26T00:48:52.302+0000] {processor.py:830} INFO - Processing file /home/airflow/.local/lib/python3.8/site-packages/airflow/example_dags/example_bash_operator.py for tasks to queue
[2026-08-26T00:48:52.307+0000] {logging_mixin.py:188} INFO - [2026-08-26T00:48:52.306+0000] {dagbag.py:540} INFO - Filling up the DagBag from /home/airflow/.local/lib/python3.8/site-packages/airflow/example_dags/example_bash_operator.py
[2026-08-26T00:48:52.323+0000] {processor.py:840} INFO - DAG(s) 'example_bash_operator' retrieved from /home/airflow/.local/lib/python3.8/site-packages/airflow/example_dags/example_bash_operator.py
[2026-08-26T00:48:52.356+0000] {logging_mixin.py:188} INFO - [2026-08-26T00:48:52.356+0000] {dag.py:3047} INFO - Sync 1 DAGs
[2026-08-26T00:48:52.385+0000] {logging_mixin.py:188} INFO - [2026-08-26T00:48:52.385+0000] {dag.py:3834} INFO - Setting next_dagrun for example_bash_operator to 2026-08-25 00:00:00+00:00, run_after=2026-08-26 00:00:00+00:00
[2026-08-26T00:48:52.450+0000] {processor.py:183} INFO - Processing /home/airflow/.local/lib/python3.8/site-packages/airflow/example_dags/example_bash_operator.py took 0.156 seconds
[2026-08-26T00:49:22.840+0000] {processor.py:161} INFO - Started process (PID=579) to work on /home/airflow/.local/lib/python3.8/site-packages/airflow/example_dags/example_bash_operator.py
[2026-08-26T00:49:22.842+0000] {processor.py:830} INFO - Processing file /home/airflow/.local/lib/python3.8/site-packages/airflow/example_dags/example_bash_operator.py for tasks to queue
[2026-08-26T00:49:22.846+0000] {logging_mixin.py:188} INFO - [2026-08-26T00:49:22.845+0000] {dagbag.py:540} INFO - Filling up the DagBag from /home/airflow/.local/lib/python3.8/site-packages/airflow/example_dags/example_bash_operator.py
[2026-08-26T00:49:22.862+0000] {processor.py:840} INFO - DAG(s) 'example_bash_operator' retrieved from /home/airflow/.local/lib/python3.8/site-packages/airflow/example_dags/example_bash_operator.py
[2026-08-26T00:49:22.901+0000] {logging_mixin.py:188} INFO - [2026-08-26T00:49:22.901+0000] {dag.py:3047} INFO - Sync 1 DAGs
[2026-08-26T00:49:22.934+0000] {logging_mixin.py:188} INFO - [2026-08-26T00:49:22.933+0000] {dag.py:3834} INFO - Setting next_dagrun for example_bash_operator to 2026-08-25 00:00:00+00:00, run_after=2026-08-26 00:00:00+00:00
[2026-08-26T00:49:22.981+0000] {processor.py:183} INFO - Processing /home/airflow/.local/lib/python3.8/site-packages/airflow/example_dags/example_bash_operator.py took 0.145 seconds
[2026-08-26T00:49:53.581+0000] {processor.py:161} INFO - Started process (PID=636) to work on /home/airflow/.local/lib/python3.8/site-packages/airflow/example_dags/example_bash_operator.py
[2026-08-26T00:49:53.582+0000] {processor.py:830} INFO - Processing file /home/airflow/.local/lib/python3.8/site-packages/airflow/example_dags/example_bash_operator.py for tasks to queue
[2026-08-26T00:49:53.585+0000] {logging_mixin.py:188} INFO - [2026-08-26T00:49:53.585+0000] {dagbag.py:540} INFO - Filling up the DagBag from /home/airflow/.local/lib/python3.8/site-packages/airflow/example_dags/example_bash_operator.py
[2026-08-26T00:49:53.599+0000] {processor.py:840} INFO - DAG(s) 'example_bash_operator' retrieved from /home/airflow/.local/lib/python3.8/site-packages/airflow/example_dags/example_bash_operator.py
[2026-08-26T00:49:53.637+0000] {logging_mixin.py:188} INFO - [2026-08-26T00:49:53.636+0000] {dag.py:3047} INFO - Sync 1 DAGs
[2026-08-26T00:49:53.669+0000] {logging_mixin.py:188} INFO - [2026-08-26T00:49:53.669+0000] {dag.py:3834} INFO - Setting next_dagrun for example_bash_operator to 2026-08-25 00:00:00+00:00, run_after=2026-08-26 00:00:00+00:00
[2026-08-26T00:49:53.726+0000] {processor.py:183} INFO - Processing /home/airflow/.local/lib/python3.8/site-packages/airflow/example_dags/example_bash_operator.py took 0.149 seconds
[2026-08-26T00:50:23.782+0000] {processor.py:161} INFO - Started process (PID=693) to work on /home/airflow/.local/lib/python3.8/site-packages/airflow/example_dags/example_bash_operator.py
[2026-08-26T00:50:23.784+0000] {processor.py:830} INFO - Processing file /home/airflow/.local/lib/python3.8/site-packages/airflow/example_dags/example_bash_operator.py for tasks to queue
[2026-08-26T00:50:23.789+0000] {logging_mixin.py:188} INFO - [2026-08-26T00:50:23.789+0000] {dagbag.py:540} INFO - Filling up the DagBag from /home/airflow/.local/lib/python3.8/site-packages/airflow/example_dags/example_bash_operator.py
[2026-08-26T00:50:23.811+0000] {processor.py:840} INFO - DAG(s) 'example_bash_operator' retrieved from /home/airflow/.local/lib/python3.8/site-packages/airflow/example_dags/example_bash_operator.py
[2026-08-26T00:50:23.856+0000] {logging_mixin.py:188} INFO - [2026-08-26T00:50:23.855+0000] {dag.py:3047} INFO - Sync 1 DAGs
[2026-08-26T00:50:23.882+0000] {logging_mixin.py:188} INFO - [2026-08-26T00:50:23.882+0000] {dag.py:3834} INFO - Setting next_dagrun for example_bash_operator to 2026-08-25 00:00:00+00:00, run_after=2026-08-26 00:00:00+00:00
[2026-08-26T00:50:24.210+0000] {processor.py:183} INFO - Processing /home/airflow/.local/lib/python3.8/site-packages/airflow/example_dags/example_bash_operator.py took 0.432 seconds
[2026-08-26T00:50:54.379+0000] {processor.py:161} INFO - Started process (PID=750) to work on /home/airflow/.local/lib/python3.8/site-packages/airflow/example_dags/example_bash_operator.py
[2026-08-26T00:50:54.382+0000] {processor.py:830} INFO - Processing file /home/airflow/.local/lib/python3.8/site-packages/airflow/example_dags/example_bash_operator.py for tasks to queue
[2026-08-26T00:50:54.385+0000] {logging_mixin.py:188} INFO - [2026-08-26T00:50:54.385+0000] {dagbag.py:540} INFO - Filling up the DagBag from /home/airflow/.local/lib/python3.8/site-packages/airflow/example_dags/example_bash_operator.py
[2026-08-26T00:50:54.400+0000] {processor.py:840} INFO - DAG(s) 'example_bash_operator' retrieved from /home/airflow/.local/lib/python3.8/site-packages/airflow/example_dags/example_bash_operator.py
[2026-08-26T00:50:54.434+0000] {logging_mixin.py:188} INFO - [2026-08-26T00:50:54.434+0000] {dag.py:3047} INFO - Sync 1 DAGs
[2026-08-26T00:50:54.460+0000] {logging_mixin.py:188} INFO - [2026-08-26T00:50:54.460+0000] {dag.py:3834} INFO - Setting next_dagrun for example_bash_operator to 2026-08-25 00:00:00+00:00, run_after=2026-08-26 00:00:00+00:00
[2026-08-26T00:50:54.511+0000] {processor.py:183} INFO - Processing /home/airflow/.local/lib/python3.8/site-packages/airflow/example_dags/example_bash_operator.py took 0.138 seconds
[2026-08-26T00:51:25.133+0000] {processor.py:161} INFO - Started process (PID=807) to work on /home/airflow/.local/lib/python3.8/site-packages/airflow/example_dags/example_bash_operator.py
[2026-08-26T00:51:25.135+0000] {processor.py:830} INFO - Processing file /home/airflow/.local/lib/python3.8/site-packages/airflow/example_dags/example_bash_operator.py for tasks to queue
[2026-08-26T00:51:25.139+0000] {logging_mixin.py:188} INFO - [2026-08-26T00:51:25.138+0000] {dagbag.py:540} INFO - Filling up the DagBag from /home/airflow/.local/lib/python3.8/site-packages/airflow/example_dags/example_bash_operator.py
[2026-08-26T00:51:25.161+0000] {processor.py:840} INFO - DAG(s) 'example_bash_operator' retrieved from /home/airflow/.local/lib/python3.8/site-packages/airflow/example_dags/example_bash_operator.py
[2026-08-26T00:51:25.212+0000] {logging_mixin.py:188} INFO - [2026-08-26T00:51:25.212+0000] {dag.py:3047} INFO - Sync 1 DAGs
[2026-08-26T00:51:25.254+0000] {logging_mixin.py:188} INFO - [2026-08-26T00:51:25.254+0000] {dag.py:3834} INFO - Setting next_dagrun for example_bash_operator to 2026-08-25 00:00:00+00:00, run_after=2026-08-26 00:00:00+00:00
[2026-08-26T00:51:25.287+0000] {processor.py:183} INFO - Processing /home/airflow/.local/lib/python3.8/site-packages/airflow/example_dags/example_bash_operator.py took 0.164 seconds
[2026-08-26T00:51:55.406+0000] {processor.py:161} INFO - Started process (PID=864) to work on /home/airflow/.local/lib/python3.8/site-packages/airflow/example_dags/example_bash_operator.py
[2026-08-26T00:51:55.407+0000] {processor.py:830} INFO - Processing file /home/airflow/.local/lib/python3.8/site-packages/airflow/example_dags/example_bash_operator.py for tasks to queue
[2026-08-26T00:51:55.411+0000] {logging_mixin.py:188} INFO - [2026-08-26T00:51:55.410+0000] {dagbag.py:540} INFO - Filling up the DagBag from /home/airflow/.local/lib/python3.8/site-packages/airflow/example_dags/example_bash_operator.py
[2026-08-26T00:51:55.448+0000] {processor.py:840} INFO - DAG(s) 'example_bash_operator' retrieved from /home/airflow/.local/lib/python3.8/site-packages/airflow/example_dags/example_bash_operator.py
[2026-08-26T00:51:55.513+0000] {logging_mixin.py:188} INFO - [2026-08-26T00:51:55.513+0000] {dag.py:3047} INFO - Sync 1 DAGs
[2026-08-26T00:51:55.539+0000] {logging_mixin.py:188} INFO - [2026-08-26T00:51:55.539+0000] {dag.py:3834} INFO - Setting next_dagrun for example_bash_operator to 2026-08-25 00:00:00+00:00, run_after=2026-08-26 00:00:00+00:00
[2026-08-26T00:51:55.559+0000] {processor.py:183} INFO - Processing /home/airflow/.local/lib/python3.8/site-packages/airflow/example_dags/example_bash_operator.py took 0.157 seconds
[2026-08-26T00:52:26.543+0000] {processor.py:161} INFO - Started process (PID=927) to work on /home/airflow/.local/lib/python3.8/site-packages/airflow/example_dags/example_bash_operator.py
[2026-08-26T00:52:26.545+0000] {processor.py:830} INFO - Processing file /home/airflow/.local/lib/python3.8/site-packages/airflow/example_dags/example_bash_operator.py for tasks to queue
[2026-08-26T00:52:26.548+0000] {logging_mixin.py:188} INFO - [2026-08-26T00:52:26.547+0000] {dagbag.py:540} INFO - Filling up the DagBag from /home/airflow/.local/lib/python3.8/site-packages/airflow/example_dags/example_bash_operator.py
[2026-08-26T00:52:26.563+0000] {processor.py:840} INFO - DAG(s) 'example_bash_operator' retrieved from /home/airflow/.local/lib/python3.8/site-packages/airflow/example_dags/example_bash_operator.py
[2026-08-26T00:52:26.598+0000] {logging_mixin.py:188} INFO - [2026-08-26T00:52:26.597+0000] {dag.py:3047} INFO - Sync 1 DAGs
[2026-08-26T00:52:26.623+0000] {logging_mixin.py:188} INFO - [2026-08-26T00:52:26.623+0000] {dag.py:3834} INFO - Setting next_dagrun for example_bash_operator to 2026-08-25 00:00:00+00:00, run_after=2026-08-26 00:00:00+00:00
[2026-08-26T00:52:26.649+0000] {processor.py:183} INFO - Processing /home/airflow/.local/lib/python3.8/site-packages/airflow/example_dags/example_bash_operator.py took 0.113 seconds
[2026-08-26T00:52:56.950+0000] {processor.py:161} INFO - Started process (PID=984) to work on /home/airflow/.local/lib/python3.8/site-packages/airflow/example_dags/example_bash_operator.py
[2026-08-26T00:52:56.951+0000] {processor.py:830} INFO - Processing file /home/airflow/.local/lib/python3.8/site-packages/airflow/example_dags/example_bash_operator.py for tasks to queue
[2026-08-26T00:52:56.956+0000] {logging_mixin.py:188} INFO - [2026-08-26T00:52:56.955+0000] {dagbag.py:540} INFO - Filling up the DagBag from /home/airflow/.local/lib/python3.8/site-packages/airflow/example_dags/example_bash_operator.py
[2026-08-26T00:52:56.972+0000] {processor.py:840} INFO - DAG(s) 'example_bash_operator' retrieved from /home/airflow/.local/lib/python3.8/site-packages/airflow/example_dags/example_bash_operator.py
[2026-08-26T00:52:57.011+0000] {logging_mixin.py:188} INFO - [2026-08-26T00:52:57.011+0000] {dag.py:3047} INFO - Sync 1 DAGs
[2026-08-26T00:52:57.042+0000] {logging_mixin.py:188} INFO - [2026-08-26T00:52:57.042+0000] {dag.py:3834} INFO - Setting next_dagrun for example_bash_operator to 2026-08-25 00:00:00+00:00, run_after=2026-08-26 00:00:00+00:00
[2026-08-26T00:52:57.067+0000] {processor.py:183} INFO - Processing /home/airflow/.local/lib/python3.8/site-packages/airflow/example_dags/example_bash_operator.py took 0.121 seconds
[2026-08-26T00:53:27.120+0000] {processor.py:161} INFO - Started process (PID=1041) to work on /home/airflow/.local/lib/python3.8/site-packages/airflow/example_dags/example_bash_operator.py
[2026-08-26T00:53:27.122+0000] {processor.py:830} INFO - Processing file /home/airflow/.local/lib/python3.8/site-packages/airflow/example_dags/example_bash_operator.py for tasks to queue
[2026-08-26T00:53:27.125+0000] {logging_mixin.py:188} INFO - [2026-08-26T00:53:27.125+0000] {dagbag.py:540} INFO - Filling up the DagBag from /home/airflow/.local/lib/python3.8/site-packages/airflow/example_dags/example_bash_operator.py
[2026-08-26T00:53:27.138+0000] {processor.py:840} INFO - DAG(s) 'example_bash_operator' retrieved from /home/airflow/.local/lib/python3.8/site-packages/airflow/example_dags/example_bash_operator.py
[2026-08-26T00:53:27.172+0000] {logging_mixin.py:188} INFO - [2026-08-26T00:53:27.172+0000] {dag.py:3047} INFO - Sync 1 DAGs
[2026-08-26T00:53:27.197+0000] {logging_mixin.py:188} INFO - [2026-08-26T00:53:27.196+0000] {dag.py:3834} INFO - Setting next_dagrun for example_bash_operator to 2026-08-25 00:00:00+00:00, run_after=2026-08-26 00:00:00+00:00
[2026-08-26T00:53:27.218+0000] {processor.py:183} INFO - Processing /home/airflow/.local/lib/python3.8/site-packages/airflow/example_dags/example_bash_operator.py took 0.101 seconds
[2026-08-26T00:53:57.403+0000] {processor.py:161} INFO - Started process (PID=1098) to work on /home/airflow/.local/lib/python3.8/site-packages/airflow/example_dags/example_bash_operator.py
[2026-08-26T00:53:57.404+0000] {processor.py:830} INFO - Processing file /home/airflow/.local/lib/python3.8/site-packages/airflow/example_dags/example_bash_operator.py for tasks to queue
[2026-08-26T00:53:57.407+0000] {logging_mixin.py:188} INFO - [2026-08-26T00:53:57.406+0000] {dagbag.py:540} INFO - Filling up the DagBag from /home/airflow/.local/lib/python3.8/site-packages/airflow/example_dags/example_bash_operator.py
[2026-08-26T00:53:57.420+0000] {processor.py:840} INFO - DAG(s) 'example_bash_operator' retrieved from /home/airflow/.local/lib/python3.8/site-packages/airflow/example_dags/example_bash_operator.py
[2026-08-26T00:53:57.458+0000] {logging_mixin.py:188} INFO - [2026-08-26T00:53:57.458+0000] {dag.py:3047} INFO - Sync 1 DAGs
[2026-08-26T00:53:57.488+0000] {logging_mixin.py:188} INFO - [2026-08-26T00:53:57.487+0000] {dag.py:3834} INFO - Setting next_dagrun for example_bash_operator to 2026-08-25 00:00:00+00:00, run_after=2026-08-26 00:00:00+00:00
[2026-08-26T00:53:57.514+0000] {processor.py:183} INFO - Processing /home/airflow/.local/lib/python3.8/site-packages/airflow/example_dags/example_bash_operator.py took 0.115 seconds
[2026-08-26T00:54:27.800+0000] {processor.py:161} INFO - Started process (PID=1155) to work on /home/airflow/.local/lib/python3.8/site-packages/airflow/example_dags/example_bash_operator.py
[2026-08-26T00:54:27.801+0000] {processor.py:830} INFO - Processing file /home/airflow/.local/lib/python3.8/site-packages/airflow/example_dags/example_bash_operator.py for tasks to queue
[2026-08-26T00:54:27.804+0000] {logging_mixin.py:188} INFO - [2026-08-26T00:54:27.804+0000] {dagbag.py:540} INFO - Filling up the DagBag from /home/airflow/.local/lib/python3.8/site-packages/airflow/example_dags/example_bash_operator.py
[2026-08-26T00:54:27.818+0000] {processor.py:840} INFO - DAG(s) 'example_bash_operator' retrieved from /home/airflow/.local/lib/python3.8/site-packages/airflow/example_dags/example_bash_operator.py
[2026-08-26T00:54:27.854+0000] {logging_mixin.py:188} INFO - [2026-08-26T00:54:27.854+0000] {dag.py:3047} INFO - Sync 1 DAGs
[2026-08-26T00:54:27.880+0000] {logging_mixin.py:188} INFO - [2026-08-26T00:54:27.880+0000] {dag.py:3834} INFO - Setting next_dagrun for example_bash_operator to 2026-08-25 00:00:00+00:00, run_after=2026-08-26 00:00:00+00:00
[2026-08-26T00:54:27.904+0000] {processor.py:183} INFO - Processing /home/airflow/.local/lib/python3.8/site-packages/airflow/example_dags/example_bash_operator.py took 0.109 seconds
[2026-08-26T00:54:58.402+0000] {processor.py:161} INFO - Started process (PID=1212) to work on /home/airflow/.local/lib/python3.8/site-packages/airflow/example_dags/example_bash_operator.py
[2026-08-26T00:54:58.404+0000] {processor.py:830} INFO - Processing file /home/airflow/.local/lib/python3.8/site-packages/airflow/example_dags/example_bash_operator.py for tasks to queue
[2026-08-26T00:54:58.406+0000] {logging_mixin.py:188} INFO - [2026-08-26T00:54:58.406+0000] {dagbag.py:540} INFO - Filling up the DagBag from /home/airflow/.local/lib/python3.8/site-packages/airflow/example_dags/example_bash_operator.py
[2026-08-26T00:54:58.420+0000] {processor.py:840} INFO - DAG(s) 'example_bash_operator' retrieved from /home/airflow/.local/lib/python3.8/site-packages/airflow/example_dags/example_bash_operator.py
[2026-08-26T00:54:58.454+0000] {logging_mixin.py:188} INFO - [2026-08-26T00:54:58.453+0000] {dag.py:3047} INFO - Sync 1 DAGs
[2026-08-26T00:54:58.482+0000] {logging_mixin.py:188} INFO - [2026-08-26T00:54:58.481+0000] {dag.py:3834} INFO - Setting next_dagrun for example_bash_operator to 2026-08-25 00:00:00+00:00, run_after=2026-08-26 00:00:00+00:00
[2026-08-26T00:54:58.505+0000] {processor.py:183} INFO - Processing /home/airflow/.local/lib/python3.8/site-packages/airflow/example_dags/example_bash_operator.py took 0.109 seconds
[2026-08-26T00:55:28.728+0000] {processor.py:161} INFO - Started process (PID=1269) to work on /home/airflow/.local/lib/python3.8/site-packages/airflow/example_dags/example_bash_operator.py
[2026-08-26T00:55:28.730+0000] {processor.py:830} INFO - Processing file /home/airflow/.local/lib/python3.8/site-packages/airflow/example_dags/example_bash_operator.py for tasks to queue
[2026-08-26T00:55:28.733+0000] {logging_mixin.py:188} INFO - [2026-08-26T00:55:28.732+0000] {dagbag.py:540} INFO - Filling up the DagBag from /home/airflow/.local/lib/python3.8/site-packages/airflow/example_dags/example_bash_operator.py
[2026-08-26T00:55:28.747+0000] {processor.py:840} INFO - DAG(s) 'example_bash_operator' retrieved from /home/airflow/.local/lib/python3.8/site-packages/airflow/example_dags/example_bash_operator.py
[2026-08-26T00:55:28.780+0000] {logging_mixin.py:188} INFO - [2026-08-26T00:55:28.780+0000] {dag.py:3047} INFO - Sync 1 DAGs
[2026-08-26T00:55:28.804+0000] {logging_mixin.py:188} INFO - [2026-08-26T00:55:28.804+0000] {dag.py:3834} INFO - Setting next_dagrun for example_bash_operator to 2026-08-25 00:00:00+00:00, run_after=2026-08-26 00:00:00+00:00
[2026-08-26T00:55:28.827+0000] {processor.py:183} INFO - Processing /home/airflow/.local/lib/python3.8/site-packages/airflow/example_dags/example_bash_operator.py took 0.102 seconds
[2026-08-26T00:55:58.987+0000] {processor.py:161} INFO - Started process (PID=1326) to work on /home/airflow/.local/lib/python3.8/site-packages/airflow/example_dags/example_bash_operator.py
[2026-08-26T00:55:58.989+0000] {processor.py:830} INFO - Processing file /home/airflow/.local/lib/python3.8/site-packages/airflow/example_dags/example_bash_operator.py for tasks to queue
[2026-08-26T00:55:58.992+0000] {logging_mixin.py:188} INFO - [2026-08-26T00:55:58.991+0000] {dagbag.py:540} INFO - Filling up the DagBag from /home/airflow/.local/lib/python3.8/site-packages/airflow/example_dags/example_bash_operator.py
[2026-08-26T00:55:59.006+0000] {processor.py:840} INFO - DAG(s) 'example_bash_operator' retrieved from /home/airflow/.local/lib/python3.8/site-packages/airflow/example_dags/example_bash_operator.py
[2026-08-26T00:55:59.038+0000] {logging_mixin.py:188} INFO - [2026-08-26T00:55:59.038+0000] {dag.py:3047} INFO - Sync 1 DAGs
[2026-08-26T00:55:59.063+0000] {logging_mixin.py:188} INFO - [2026-08-26T00:55:59.063+0000] {dag.py:3834} INFO - Setting next_dagrun for example_bash_operator to 2026-08-25 00:00:00+00:00, run_after=2026-08-26 00:00:00+00:00
[2026-08-26T00:55:59.085+0000] {processor.py:183} INFO - Processing /home/airflow/.local/lib/python3.8/site-packages/airflow/example_dags/example_bash_operator.py took 0.104 seconds
[2026-08-26T00:56:29.566+0000] {processor.py:161} INFO - Started process (PID=1383) to work on /home/airflow/.local/lib/python3.8/site-packages/airflow/example_dags/example_bash_operator.py
[2026-08-26T00:56:29.568+0000] {processor.py:830} INFO - Processing file /home/airflow/.local/lib/python3.8/site-packages/airflow/example_dags/example_bash_operator.py for tasks to queue
[2026-08-26T00:56:29.571+0000] {logging_mixin.py:188} INFO - [2026-08-26T00:56:29.571+0000] {dagbag.py:540} INFO - Filling up the DagBag from /home/airflow/.local/lib/python3.8/site-packages/airflow/example_dags/example_bash_operator.py
[2026-08-26T00:56:29.587+0000] {processor.py:840} INFO - DAG(s) 'example_bash_operator' retrieved from /home/airflow/.local/lib/python3.8/site-packages/airflow/example_dags/example_bash_operator.py
[2026-08-26T00:56:29.629+0000] {logging_mixin.py:188} INFO - [2026-08-26T00:56:29.629+0000] {dag.py:3047} INFO - Sync 1 DAGs
[2026-08-26T00:56:29.661+0000] {logging_mixin.py:188} INFO - [2026-08-26T00:56:29.661+0000] {dag.py:3834} INFO - Setting next_dagrun for example_bash_operator to 2026-08-25 00:00:00+00:00, run_after=2026-08-26 00:00:00+00:00
[2026-08-26T00:56:29.685+0000] {processor.py:183} INFO - Processing /home/airflow/.local/lib/python3.8/site-packages/airflow/example_dags/example_bash_operator.py took 0.126 seconds
[2026-08-26T00:56:59.894+0000] {processor.py:161} INFO - Started process (PID=1440) to work on /home/airflow/.local/lib/python3.8/site-packages/airflow/example_dags/example_bash_operator.py
[2026-08-26T00:56:59.900+0000] {processor.py:830} INFO - Processing file /home/airflow/.local/lib/python3.8/site-packages/airflow/example_dags/example_bash_operator.py for tasks to queue
[2026-08-26T00:56:59.907+0000] {logging_mixin.py:188} INFO - [2026-08-26T00:56:59.906+0000] {dagbag.py:540} INFO - Filling up the DagBag from /home/airflow/.local/lib/python3.8/site-packages/airflow/example_dags/example_bash_operator.py
[2026-08-26T00:56:59.943+0000] {processor.py:840} INFO - DAG(s) 'example_bash_operator' retrieved from /home/airflow/.local/lib/python3.8/site-packages/airflow/example_dags/example_bash_operator.py
[2026-08-26T00:57:00.012+0000] {logging_mixin.py:188} INFO - [2026-08-26T00:57:00.011+0000] {dag.py:3047} INFO - Sync 1 DAGs
[2026-08-26T00:57:00.064+0000] {logging_mixin.py:188} INFO - [2026-08-26T00:57:00.064+0000] {dag.py:3834} INFO - Setting next_dagrun for example_bash_operator to 2026-08-25 00:00:00+00:00, run_after=2026-08-26 00:00:00+00:00
[2026-08-26T00:57:00.093+0000] {processor.py:183} INFO - Processing /home/airflow/.local/lib/python3.8/site-packages/airflow/example_dags/example_bash_operator.py took 0.213 seconds
[2026-08-26T00:57:30.173+0000] {processor.py:161} INFO - Started process (PID=1497) to work on /home/airflow/.local/lib/python3.8/site-packages/airflow/example_dags/example_bash_operator.py
[2026-08-26T00:57:30.175+0000] {processor.py:830} INFO - Processing file /home/airflow/.local/lib/python3.8/site-packages/airflow/example_dags/example_bash_operator.py for tasks to queue
[2026-08-26T00:57:30.179+0000] {logging_mixin.py:188} INFO - [2026-08-26T00:57:30.178+0000] {dagbag.py:540} INFO - Filling up the DagBag from /home/airflow/.local/lib/python3.8/site-packages/airflow/example_dags/example_bash_operator.py
[2026-08-26T00:57:30.195+0000] {processor.py:840} INFO - DAG(s) 'example_bash_operator' retrieved from /home/airflow/.local/lib/python3.8/site-packages/airflow/example_dags/example_bash_operator.py
[2026-08-26T00:57:30.238+0000] {logging_mixin.py:188} INFO - [2026-08-26T00:57:30.238+0000] {dag.py:3047} INFO - Sync 1 DAGs
[2026-08-26T00:57:30.279+0000] {logging_mixin.py:188} INFO - [2026-08-26T00:57:30.278+0000] {dag.py:3834} INFO - Setting next_dagrun for example_bash_operator to 2026-08-25 00:00:00+00:00, run_after=2026-08-26 00:00:00+00:00
[2026-08-26T00:57:30.391+0000] {processor.py:183} INFO - Processing /home/airflow/.local/lib/python3.8/site-packages/airflow/example_dags/example_bash_operator.py took 0.226 seconds
[2026-08-26T00:58:00.634+0000] {processor.py:161} INFO - Started process (PID=1554) to work on /home/airflow/.local/lib/python3.8/site-packages/airflow/example_dags/example_bash_operator.py
[2026-08-26T00:58:00.635+0000] {processor.py:830} INFO - Processing file /home/airflow/.local/lib/python3.8/site-packages/airflow/example_dags/example_bash_operator.py for tasks to queue
[2026-08-26T00:58:00.639+0000] {logging_mixin.py:188} INFO - [2026-08-26T00:58:00.638+0000] {dagbag.py:540} INFO - Filling up the DagBag from /home/airflow/.local/lib/python3.8/site-packages/airflow/example_dags/example_bash_operator.py
[2026-08-26T00:58:00.653+0000] {processor.py:840} INFO - DAG(s) 'example_bash_operator' retrieved from /home/airflow/.local/lib/python3.8/site-packages/airflow/example_dags/example_bash_operator.py
[2026-08-26T00:58:00.701+0000] {logging_mixin.py:188} INFO - [2026-08-26T00:58:00.700+0000] {dag.py:3047} INFO - Sync 1 DAGs
[2026-08-26T00:58:00.732+0000] {logging_mixin.py:188} INFO - [2026-08-26T00:58:00.732+0000] {dag.py:3834} INFO - Setting next_dagrun for example_bash_operator to 2026-08-25 00:00:00+00:00, run_after=2026-08-26 00:00:00+00:00
[2026-08-26T00:58:00.755+0000] {processor.py:183} INFO - Processing /home/airflow/.local/lib/python3.8/site-packages/airflow/example_dags/example_bash_operator.py took 0.127 seconds
[2026-08-26T00:58:31.208+0000] {processor.py:161} INFO - Started process (PID=1611) to work on /home/airflow/.local/lib/python3.8/site-packages/airflow/example_dags/example_bash_operator.py
[2026-08-26T00:58:31.211+0000] {processor.py:830} INFO - Processing file /home/airflow/.local/lib/python3.8/site-packages/airflow/example_dags/example_bash_operator.py for tasks to queue
[2026-08-26T00:58:31.214+0000] {logging_mixin.py:188} INFO - [2026-08-26T00:58:31.214+0000] {dagbag.py:540} INFO - Filling up the DagBag from /home/airflow/.local/lib/python3.8/site-packages/airflow/example_dags/example_bash_operator.py
[2026-08-26T00:58:31.229+0000] {processor.py:840} INFO - DAG(s) 'example_bash_operator' retrieved from /home/airflow/.local/lib/python3.8/site-packages/airflow/example_dags/example_bash_operator.py
[2026-08-26T00:58:31.263+0000] {logging_mixin.py:188} INFO - [2026-08-26T00:58:31.263+0000] {dag.py:3047} INFO - Sync 1 DAGs
[2026-08-26T00:58:31.291+0000] {logging_mixin.py:188} INFO - [2026-08-26T00:58:31.291+0000] {dag.py:3834} INFO - Setting next_dagrun for example_bash_operator to 2026-08-25 00:00:00+00:00, run_after=2026-08-26 00:00:00+00:00
[2026-08-26T00:58:31.318+0000] {processor.py:183} INFO - Processing /home/airflow/.local/lib/python3.8/site-packages/airflow/example_dags/example_bash_operator.py took 0.117 seconds
[2026-08-26T00:59:01.384+0000] {processor.py:161} INFO - Started process (PID=1668) to work on /home/airflow/.local/lib/python3.8/site-packages/airflow/example_dags/example_bash_operator.py
[2026-08-26T00:59:01.386+0000] {processor.py:830} INFO - Processing file /home/airflow/.local/lib/python3.8/site-packages/airflow/example_dags/example_bash_operator.py for tasks to queue
[2026-08-26T00:59:01.390+0000] {logging_mixin.py:188} INFO - [2026-08-26T00:59:01.390+0000] {dagbag.py:540} INFO - Filling up the DagBag from /home/airflow/.local/lib/python3.8/site-packages/airflow/example_dags/example_bash_operator.py
[2026-08-26T00:59:01.411+0000] {processor.py:840} INFO - DAG(s) 'example_bash_operator' retrieved from /home/airflow/.local/lib/python3.8/site-packages/airflow/example_dags/example_bash_operator.py
[2026-08-26T00:59:01.456+0000] {logging_mixin.py:188} INFO - [2026-08-26T00:59:01.455+0000] {dag.py:3047} INFO - Sync 1 DAGs
[2026-08-26T00:59:01.486+0000] {logging_mixin.py:188} INFO - [2026-08-26T00:59:01.485+0000] {dag.py:3834} INFO - Setting next_dagrun for example_bash_operator to 2026-08-25 00:00:00+00:00, run_after=2026-08-26 00:00:00+00:00
[2026-08-26T00:59:01.525+0000] {processor.py:183} INFO - Processing /home/airflow/.local/lib/python3.8/site-packages/airflow/example_dags/example_bash_operator.py took 0.148 seconds
[2026-08-26T00:59:32.118+0000] {processor.py:161} INFO - Started process (PID=1725) to work on /home/airflow/.local/lib/python3.8/site-packages/airflow/example_dags/example_bash_operator.py
[2026-08-26T00:59:32.121+0000] {processor.py:830} INFO - Processing file /home/airflow/.local/lib/python3.8/site-packages/airflow/example_dags/example_bash_operator.py for tasks to queue
[2026-08-26T00:59:32.126+0000] {logging_mixin.py:188} INFO - [2026-08-26T00:59:32.125+0000] {dagbag.py:540} INFO - Filling up the DagBag from /home/airflow/.local/lib/python3.8/site-packages/airflow/example_dags/example_bash_operator.py
[2026-08-26T00:59:32.144+0000] {processor.py:840} INFO - DAG(s) 'example_bash_operator' retrieved from /home/airflow/.local/lib/python3.8/site-packages/airflow/example_dags/example_bash_operator.py
[2026-08-26T00:59:32.180+0000] {logging_mixin.py:188} INFO - [2026-08-26T00:59:32.179+0000] {dag.py:3047} INFO - Sync 1 DAGs
[2026-08-26T00:59:32.210+0000] {logging_mixin.py:188} INFO - [2026-08-26T00:59:32.210+0000] {dag.py:3834} INFO - Setting next_dagrun for example_bash_operator to 2026-08-25 00:00:00+00:00, run_after=2026-08-26 00:00:00+00:00
[2026-08-26T00:59:32.237+0000] {processor.py:183} INFO - Processing /home/airflow/.local/lib/python3.8/site-packages/airflow/example_dags/example_bash_operator.py took 0.128 seconds
[2026-08-26T01:00:02.279+0000] {processor.py:161} INFO - Started process (PID=1782) to work on /home/airflow/.local/lib/python3.8/site-packages/airflow/example_dags/example_bash_operator.py
[2026-08-26T01:00:02.281+0000] {processor.py:830} INFO - Processing file /home/airflow/.local/lib/python3.8/site-packages/airflow/example_dags/example_bash_operator.py for tasks to queue
[2026-08-26T01:00:02.283+0000] {logging_mixin.py:188} INFO - [2026-08-26T01:00:02.283+0000] {dagbag.py:540} INFO - Filling up the DagBag from /home/airflow/.local/lib/python3.8/site-packages/airflow/example_dags/example_bash_operator.py
[2026-08-26T01:00:02.296+0000] {processor.py:840} INFO - DAG(s) 'example_bash_operator' retrieved from /home/airflow/.local/lib/python3.8/site-packages/airflow/example_dags/example_bash_operator.py
[2026-08-26T01:00:02.328+0000] {logging_mixin.py:188} INFO - [2026-08-26T01:00:02.328+0000] {dag.py:3047} INFO - Sync 1 DAGs
[2026-08-26T01:00:02.352+0000] {logging_mixin.py:188} INFO - [2026-08-26T01:00:02.352+0000] {dag.py:3834} INFO - Setting next_dagrun for example_bash_operator to 2026-08-25 00:00:00+00:00, run_after=2026-08-26 00:00:00+00:00
[2026-08-26T01:00:02.377+0000] {processor.py:183} INFO - Processing /home/airflow/.local/lib/python3.8/site-packages/airflow/example_dags/example_bash_operator.py took 0.102 seconds
[2026-08-26T01:00:32.686+0000] {processor.py:161} INFO - Started process (PID=1839) to work on /home/airflow/.local/lib/python3.8/site-packages/airflow/example_dags/example_bash_operator.py
[2026-08-26T01:00:32.688+0000] {processor.py:830} INFO - Processing file /home/airflow/.local/lib/python3.8/site-packages/airflow/example_dags/example_bash_operator.py for tasks to queue
[2026-08-26T01:00:32.692+0000] {logging_mixin.py:188} INFO - [2026-08-26T01:00:32.691+0000] {dagbag.py:540} INFO - Filling up the DagBag from /home/airflow/.local/lib/python3.8/site-packages/airflow/example_dags/example_bash_operator.py
[2026-08-26T01:00:32.706+0000] {processor.py:840} INFO - DAG(s) 'example_bash_operator' retrieved from /home/airflow/.local/lib/python3.8/site-packages/airflow/example_dags/example_bash_operator.py
[2026-08-26T01:00:32.750+0000] {logging_mixin.py:188} INFO - [2026-08-26T01:00:32.749+0000] {dag.py:3047} INFO - Sync 1 DAGs
[2026-08-26T01:00:32.778+0000] {logging_mixin.py:188} INFO - [2026-08-26T01:00:32.778+0000] {dag.py:3834} INFO - Setting next_dagrun for example_bash_operator to 2026-08-25 00:00:00+00:00, run_after=2026-08-26 00:00:00+00:00
[2026-08-26T01:00:32.802+0000] {processor.py:183} INFO - Processing /home/airflow/.local/lib/python3.8/site-packages/airflow/example_dags/example_bash_operator.py took 0.120 seconds
[2026-08-26T01:01:03.019+0000] {processor.py:161} INFO - Started process (PID=1896) to work on /home/airflow/.local/lib/python3.8/site-packages/airflow/example_dags/example_bash_operator.py
[2026-08-26T01:01:03.021+0000] {processor.py:830} INFO - Processing file /home/airflow/.local/lib/python3.8/site-packages/airflow/example_dags/example_bash_operator.py for tasks to queue
[2026-08-26T01:01:03.024+0000] {logging_mixin.py:188} INFO - [2026-08-26T01:01:03.023+0000] {dagbag.py:540} INFO - Filling up the DagBag from /home/airflow/.local/lib/python3.8/site-packages/airflow/example_dags/example_bash_operator.py
[2026-08-26T01:01:03.037+0000] {processor.py:840} INFO - DAG(s) 'example_bash_operator' retrieved from /home/airflow/.local/lib/python3.8/site-packages/airflow/example_dags/example_bash_operator.py
[2026-08-26T01:01:03.070+0000] {logging_mixin.py:188} INFO - [2026-08-26T01:01:03.070+0000] {dag.py:3047} INFO - Sync 1 DAGs
[2026-08-26T01:01:03.096+0000] {logging_mixin.py:188} INFO - [2026-08-26T01:01:03.096+0000] {dag.py:3834} INFO - Setting next_dagrun for example_bash_operator to 2026-08-25 00:00:00+00:00, run_after=2026-08-26 00:00:00+00:00
[2026-08-26T01:01:03.118+0000] {processor.py:183} INFO - Processing /home/airflow/.local/lib/python3.8/site-packages/airflow/example_dags/example_bash_operator.py took 0.102 seconds
[2026-08-26T01:01:33.981+0000] {processor.py:161} INFO - Started process (PID=1953) to work on /home/airflow/.local/lib/python3.8/site-packages/airflow/example_dags/example_bash_operator.py
[2026-08-26T01:01:33.982+0000] {processor.py:830} INFO - Processing file /home/airflow/.local/lib/python3.8/site-packages/airflow/example_dags/example_bash_operator.py for tasks to queue
[2026-08-26T01:01:33.985+0000] {logging_mixin.py:188} INFO - [2026-08-26T01:01:33.985+0000] {dagbag.py:540} INFO - Filling up the DagBag from /home/airflow/.local/lib/python3.8/site-packages/airflow/example_dags/example_bash_operator.py
[2026-08-26T01:01:33.998+0000] {processor.py:840} INFO - DAG(s) 'example_bash_operator' retrieved from /home/airflow/.local/lib/python3.8/site-packages/airflow/example_dags/example_bash_operator.py
[2026-08-26T01:01:34.032+0000] {logging_mixin.py:188} INFO - [2026-08-26T01:01:34.031+0000] {dag.py:3047} INFO - Sync 1 DAGs
[2026-08-26T01:01:34.058+0000] {logging_mixin.py:188} INFO - [2026-08-26T01:01:34.057+0000] {dag.py:3834} INFO - Setting next_dagrun for example_bash_operator to 2026-08-25 00:00:00+00:00, run_after=2026-08-26 00:00:00+00:00
[2026-08-26T01:01:34.079+0000] {processor.py:183} INFO - Processing /home/airflow/.local/lib/python3.8/site-packages/airflow/example_dags/example_bash_operator.py took 0.103 seconds
[2026-08-26T01:02:04.409+0000] {processor.py:161} INFO - Started process (PID=2010) to work on /home/airflow/.local/lib/python3.8/site-packages/airflow/example_dags/example_bash_operator.py
[2026-08-26T01:02:04.411+0000] {processor.py:830} INFO - Processing file /home/airflow/.local/lib/python3.8/site-packages/airflow/example_dags/example_bash_operator.py for tasks to queue
[2026-08-26T01:02:04.414+0000] {logging_mixin.py:188} INFO - [2026-08-26T01:02:04.414+0000] {dagbag.py:540} INFO - Filling up the DagBag from /home/airflow/.local/lib/python3.8/site-packages/airflow/example_dags/example_bash_operator.py
[2026-08-26T01:02:04.431+0000] {processor.py:840} INFO - DAG(s) 'example_bash_operator' retrieved from /home/airflow/.local/lib/python3.8/site-packages/airflow/example_dags/example_bash_operator.py
[2026-08-26T01:02:04.470+0000] {logging_mixin.py:188} INFO - [2026-08-26T01:02:04.470+0000] {dag.py:3047} INFO - Sync 1 DAGs
[2026-08-26T01:02:04.499+0000] {logging_mixin.py:188} INFO - [2026-08-26T01:02:04.499+0000] {dag.py:3834} INFO - Setting next_dagrun for example_bash_operator to 2026-08-25 00:00:00+00:00, run_after=2026-08-26 00:00:00+00:00
[2026-08-26T01:02:04.524+0000] {processor.py:183} INFO - Processing /home/airflow/.local/lib/python3.8/site-packages/airflow/example_dags/example_bash_operator.py took 0.122 seconds
[2026-08-26T01:02:35.111+0000] {processor.py:161} INFO - Started process (PID=2067) to work on /home/airflow/.local/lib/python3.8/site-packages/airflow/example_dags/example_bash_operator.py
[2026-08-26T01:02:35.113+0000] {processor.py:830} INFO - Processing file /home/airflow/.local/lib/python3.8/site-packages/airflow/example_dags/example_bash_operator.py for tasks to queue
[2026-08-26T01:02:35.116+0000] {logging_mixin.py:188} INFO - [2026-08-26T01:02:35.116+0000] {dagbag.py:540} INFO - Filling up the DagBag from /home/airflow/.local/lib/python3.8/site-packages/airflow/example_dags/example_bash_operator.py
[2026-08-26T01:02:35.131+0000] {processor.py:840} INFO - DAG(s) 'example_bash_operator' retrieved from /home/airflow/.local/lib/python3.8/site-packages/airflow/example_dags/example_bash_operator.py
[2026-08-26T01:02:35.164+0000] {logging_mixin.py:188} INFO - [2026-08-26T01:02:35.163+0000] {dag.py:3047} INFO - Sync 1 DAGs
[2026-08-26T01:02:35.189+0000] {logging_mixin.py:188} INFO - [2026-08-26T01:02:35.189+0000] {dag.py:3834} INFO - Setting next_dagrun for example_bash_operator to 2026-08-25 00:00:00+00:00, run_after=2026-08-26 00:00:00+00:00
[2026-08-26T01:02:35.216+0000] {processor.py:183} INFO - Processing /home/airflow/.local/lib/python3.8/site-packages/airflow/example_dags/example_bash_operator.py took 0.110 seconds
[2026-08-26T01:03:05.768+0000] {processor.py:161} INFO - Started process (PID=2124) to work on /home/airflow/.local/lib/python3.8/site-packages/airflow/example_dags/example_bash_operator.py
[2026-08-26T01:03:05.769+0000] {processor.py:830} INFO - Processing file /home/airflow/.local/lib/python3.8/site-packages/airflow/example_dags/example_bash_operator.py for tasks to queue
[2026-08-26T01:03:05.772+0000] {logging_mixin.py:188} INFO - [2026-08-26T01:03:05.772+0000] {dagbag.py:540} INFO - Filling up the DagBag from /home/airflow/.local/lib/python3.8/site-packages/airflow/example_dags/example_bash_operator.py
[2026-08-26T01:03:05.788+0000] {processor.py:840} INFO - DAG(s) 'example_bash_operator' retrieved from /home/airflow/.local/lib/python3.8/site-packages/airflow/example_dags/example_bash_operator.py
[2026-08-26T01:03:05.830+0000] {logging_mixin.py:188} INFO - [2026-08-26T01:03:05.830+0000] {dag.py:3047} INFO - Sync 1 DAGs
[2026-08-26T01:03:05.859+0000] {logging_mixin.py:188} INFO - [2026-08-26T01:03:05.859+0000] {dag.py:3834} INFO - Setting next_dagrun for example_bash_operator to 2026-08-25 00:00:00+00:00, run_after=2026-08-26 00:00:00+00:00
[2026-08-26T01:03:05.886+0000] {processor.py:183} INFO - Processing /home/airflow/.local/lib/python3.8/site-packages/airflow/example_dags/example_bash_operator.py took 0.126 seconds
[2026-08-26T01:03:36.875+0000] {processor.py:161} INFO - Started process (PID=2181) to work on /home/airflow/.local/lib/python3.8/site-packages/airflow/example_dags/example_bash_operator.py
[2026-08-26T01:03:36.877+0000] {processor.py:830} INFO - Processing file /home/airflow/.local/lib/python3.8/site-packages/airflow/example_dags/example_bash_operator.py for tasks to queue
[2026-08-26T01:03:36.880+0000] {logging_mixin.py:188} INFO - [2026-08-26T01:03:36.879+0000] {dagbag.py:540} INFO - Filling up the DagBag from /home/airflow/.local/lib/python3.8/site-packages/airflow/example_dags/example_bash_operator.py
[2026-08-26T01:03:36.893+0000] {processor.py:840} INFO - DAG(s) 'example_bash_operator' retrieved from /home/airflow/.local/lib/python3.8/site-packages/airflow/example_dags/example_bash_operator.py
[2026-08-26T01:03:36.924+0000] {logging_mixin.py:188} INFO - [2026-08-26T01:03:36.924+0000] {dag.py:3047} INFO - Sync 1 DAGs
[2026-08-26T01:03:36.950+0000] {logging_mixin.py:188} INFO - [2026-08-26T01:03:36.950+0000] {dag.py:3834} INFO - Setting next_dagrun for example_bash_operator to 2026-08-25 00:00:00+00:00, run_after=2026-08-26 00:00:00+00:00
[2026-08-26T01:03:36.974+0000] {processor.py:183} INFO - Processing /home/airflow/.local/lib/python3.8/site-packages/airflow/example_dags/example_bash_operator.py took 0.102 seconds
[2026-08-26T01:04:07.460+0000] {processor.py:161} INFO - Started process (PID=2238) to work on /home/airflow/.local/lib/python3.8/site-packages/airflow/example_dags/example_bash_operator.py
[2026-08-26T01:04:07.462+0000] {processor.py:830} INFO - Processing file /home/airflow/.local/lib/python3.8/site-packages/airflow/example_dags/example_bash_operator.py for tasks to queue
[2026-08-26T01:04:07.466+0000] {logging_mixin.py:188} INFO - [2026-08-26T01:04:07.465+0000] {dagbag.py:540} INFO - Filling up the DagBag from /home/airflow/.local/lib/python3.8/site-packages/airflow/example_dags/example_bash_operator.py
[2026-08-26T01:04:07.481+0000] {processor.py:840} INFO - DAG(s) 'example_bash_operator' retrieved from /home/airflow/.local/lib/python3.8/site-packages/airflow/example_dags/example_bash_operator.py
[2026-08-26T01:04:07.522+0000] {logging_mixin.py:188} INFO - [2026-08-26T01:04:07.521+0000] {dag.py:3047} INFO - Sync 1 DAGs
[2026-08-26T01:04:07.550+0000] {logging_mixin.py:188} INFO - [2026-08-26T01:04:07.550+0000] {dag.py:3834} INFO - Setting next_dagrun for example_bash_operator to 2026-08-25 00:00:00+00:00, run_after=2026-08-26 00:00:00+00:00
[2026-08-26T01:04:07.576+0000] {processor.py:183} INFO - Processing /home/airflow/.local/lib/python3.8/site-packages/airflow/example_dags/example_bash_operator.py took 0.123 seconds
[2026-08-26T01:04:37.904+0000] {processor.py:161} INFO - Started process (PID=2295) to work on /home/airflow/.local/lib/python3.8/site-packages/airflow/example_dags/example_bash_operator.py
[2026-08-26T01:04:37.906+0000] {processor.py:830} INFO - Processing file /home/airflow/.local/lib/python3.8/site-packages/airflow/example_dags/example_bash_operator.py for tasks to queue
[2026-08-26T01:04:37.909+0000] {logging_mixin.py:188} INFO - [2026-08-26T01:04:37.909+0000] {dagbag.py:540} INFO - Filling up the DagBag from /home/airflow/.local/lib/python3.8/site-packages/airflow/example_dags/example_bash_operator.py
[2026-08-26T01:04:37.925+0000] {processor.py:840} INFO - DAG(s) 'example_bash_operator' retrieved from /home/airflow/.local/lib/python3.8/site-packages/airflow/example_dags/example_bash_operator.py
[2026-08-26T01:04:37.963+0000] {logging_mixin.py:188} INFO - [2026-08-26T01:04:37.963+0000] {dag.py:3047} INFO - Sync 1 DAGs
[2026-08-26T01:04:37.996+0000] {logging_mixin.py:188} INFO - [2026-08-26T01:04:37.995+0000] {dag.py:3834} INFO - Setting next_dagrun for example_bash_operator to 2026-08-25 00:00:00+00:00, run_after=2026-08-26 00:00:00+00:00
[2026-08-26T01:04:38.024+0000] {processor.py:183} INFO - Processing /home/airflow/.local/lib/python3.8/site-packages/airflow/example_dags/example_bash_operator.py took 0.128 seconds
[2026-08-26T17:48:04.521+0000] {processor.py:161} INFO - Started process (PID=79) to work on /home/airflow/.local/lib/python3.8/site-packages/airflow/example_dags/example_bash_operator.py
[2026-08-26T17:48:04.528+0000] {processor.py:830} INFO - Processing file /home/airflow/.local/lib/python3.8/site-packages/airflow/example_dags/example_bash_operator.py for tasks to queue
[2026-08-26T17:48:04.533+0000] {logging_mixin.py:188} INFO - [2026-08-26T17:48:04.532+0000] {dagbag.py:540} INFO - Filling up the DagBag from /home/airflow/.local/lib/python3.8/site-packages/airflow/example_dags/example_bash_operator.py
[2026-08-26T17:48:04.581+0000] {processor.py:840} INFO - DAG(s) 'example_bash_operator' retrieved from /home/airflow/.local/lib/python3.8/site-packages/airflow/example_dags/example_bash_operator.py
[2026-08-26T17:48:04.715+0000] {logging_mixin.py:188} INFO - [2026-08-26T17:48:04.715+0000] {dag.py:3047} INFO - Sync 1 DAGs
[2026-08-26T17:48:04.773+0000] {logging_mixin.py:188} INFO - [2026-08-26T17:48:04.772+0000] {dag.py:3834} INFO - Setting next_dagrun for example_bash_operator to 2026-08-25 00:00:00+00:00, run_after=2026-08-26 00:00:00+00:00
[2026-08-26T17:48:04.831+0000] {processor.py:183} INFO - Processing /home/airflow/.local/lib/python3.8/site-packages/airflow/example_dags/example_bash_operator.py took 0.321 seconds
[2026-08-26T17:48:35.449+0000] {processor.py:161} INFO - Started process (PID=136) to work on /home/airflow/.local/lib/python3.8/site-packages/airflow/example_dags/example_bash_operator.py
[2026-08-26T17:48:35.452+0000] {processor.py:830} INFO - Processing file /home/airflow/.local/lib/python3.8/site-packages/airflow/example_dags/example_bash_operator.py for tasks to queue
[2026-08-26T17:48:35.457+0000] {logging_mixin.py:188} INFO - [2026-08-26T17:48:35.456+0000] {dagbag.py:540} INFO - Filling up the DagBag from /home/airflow/.local/lib/python3.8/site-packages/airflow/example_dags/example_bash_operator.py
[2026-08-26T17:48:35.478+0000] {processor.py:840} INFO - DAG(s) 'example_bash_operator' retrieved from /home/airflow/.local/lib/python3.8/site-packages/airflow/example_dags/example_bash_operator.py
[2026-08-26T17:48:35.519+0000] {logging_mixin.py:188} INFO - [2026-08-26T17:48:35.518+0000] {dag.py:3047} INFO - Sync 1 DAGs
[2026-08-26T17:48:35.549+0000] {logging_mixin.py:188} INFO - [2026-08-26T17:48:35.549+0000] {dag.py:3834} INFO - Setting next_dagrun for example_bash_operator to 2026-08-25 00:00:00+00:00, run_after=2026-08-26 00:00:00+00:00
[2026-08-26T17:48:35.577+0000] {processor.py:183} INFO - Processing /home/airflow/.local/lib/python3.8/site-packages/airflow/example_dags/example_bash_operator.py took 0.133 seconds
[2026-08-26T17:49:05.759+0000] {processor.py:161} INFO - Started process (PID=191) to work on /home/airflow/.local/lib/python3.8/site-packages/airflow/example_dags/example_bash_operator.py
[2026-08-26T17:49:05.760+0000] {processor.py:830} INFO - Processing file /home/airflow/.local/lib/python3.8/site-packages/airflow/example_dags/example_bash_operator.py for tasks to queue
[2026-08-26T17:49:05.764+0000] {logging_mixin.py:188} INFO - [2026-08-26T17:49:05.763+0000] {dagbag.py:540} INFO - Filling up the DagBag from /home/airflow/.local/lib/python3.8/site-packages/airflow/example_dags/example_bash_operator.py
[2026-08-26T17:49:05.795+0000] {processor.py:840} INFO - DAG(s) 'example_bash_operator' retrieved from /home/airflow/.local/lib/python3.8/site-packages/airflow/example_dags/example_bash_operator.py
[2026-08-26T17:49:05.860+0000] {logging_mixin.py:188} INFO - [2026-08-26T17:49:05.859+0000] {dag.py:3047} INFO - Sync 1 DAGs
[2026-08-26T17:49:05.913+0000] {logging_mixin.py:188} INFO - [2026-08-26T17:49:05.913+0000] {dag.py:3834} INFO - Setting next_dagrun for example_bash_operator to 2026-08-25 00:00:00+00:00, run_after=2026-08-26 00:00:00+00:00
[2026-08-26T17:49:05.955+0000] {processor.py:183} INFO - Processing /home/airflow/.local/lib/python3.8/site-packages/airflow/example_dags/example_bash_operator.py took 0.205 seconds
[2026-08-26T17:49:36.453+0000] {processor.py:161} INFO - Started process (PID=248) to work on /home/airflow/.local/lib/python3.8/site-packages/airflow/example_dags/example_bash_operator.py
[2026-08-26T17:49:36.455+0000] {processor.py:830} INFO - Processing file /home/airflow/.local/lib/python3.8/site-packages/airflow/example_dags/example_bash_operator.py for tasks to queue
[2026-08-26T17:49:36.459+0000] {logging_mixin.py:188} INFO - [2026-08-26T17:49:36.459+0000] {dagbag.py:540} INFO - Filling up the DagBag from /home/airflow/.local/lib/python3.8/site-packages/airflow/example_dags/example_bash_operator.py
[2026-08-26T17:49:36.488+0000] {processor.py:840} INFO - DAG(s) 'example_bash_operator' retrieved from /home/airflow/.local/lib/python3.8/site-packages/airflow/example_dags/example_bash_operator.py
[2026-08-26T17:49:36.548+0000] {logging_mixin.py:188} INFO - [2026-08-26T17:49:36.547+0000] {dag.py:3047} INFO - Sync 1 DAGs
[2026-08-26T17:49:36.601+0000] {logging_mixin.py:188} INFO - [2026-08-26T17:49:36.601+0000] {dag.py:3834} INFO - Setting next_dagrun for example_bash_operator to 2026-08-25 00:00:00+00:00, run_after=2026-08-26 00:00:00+00:00
[2026-08-26T17:49:36.642+0000] {processor.py:183} INFO - Processing /home/airflow/.local/lib/python3.8/site-packages/airflow/example_dags/example_bash_operator.py took 0.198 seconds
[2026-08-26T17:50:06.982+0000] {processor.py:161} INFO - Started process (PID=305) to work on /home/airflow/.local/lib/python3.8/site-packages/airflow/example_dags/example_bash_operator.py
[2026-08-26T17:50:06.986+0000] {processor.py:830} INFO - Processing file /home/airflow/.local/lib/python3.8/site-packages/airflow/example_dags/example_bash_operator.py for tasks to queue
[2026-08-26T17:50:06.989+0000] {logging_mixin.py:188} INFO - [2026-08-26T17:50:06.989+0000] {dagbag.py:540} INFO - Filling up the DagBag from /home/airflow/.local/lib/python3.8/site-packages/airflow/example_dags/example_bash_operator.py
[2026-08-26T17:50:07.034+0000] {processor.py:840} INFO - DAG(s) 'example_bash_operator' retrieved from /home/airflow/.local/lib/python3.8/site-packages/airflow/example_dags/example_bash_operator.py
[2026-08-26T17:50:07.157+0000] {logging_mixin.py:188} INFO - [2026-08-26T17:50:07.156+0000] {dag.py:3047} INFO - Sync 1 DAGs
[2026-08-26T17:50:07.286+0000] {logging_mixin.py:188} INFO - [2026-08-26T17:50:07.286+0000] {dag.py:3834} INFO - Setting next_dagrun for example_bash_operator to 2026-08-25 00:00:00+00:00, run_after=2026-08-26 00:00:00+00:00
[2026-08-26T17:50:07.395+0000] {processor.py:183} INFO - Processing /home/airflow/.local/lib/python3.8/site-packages/airflow/example_dags/example_bash_operator.py took 0.427 seconds
[2026-08-26T17:50:37.504+0000] {processor.py:161} INFO - Started process (PID=362) to work on /home/airflow/.local/lib/python3.8/site-packages/airflow/example_dags/example_bash_operator.py
[2026-08-26T17:50:37.506+0000] {processor.py:830} INFO - Processing file /home/airflow/.local/lib/python3.8/site-packages/airflow/example_dags/example_bash_operator.py for tasks to queue
[2026-08-26T17:50:37.512+0000] {logging_mixin.py:188} INFO - [2026-08-26T17:50:37.511+0000] {dagbag.py:540} INFO - Filling up the DagBag from /home/airflow/.local/lib/python3.8/site-packages/airflow/example_dags/example_bash_operator.py
[2026-08-26T17:50:37.534+0000] {processor.py:840} INFO - DAG(s) 'example_bash_operator' retrieved from /home/airflow/.local/lib/python3.8/site-packages/airflow/example_dags/example_bash_operator.py
[2026-08-26T17:50:37.579+0000] {logging_mixin.py:188} INFO - [2026-08-26T17:50:37.578+0000] {dag.py:3047} INFO - Sync 1 DAGs
[2026-08-26T17:50:37.615+0000] {logging_mixin.py:188} INFO - [2026-08-26T17:50:37.614+0000] {dag.py:3834} INFO - Setting next_dagrun for example_bash_operator to 2026-08-25 00:00:00+00:00, run_after=2026-08-26 00:00:00+00:00
[2026-08-26T17:50:37.638+0000] {processor.py:183} INFO - Processing /home/airflow/.local/lib/python3.8/site-packages/airflow/example_dags/example_bash_operator.py took 0.138 seconds
[2026-08-26T17:51:07.830+0000] {processor.py:161} INFO - Started process (PID=419) to work on /home/airflow/.local/lib/python3.8/site-packages/airflow/example_dags/example_bash_operator.py
[2026-08-26T17:51:07.834+0000] {processor.py:830} INFO - Processing file /home/airflow/.local/lib/python3.8/site-packages/airflow/example_dags/example_bash_operator.py for tasks to queue
[2026-08-26T17:51:07.845+0000] {logging_mixin.py:188} INFO - [2026-08-26T17:51:07.845+0000] {dagbag.py:540} INFO - Filling up the DagBag from /home/airflow/.local/lib/python3.8/site-packages/airflow/example_dags/example_bash_operator.py
[2026-08-26T17:51:07.895+0000] {processor.py:840} INFO - DAG(s) 'example_bash_operator' retrieved from /home/airflow/.local/lib/python3.8/site-packages/airflow/example_dags/example_bash_operator.py
[2026-08-26T17:51:07.964+0000] {logging_mixin.py:188} INFO - [2026-08-26T17:51:07.964+0000] {dag.py:3047} INFO - Sync 1 DAGs
[2026-08-26T17:51:07.998+0000] {logging_mixin.py:188} INFO - [2026-08-26T17:51:07.998+0000] {dag.py:3834} INFO - Setting next_dagrun for example_bash_operator to 2026-08-25 00:00:00+00:00, run_after=2026-08-26 00:00:00+00:00
[2026-08-26T17:51:08.025+0000] {processor.py:183} INFO - Processing /home/airflow/.local/lib/python3.8/site-packages/airflow/example_dags/example_bash_operator.py took 0.208 seconds
[2026-08-26T17:51:38.169+0000] {processor.py:161} INFO - Started process (PID=477) to work on /home/airflow/.local/lib/python3.8/site-packages/airflow/example_dags/example_bash_operator.py
[2026-08-26T17:51:38.172+0000] {processor.py:830} INFO - Processing file /home/airflow/.local/lib/python3.8/site-packages/airflow/example_dags/example_bash_operator.py for tasks to queue
[2026-08-26T17:51:38.175+0000] {logging_mixin.py:188} INFO - [2026-08-26T17:51:38.175+0000] {dagbag.py:540} INFO - Filling up the DagBag from /home/airflow/.local/lib/python3.8/site-packages/airflow/example_dags/example_bash_operator.py
[2026-08-26T17:51:38.194+0000] {processor.py:840} INFO - DAG(s) 'example_bash_operator' retrieved from /home/airflow/.local/lib/python3.8/site-packages/airflow/example_dags/example_bash_operator.py
[2026-08-26T17:51:38.231+0000] {logging_mixin.py:188} INFO - [2026-08-26T17:51:38.230+0000] {dag.py:3047} INFO - Sync 1 DAGs
[2026-08-26T17:51:38.266+0000] {logging_mixin.py:188} INFO - [2026-08-26T17:51:38.265+0000] {dag.py:3834} INFO - Setting next_dagrun for example_bash_operator to 2026-08-25 00:00:00+00:00, run_after=2026-08-26 00:00:00+00:00
[2026-08-26T17:51:38.292+0000] {processor.py:183} INFO - Processing /home/airflow/.local/lib/python3.8/site-packages/airflow/example_dags/example_bash_operator.py took 0.129 seconds
[2026-08-26T17:52:08.964+0000] {processor.py:161} INFO - Started process (PID=534) to work on /home/airflow/.local/lib/python3.8/site-packages/airflow/example_dags/example_bash_operator.py
[2026-08-26T17:52:08.973+0000] {processor.py:830} INFO - Processing file /home/airflow/.local/lib/python3.8/site-packages/airflow/example_dags/example_bash_operator.py for tasks to queue
[2026-08-26T17:52:08.979+0000] {logging_mixin.py:188} INFO - [2026-08-26T17:52:08.978+0000] {dagbag.py:540} INFO - Filling up the DagBag from /home/airflow/.local/lib/python3.8/site-packages/airflow/example_dags/example_bash_operator.py
[2026-08-26T17:52:09.048+0000] {processor.py:840} INFO - DAG(s) 'example_bash_operator' retrieved from /home/airflow/.local/lib/python3.8/site-packages/airflow/example_dags/example_bash_operator.py
[2026-08-26T17:52:09.180+0000] {logging_mixin.py:188} INFO - [2026-08-26T17:52:09.180+0000] {dag.py:3047} INFO - Sync 1 DAGs
[2026-08-26T17:52:09.257+0000] {logging_mixin.py:188} INFO - [2026-08-26T17:52:09.257+0000] {dag.py:3834} INFO - Setting next_dagrun for example_bash_operator to 2026-08-25 00:00:00+00:00, run_after=2026-08-26 00:00:00+00:00
[2026-08-26T17:52:09.294+0000] {processor.py:183} INFO - Processing /home/airflow/.local/lib/python3.8/site-packages/airflow/example_dags/example_bash_operator.py took 0.343 seconds
[2026-08-26T17:52:39.609+0000] {processor.py:161} INFO - Started process (PID=591) to work on /home/airflow/.local/lib/python3.8/site-packages/airflow/example_dags/example_bash_operator.py
[2026-08-26T17:52:39.612+0000] {processor.py:830} INFO - Processing file /home/airflow/.local/lib/python3.8/site-packages/airflow/example_dags/example_bash_operator.py for tasks to queue
[2026-08-26T17:52:39.617+0000] {logging_mixin.py:188} INFO - [2026-08-26T17:52:39.617+0000] {dagbag.py:540} INFO - Filling up the DagBag from /home/airflow/.local/lib/python3.8/site-packages/airflow/example_dags/example_bash_operator.py
[2026-08-26T17:52:39.639+0000] {processor.py:840} INFO - DAG(s) 'example_bash_operator' retrieved from /home/airflow/.local/lib/python3.8/site-packages/airflow/example_dags/example_bash_operator.py
[2026-08-26T17:52:39.700+0000] {logging_mixin.py:188} INFO - [2026-08-26T17:52:39.699+0000] {dag.py:3047} INFO - Sync 1 DAGs
[2026-08-26T17:52:39.742+0000] {logging_mixin.py:188} INFO - [2026-08-26T17:52:39.742+0000] {dag.py:3834} INFO - Setting next_dagrun for example_bash_operator to 2026-08-25 00:00:00+00:00, run_after=2026-08-26 00:00:00+00:00
[2026-08-26T17:52:39.770+0000] {processor.py:183} INFO - Processing /home/airflow/.local/lib/python3.8/site-packages/airflow/example_dags/example_bash_operator.py took 0.165 seconds
[2026-08-26T17:53:10.306+0000] {processor.py:161} INFO - Started process (PID=649) to work on /home/airflow/.local/lib/python3.8/site-packages/airflow/example_dags/example_bash_operator.py
[2026-08-26T17:53:10.309+0000] {processor.py:830} INFO - Processing file /home/airflow/.local/lib/python3.8/site-packages/airflow/example_dags/example_bash_operator.py for tasks to queue
[2026-08-26T17:53:10.319+0000] {logging_mixin.py:188} INFO - [2026-08-26T17:53:10.317+0000] {dagbag.py:540} INFO - Filling up the DagBag from /home/airflow/.local/lib/python3.8/site-packages/airflow/example_dags/example_bash_operator.py
[2026-08-26T17:53:10.356+0000] {processor.py:840} INFO - DAG(s) 'example_bash_operator' retrieved from /home/airflow/.local/lib/python3.8/site-packages/airflow/example_dags/example_bash_operator.py
[2026-08-26T17:53:10.420+0000] {logging_mixin.py:188} INFO - [2026-08-26T17:53:10.420+0000] {dag.py:3047} INFO - Sync 1 DAGs
[2026-08-26T17:53:10.483+0000] {logging_mixin.py:188} INFO - [2026-08-26T17:53:10.481+0000] {dag.py:3834} INFO - Setting next_dagrun for example_bash_operator to 2026-08-25 00:00:00+00:00, run_after=2026-08-26 00:00:00+00:00
[2026-08-26T17:53:10.517+0000] {processor.py:183} INFO - Processing /home/airflow/.local/lib/python3.8/site-packages/airflow/example_dags/example_bash_operator.py took 0.231 seconds
[2026-08-26T17:53:40.637+0000] {processor.py:161} INFO - Started process (PID=706) to work on /home/airflow/.local/lib/python3.8/site-packages/airflow/example_dags/example_bash_operator.py
[2026-08-26T17:53:40.638+0000] {processor.py:830} INFO - Processing file /home/airflow/.local/lib/python3.8/site-packages/airflow/example_dags/example_bash_operator.py for tasks to queue
[2026-08-26T17:53:40.645+0000] {logging_mixin.py:188} INFO - [2026-08-26T17:53:40.645+0000] {dagbag.py:540} INFO - Filling up the DagBag from /home/airflow/.local/lib/python3.8/site-packages/airflow/example_dags/example_bash_operator.py
[2026-08-26T17:53:40.663+0000] {processor.py:840} INFO - DAG(s) 'example_bash_operator' retrieved from /home/airflow/.local/lib/python3.8/site-packages/airflow/example_dags/example_bash_operator.py
[2026-08-26T17:53:40.718+0000] {logging_mixin.py:188} INFO - [2026-08-26T17:53:40.718+0000] {dag.py:3047} INFO - Sync 1 DAGs
[2026-08-26T17:53:40.771+0000] {logging_mixin.py:188} INFO - [2026-08-26T17:53:40.771+0000] {dag.py:3834} INFO - Setting next_dagrun for example_bash_operator to 2026-08-25 00:00:00+00:00, run_after=2026-08-26 00:00:00+00:00
[2026-08-26T17:53:40.808+0000] {processor.py:183} INFO - Processing /home/airflow/.local/lib/python3.8/site-packages/airflow/example_dags/example_bash_operator.py took 0.175 seconds
[2026-08-26T17:54:11.021+0000] {processor.py:161} INFO - Started process (PID=763) to work on /home/airflow/.local/lib/python3.8/site-packages/airflow/example_dags/example_bash_operator.py
[2026-08-26T17:54:11.025+0000] {processor.py:830} INFO - Processing file /home/airflow/.local/lib/python3.8/site-packages/airflow/example_dags/example_bash_operator.py for tasks to queue
[2026-08-26T17:54:11.030+0000] {logging_mixin.py:188} INFO - [2026-08-26T17:54:11.029+0000] {dagbag.py:540} INFO - Filling up the DagBag from /home/airflow/.local/lib/python3.8/site-packages/airflow/example_dags/example_bash_operator.py
[2026-08-26T17:54:11.051+0000] {processor.py:840} INFO - DAG(s) 'example_bash_operator' retrieved from /home/airflow/.local/lib/python3.8/site-packages/airflow/example_dags/example_bash_operator.py
[2026-08-26T17:54:11.097+0000] {logging_mixin.py:188} INFO - [2026-08-26T17:54:11.097+0000] {dag.py:3047} INFO - Sync 1 DAGs
[2026-08-26T17:54:11.133+0000] {logging_mixin.py:188} INFO - [2026-08-26T17:54:11.133+0000] {dag.py:3834} INFO - Setting next_dagrun for example_bash_operator to 2026-08-25 00:00:00+00:00, run_after=2026-08-26 00:00:00+00:00
[2026-08-26T17:54:11.163+0000] {processor.py:183} INFO - Processing /home/airflow/.local/lib/python3.8/site-packages/airflow/example_dags/example_bash_operator.py took 0.147 seconds
[2026-08-26T17:54:41.510+0000] {processor.py:161} INFO - Started process (PID=820) to work on /home/airflow/.local/lib/python3.8/site-packages/airflow/example_dags/example_bash_operator.py
[2026-08-26T17:54:41.512+0000] {processor.py:830} INFO - Processing file /home/airflow/.local/lib/python3.8/site-packages/airflow/example_dags/example_bash_operator.py for tasks to queue
[2026-08-26T17:54:41.515+0000] {logging_mixin.py:188} INFO - [2026-08-26T17:54:41.515+0000] {dagbag.py:540} INFO - Filling up the DagBag from /home/airflow/.local/lib/python3.8/site-packages/airflow/example_dags/example_bash_operator.py
[2026-08-26T17:54:41.538+0000] {processor.py:840} INFO - DAG(s) 'example_bash_operator' retrieved from /home/airflow/.local/lib/python3.8/site-packages/airflow/example_dags/example_bash_operator.py
[2026-08-26T17:54:41.582+0000] {logging_mixin.py:188} INFO - [2026-08-26T17:54:41.581+0000] {dag.py:3047} INFO - Sync 1 DAGs
[2026-08-26T17:54:41.614+0000] {logging_mixin.py:188} INFO - [2026-08-26T17:54:41.614+0000] {dag.py:3834} INFO - Setting next_dagrun for example_bash_operator to 2026-08-25 00:00:00+00:00, run_after=2026-08-26 00:00:00+00:00
[2026-08-26T17:54:41.643+0000] {processor.py:183} INFO - Processing /home/airflow/.local/lib/python3.8/site-packages/airflow/example_dags/example_bash_operator.py took 0.137 seconds
[2026-08-26T17:55:12.105+0000] {processor.py:161} INFO - Started process (PID=877) to work on /home/airflow/.local/lib/python3.8/site-packages/airflow/example_dags/example_bash_operator.py
[2026-08-26T17:55:12.108+0000] {processor.py:830} INFO - Processing file /home/airflow/.local/lib/python3.8/site-packages/airflow/example_dags/example_bash_operator.py for tasks to queue
[2026-08-26T17:55:12.111+0000] {logging_mixin.py:188} INFO - [2026-08-26T17:55:12.111+0000] {dagbag.py:540} INFO - Filling up the DagBag from /home/airflow/.local/lib/python3.8/site-packages/airflow/example_dags/example_bash_operator.py
[2026-08-26T17:55:12.138+0000] {processor.py:840} INFO - DAG(s) 'example_bash_operator' retrieved from /home/airflow/.local/lib/python3.8/site-packages/airflow/example_dags/example_bash_operator.py
[2026-08-26T17:55:12.180+0000] {logging_mixin.py:188} INFO - [2026-08-26T17:55:12.180+0000] {dag.py:3047} INFO - Sync 1 DAGs
[2026-08-26T17:55:12.219+0000] {logging_mixin.py:188} INFO - [2026-08-26T17:55:12.218+0000] {dag.py:3834} INFO - Setting next_dagrun for example_bash_operator to 2026-08-25 00:00:00+00:00, run_after=2026-08-26 00:00:00+00:00
[2026-08-26T17:55:12.249+0000] {processor.py:183} INFO - Processing /home/airflow/.local/lib/python3.8/site-packages/airflow/example_dags/example_bash_operator.py took 0.152 seconds
[2026-08-26T17:55:42.496+0000] {processor.py:161} INFO - Started process (PID=934) to work on /home/airflow/.local/lib/python3.8/site-packages/airflow/example_dags/example_bash_operator.py
[2026-08-26T17:55:42.501+0000] {processor.py:830} INFO - Processing file /home/airflow/.local/lib/python3.8/site-packages/airflow/example_dags/example_bash_operator.py for tasks to queue
[2026-08-26T17:55:42.511+0000] {logging_mixin.py:188} INFO - [2026-08-26T17:55:42.510+0000] {dagbag.py:540} INFO - Filling up the DagBag from /home/airflow/.local/lib/python3.8/site-packages/airflow/example_dags/example_bash_operator.py
[2026-08-26T17:55:42.556+0000] {processor.py:840} INFO - DAG(s) 'example_bash_operator' retrieved from /home/airflow/.local/lib/python3.8/site-packages/airflow/example_dags/example_bash_operator.py
[2026-08-26T17:55:42.654+0000] {logging_mixin.py:188} INFO - [2026-08-26T17:55:42.653+0000] {dag.py:3047} INFO - Sync 1 DAGs
[2026-08-26T17:55:42.726+0000] {logging_mixin.py:188} INFO - [2026-08-26T17:55:42.725+0000] {dag.py:3834} INFO - Setting next_dagrun for example_bash_operator to 2026-08-25 00:00:00+00:00, run_after=2026-08-26 00:00:00+00:00
[2026-08-26T17:55:42.789+0000] {processor.py:183} INFO - Processing /home/airflow/.local/lib/python3.8/site-packages/airflow/example_dags/example_bash_operator.py took 0.303 seconds
[2026-08-26T17:56:13.025+0000] {processor.py:161} INFO - Started process (PID=991) to work on /home/airflow/.local/lib/python3.8/site-packages/airflow/example_dags/example_bash_operator.py
[2026-08-26T17:56:13.029+0000] {processor.py:830} INFO - Processing file /home/airflow/.local/lib/python3.8/site-packages/airflow/example_dags/example_bash_operator.py for tasks to queue
[2026-08-26T17:56:13.033+0000] {logging_mixin.py:188} INFO - [2026-08-26T17:56:13.032+0000] {dagbag.py:540} INFO - Filling up the DagBag from /home/airflow/.local/lib/python3.8/site-packages/airflow/example_dags/example_bash_operator.py
[2026-08-26T17:56:13.051+0000] {processor.py:840} INFO - DAG(s) 'example_bash_operator' retrieved from /home/airflow/.local/lib/python3.8/site-packages/airflow/example_dags/example_bash_operator.py
[2026-08-26T17:56:13.090+0000] {logging_mixin.py:188} INFO - [2026-08-26T17:56:13.090+0000] {dag.py:3047} INFO - Sync 1 DAGs
[2026-08-26T17:56:13.123+0000] {logging_mixin.py:188} INFO - [2026-08-26T17:56:13.123+0000] {dag.py:3834} INFO - Setting next_dagrun for example_bash_operator to 2026-08-25 00:00:00+00:00, run_after=2026-08-26 00:00:00+00:00
[2026-08-26T17:56:13.152+0000] {processor.py:183} INFO - Processing /home/airflow/.local/lib/python3.8/site-packages/airflow/example_dags/example_bash_operator.py took 0.131 seconds
[2026-08-26T17:56:43.359+0000] {processor.py:161} INFO - Started process (PID=1048) to work on /home/airflow/.local/lib/python3.8/site-packages/airflow/example_dags/example_bash_operator.py
[2026-08-26T17:56:43.362+0000] {processor.py:830} INFO - Processing file /home/airflow/.local/lib/python3.8/site-packages/airflow/example_dags/example_bash_operator.py for tasks to queue
[2026-08-26T17:56:43.365+0000] {logging_mixin.py:188} INFO - [2026-08-26T17:56:43.365+0000] {dagbag.py:540} INFO - Filling up the DagBag from /home/airflow/.local/lib/python3.8/site-packages/airflow/example_dags/example_bash_operator.py
[2026-08-26T17:56:43.382+0000] {processor.py:840} INFO - DAG(s) 'example_bash_operator' retrieved from /home/airflow/.local/lib/python3.8/site-packages/airflow/example_dags/example_bash_operator.py
[2026-08-26T17:56:43.427+0000] {logging_mixin.py:188} INFO - [2026-08-26T17:56:43.427+0000] {dag.py:3047} INFO - Sync 1 DAGs
[2026-08-26T17:56:43.460+0000] {logging_mixin.py:188} INFO - [2026-08-26T17:56:43.460+0000] {dag.py:3834} INFO - Setting next_dagrun for example_bash_operator to 2026-08-25 00:00:00+00:00, run_after=2026-08-26 00:00:00+00:00
[2026-08-26T17:56:43.487+0000] {processor.py:183} INFO - Processing /home/airflow/.local/lib/python3.8/site-packages/airflow/example_dags/example_bash_operator.py took 0.133 seconds
[2026-08-26T17:57:14.097+0000] {processor.py:161} INFO - Started process (PID=1106) to work on /home/airflow/.local/lib/python3.8/site-packages/airflow/example_dags/example_bash_operator.py
[2026-08-26T17:57:14.099+0000] {processor.py:830} INFO - Processing file /home/airflow/.local/lib/python3.8/site-packages/airflow/example_dags/example_bash_operator.py for tasks to queue
[2026-08-26T17:57:14.102+0000] {logging_mixin.py:188} INFO - [2026-08-26T17:57:14.101+0000] {dagbag.py:540} INFO - Filling up the DagBag from /home/airflow/.local/lib/python3.8/site-packages/airflow/example_dags/example_bash_operator.py
[2026-08-26T17:57:14.117+0000] {processor.py:840} INFO - DAG(s) 'example_bash_operator' retrieved from /home/airflow/.local/lib/python3.8/site-packages/airflow/example_dags/example_bash_operator.py
[2026-08-26T17:57:14.162+0000] {logging_mixin.py:188} INFO - [2026-08-26T17:57:14.161+0000] {dag.py:3047} INFO - Sync 1 DAGs
[2026-08-26T17:57:14.203+0000] {logging_mixin.py:188} INFO - [2026-08-26T17:57:14.203+0000] {dag.py:3834} INFO - Setting next_dagrun for example_bash_operator to 2026-08-25 00:00:00+00:00, run_after=2026-08-26 00:00:00+00:00
[2026-08-26T17:57:14.239+0000] {processor.py:183} INFO - Processing /home/airflow/.local/lib/python3.8/site-packages/airflow/example_dags/example_bash_operator.py took 0.149 seconds
[2026-08-26T17:57:44.748+0000] {processor.py:161} INFO - Started process (PID=1163) to work on /home/airflow/.local/lib/python3.8/site-packages/airflow/example_dags/example_bash_operator.py
[2026-08-26T17:57:44.751+0000] {processor.py:830} INFO - Processing file /home/airflow/.local/lib/python3.8/site-packages/airflow/example_dags/example_bash_operator.py for tasks to queue
[2026-08-26T17:57:44.756+0000] {logging_mixin.py:188} INFO - [2026-08-26T17:57:44.755+0000] {dagbag.py:540} INFO - Filling up the DagBag from /home/airflow/.local/lib/python3.8/site-packages/airflow/example_dags/example_bash_operator.py
[2026-08-26T17:57:44.777+0000] {processor.py:840} INFO - DAG(s) 'example_bash_operator' retrieved from /home/airflow/.local/lib/python3.8/site-packages/airflow/example_dags/example_bash_operator.py
[2026-08-26T17:57:44.847+0000] {logging_mixin.py:188} INFO - [2026-08-26T17:57:44.847+0000] {dag.py:3047} INFO - Sync 1 DAGs
[2026-08-26T17:57:44.881+0000] {logging_mixin.py:188} INFO - [2026-08-26T17:57:44.881+0000] {dag.py:3834} INFO - Setting next_dagrun for example_bash_operator to 2026-08-25 00:00:00+00:00, run_after=2026-08-26 00:00:00+00:00
[2026-08-26T17:57:44.905+0000] {processor.py:183} INFO - Processing /home/airflow/.local/lib/python3.8/site-packages/airflow/example_dags/example_bash_operator.py took 0.163 seconds
[2026-08-26T17:58:15.477+0000] {processor.py:161} INFO - Started process (PID=1220) to work on /home/airflow/.local/lib/python3.8/site-packages/airflow/example_dags/example_bash_operator.py
[2026-08-26T17:58:15.479+0000] {processor.py:830} INFO - Processing file /home/airflow/.local/lib/python3.8/site-packages/airflow/example_dags/example_bash_operator.py for tasks to queue
[2026-08-26T17:58:15.486+0000] {logging_mixin.py:188} INFO - [2026-08-26T17:58:15.484+0000] {dagbag.py:540} INFO - Filling up the DagBag from /home/airflow/.local/lib/python3.8/site-packages/airflow/example_dags/example_bash_operator.py
[2026-08-26T17:58:15.539+0000] {processor.py:840} INFO - DAG(s) 'example_bash_operator' retrieved from /home/airflow/.local/lib/python3.8/site-packages/airflow/example_dags/example_bash_operator.py
[2026-08-26T17:58:15.627+0000] {logging_mixin.py:188} INFO - [2026-08-26T17:58:15.627+0000] {dag.py:3047} INFO - Sync 1 DAGs
[2026-08-26T17:58:15.671+0000] {logging_mixin.py:188} INFO - [2026-08-26T17:58:15.671+0000] {dag.py:3834} INFO - Setting next_dagrun for example_bash_operator to 2026-08-25 00:00:00+00:00, run_after=2026-08-26 00:00:00+00:00
[2026-08-26T17:58:15.707+0000] {processor.py:183} INFO - Processing /home/airflow/.local/lib/python3.8/site-packages/airflow/example_dags/example_bash_operator.py took 0.237 seconds
[2026-08-26T17:58:45.798+0000] {processor.py:161} INFO - Started process (PID=1277) to work on /home/airflow/.local/lib/python3.8/site-packages/airflow/example_dags/example_bash_operator.py
[2026-08-26T17:58:45.799+0000] {processor.py:830} INFO - Processing file /home/airflow/.local/lib/python3.8/site-packages/airflow/example_dags/example_bash_operator.py for tasks to queue
[2026-08-26T17:58:45.802+0000] {logging_mixin.py:188} INFO - [2026-08-26T17:58:45.802+0000] {dagbag.py:540} INFO - Filling up the DagBag from /home/airflow/.local/lib/python3.8/site-packages/airflow/example_dags/example_bash_operator.py
[2026-08-26T17:58:45.819+0000] {processor.py:840} INFO - DAG(s) 'example_bash_operator' retrieved from /home/airflow/.local/lib/python3.8/site-packages/airflow/example_dags/example_bash_operator.py
[2026-08-26T17:58:45.862+0000] {logging_mixin.py:188} INFO - [2026-08-26T17:58:45.861+0000] {dag.py:3047} INFO - Sync 1 DAGs
[2026-08-26T17:58:45.893+0000] {logging_mixin.py:188} INFO - [2026-08-26T17:58:45.893+0000] {dag.py:3834} INFO - Setting next_dagrun for example_bash_operator to 2026-08-25 00:00:00+00:00, run_after=2026-08-26 00:00:00+00:00
[2026-08-26T17:58:45.920+0000] {processor.py:183} INFO - Processing /home/airflow/.local/lib/python3.8/site-packages/airflow/example_dags/example_bash_operator.py took 0.129 seconds
[2026-08-26T17:59:16.075+0000] {processor.py:161} INFO - Started process (PID=1334) to work on /home/airflow/.local/lib/python3.8/site-packages/airflow/example_dags/example_bash_operator.py
[2026-08-26T17:59:16.079+0000] {processor.py:830} INFO - Processing file /home/airflow/.local/lib/python3.8/site-packages/airflow/example_dags/example_bash_operator.py for tasks to queue
[2026-08-26T17:59:16.083+0000] {logging_mixin.py:188} INFO - [2026-08-26T17:59:16.082+0000] {dagbag.py:540} INFO - Filling up the DagBag from /home/airflow/.local/lib/python3.8/site-packages/airflow/example_dags/example_bash_operator.py
[2026-08-26T17:59:16.108+0000] {processor.py:840} INFO - DAG(s) 'example_bash_operator' retrieved from /home/airflow/.local/lib/python3.8/site-packages/airflow/example_dags/example_bash_operator.py
[2026-08-26T17:59:16.162+0000] {logging_mixin.py:188} INFO - [2026-08-26T17:59:16.162+0000] {dag.py:3047} INFO - Sync 1 DAGs
[2026-08-26T17:59:16.200+0000] {logging_mixin.py:188} INFO - [2026-08-26T17:59:16.200+0000] {dag.py:3834} INFO - Setting next_dagrun for example_bash_operator to 2026-08-25 00:00:00+00:00, run_after=2026-08-26 00:00:00+00:00
[2026-08-26T17:59:16.227+0000] {processor.py:183} INFO - Processing /home/airflow/.local/lib/python3.8/site-packages/airflow/example_dags/example_bash_operator.py took 0.157 seconds
[2026-08-26T17:59:47.008+0000] {processor.py:161} INFO - Started process (PID=1391) to work on /home/airflow/.local/lib/python3.8/site-packages/airflow/example_dags/example_bash_operator.py
[2026-08-26T17:59:47.010+0000] {processor.py:830} INFO - Processing file /home/airflow/.local/lib/python3.8/site-packages/airflow/example_dags/example_bash_operator.py for tasks to queue
[2026-08-26T17:59:47.013+0000] {logging_mixin.py:188} INFO - [2026-08-26T17:59:47.012+0000] {dagbag.py:540} INFO - Filling up the DagBag from /home/airflow/.local/lib/python3.8/site-packages/airflow/example_dags/example_bash_operator.py
[2026-08-26T17:59:47.026+0000] {processor.py:840} INFO - DAG(s) 'example_bash_operator' retrieved from /home/airflow/.local/lib/python3.8/site-packages/airflow/example_dags/example_bash_operator.py
[2026-08-26T17:59:47.060+0000] {logging_mixin.py:188} INFO - [2026-08-26T17:59:47.060+0000] {dag.py:3047} INFO - Sync 1 DAGs
[2026-08-26T17:59:47.087+0000] {logging_mixin.py:188} INFO - [2026-08-26T17:59:47.086+0000] {dag.py:3834} INFO - Setting next_dagrun for example_bash_operator to 2026-08-25 00:00:00+00:00, run_after=2026-08-26 00:00:00+00:00
[2026-08-26T17:59:47.113+0000] {processor.py:183} INFO - Processing /home/airflow/.local/lib/python3.8/site-packages/airflow/example_dags/example_bash_operator.py took 0.108 seconds
[2026-08-26T18:00:17.317+0000] {processor.py:161} INFO - Started process (PID=1448) to work on /home/airflow/.local/lib/python3.8/site-packages/airflow/example_dags/example_bash_operator.py
[2026-08-26T18:00:17.319+0000] {processor.py:830} INFO - Processing file /home/airflow/.local/lib/python3.8/site-packages/airflow/example_dags/example_bash_operator.py for tasks to queue
[2026-08-26T18:00:17.322+0000] {logging_mixin.py:188} INFO - [2026-08-26T18:00:17.321+0000] {dagbag.py:540} INFO - Filling up the DagBag from /home/airflow/.local/lib/python3.8/site-packages/airflow/example_dags/example_bash_operator.py
[2026-08-26T18:00:17.336+0000] {processor.py:840} INFO - DAG(s) 'example_bash_operator' retrieved from /home/airflow/.local/lib/python3.8/site-packages/airflow/example_dags/example_bash_operator.py
[2026-08-26T18:00:17.374+0000] {logging_mixin.py:188} INFO - [2026-08-26T18:00:17.374+0000] {dag.py:3047} INFO - Sync 1 DAGs
[2026-08-26T18:00:17.401+0000] {logging_mixin.py:188} INFO - [2026-08-26T18:00:17.401+0000] {dag.py:3834} INFO - Setting next_dagrun for example_bash_operator to 2026-08-25 00:00:00+00:00, run_after=2026-08-26 00:00:00+00:00
[2026-08-26T18:00:17.424+0000] {processor.py:183} INFO - Processing /home/airflow/.local/lib/python3.8/site-packages/airflow/example_dags/example_bash_operator.py took 0.111 seconds
[2026-08-26T18:00:47.607+0000] {processor.py:161} INFO - Started process (PID=1505) to work on /home/airflow/.local/lib/python3.8/site-packages/airflow/example_dags/example_bash_operator.py
[2026-08-26T18:00:47.609+0000] {processor.py:830} INFO - Processing file /home/airflow/.local/lib/python3.8/site-packages/airflow/example_dags/example_bash_operator.py for tasks to queue
[2026-08-26T18:00:47.612+0000] {logging_mixin.py:188} INFO - [2026-08-26T18:00:47.611+0000] {dagbag.py:540} INFO - Filling up the DagBag from /home/airflow/.local/lib/python3.8/site-packages/airflow/example_dags/example_bash_operator.py
[2026-08-26T18:00:47.630+0000] {processor.py:840} INFO - DAG(s) 'example_bash_operator' retrieved from /home/airflow/.local/lib/python3.8/site-packages/airflow/example_dags/example_bash_operator.py
[2026-08-26T18:00:47.667+0000] {logging_mixin.py:188} INFO - [2026-08-26T18:00:47.666+0000] {dag.py:3047} INFO - Sync 1 DAGs
[2026-08-26T18:00:47.699+0000] {logging_mixin.py:188} INFO - [2026-08-26T18:00:47.698+0000] {dag.py:3834} INFO - Setting next_dagrun for example_bash_operator to 2026-08-25 00:00:00+00:00, run_after=2026-08-26 00:00:00+00:00
[2026-08-26T18:00:47.726+0000] {processor.py:183} INFO - Processing /home/airflow/.local/lib/python3.8/site-packages/airflow/example_dags/example_bash_operator.py took 0.123 seconds
[2026-08-26T18:01:18.510+0000] {processor.py:161} INFO - Started process (PID=1562) to work on /home/airflow/.local/lib/python3.8/site-packages/airflow/example_dags/example_bash_operator.py
[2026-08-26T18:01:18.512+0000] {processor.py:830} INFO - Processing file /home/airflow/.local/lib/python3.8/site-packages/airflow/example_dags/example_bash_operator.py for tasks to queue
[2026-08-26T18:01:18.515+0000] {logging_mixin.py:188} INFO - [2026-08-26T18:01:18.515+0000] {dagbag.py:540} INFO - Filling up the DagBag from /home/airflow/.local/lib/python3.8/site-packages/airflow/example_dags/example_bash_operator.py
[2026-08-26T18:01:18.533+0000] {processor.py:840} INFO - DAG(s) 'example_bash_operator' retrieved from /home/airflow/.local/lib/python3.8/site-packages/airflow/example_dags/example_bash_operator.py
[2026-08-26T18:01:18.569+0000] {logging_mixin.py:188} INFO - [2026-08-26T18:01:18.569+0000] {dag.py:3047} INFO - Sync 1 DAGs
[2026-08-26T18:01:18.594+0000] {logging_mixin.py:188} INFO - [2026-08-26T18:01:18.594+0000] {dag.py:3834} INFO - Setting next_dagrun for example_bash_operator to 2026-08-25 00:00:00+00:00, run_after=2026-08-26 00:00:00+00:00
[2026-08-26T18:01:18.616+0000] {processor.py:183} INFO - Processing /home/airflow/.local/lib/python3.8/site-packages/airflow/example_dags/example_bash_operator.py took 0.109 seconds
[2026-08-26T18:01:48.831+0000] {processor.py:161} INFO - Started process (PID=1620) to work on /home/airflow/.local/lib/python3.8/site-packages/airflow/example_dags/example_bash_operator.py
[2026-08-26T18:01:48.833+0000] {processor.py:830} INFO - Processing file /home/airflow/.local/lib/python3.8/site-packages/airflow/example_dags/example_bash_operator.py for tasks to queue
[2026-08-26T18:01:48.837+0000] {logging_mixin.py:188} INFO - [2026-08-26T18:01:48.837+0000] {dagbag.py:540} INFO - Filling up the DagBag from /home/airflow/.local/lib/python3.8/site-packages/airflow/example_dags/example_bash_operator.py
[2026-08-26T18:01:48.872+0000] {processor.py:840} INFO - DAG(s) 'example_bash_operator' retrieved from /home/airflow/.local/lib/python3.8/site-packages/airflow/example_dags/example_bash_operator.py
[2026-08-26T18:01:48.920+0000] {logging_mixin.py:188} INFO - [2026-08-26T18:01:48.920+0000] {dag.py:3047} INFO - Sync 1 DAGs
[2026-08-26T18:01:48.952+0000] {logging_mixin.py:188} INFO - [2026-08-26T18:01:48.951+0000] {dag.py:3834} INFO - Setting next_dagrun for example_bash_operator to 2026-08-25 00:00:00+00:00, run_after=2026-08-26 00:00:00+00:00
[2026-08-26T18:01:48.986+0000] {processor.py:183} INFO - Processing /home/airflow/.local/lib/python3.8/site-packages/airflow/example_dags/example_bash_operator.py took 0.171 seconds
[2026-08-26T18:02:19.075+0000] {processor.py:161} INFO - Started process (PID=1677) to work on /home/airflow/.local/lib/python3.8/site-packages/airflow/example_dags/example_bash_operator.py
[2026-08-26T18:02:19.077+0000] {processor.py:830} INFO - Processing file /home/airflow/.local/lib/python3.8/site-packages/airflow/example_dags/example_bash_operator.py for tasks to queue
[2026-08-26T18:02:19.081+0000] {logging_mixin.py:188} INFO - [2026-08-26T18:02:19.080+0000] {dagbag.py:540} INFO - Filling up the DagBag from /home/airflow/.local/lib/python3.8/site-packages/airflow/example_dags/example_bash_operator.py
[2026-08-26T18:02:19.121+0000] {processor.py:840} INFO - DAG(s) 'example_bash_operator' retrieved from /home/airflow/.local/lib/python3.8/site-packages/airflow/example_dags/example_bash_operator.py
[2026-08-26T18:02:19.170+0000] {logging_mixin.py:188} INFO - [2026-08-26T18:02:19.170+0000] {dag.py:3047} INFO - Sync 1 DAGs
[2026-08-26T18:02:19.208+0000] {logging_mixin.py:188} INFO - [2026-08-26T18:02:19.207+0000] {dag.py:3834} INFO - Setting next_dagrun for example_bash_operator to 2026-08-25 00:00:00+00:00, run_after=2026-08-26 00:00:00+00:00
[2026-08-26T18:02:19.236+0000] {processor.py:183} INFO - Processing /home/airflow/.local/lib/python3.8/site-packages/airflow/example_dags/example_bash_operator.py took 0.166 seconds
[2026-08-26T18:02:49.327+0000] {processor.py:161} INFO - Started process (PID=1734) to work on /home/airflow/.local/lib/python3.8/site-packages/airflow/example_dags/example_bash_operator.py
[2026-08-26T18:02:49.328+0000] {processor.py:830} INFO - Processing file /home/airflow/.local/lib/python3.8/site-packages/airflow/example_dags/example_bash_operator.py for tasks to queue
[2026-08-26T18:02:49.331+0000] {logging_mixin.py:188} INFO - [2026-08-26T18:02:49.331+0000] {dagbag.py:540} INFO - Filling up the DagBag from /home/airflow/.local/lib/python3.8/site-packages/airflow/example_dags/example_bash_operator.py
[2026-08-26T18:02:49.347+0000] {processor.py:840} INFO - DAG(s) 'example_bash_operator' retrieved from /home/airflow/.local/lib/python3.8/site-packages/airflow/example_dags/example_bash_operator.py
[2026-08-26T18:02:49.398+0000] {logging_mixin.py:188} INFO - [2026-08-26T18:02:49.397+0000] {dag.py:3047} INFO - Sync 1 DAGs
[2026-08-26T18:02:49.426+0000] {logging_mixin.py:188} INFO - [2026-08-26T18:02:49.425+0000] {dag.py:3834} INFO - Setting next_dagrun for example_bash_operator to 2026-08-25 00:00:00+00:00, run_after=2026-08-26 00:00:00+00:00
[2026-08-26T18:02:49.448+0000] {processor.py:183} INFO - Processing /home/airflow/.local/lib/python3.8/site-packages/airflow/example_dags/example_bash_operator.py took 0.125 seconds
[2026-08-26T18:03:19.823+0000] {processor.py:161} INFO - Started process (PID=1791) to work on /home/airflow/.local/lib/python3.8/site-packages/airflow/example_dags/example_bash_operator.py
[2026-08-26T18:03:19.843+0000] {processor.py:830} INFO - Processing file /home/airflow/.local/lib/python3.8/site-packages/airflow/example_dags/example_bash_operator.py for tasks to queue
[2026-08-26T18:03:19.849+0000] {logging_mixin.py:188} INFO - [2026-08-26T18:03:19.849+0000] {dagbag.py:540} INFO - Filling up the DagBag from /home/airflow/.local/lib/python3.8/site-packages/airflow/example_dags/example_bash_operator.py
[2026-08-26T18:03:19.895+0000] {processor.py:840} INFO - DAG(s) 'example_bash_operator' retrieved from /home/airflow/.local/lib/python3.8/site-packages/airflow/example_dags/example_bash_operator.py
[2026-08-26T18:03:19.993+0000] {logging_mixin.py:188} INFO - [2026-08-26T18:03:19.992+0000] {dag.py:3047} INFO - Sync 1 DAGs
[2026-08-26T18:03:20.042+0000] {logging_mixin.py:188} INFO - [2026-08-26T18:03:20.042+0000] {dag.py:3834} INFO - Setting next_dagrun for example_bash_operator to 2026-08-25 00:00:00+00:00, run_after=2026-08-26 00:00:00+00:00
[2026-08-26T18:03:20.086+0000] {processor.py:183} INFO - Processing /home/airflow/.local/lib/python3.8/site-packages/airflow/example_dags/example_bash_operator.py took 0.269 seconds
[2026-08-26T18:03:50.215+0000] {processor.py:161} INFO - Started process (PID=1848) to work on /home/airflow/.local/lib/python3.8/site-packages/airflow/example_dags/example_bash_operator.py
[2026-08-26T18:03:50.217+0000] {processor.py:830} INFO - Processing file /home/airflow/.local/lib/python3.8/site-packages/airflow/example_dags/example_bash_operator.py for tasks to queue
[2026-08-26T18:03:50.220+0000] {logging_mixin.py:188} INFO - [2026-08-26T18:03:50.220+0000] {dagbag.py:540} INFO - Filling up the DagBag from /home/airflow/.local/lib/python3.8/site-packages/airflow/example_dags/example_bash_operator.py
[2026-08-26T18:03:50.232+0000] {processor.py:840} INFO - DAG(s) 'example_bash_operator' retrieved from /home/airflow/.local/lib/python3.8/site-packages/airflow/example_dags/example_bash_operator.py
[2026-08-26T18:03:50.267+0000] {logging_mixin.py:188} INFO - [2026-08-26T18:03:50.266+0000] {dag.py:3047} INFO - Sync 1 DAGs
[2026-08-26T18:03:50.290+0000] {logging_mixin.py:188} INFO - [2026-08-26T18:03:50.290+0000] {dag.py:3834} INFO - Setting next_dagrun for example_bash_operator to 2026-08-25 00:00:00+00:00, run_after=2026-08-26 00:00:00+00:00
[2026-08-26T18:03:50.356+0000] {processor.py:183} INFO - Processing /home/airflow/.local/lib/python3.8/site-packages/airflow/example_dags/example_bash_operator.py took 0.144 seconds
[2026-08-26T18:04:20.440+0000] {processor.py:161} INFO - Started process (PID=1905) to work on /home/airflow/.local/lib/python3.8/site-packages/airflow/example_dags/example_bash_operator.py
[2026-08-26T18:04:20.442+0000] {processor.py:830} INFO - Processing file /home/airflow/.local/lib/python3.8/site-packages/airflow/example_dags/example_bash_operator.py for tasks to queue
[2026-08-26T18:04:20.445+0000] {logging_mixin.py:188} INFO - [2026-08-26T18:04:20.445+0000] {dagbag.py:540} INFO - Filling up the DagBag from /home/airflow/.local/lib/python3.8/site-packages/airflow/example_dags/example_bash_operator.py
[2026-08-26T18:04:20.471+0000] {processor.py:840} INFO - DAG(s) 'example_bash_operator' retrieved from /home/airflow/.local/lib/python3.8/site-packages/airflow/example_dags/example_bash_operator.py
[2026-08-26T18:04:20.536+0000] {logging_mixin.py:188} INFO - [2026-08-26T18:04:20.535+0000] {dag.py:3047} INFO - Sync 1 DAGs
[2026-08-26T18:04:20.565+0000] {logging_mixin.py:188} INFO - [2026-08-26T18:04:20.565+0000] {dag.py:3834} INFO - Setting next_dagrun for example_bash_operator to 2026-08-25 00:00:00+00:00, run_after=2026-08-26 00:00:00+00:00
[2026-08-26T18:04:20.587+0000] {processor.py:183} INFO - Processing /home/airflow/.local/lib/python3.8/site-packages/airflow/example_dags/example_bash_operator.py took 0.153 seconds
[2026-08-26T18:04:50.829+0000] {processor.py:161} INFO - Started process (PID=1962) to work on /home/airflow/.local/lib/python3.8/site-packages/airflow/example_dags/example_bash_operator.py
[2026-08-26T18:04:50.831+0000] {processor.py:830} INFO - Processing file /home/airflow/.local/lib/python3.8/site-packages/airflow/example_dags/example_bash_operator.py for tasks to queue
[2026-08-26T18:04:50.837+0000] {logging_mixin.py:188} INFO - [2026-08-26T18:04:50.836+0000] {dagbag.py:540} INFO - Filling up the DagBag from /home/airflow/.local/lib/python3.8/site-packages/airflow/example_dags/example_bash_operator.py
[2026-08-26T18:04:50.861+0000] {processor.py:840} INFO - DAG(s) 'example_bash_operator' retrieved from /home/airflow/.local/lib/python3.8/site-packages/airflow/example_dags/example_bash_operator.py
[2026-08-26T18:04:50.923+0000] {logging_mixin.py:188} INFO - [2026-08-26T18:04:50.923+0000] {dag.py:3047} INFO - Sync 1 DAGs
[2026-08-26T18:04:50.982+0000] {logging_mixin.py:188} INFO - [2026-08-26T18:04:50.981+0000] {dag.py:3834} INFO - Setting next_dagrun for example_bash_operator to 2026-08-25 00:00:00+00:00, run_after=2026-08-26 00:00:00+00:00
[2026-08-26T18:04:51.025+0000] {processor.py:183} INFO - Processing /home/airflow/.local/lib/python3.8/site-packages/airflow/example_dags/example_bash_operator.py took 0.206 seconds
[2026-08-26T18:05:21.205+0000] {processor.py:161} INFO - Started process (PID=2019) to work on /home/airflow/.local/lib/python3.8/site-packages/airflow/example_dags/example_bash_operator.py
[2026-08-26T18:05:21.208+0000] {processor.py:830} INFO - Processing file /home/airflow/.local/lib/python3.8/site-packages/airflow/example_dags/example_bash_operator.py for tasks to queue
[2026-08-26T18:05:21.212+0000] {logging_mixin.py:188} INFO - [2026-08-26T18:05:21.212+0000] {dagbag.py:540} INFO - Filling up the DagBag from /home/airflow/.local/lib/python3.8/site-packages/airflow/example_dags/example_bash_operator.py
[2026-08-26T18:05:21.231+0000] {processor.py:840} INFO - DAG(s) 'example_bash_operator' retrieved from /home/airflow/.local/lib/python3.8/site-packages/airflow/example_dags/example_bash_operator.py
[2026-08-26T18:05:21.272+0000] {logging_mixin.py:188} INFO - [2026-08-26T18:05:21.272+0000] {dag.py:3047} INFO - Sync 1 DAGs
[2026-08-26T18:05:21.309+0000] {logging_mixin.py:188} INFO - [2026-08-26T18:05:21.308+0000] {dag.py:3834} INFO - Setting next_dagrun for example_bash_operator to 2026-08-25 00:00:00+00:00, run_after=2026-08-26 00:00:00+00:00
[2026-08-26T18:05:21.336+0000] {processor.py:183} INFO - Processing /home/airflow/.local/lib/python3.8/site-packages/airflow/example_dags/example_bash_operator.py took 0.135 seconds
[2026-08-26T18:05:51.414+0000] {processor.py:161} INFO - Started process (PID=2076) to work on /home/airflow/.local/lib/python3.8/site-packages/airflow/example_dags/example_bash_operator.py
[2026-08-26T18:05:51.416+0000] {processor.py:830} INFO - Processing file /home/airflow/.local/lib/python3.8/site-packages/airflow/example_dags/example_bash_operator.py for tasks to queue
[2026-08-26T18:05:51.420+0000] {logging_mixin.py:188} INFO - [2026-08-26T18:05:51.419+0000] {dagbag.py:540} INFO - Filling up the DagBag from /home/airflow/.local/lib/python3.8/site-packages/airflow/example_dags/example_bash_operator.py
[2026-08-26T18:05:51.442+0000] {processor.py:840} INFO - DAG(s) 'example_bash_operator' retrieved from /home/airflow/.local/lib/python3.8/site-packages/airflow/example_dags/example_bash_operator.py
[2026-08-26T18:05:51.481+0000] {logging_mixin.py:188} INFO - [2026-08-26T18:05:51.480+0000] {dag.py:3047} INFO - Sync 1 DAGs
[2026-08-26T18:05:51.510+0000] {logging_mixin.py:188} INFO - [2026-08-26T18:05:51.510+0000] {dag.py:3834} INFO - Setting next_dagrun for example_bash_operator to 2026-08-25 00:00:00+00:00, run_after=2026-08-26 00:00:00+00:00
[2026-08-26T18:05:51.539+0000] {processor.py:183} INFO - Processing /home/airflow/.local/lib/python3.8/site-packages/airflow/example_dags/example_bash_operator.py took 0.128 seconds
[2026-08-26T18:06:22.006+0000] {processor.py:161} INFO - Started process (PID=2133) to work on /home/airflow/.local/lib/python3.8/site-packages/airflow/example_dags/example_bash_operator.py
[2026-08-26T18:06:22.008+0000] {processor.py:830} INFO - Processing file /home/airflow/.local/lib/python3.8/site-packages/airflow/example_dags/example_bash_operator.py for tasks to queue
[2026-08-26T18:06:22.011+0000] {logging_mixin.py:188} INFO - [2026-08-26T18:06:22.010+0000] {dagbag.py:540} INFO - Filling up the DagBag from /home/airflow/.local/lib/python3.8/site-packages/airflow/example_dags/example_bash_operator.py
[2026-08-26T18:06:22.033+0000] {processor.py:840} INFO - DAG(s) 'example_bash_operator' retrieved from /home/airflow/.local/lib/python3.8/site-packages/airflow/example_dags/example_bash_operator.py
[2026-08-26T18:06:22.094+0000] {logging_mixin.py:188} INFO - [2026-08-26T18:06:22.093+0000] {dag.py:3047} INFO - Sync 1 DAGs
[2026-08-26T18:06:22.174+0000] {logging_mixin.py:188} INFO - [2026-08-26T18:06:22.174+0000] {dag.py:3834} INFO - Setting next_dagrun for example_bash_operator to 2026-08-25 00:00:00+00:00, run_after=2026-08-26 00:00:00+00:00
[2026-08-26T18:06:22.214+0000] {processor.py:183} INFO - Processing /home/airflow/.local/lib/python3.8/site-packages/airflow/example_dags/example_bash_operator.py took 0.212 seconds
[2026-08-26T18:06:52.612+0000] {processor.py:161} INFO - Started process (PID=2190) to work on /home/airflow/.local/lib/python3.8/site-packages/airflow/example_dags/example_bash_operator.py
[2026-08-26T18:06:52.615+0000] {processor.py:830} INFO - Processing file /home/airflow/.local/lib/python3.8/site-packages/airflow/example_dags/example_bash_operator.py for tasks to queue
[2026-08-26T18:06:52.619+0000] {logging_mixin.py:188} INFO - [2026-08-26T18:06:52.618+0000] {dagbag.py:540} INFO - Filling up the DagBag from /home/airflow/.local/lib/python3.8/site-packages/airflow/example_dags/example_bash_operator.py
[2026-08-26T18:06:52.637+0000] {processor.py:840} INFO - DAG(s) 'example_bash_operator' retrieved from /home/airflow/.local/lib/python3.8/site-packages/airflow/example_dags/example_bash_operator.py
[2026-08-26T18:06:52.675+0000] {logging_mixin.py:188} INFO - [2026-08-26T18:06:52.674+0000] {dag.py:3047} INFO - Sync 1 DAGs
[2026-08-26T18:06:52.708+0000] {logging_mixin.py:188} INFO - [2026-08-26T18:06:52.708+0000] {dag.py:3834} INFO - Setting next_dagrun for example_bash_operator to 2026-08-25 00:00:00+00:00, run_after=2026-08-26 00:00:00+00:00
[2026-08-26T18:06:52.728+0000] {processor.py:183} INFO - Processing /home/airflow/.local/lib/python3.8/site-packages/airflow/example_dags/example_bash_operator.py took 0.123 seconds
[2026-08-26T18:07:23.406+0000] {processor.py:161} INFO - Started process (PID=2247) to work on /home/airflow/.local/lib/python3.8/site-packages/airflow/example_dags/example_bash_operator.py
[2026-08-26T18:07:23.408+0000] {processor.py:830} INFO - Processing file /home/airflow/.local/lib/python3.8/site-packages/airflow/example_dags/example_bash_operator.py for tasks to queue
[2026-08-26T18:07:23.412+0000] {logging_mixin.py:188} INFO - [2026-08-26T18:07:23.411+0000] {dagbag.py:540} INFO - Filling up the DagBag from /home/airflow/.local/lib/python3.8/site-packages/airflow/example_dags/example_bash_operator.py
[2026-08-26T18:07:23.427+0000] {processor.py:840} INFO - DAG(s) 'example_bash_operator' retrieved from /home/airflow/.local/lib/python3.8/site-packages/airflow/example_dags/example_bash_operator.py
[2026-08-26T18:07:23.467+0000] {logging_mixin.py:188} INFO - [2026-08-26T18:07:23.467+0000] {dag.py:3047} INFO - Sync 1 DAGs
[2026-08-26T18:07:23.495+0000] {logging_mixin.py:188} INFO - [2026-08-26T18:07:23.495+0000] {dag.py:3834} INFO - Setting next_dagrun for example_bash_operator to 2026-08-25 00:00:00+00:00, run_after=2026-08-26 00:00:00+00:00
[2026-08-26T18:07:23.519+0000] {processor.py:183} INFO - Processing /home/airflow/.local/lib/python3.8/site-packages/airflow/example_dags/example_bash_operator.py took 0.117 seconds
[2026-08-26T18:07:53.800+0000] {processor.py:161} INFO - Started process (PID=2304) to work on /home/airflow/.local/lib/python3.8/site-packages/airflow/example_dags/example_bash_operator.py
[2026-08-26T18:07:53.802+0000] {processor.py:830} INFO - Processing file /home/airflow/.local/lib/python3.8/site-packages/airflow/example_dags/example_bash_operator.py for tasks to queue
[2026-08-26T18:07:53.806+0000] {logging_mixin.py:188} INFO - [2026-08-26T18:07:53.805+0000] {dagbag.py:540} INFO - Filling up the DagBag from /home/airflow/.local/lib/python3.8/site-packages/airflow/example_dags/example_bash_operator.py
[2026-08-26T18:07:53.831+0000] {processor.py:840} INFO - DAG(s) 'example_bash_operator' retrieved from /home/airflow/.local/lib/python3.8/site-packages/airflow/example_dags/example_bash_operator.py
[2026-08-26T18:07:53.884+0000] {logging_mixin.py:188} INFO - [2026-08-26T18:07:53.884+0000] {dag.py:3047} INFO - Sync 1 DAGs
[2026-08-26T18:07:53.918+0000] {logging_mixin.py:188} INFO - [2026-08-26T18:07:53.918+0000] {dag.py:3834} INFO - Setting next_dagrun for example_bash_operator to 2026-08-25 00:00:00+00:00, run_after=2026-08-26 00:00:00+00:00
[2026-08-26T18:07:53.940+0000] {processor.py:183} INFO - Processing /home/airflow/.local/lib/python3.8/site-packages/airflow/example_dags/example_bash_operator.py took 0.147 seconds
[2026-08-26T18:08:24.682+0000] {processor.py:161} INFO - Started process (PID=2361) to work on /home/airflow/.local/lib/python3.8/site-packages/airflow/example_dags/example_bash_operator.py
[2026-08-26T18:08:24.683+0000] {processor.py:830} INFO - Processing file /home/airflow/.local/lib/python3.8/site-packages/airflow/example_dags/example_bash_operator.py for tasks to queue
[2026-08-26T18:08:24.686+0000] {logging_mixin.py:188} INFO - [2026-08-26T18:08:24.686+0000] {dagbag.py:540} INFO - Filling up the DagBag from /home/airflow/.local/lib/python3.8/site-packages/airflow/example_dags/example_bash_operator.py
[2026-08-26T18:08:24.711+0000] {processor.py:840} INFO - DAG(s) 'example_bash_operator' retrieved from /home/airflow/.local/lib/python3.8/site-packages/airflow/example_dags/example_bash_operator.py
[2026-08-26T18:08:24.749+0000] {logging_mixin.py:188} INFO - [2026-08-26T18:08:24.748+0000] {dag.py:3047} INFO - Sync 1 DAGs
[2026-08-26T18:08:24.778+0000] {logging_mixin.py:188} INFO - [2026-08-26T18:08:24.777+0000] {dag.py:3834} INFO - Setting next_dagrun for example_bash_operator to 2026-08-25 00:00:00+00:00, run_after=2026-08-26 00:00:00+00:00
[2026-08-26T18:08:24.805+0000] {processor.py:183} INFO - Processing /home/airflow/.local/lib/python3.8/site-packages/airflow/example_dags/example_bash_operator.py took 0.128 seconds
[2026-08-26T18:08:54.958+0000] {processor.py:161} INFO - Started process (PID=2418) to work on /home/airflow/.local/lib/python3.8/site-packages/airflow/example_dags/example_bash_operator.py
[2026-08-26T18:08:54.960+0000] {processor.py:830} INFO - Processing file /home/airflow/.local/lib/python3.8/site-packages/airflow/example_dags/example_bash_operator.py for tasks to queue
[2026-08-26T18:08:54.962+0000] {logging_mixin.py:188} INFO - [2026-08-26T18:08:54.962+0000] {dagbag.py:540} INFO - Filling up the DagBag from /home/airflow/.local/lib/python3.8/site-packages/airflow/example_dags/example_bash_operator.py
[2026-08-26T18:08:54.976+0000] {processor.py:840} INFO - DAG(s) 'example_bash_operator' retrieved from /home/airflow/.local/lib/python3.8/site-packages/airflow/example_dags/example_bash_operator.py
[2026-08-26T18:08:55.018+0000] {logging_mixin.py:188} INFO - [2026-08-26T18:08:55.017+0000] {dag.py:3047} INFO - Sync 1 DAGs
[2026-08-26T18:08:55.052+0000] {logging_mixin.py:188} INFO - [2026-08-26T18:08:55.051+0000] {dag.py:3834} INFO - Setting next_dagrun for example_bash_operator to 2026-08-25 00:00:00+00:00, run_after=2026-08-26 00:00:00+00:00
[2026-08-26T18:08:55.076+0000] {processor.py:183} INFO - Processing /home/airflow/.local/lib/python3.8/site-packages/airflow/example_dags/example_bash_operator.py took 0.121 seconds
[2026-08-26T18:09:25.452+0000] {processor.py:161} INFO - Started process (PID=2475) to work on /home/airflow/.local/lib/python3.8/site-packages/airflow/example_dags/example_bash_operator.py
[2026-08-26T18:09:25.454+0000] {processor.py:830} INFO - Processing file /home/airflow/.local/lib/python3.8/site-packages/airflow/example_dags/example_bash_operator.py for tasks to queue
[2026-08-26T18:09:25.457+0000] {logging_mixin.py:188} INFO - [2026-08-26T18:09:25.457+0000] {dagbag.py:540} INFO - Filling up the DagBag from /home/airflow/.local/lib/python3.8/site-packages/airflow/example_dags/example_bash_operator.py
[2026-08-26T18:09:25.478+0000] {processor.py:840} INFO - DAG(s) 'example_bash_operator' retrieved from /home/airflow/.local/lib/python3.8/site-packages/airflow/example_dags/example_bash_operator.py
[2026-08-26T18:09:25.532+0000] {logging_mixin.py:188} INFO - [2026-08-26T18:09:25.531+0000] {dag.py:3047} INFO - Sync 1 DAGs
[2026-08-26T18:09:25.563+0000] {logging_mixin.py:188} INFO - [2026-08-26T18:09:25.563+0000] {dag.py:3834} INFO - Setting next_dagrun for example_bash_operator to 2026-08-25 00:00:00+00:00, run_after=2026-08-26 00:00:00+00:00
[2026-08-26T18:09:25.589+0000] {processor.py:183} INFO - Processing /home/airflow/.local/lib/python3.8/site-packages/airflow/example_dags/example_bash_operator.py took 0.146 seconds
[2026-08-26T18:09:56.269+0000] {processor.py:161} INFO - Started process (PID=2532) to work on /home/airflow/.local/lib/python3.8/site-packages/airflow/example_dags/example_bash_operator.py
[2026-08-26T18:09:56.271+0000] {processor.py:830} INFO - Processing file /home/airflow/.local/lib/python3.8/site-packages/airflow/example_dags/example_bash_operator.py for tasks to queue
[2026-08-26T18:09:56.274+0000] {logging_mixin.py:188} INFO - [2026-08-26T18:09:56.273+0000] {dagbag.py:540} INFO - Filling up the DagBag from /home/airflow/.local/lib/python3.8/site-packages/airflow/example_dags/example_bash_operator.py
[2026-08-26T18:09:56.292+0000] {processor.py:840} INFO - DAG(s) 'example_bash_operator' retrieved from /home/airflow/.local/lib/python3.8/site-packages/airflow/example_dags/example_bash_operator.py
[2026-08-26T18:09:56.334+0000] {logging_mixin.py:188} INFO - [2026-08-26T18:09:56.334+0000] {dag.py:3047} INFO - Sync 1 DAGs
[2026-08-26T18:09:56.367+0000] {logging_mixin.py:188} INFO - [2026-08-26T18:09:56.367+0000] {dag.py:3834} INFO - Setting next_dagrun for example_bash_operator to 2026-08-25 00:00:00+00:00, run_after=2026-08-26 00:00:00+00:00
[2026-08-26T18:09:56.391+0000] {processor.py:183} INFO - Processing /home/airflow/.local/lib/python3.8/site-packages/airflow/example_dags/example_bash_operator.py took 0.127 seconds
[2026-08-26T18:10:26.800+0000] {processor.py:161} INFO - Started process (PID=2589) to work on /home/airflow/.local/lib/python3.8/site-packages/airflow/example_dags/example_bash_operator.py
[2026-08-26T18:10:26.802+0000] {processor.py:830} INFO - Processing file /home/airflow/.local/lib/python3.8/site-packages/airflow/example_dags/example_bash_operator.py for tasks to queue
[2026-08-26T18:10:26.806+0000] {logging_mixin.py:188} INFO - [2026-08-26T18:10:26.806+0000] {dagbag.py:540} INFO - Filling up the DagBag from /home/airflow/.local/lib/python3.8/site-packages/airflow/example_dags/example_bash_operator.py
[2026-08-26T18:10:26.823+0000] {processor.py:840} INFO - DAG(s) 'example_bash_operator' retrieved from /home/airflow/.local/lib/python3.8/site-packages/airflow/example_dags/example_bash_operator.py
[2026-08-26T18:10:26.875+0000] {logging_mixin.py:188} INFO - [2026-08-26T18:10:26.875+0000] {dag.py:3047} INFO - Sync 1 DAGs
[2026-08-26T18:10:26.913+0000] {logging_mixin.py:188} INFO - [2026-08-26T18:10:26.913+0000] {dag.py:3834} INFO - Setting next_dagrun for example_bash_operator to 2026-08-25 00:00:00+00:00, run_after=2026-08-26 00:00:00+00:00
[2026-08-26T18:10:26.937+0000] {processor.py:183} INFO - Processing /home/airflow/.local/lib/python3.8/site-packages/airflow/example_dags/example_bash_operator.py took 0.145 seconds
[2026-08-26T18:10:57.065+0000] {processor.py:161} INFO - Started process (PID=2644) to work on /home/airflow/.local/lib/python3.8/site-packages/airflow/example_dags/example_bash_operator.py
[2026-08-26T18:10:57.066+0000] {processor.py:830} INFO - Processing file /home/airflow/.local/lib/python3.8/site-packages/airflow/example_dags/example_bash_operator.py for tasks to queue
[2026-08-26T18:10:57.069+0000] {logging_mixin.py:188} INFO - [2026-08-26T18:10:57.069+0000] {dagbag.py:540} INFO - Filling up the DagBag from /home/airflow/.local/lib/python3.8/site-packages/airflow/example_dags/example_bash_operator.py
[2026-08-26T18:10:57.086+0000] {processor.py:840} INFO - DAG(s) 'example_bash_operator' retrieved from /home/airflow/.local/lib/python3.8/site-packages/airflow/example_dags/example_bash_operator.py
[2026-08-26T18:10:57.133+0000] {logging_mixin.py:188} INFO - [2026-08-26T18:10:57.132+0000] {dag.py:3047} INFO - Sync 1 DAGs
[2026-08-26T18:10:57.160+0000] {logging_mixin.py:188} INFO - [2026-08-26T18:10:57.160+0000] {dag.py:3834} INFO - Setting next_dagrun for example_bash_operator to 2026-08-25 00:00:00+00:00, run_after=2026-08-26 00:00:00+00:00
[2026-08-26T18:10:57.183+0000] {processor.py:183} INFO - Processing /home/airflow/.local/lib/python3.8/site-packages/airflow/example_dags/example_bash_operator.py took 0.122 seconds
[2026-08-26T18:11:27.635+0000] {processor.py:161} INFO - Started process (PID=2702) to work on /home/airflow/.local/lib/python3.8/site-packages/airflow/example_dags/example_bash_operator.py
[2026-08-26T18:11:27.636+0000] {processor.py:830} INFO - Processing file /home/airflow/.local/lib/python3.8/site-packages/airflow/example_dags/example_bash_operator.py for tasks to queue
[2026-08-26T18:11:27.639+0000] {logging_mixin.py:188} INFO - [2026-08-26T18:11:27.639+0000] {dagbag.py:540} INFO - Filling up the DagBag from /home/airflow/.local/lib/python3.8/site-packages/airflow/example_dags/example_bash_operator.py
[2026-08-26T18:11:27.652+0000] {processor.py:840} INFO - DAG(s) 'example_bash_operator' retrieved from /home/airflow/.local/lib/python3.8/site-packages/airflow/example_dags/example_bash_operator.py
[2026-08-26T18:11:27.687+0000] {logging_mixin.py:188} INFO - [2026-08-26T18:11:27.686+0000] {dag.py:3047} INFO - Sync 1 DAGs
[2026-08-26T18:11:27.713+0000] {logging_mixin.py:188} INFO - [2026-08-26T18:11:27.713+0000] {dag.py:3834} INFO - Setting next_dagrun for example_bash_operator to 2026-08-25 00:00:00+00:00, run_after=2026-08-26 00:00:00+00:00
[2026-08-26T18:11:27.737+0000] {processor.py:183} INFO - Processing /home/airflow/.local/lib/python3.8/site-packages/airflow/example_dags/example_bash_operator.py took 0.106 seconds
[2026-08-26T18:11:58.343+0000] {processor.py:161} INFO - Started process (PID=2757) to work on /home/airflow/.local/lib/python3.8/site-packages/airflow/example_dags/example_bash_operator.py
[2026-08-26T18:11:58.345+0000] {processor.py:830} INFO - Processing file /home/airflow/.local/lib/python3.8/site-packages/airflow/example_dags/example_bash_operator.py for tasks to queue
[2026-08-26T18:11:58.349+0000] {logging_mixin.py:188} INFO - [2026-08-26T18:11:58.348+0000] {dagbag.py:540} INFO - Filling up the DagBag from /home/airflow/.local/lib/python3.8/site-packages/airflow/example_dags/example_bash_operator.py
[2026-08-26T18:11:58.367+0000] {processor.py:840} INFO - DAG(s) 'example_bash_operator' retrieved from /home/airflow/.local/lib/python3.8/site-packages/airflow/example_dags/example_bash_operator.py
[2026-08-26T18:11:58.401+0000] {logging_mixin.py:188} INFO - [2026-08-26T18:11:58.401+0000] {dag.py:3047} INFO - Sync 1 DAGs
[2026-08-26T18:11:58.427+0000] {logging_mixin.py:188} INFO - [2026-08-26T18:11:58.426+0000] {dag.py:3834} INFO - Setting next_dagrun for example_bash_operator to 2026-08-25 00:00:00+00:00, run_after=2026-08-26 00:00:00+00:00
[2026-08-26T18:11:58.452+0000] {processor.py:183} INFO - Processing /home/airflow/.local/lib/python3.8/site-packages/airflow/example_dags/example_bash_operator.py took 0.114 seconds
[2026-08-26T18:12:28.811+0000] {processor.py:161} INFO - Started process (PID=2814) to work on /home/airflow/.local/lib/python3.8/site-packages/airflow/example_dags/example_bash_operator.py
[2026-08-26T18:12:28.813+0000] {processor.py:830} INFO - Processing file /home/airflow/.local/lib/python3.8/site-packages/airflow/example_dags/example_bash_operator.py for tasks to queue
[2026-08-26T18:12:28.816+0000] {logging_mixin.py:188} INFO - [2026-08-26T18:12:28.816+0000] {dagbag.py:540} INFO - Filling up the DagBag from /home/airflow/.local/lib/python3.8/site-packages/airflow/example_dags/example_bash_operator.py
[2026-08-26T18:12:28.835+0000] {processor.py:840} INFO - DAG(s) 'example_bash_operator' retrieved from /home/airflow/.local/lib/python3.8/site-packages/airflow/example_dags/example_bash_operator.py
[2026-08-26T18:12:28.874+0000] {logging_mixin.py:188} INFO - [2026-08-26T18:12:28.874+0000] {dag.py:3047} INFO - Sync 1 DAGs
[2026-08-26T18:12:28.902+0000] {logging_mixin.py:188} INFO - [2026-08-26T18:12:28.901+0000] {dag.py:3834} INFO - Setting next_dagrun for example_bash_operator to 2026-08-25 00:00:00+00:00, run_after=2026-08-26 00:00:00+00:00
[2026-08-26T18:12:29.059+0000] {processor.py:183} INFO - Processing /home/airflow/.local/lib/python3.8/site-packages/airflow/example_dags/example_bash_operator.py took 0.256 seconds
[2026-08-26T18:12:59.248+0000] {processor.py:161} INFO - Started process (PID=2871) to work on /home/airflow/.local/lib/python3.8/site-packages/airflow/example_dags/example_bash_operator.py
[2026-08-26T18:12:59.249+0000] {processor.py:830} INFO - Processing file /home/airflow/.local/lib/python3.8/site-packages/airflow/example_dags/example_bash_operator.py for tasks to queue
[2026-08-26T18:12:59.253+0000] {logging_mixin.py:188} INFO - [2026-08-26T18:12:59.252+0000] {dagbag.py:540} INFO - Filling up the DagBag from /home/airflow/.local/lib/python3.8/site-packages/airflow/example_dags/example_bash_operator.py
[2026-08-26T18:12:59.268+0000] {processor.py:840} INFO - DAG(s) 'example_bash_operator' retrieved from /home/airflow/.local/lib/python3.8/site-packages/airflow/example_dags/example_bash_operator.py
[2026-08-26T18:12:59.302+0000] {logging_mixin.py:188} INFO - [2026-08-26T18:12:59.302+0000] {dag.py:3047} INFO - Sync 1 DAGs
[2026-08-26T18:12:59.330+0000] {logging_mixin.py:188} INFO - [2026-08-26T18:12:59.330+0000] {dag.py:3834} INFO - Setting next_dagrun for example_bash_operator to 2026-08-25 00:00:00+00:00, run_after=2026-08-26 00:00:00+00:00
[2026-08-26T18:12:59.483+0000] {processor.py:183} INFO - Processing /home/airflow/.local/lib/python3.8/site-packages/airflow/example_dags/example_bash_operator.py took 0.240 seconds
[2026-08-26T18:13:30.066+0000] {processor.py:161} INFO - Started process (PID=2928) to work on /home/airflow/.local/lib/python3.8/site-packages/airflow/example_dags/example_bash_operator.py
[2026-08-26T18:13:30.068+0000] {processor.py:830} INFO - Processing file /home/airflow/.local/lib/python3.8/site-packages/airflow/example_dags/example_bash_operator.py for tasks to queue
[2026-08-26T18:13:30.071+0000] {logging_mixin.py:188} INFO - [2026-08-26T18:13:30.071+0000] {dagbag.py:540} INFO - Filling up the DagBag from /home/airflow/.local/lib/python3.8/site-packages/airflow/example_dags/example_bash_operator.py
[2026-08-26T18:13:30.086+0000] {processor.py:840} INFO - DAG(s) 'example_bash_operator' retrieved from /home/airflow/.local/lib/python3.8/site-packages/airflow/example_dags/example_bash_operator.py
[2026-08-26T18:13:30.119+0000] {logging_mixin.py:188} INFO - [2026-08-26T18:13:30.119+0000] {dag.py:3047} INFO - Sync 1 DAGs
[2026-08-26T18:13:30.282+0000] {logging_mixin.py:188} INFO - [2026-08-26T18:13:30.282+0000] {dag.py:3834} INFO - Setting next_dagrun for example_bash_operator to 2026-08-25 00:00:00+00:00, run_after=2026-08-26 00:00:00+00:00
[2026-08-26T18:13:30.301+0000] {processor.py:183} INFO - Processing /home/airflow/.local/lib/python3.8/site-packages/airflow/example_dags/example_bash_operator.py took 0.239 seconds
[2026-08-26T18:14:00.445+0000] {processor.py:161} INFO - Started process (PID=2985) to work on /home/airflow/.local/lib/python3.8/site-packages/airflow/example_dags/example_bash_operator.py
[2026-08-26T18:14:00.447+0000] {processor.py:830} INFO - Processing file /home/airflow/.local/lib/python3.8/site-packages/airflow/example_dags/example_bash_operator.py for tasks to queue
[2026-08-26T18:14:00.449+0000] {logging_mixin.py:188} INFO - [2026-08-26T18:14:00.449+0000] {dagbag.py:540} INFO - Filling up the DagBag from /home/airflow/.local/lib/python3.8/site-packages/airflow/example_dags/example_bash_operator.py
[2026-08-26T18:14:00.466+0000] {processor.py:840} INFO - DAG(s) 'example_bash_operator' retrieved from /home/airflow/.local/lib/python3.8/site-packages/airflow/example_dags/example_bash_operator.py
[2026-08-26T18:14:00.502+0000] {logging_mixin.py:188} INFO - [2026-08-26T18:14:00.501+0000] {dag.py:3047} INFO - Sync 1 DAGs
[2026-08-26T18:14:00.531+0000] {logging_mixin.py:188} INFO - [2026-08-26T18:14:00.531+0000] {dag.py:3834} INFO - Setting next_dagrun for example_bash_operator to 2026-08-25 00:00:00+00:00, run_after=2026-08-26 00:00:00+00:00
[2026-08-26T18:14:00.698+0000] {processor.py:183} INFO - Processing /home/airflow/.local/lib/python3.8/site-packages/airflow/example_dags/example_bash_operator.py took 0.258 seconds
[2026-08-26T18:14:30.804+0000] {processor.py:161} INFO - Started process (PID=3043) to work on /home/airflow/.local/lib/python3.8/site-packages/airflow/example_dags/example_bash_operator.py
[2026-08-26T18:14:30.806+0000] {processor.py:830} INFO - Processing file /home/airflow/.local/lib/python3.8/site-packages/airflow/example_dags/example_bash_operator.py for tasks to queue
[2026-08-26T18:14:30.809+0000] {logging_mixin.py:188} INFO - [2026-08-26T18:14:30.808+0000] {dagbag.py:540} INFO - Filling up the DagBag from /home/airflow/.local/lib/python3.8/site-packages/airflow/example_dags/example_bash_operator.py
[2026-08-26T18:14:30.822+0000] {processor.py:840} INFO - DAG(s) 'example_bash_operator' retrieved from /home/airflow/.local/lib/python3.8/site-packages/airflow/example_dags/example_bash_operator.py
[2026-08-26T18:14:30.853+0000] {logging_mixin.py:188} INFO - [2026-08-26T18:14:30.853+0000] {dag.py:3047} INFO - Sync 1 DAGs
[2026-08-26T18:14:30.879+0000] {logging_mixin.py:188} INFO - [2026-08-26T18:14:30.879+0000] {dag.py:3834} INFO - Setting next_dagrun for example_bash_operator to 2026-08-25 00:00:00+00:00, run_after=2026-08-26 00:00:00+00:00
[2026-08-26T18:14:30.909+0000] {processor.py:183} INFO - Processing /home/airflow/.local/lib/python3.8/site-packages/airflow/example_dags/example_bash_operator.py took 0.108 seconds
[2026-08-26T18:15:01.828+0000] {processor.py:161} INFO - Started process (PID=3100) to work on /home/airflow/.local/lib/python3.8/site-packages/airflow/example_dags/example_bash_operator.py
[2026-08-26T18:15:01.829+0000] {processor.py:830} INFO - Processing file /home/airflow/.local/lib/python3.8/site-packages/airflow/example_dags/example_bash_operator.py for tasks to queue
[2026-08-26T18:15:01.832+0000] {logging_mixin.py:188} INFO - [2026-08-26T18:15:01.831+0000] {dagbag.py:540} INFO - Filling up the DagBag from /home/airflow/.local/lib/python3.8/site-packages/airflow/example_dags/example_bash_operator.py
[2026-08-26T18:15:01.844+0000] {processor.py:840} INFO - DAG(s) 'example_bash_operator' retrieved from /home/airflow/.local/lib/python3.8/site-packages/airflow/example_dags/example_bash_operator.py
[2026-08-26T18:15:01.876+0000] {logging_mixin.py:188} INFO - [2026-08-26T18:15:01.876+0000] {dag.py:3047} INFO - Sync 1 DAGs
[2026-08-26T18:15:01.900+0000] {logging_mixin.py:188} INFO - [2026-08-26T18:15:01.900+0000] {dag.py:3834} INFO - Setting next_dagrun for example_bash_operator to 2026-08-25 00:00:00+00:00, run_after=2026-08-26 00:00:00+00:00
[2026-08-26T18:15:01.922+0000] {processor.py:183} INFO - Processing /home/airflow/.local/lib/python3.8/site-packages/airflow/example_dags/example_bash_operator.py took 0.097 seconds
[2026-08-26T18:15:32.213+0000] {processor.py:161} INFO - Started process (PID=3157) to work on /home/airflow/.local/lib/python3.8/site-packages/airflow/example_dags/example_bash_operator.py
[2026-08-26T18:15:32.215+0000] {processor.py:830} INFO - Processing file /home/airflow/.local/lib/python3.8/site-packages/airflow/example_dags/example_bash_operator.py for tasks to queue
[2026-08-26T18:15:32.218+0000] {logging_mixin.py:188} INFO - [2026-08-26T18:15:32.217+0000] {dagbag.py:540} INFO - Filling up the DagBag from /home/airflow/.local/lib/python3.8/site-packages/airflow/example_dags/example_bash_operator.py
[2026-08-26T18:15:32.229+0000] {processor.py:840} INFO - DAG(s) 'example_bash_operator' retrieved from /home/airflow/.local/lib/python3.8/site-packages/airflow/example_dags/example_bash_operator.py
[2026-08-26T18:15:32.259+0000] {logging_mixin.py:188} INFO - [2026-08-26T18:15:32.258+0000] {dag.py:3047} INFO - Sync 1 DAGs
[2026-08-26T18:15:32.282+0000] {logging_mixin.py:188} INFO - [2026-08-26T18:15:32.281+0000] {dag.py:3834} INFO - Setting next_dagrun for example_bash_operator to 2026-08-25 00:00:00+00:00, run_after=2026-08-26 00:00:00+00:00
[2026-08-26T18:15:32.301+0000] {processor.py:183} INFO - Processing /home/airflow/.local/lib/python3.8/site-packages/airflow/example_dags/example_bash_operator.py took 0.092 seconds
[2026-08-26T18:16:02.711+0000] {processor.py:161} INFO - Started process (PID=3214) to work on /home/airflow/.local/lib/python3.8/site-packages/airflow/example_dags/example_bash_operator.py
[2026-08-26T18:16:02.713+0000] {processor.py:830} INFO - Processing file /home/airflow/.local/lib/python3.8/site-packages/airflow/example_dags/example_bash_operator.py for tasks to queue
[2026-08-26T18:16:02.717+0000] {logging_mixin.py:188} INFO - [2026-08-26T18:16:02.717+0000] {dagbag.py:540} INFO - Filling up the DagBag from /home/airflow/.local/lib/python3.8/site-packages/airflow/example_dags/example_bash_operator.py
[2026-08-26T18:16:02.731+0000] {processor.py:840} INFO - DAG(s) 'example_bash_operator' retrieved from /home/airflow/.local/lib/python3.8/site-packages/airflow/example_dags/example_bash_operator.py
[2026-08-26T18:16:02.766+0000] {logging_mixin.py:188} INFO - [2026-08-26T18:16:02.766+0000] {dag.py:3047} INFO - Sync 1 DAGs
[2026-08-26T18:16:02.796+0000] {logging_mixin.py:188} INFO - [2026-08-26T18:16:02.796+0000] {dag.py:3834} INFO - Setting next_dagrun for example_bash_operator to 2026-08-25 00:00:00+00:00, run_after=2026-08-26 00:00:00+00:00
[2026-08-26T18:16:02.819+0000] {processor.py:183} INFO - Processing /home/airflow/.local/lib/python3.8/site-packages/airflow/example_dags/example_bash_operator.py took 0.112 seconds
[2026-08-26T18:16:33.331+0000] {processor.py:161} INFO - Started process (PID=3271) to work on /home/airflow/.local/lib/python3.8/site-packages/airflow/example_dags/example_bash_operator.py
[2026-08-26T18:16:33.333+0000] {processor.py:830} INFO - Processing file /home/airflow/.local/lib/python3.8/site-packages/airflow/example_dags/example_bash_operator.py for tasks to queue
[2026-08-26T18:16:33.335+0000] {logging_mixin.py:188} INFO - [2026-08-26T18:16:33.335+0000] {dagbag.py:540} INFO - Filling up the DagBag from /home/airflow/.local/lib/python3.8/site-packages/airflow/example_dags/example_bash_operator.py
[2026-08-26T18:16:33.349+0000] {processor.py:840} INFO - DAG(s) 'example_bash_operator' retrieved from /home/airflow/.local/lib/python3.8/site-packages/airflow/example_dags/example_bash_operator.py
[2026-08-26T18:16:33.380+0000] {logging_mixin.py:188} INFO - [2026-08-26T18:16:33.380+0000] {dag.py:3047} INFO - Sync 1 DAGs
[2026-08-26T18:16:33.404+0000] {logging_mixin.py:188} INFO - [2026-08-26T18:16:33.404+0000] {dag.py:3834} INFO - Setting next_dagrun for example_bash_operator to 2026-08-25 00:00:00+00:00, run_after=2026-08-26 00:00:00+00:00
[2026-08-26T18:16:33.425+0000] {processor.py:183} INFO - Processing /home/airflow/.local/lib/python3.8/site-packages/airflow/example_dags/example_bash_operator.py took 0.097 seconds
[2026-08-26T18:17:03.961+0000] {processor.py:161} INFO - Started process (PID=3334) to work on /home/airflow/.local/lib/python3.8/site-packages/airflow/example_dags/example_bash_operator.py
[2026-08-26T18:17:03.963+0000] {processor.py:830} INFO - Processing file /home/airflow/.local/lib/python3.8/site-packages/airflow/example_dags/example_bash_operator.py for tasks to queue
[2026-08-26T18:17:03.966+0000] {logging_mixin.py:188} INFO - [2026-08-26T18:17:03.966+0000] {dagbag.py:540} INFO - Filling up the DagBag from /home/airflow/.local/lib/python3.8/site-packages/airflow/example_dags/example_bash_operator.py
[2026-08-26T18:17:03.980+0000] {processor.py:840} INFO - DAG(s) 'example_bash_operator' retrieved from /home/airflow/.local/lib/python3.8/site-packages/airflow/example_dags/example_bash_operator.py
[2026-08-26T18:17:04.023+0000] {logging_mixin.py:188} INFO - [2026-08-26T18:17:04.023+0000] {dag.py:3047} INFO - Sync 1 DAGs
[2026-08-26T18:17:04.054+0000] {logging_mixin.py:188} INFO - [2026-08-26T18:17:04.054+0000] {dag.py:3834} INFO - Setting next_dagrun for example_bash_operator to 2026-08-25 00:00:00+00:00, run_after=2026-08-26 00:00:00+00:00
[2026-08-26T18:17:04.080+0000] {processor.py:183} INFO - Processing /home/airflow/.local/lib/python3.8/site-packages/airflow/example_dags/example_bash_operator.py took 0.122 seconds
[2026-08-26T18:17:34.468+0000] {processor.py:161} INFO - Started process (PID=3391) to work on /home/airflow/.local/lib/python3.8/site-packages/airflow/example_dags/example_bash_operator.py
[2026-08-26T18:17:34.470+0000] {processor.py:830} INFO - Processing file /home/airflow/.local/lib/python3.8/site-packages/airflow/example_dags/example_bash_operator.py for tasks to queue
[2026-08-26T18:17:34.473+0000] {logging_mixin.py:188} INFO - [2026-08-26T18:17:34.473+0000] {dagbag.py:540} INFO - Filling up the DagBag from /home/airflow/.local/lib/python3.8/site-packages/airflow/example_dags/example_bash_operator.py
[2026-08-26T18:17:34.498+0000] {processor.py:840} INFO - DAG(s) 'example_bash_operator' retrieved from /home/airflow/.local/lib/python3.8/site-packages/airflow/example_dags/example_bash_operator.py
[2026-08-26T18:17:34.532+0000] {logging_mixin.py:188} INFO - [2026-08-26T18:17:34.532+0000] {dag.py:3047} INFO - Sync 1 DAGs
[2026-08-26T18:17:34.563+0000] {logging_mixin.py:188} INFO - [2026-08-26T18:17:34.563+0000] {dag.py:3834} INFO - Setting next_dagrun for example_bash_operator to 2026-08-25 00:00:00+00:00, run_after=2026-08-26 00:00:00+00:00
[2026-08-26T18:17:34.586+0000] {processor.py:183} INFO - Processing /home/airflow/.local/lib/python3.8/site-packages/airflow/example_dags/example_bash_operator.py took 0.123 seconds
[2026-08-26T18:18:04.890+0000] {processor.py:161} INFO - Started process (PID=3449) to work on /home/airflow/.local/lib/python3.8/site-packages/airflow/example_dags/example_bash_operator.py
[2026-08-26T18:18:04.892+0000] {processor.py:830} INFO - Processing file /home/airflow/.local/lib/python3.8/site-packages/airflow/example_dags/example_bash_operator.py for tasks to queue
[2026-08-26T18:18:04.896+0000] {logging_mixin.py:188} INFO - [2026-08-26T18:18:04.895+0000] {dagbag.py:540} INFO - Filling up the DagBag from /home/airflow/.local/lib/python3.8/site-packages/airflow/example_dags/example_bash_operator.py
[2026-08-26T18:18:04.910+0000] {processor.py:840} INFO - DAG(s) 'example_bash_operator' retrieved from /home/airflow/.local/lib/python3.8/site-packages/airflow/example_dags/example_bash_operator.py
[2026-08-26T18:18:04.941+0000] {logging_mixin.py:188} INFO - [2026-08-26T18:18:04.941+0000] {dag.py:3047} INFO - Sync 1 DAGs
[2026-08-26T18:18:04.965+0000] {logging_mixin.py:188} INFO - [2026-08-26T18:18:04.965+0000] {dag.py:3834} INFO - Setting next_dagrun for example_bash_operator to 2026-08-25 00:00:00+00:00, run_after=2026-08-26 00:00:00+00:00
[2026-08-26T18:18:04.986+0000] {processor.py:183} INFO - Processing /home/airflow/.local/lib/python3.8/site-packages/airflow/example_dags/example_bash_operator.py took 0.100 seconds
[2026-08-26T18:18:35.286+0000] {processor.py:161} INFO - Started process (PID=3507) to work on /home/airflow/.local/lib/python3.8/site-packages/airflow/example_dags/example_bash_operator.py
[2026-08-26T18:18:35.288+0000] {processor.py:830} INFO - Processing file /home/airflow/.local/lib/python3.8/site-packages/airflow/example_dags/example_bash_operator.py for tasks to queue
[2026-08-26T18:18:35.291+0000] {logging_mixin.py:188} INFO - [2026-08-26T18:18:35.290+0000] {dagbag.py:540} INFO - Filling up the DagBag from /home/airflow/.local/lib/python3.8/site-packages/airflow/example_dags/example_bash_operator.py
[2026-08-26T18:18:35.305+0000] {processor.py:840} INFO - DAG(s) 'example_bash_operator' retrieved from /home/airflow/.local/lib/python3.8/site-packages/airflow/example_dags/example_bash_operator.py
[2026-08-26T18:18:35.336+0000] {logging_mixin.py:188} INFO - [2026-08-26T18:18:35.336+0000] {dag.py:3047} INFO - Sync 1 DAGs
[2026-08-26T18:18:35.360+0000] {logging_mixin.py:188} INFO - [2026-08-26T18:18:35.360+0000] {dag.py:3834} INFO - Setting next_dagrun for example_bash_operator to 2026-08-25 00:00:00+00:00, run_after=2026-08-26 00:00:00+00:00
[2026-08-26T18:18:35.381+0000] {processor.py:183} INFO - Processing /home/airflow/.local/lib/python3.8/site-packages/airflow/example_dags/example_bash_operator.py took 0.100 seconds
[2026-08-26T18:19:05.723+0000] {processor.py:161} INFO - Started process (PID=3565) to work on /home/airflow/.local/lib/python3.8/site-packages/airflow/example_dags/example_bash_operator.py
[2026-08-26T18:19:05.725+0000] {processor.py:830} INFO - Processing file /home/airflow/.local/lib/python3.8/site-packages/airflow/example_dags/example_bash_operator.py for tasks to queue
[2026-08-26T18:19:05.728+0000] {logging_mixin.py:188} INFO - [2026-08-26T18:19:05.728+0000] {dagbag.py:540} INFO - Filling up the DagBag from /home/airflow/.local/lib/python3.8/site-packages/airflow/example_dags/example_bash_operator.py
[2026-08-26T18:19:05.745+0000] {processor.py:840} INFO - DAG(s) 'example_bash_operator' retrieved from /home/airflow/.local/lib/python3.8/site-packages/airflow/example_dags/example_bash_operator.py
[2026-08-26T18:19:05.786+0000] {logging_mixin.py:188} INFO - [2026-08-26T18:19:05.785+0000] {dag.py:3047} INFO - Sync 1 DAGs
[2026-08-26T18:19:05.813+0000] {logging_mixin.py:188} INFO - [2026-08-26T18:19:05.813+0000] {dag.py:3834} INFO - Setting next_dagrun for example_bash_operator to 2026-08-25 00:00:00+00:00, run_after=2026-08-26 00:00:00+00:00
[2026-08-26T18:19:05.836+0000] {processor.py:183} INFO - Processing /home/airflow/.local/lib/python3.8/site-packages/airflow/example_dags/example_bash_operator.py took 0.118 seconds
[2026-08-26T18:19:36.467+0000] {processor.py:161} INFO - Started process (PID=3622) to work on /home/airflow/.local/lib/python3.8/site-packages/airflow/example_dags/example_bash_operator.py
[2026-08-26T18:19:36.471+0000] {processor.py:830} INFO - Processing file /home/airflow/.local/lib/python3.8/site-packages/airflow/example_dags/example_bash_operator.py for tasks to queue
[2026-08-26T18:19:36.477+0000] {logging_mixin.py:188} INFO - [2026-08-26T18:19:36.477+0000] {dagbag.py:540} INFO - Filling up the DagBag from /home/airflow/.local/lib/python3.8/site-packages/airflow/example_dags/example_bash_operator.py
[2026-08-26T18:19:36.489+0000] {processor.py:840} INFO - DAG(s) 'example_bash_operator' retrieved from /home/airflow/.local/lib/python3.8/site-packages/airflow/example_dags/example_bash_operator.py
[2026-08-26T18:19:36.519+0000] {logging_mixin.py:188} INFO - [2026-08-26T18:19:36.518+0000] {dag.py:3047} INFO - Sync 1 DAGs
[2026-08-26T18:19:36.542+0000] {logging_mixin.py:188} INFO - [2026-08-26T18:19:36.542+0000] {dag.py:3834} INFO - Setting next_dagrun for example_bash_operator to 2026-08-25 00:00:00+00:00, run_after=2026-08-26 00:00:00+00:00
[2026-08-26T18:19:36.563+0000] {processor.py:183} INFO - Processing /home/airflow/.local/lib/python3.8/site-packages/airflow/example_dags/example_bash_operator.py took 0.103 seconds
[2026-08-26T18:20:07.005+0000] {processor.py:161} INFO - Started process (PID=3679) to work on /home/airflow/.local/lib/python3.8/site-packages/airflow/example_dags/example_bash_operator.py
[2026-08-26T18:20:07.007+0000] {processor.py:830} INFO - Processing file /home/airflow/.local/lib/python3.8/site-packages/airflow/example_dags/example_bash_operator.py for tasks to queue
[2026-08-26T18:20:07.010+0000] {logging_mixin.py:188} INFO - [2026-08-26T18:20:07.009+0000] {dagbag.py:540} INFO - Filling up the DagBag from /home/airflow/.local/lib/python3.8/site-packages/airflow/example_dags/example_bash_operator.py
[2026-08-26T18:20:07.022+0000] {processor.py:840} INFO - DAG(s) 'example_bash_operator' retrieved from /home/airflow/.local/lib/python3.8/site-packages/airflow/example_dags/example_bash_operator.py
[2026-08-26T18:20:07.053+0000] {logging_mixin.py:188} INFO - [2026-08-26T18:20:07.052+0000] {dag.py:3047} INFO - Sync 1 DAGs
[2026-08-26T18:20:07.077+0000] {logging_mixin.py:188} INFO - [2026-08-26T18:20:07.077+0000] {dag.py:3834} INFO - Setting next_dagrun for example_bash_operator to 2026-08-25 00:00:00+00:00, run_after=2026-08-26 00:00:00+00:00
[2026-08-26T18:20:07.099+0000] {processor.py:183} INFO - Processing /home/airflow/.local/lib/python3.8/site-packages/airflow/example_dags/example_bash_operator.py took 0.096 seconds
[2026-08-26T18:20:37.873+0000] {processor.py:161} INFO - Started process (PID=3736) to work on /home/airflow/.local/lib/python3.8/site-packages/airflow/example_dags/example_bash_operator.py
[2026-08-26T18:20:37.875+0000] {processor.py:830} INFO - Processing file /home/airflow/.local/lib/python3.8/site-packages/airflow/example_dags/example_bash_operator.py for tasks to queue
[2026-08-26T18:20:37.878+0000] {logging_mixin.py:188} INFO - [2026-08-26T18:20:37.877+0000] {dagbag.py:540} INFO - Filling up the DagBag from /home/airflow/.local/lib/python3.8/site-packages/airflow/example_dags/example_bash_operator.py
[2026-08-26T18:20:37.890+0000] {processor.py:840} INFO - DAG(s) 'example_bash_operator' retrieved from /home/airflow/.local/lib/python3.8/site-packages/airflow/example_dags/example_bash_operator.py
[2026-08-26T18:20:37.922+0000] {logging_mixin.py:188} INFO - [2026-08-26T18:20:37.922+0000] {dag.py:3047} INFO - Sync 1 DAGs
[2026-08-26T18:20:37.947+0000] {logging_mixin.py:188} INFO - [2026-08-26T18:20:37.947+0000] {dag.py:3834} INFO - Setting next_dagrun for example_bash_operator to 2026-08-25 00:00:00+00:00, run_after=2026-08-26 00:00:00+00:00
[2026-08-26T18:20:37.967+0000] {processor.py:183} INFO - Processing /home/airflow/.local/lib/python3.8/site-packages/airflow/example_dags/example_bash_operator.py took 0.097 seconds
[2026-08-26T18:21:08.368+0000] {processor.py:161} INFO - Started process (PID=3793) to work on /home/airflow/.local/lib/python3.8/site-packages/airflow/example_dags/example_bash_operator.py
[2026-08-26T18:21:08.371+0000] {processor.py:830} INFO - Processing file /home/airflow/.local/lib/python3.8/site-packages/airflow/example_dags/example_bash_operator.py for tasks to queue
[2026-08-26T18:21:08.374+0000] {logging_mixin.py:188} INFO - [2026-08-26T18:21:08.374+0000] {dagbag.py:540} INFO - Filling up the DagBag from /home/airflow/.local/lib/python3.8/site-packages/airflow/example_dags/example_bash_operator.py
[2026-08-26T18:21:08.389+0000] {processor.py:840} INFO - DAG(s) 'example_bash_operator' retrieved from /home/airflow/.local/lib/python3.8/site-packages/airflow/example_dags/example_bash_operator.py
[2026-08-26T18:21:08.422+0000] {logging_mixin.py:188} INFO - [2026-08-26T18:21:08.422+0000] {dag.py:3047} INFO - Sync 1 DAGs
[2026-08-26T18:21:08.447+0000] {logging_mixin.py:188} INFO - [2026-08-26T18:21:08.446+0000] {dag.py:3834} INFO - Setting next_dagrun for example_bash_operator to 2026-08-25 00:00:00+00:00, run_after=2026-08-26 00:00:00+00:00
[2026-08-26T18:21:08.467+0000] {processor.py:183} INFO - Processing /home/airflow/.local/lib/python3.8/site-packages/airflow/example_dags/example_bash_operator.py took 0.104 seconds
[2026-08-26T18:21:39.261+0000] {processor.py:161} INFO - Started process (PID=3850) to work on /home/airflow/.local/lib/python3.8/site-packages/airflow/example_dags/example_bash_operator.py
[2026-08-26T18:21:39.264+0000] {processor.py:830} INFO - Processing file /home/airflow/.local/lib/python3.8/site-packages/airflow/example_dags/example_bash_operator.py for tasks to queue
[2026-08-26T18:21:39.270+0000] {logging_mixin.py:188} INFO - [2026-08-26T18:21:39.269+0000] {dagbag.py:540} INFO - Filling up the DagBag from /home/airflow/.local/lib/python3.8/site-packages/airflow/example_dags/example_bash_operator.py
[2026-08-26T18:21:39.298+0000] {processor.py:840} INFO - DAG(s) 'example_bash_operator' retrieved from /home/airflow/.local/lib/python3.8/site-packages/airflow/example_dags/example_bash_operator.py
[2026-08-26T18:21:39.340+0000] {logging_mixin.py:188} INFO - [2026-08-26T18:21:39.340+0000] {dag.py:3047} INFO - Sync 1 DAGs
[2026-08-26T18:21:39.368+0000] {logging_mixin.py:188} INFO - [2026-08-26T18:21:39.368+0000] {dag.py:3834} INFO - Setting next_dagrun for example_bash_operator to 2026-08-25 00:00:00+00:00, run_after=2026-08-26 00:00:00+00:00
[2026-08-26T18:21:39.387+0000] {processor.py:183} INFO - Processing /home/airflow/.local/lib/python3.8/site-packages/airflow/example_dags/example_bash_operator.py took 0.135 seconds
[2026-08-26T18:22:09.541+0000] {processor.py:161} INFO - Started process (PID=3907) to work on /home/airflow/.local/lib/python3.8/site-packages/airflow/example_dags/example_bash_operator.py
[2026-08-26T18:22:09.543+0000] {processor.py:830} INFO - Processing file /home/airflow/.local/lib/python3.8/site-packages/airflow/example_dags/example_bash_operator.py for tasks to queue
[2026-08-26T18:22:09.547+0000] {logging_mixin.py:188} INFO - [2026-08-26T18:22:09.546+0000] {dagbag.py:540} INFO - Filling up the DagBag from /home/airflow/.local/lib/python3.8/site-packages/airflow/example_dags/example_bash_operator.py
[2026-08-26T18:22:09.559+0000] {processor.py:840} INFO - DAG(s) 'example_bash_operator' retrieved from /home/airflow/.local/lib/python3.8/site-packages/airflow/example_dags/example_bash_operator.py
[2026-08-26T18:22:09.592+0000] {logging_mixin.py:188} INFO - [2026-08-26T18:22:09.592+0000] {dag.py:3047} INFO - Sync 1 DAGs
[2026-08-26T18:22:09.621+0000] {logging_mixin.py:188} INFO - [2026-08-26T18:22:09.621+0000] {dag.py:3834} INFO - Setting next_dagrun for example_bash_operator to 2026-08-25 00:00:00+00:00, run_after=2026-08-26 00:00:00+00:00
[2026-08-26T18:22:09.643+0000] {processor.py:183} INFO - Processing /home/airflow/.local/lib/python3.8/site-packages/airflow/example_dags/example_bash_operator.py took 0.104 seconds
[2026-08-26T18:22:40.010+0000] {processor.py:161} INFO - Started process (PID=3964) to work on /home/airflow/.local/lib/python3.8/site-packages/airflow/example_dags/example_bash_operator.py
[2026-08-26T18:22:40.012+0000] {processor.py:830} INFO - Processing file /home/airflow/.local/lib/python3.8/site-packages/airflow/example_dags/example_bash_operator.py for tasks to queue
[2026-08-26T18:22:40.015+0000] {logging_mixin.py:188} INFO - [2026-08-26T18:22:40.015+0000] {dagbag.py:540} INFO - Filling up the DagBag from /home/airflow/.local/lib/python3.8/site-packages/airflow/example_dags/example_bash_operator.py
[2026-08-26T18:22:40.029+0000] {processor.py:840} INFO - DAG(s) 'example_bash_operator' retrieved from /home/airflow/.local/lib/python3.8/site-packages/airflow/example_dags/example_bash_operator.py
[2026-08-26T18:22:40.064+0000] {logging_mixin.py:188} INFO - [2026-08-26T18:22:40.063+0000] {dag.py:3047} INFO - Sync 1 DAGs
[2026-08-26T18:22:40.090+0000] {logging_mixin.py:188} INFO - [2026-08-26T18:22:40.090+0000] {dag.py:3834} INFO - Setting next_dagrun for example_bash_operator to 2026-08-25 00:00:00+00:00, run_after=2026-08-26 00:00:00+00:00
[2026-08-26T18:22:40.114+0000] {processor.py:183} INFO - Processing /home/airflow/.local/lib/python3.8/site-packages/airflow/example_dags/example_bash_operator.py took 0.108 seconds
[2026-08-26T18:23:10.506+0000] {processor.py:161} INFO - Started process (PID=4021) to work on /home/airflow/.local/lib/python3.8/site-packages/airflow/example_dags/example_bash_operator.py
[2026-08-26T18:23:10.509+0000] {processor.py:830} INFO - Processing file /home/airflow/.local/lib/python3.8/site-packages/airflow/example_dags/example_bash_operator.py for tasks to queue
[2026-08-26T18:23:10.511+0000] {logging_mixin.py:188} INFO - [2026-08-26T18:23:10.511+0000] {dagbag.py:540} INFO - Filling up the DagBag from /home/airflow/.local/lib/python3.8/site-packages/airflow/example_dags/example_bash_operator.py
[2026-08-26T18:23:10.526+0000] {processor.py:840} INFO - DAG(s) 'example_bash_operator' retrieved from /home/airflow/.local/lib/python3.8/site-packages/airflow/example_dags/example_bash_operator.py
[2026-08-26T18:23:10.560+0000] {logging_mixin.py:188} INFO - [2026-08-26T18:23:10.560+0000] {dag.py:3047} INFO - Sync 1 DAGs
[2026-08-26T18:23:10.585+0000] {logging_mixin.py:188} INFO - [2026-08-26T18:23:10.585+0000] {dag.py:3834} INFO - Setting next_dagrun for example_bash_operator to 2026-08-25 00:00:00+00:00, run_after=2026-08-26 00:00:00+00:00
[2026-08-26T18:23:10.609+0000] {processor.py:183} INFO - Processing /home/airflow/.local/lib/python3.8/site-packages/airflow/example_dags/example_bash_operator.py took 0.106 seconds
[2026-08-26T18:23:41.086+0000] {processor.py:161} INFO - Started process (PID=4078) to work on /home/airflow/.local/lib/python3.8/site-packages/airflow/example_dags/example_bash_operator.py
[2026-08-26T18:23:41.089+0000] {processor.py:830} INFO - Processing file /home/airflow/.local/lib/python3.8/site-packages/airflow/example_dags/example_bash_operator.py for tasks to queue
[2026-08-26T18:23:41.092+0000] {logging_mixin.py:188} INFO - [2026-08-26T18:23:41.092+0000] {dagbag.py:540} INFO - Filling up the DagBag from /home/airflow/.local/lib/python3.8/site-packages/airflow/example_dags/example_bash_operator.py
[2026-08-26T18:23:41.106+0000] {processor.py:840} INFO - DAG(s) 'example_bash_operator' retrieved from /home/airflow/.local/lib/python3.8/site-packages/airflow/example_dags/example_bash_operator.py
[2026-08-26T18:23:41.139+0000] {logging_mixin.py:188} INFO - [2026-08-26T18:23:41.139+0000] {dag.py:3047} INFO - Sync 1 DAGs
[2026-08-26T18:23:41.164+0000] {logging_mixin.py:188} INFO - [2026-08-26T18:23:41.164+0000] {dag.py:3834} INFO - Setting next_dagrun for example_bash_operator to 2026-08-25 00:00:00+00:00, run_after=2026-08-26 00:00:00+00:00
[2026-08-26T18:23:41.190+0000] {processor.py:183} INFO - Processing /home/airflow/.local/lib/python3.8/site-packages/airflow/example_dags/example_bash_operator.py took 0.108 seconds
[2026-08-26T18:24:11.286+0000] {processor.py:161} INFO - Started process (PID=4135) to work on /home/airflow/.local/lib/python3.8/site-packages/airflow/example_dags/example_bash_operator.py
[2026-08-26T18:24:11.288+0000] {processor.py:830} INFO - Processing file /home/airflow/.local/lib/python3.8/site-packages/airflow/example_dags/example_bash_operator.py for tasks to queue
[2026-08-26T18:24:11.291+0000] {logging_mixin.py:188} INFO - [2026-08-26T18:24:11.291+0000] {dagbag.py:540} INFO - Filling up the DagBag from /home/airflow/.local/lib/python3.8/site-packages/airflow/example_dags/example_bash_operator.py
[2026-08-26T18:24:11.306+0000] {processor.py:840} INFO - DAG(s) 'example_bash_operator' retrieved from /home/airflow/.local/lib/python3.8/site-packages/airflow/example_dags/example_bash_operator.py
[2026-08-26T18:24:11.340+0000] {logging_mixin.py:188} INFO - [2026-08-26T18:24:11.340+0000] {dag.py:3047} INFO - Sync 1 DAGs
[2026-08-26T18:24:11.370+0000] {logging_mixin.py:188} INFO - [2026-08-26T18:24:11.370+0000] {dag.py:3834} INFO - Setting next_dagrun for example_bash_operator to 2026-08-25 00:00:00+00:00, run_after=2026-08-26 00:00:00+00:00
[2026-08-26T18:24:11.392+0000] {processor.py:183} INFO - Processing /home/airflow/.local/lib/python3.8/site-packages/airflow/example_dags/example_bash_operator.py took 0.111 seconds
[2026-08-26T18:24:41.670+0000] {processor.py:161} INFO - Started process (PID=4192) to work on /home/airflow/.local/lib/python3.8/site-packages/airflow/example_dags/example_bash_operator.py
[2026-08-26T18:24:41.672+0000] {processor.py:830} INFO - Processing file /home/airflow/.local/lib/python3.8/site-packages/airflow/example_dags/example_bash_operator.py for tasks to queue
[2026-08-26T18:24:41.674+0000] {logging_mixin.py:188} INFO - [2026-08-26T18:24:41.674+0000] {dagbag.py:540} INFO - Filling up the DagBag from /home/airflow/.local/lib/python3.8/site-packages/airflow/example_dags/example_bash_operator.py
[2026-08-26T18:24:41.689+0000] {processor.py:840} INFO - DAG(s) 'example_bash_operator' retrieved from /home/airflow/.local/lib/python3.8/site-packages/airflow/example_dags/example_bash_operator.py
[2026-08-26T18:24:41.724+0000] {logging_mixin.py:188} INFO - [2026-08-26T18:24:41.724+0000] {dag.py:3047} INFO - Sync 1 DAGs
[2026-08-26T18:24:41.753+0000] {logging_mixin.py:188} INFO - [2026-08-26T18:24:41.753+0000] {dag.py:3834} INFO - Setting next_dagrun for example_bash_operator to 2026-08-25 00:00:00+00:00, run_after=2026-08-26 00:00:00+00:00
[2026-08-26T18:24:41.775+0000] {processor.py:183} INFO - Processing /home/airflow/.local/lib/python3.8/site-packages/airflow/example_dags/example_bash_operator.py took 0.109 seconds
[2026-08-26T18:25:11.853+0000] {processor.py:161} INFO - Started process (PID=4249) to work on /home/airflow/.local/lib/python3.8/site-packages/airflow/example_dags/example_bash_operator.py
[2026-08-26T18:25:11.855+0000] {processor.py:830} INFO - Processing file /home/airflow/.local/lib/python3.8/site-packages/airflow/example_dags/example_bash_operator.py for tasks to queue
[2026-08-26T18:25:11.858+0000] {logging_mixin.py:188} INFO - [2026-08-26T18:25:11.858+0000] {dagbag.py:540} INFO - Filling up the DagBag from /home/airflow/.local/lib/python3.8/site-packages/airflow/example_dags/example_bash_operator.py
[2026-08-26T18:25:11.873+0000] {processor.py:840} INFO - DAG(s) 'example_bash_operator' retrieved from /home/airflow/.local/lib/python3.8/site-packages/airflow/example_dags/example_bash_operator.py
[2026-08-26T18:25:11.916+0000] {logging_mixin.py:188} INFO - [2026-08-26T18:25:11.915+0000] {dag.py:3047} INFO - Sync 1 DAGs
[2026-08-26T18:25:11.946+0000] {logging_mixin.py:188} INFO - [2026-08-26T18:25:11.946+0000] {dag.py:3834} INFO - Setting next_dagrun for example_bash_operator to 2026-08-25 00:00:00+00:00, run_after=2026-08-26 00:00:00+00:00
[2026-08-26T18:25:11.970+0000] {processor.py:183} INFO - Processing /home/airflow/.local/lib/python3.8/site-packages/airflow/example_dags/example_bash_operator.py took 0.121 seconds
[2026-08-26T18:25:42.050+0000] {processor.py:161} INFO - Started process (PID=4306) to work on /home/airflow/.local/lib/python3.8/site-packages/airflow/example_dags/example_bash_operator.py
[2026-08-26T18:25:42.052+0000] {processor.py:830} INFO - Processing file /home/airflow/.local/lib/python3.8/site-packages/airflow/example_dags/example_bash_operator.py for tasks to queue
[2026-08-26T18:25:42.054+0000] {logging_mixin.py:188} INFO - [2026-08-26T18:25:42.054+0000] {dagbag.py:540} INFO - Filling up the DagBag from /home/airflow/.local/lib/python3.8/site-packages/airflow/example_dags/example_bash_operator.py
[2026-08-26T18:25:42.069+0000] {processor.py:840} INFO - DAG(s) 'example_bash_operator' retrieved from /home/airflow/.local/lib/python3.8/site-packages/airflow/example_dags/example_bash_operator.py
[2026-08-26T18:25:42.101+0000] {logging_mixin.py:188} INFO - [2026-08-26T18:25:42.101+0000] {dag.py:3047} INFO - Sync 1 DAGs
[2026-08-26T18:25:42.128+0000] {logging_mixin.py:188} INFO - [2026-08-26T18:25:42.128+0000] {dag.py:3834} INFO - Setting next_dagrun for example_bash_operator to 2026-08-25 00:00:00+00:00, run_after=2026-08-26 00:00:00+00:00
[2026-08-26T18:25:42.151+0000] {processor.py:183} INFO - Processing /home/airflow/.local/lib/python3.8/site-packages/airflow/example_dags/example_bash_operator.py took 0.104 seconds
[2026-08-26T18:26:12.562+0000] {processor.py:161} INFO - Started process (PID=4363) to work on /home/airflow/.local/lib/python3.8/site-packages/airflow/example_dags/example_bash_operator.py
[2026-08-26T18:26:12.564+0000] {processor.py:830} INFO - Processing file /home/airflow/.local/lib/python3.8/site-packages/airflow/example_dags/example_bash_operator.py for tasks to queue
[2026-08-26T18:26:12.567+0000] {logging_mixin.py:188} INFO - [2026-08-26T18:26:12.567+0000] {dagbag.py:540} INFO - Filling up the DagBag from /home/airflow/.local/lib/python3.8/site-packages/airflow/example_dags/example_bash_operator.py
[2026-08-26T18:26:12.584+0000] {processor.py:840} INFO - DAG(s) 'example_bash_operator' retrieved from /home/airflow/.local/lib/python3.8/site-packages/airflow/example_dags/example_bash_operator.py
[2026-08-26T18:26:12.617+0000] {logging_mixin.py:188} INFO - [2026-08-26T18:26:12.616+0000] {dag.py:3047} INFO - Sync 1 DAGs
[2026-08-26T18:26:12.642+0000] {logging_mixin.py:188} INFO - [2026-08-26T18:26:12.642+0000] {dag.py:3834} INFO - Setting next_dagrun for example_bash_operator to 2026-08-25 00:00:00+00:00, run_after=2026-08-26 00:00:00+00:00
[2026-08-26T18:26:12.666+0000] {processor.py:183} INFO - Processing /home/airflow/.local/lib/python3.8/site-packages/airflow/example_dags/example_bash_operator.py took 0.111 seconds
[2026-08-26T18:26:43.347+0000] {processor.py:161} INFO - Started process (PID=4420) to work on /home/airflow/.local/lib/python3.8/site-packages/airflow/example_dags/example_bash_operator.py
[2026-08-26T18:26:43.349+0000] {processor.py:830} INFO - Processing file /home/airflow/.local/lib/python3.8/site-packages/airflow/example_dags/example_bash_operator.py for tasks to queue
[2026-08-26T18:26:43.351+0000] {logging_mixin.py:188} INFO - [2026-08-26T18:26:43.351+0000] {dagbag.py:540} INFO - Filling up the DagBag from /home/airflow/.local/lib/python3.8/site-packages/airflow/example_dags/example_bash_operator.py
[2026-08-26T18:26:43.364+0000] {processor.py:840} INFO - DAG(s) 'example_bash_operator' retrieved from /home/airflow/.local/lib/python3.8/site-packages/airflow/example_dags/example_bash_operator.py
[2026-08-26T18:26:43.398+0000] {logging_mixin.py:188} INFO - [2026-08-26T18:26:43.397+0000] {dag.py:3047} INFO - Sync 1 DAGs
[2026-08-26T18:26:43.425+0000] {logging_mixin.py:188} INFO - [2026-08-26T18:26:43.425+0000] {dag.py:3834} INFO - Setting next_dagrun for example_bash_operator to 2026-08-25 00:00:00+00:00, run_after=2026-08-26 00:00:00+00:00
[2026-08-26T18:26:43.447+0000] {processor.py:183} INFO - Processing /home/airflow/.local/lib/python3.8/site-packages/airflow/example_dags/example_bash_operator.py took 0.103 seconds
[2026-08-26T18:27:13.986+0000] {processor.py:161} INFO - Started process (PID=4477) to work on /home/airflow/.local/lib/python3.8/site-packages/airflow/example_dags/example_bash_operator.py
[2026-08-26T18:27:13.988+0000] {processor.py:830} INFO - Processing file /home/airflow/.local/lib/python3.8/site-packages/airflow/example_dags/example_bash_operator.py for tasks to queue
[2026-08-26T18:27:13.991+0000] {logging_mixin.py:188} INFO - [2026-08-26T18:27:13.990+0000] {dagbag.py:540} INFO - Filling up the DagBag from /home/airflow/.local/lib/python3.8/site-packages/airflow/example_dags/example_bash_operator.py
[2026-08-26T18:27:14.005+0000] {processor.py:840} INFO - DAG(s) 'example_bash_operator' retrieved from /home/airflow/.local/lib/python3.8/site-packages/airflow/example_dags/example_bash_operator.py
[2026-08-26T18:27:14.042+0000] {logging_mixin.py:188} INFO - [2026-08-26T18:27:14.041+0000] {dag.py:3047} INFO - Sync 1 DAGs
[2026-08-26T18:27:14.074+0000] {logging_mixin.py:188} INFO - [2026-08-26T18:27:14.074+0000] {dag.py:3834} INFO - Setting next_dagrun for example_bash_operator to 2026-08-25 00:00:00+00:00, run_after=2026-08-26 00:00:00+00:00
[2026-08-26T18:27:14.100+0000] {processor.py:183} INFO - Processing /home/airflow/.local/lib/python3.8/site-packages/airflow/example_dags/example_bash_operator.py took 0.119 seconds
[2026-08-26T18:27:44.674+0000] {processor.py:161} INFO - Started process (PID=4534) to work on /home/airflow/.local/lib/python3.8/site-packages/airflow/example_dags/example_bash_operator.py
[2026-08-26T18:27:44.676+0000] {processor.py:830} INFO - Processing file /home/airflow/.local/lib/python3.8/site-packages/airflow/example_dags/example_bash_operator.py for tasks to queue
[2026-08-26T18:27:44.678+0000] {logging_mixin.py:188} INFO - [2026-08-26T18:27:44.678+0000] {dagbag.py:540} INFO - Filling up the DagBag from /home/airflow/.local/lib/python3.8/site-packages/airflow/example_dags/example_bash_operator.py
[2026-08-26T18:27:44.691+0000] {processor.py:840} INFO - DAG(s) 'example_bash_operator' retrieved from /home/airflow/.local/lib/python3.8/site-packages/airflow/example_dags/example_bash_operator.py
[2026-08-26T18:27:44.725+0000] {logging_mixin.py:188} INFO - [2026-08-26T18:27:44.725+0000] {dag.py:3047} INFO - Sync 1 DAGs
[2026-08-26T18:27:44.751+0000] {logging_mixin.py:188} INFO - [2026-08-26T18:27:44.751+0000] {dag.py:3834} INFO - Setting next_dagrun for example_bash_operator to 2026-08-25 00:00:00+00:00, run_after=2026-08-26 00:00:00+00:00
[2026-08-26T18:27:44.777+0000] {processor.py:183} INFO - Processing /home/airflow/.local/lib/python3.8/site-packages/airflow/example_dags/example_bash_operator.py took 0.107 seconds
[2026-08-26T18:28:15.323+0000] {processor.py:161} INFO - Started process (PID=4591) to work on /home/airflow/.local/lib/python3.8/site-packages/airflow/example_dags/example_bash_operator.py
[2026-08-26T18:28:15.325+0000] {processor.py:830} INFO - Processing file /home/airflow/.local/lib/python3.8/site-packages/airflow/example_dags/example_bash_operator.py for tasks to queue
[2026-08-26T18:28:15.329+0000] {logging_mixin.py:188} INFO - [2026-08-26T18:28:15.329+0000] {dagbag.py:540} INFO - Filling up the DagBag from /home/airflow/.local/lib/python3.8/site-packages/airflow/example_dags/example_bash_operator.py
[2026-08-26T18:28:15.345+0000] {processor.py:840} INFO - DAG(s) 'example_bash_operator' retrieved from /home/airflow/.local/lib/python3.8/site-packages/airflow/example_dags/example_bash_operator.py
[2026-08-26T18:28:15.381+0000] {logging_mixin.py:188} INFO - [2026-08-26T18:28:15.381+0000] {dag.py:3047} INFO - Sync 1 DAGs
[2026-08-26T18:28:15.408+0000] {logging_mixin.py:188} INFO - [2026-08-26T18:28:15.408+0000] {dag.py:3834} INFO - Setting next_dagrun for example_bash_operator to 2026-08-25 00:00:00+00:00, run_after=2026-08-26 00:00:00+00:00
[2026-08-26T18:28:15.431+0000] {processor.py:183} INFO - Processing /home/airflow/.local/lib/python3.8/site-packages/airflow/example_dags/example_bash_operator.py took 0.113 seconds
[2026-08-26T18:28:46.099+0000] {processor.py:161} INFO - Started process (PID=4648) to work on /home/airflow/.local/lib/python3.8/site-packages/airflow/example_dags/example_bash_operator.py
[2026-08-26T18:28:46.101+0000] {processor.py:830} INFO - Processing file /home/airflow/.local/lib/python3.8/site-packages/airflow/example_dags/example_bash_operator.py for tasks to queue
[2026-08-26T18:28:46.103+0000] {logging_mixin.py:188} INFO - [2026-08-26T18:28:46.103+0000] {dagbag.py:540} INFO - Filling up the DagBag from /home/airflow/.local/lib/python3.8/site-packages/airflow/example_dags/example_bash_operator.py
[2026-08-26T18:28:46.118+0000] {processor.py:840} INFO - DAG(s) 'example_bash_operator' retrieved from /home/airflow/.local/lib/python3.8/site-packages/airflow/example_dags/example_bash_operator.py
[2026-08-26T18:28:46.151+0000] {logging_mixin.py:188} INFO - [2026-08-26T18:28:46.151+0000] {dag.py:3047} INFO - Sync 1 DAGs
[2026-08-26T18:28:46.178+0000] {logging_mixin.py:188} INFO - [2026-08-26T18:28:46.177+0000] {dag.py:3834} INFO - Setting next_dagrun for example_bash_operator to 2026-08-25 00:00:00+00:00, run_after=2026-08-26 00:00:00+00:00
[2026-08-26T18:28:46.200+0000] {processor.py:183} INFO - Processing /home/airflow/.local/lib/python3.8/site-packages/airflow/example_dags/example_bash_operator.py took 0.104 seconds
[2026-08-26T18:29:17.017+0000] {processor.py:161} INFO - Started process (PID=4705) to work on /home/airflow/.local/lib/python3.8/site-packages/airflow/example_dags/example_bash_operator.py
[2026-08-26T18:29:17.019+0000] {processor.py:830} INFO - Processing file /home/airflow/.local/lib/python3.8/site-packages/airflow/example_dags/example_bash_operator.py for tasks to queue
[2026-08-26T18:29:17.021+0000] {logging_mixin.py:188} INFO - [2026-08-26T18:29:17.021+0000] {dagbag.py:540} INFO - Filling up the DagBag from /home/airflow/.local/lib/python3.8/site-packages/airflow/example_dags/example_bash_operator.py
[2026-08-26T18:29:17.034+0000] {processor.py:840} INFO - DAG(s) 'example_bash_operator' retrieved from /home/airflow/.local/lib/python3.8/site-packages/airflow/example_dags/example_bash_operator.py
[2026-08-26T18:29:17.068+0000] {logging_mixin.py:188} INFO - [2026-08-26T18:29:17.067+0000] {dag.py:3047} INFO - Sync 1 DAGs
[2026-08-26T18:29:17.094+0000] {logging_mixin.py:188} INFO - [2026-08-26T18:29:17.093+0000] {dag.py:3834} INFO - Setting next_dagrun for example_bash_operator to 2026-08-25 00:00:00+00:00, run_after=2026-08-26 00:00:00+00:00
[2026-08-26T18:29:17.115+0000] {processor.py:183} INFO - Processing /home/airflow/.local/lib/python3.8/site-packages/airflow/example_dags/example_bash_operator.py took 0.101 seconds
[2026-08-26T18:29:47.233+0000] {processor.py:161} INFO - Started process (PID=4762) to work on /home/airflow/.local/lib/python3.8/site-packages/airflow/example_dags/example_bash_operator.py
[2026-08-26T18:29:47.235+0000] {processor.py:830} INFO - Processing file /home/airflow/.local/lib/python3.8/site-packages/airflow/example_dags/example_bash_operator.py for tasks to queue
[2026-08-26T18:29:47.238+0000] {logging_mixin.py:188} INFO - [2026-08-26T18:29:47.238+0000] {dagbag.py:540} INFO - Filling up the DagBag from /home/airflow/.local/lib/python3.8/site-packages/airflow/example_dags/example_bash_operator.py
[2026-08-26T18:29:47.250+0000] {processor.py:840} INFO - DAG(s) 'example_bash_operator' retrieved from /home/airflow/.local/lib/python3.8/site-packages/airflow/example_dags/example_bash_operator.py
[2026-08-26T18:29:47.283+0000] {logging_mixin.py:188} INFO - [2026-08-26T18:29:47.283+0000] {dag.py:3047} INFO - Sync 1 DAGs
[2026-08-26T18:29:47.316+0000] {logging_mixin.py:188} INFO - [2026-08-26T18:29:47.315+0000] {dag.py:3834} INFO - Setting next_dagrun for example_bash_operator to 2026-08-25 00:00:00+00:00, run_after=2026-08-26 00:00:00+00:00
[2026-08-26T18:29:47.339+0000] {processor.py:183} INFO - Processing /home/airflow/.local/lib/python3.8/site-packages/airflow/example_dags/example_bash_operator.py took 0.109 seconds
[2026-08-26T18:30:17.473+0000] {processor.py:161} INFO - Started process (PID=4819) to work on /home/airflow/.local/lib/python3.8/site-packages/airflow/example_dags/example_bash_operator.py
[2026-08-26T18:30:17.475+0000] {processor.py:830} INFO - Processing file /home/airflow/.local/lib/python3.8/site-packages/airflow/example_dags/example_bash_operator.py for tasks to queue
[2026-08-26T18:30:17.478+0000] {logging_mixin.py:188} INFO - [2026-08-26T18:30:17.478+0000] {dagbag.py:540} INFO - Filling up the DagBag from /home/airflow/.local/lib/python3.8/site-packages/airflow/example_dags/example_bash_operator.py
[2026-08-26T18:30:17.492+0000] {processor.py:840} INFO - DAG(s) 'example_bash_operator' retrieved from /home/airflow/.local/lib/python3.8/site-packages/airflow/example_dags/example_bash_operator.py
[2026-08-26T18:30:17.527+0000] {logging_mixin.py:188} INFO - [2026-08-26T18:30:17.527+0000] {dag.py:3047} INFO - Sync 1 DAGs
[2026-08-26T18:30:17.552+0000] {logging_mixin.py:188} INFO - [2026-08-26T18:30:17.552+0000] {dag.py:3834} INFO - Setting next_dagrun for example_bash_operator to 2026-08-25 00:00:00+00:00, run_after=2026-08-26 00:00:00+00:00
[2026-08-26T18:30:17.573+0000] {processor.py:183} INFO - Processing /home/airflow/.local/lib/python3.8/site-packages/airflow/example_dags/example_bash_operator.py took 0.104 seconds
[2026-08-26T18:30:47.792+0000] {processor.py:161} INFO - Started process (PID=4876) to work on /home/airflow/.local/lib/python3.8/site-packages/airflow/example_dags/example_bash_operator.py
[2026-08-26T18:30:47.793+0000] {processor.py:830} INFO - Processing file /home/airflow/.local/lib/python3.8/site-packages/airflow/example_dags/example_bash_operator.py for tasks to queue
[2026-08-26T18:30:47.796+0000] {logging_mixin.py:188} INFO - [2026-08-26T18:30:47.795+0000] {dagbag.py:540} INFO - Filling up the DagBag from /home/airflow/.local/lib/python3.8/site-packages/airflow/example_dags/example_bash_operator.py
[2026-08-26T18:30:47.810+0000] {processor.py:840} INFO - DAG(s) 'example_bash_operator' retrieved from /home/airflow/.local/lib/python3.8/site-packages/airflow/example_dags/example_bash_operator.py
[2026-08-26T18:30:47.843+0000] {logging_mixin.py:188} INFO - [2026-08-26T18:30:47.843+0000] {dag.py:3047} INFO - Sync 1 DAGs
[2026-08-26T18:30:47.869+0000] {logging_mixin.py:188} INFO - [2026-08-26T18:30:47.869+0000] {dag.py:3834} INFO - Setting next_dagrun for example_bash_operator to 2026-08-25 00:00:00+00:00, run_after=2026-08-26 00:00:00+00:00
[2026-08-26T18:30:47.889+0000] {processor.py:183} INFO - Processing /home/airflow/.local/lib/python3.8/site-packages/airflow/example_dags/example_bash_operator.py took 0.101 seconds
[2026-08-26T18:31:18.329+0000] {processor.py:161} INFO - Started process (PID=4933) to work on /home/airflow/.local/lib/python3.8/site-packages/airflow/example_dags/example_bash_operator.py
[2026-08-26T18:31:18.331+0000] {processor.py:830} INFO - Processing file /home/airflow/.local/lib/python3.8/site-packages/airflow/example_dags/example_bash_operator.py for tasks to queue
[2026-08-26T18:31:18.334+0000] {logging_mixin.py:188} INFO - [2026-08-26T18:31:18.334+0000] {dagbag.py:540} INFO - Filling up the DagBag from /home/airflow/.local/lib/python3.8/site-packages/airflow/example_dags/example_bash_operator.py
[2026-08-26T18:31:18.350+0000] {processor.py:840} INFO - DAG(s) 'example_bash_operator' retrieved from /home/airflow/.local/lib/python3.8/site-packages/airflow/example_dags/example_bash_operator.py
[2026-08-26T18:31:18.385+0000] {logging_mixin.py:188} INFO - [2026-08-26T18:31:18.385+0000] {dag.py:3047} INFO - Sync 1 DAGs
[2026-08-26T18:31:18.413+0000] {logging_mixin.py:188} INFO - [2026-08-26T18:31:18.413+0000] {dag.py:3834} INFO - Setting next_dagrun for example_bash_operator to 2026-08-25 00:00:00+00:00, run_after=2026-08-26 00:00:00+00:00
[2026-08-26T18:31:18.435+0000] {processor.py:183} INFO - Processing /home/airflow/.local/lib/python3.8/site-packages/airflow/example_dags/example_bash_operator.py took 0.112 seconds
[2026-08-26T18:31:48.901+0000] {processor.py:161} INFO - Started process (PID=4990) to work on /home/airflow/.local/lib/python3.8/site-packages/airflow/example_dags/example_bash_operator.py
[2026-08-26T18:31:48.902+0000] {processor.py:830} INFO - Processing file /home/airflow/.local/lib/python3.8/site-packages/airflow/example_dags/example_bash_operator.py for tasks to queue
[2026-08-26T18:31:48.904+0000] {logging_mixin.py:188} INFO - [2026-08-26T18:31:48.904+0000] {dagbag.py:540} INFO - Filling up the DagBag from /home/airflow/.local/lib/python3.8/site-packages/airflow/example_dags/example_bash_operator.py
[2026-08-26T18:31:48.918+0000] {processor.py:840} INFO - DAG(s) 'example_bash_operator' retrieved from /home/airflow/.local/lib/python3.8/site-packages/airflow/example_dags/example_bash_operator.py
[2026-08-26T18:31:48.949+0000] {logging_mixin.py:188} INFO - [2026-08-26T18:31:48.949+0000] {dag.py:3047} INFO - Sync 1 DAGs
[2026-08-26T18:31:48.972+0000] {logging_mixin.py:188} INFO - [2026-08-26T18:31:48.971+0000] {dag.py:3834} INFO - Setting next_dagrun for example_bash_operator to 2026-08-25 00:00:00+00:00, run_after=2026-08-26 00:00:00+00:00
[2026-08-26T18:31:48.999+0000] {processor.py:183} INFO - Processing /home/airflow/.local/lib/python3.8/site-packages/airflow/example_dags/example_bash_operator.py took 0.101 seconds
[2026-08-26T18:32:19.663+0000] {processor.py:161} INFO - Started process (PID=5047) to work on /home/airflow/.local/lib/python3.8/site-packages/airflow/example_dags/example_bash_operator.py
[2026-08-26T18:32:19.666+0000] {processor.py:830} INFO - Processing file /home/airflow/.local/lib/python3.8/site-packages/airflow/example_dags/example_bash_operator.py for tasks to queue
[2026-08-26T18:32:19.669+0000] {logging_mixin.py:188} INFO - [2026-08-26T18:32:19.669+0000] {dagbag.py:540} INFO - Filling up the DagBag from /home/airflow/.local/lib/python3.8/site-packages/airflow/example_dags/example_bash_operator.py
[2026-08-26T18:32:19.690+0000] {processor.py:840} INFO - DAG(s) 'example_bash_operator' retrieved from /home/airflow/.local/lib/python3.8/site-packages/airflow/example_dags/example_bash_operator.py
[2026-08-26T18:32:19.748+0000] {logging_mixin.py:188} INFO - [2026-08-26T18:32:19.747+0000] {dag.py:3047} INFO - Sync 1 DAGs
[2026-08-26T18:32:19.798+0000] {logging_mixin.py:188} INFO - [2026-08-26T18:32:19.797+0000] {dag.py:3834} INFO - Setting next_dagrun for example_bash_operator to 2026-08-25 00:00:00+00:00, run_after=2026-08-26 00:00:00+00:00
[2026-08-26T18:32:19.827+0000] {processor.py:183} INFO - Processing /home/airflow/.local/lib/python3.8/site-packages/airflow/example_dags/example_bash_operator.py took 0.168 seconds
[2026-08-26T18:32:50.128+0000] {processor.py:161} INFO - Started process (PID=5104) to work on /home/airflow/.local/lib/python3.8/site-packages/airflow/example_dags/example_bash_operator.py
[2026-08-26T18:32:50.130+0000] {processor.py:830} INFO - Processing file /home/airflow/.local/lib/python3.8/site-packages/airflow/example_dags/example_bash_operator.py for tasks to queue
[2026-08-26T18:32:50.132+0000] {logging_mixin.py:188} INFO - [2026-08-26T18:32:50.132+0000] {dagbag.py:540} INFO - Filling up the DagBag from /home/airflow/.local/lib/python3.8/site-packages/airflow/example_dags/example_bash_operator.py
[2026-08-26T18:32:50.156+0000] {processor.py:840} INFO - DAG(s) 'example_bash_operator' retrieved from /home/airflow/.local/lib/python3.8/site-packages/airflow/example_dags/example_bash_operator.py
[2026-08-26T18:32:50.196+0000] {logging_mixin.py:188} INFO - [2026-08-26T18:32:50.195+0000] {dag.py:3047} INFO - Sync 1 DAGs
[2026-08-26T18:32:50.230+0000] {logging_mixin.py:188} INFO - [2026-08-26T18:32:50.229+0000] {dag.py:3834} INFO - Setting next_dagrun for example_bash_operator to 2026-08-25 00:00:00+00:00, run_after=2026-08-26 00:00:00+00:00
[2026-08-26T18:32:50.253+0000] {processor.py:183} INFO - Processing /home/airflow/.local/lib/python3.8/site-packages/airflow/example_dags/example_bash_operator.py took 0.127 seconds
[2026-08-26T18:33:21.283+0000] {processor.py:161} INFO - Started process (PID=5161) to work on /home/airflow/.local/lib/python3.8/site-packages/airflow/example_dags/example_bash_operator.py
[2026-08-26T18:33:21.285+0000] {processor.py:830} INFO - Processing file /home/airflow/.local/lib/python3.8/site-packages/airflow/example_dags/example_bash_operator.py for tasks to queue
[2026-08-26T18:33:21.289+0000] {logging_mixin.py:188} INFO - [2026-08-26T18:33:21.288+0000] {dagbag.py:540} INFO - Filling up the DagBag from /home/airflow/.local/lib/python3.8/site-packages/airflow/example_dags/example_bash_operator.py
[2026-08-26T18:33:21.304+0000] {processor.py:840} INFO - DAG(s) 'example_bash_operator' retrieved from /home/airflow/.local/lib/python3.8/site-packages/airflow/example_dags/example_bash_operator.py
[2026-08-26T18:33:21.339+0000] {logging_mixin.py:188} INFO - [2026-08-26T18:33:21.339+0000] {dag.py:3047} INFO - Sync 1 DAGs
[2026-08-26T18:33:21.369+0000] {logging_mixin.py:188} INFO - [2026-08-26T18:33:21.369+0000] {dag.py:3834} INFO - Setting next_dagrun for example_bash_operator to 2026-08-25 00:00:00+00:00, run_after=2026-08-26 00:00:00+00:00
[2026-08-26T18:33:21.392+0000] {processor.py:183} INFO - Processing /home/airflow/.local/lib/python3.8/site-packages/airflow/example_dags/example_bash_operator.py took 0.113 seconds
[2026-08-26T18:33:51.485+0000] {processor.py:161} INFO - Started process (PID=5218) to work on /home/airflow/.local/lib/python3.8/site-packages/airflow/example_dags/example_bash_operator.py
[2026-08-26T18:33:51.487+0000] {processor.py:830} INFO - Processing file /home/airflow/.local/lib/python3.8/site-packages/airflow/example_dags/example_bash_operator.py for tasks to queue
[2026-08-26T18:33:51.490+0000] {logging_mixin.py:188} INFO - [2026-08-26T18:33:51.490+0000] {dagbag.py:540} INFO - Filling up the DagBag from /home/airflow/.local/lib/python3.8/site-packages/airflow/example_dags/example_bash_operator.py
[2026-08-26T18:33:51.511+0000] {processor.py:840} INFO - DAG(s) 'example_bash_operator' retrieved from /home/airflow/.local/lib/python3.8/site-packages/airflow/example_dags/example_bash_operator.py
[2026-08-26T18:33:51.554+0000] {logging_mixin.py:188} INFO - [2026-08-26T18:33:51.554+0000] {dag.py:3047} INFO - Sync 1 DAGs
[2026-08-26T18:33:51.588+0000] {logging_mixin.py:188} INFO - [2026-08-26T18:33:51.588+0000] {dag.py:3834} INFO - Setting next_dagrun for example_bash_operator to 2026-08-25 00:00:00+00:00, run_after=2026-08-26 00:00:00+00:00
[2026-08-26T18:33:51.614+0000] {processor.py:183} INFO - Processing /home/airflow/.local/lib/python3.8/site-packages/airflow/example_dags/example_bash_operator.py took 0.138 seconds
[2026-08-26T18:34:21.747+0000] {processor.py:161} INFO - Started process (PID=5275) to work on /home/airflow/.local/lib/python3.8/site-packages/airflow/example_dags/example_bash_operator.py
[2026-08-26T18:34:21.749+0000] {processor.py:830} INFO - Processing file /home/airflow/.local/lib/python3.8/site-packages/airflow/example_dags/example_bash_operator.py for tasks to queue
[2026-08-26T18:34:21.752+0000] {logging_mixin.py:188} INFO - [2026-08-26T18:34:21.752+0000] {dagbag.py:540} INFO - Filling up the DagBag from /home/airflow/.local/lib/python3.8/site-packages/airflow/example_dags/example_bash_operator.py
[2026-08-26T18:34:21.770+0000] {processor.py:840} INFO - DAG(s) 'example_bash_operator' retrieved from /home/airflow/.local/lib/python3.8/site-packages/airflow/example_dags/example_bash_operator.py
[2026-08-26T18:34:21.814+0000] {logging_mixin.py:188} INFO - [2026-08-26T18:34:21.814+0000] {dag.py:3047} INFO - Sync 1 DAGs
[2026-08-26T18:34:21.844+0000] {logging_mixin.py:188} INFO - [2026-08-26T18:34:21.844+0000] {dag.py:3834} INFO - Setting next_dagrun for example_bash_operator to 2026-08-25 00:00:00+00:00, run_after=2026-08-26 00:00:00+00:00
[2026-08-26T18:34:21.870+0000] {processor.py:183} INFO - Processing /home/airflow/.local/lib/python3.8/site-packages/airflow/example_dags/example_bash_operator.py took 0.129 seconds
[2026-08-26T18:34:52.598+0000] {processor.py:161} INFO - Started process (PID=5332) to work on /home/airflow/.local/lib/python3.8/site-packages/airflow/example_dags/example_bash_operator.py
[2026-08-26T18:34:52.600+0000] {processor.py:830} INFO - Processing file /home/airflow/.local/lib/python3.8/site-packages/airflow/example_dags/example_bash_operator.py for tasks to queue
[2026-08-26T18:34:52.603+0000] {logging_mixin.py:188} INFO - [2026-08-26T18:34:52.602+0000] {dagbag.py:540} INFO - Filling up the DagBag from /home/airflow/.local/lib/python3.8/site-packages/airflow/example_dags/example_bash_operator.py
[2026-08-26T18:34:52.617+0000] {processor.py:840} INFO - DAG(s) 'example_bash_operator' retrieved from /home/airflow/.local/lib/python3.8/site-packages/airflow/example_dags/example_bash_operator.py
[2026-08-26T18:34:52.653+0000] {logging_mixin.py:188} INFO - [2026-08-26T18:34:52.652+0000] {dag.py:3047} INFO - Sync 1 DAGs
[2026-08-26T18:34:52.682+0000] {logging_mixin.py:188} INFO - [2026-08-26T18:34:52.681+0000] {dag.py:3834} INFO - Setting next_dagrun for example_bash_operator to 2026-08-25 00:00:00+00:00, run_after=2026-08-26 00:00:00+00:00
[2026-08-26T18:34:52.714+0000] {processor.py:183} INFO - Processing /home/airflow/.local/lib/python3.8/site-packages/airflow/example_dags/example_bash_operator.py took 0.121 seconds
[2026-08-26T18:35:23.382+0000] {processor.py:161} INFO - Started process (PID=5389) to work on /home/airflow/.local/lib/python3.8/site-packages/airflow/example_dags/example_bash_operator.py
[2026-08-26T18:35:23.384+0000] {processor.py:830} INFO - Processing file /home/airflow/.local/lib/python3.8/site-packages/airflow/example_dags/example_bash_operator.py for tasks to queue
[2026-08-26T18:35:23.387+0000] {logging_mixin.py:188} INFO - [2026-08-26T18:35:23.387+0000] {dagbag.py:540} INFO - Filling up the DagBag from /home/airflow/.local/lib/python3.8/site-packages/airflow/example_dags/example_bash_operator.py
[2026-08-26T18:35:23.402+0000] {processor.py:840} INFO - DAG(s) 'example_bash_operator' retrieved from /home/airflow/.local/lib/python3.8/site-packages/airflow/example_dags/example_bash_operator.py
[2026-08-26T18:35:23.444+0000] {logging_mixin.py:188} INFO - [2026-08-26T18:35:23.444+0000] {dag.py:3047} INFO - Sync 1 DAGs
[2026-08-26T18:35:23.471+0000] {logging_mixin.py:188} INFO - [2026-08-26T18:35:23.471+0000] {dag.py:3834} INFO - Setting next_dagrun for example_bash_operator to 2026-08-25 00:00:00+00:00, run_after=2026-08-26 00:00:00+00:00
[2026-08-26T18:35:23.528+0000] {processor.py:183} INFO - Processing /home/airflow/.local/lib/python3.8/site-packages/airflow/example_dags/example_bash_operator.py took 0.152 seconds
[2026-08-26T18:35:54.038+0000] {processor.py:161} INFO - Started process (PID=5446) to work on /home/airflow/.local/lib/python3.8/site-packages/airflow/example_dags/example_bash_operator.py
[2026-08-26T18:35:54.040+0000] {processor.py:830} INFO - Processing file /home/airflow/.local/lib/python3.8/site-packages/airflow/example_dags/example_bash_operator.py for tasks to queue
[2026-08-26T18:35:54.044+0000] {logging_mixin.py:188} INFO - [2026-08-26T18:35:54.043+0000] {dagbag.py:540} INFO - Filling up the DagBag from /home/airflow/.local/lib/python3.8/site-packages/airflow/example_dags/example_bash_operator.py
[2026-08-26T18:35:54.059+0000] {processor.py:840} INFO - DAG(s) 'example_bash_operator' retrieved from /home/airflow/.local/lib/python3.8/site-packages/airflow/example_dags/example_bash_operator.py
[2026-08-26T18:35:54.098+0000] {logging_mixin.py:188} INFO - [2026-08-26T18:35:54.097+0000] {dag.py:3047} INFO - Sync 1 DAGs
[2026-08-26T18:35:54.127+0000] {logging_mixin.py:188} INFO - [2026-08-26T18:35:54.127+0000] {dag.py:3834} INFO - Setting next_dagrun for example_bash_operator to 2026-08-25 00:00:00+00:00, run_after=2026-08-26 00:00:00+00:00
[2026-08-26T18:35:54.154+0000] {processor.py:183} INFO - Processing /home/airflow/.local/lib/python3.8/site-packages/airflow/example_dags/example_bash_operator.py took 0.122 seconds
[2026-08-26T18:36:24.831+0000] {processor.py:161} INFO - Started process (PID=5503) to work on /home/airflow/.local/lib/python3.8/site-packages/airflow/example_dags/example_bash_operator.py
[2026-08-26T18:36:24.834+0000] {processor.py:830} INFO - Processing file /home/airflow/.local/lib/python3.8/site-packages/airflow/example_dags/example_bash_operator.py for tasks to queue
[2026-08-26T18:36:24.837+0000] {logging_mixin.py:188} INFO - [2026-08-26T18:36:24.837+0000] {dagbag.py:540} INFO - Filling up the DagBag from /home/airflow/.local/lib/python3.8/site-packages/airflow/example_dags/example_bash_operator.py
[2026-08-26T18:36:24.855+0000] {processor.py:840} INFO - DAG(s) 'example_bash_operator' retrieved from /home/airflow/.local/lib/python3.8/site-packages/airflow/example_dags/example_bash_operator.py
[2026-08-26T18:36:24.895+0000] {logging_mixin.py:188} INFO - [2026-08-26T18:36:24.895+0000] {dag.py:3047} INFO - Sync 1 DAGs
[2026-08-26T18:36:24.925+0000] {logging_mixin.py:188} INFO - [2026-08-26T18:36:24.924+0000] {dag.py:3834} INFO - Setting next_dagrun for example_bash_operator to 2026-08-25 00:00:00+00:00, run_after=2026-08-26 00:00:00+00:00
[2026-08-26T18:36:24.950+0000] {processor.py:183} INFO - Processing /home/airflow/.local/lib/python3.8/site-packages/airflow/example_dags/example_bash_operator.py took 0.124 seconds
[2026-08-26T18:36:55.789+0000] {processor.py:161} INFO - Started process (PID=5560) to work on /home/airflow/.local/lib/python3.8/site-packages/airflow/example_dags/example_bash_operator.py
[2026-08-26T18:36:55.791+0000] {processor.py:830} INFO - Processing file /home/airflow/.local/lib/python3.8/site-packages/airflow/example_dags/example_bash_operator.py for tasks to queue
[2026-08-26T18:36:55.794+0000] {logging_mixin.py:188} INFO - [2026-08-26T18:36:55.794+0000] {dagbag.py:540} INFO - Filling up the DagBag from /home/airflow/.local/lib/python3.8/site-packages/airflow/example_dags/example_bash_operator.py
[2026-08-26T18:36:55.809+0000] {processor.py:840} INFO - DAG(s) 'example_bash_operator' retrieved from /home/airflow/.local/lib/python3.8/site-packages/airflow/example_dags/example_bash_operator.py
[2026-08-26T18:36:55.852+0000] {logging_mixin.py:188} INFO - [2026-08-26T18:36:55.851+0000] {dag.py:3047} INFO - Sync 1 DAGs
[2026-08-26T18:36:55.886+0000] {logging_mixin.py:188} INFO - [2026-08-26T18:36:55.886+0000] {dag.py:3834} INFO - Setting next_dagrun for example_bash_operator to 2026-08-25 00:00:00+00:00, run_after=2026-08-26 00:00:00+00:00
[2026-08-26T18:36:55.910+0000] {processor.py:183} INFO - Processing /home/airflow/.local/lib/python3.8/site-packages/airflow/example_dags/example_bash_operator.py took 0.125 seconds
[2026-08-26T18:37:26.611+0000] {processor.py:161} INFO - Started process (PID=5618) to work on /home/airflow/.local/lib/python3.8/site-packages/airflow/example_dags/example_bash_operator.py
[2026-08-26T18:37:26.613+0000] {processor.py:830} INFO - Processing file /home/airflow/.local/lib/python3.8/site-packages/airflow/example_dags/example_bash_operator.py for tasks to queue
[2026-08-26T18:37:26.616+0000] {logging_mixin.py:188} INFO - [2026-08-26T18:37:26.616+0000] {dagbag.py:540} INFO - Filling up the DagBag from /home/airflow/.local/lib/python3.8/site-packages/airflow/example_dags/example_bash_operator.py
[2026-08-26T18:37:26.632+0000] {processor.py:840} INFO - DAG(s) 'example_bash_operator' retrieved from /home/airflow/.local/lib/python3.8/site-packages/airflow/example_dags/example_bash_operator.py
[2026-08-26T18:37:26.670+0000] {logging_mixin.py:188} INFO - [2026-08-26T18:37:26.670+0000] {dag.py:3047} INFO - Sync 1 DAGs
[2026-08-26T18:37:26.703+0000] {logging_mixin.py:188} INFO - [2026-08-26T18:37:26.703+0000] {dag.py:3834} INFO - Setting next_dagrun for example_bash_operator to 2026-08-25 00:00:00+00:00, run_after=2026-08-26 00:00:00+00:00
[2026-08-26T18:37:26.732+0000] {processor.py:183} INFO - Processing /home/airflow/.local/lib/python3.8/site-packages/airflow/example_dags/example_bash_operator.py took 0.127 seconds
[2026-08-26T18:37:57.335+0000] {processor.py:161} INFO - Started process (PID=5675) to work on /home/airflow/.local/lib/python3.8/site-packages/airflow/example_dags/example_bash_operator.py
[2026-08-26T18:37:57.337+0000] {processor.py:830} INFO - Processing file /home/airflow/.local/lib/python3.8/site-packages/airflow/example_dags/example_bash_operator.py for tasks to queue
[2026-08-26T18:37:57.342+0000] {logging_mixin.py:188} INFO - [2026-08-26T18:37:57.341+0000] {dagbag.py:540} INFO - Filling up the DagBag from /home/airflow/.local/lib/python3.8/site-packages/airflow/example_dags/example_bash_operator.py
[2026-08-26T18:37:57.358+0000] {processor.py:840} INFO - DAG(s) 'example_bash_operator' retrieved from /home/airflow/.local/lib/python3.8/site-packages/airflow/example_dags/example_bash_operator.py
[2026-08-26T18:37:57.396+0000] {logging_mixin.py:188} INFO - [2026-08-26T18:37:57.395+0000] {dag.py:3047} INFO - Sync 1 DAGs
[2026-08-26T18:37:57.428+0000] {logging_mixin.py:188} INFO - [2026-08-26T18:37:57.427+0000] {dag.py:3834} INFO - Setting next_dagrun for example_bash_operator to 2026-08-25 00:00:00+00:00, run_after=2026-08-26 00:00:00+00:00
[2026-08-26T18:37:57.453+0000] {processor.py:183} INFO - Processing /home/airflow/.local/lib/python3.8/site-packages/airflow/example_dags/example_bash_operator.py took 0.122 seconds
[2026-08-26T18:38:27.608+0000] {processor.py:161} INFO - Started process (PID=5732) to work on /home/airflow/.local/lib/python3.8/site-packages/airflow/example_dags/example_bash_operator.py
[2026-08-26T18:38:27.610+0000] {processor.py:830} INFO - Processing file /home/airflow/.local/lib/python3.8/site-packages/airflow/example_dags/example_bash_operator.py for tasks to queue
[2026-08-26T18:38:27.612+0000] {logging_mixin.py:188} INFO - [2026-08-26T18:38:27.612+0000] {dagbag.py:540} INFO - Filling up the DagBag from /home/airflow/.local/lib/python3.8/site-packages/airflow/example_dags/example_bash_operator.py
[2026-08-26T18:38:27.629+0000] {processor.py:840} INFO - DAG(s) 'example_bash_operator' retrieved from /home/airflow/.local/lib/python3.8/site-packages/airflow/example_dags/example_bash_operator.py
[2026-08-26T18:38:27.665+0000] {logging_mixin.py:188} INFO - [2026-08-26T18:38:27.665+0000] {dag.py:3047} INFO - Sync 1 DAGs
[2026-08-26T18:38:27.700+0000] {logging_mixin.py:188} INFO - [2026-08-26T18:38:27.699+0000] {dag.py:3834} INFO - Setting next_dagrun for example_bash_operator to 2026-08-25 00:00:00+00:00, run_after=2026-08-26 00:00:00+00:00
[2026-08-26T18:38:27.729+0000] {processor.py:183} INFO - Processing /home/airflow/.local/lib/python3.8/site-packages/airflow/example_dags/example_bash_operator.py took 0.126 seconds
[2026-08-26T18:38:58.528+0000] {processor.py:161} INFO - Started process (PID=5788) to work on /home/airflow/.local/lib/python3.8/site-packages/airflow/example_dags/example_bash_operator.py
[2026-08-26T18:38:58.530+0000] {processor.py:830} INFO - Processing file /home/airflow/.local/lib/python3.8/site-packages/airflow/example_dags/example_bash_operator.py for tasks to queue
[2026-08-26T18:38:58.535+0000] {logging_mixin.py:188} INFO - [2026-08-26T18:38:58.534+0000] {dagbag.py:540} INFO - Filling up the DagBag from /home/airflow/.local/lib/python3.8/site-packages/airflow/example_dags/example_bash_operator.py
[2026-08-26T18:38:58.553+0000] {processor.py:840} INFO - DAG(s) 'example_bash_operator' retrieved from /home/airflow/.local/lib/python3.8/site-packages/airflow/example_dags/example_bash_operator.py
[2026-08-26T18:38:58.591+0000] {logging_mixin.py:188} INFO - [2026-08-26T18:38:58.591+0000] {dag.py:3047} INFO - Sync 1 DAGs
[2026-08-26T18:38:58.621+0000] {logging_mixin.py:188} INFO - [2026-08-26T18:38:58.621+0000] {dag.py:3834} INFO - Setting next_dagrun for example_bash_operator to 2026-08-25 00:00:00+00:00, run_after=2026-08-26 00:00:00+00:00
[2026-08-26T18:38:58.649+0000] {processor.py:183} INFO - Processing /home/airflow/.local/lib/python3.8/site-packages/airflow/example_dags/example_bash_operator.py took 0.128 seconds
[2026-08-26T18:39:28.979+0000] {processor.py:161} INFO - Started process (PID=5845) to work on /home/airflow/.local/lib/python3.8/site-packages/airflow/example_dags/example_bash_operator.py
[2026-08-26T18:39:28.981+0000] {processor.py:830} INFO - Processing file /home/airflow/.local/lib/python3.8/site-packages/airflow/example_dags/example_bash_operator.py for tasks to queue
[2026-08-26T18:39:28.985+0000] {logging_mixin.py:188} INFO - [2026-08-26T18:39:28.985+0000] {dagbag.py:540} INFO - Filling up the DagBag from /home/airflow/.local/lib/python3.8/site-packages/airflow/example_dags/example_bash_operator.py
[2026-08-26T18:39:29.003+0000] {processor.py:840} INFO - DAG(s) 'example_bash_operator' retrieved from /home/airflow/.local/lib/python3.8/site-packages/airflow/example_dags/example_bash_operator.py
[2026-08-26T18:39:29.045+0000] {logging_mixin.py:188} INFO - [2026-08-26T18:39:29.045+0000] {dag.py:3047} INFO - Sync 1 DAGs
[2026-08-26T18:39:29.081+0000] {logging_mixin.py:188} INFO - [2026-08-26T18:39:29.081+0000] {dag.py:3834} INFO - Setting next_dagrun for example_bash_operator to 2026-08-25 00:00:00+00:00, run_after=2026-08-26 00:00:00+00:00
[2026-08-26T18:39:29.112+0000] {processor.py:183} INFO - Processing /home/airflow/.local/lib/python3.8/site-packages/airflow/example_dags/example_bash_operator.py took 0.138 seconds
[2026-08-26T18:39:59.449+0000] {processor.py:161} INFO - Started process (PID=5902) to work on /home/airflow/.local/lib/python3.8/site-packages/airflow/example_dags/example_bash_operator.py
[2026-08-26T18:39:59.452+0000] {processor.py:830} INFO - Processing file /home/airflow/.local/lib/python3.8/site-packages/airflow/example_dags/example_bash_operator.py for tasks to queue
[2026-08-26T18:39:59.455+0000] {logging_mixin.py:188} INFO - [2026-08-26T18:39:59.455+0000] {dagbag.py:540} INFO - Filling up the DagBag from /home/airflow/.local/lib/python3.8/site-packages/airflow/example_dags/example_bash_operator.py
[2026-08-26T18:39:59.484+0000] {processor.py:840} INFO - DAG(s) 'example_bash_operator' retrieved from /home/airflow/.local/lib/python3.8/site-packages/airflow/example_dags/example_bash_operator.py
[2026-08-26T18:39:59.539+0000] {logging_mixin.py:188} INFO - [2026-08-26T18:39:59.539+0000] {dag.py:3047} INFO - Sync 1 DAGs
[2026-08-26T18:39:59.576+0000] {logging_mixin.py:188} INFO - [2026-08-26T18:39:59.576+0000] {dag.py:3834} INFO - Setting next_dagrun for example_bash_operator to 2026-08-25 00:00:00+00:00, run_after=2026-08-26 00:00:00+00:00
[2026-08-26T18:39:59.608+0000] {processor.py:183} INFO - Processing /home/airflow/.local/lib/python3.8/site-packages/airflow/example_dags/example_bash_operator.py took 0.166 seconds
[2026-08-26T18:40:30.044+0000] {processor.py:161} INFO - Started process (PID=5959) to work on /home/airflow/.local/lib/python3.8/site-packages/airflow/example_dags/example_bash_operator.py
[2026-08-26T18:40:30.047+0000] {processor.py:830} INFO - Processing file /home/airflow/.local/lib/python3.8/site-packages/airflow/example_dags/example_bash_operator.py for tasks to queue
[2026-08-26T18:40:30.051+0000] {logging_mixin.py:188} INFO - [2026-08-26T18:40:30.051+0000] {dagbag.py:540} INFO - Filling up the DagBag from /home/airflow/.local/lib/python3.8/site-packages/airflow/example_dags/example_bash_operator.py
[2026-08-26T18:40:30.069+0000] {processor.py:840} INFO - DAG(s) 'example_bash_operator' retrieved from /home/airflow/.local/lib/python3.8/site-packages/airflow/example_dags/example_bash_operator.py
[2026-08-26T18:40:30.130+0000] {logging_mixin.py:188} INFO - [2026-08-26T18:40:30.130+0000] {dag.py:3047} INFO - Sync 1 DAGs
[2026-08-26T18:40:30.183+0000] {logging_mixin.py:188} INFO - [2026-08-26T18:40:30.182+0000] {dag.py:3834} INFO - Setting next_dagrun for example_bash_operator to 2026-08-25 00:00:00+00:00, run_after=2026-08-26 00:00:00+00:00
[2026-08-26T18:40:30.213+0000] {processor.py:183} INFO - Processing /home/airflow/.local/lib/python3.8/site-packages/airflow/example_dags/example_bash_operator.py took 0.175 seconds
[2026-08-26T18:41:00.813+0000] {processor.py:161} INFO - Started process (PID=6016) to work on /home/airflow/.local/lib/python3.8/site-packages/airflow/example_dags/example_bash_operator.py
[2026-08-26T18:41:00.815+0000] {processor.py:830} INFO - Processing file /home/airflow/.local/lib/python3.8/site-packages/airflow/example_dags/example_bash_operator.py for tasks to queue
[2026-08-26T18:41:00.818+0000] {logging_mixin.py:188} INFO - [2026-08-26T18:41:00.817+0000] {dagbag.py:540} INFO - Filling up the DagBag from /home/airflow/.local/lib/python3.8/site-packages/airflow/example_dags/example_bash_operator.py
[2026-08-26T18:41:00.835+0000] {processor.py:840} INFO - DAG(s) 'example_bash_operator' retrieved from /home/airflow/.local/lib/python3.8/site-packages/airflow/example_dags/example_bash_operator.py
[2026-08-26T18:41:00.876+0000] {logging_mixin.py:188} INFO - [2026-08-26T18:41:00.876+0000] {dag.py:3047} INFO - Sync 1 DAGs
[2026-08-26T18:41:00.905+0000] {logging_mixin.py:188} INFO - [2026-08-26T18:41:00.904+0000] {dag.py:3834} INFO - Setting next_dagrun for example_bash_operator to 2026-08-25 00:00:00+00:00, run_after=2026-08-26 00:00:00+00:00
[2026-08-26T18:41:00.933+0000] {processor.py:183} INFO - Processing /home/airflow/.local/lib/python3.8/site-packages/airflow/example_dags/example_bash_operator.py took 0.124 seconds
[2026-08-26T18:41:31.643+0000] {processor.py:161} INFO - Started process (PID=6073) to work on /home/airflow/.local/lib/python3.8/site-packages/airflow/example_dags/example_bash_operator.py
[2026-08-26T18:41:31.645+0000] {processor.py:830} INFO - Processing file /home/airflow/.local/lib/python3.8/site-packages/airflow/example_dags/example_bash_operator.py for tasks to queue
[2026-08-26T18:41:31.648+0000] {logging_mixin.py:188} INFO - [2026-08-26T18:41:31.647+0000] {dagbag.py:540} INFO - Filling up the DagBag from /home/airflow/.local/lib/python3.8/site-packages/airflow/example_dags/example_bash_operator.py
[2026-08-26T18:41:31.667+0000] {processor.py:840} INFO - DAG(s) 'example_bash_operator' retrieved from /home/airflow/.local/lib/python3.8/site-packages/airflow/example_dags/example_bash_operator.py
[2026-08-26T18:41:31.712+0000] {logging_mixin.py:188} INFO - [2026-08-26T18:41:31.712+0000] {dag.py:3047} INFO - Sync 1 DAGs
[2026-08-26T18:41:31.750+0000] {logging_mixin.py:188} INFO - [2026-08-26T18:41:31.749+0000] {dag.py:3834} INFO - Setting next_dagrun for example_bash_operator to 2026-08-25 00:00:00+00:00, run_after=2026-08-26 00:00:00+00:00
[2026-08-26T18:41:31.779+0000] {processor.py:183} INFO - Processing /home/airflow/.local/lib/python3.8/site-packages/airflow/example_dags/example_bash_operator.py took 0.143 seconds
[2026-08-26T18:42:01.946+0000] {processor.py:161} INFO - Started process (PID=6130) to work on /home/airflow/.local/lib/python3.8/site-packages/airflow/example_dags/example_bash_operator.py
[2026-08-26T18:42:01.948+0000] {processor.py:830} INFO - Processing file /home/airflow/.local/lib/python3.8/site-packages/airflow/example_dags/example_bash_operator.py for tasks to queue
[2026-08-26T18:42:01.952+0000] {logging_mixin.py:188} INFO - [2026-08-26T18:42:01.952+0000] {dagbag.py:540} INFO - Filling up the DagBag from /home/airflow/.local/lib/python3.8/site-packages/airflow/example_dags/example_bash_operator.py
[2026-08-26T18:42:01.971+0000] {processor.py:840} INFO - DAG(s) 'example_bash_operator' retrieved from /home/airflow/.local/lib/python3.8/site-packages/airflow/example_dags/example_bash_operator.py
[2026-08-26T18:42:02.014+0000] {logging_mixin.py:188} INFO - [2026-08-26T18:42:02.013+0000] {dag.py:3047} INFO - Sync 1 DAGs
[2026-08-26T18:42:02.050+0000] {logging_mixin.py:188} INFO - [2026-08-26T18:42:02.050+0000] {dag.py:3834} INFO - Setting next_dagrun for example_bash_operator to 2026-08-25 00:00:00+00:00, run_after=2026-08-26 00:00:00+00:00
[2026-08-26T18:42:02.077+0000] {processor.py:183} INFO - Processing /home/airflow/.local/lib/python3.8/site-packages/airflow/example_dags/example_bash_operator.py took 0.138 seconds
[2026-08-26T18:42:32.582+0000] {processor.py:161} INFO - Started process (PID=6187) to work on /home/airflow/.local/lib/python3.8/site-packages/airflow/example_dags/example_bash_operator.py
[2026-08-26T18:42:32.585+0000] {processor.py:830} INFO - Processing file /home/airflow/.local/lib/python3.8/site-packages/airflow/example_dags/example_bash_operator.py for tasks to queue
[2026-08-26T18:42:32.588+0000] {logging_mixin.py:188} INFO - [2026-08-26T18:42:32.588+0000] {dagbag.py:540} INFO - Filling up the DagBag from /home/airflow/.local/lib/python3.8/site-packages/airflow/example_dags/example_bash_operator.py
[2026-08-26T18:42:32.604+0000] {processor.py:840} INFO - DAG(s) 'example_bash_operator' retrieved from /home/airflow/.local/lib/python3.8/site-packages/airflow/example_dags/example_bash_operator.py
[2026-08-26T18:42:32.642+0000] {logging_mixin.py:188} INFO - [2026-08-26T18:42:32.642+0000] {dag.py:3047} INFO - Sync 1 DAGs
[2026-08-26T18:42:32.681+0000] {logging_mixin.py:188} INFO - [2026-08-26T18:42:32.680+0000] {dag.py:3834} INFO - Setting next_dagrun for example_bash_operator to 2026-08-25 00:00:00+00:00, run_after=2026-08-26 00:00:00+00:00
[2026-08-26T18:42:32.714+0000] {processor.py:183} INFO - Processing /home/airflow/.local/lib/python3.8/site-packages/airflow/example_dags/example_bash_operator.py took 0.135 seconds
[2026-08-26T18:43:02.959+0000] {processor.py:161} INFO - Started process (PID=6244) to work on /home/airflow/.local/lib/python3.8/site-packages/airflow/example_dags/example_bash_operator.py
[2026-08-26T18:43:02.962+0000] {processor.py:830} INFO - Processing file /home/airflow/.local/lib/python3.8/site-packages/airflow/example_dags/example_bash_operator.py for tasks to queue
[2026-08-26T18:43:02.973+0000] {logging_mixin.py:188} INFO - [2026-08-26T18:43:02.973+0000] {dagbag.py:540} INFO - Filling up the DagBag from /home/airflow/.local/lib/python3.8/site-packages/airflow/example_dags/example_bash_operator.py
[2026-08-26T18:43:03.011+0000] {processor.py:840} INFO - DAG(s) 'example_bash_operator' retrieved from /home/airflow/.local/lib/python3.8/site-packages/airflow/example_dags/example_bash_operator.py
[2026-08-26T18:43:03.072+0000] {logging_mixin.py:188} INFO - [2026-08-26T18:43:03.071+0000] {dag.py:3047} INFO - Sync 1 DAGs
[2026-08-26T18:43:03.105+0000] {logging_mixin.py:188} INFO - [2026-08-26T18:43:03.104+0000] {dag.py:3834} INFO - Setting next_dagrun for example_bash_operator to 2026-08-25 00:00:00+00:00, run_after=2026-08-26 00:00:00+00:00
[2026-08-26T18:43:03.136+0000] {processor.py:183} INFO - Processing /home/airflow/.local/lib/python3.8/site-packages/airflow/example_dags/example_bash_operator.py took 0.185 seconds
[2026-08-26T18:43:33.831+0000] {processor.py:161} INFO - Started process (PID=6301) to work on /home/airflow/.local/lib/python3.8/site-packages/airflow/example_dags/example_bash_operator.py
[2026-08-26T18:43:33.835+0000] {processor.py:830} INFO - Processing file /home/airflow/.local/lib/python3.8/site-packages/airflow/example_dags/example_bash_operator.py for tasks to queue
[2026-08-26T18:43:33.840+0000] {logging_mixin.py:188} INFO - [2026-08-26T18:43:33.839+0000] {dagbag.py:540} INFO - Filling up the DagBag from /home/airflow/.local/lib/python3.8/site-packages/airflow/example_dags/example_bash_operator.py
[2026-08-26T18:43:33.872+0000] {processor.py:840} INFO - DAG(s) 'example_bash_operator' retrieved from /home/airflow/.local/lib/python3.8/site-packages/airflow/example_dags/example_bash_operator.py
[2026-08-26T18:43:33.929+0000] {logging_mixin.py:188} INFO - [2026-08-26T18:43:33.928+0000] {dag.py:3047} INFO - Sync 1 DAGs
[2026-08-26T18:43:33.988+0000] {logging_mixin.py:188} INFO - [2026-08-26T18:43:33.988+0000] {dag.py:3834} INFO - Setting next_dagrun for example_bash_operator to 2026-08-25 00:00:00+00:00, run_after=2026-08-26 00:00:00+00:00
[2026-08-26T18:43:34.036+0000] {processor.py:183} INFO - Processing /home/airflow/.local/lib/python3.8/site-packages/airflow/example_dags/example_bash_operator.py took 0.213 seconds
[2026-08-26T18:44:04.516+0000] {processor.py:161} INFO - Started process (PID=6358) to work on /home/airflow/.local/lib/python3.8/site-packages/airflow/example_dags/example_bash_operator.py
[2026-08-26T18:44:04.518+0000] {processor.py:830} INFO - Processing file /home/airflow/.local/lib/python3.8/site-packages/airflow/example_dags/example_bash_operator.py for tasks to queue
[2026-08-26T18:44:04.520+0000] {logging_mixin.py:188} INFO - [2026-08-26T18:44:04.520+0000] {dagbag.py:540} INFO - Filling up the DagBag from /home/airflow/.local/lib/python3.8/site-packages/airflow/example_dags/example_bash_operator.py
[2026-08-26T18:44:04.536+0000] {processor.py:840} INFO - DAG(s) 'example_bash_operator' retrieved from /home/airflow/.local/lib/python3.8/site-packages/airflow/example_dags/example_bash_operator.py
[2026-08-26T18:44:04.582+0000] {logging_mixin.py:188} INFO - [2026-08-26T18:44:04.581+0000] {dag.py:3047} INFO - Sync 1 DAGs
[2026-08-26T18:44:04.611+0000] {logging_mixin.py:188} INFO - [2026-08-26T18:44:04.611+0000] {dag.py:3834} INFO - Setting next_dagrun for example_bash_operator to 2026-08-25 00:00:00+00:00, run_after=2026-08-26 00:00:00+00:00
[2026-08-26T18:44:04.639+0000] {processor.py:183} INFO - Processing /home/airflow/.local/lib/python3.8/site-packages/airflow/example_dags/example_bash_operator.py took 0.128 seconds
[2026-08-26T18:44:34.718+0000] {processor.py:161} INFO - Started process (PID=6415) to work on /home/airflow/.local/lib/python3.8/site-packages/airflow/example_dags/example_bash_operator.py
[2026-08-26T18:44:34.721+0000] {processor.py:830} INFO - Processing file /home/airflow/.local/lib/python3.8/site-packages/airflow/example_dags/example_bash_operator.py for tasks to queue
[2026-08-26T18:44:34.726+0000] {logging_mixin.py:188} INFO - [2026-08-26T18:44:34.725+0000] {dagbag.py:540} INFO - Filling up the DagBag from /home/airflow/.local/lib/python3.8/site-packages/airflow/example_dags/example_bash_operator.py
[2026-08-26T18:44:34.747+0000] {processor.py:840} INFO - DAG(s) 'example_bash_operator' retrieved from /home/airflow/.local/lib/python3.8/site-packages/airflow/example_dags/example_bash_operator.py
[2026-08-26T18:44:34.818+0000] {logging_mixin.py:188} INFO - [2026-08-26T18:44:34.818+0000] {dag.py:3047} INFO - Sync 1 DAGs
[2026-08-26T18:44:34.862+0000] {logging_mixin.py:188} INFO - [2026-08-26T18:44:34.861+0000] {dag.py:3834} INFO - Setting next_dagrun for example_bash_operator to 2026-08-25 00:00:00+00:00, run_after=2026-08-26 00:00:00+00:00
[2026-08-26T18:44:34.900+0000] {processor.py:183} INFO - Processing /home/airflow/.local/lib/python3.8/site-packages/airflow/example_dags/example_bash_operator.py took 0.190 seconds
[2026-08-26T18:45:05.524+0000] {processor.py:161} INFO - Started process (PID=6472) to work on /home/airflow/.local/lib/python3.8/site-packages/airflow/example_dags/example_bash_operator.py
[2026-08-26T18:45:05.526+0000] {processor.py:830} INFO - Processing file /home/airflow/.local/lib/python3.8/site-packages/airflow/example_dags/example_bash_operator.py for tasks to queue
[2026-08-26T18:45:05.529+0000] {logging_mixin.py:188} INFO - [2026-08-26T18:45:05.528+0000] {dagbag.py:540} INFO - Filling up the DagBag from /home/airflow/.local/lib/python3.8/site-packages/airflow/example_dags/example_bash_operator.py
[2026-08-26T18:45:05.549+0000] {processor.py:840} INFO - DAG(s) 'example_bash_operator' retrieved from /home/airflow/.local/lib/python3.8/site-packages/airflow/example_dags/example_bash_operator.py
[2026-08-26T18:45:05.585+0000] {logging_mixin.py:188} INFO - [2026-08-26T18:45:05.584+0000] {dag.py:3047} INFO - Sync 1 DAGs
[2026-08-26T18:45:05.612+0000] {logging_mixin.py:188} INFO - [2026-08-26T18:45:05.612+0000] {dag.py:3834} INFO - Setting next_dagrun for example_bash_operator to 2026-08-25 00:00:00+00:00, run_after=2026-08-26 00:00:00+00:00
[2026-08-26T18:45:05.640+0000] {processor.py:183} INFO - Processing /home/airflow/.local/lib/python3.8/site-packages/airflow/example_dags/example_bash_operator.py took 0.122 seconds
[2026-08-26T18:45:35.777+0000] {processor.py:161} INFO - Started process (PID=6529) to work on /home/airflow/.local/lib/python3.8/site-packages/airflow/example_dags/example_bash_operator.py
[2026-08-26T18:45:35.779+0000] {processor.py:830} INFO - Processing file /home/airflow/.local/lib/python3.8/site-packages/airflow/example_dags/example_bash_operator.py for tasks to queue
[2026-08-26T18:45:35.784+0000] {logging_mixin.py:188} INFO - [2026-08-26T18:45:35.784+0000] {dagbag.py:540} INFO - Filling up the DagBag from /home/airflow/.local/lib/python3.8/site-packages/airflow/example_dags/example_bash_operator.py
[2026-08-26T18:45:35.803+0000] {processor.py:840} INFO - DAG(s) 'example_bash_operator' retrieved from /home/airflow/.local/lib/python3.8/site-packages/airflow/example_dags/example_bash_operator.py
[2026-08-26T18:45:35.839+0000] {logging_mixin.py:188} INFO - [2026-08-26T18:45:35.838+0000] {dag.py:3047} INFO - Sync 1 DAGs
[2026-08-26T18:45:35.868+0000] {logging_mixin.py:188} INFO - [2026-08-26T18:45:35.868+0000] {dag.py:3834} INFO - Setting next_dagrun for example_bash_operator to 2026-08-25 00:00:00+00:00, run_after=2026-08-26 00:00:00+00:00
[2026-08-26T18:45:35.903+0000] {processor.py:183} INFO - Processing /home/airflow/.local/lib/python3.8/site-packages/airflow/example_dags/example_bash_operator.py took 0.132 seconds
[2026-08-26T18:46:06.456+0000] {processor.py:161} INFO - Started process (PID=6586) to work on /home/airflow/.local/lib/python3.8/site-packages/airflow/example_dags/example_bash_operator.py
[2026-08-26T18:46:06.457+0000] {processor.py:830} INFO - Processing file /home/airflow/.local/lib/python3.8/site-packages/airflow/example_dags/example_bash_operator.py for tasks to queue
[2026-08-26T18:46:06.460+0000] {logging_mixin.py:188} INFO - [2026-08-26T18:46:06.460+0000] {dagbag.py:540} INFO - Filling up the DagBag from /home/airflow/.local/lib/python3.8/site-packages/airflow/example_dags/example_bash_operator.py
[2026-08-26T18:46:06.474+0000] {processor.py:840} INFO - DAG(s) 'example_bash_operator' retrieved from /home/airflow/.local/lib/python3.8/site-packages/airflow/example_dags/example_bash_operator.py
[2026-08-26T18:46:06.510+0000] {logging_mixin.py:188} INFO - [2026-08-26T18:46:06.510+0000] {dag.py:3047} INFO - Sync 1 DAGs
[2026-08-26T18:46:06.543+0000] {logging_mixin.py:188} INFO - [2026-08-26T18:46:06.543+0000] {dag.py:3834} INFO - Setting next_dagrun for example_bash_operator to 2026-08-25 00:00:00+00:00, run_after=2026-08-26 00:00:00+00:00
[2026-08-26T18:46:06.570+0000] {processor.py:183} INFO - Processing /home/airflow/.local/lib/python3.8/site-packages/airflow/example_dags/example_bash_operator.py took 0.119 seconds
[2026-08-26T18:46:36.927+0000] {processor.py:161} INFO - Started process (PID=6643) to work on /home/airflow/.local/lib/python3.8/site-packages/airflow/example_dags/example_bash_operator.py
[2026-08-26T18:46:36.929+0000] {processor.py:830} INFO - Processing file /home/airflow/.local/lib/python3.8/site-packages/airflow/example_dags/example_bash_operator.py for tasks to queue
[2026-08-26T18:46:36.933+0000] {logging_mixin.py:188} INFO - [2026-08-26T18:46:36.932+0000] {dagbag.py:540} INFO - Filling up the DagBag from /home/airflow/.local/lib/python3.8/site-packages/airflow/example_dags/example_bash_operator.py
[2026-08-26T18:46:36.947+0000] {processor.py:840} INFO - DAG(s) 'example_bash_operator' retrieved from /home/airflow/.local/lib/python3.8/site-packages/airflow/example_dags/example_bash_operator.py
[2026-08-26T18:46:36.986+0000] {logging_mixin.py:188} INFO - [2026-08-26T18:46:36.985+0000] {dag.py:3047} INFO - Sync 1 DAGs
[2026-08-26T18:46:37.015+0000] {logging_mixin.py:188} INFO - [2026-08-26T18:46:37.015+0000] {dag.py:3834} INFO - Setting next_dagrun for example_bash_operator to 2026-08-25 00:00:00+00:00, run_after=2026-08-26 00:00:00+00:00
[2026-08-26T18:46:37.040+0000] {processor.py:183} INFO - Processing /home/airflow/.local/lib/python3.8/site-packages/airflow/example_dags/example_bash_operator.py took 0.120 seconds
[2026-08-26T18:47:07.928+0000] {processor.py:161} INFO - Started process (PID=6700) to work on /home/airflow/.local/lib/python3.8/site-packages/airflow/example_dags/example_bash_operator.py
[2026-08-26T18:47:07.930+0000] {processor.py:830} INFO - Processing file /home/airflow/.local/lib/python3.8/site-packages/airflow/example_dags/example_bash_operator.py for tasks to queue
[2026-08-26T18:47:07.933+0000] {logging_mixin.py:188} INFO - [2026-08-26T18:47:07.933+0000] {dagbag.py:540} INFO - Filling up the DagBag from /home/airflow/.local/lib/python3.8/site-packages/airflow/example_dags/example_bash_operator.py
[2026-08-26T18:47:07.950+0000] {processor.py:840} INFO - DAG(s) 'example_bash_operator' retrieved from /home/airflow/.local/lib/python3.8/site-packages/airflow/example_dags/example_bash_operator.py
[2026-08-26T18:47:07.988+0000] {logging_mixin.py:188} INFO - [2026-08-26T18:47:07.988+0000] {dag.py:3047} INFO - Sync 1 DAGs
[2026-08-26T18:47:08.021+0000] {logging_mixin.py:188} INFO - [2026-08-26T18:47:08.021+0000] {dag.py:3834} INFO - Setting next_dagrun for example_bash_operator to 2026-08-25 00:00:00+00:00, run_after=2026-08-26 00:00:00+00:00
[2026-08-26T18:47:08.049+0000] {processor.py:183} INFO - Processing /home/airflow/.local/lib/python3.8/site-packages/airflow/example_dags/example_bash_operator.py took 0.127 seconds
[2026-08-26T18:47:38.948+0000] {processor.py:161} INFO - Started process (PID=6763) to work on /home/airflow/.local/lib/python3.8/site-packages/airflow/example_dags/example_bash_operator.py
[2026-08-26T18:47:38.950+0000] {processor.py:830} INFO - Processing file /home/airflow/.local/lib/python3.8/site-packages/airflow/example_dags/example_bash_operator.py for tasks to queue
[2026-08-26T18:47:38.953+0000] {logging_mixin.py:188} INFO - [2026-08-26T18:47:38.953+0000] {dagbag.py:540} INFO - Filling up the DagBag from /home/airflow/.local/lib/python3.8/site-packages/airflow/example_dags/example_bash_operator.py
[2026-08-26T18:47:38.968+0000] {processor.py:840} INFO - DAG(s) 'example_bash_operator' retrieved from /home/airflow/.local/lib/python3.8/site-packages/airflow/example_dags/example_bash_operator.py
[2026-08-26T18:47:39.011+0000] {logging_mixin.py:188} INFO - [2026-08-26T18:47:39.011+0000] {dag.py:3047} INFO - Sync 1 DAGs
[2026-08-26T18:47:39.041+0000] {logging_mixin.py:188} INFO - [2026-08-26T18:47:39.040+0000] {dag.py:3834} INFO - Setting next_dagrun for example_bash_operator to 2026-08-25 00:00:00+00:00, run_after=2026-08-26 00:00:00+00:00
[2026-08-26T18:47:39.066+0000] {processor.py:183} INFO - Processing /home/airflow/.local/lib/python3.8/site-packages/airflow/example_dags/example_bash_operator.py took 0.124 seconds
[2026-08-26T18:48:09.842+0000] {processor.py:161} INFO - Started process (PID=6820) to work on /home/airflow/.local/lib/python3.8/site-packages/airflow/example_dags/example_bash_operator.py
[2026-08-26T18:48:09.844+0000] {processor.py:830} INFO - Processing file /home/airflow/.local/lib/python3.8/site-packages/airflow/example_dags/example_bash_operator.py for tasks to queue
[2026-08-26T18:48:09.851+0000] {logging_mixin.py:188} INFO - [2026-08-26T18:48:09.850+0000] {dagbag.py:540} INFO - Filling up the DagBag from /home/airflow/.local/lib/python3.8/site-packages/airflow/example_dags/example_bash_operator.py
[2026-08-26T18:48:09.875+0000] {processor.py:840} INFO - DAG(s) 'example_bash_operator' retrieved from /home/airflow/.local/lib/python3.8/site-packages/airflow/example_dags/example_bash_operator.py
[2026-08-26T18:48:09.915+0000] {logging_mixin.py:188} INFO - [2026-08-26T18:48:09.914+0000] {dag.py:3047} INFO - Sync 1 DAGs
[2026-08-26T18:48:09.946+0000] {logging_mixin.py:188} INFO - [2026-08-26T18:48:09.945+0000] {dag.py:3834} INFO - Setting next_dagrun for example_bash_operator to 2026-08-25 00:00:00+00:00, run_after=2026-08-26 00:00:00+00:00
[2026-08-26T18:48:09.968+0000] {processor.py:183} INFO - Processing /home/airflow/.local/lib/python3.8/site-packages/airflow/example_dags/example_bash_operator.py took 0.138 seconds
[2026-08-26T18:48:40.038+0000] {processor.py:161} INFO - Started process (PID=6877) to work on /home/airflow/.local/lib/python3.8/site-packages/airflow/example_dags/example_bash_operator.py
[2026-08-26T18:48:40.042+0000] {processor.py:830} INFO - Processing file /home/airflow/.local/lib/python3.8/site-packages/airflow/example_dags/example_bash_operator.py for tasks to queue
[2026-08-26T18:48:40.047+0000] {logging_mixin.py:188} INFO - [2026-08-26T18:48:40.046+0000] {dagbag.py:540} INFO - Filling up the DagBag from /home/airflow/.local/lib/python3.8/site-packages/airflow/example_dags/example_bash_operator.py
[2026-08-26T18:48:40.071+0000] {processor.py:840} INFO - DAG(s) 'example_bash_operator' retrieved from /home/airflow/.local/lib/python3.8/site-packages/airflow/example_dags/example_bash_operator.py
[2026-08-26T18:48:40.115+0000] {logging_mixin.py:188} INFO - [2026-08-26T18:48:40.115+0000] {dag.py:3047} INFO - Sync 1 DAGs
[2026-08-26T18:48:40.146+0000] {logging_mixin.py:188} INFO - [2026-08-26T18:48:40.145+0000] {dag.py:3834} INFO - Setting next_dagrun for example_bash_operator to 2026-08-25 00:00:00+00:00, run_after=2026-08-26 00:00:00+00:00
[2026-08-26T18:48:40.171+0000] {processor.py:183} INFO - Processing /home/airflow/.local/lib/python3.8/site-packages/airflow/example_dags/example_bash_operator.py took 0.139 seconds
[2026-08-26T18:49:10.674+0000] {processor.py:161} INFO - Started process (PID=6934) to work on /home/airflow/.local/lib/python3.8/site-packages/airflow/example_dags/example_bash_operator.py
[2026-08-26T18:49:10.677+0000] {processor.py:830} INFO - Processing file /home/airflow/.local/lib/python3.8/site-packages/airflow/example_dags/example_bash_operator.py for tasks to queue
[2026-08-26T18:49:10.681+0000] {logging_mixin.py:188} INFO - [2026-08-26T18:49:10.679+0000] {dagbag.py:540} INFO - Filling up the DagBag from /home/airflow/.local/lib/python3.8/site-packages/airflow/example_dags/example_bash_operator.py
[2026-08-26T18:49:10.703+0000] {processor.py:840} INFO - DAG(s) 'example_bash_operator' retrieved from /home/airflow/.local/lib/python3.8/site-packages/airflow/example_dags/example_bash_operator.py
[2026-08-26T18:49:10.753+0000] {logging_mixin.py:188} INFO - [2026-08-26T18:49:10.752+0000] {dag.py:3047} INFO - Sync 1 DAGs
[2026-08-26T18:49:10.792+0000] {logging_mixin.py:188} INFO - [2026-08-26T18:49:10.791+0000] {dag.py:3834} INFO - Setting next_dagrun for example_bash_operator to 2026-08-25 00:00:00+00:00, run_after=2026-08-26 00:00:00+00:00
[2026-08-26T18:49:10.821+0000] {processor.py:183} INFO - Processing /home/airflow/.local/lib/python3.8/site-packages/airflow/example_dags/example_bash_operator.py took 0.154 seconds
[2026-08-26T18:49:41.006+0000] {processor.py:161} INFO - Started process (PID=6991) to work on /home/airflow/.local/lib/python3.8/site-packages/airflow/example_dags/example_bash_operator.py
[2026-08-26T18:49:41.009+0000] {processor.py:830} INFO - Processing file /home/airflow/.local/lib/python3.8/site-packages/airflow/example_dags/example_bash_operator.py for tasks to queue
[2026-08-26T18:49:41.012+0000] {logging_mixin.py:188} INFO - [2026-08-26T18:49:41.012+0000] {dagbag.py:540} INFO - Filling up the DagBag from /home/airflow/.local/lib/python3.8/site-packages/airflow/example_dags/example_bash_operator.py
[2026-08-26T18:49:41.033+0000] {processor.py:840} INFO - DAG(s) 'example_bash_operator' retrieved from /home/airflow/.local/lib/python3.8/site-packages/airflow/example_dags/example_bash_operator.py
[2026-08-26T18:49:41.071+0000] {logging_mixin.py:188} INFO - [2026-08-26T18:49:41.070+0000] {dag.py:3047} INFO - Sync 1 DAGs
[2026-08-26T18:49:41.099+0000] {logging_mixin.py:188} INFO - [2026-08-26T18:49:41.099+0000] {dag.py:3834} INFO - Setting next_dagrun for example_bash_operator to 2026-08-25 00:00:00+00:00, run_after=2026-08-26 00:00:00+00:00
[2026-08-26T18:49:41.126+0000] {processor.py:183} INFO - Processing /home/airflow/.local/lib/python3.8/site-packages/airflow/example_dags/example_bash_operator.py took 0.126 seconds
[2026-08-26T18:50:11.273+0000] {processor.py:161} INFO - Started process (PID=7048) to work on /home/airflow/.local/lib/python3.8/site-packages/airflow/example_dags/example_bash_operator.py
[2026-08-26T18:50:11.275+0000] {processor.py:830} INFO - Processing file /home/airflow/.local/lib/python3.8/site-packages/airflow/example_dags/example_bash_operator.py for tasks to queue
[2026-08-26T18:50:11.278+0000] {logging_mixin.py:188} INFO - [2026-08-26T18:50:11.278+0000] {dagbag.py:540} INFO - Filling up the DagBag from /home/airflow/.local/lib/python3.8/site-packages/airflow/example_dags/example_bash_operator.py
[2026-08-26T18:50:11.298+0000] {processor.py:840} INFO - DAG(s) 'example_bash_operator' retrieved from /home/airflow/.local/lib/python3.8/site-packages/airflow/example_dags/example_bash_operator.py
[2026-08-26T18:50:11.337+0000] {logging_mixin.py:188} INFO - [2026-08-26T18:50:11.337+0000] {dag.py:3047} INFO - Sync 1 DAGs
[2026-08-26T18:50:11.369+0000] {logging_mixin.py:188} INFO - [2026-08-26T18:50:11.369+0000] {dag.py:3834} INFO - Setting next_dagrun for example_bash_operator to 2026-08-25 00:00:00+00:00, run_after=2026-08-26 00:00:00+00:00
[2026-08-26T18:50:11.396+0000] {processor.py:183} INFO - Processing /home/airflow/.local/lib/python3.8/site-packages/airflow/example_dags/example_bash_operator.py took 0.127 seconds
[2026-08-26T18:50:41.698+0000] {processor.py:161} INFO - Started process (PID=7105) to work on /home/airflow/.local/lib/python3.8/site-packages/airflow/example_dags/example_bash_operator.py
[2026-08-26T18:50:41.701+0000] {processor.py:830} INFO - Processing file /home/airflow/.local/lib/python3.8/site-packages/airflow/example_dags/example_bash_operator.py for tasks to queue
[2026-08-26T18:50:41.707+0000] {logging_mixin.py:188} INFO - [2026-08-26T18:50:41.707+0000] {dagbag.py:540} INFO - Filling up the DagBag from /home/airflow/.local/lib/python3.8/site-packages/airflow/example_dags/example_bash_operator.py
[2026-08-26T18:50:41.729+0000] {processor.py:840} INFO - DAG(s) 'example_bash_operator' retrieved from /home/airflow/.local/lib/python3.8/site-packages/airflow/example_dags/example_bash_operator.py
[2026-08-26T18:50:41.773+0000] {logging_mixin.py:188} INFO - [2026-08-26T18:50:41.772+0000] {dag.py:3047} INFO - Sync 1 DAGs
[2026-08-26T18:50:41.802+0000] {logging_mixin.py:188} INFO - [2026-08-26T18:50:41.802+0000] {dag.py:3834} INFO - Setting next_dagrun for example_bash_operator to 2026-08-25 00:00:00+00:00, run_after=2026-08-26 00:00:00+00:00
[2026-08-26T18:50:41.829+0000] {processor.py:183} INFO - Processing /home/airflow/.local/lib/python3.8/site-packages/airflow/example_dags/example_bash_operator.py took 0.141 seconds
[2026-08-26T18:51:12.179+0000] {processor.py:161} INFO - Started process (PID=7162) to work on /home/airflow/.local/lib/python3.8/site-packages/airflow/example_dags/example_bash_operator.py
[2026-08-26T18:51:12.181+0000] {processor.py:830} INFO - Processing file /home/airflow/.local/lib/python3.8/site-packages/airflow/example_dags/example_bash_operator.py for tasks to queue
[2026-08-26T18:51:12.185+0000] {logging_mixin.py:188} INFO - [2026-08-26T18:51:12.184+0000] {dagbag.py:540} INFO - Filling up the DagBag from /home/airflow/.local/lib/python3.8/site-packages/airflow/example_dags/example_bash_operator.py
[2026-08-26T18:51:12.204+0000] {processor.py:840} INFO - DAG(s) 'example_bash_operator' retrieved from /home/airflow/.local/lib/python3.8/site-packages/airflow/example_dags/example_bash_operator.py
[2026-08-26T18:51:12.252+0000] {logging_mixin.py:188} INFO - [2026-08-26T18:51:12.251+0000] {dag.py:3047} INFO - Sync 1 DAGs
[2026-08-26T18:51:12.297+0000] {logging_mixin.py:188} INFO - [2026-08-26T18:51:12.297+0000] {dag.py:3834} INFO - Setting next_dagrun for example_bash_operator to 2026-08-25 00:00:00+00:00, run_after=2026-08-26 00:00:00+00:00
[2026-08-26T18:51:12.326+0000] {processor.py:183} INFO - Processing /home/airflow/.local/lib/python3.8/site-packages/airflow/example_dags/example_bash_operator.py took 0.155 seconds
[2026-08-26T18:51:42.832+0000] {processor.py:161} INFO - Started process (PID=7219) to work on /home/airflow/.local/lib/python3.8/site-packages/airflow/example_dags/example_bash_operator.py
[2026-08-26T18:51:42.835+0000] {processor.py:830} INFO - Processing file /home/airflow/.local/lib/python3.8/site-packages/airflow/example_dags/example_bash_operator.py for tasks to queue
[2026-08-26T18:51:42.839+0000] {logging_mixin.py:188} INFO - [2026-08-26T18:51:42.838+0000] {dagbag.py:540} INFO - Filling up the DagBag from /home/airflow/.local/lib/python3.8/site-packages/airflow/example_dags/example_bash_operator.py
[2026-08-26T18:51:42.856+0000] {processor.py:840} INFO - DAG(s) 'example_bash_operator' retrieved from /home/airflow/.local/lib/python3.8/site-packages/airflow/example_dags/example_bash_operator.py
[2026-08-26T18:51:42.903+0000] {logging_mixin.py:188} INFO - [2026-08-26T18:51:42.903+0000] {dag.py:3047} INFO - Sync 1 DAGs
[2026-08-26T18:51:42.946+0000] {logging_mixin.py:188} INFO - [2026-08-26T18:51:42.946+0000] {dag.py:3834} INFO - Setting next_dagrun for example_bash_operator to 2026-08-25 00:00:00+00:00, run_after=2026-08-26 00:00:00+00:00
[2026-08-26T18:51:42.980+0000] {processor.py:183} INFO - Processing /home/airflow/.local/lib/python3.8/site-packages/airflow/example_dags/example_bash_operator.py took 0.153 seconds
[2026-08-26T18:52:13.265+0000] {processor.py:161} INFO - Started process (PID=7276) to work on /home/airflow/.local/lib/python3.8/site-packages/airflow/example_dags/example_bash_operator.py
[2026-08-26T18:52:13.267+0000] {processor.py:830} INFO - Processing file /home/airflow/.local/lib/python3.8/site-packages/airflow/example_dags/example_bash_operator.py for tasks to queue
[2026-08-26T18:52:13.270+0000] {logging_mixin.py:188} INFO - [2026-08-26T18:52:13.270+0000] {dagbag.py:540} INFO - Filling up the DagBag from /home/airflow/.local/lib/python3.8/site-packages/airflow/example_dags/example_bash_operator.py
[2026-08-26T18:52:13.284+0000] {processor.py:840} INFO - DAG(s) 'example_bash_operator' retrieved from /home/airflow/.local/lib/python3.8/site-packages/airflow/example_dags/example_bash_operator.py
[2026-08-26T18:52:13.318+0000] {logging_mixin.py:188} INFO - [2026-08-26T18:52:13.318+0000] {dag.py:3047} INFO - Sync 1 DAGs
[2026-08-26T18:52:13.347+0000] {logging_mixin.py:188} INFO - [2026-08-26T18:52:13.347+0000] {dag.py:3834} INFO - Setting next_dagrun for example_bash_operator to 2026-08-25 00:00:00+00:00, run_after=2026-08-26 00:00:00+00:00
[2026-08-26T18:52:13.372+0000] {processor.py:183} INFO - Processing /home/airflow/.local/lib/python3.8/site-packages/airflow/example_dags/example_bash_operator.py took 0.111 seconds
[2026-08-26T18:52:44.020+0000] {processor.py:161} INFO - Started process (PID=7333) to work on /home/airflow/.local/lib/python3.8/site-packages/airflow/example_dags/example_bash_operator.py
[2026-08-26T18:52:44.022+0000] {processor.py:830} INFO - Processing file /home/airflow/.local/lib/python3.8/site-packages/airflow/example_dags/example_bash_operator.py for tasks to queue
[2026-08-26T18:52:44.026+0000] {logging_mixin.py:188} INFO - [2026-08-26T18:52:44.025+0000] {dagbag.py:540} INFO - Filling up the DagBag from /home/airflow/.local/lib/python3.8/site-packages/airflow/example_dags/example_bash_operator.py
[2026-08-26T18:52:44.046+0000] {processor.py:840} INFO - DAG(s) 'example_bash_operator' retrieved from /home/airflow/.local/lib/python3.8/site-packages/airflow/example_dags/example_bash_operator.py
[2026-08-26T18:52:44.082+0000] {logging_mixin.py:188} INFO - [2026-08-26T18:52:44.082+0000] {dag.py:3047} INFO - Sync 1 DAGs
[2026-08-26T18:52:44.113+0000] {logging_mixin.py:188} INFO - [2026-08-26T18:52:44.112+0000] {dag.py:3834} INFO - Setting next_dagrun for example_bash_operator to 2026-08-25 00:00:00+00:00, run_after=2026-08-26 00:00:00+00:00
[2026-08-26T18:52:44.140+0000] {processor.py:183} INFO - Processing /home/airflow/.local/lib/python3.8/site-packages/airflow/example_dags/example_bash_operator.py took 0.127 seconds
[2026-08-26T18:53:14.936+0000] {processor.py:161} INFO - Started process (PID=7390) to work on /home/airflow/.local/lib/python3.8/site-packages/airflow/example_dags/example_bash_operator.py
[2026-08-26T18:53:14.938+0000] {processor.py:830} INFO - Processing file /home/airflow/.local/lib/python3.8/site-packages/airflow/example_dags/example_bash_operator.py for tasks to queue
[2026-08-26T18:53:14.943+0000] {logging_mixin.py:188} INFO - [2026-08-26T18:53:14.942+0000] {dagbag.py:540} INFO - Filling up the DagBag from /home/airflow/.local/lib/python3.8/site-packages/airflow/example_dags/example_bash_operator.py
[2026-08-26T18:53:14.958+0000] {processor.py:840} INFO - DAG(s) 'example_bash_operator' retrieved from /home/airflow/.local/lib/python3.8/site-packages/airflow/example_dags/example_bash_operator.py
[2026-08-26T18:53:14.993+0000] {logging_mixin.py:188} INFO - [2026-08-26T18:53:14.992+0000] {dag.py:3047} INFO - Sync 1 DAGs
[2026-08-26T18:53:15.021+0000] {logging_mixin.py:188} INFO - [2026-08-26T18:53:15.021+0000] {dag.py:3834} INFO - Setting next_dagrun for example_bash_operator to 2026-08-25 00:00:00+00:00, run_after=2026-08-26 00:00:00+00:00
[2026-08-26T18:53:15.053+0000] {processor.py:183} INFO - Processing /home/airflow/.local/lib/python3.8/site-packages/airflow/example_dags/example_bash_operator.py took 0.122 seconds
[2026-08-26T18:53:45.158+0000] {processor.py:161} INFO - Started process (PID=7447) to work on /home/airflow/.local/lib/python3.8/site-packages/airflow/example_dags/example_bash_operator.py
[2026-08-26T18:53:45.161+0000] {processor.py:830} INFO - Processing file /home/airflow/.local/lib/python3.8/site-packages/airflow/example_dags/example_bash_operator.py for tasks to queue
[2026-08-26T18:53:45.164+0000] {logging_mixin.py:188} INFO - [2026-08-26T18:53:45.163+0000] {dagbag.py:540} INFO - Filling up the DagBag from /home/airflow/.local/lib/python3.8/site-packages/airflow/example_dags/example_bash_operator.py
[2026-08-26T18:53:45.187+0000] {processor.py:840} INFO - DAG(s) 'example_bash_operator' retrieved from /home/airflow/.local/lib/python3.8/site-packages/airflow/example_dags/example_bash_operator.py
[2026-08-26T18:53:45.231+0000] {logging_mixin.py:188} INFO - [2026-08-26T18:53:45.231+0000] {dag.py:3047} INFO - Sync 1 DAGs
[2026-08-26T18:53:45.266+0000] {logging_mixin.py:188} INFO - [2026-08-26T18:53:45.266+0000] {dag.py:3834} INFO - Setting next_dagrun for example_bash_operator to 2026-08-25 00:00:00+00:00, run_after=2026-08-26 00:00:00+00:00
[2026-08-26T18:53:45.294+0000] {processor.py:183} INFO - Processing /home/airflow/.local/lib/python3.8/site-packages/airflow/example_dags/example_bash_operator.py took 0.142 seconds
[2026-08-26T18:54:15.547+0000] {processor.py:161} INFO - Started process (PID=7504) to work on /home/airflow/.local/lib/python3.8/site-packages/airflow/example_dags/example_bash_operator.py
[2026-08-26T18:54:15.550+0000] {processor.py:830} INFO - Processing file /home/airflow/.local/lib/python3.8/site-packages/airflow/example_dags/example_bash_operator.py for tasks to queue
[2026-08-26T18:54:15.553+0000] {logging_mixin.py:188} INFO - [2026-08-26T18:54:15.552+0000] {dagbag.py:540} INFO - Filling up the DagBag from /home/airflow/.local/lib/python3.8/site-packages/airflow/example_dags/example_bash_operator.py
[2026-08-26T18:54:15.571+0000] {processor.py:840} INFO - DAG(s) 'example_bash_operator' retrieved from /home/airflow/.local/lib/python3.8/site-packages/airflow/example_dags/example_bash_operator.py
[2026-08-26T18:54:15.611+0000] {logging_mixin.py:188} INFO - [2026-08-26T18:54:15.611+0000] {dag.py:3047} INFO - Sync 1 DAGs
[2026-08-26T18:54:15.640+0000] {logging_mixin.py:188} INFO - [2026-08-26T18:54:15.640+0000] {dag.py:3834} INFO - Setting next_dagrun for example_bash_operator to 2026-08-25 00:00:00+00:00, run_after=2026-08-26 00:00:00+00:00
[2026-08-26T18:54:15.666+0000] {processor.py:183} INFO - Processing /home/airflow/.local/lib/python3.8/site-packages/airflow/example_dags/example_bash_operator.py took 0.125 seconds
[2026-08-26T18:54:45.734+0000] {processor.py:161} INFO - Started process (PID=7561) to work on /home/airflow/.local/lib/python3.8/site-packages/airflow/example_dags/example_bash_operator.py
[2026-08-26T18:54:45.736+0000] {processor.py:830} INFO - Processing file /home/airflow/.local/lib/python3.8/site-packages/airflow/example_dags/example_bash_operator.py for tasks to queue
[2026-08-26T18:54:45.740+0000] {logging_mixin.py:188} INFO - [2026-08-26T18:54:45.740+0000] {dagbag.py:540} INFO - Filling up the DagBag from /home/airflow/.local/lib/python3.8/site-packages/airflow/example_dags/example_bash_operator.py
[2026-08-26T18:54:45.759+0000] {processor.py:840} INFO - DAG(s) 'example_bash_operator' retrieved from /home/airflow/.local/lib/python3.8/site-packages/airflow/example_dags/example_bash_operator.py
[2026-08-26T18:54:45.807+0000] {logging_mixin.py:188} INFO - [2026-08-26T18:54:45.807+0000] {dag.py:3047} INFO - Sync 1 DAGs
[2026-08-26T18:54:45.846+0000] {logging_mixin.py:188} INFO - [2026-08-26T18:54:45.845+0000] {dag.py:3834} INFO - Setting next_dagrun for example_bash_operator to 2026-08-25 00:00:00+00:00, run_after=2026-08-26 00:00:00+00:00
[2026-08-26T18:54:45.874+0000] {processor.py:183} INFO - Processing /home/airflow/.local/lib/python3.8/site-packages/airflow/example_dags/example_bash_operator.py took 0.146 seconds
[2026-08-26T18:55:16.054+0000] {processor.py:161} INFO - Started process (PID=7618) to work on /home/airflow/.local/lib/python3.8/site-packages/airflow/example_dags/example_bash_operator.py
[2026-08-26T18:55:16.056+0000] {processor.py:830} INFO - Processing file /home/airflow/.local/lib/python3.8/site-packages/airflow/example_dags/example_bash_operator.py for tasks to queue
[2026-08-26T18:55:16.059+0000] {logging_mixin.py:188} INFO - [2026-08-26T18:55:16.058+0000] {dagbag.py:540} INFO - Filling up the DagBag from /home/airflow/.local/lib/python3.8/site-packages/airflow/example_dags/example_bash_operator.py
[2026-08-26T18:55:16.072+0000] {processor.py:840} INFO - DAG(s) 'example_bash_operator' retrieved from /home/airflow/.local/lib/python3.8/site-packages/airflow/example_dags/example_bash_operator.py
[2026-08-26T18:55:16.107+0000] {logging_mixin.py:188} INFO - [2026-08-26T18:55:16.107+0000] {dag.py:3047} INFO - Sync 1 DAGs
[2026-08-26T18:55:16.132+0000] {logging_mixin.py:188} INFO - [2026-08-26T18:55:16.132+0000] {dag.py:3834} INFO - Setting next_dagrun for example_bash_operator to 2026-08-25 00:00:00+00:00, run_after=2026-08-26 00:00:00+00:00
[2026-08-26T18:55:16.155+0000] {processor.py:183} INFO - Processing /home/airflow/.local/lib/python3.8/site-packages/airflow/example_dags/example_bash_operator.py took 0.105 seconds
[2026-08-26T18:55:46.270+0000] {processor.py:161} INFO - Started process (PID=7673) to work on /home/airflow/.local/lib/python3.8/site-packages/airflow/example_dags/example_bash_operator.py
[2026-08-26T18:55:46.272+0000] {processor.py:830} INFO - Processing file /home/airflow/.local/lib/python3.8/site-packages/airflow/example_dags/example_bash_operator.py for tasks to queue
[2026-08-26T18:55:46.275+0000] {logging_mixin.py:188} INFO - [2026-08-26T18:55:46.274+0000] {dagbag.py:540} INFO - Filling up the DagBag from /home/airflow/.local/lib/python3.8/site-packages/airflow/example_dags/example_bash_operator.py
[2026-08-26T18:55:46.289+0000] {processor.py:840} INFO - DAG(s) 'example_bash_operator' retrieved from /home/airflow/.local/lib/python3.8/site-packages/airflow/example_dags/example_bash_operator.py
[2026-08-26T18:55:46.324+0000] {logging_mixin.py:188} INFO - [2026-08-26T18:55:46.324+0000] {dag.py:3047} INFO - Sync 1 DAGs
[2026-08-26T18:55:46.361+0000] {logging_mixin.py:188} INFO - [2026-08-26T18:55:46.360+0000] {dag.py:3834} INFO - Setting next_dagrun for example_bash_operator to 2026-08-25 00:00:00+00:00, run_after=2026-08-26 00:00:00+00:00
[2026-08-26T18:55:46.383+0000] {processor.py:183} INFO - Processing /home/airflow/.local/lib/python3.8/site-packages/airflow/example_dags/example_bash_operator.py took 0.116 seconds
[2026-08-26T18:56:17.309+0000] {processor.py:161} INFO - Started process (PID=7729) to work on /home/airflow/.local/lib/python3.8/site-packages/airflow/example_dags/example_bash_operator.py
[2026-08-26T18:56:17.311+0000] {processor.py:830} INFO - Processing file /home/airflow/.local/lib/python3.8/site-packages/airflow/example_dags/example_bash_operator.py for tasks to queue
[2026-08-26T18:56:17.313+0000] {logging_mixin.py:188} INFO - [2026-08-26T18:56:17.313+0000] {dagbag.py:540} INFO - Filling up the DagBag from /home/airflow/.local/lib/python3.8/site-packages/airflow/example_dags/example_bash_operator.py
[2026-08-26T18:56:17.332+0000] {processor.py:840} INFO - DAG(s) 'example_bash_operator' retrieved from /home/airflow/.local/lib/python3.8/site-packages/airflow/example_dags/example_bash_operator.py
[2026-08-26T18:56:17.376+0000] {logging_mixin.py:188} INFO - [2026-08-26T18:56:17.375+0000] {dag.py:3047} INFO - Sync 1 DAGs
[2026-08-26T18:56:17.413+0000] {logging_mixin.py:188} INFO - [2026-08-26T18:56:17.412+0000] {dag.py:3834} INFO - Setting next_dagrun for example_bash_operator to 2026-08-25 00:00:00+00:00, run_after=2026-08-26 00:00:00+00:00
[2026-08-26T18:56:17.438+0000] {processor.py:183} INFO - Processing /home/airflow/.local/lib/python3.8/site-packages/airflow/example_dags/example_bash_operator.py took 0.134 seconds
[2026-08-26T18:56:47.726+0000] {processor.py:161} INFO - Started process (PID=7785) to work on /home/airflow/.local/lib/python3.8/site-packages/airflow/example_dags/example_bash_operator.py
[2026-08-26T18:56:47.728+0000] {processor.py:830} INFO - Processing file /home/airflow/.local/lib/python3.8/site-packages/airflow/example_dags/example_bash_operator.py for tasks to queue
[2026-08-26T18:56:47.734+0000] {logging_mixin.py:188} INFO - [2026-08-26T18:56:47.733+0000] {dagbag.py:540} INFO - Filling up the DagBag from /home/airflow/.local/lib/python3.8/site-packages/airflow/example_dags/example_bash_operator.py
[2026-08-26T18:56:47.752+0000] {processor.py:840} INFO - DAG(s) 'example_bash_operator' retrieved from /home/airflow/.local/lib/python3.8/site-packages/airflow/example_dags/example_bash_operator.py
[2026-08-26T18:56:47.796+0000] {logging_mixin.py:188} INFO - [2026-08-26T18:56:47.796+0000] {dag.py:3047} INFO - Sync 1 DAGs
[2026-08-26T18:56:47.827+0000] {logging_mixin.py:188} INFO - [2026-08-26T18:56:47.826+0000] {dag.py:3834} INFO - Setting next_dagrun for example_bash_operator to 2026-08-25 00:00:00+00:00, run_after=2026-08-26 00:00:00+00:00
[2026-08-26T18:56:47.850+0000] {processor.py:183} INFO - Processing /home/airflow/.local/lib/python3.8/site-packages/airflow/example_dags/example_bash_operator.py took 0.132 seconds
[2026-08-26T18:57:17.946+0000] {processor.py:161} INFO - Started process (PID=7842) to work on /home/airflow/.local/lib/python3.8/site-packages/airflow/example_dags/example_bash_operator.py
[2026-08-26T18:57:17.948+0000] {processor.py:830} INFO - Processing file /home/airflow/.local/lib/python3.8/site-packages/airflow/example_dags/example_bash_operator.py for tasks to queue
[2026-08-26T18:57:17.952+0000] {logging_mixin.py:188} INFO - [2026-08-26T18:57:17.952+0000] {dagbag.py:540} INFO - Filling up the DagBag from /home/airflow/.local/lib/python3.8/site-packages/airflow/example_dags/example_bash_operator.py
[2026-08-26T18:57:17.969+0000] {processor.py:840} INFO - DAG(s) 'example_bash_operator' retrieved from /home/airflow/.local/lib/python3.8/site-packages/airflow/example_dags/example_bash_operator.py
[2026-08-26T18:57:18.007+0000] {logging_mixin.py:188} INFO - [2026-08-26T18:57:18.006+0000] {dag.py:3047} INFO - Sync 1 DAGs
[2026-08-26T18:57:18.041+0000] {logging_mixin.py:188} INFO - [2026-08-26T18:57:18.040+0000] {dag.py:3834} INFO - Setting next_dagrun for example_bash_operator to 2026-08-25 00:00:00+00:00, run_after=2026-08-26 00:00:00+00:00
[2026-08-26T18:57:18.063+0000] {processor.py:183} INFO - Processing /home/airflow/.local/lib/python3.8/site-packages/airflow/example_dags/example_bash_operator.py took 0.125 seconds
[2026-08-26T18:57:48.726+0000] {processor.py:161} INFO - Started process (PID=7899) to work on /home/airflow/.local/lib/python3.8/site-packages/airflow/example_dags/example_bash_operator.py
[2026-08-26T18:57:48.729+0000] {processor.py:830} INFO - Processing file /home/airflow/.local/lib/python3.8/site-packages/airflow/example_dags/example_bash_operator.py for tasks to queue
[2026-08-26T18:57:48.733+0000] {logging_mixin.py:188} INFO - [2026-08-26T18:57:48.732+0000] {dagbag.py:540} INFO - Filling up the DagBag from /home/airflow/.local/lib/python3.8/site-packages/airflow/example_dags/example_bash_operator.py
[2026-08-26T18:57:48.746+0000] {processor.py:840} INFO - DAG(s) 'example_bash_operator' retrieved from /home/airflow/.local/lib/python3.8/site-packages/airflow/example_dags/example_bash_operator.py
[2026-08-26T18:57:48.784+0000] {logging_mixin.py:188} INFO - [2026-08-26T18:57:48.784+0000] {dag.py:3047} INFO - Sync 1 DAGs
[2026-08-26T18:57:48.812+0000] {logging_mixin.py:188} INFO - [2026-08-26T18:57:48.812+0000] {dag.py:3834} INFO - Setting next_dagrun for example_bash_operator to 2026-08-25 00:00:00+00:00, run_after=2026-08-26 00:00:00+00:00
[2026-08-26T18:57:48.837+0000] {processor.py:183} INFO - Processing /home/airflow/.local/lib/python3.8/site-packages/airflow/example_dags/example_bash_operator.py took 0.117 seconds
[2026-08-26T18:58:19.102+0000] {processor.py:161} INFO - Started process (PID=7956) to work on /home/airflow/.local/lib/python3.8/site-packages/airflow/example_dags/example_bash_operator.py
[2026-08-26T18:58:19.104+0000] {processor.py:830} INFO - Processing file /home/airflow/.local/lib/python3.8/site-packages/airflow/example_dags/example_bash_operator.py for tasks to queue
[2026-08-26T18:58:19.107+0000] {logging_mixin.py:188} INFO - [2026-08-26T18:58:19.107+0000] {dagbag.py:540} INFO - Filling up the DagBag from /home/airflow/.local/lib/python3.8/site-packages/airflow/example_dags/example_bash_operator.py
[2026-08-26T18:58:19.124+0000] {processor.py:840} INFO - DAG(s) 'example_bash_operator' retrieved from /home/airflow/.local/lib/python3.8/site-packages/airflow/example_dags/example_bash_operator.py
[2026-08-26T18:58:19.158+0000] {logging_mixin.py:188} INFO - [2026-08-26T18:58:19.158+0000] {dag.py:3047} INFO - Sync 1 DAGs
[2026-08-26T18:58:19.188+0000] {logging_mixin.py:188} INFO - [2026-08-26T18:58:19.187+0000] {dag.py:3834} INFO - Setting next_dagrun for example_bash_operator to 2026-08-25 00:00:00+00:00, run_after=2026-08-26 00:00:00+00:00
[2026-08-26T18:58:19.212+0000] {processor.py:183} INFO - Processing /home/airflow/.local/lib/python3.8/site-packages/airflow/example_dags/example_bash_operator.py took 0.118 seconds
[2026-08-26T18:58:49.476+0000] {processor.py:161} INFO - Started process (PID=8013) to work on /home/airflow/.local/lib/python3.8/site-packages/airflow/example_dags/example_bash_operator.py
[2026-08-26T18:58:49.479+0000] {processor.py:830} INFO - Processing file /home/airflow/.local/lib/python3.8/site-packages/airflow/example_dags/example_bash_operator.py for tasks to queue
[2026-08-26T18:58:49.482+0000] {logging_mixin.py:188} INFO - [2026-08-26T18:58:49.482+0000] {dagbag.py:540} INFO - Filling up the DagBag from /home/airflow/.local/lib/python3.8/site-packages/airflow/example_dags/example_bash_operator.py
[2026-08-26T18:58:49.497+0000] {processor.py:840} INFO - DAG(s) 'example_bash_operator' retrieved from /home/airflow/.local/lib/python3.8/site-packages/airflow/example_dags/example_bash_operator.py
[2026-08-26T18:58:49.540+0000] {logging_mixin.py:188} INFO - [2026-08-26T18:58:49.539+0000] {dag.py:3047} INFO - Sync 1 DAGs
[2026-08-26T18:58:49.565+0000] {logging_mixin.py:188} INFO - [2026-08-26T18:58:49.565+0000] {dag.py:3834} INFO - Setting next_dagrun for example_bash_operator to 2026-08-25 00:00:00+00:00, run_after=2026-08-26 00:00:00+00:00
[2026-08-26T18:58:49.589+0000] {processor.py:183} INFO - Processing /home/airflow/.local/lib/python3.8/site-packages/airflow/example_dags/example_bash_operator.py took 0.119 seconds
[2026-08-26T18:59:20.236+0000] {processor.py:161} INFO - Started process (PID=8070) to work on /home/airflow/.local/lib/python3.8/site-packages/airflow/example_dags/example_bash_operator.py
[2026-08-26T18:59:20.238+0000] {processor.py:830} INFO - Processing file /home/airflow/.local/lib/python3.8/site-packages/airflow/example_dags/example_bash_operator.py for tasks to queue
[2026-08-26T18:59:20.244+0000] {logging_mixin.py:188} INFO - [2026-08-26T18:59:20.244+0000] {dagbag.py:540} INFO - Filling up the DagBag from /home/airflow/.local/lib/python3.8/site-packages/airflow/example_dags/example_bash_operator.py
[2026-08-26T18:59:20.265+0000] {processor.py:840} INFO - DAG(s) 'example_bash_operator' retrieved from /home/airflow/.local/lib/python3.8/site-packages/airflow/example_dags/example_bash_operator.py
[2026-08-26T18:59:20.320+0000] {logging_mixin.py:188} INFO - [2026-08-26T18:59:20.319+0000] {dag.py:3047} INFO - Sync 1 DAGs
[2026-08-26T18:59:20.366+0000] {logging_mixin.py:188} INFO - [2026-08-26T18:59:20.366+0000] {dag.py:3834} INFO - Setting next_dagrun for example_bash_operator to 2026-08-25 00:00:00+00:00, run_after=2026-08-26 00:00:00+00:00
[2026-08-26T18:59:20.397+0000] {processor.py:183} INFO - Processing /home/airflow/.local/lib/python3.8/site-packages/airflow/example_dags/example_bash_operator.py took 0.165 seconds
[2026-08-26T18:59:50.467+0000] {processor.py:161} INFO - Started process (PID=8127) to work on /home/airflow/.local/lib/python3.8/site-packages/airflow/example_dags/example_bash_operator.py
[2026-08-26T18:59:50.468+0000] {processor.py:830} INFO - Processing file /home/airflow/.local/lib/python3.8/site-packages/airflow/example_dags/example_bash_operator.py for tasks to queue
[2026-08-26T18:59:50.471+0000] {logging_mixin.py:188} INFO - [2026-08-26T18:59:50.471+0000] {dagbag.py:540} INFO - Filling up the DagBag from /home/airflow/.local/lib/python3.8/site-packages/airflow/example_dags/example_bash_operator.py
[2026-08-26T18:59:50.487+0000] {processor.py:840} INFO - DAG(s) 'example_bash_operator' retrieved from /home/airflow/.local/lib/python3.8/site-packages/airflow/example_dags/example_bash_operator.py
[2026-08-26T18:59:50.528+0000] {logging_mixin.py:188} INFO - [2026-08-26T18:59:50.528+0000] {dag.py:3047} INFO - Sync 1 DAGs
[2026-08-26T18:59:50.558+0000] {logging_mixin.py:188} INFO - [2026-08-26T18:59:50.558+0000] {dag.py:3834} INFO - Setting next_dagrun for example_bash_operator to 2026-08-25 00:00:00+00:00, run_after=2026-08-26 00:00:00+00:00
[2026-08-26T18:59:50.585+0000] {processor.py:183} INFO - Processing /home/airflow/.local/lib/python3.8/site-packages/airflow/example_dags/example_bash_operator.py took 0.122 seconds
[2026-08-26T19:00:21.080+0000] {processor.py:161} INFO - Started process (PID=8184) to work on /home/airflow/.local/lib/python3.8/site-packages/airflow/example_dags/example_bash_operator.py
[2026-08-26T19:00:21.084+0000] {processor.py:830} INFO - Processing file /home/airflow/.local/lib/python3.8/site-packages/airflow/example_dags/example_bash_operator.py for tasks to queue
[2026-08-26T19:00:21.088+0000] {logging_mixin.py:188} INFO - [2026-08-26T19:00:21.088+0000] {dagbag.py:540} INFO - Filling up the DagBag from /home/airflow/.local/lib/python3.8/site-packages/airflow/example_dags/example_bash_operator.py
[2026-08-26T19:00:21.105+0000] {processor.py:840} INFO - DAG(s) 'example_bash_operator' retrieved from /home/airflow/.local/lib/python3.8/site-packages/airflow/example_dags/example_bash_operator.py
[2026-08-26T19:00:21.146+0000] {logging_mixin.py:188} INFO - [2026-08-26T19:00:21.145+0000] {dag.py:3047} INFO - Sync 1 DAGs
[2026-08-26T19:00:21.175+0000] {logging_mixin.py:188} INFO - [2026-08-26T19:00:21.175+0000] {dag.py:3834} INFO - Setting next_dagrun for example_bash_operator to 2026-08-25 00:00:00+00:00, run_after=2026-08-26 00:00:00+00:00
[2026-08-26T19:00:21.198+0000] {processor.py:183} INFO - Processing /home/airflow/.local/lib/python3.8/site-packages/airflow/example_dags/example_bash_operator.py took 0.126 seconds
[2026-08-26T19:00:51.324+0000] {processor.py:161} INFO - Started process (PID=8241) to work on /home/airflow/.local/lib/python3.8/site-packages/airflow/example_dags/example_bash_operator.py
[2026-08-26T19:00:51.326+0000] {processor.py:830} INFO - Processing file /home/airflow/.local/lib/python3.8/site-packages/airflow/example_dags/example_bash_operator.py for tasks to queue
[2026-08-26T19:00:51.330+0000] {logging_mixin.py:188} INFO - [2026-08-26T19:00:51.329+0000] {dagbag.py:540} INFO - Filling up the DagBag from /home/airflow/.local/lib/python3.8/site-packages/airflow/example_dags/example_bash_operator.py
[2026-08-26T19:00:51.346+0000] {processor.py:840} INFO - DAG(s) 'example_bash_operator' retrieved from /home/airflow/.local/lib/python3.8/site-packages/airflow/example_dags/example_bash_operator.py
[2026-08-26T19:00:51.384+0000] {logging_mixin.py:188} INFO - [2026-08-26T19:00:51.383+0000] {dag.py:3047} INFO - Sync 1 DAGs
[2026-08-26T19:00:51.415+0000] {logging_mixin.py:188} INFO - [2026-08-26T19:00:51.414+0000] {dag.py:3834} INFO - Setting next_dagrun for example_bash_operator to 2026-08-25 00:00:00+00:00, run_after=2026-08-26 00:00:00+00:00
[2026-08-26T19:00:51.442+0000] {processor.py:183} INFO - Processing /home/airflow/.local/lib/python3.8/site-packages/airflow/example_dags/example_bash_operator.py took 0.123 seconds
[2026-08-26T19:01:21.561+0000] {processor.py:161} INFO - Started process (PID=8298) to work on /home/airflow/.local/lib/python3.8/site-packages/airflow/example_dags/example_bash_operator.py
[2026-08-26T19:01:21.563+0000] {processor.py:830} INFO - Processing file /home/airflow/.local/lib/python3.8/site-packages/airflow/example_dags/example_bash_operator.py for tasks to queue
[2026-08-26T19:01:21.566+0000] {logging_mixin.py:188} INFO - [2026-08-26T19:01:21.566+0000] {dagbag.py:540} INFO - Filling up the DagBag from /home/airflow/.local/lib/python3.8/site-packages/airflow/example_dags/example_bash_operator.py
[2026-08-26T19:01:21.580+0000] {processor.py:840} INFO - DAG(s) 'example_bash_operator' retrieved from /home/airflow/.local/lib/python3.8/site-packages/airflow/example_dags/example_bash_operator.py
[2026-08-26T19:01:21.659+0000] {logging_mixin.py:188} INFO - [2026-08-26T19:01:21.659+0000] {dag.py:3047} INFO - Sync 1 DAGs
[2026-08-26T19:01:21.695+0000] {logging_mixin.py:188} INFO - [2026-08-26T19:01:21.695+0000] {dag.py:3834} INFO - Setting next_dagrun for example_bash_operator to 2026-08-25 00:00:00+00:00, run_after=2026-08-26 00:00:00+00:00
[2026-08-26T19:01:21.716+0000] {processor.py:183} INFO - Processing /home/airflow/.local/lib/python3.8/site-packages/airflow/example_dags/example_bash_operator.py took 0.163 seconds
[2026-08-26T19:01:51.771+0000] {processor.py:161} INFO - Started process (PID=8357) to work on /home/airflow/.local/lib/python3.8/site-packages/airflow/example_dags/example_bash_operator.py
[2026-08-26T19:01:51.774+0000] {processor.py:830} INFO - Processing file /home/airflow/.local/lib/python3.8/site-packages/airflow/example_dags/example_bash_operator.py for tasks to queue
[2026-08-26T19:01:51.777+0000] {logging_mixin.py:188} INFO - [2026-08-26T19:01:51.777+0000] {dagbag.py:540} INFO - Filling up the DagBag from /home/airflow/.local/lib/python3.8/site-packages/airflow/example_dags/example_bash_operator.py
[2026-08-26T19:01:51.796+0000] {processor.py:840} INFO - DAG(s) 'example_bash_operator' retrieved from /home/airflow/.local/lib/python3.8/site-packages/airflow/example_dags/example_bash_operator.py
[2026-08-26T19:01:51.834+0000] {logging_mixin.py:188} INFO - [2026-08-26T19:01:51.834+0000] {dag.py:3047} INFO - Sync 1 DAGs
[2026-08-26T19:01:51.867+0000] {logging_mixin.py:188} INFO - [2026-08-26T19:01:51.866+0000] {dag.py:3834} INFO - Setting next_dagrun for example_bash_operator to 2026-08-25 00:00:00+00:00, run_after=2026-08-26 00:00:00+00:00
[2026-08-26T19:01:51.888+0000] {processor.py:183} INFO - Processing /home/airflow/.local/lib/python3.8/site-packages/airflow/example_dags/example_bash_operator.py took 0.122 seconds
[2026-08-26T19:02:21.990+0000] {processor.py:161} INFO - Started process (PID=8413) to work on /home/airflow/.local/lib/python3.8/site-packages/airflow/example_dags/example_bash_operator.py
[2026-08-26T19:02:21.992+0000] {processor.py:830} INFO - Processing file /home/airflow/.local/lib/python3.8/site-packages/airflow/example_dags/example_bash_operator.py for tasks to queue
[2026-08-26T19:02:21.996+0000] {logging_mixin.py:188} INFO - [2026-08-26T19:02:21.995+0000] {dagbag.py:540} INFO - Filling up the DagBag from /home/airflow/.local/lib/python3.8/site-packages/airflow/example_dags/example_bash_operator.py
[2026-08-26T19:02:22.017+0000] {processor.py:840} INFO - DAG(s) 'example_bash_operator' retrieved from /home/airflow/.local/lib/python3.8/site-packages/airflow/example_dags/example_bash_operator.py
[2026-08-26T19:02:22.064+0000] {logging_mixin.py:188} INFO - [2026-08-26T19:02:22.064+0000] {dag.py:3047} INFO - Sync 1 DAGs
[2026-08-26T19:02:22.095+0000] {logging_mixin.py:188} INFO - [2026-08-26T19:02:22.095+0000] {dag.py:3834} INFO - Setting next_dagrun for example_bash_operator to 2026-08-25 00:00:00+00:00, run_after=2026-08-26 00:00:00+00:00
[2026-08-26T19:02:22.121+0000] {processor.py:183} INFO - Processing /home/airflow/.local/lib/python3.8/site-packages/airflow/example_dags/example_bash_operator.py took 0.137 seconds
[2026-08-26T19:02:52.237+0000] {processor.py:161} INFO - Started process (PID=8470) to work on /home/airflow/.local/lib/python3.8/site-packages/airflow/example_dags/example_bash_operator.py
[2026-08-26T19:02:52.239+0000] {processor.py:830} INFO - Processing file /home/airflow/.local/lib/python3.8/site-packages/airflow/example_dags/example_bash_operator.py for tasks to queue
[2026-08-26T19:02:52.242+0000] {logging_mixin.py:188} INFO - [2026-08-26T19:02:52.242+0000] {dagbag.py:540} INFO - Filling up the DagBag from /home/airflow/.local/lib/python3.8/site-packages/airflow/example_dags/example_bash_operator.py
[2026-08-26T19:02:52.258+0000] {processor.py:840} INFO - DAG(s) 'example_bash_operator' retrieved from /home/airflow/.local/lib/python3.8/site-packages/airflow/example_dags/example_bash_operator.py
[2026-08-26T19:02:52.299+0000] {logging_mixin.py:188} INFO - [2026-08-26T19:02:52.299+0000] {dag.py:3047} INFO - Sync 1 DAGs
[2026-08-26T19:02:52.329+0000] {logging_mixin.py:188} INFO - [2026-08-26T19:02:52.329+0000] {dag.py:3834} INFO - Setting next_dagrun for example_bash_operator to 2026-08-25 00:00:00+00:00, run_after=2026-08-26 00:00:00+00:00
[2026-08-26T19:02:52.359+0000] {processor.py:183} INFO - Processing /home/airflow/.local/lib/python3.8/site-packages/airflow/example_dags/example_bash_operator.py took 0.127 seconds
[2026-08-26T19:03:23.133+0000] {processor.py:161} INFO - Started process (PID=8527) to work on /home/airflow/.local/lib/python3.8/site-packages/airflow/example_dags/example_bash_operator.py
[2026-08-26T19:03:23.135+0000] {processor.py:830} INFO - Processing file /home/airflow/.local/lib/python3.8/site-packages/airflow/example_dags/example_bash_operator.py for tasks to queue
[2026-08-26T19:03:23.139+0000] {logging_mixin.py:188} INFO - [2026-08-26T19:03:23.139+0000] {dagbag.py:540} INFO - Filling up the DagBag from /home/airflow/.local/lib/python3.8/site-packages/airflow/example_dags/example_bash_operator.py
[2026-08-26T19:03:23.158+0000] {processor.py:840} INFO - DAG(s) 'example_bash_operator' retrieved from /home/airflow/.local/lib/python3.8/site-packages/airflow/example_dags/example_bash_operator.py
[2026-08-26T19:03:23.203+0000] {logging_mixin.py:188} INFO - [2026-08-26T19:03:23.203+0000] {dag.py:3047} INFO - Sync 1 DAGs
[2026-08-26T19:03:23.231+0000] {logging_mixin.py:188} INFO - [2026-08-26T19:03:23.231+0000] {dag.py:3834} INFO - Setting next_dagrun for example_bash_operator to 2026-08-25 00:00:00+00:00, run_after=2026-08-26 00:00:00+00:00
[2026-08-26T19:03:23.255+0000] {processor.py:183} INFO - Processing /home/airflow/.local/lib/python3.8/site-packages/airflow/example_dags/example_bash_operator.py took 0.127 seconds
[2026-08-26T19:03:53.857+0000] {processor.py:161} INFO - Started process (PID=8584) to work on /home/airflow/.local/lib/python3.8/site-packages/airflow/example_dags/example_bash_operator.py
[2026-08-26T19:03:53.861+0000] {processor.py:830} INFO - Processing file /home/airflow/.local/lib/python3.8/site-packages/airflow/example_dags/example_bash_operator.py for tasks to queue
[2026-08-26T19:03:53.867+0000] {logging_mixin.py:188} INFO - [2026-08-26T19:03:53.866+0000] {dagbag.py:540} INFO - Filling up the DagBag from /home/airflow/.local/lib/python3.8/site-packages/airflow/example_dags/example_bash_operator.py
[2026-08-26T19:03:53.888+0000] {processor.py:840} INFO - DAG(s) 'example_bash_operator' retrieved from /home/airflow/.local/lib/python3.8/site-packages/airflow/example_dags/example_bash_operator.py
[2026-08-26T19:03:53.929+0000] {logging_mixin.py:188} INFO - [2026-08-26T19:03:53.929+0000] {dag.py:3047} INFO - Sync 1 DAGs
[2026-08-26T19:03:53.957+0000] {logging_mixin.py:188} INFO - [2026-08-26T19:03:53.956+0000] {dag.py:3834} INFO - Setting next_dagrun for example_bash_operator to 2026-08-25 00:00:00+00:00, run_after=2026-08-26 00:00:00+00:00
[2026-08-26T19:03:53.982+0000] {processor.py:183} INFO - Processing /home/airflow/.local/lib/python3.8/site-packages/airflow/example_dags/example_bash_operator.py took 0.133 seconds
[2026-08-26T19:04:24.042+0000] {processor.py:161} INFO - Started process (PID=8641) to work on /home/airflow/.local/lib/python3.8/site-packages/airflow/example_dags/example_bash_operator.py
[2026-08-26T19:04:24.045+0000] {processor.py:830} INFO - Processing file /home/airflow/.local/lib/python3.8/site-packages/airflow/example_dags/example_bash_operator.py for tasks to queue
[2026-08-26T19:04:24.048+0000] {logging_mixin.py:188} INFO - [2026-08-26T19:04:24.048+0000] {dagbag.py:540} INFO - Filling up the DagBag from /home/airflow/.local/lib/python3.8/site-packages/airflow/example_dags/example_bash_operator.py
[2026-08-26T19:04:24.068+0000] {processor.py:840} INFO - DAG(s) 'example_bash_operator' retrieved from /home/airflow/.local/lib/python3.8/site-packages/airflow/example_dags/example_bash_operator.py
[2026-08-26T19:04:24.106+0000] {logging_mixin.py:188} INFO - [2026-08-26T19:04:24.106+0000] {dag.py:3047} INFO - Sync 1 DAGs
[2026-08-26T19:04:24.153+0000] {logging_mixin.py:188} INFO - [2026-08-26T19:04:24.153+0000] {dag.py:3834} INFO - Setting next_dagrun for example_bash_operator to 2026-08-25 00:00:00+00:00, run_after=2026-08-26 00:00:00+00:00
[2026-08-26T19:04:24.187+0000] {processor.py:183} INFO - Processing /home/airflow/.local/lib/python3.8/site-packages/airflow/example_dags/example_bash_operator.py took 0.150 seconds
[2026-08-26T19:04:54.524+0000] {processor.py:161} INFO - Started process (PID=8698) to work on /home/airflow/.local/lib/python3.8/site-packages/airflow/example_dags/example_bash_operator.py
[2026-08-26T19:04:54.527+0000] {processor.py:830} INFO - Processing file /home/airflow/.local/lib/python3.8/site-packages/airflow/example_dags/example_bash_operator.py for tasks to queue
[2026-08-26T19:04:54.531+0000] {logging_mixin.py:188} INFO - [2026-08-26T19:04:54.530+0000] {dagbag.py:540} INFO - Filling up the DagBag from /home/airflow/.local/lib/python3.8/site-packages/airflow/example_dags/example_bash_operator.py
[2026-08-26T19:04:54.557+0000] {processor.py:840} INFO - DAG(s) 'example_bash_operator' retrieved from /home/airflow/.local/lib/python3.8/site-packages/airflow/example_dags/example_bash_operator.py
[2026-08-26T19:04:54.630+0000] {logging_mixin.py:188} INFO - [2026-08-26T19:04:54.630+0000] {dag.py:3047} INFO - Sync 1 DAGs
[2026-08-26T19:04:54.660+0000] {logging_mixin.py:188} INFO - [2026-08-26T19:04:54.660+0000] {dag.py:3834} INFO - Setting next_dagrun for example_bash_operator to 2026-08-25 00:00:00+00:00, run_after=2026-08-26 00:00:00+00:00
[2026-08-26T19:04:54.696+0000] {processor.py:183} INFO - Processing /home/airflow/.local/lib/python3.8/site-packages/airflow/example_dags/example_bash_operator.py took 0.181 seconds
[2026-08-26T19:05:24.953+0000] {processor.py:161} INFO - Started process (PID=8755) to work on /home/airflow/.local/lib/python3.8/site-packages/airflow/example_dags/example_bash_operator.py
[2026-08-26T19:05:24.955+0000] {processor.py:830} INFO - Processing file /home/airflow/.local/lib/python3.8/site-packages/airflow/example_dags/example_bash_operator.py for tasks to queue
[2026-08-26T19:05:24.958+0000] {logging_mixin.py:188} INFO - [2026-08-26T19:05:24.958+0000] {dagbag.py:540} INFO - Filling up the DagBag from /home/airflow/.local/lib/python3.8/site-packages/airflow/example_dags/example_bash_operator.py
[2026-08-26T19:05:24.972+0000] {processor.py:840} INFO - DAG(s) 'example_bash_operator' retrieved from /home/airflow/.local/lib/python3.8/site-packages/airflow/example_dags/example_bash_operator.py
[2026-08-26T19:05:25.012+0000] {logging_mixin.py:188} INFO - [2026-08-26T19:05:25.012+0000] {dag.py:3047} INFO - Sync 1 DAGs
[2026-08-26T19:05:25.044+0000] {logging_mixin.py:188} INFO - [2026-08-26T19:05:25.044+0000] {dag.py:3834} INFO - Setting next_dagrun for example_bash_operator to 2026-08-25 00:00:00+00:00, run_after=2026-08-26 00:00:00+00:00
[2026-08-26T19:05:25.069+0000] {processor.py:183} INFO - Processing /home/airflow/.local/lib/python3.8/site-packages/airflow/example_dags/example_bash_operator.py took 0.120 seconds
[2026-08-26T19:05:55.338+0000] {processor.py:161} INFO - Started process (PID=8812) to work on /home/airflow/.local/lib/python3.8/site-packages/airflow/example_dags/example_bash_operator.py
[2026-08-26T19:05:55.340+0000] {processor.py:830} INFO - Processing file /home/airflow/.local/lib/python3.8/site-packages/airflow/example_dags/example_bash_operator.py for tasks to queue
[2026-08-26T19:05:55.342+0000] {logging_mixin.py:188} INFO - [2026-08-26T19:05:55.342+0000] {dagbag.py:540} INFO - Filling up the DagBag from /home/airflow/.local/lib/python3.8/site-packages/airflow/example_dags/example_bash_operator.py
[2026-08-26T19:05:55.362+0000] {processor.py:840} INFO - DAG(s) 'example_bash_operator' retrieved from /home/airflow/.local/lib/python3.8/site-packages/airflow/example_dags/example_bash_operator.py
[2026-08-26T19:05:55.395+0000] {logging_mixin.py:188} INFO - [2026-08-26T19:05:55.395+0000] {dag.py:3047} INFO - Sync 1 DAGs
[2026-08-26T19:05:55.427+0000] {logging_mixin.py:188} INFO - [2026-08-26T19:05:55.427+0000] {dag.py:3834} INFO - Setting next_dagrun for example_bash_operator to 2026-08-25 00:00:00+00:00, run_after=2026-08-26 00:00:00+00:00
[2026-08-26T19:05:55.457+0000] {processor.py:183} INFO - Processing /home/airflow/.local/lib/python3.8/site-packages/airflow/example_dags/example_bash_operator.py took 0.126 seconds
[2026-08-26T19:06:26.181+0000] {processor.py:161} INFO - Started process (PID=8869) to work on /home/airflow/.local/lib/python3.8/site-packages/airflow/example_dags/example_bash_operator.py
[2026-08-26T19:06:26.185+0000] {processor.py:830} INFO - Processing file /home/airflow/.local/lib/python3.8/site-packages/airflow/example_dags/example_bash_operator.py for tasks to queue
[2026-08-26T19:06:26.188+0000] {logging_mixin.py:188} INFO - [2026-08-26T19:06:26.188+0000] {dagbag.py:540} INFO - Filling up the DagBag from /home/airflow/.local/lib/python3.8/site-packages/airflow/example_dags/example_bash_operator.py
[2026-08-26T19:06:26.208+0000] {processor.py:840} INFO - DAG(s) 'example_bash_operator' retrieved from /home/airflow/.local/lib/python3.8/site-packages/airflow/example_dags/example_bash_operator.py
[2026-08-26T19:06:26.260+0000] {logging_mixin.py:188} INFO - [2026-08-26T19:06:26.260+0000] {dag.py:3047} INFO - Sync 1 DAGs
[2026-08-26T19:06:26.303+0000] {logging_mixin.py:188} INFO - [2026-08-26T19:06:26.302+0000] {dag.py:3834} INFO - Setting next_dagrun for example_bash_operator to 2026-08-25 00:00:00+00:00, run_after=2026-08-26 00:00:00+00:00
[2026-08-26T19:06:26.335+0000] {processor.py:183} INFO - Processing /home/airflow/.local/lib/python3.8/site-packages/airflow/example_dags/example_bash_operator.py took 0.164 seconds
[2026-08-26T19:06:56.448+0000] {processor.py:161} INFO - Started process (PID=8926) to work on /home/airflow/.local/lib/python3.8/site-packages/airflow/example_dags/example_bash_operator.py
[2026-08-26T19:06:56.452+0000] {processor.py:830} INFO - Processing file /home/airflow/.local/lib/python3.8/site-packages/airflow/example_dags/example_bash_operator.py for tasks to queue
[2026-08-26T19:06:56.457+0000] {logging_mixin.py:188} INFO - [2026-08-26T19:06:56.457+0000] {dagbag.py:540} INFO - Filling up the DagBag from /home/airflow/.local/lib/python3.8/site-packages/airflow/example_dags/example_bash_operator.py
[2026-08-26T19:06:56.484+0000] {processor.py:840} INFO - DAG(s) 'example_bash_operator' retrieved from /home/airflow/.local/lib/python3.8/site-packages/airflow/example_dags/example_bash_operator.py
[2026-08-26T19:06:56.541+0000] {logging_mixin.py:188} INFO - [2026-08-26T19:06:56.540+0000] {dag.py:3047} INFO - Sync 1 DAGs
[2026-08-26T19:06:56.574+0000] {logging_mixin.py:188} INFO - [2026-08-26T19:06:56.574+0000] {dag.py:3834} INFO - Setting next_dagrun for example_bash_operator to 2026-08-25 00:00:00+00:00, run_after=2026-08-26 00:00:00+00:00
[2026-08-26T19:06:56.603+0000] {processor.py:183} INFO - Processing /home/airflow/.local/lib/python3.8/site-packages/airflow/example_dags/example_bash_operator.py took 0.166 seconds
[2026-08-26T19:07:26.804+0000] {processor.py:161} INFO - Started process (PID=8983) to work on /home/airflow/.local/lib/python3.8/site-packages/airflow/example_dags/example_bash_operator.py
[2026-08-26T19:07:26.810+0000] {processor.py:830} INFO - Processing file /home/airflow/.local/lib/python3.8/site-packages/airflow/example_dags/example_bash_operator.py for tasks to queue
[2026-08-26T19:07:26.817+0000] {logging_mixin.py:188} INFO - [2026-08-26T19:07:26.816+0000] {dagbag.py:540} INFO - Filling up the DagBag from /home/airflow/.local/lib/python3.8/site-packages/airflow/example_dags/example_bash_operator.py
[2026-08-26T19:07:26.854+0000] {processor.py:840} INFO - DAG(s) 'example_bash_operator' retrieved from /home/airflow/.local/lib/python3.8/site-packages/airflow/example_dags/example_bash_operator.py
[2026-08-26T19:07:26.906+0000] {logging_mixin.py:188} INFO - [2026-08-26T19:07:26.905+0000] {dag.py:3047} INFO - Sync 1 DAGs
[2026-08-26T19:07:26.950+0000] {logging_mixin.py:188} INFO - [2026-08-26T19:07:26.949+0000] {dag.py:3834} INFO - Setting next_dagrun for example_bash_operator to 2026-08-25 00:00:00+00:00, run_after=2026-08-26 00:00:00+00:00
[2026-08-26T19:07:26.980+0000] {processor.py:183} INFO - Processing /home/airflow/.local/lib/python3.8/site-packages/airflow/example_dags/example_bash_operator.py took 0.185 seconds
[2026-08-26T19:07:57.446+0000] {processor.py:161} INFO - Started process (PID=9040) to work on /home/airflow/.local/lib/python3.8/site-packages/airflow/example_dags/example_bash_operator.py
[2026-08-26T19:07:57.448+0000] {processor.py:830} INFO - Processing file /home/airflow/.local/lib/python3.8/site-packages/airflow/example_dags/example_bash_operator.py for tasks to queue
[2026-08-26T19:07:57.451+0000] {logging_mixin.py:188} INFO - [2026-08-26T19:07:57.451+0000] {dagbag.py:540} INFO - Filling up the DagBag from /home/airflow/.local/lib/python3.8/site-packages/airflow/example_dags/example_bash_operator.py
[2026-08-26T19:07:57.471+0000] {processor.py:840} INFO - DAG(s) 'example_bash_operator' retrieved from /home/airflow/.local/lib/python3.8/site-packages/airflow/example_dags/example_bash_operator.py
[2026-08-26T19:07:57.514+0000] {logging_mixin.py:188} INFO - [2026-08-26T19:07:57.514+0000] {dag.py:3047} INFO - Sync 1 DAGs
[2026-08-26T19:07:57.547+0000] {logging_mixin.py:188} INFO - [2026-08-26T19:07:57.547+0000] {dag.py:3834} INFO - Setting next_dagrun for example_bash_operator to 2026-08-25 00:00:00+00:00, run_after=2026-08-26 00:00:00+00:00
[2026-08-26T19:07:57.575+0000] {processor.py:183} INFO - Processing /home/airflow/.local/lib/python3.8/site-packages/airflow/example_dags/example_bash_operator.py took 0.136 seconds
[2026-08-26T19:08:27.647+0000] {processor.py:161} INFO - Started process (PID=9097) to work on /home/airflow/.local/lib/python3.8/site-packages/airflow/example_dags/example_bash_operator.py
[2026-08-26T19:08:27.649+0000] {processor.py:830} INFO - Processing file /home/airflow/.local/lib/python3.8/site-packages/airflow/example_dags/example_bash_operator.py for tasks to queue
[2026-08-26T19:08:27.652+0000] {logging_mixin.py:188} INFO - [2026-08-26T19:08:27.651+0000] {dagbag.py:540} INFO - Filling up the DagBag from /home/airflow/.local/lib/python3.8/site-packages/airflow/example_dags/example_bash_operator.py
[2026-08-26T19:08:27.665+0000] {processor.py:840} INFO - DAG(s) 'example_bash_operator' retrieved from /home/airflow/.local/lib/python3.8/site-packages/airflow/example_dags/example_bash_operator.py
[2026-08-26T19:08:27.701+0000] {logging_mixin.py:188} INFO - [2026-08-26T19:08:27.700+0000] {dag.py:3047} INFO - Sync 1 DAGs
[2026-08-26T19:08:27.732+0000] {logging_mixin.py:188} INFO - [2026-08-26T19:08:27.732+0000] {dag.py:3834} INFO - Setting next_dagrun for example_bash_operator to 2026-08-25 00:00:00+00:00, run_after=2026-08-26 00:00:00+00:00
[2026-08-26T19:08:27.761+0000] {processor.py:183} INFO - Processing /home/airflow/.local/lib/python3.8/site-packages/airflow/example_dags/example_bash_operator.py took 0.119 seconds
[2026-08-26T19:08:58.270+0000] {processor.py:161} INFO - Started process (PID=9154) to work on /home/airflow/.local/lib/python3.8/site-packages/airflow/example_dags/example_bash_operator.py
[2026-08-26T19:08:58.274+0000] {processor.py:830} INFO - Processing file /home/airflow/.local/lib/python3.8/site-packages/airflow/example_dags/example_bash_operator.py for tasks to queue
[2026-08-26T19:08:58.278+0000] {logging_mixin.py:188} INFO - [2026-08-26T19:08:58.278+0000] {dagbag.py:540} INFO - Filling up the DagBag from /home/airflow/.local/lib/python3.8/site-packages/airflow/example_dags/example_bash_operator.py
[2026-08-26T19:08:58.295+0000] {processor.py:840} INFO - DAG(s) 'example_bash_operator' retrieved from /home/airflow/.local/lib/python3.8/site-packages/airflow/example_dags/example_bash_operator.py
[2026-08-26T19:08:58.349+0000] {logging_mixin.py:188} INFO - [2026-08-26T19:08:58.348+0000] {dag.py:3047} INFO - Sync 1 DAGs
[2026-08-26T19:08:58.382+0000] {logging_mixin.py:188} INFO - [2026-08-26T19:08:58.381+0000] {dag.py:3834} INFO - Setting next_dagrun for example_bash_operator to 2026-08-25 00:00:00+00:00, run_after=2026-08-26 00:00:00+00:00
[2026-08-26T19:08:58.406+0000] {processor.py:183} INFO - Processing /home/airflow/.local/lib/python3.8/site-packages/airflow/example_dags/example_bash_operator.py took 0.144 seconds
