[2026-08-26T00:34:33.426+0000] {processor.py:161} INFO - Started process (PID=102) to work on /home/airflow/.local/lib/python3.8/site-packages/airflow/example_dags/example_short_circuit_decorator.py
[2026-08-26T00:34:33.429+0000] {processor.py:830} INFO - Processing file /home/airflow/.local/lib/python3.8/site-packages/airflow/example_dags/example_short_circuit_decorator.py for tasks to queue
[2026-08-26T00:34:33.433+0000] {logging_mixin.py:188} INFO - [2026-08-26T00:34:33.433+0000] {dagbag.py:540} INFO - Filling up the DagBag from /home/airflow/.local/lib/python3.8/site-packages/airflow/example_dags/example_short_circuit_decorator.py
[2026-08-26T00:34:33.453+0000] {processor.py:840} INFO - DAG(s) 'example_short_circuit_decorator' retrieved from /home/airflow/.local/lib/python3.8/site-packages/airflow/example_dags/example_short_circuit_decorator.py
[2026-08-26T00:34:33.488+0000] {logging_mixin.py:188} INFO - [2026-08-26T00:34:33.487+0000] {dag.py:3047} INFO - Sync 1 DAGs
[2026-08-26T00:34:33.567+0000] {logging_mixin.py:188} INFO - [2026-08-26T00:34:33.566+0000] {dag.py:3834} INFO - Setting next_dagrun for example_short_circuit_decorator to 2026-08-25 00:00:00+00:00, run_after=2026-08-26 00:00:00+00:00
[2026-08-26T00:34:33.610+0000] {processor.py:183} INFO - Processing /home/airflow/.local/lib/python3.8/site-packages/airflow/example_dags/example_short_circuit_decorator.py took 0.190 seconds
[2026-08-26T00:35:03.778+0000] {processor.py:161} INFO - Started process (PID=160) to work on /home/airflow/.local/lib/python3.8/site-packages/airflow/example_dags/example_short_circuit_decorator.py
[2026-08-26T00:35:03.782+0000] {processor.py:830} INFO - Processing file /home/airflow/.local/lib/python3.8/site-packages/airflow/example_dags/example_short_circuit_decorator.py for tasks to queue
[2026-08-26T00:35:03.786+0000] {logging_mixin.py:188} INFO - [2026-08-26T00:35:03.786+0000] {dagbag.py:540} INFO - Filling up the DagBag from /home/airflow/.local/lib/python3.8/site-packages/airflow/example_dags/example_short_circuit_decorator.py
[2026-08-26T00:35:03.806+0000] {processor.py:840} INFO - DAG(s) 'example_short_circuit_decorator' retrieved from /home/airflow/.local/lib/python3.8/site-packages/airflow/example_dags/example_short_circuit_decorator.py
[2026-08-26T00:35:03.961+0000] {logging_mixin.py:188} INFO - [2026-08-26T00:35:03.961+0000] {dag.py:3047} INFO - Sync 1 DAGs
[2026-08-26T00:35:03.983+0000] {logging_mixin.py:188} INFO - [2026-08-26T00:35:03.983+0000] {dag.py:3834} INFO - Setting next_dagrun for example_short_circuit_decorator to 2026-08-25 00:00:00+00:00, run_after=2026-08-26 00:00:00+00:00
[2026-08-26T00:35:04.007+0000] {processor.py:183} INFO - Processing /home/airflow/.local/lib/python3.8/site-packages/airflow/example_dags/example_short_circuit_decorator.py took 0.236 seconds
[2026-08-26T00:35:34.688+0000] {processor.py:161} INFO - Started process (PID=217) to work on /home/airflow/.local/lib/python3.8/site-packages/airflow/example_dags/example_short_circuit_decorator.py
[2026-08-26T00:35:34.689+0000] {processor.py:830} INFO - Processing file /home/airflow/.local/lib/python3.8/site-packages/airflow/example_dags/example_short_circuit_decorator.py for tasks to queue
[2026-08-26T00:35:34.691+0000] {logging_mixin.py:188} INFO - [2026-08-26T00:35:34.691+0000] {dagbag.py:540} INFO - Filling up the DagBag from /home/airflow/.local/lib/python3.8/site-packages/airflow/example_dags/example_short_circuit_decorator.py
[2026-08-26T00:35:34.702+0000] {processor.py:840} INFO - DAG(s) 'example_short_circuit_decorator' retrieved from /home/airflow/.local/lib/python3.8/site-packages/airflow/example_dags/example_short_circuit_decorator.py
[2026-08-26T00:35:34.734+0000] {logging_mixin.py:188} INFO - [2026-08-26T00:35:34.734+0000] {dag.py:3047} INFO - Sync 1 DAGs
[2026-08-26T00:35:34.778+0000] {logging_mixin.py:188} INFO - [2026-08-26T00:35:34.778+0000] {dag.py:3834} INFO - Setting next_dagrun for example_short_circuit_decorator to 2026-08-25 00:00:00+00:00, run_after=2026-08-26 00:00:00+00:00
[2026-08-26T00:35:34.809+0000] {processor.py:183} INFO - Processing /home/airflow/.local/lib/python3.8/site-packages/airflow/example_dags/example_short_circuit_decorator.py took 0.125 seconds
[2026-08-26T00:36:05.308+0000] {processor.py:161} INFO - Started process (PID=274) to work on /home/airflow/.local/lib/python3.8/site-packages/airflow/example_dags/example_short_circuit_decorator.py
[2026-08-26T00:36:05.310+0000] {processor.py:830} INFO - Processing file /home/airflow/.local/lib/python3.8/site-packages/airflow/example_dags/example_short_circuit_decorator.py for tasks to queue
[2026-08-26T00:36:05.313+0000] {logging_mixin.py:188} INFO - [2026-08-26T00:36:05.312+0000] {dagbag.py:540} INFO - Filling up the DagBag from /home/airflow/.local/lib/python3.8/site-packages/airflow/example_dags/example_short_circuit_decorator.py
[2026-08-26T00:36:05.331+0000] {processor.py:840} INFO - DAG(s) 'example_short_circuit_decorator' retrieved from /home/airflow/.local/lib/python3.8/site-packages/airflow/example_dags/example_short_circuit_decorator.py
[2026-08-26T00:36:05.360+0000] {logging_mixin.py:188} INFO - [2026-08-26T00:36:05.359+0000] {dag.py:3047} INFO - Sync 1 DAGs
[2026-08-26T00:36:05.389+0000] {logging_mixin.py:188} INFO - [2026-08-26T00:36:05.388+0000] {dag.py:3834} INFO - Setting next_dagrun for example_short_circuit_decorator to 2026-08-25 00:00:00+00:00, run_after=2026-08-26 00:00:00+00:00
[2026-08-26T00:36:05.411+0000] {processor.py:183} INFO - Processing /home/airflow/.local/lib/python3.8/site-packages/airflow/example_dags/example_short_circuit_decorator.py took 0.108 seconds
[2026-08-26T00:36:35.618+0000] {processor.py:161} INFO - Started process (PID=331) to work on /home/airflow/.local/lib/python3.8/site-packages/airflow/example_dags/example_short_circuit_decorator.py
[2026-08-26T00:36:35.620+0000] {processor.py:830} INFO - Processing file /home/airflow/.local/lib/python3.8/site-packages/airflow/example_dags/example_short_circuit_decorator.py for tasks to queue
[2026-08-26T00:36:35.623+0000] {logging_mixin.py:188} INFO - [2026-08-26T00:36:35.623+0000] {dagbag.py:540} INFO - Filling up the DagBag from /home/airflow/.local/lib/python3.8/site-packages/airflow/example_dags/example_short_circuit_decorator.py
[2026-08-26T00:36:35.633+0000] {processor.py:840} INFO - DAG(s) 'example_short_circuit_decorator' retrieved from /home/airflow/.local/lib/python3.8/site-packages/airflow/example_dags/example_short_circuit_decorator.py
[2026-08-26T00:36:35.661+0000] {logging_mixin.py:188} INFO - [2026-08-26T00:36:35.661+0000] {dag.py:3047} INFO - Sync 1 DAGs
[2026-08-26T00:36:35.688+0000] {logging_mixin.py:188} INFO - [2026-08-26T00:36:35.688+0000] {dag.py:3834} INFO - Setting next_dagrun for example_short_circuit_decorator to 2026-08-25 00:00:00+00:00, run_after=2026-08-26 00:00:00+00:00
[2026-08-26T00:36:35.713+0000] {processor.py:183} INFO - Processing /home/airflow/.local/lib/python3.8/site-packages/airflow/example_dags/example_short_circuit_decorator.py took 0.100 seconds
[2026-08-26T00:37:06.031+0000] {processor.py:161} INFO - Started process (PID=388) to work on /home/airflow/.local/lib/python3.8/site-packages/airflow/example_dags/example_short_circuit_decorator.py
[2026-08-26T00:37:06.034+0000] {processor.py:830} INFO - Processing file /home/airflow/.local/lib/python3.8/site-packages/airflow/example_dags/example_short_circuit_decorator.py for tasks to queue
[2026-08-26T00:37:06.038+0000] {logging_mixin.py:188} INFO - [2026-08-26T00:37:06.037+0000] {dagbag.py:540} INFO - Filling up the DagBag from /home/airflow/.local/lib/python3.8/site-packages/airflow/example_dags/example_short_circuit_decorator.py
[2026-08-26T00:37:06.052+0000] {processor.py:840} INFO - DAG(s) 'example_short_circuit_decorator' retrieved from /home/airflow/.local/lib/python3.8/site-packages/airflow/example_dags/example_short_circuit_decorator.py
[2026-08-26T00:37:06.085+0000] {logging_mixin.py:188} INFO - [2026-08-26T00:37:06.085+0000] {dag.py:3047} INFO - Sync 1 DAGs
[2026-08-26T00:37:06.114+0000] {logging_mixin.py:188} INFO - [2026-08-26T00:37:06.114+0000] {dag.py:3834} INFO - Setting next_dagrun for example_short_circuit_decorator to 2026-08-25 00:00:00+00:00, run_after=2026-08-26 00:00:00+00:00
[2026-08-26T00:37:06.140+0000] {processor.py:183} INFO - Processing /home/airflow/.local/lib/python3.8/site-packages/airflow/example_dags/example_short_circuit_decorator.py took 0.116 seconds
[2026-08-26T00:37:36.558+0000] {processor.py:161} INFO - Started process (PID=445) to work on /home/airflow/.local/lib/python3.8/site-packages/airflow/example_dags/example_short_circuit_decorator.py
[2026-08-26T00:37:36.561+0000] {processor.py:830} INFO - Processing file /home/airflow/.local/lib/python3.8/site-packages/airflow/example_dags/example_short_circuit_decorator.py for tasks to queue
[2026-08-26T00:37:36.563+0000] {logging_mixin.py:188} INFO - [2026-08-26T00:37:36.563+0000] {dagbag.py:540} INFO - Filling up the DagBag from /home/airflow/.local/lib/python3.8/site-packages/airflow/example_dags/example_short_circuit_decorator.py
[2026-08-26T00:37:36.578+0000] {processor.py:840} INFO - DAG(s) 'example_short_circuit_decorator' retrieved from /home/airflow/.local/lib/python3.8/site-packages/airflow/example_dags/example_short_circuit_decorator.py
[2026-08-26T00:37:36.608+0000] {logging_mixin.py:188} INFO - [2026-08-26T00:37:36.608+0000] {dag.py:3047} INFO - Sync 1 DAGs
[2026-08-26T00:37:36.638+0000] {logging_mixin.py:188} INFO - [2026-08-26T00:37:36.638+0000] {dag.py:3834} INFO - Setting next_dagrun for example_short_circuit_decorator to 2026-08-25 00:00:00+00:00, run_after=2026-08-26 00:00:00+00:00
[2026-08-26T00:37:36.663+0000] {processor.py:183} INFO - Processing /home/airflow/.local/lib/python3.8/site-packages/airflow/example_dags/example_short_circuit_decorator.py took 0.112 seconds
[2026-08-26T00:38:06.902+0000] {processor.py:161} INFO - Started process (PID=506) to work on /home/airflow/.local/lib/python3.8/site-packages/airflow/example_dags/example_short_circuit_decorator.py
[2026-08-26T00:38:06.904+0000] {processor.py:830} INFO - Processing file /home/airflow/.local/lib/python3.8/site-packages/airflow/example_dags/example_short_circuit_decorator.py for tasks to queue
[2026-08-26T00:38:06.907+0000] {logging_mixin.py:188} INFO - [2026-08-26T00:38:06.907+0000] {dagbag.py:540} INFO - Filling up the DagBag from /home/airflow/.local/lib/python3.8/site-packages/airflow/example_dags/example_short_circuit_decorator.py
[2026-08-26T00:38:06.923+0000] {processor.py:840} INFO - DAG(s) 'example_short_circuit_decorator' retrieved from /home/airflow/.local/lib/python3.8/site-packages/airflow/example_dags/example_short_circuit_decorator.py
[2026-08-26T00:38:06.952+0000] {logging_mixin.py:188} INFO - [2026-08-26T00:38:06.952+0000] {dag.py:3047} INFO - Sync 1 DAGs
[2026-08-26T00:38:06.988+0000] {logging_mixin.py:188} INFO - [2026-08-26T00:38:06.987+0000] {dag.py:3834} INFO - Setting next_dagrun for example_short_circuit_decorator to 2026-08-25 00:00:00+00:00, run_after=2026-08-26 00:00:00+00:00
[2026-08-26T00:38:07.010+0000] {processor.py:183} INFO - Processing /home/airflow/.local/lib/python3.8/site-packages/airflow/example_dags/example_short_circuit_decorator.py took 0.116 seconds
[2026-08-26T00:38:37.922+0000] {processor.py:161} INFO - Started process (PID=563) to work on /home/airflow/.local/lib/python3.8/site-packages/airflow/example_dags/example_short_circuit_decorator.py
[2026-08-26T00:38:37.925+0000] {processor.py:830} INFO - Processing file /home/airflow/.local/lib/python3.8/site-packages/airflow/example_dags/example_short_circuit_decorator.py for tasks to queue
[2026-08-26T00:38:37.929+0000] {logging_mixin.py:188} INFO - [2026-08-26T00:38:37.929+0000] {dagbag.py:540} INFO - Filling up the DagBag from /home/airflow/.local/lib/python3.8/site-packages/airflow/example_dags/example_short_circuit_decorator.py
[2026-08-26T00:38:37.944+0000] {processor.py:840} INFO - DAG(s) 'example_short_circuit_decorator' retrieved from /home/airflow/.local/lib/python3.8/site-packages/airflow/example_dags/example_short_circuit_decorator.py
[2026-08-26T00:38:37.980+0000] {logging_mixin.py:188} INFO - [2026-08-26T00:38:37.980+0000] {dag.py:3047} INFO - Sync 1 DAGs
[2026-08-26T00:38:38.009+0000] {logging_mixin.py:188} INFO - [2026-08-26T00:38:38.009+0000] {dag.py:3834} INFO - Setting next_dagrun for example_short_circuit_decorator to 2026-08-25 00:00:00+00:00, run_after=2026-08-26 00:00:00+00:00
[2026-08-26T00:38:38.038+0000] {processor.py:183} INFO - Processing /home/airflow/.local/lib/python3.8/site-packages/airflow/example_dags/example_short_circuit_decorator.py took 0.123 seconds
[2026-08-26T00:39:08.447+0000] {processor.py:161} INFO - Started process (PID=620) to work on /home/airflow/.local/lib/python3.8/site-packages/airflow/example_dags/example_short_circuit_decorator.py
[2026-08-26T00:39:08.449+0000] {processor.py:830} INFO - Processing file /home/airflow/.local/lib/python3.8/site-packages/airflow/example_dags/example_short_circuit_decorator.py for tasks to queue
[2026-08-26T00:39:08.452+0000] {logging_mixin.py:188} INFO - [2026-08-26T00:39:08.451+0000] {dagbag.py:540} INFO - Filling up the DagBag from /home/airflow/.local/lib/python3.8/site-packages/airflow/example_dags/example_short_circuit_decorator.py
[2026-08-26T00:39:08.468+0000] {processor.py:840} INFO - DAG(s) 'example_short_circuit_decorator' retrieved from /home/airflow/.local/lib/python3.8/site-packages/airflow/example_dags/example_short_circuit_decorator.py
[2026-08-26T00:39:08.502+0000] {logging_mixin.py:188} INFO - [2026-08-26T00:39:08.502+0000] {dag.py:3047} INFO - Sync 1 DAGs
[2026-08-26T00:39:08.537+0000] {logging_mixin.py:188} INFO - [2026-08-26T00:39:08.537+0000] {dag.py:3834} INFO - Setting next_dagrun for example_short_circuit_decorator to 2026-08-25 00:00:00+00:00, run_after=2026-08-26 00:00:00+00:00
[2026-08-26T00:39:08.565+0000] {processor.py:183} INFO - Processing /home/airflow/.local/lib/python3.8/site-packages/airflow/example_dags/example_short_circuit_decorator.py took 0.124 seconds
[2026-08-26T00:39:38.885+0000] {processor.py:161} INFO - Started process (PID=676) to work on /home/airflow/.local/lib/python3.8/site-packages/airflow/example_dags/example_short_circuit_decorator.py
[2026-08-26T00:39:38.886+0000] {processor.py:830} INFO - Processing file /home/airflow/.local/lib/python3.8/site-packages/airflow/example_dags/example_short_circuit_decorator.py for tasks to queue
[2026-08-26T00:39:38.890+0000] {logging_mixin.py:188} INFO - [2026-08-26T00:39:38.889+0000] {dagbag.py:540} INFO - Filling up the DagBag from /home/airflow/.local/lib/python3.8/site-packages/airflow/example_dags/example_short_circuit_decorator.py
[2026-08-26T00:39:38.902+0000] {processor.py:840} INFO - DAG(s) 'example_short_circuit_decorator' retrieved from /home/airflow/.local/lib/python3.8/site-packages/airflow/example_dags/example_short_circuit_decorator.py
[2026-08-26T00:39:38.932+0000] {logging_mixin.py:188} INFO - [2026-08-26T00:39:38.931+0000] {dag.py:3047} INFO - Sync 1 DAGs
[2026-08-26T00:39:38.962+0000] {logging_mixin.py:188} INFO - [2026-08-26T00:39:38.962+0000] {dag.py:3834} INFO - Setting next_dagrun for example_short_circuit_decorator to 2026-08-25 00:00:00+00:00, run_after=2026-08-26 00:00:00+00:00
[2026-08-26T00:39:38.984+0000] {processor.py:183} INFO - Processing /home/airflow/.local/lib/python3.8/site-packages/airflow/example_dags/example_short_circuit_decorator.py took 0.103 seconds
[2026-08-26T00:40:10.350+0000] {processor.py:161} INFO - Started process (PID=733) to work on /home/airflow/.local/lib/python3.8/site-packages/airflow/example_dags/example_short_circuit_decorator.py
[2026-08-26T00:40:10.352+0000] {processor.py:830} INFO - Processing file /home/airflow/.local/lib/python3.8/site-packages/airflow/example_dags/example_short_circuit_decorator.py for tasks to queue
[2026-08-26T00:40:10.356+0000] {logging_mixin.py:188} INFO - [2026-08-26T00:40:10.355+0000] {dagbag.py:540} INFO - Filling up the DagBag from /home/airflow/.local/lib/python3.8/site-packages/airflow/example_dags/example_short_circuit_decorator.py
[2026-08-26T00:40:10.386+0000] {processor.py:840} INFO - DAG(s) 'example_short_circuit_decorator' retrieved from /home/airflow/.local/lib/python3.8/site-packages/airflow/example_dags/example_short_circuit_decorator.py
[2026-08-26T00:40:10.439+0000] {logging_mixin.py:188} INFO - [2026-08-26T00:40:10.439+0000] {dag.py:3047} INFO - Sync 1 DAGs
[2026-08-26T00:40:10.485+0000] {logging_mixin.py:188} INFO - [2026-08-26T00:40:10.485+0000] {dag.py:3834} INFO - Setting next_dagrun for example_short_circuit_decorator to 2026-08-25 00:00:00+00:00, run_after=2026-08-26 00:00:00+00:00
[2026-08-26T00:40:10.546+0000] {processor.py:183} INFO - Processing /home/airflow/.local/lib/python3.8/site-packages/airflow/example_dags/example_short_circuit_decorator.py took 0.202 seconds
[2026-08-26T00:40:41.070+0000] {processor.py:161} INFO - Started process (PID=791) to work on /home/airflow/.local/lib/python3.8/site-packages/airflow/example_dags/example_short_circuit_decorator.py
[2026-08-26T00:40:41.075+0000] {processor.py:830} INFO - Processing file /home/airflow/.local/lib/python3.8/site-packages/airflow/example_dags/example_short_circuit_decorator.py for tasks to queue
[2026-08-26T00:40:41.078+0000] {logging_mixin.py:188} INFO - [2026-08-26T00:40:41.077+0000] {dagbag.py:540} INFO - Filling up the DagBag from /home/airflow/.local/lib/python3.8/site-packages/airflow/example_dags/example_short_circuit_decorator.py
[2026-08-26T00:40:41.094+0000] {processor.py:840} INFO - DAG(s) 'example_short_circuit_decorator' retrieved from /home/airflow/.local/lib/python3.8/site-packages/airflow/example_dags/example_short_circuit_decorator.py
[2026-08-26T00:40:41.130+0000] {logging_mixin.py:188} INFO - [2026-08-26T00:40:41.130+0000] {dag.py:3047} INFO - Sync 1 DAGs
[2026-08-26T00:40:41.197+0000] {logging_mixin.py:188} INFO - [2026-08-26T00:40:41.197+0000] {dag.py:3834} INFO - Setting next_dagrun for example_short_circuit_decorator to 2026-08-25 00:00:00+00:00, run_after=2026-08-26 00:00:00+00:00
[2026-08-26T00:40:41.230+0000] {processor.py:183} INFO - Processing /home/airflow/.local/lib/python3.8/site-packages/airflow/example_dags/example_short_circuit_decorator.py took 0.164 seconds
[2026-08-26T00:41:11.719+0000] {processor.py:161} INFO - Started process (PID=848) to work on /home/airflow/.local/lib/python3.8/site-packages/airflow/example_dags/example_short_circuit_decorator.py
[2026-08-26T00:41:11.721+0000] {processor.py:830} INFO - Processing file /home/airflow/.local/lib/python3.8/site-packages/airflow/example_dags/example_short_circuit_decorator.py for tasks to queue
[2026-08-26T00:41:11.725+0000] {logging_mixin.py:188} INFO - [2026-08-26T00:41:11.724+0000] {dagbag.py:540} INFO - Filling up the DagBag from /home/airflow/.local/lib/python3.8/site-packages/airflow/example_dags/example_short_circuit_decorator.py
[2026-08-26T00:41:11.738+0000] {processor.py:840} INFO - DAG(s) 'example_short_circuit_decorator' retrieved from /home/airflow/.local/lib/python3.8/site-packages/airflow/example_dags/example_short_circuit_decorator.py
[2026-08-26T00:41:11.774+0000] {logging_mixin.py:188} INFO - [2026-08-26T00:41:11.774+0000] {dag.py:3047} INFO - Sync 1 DAGs
[2026-08-26T00:41:11.807+0000] {logging_mixin.py:188} INFO - [2026-08-26T00:41:11.807+0000] {dag.py:3834} INFO - Setting next_dagrun for example_short_circuit_decorator to 2026-08-25 00:00:00+00:00, run_after=2026-08-26 00:00:00+00:00
[2026-08-26T00:41:11.883+0000] {processor.py:183} INFO - Processing /home/airflow/.local/lib/python3.8/site-packages/airflow/example_dags/example_short_circuit_decorator.py took 0.168 seconds
[2026-08-26T00:41:42.493+0000] {processor.py:161} INFO - Started process (PID=905) to work on /home/airflow/.local/lib/python3.8/site-packages/airflow/example_dags/example_short_circuit_decorator.py
[2026-08-26T00:41:42.495+0000] {processor.py:830} INFO - Processing file /home/airflow/.local/lib/python3.8/site-packages/airflow/example_dags/example_short_circuit_decorator.py for tasks to queue
[2026-08-26T00:41:42.501+0000] {logging_mixin.py:188} INFO - [2026-08-26T00:41:42.500+0000] {dagbag.py:540} INFO - Filling up the DagBag from /home/airflow/.local/lib/python3.8/site-packages/airflow/example_dags/example_short_circuit_decorator.py
[2026-08-26T00:41:42.517+0000] {processor.py:840} INFO - DAG(s) 'example_short_circuit_decorator' retrieved from /home/airflow/.local/lib/python3.8/site-packages/airflow/example_dags/example_short_circuit_decorator.py
[2026-08-26T00:41:42.556+0000] {logging_mixin.py:188} INFO - [2026-08-26T00:41:42.555+0000] {dag.py:3047} INFO - Sync 1 DAGs
[2026-08-26T00:41:42.588+0000] {logging_mixin.py:188} INFO - [2026-08-26T00:41:42.588+0000] {dag.py:3834} INFO - Setting next_dagrun for example_short_circuit_decorator to 2026-08-25 00:00:00+00:00, run_after=2026-08-26 00:00:00+00:00
[2026-08-26T00:41:42.610+0000] {processor.py:183} INFO - Processing /home/airflow/.local/lib/python3.8/site-packages/airflow/example_dags/example_short_circuit_decorator.py took 0.123 seconds
[2026-08-26T00:42:13.151+0000] {processor.py:161} INFO - Started process (PID=962) to work on /home/airflow/.local/lib/python3.8/site-packages/airflow/example_dags/example_short_circuit_decorator.py
[2026-08-26T00:42:13.153+0000] {processor.py:830} INFO - Processing file /home/airflow/.local/lib/python3.8/site-packages/airflow/example_dags/example_short_circuit_decorator.py for tasks to queue
[2026-08-26T00:42:13.156+0000] {logging_mixin.py:188} INFO - [2026-08-26T00:42:13.155+0000] {dagbag.py:540} INFO - Filling up the DagBag from /home/airflow/.local/lib/python3.8/site-packages/airflow/example_dags/example_short_circuit_decorator.py
[2026-08-26T00:42:13.171+0000] {processor.py:840} INFO - DAG(s) 'example_short_circuit_decorator' retrieved from /home/airflow/.local/lib/python3.8/site-packages/airflow/example_dags/example_short_circuit_decorator.py
[2026-08-26T00:42:13.205+0000] {logging_mixin.py:188} INFO - [2026-08-26T00:42:13.205+0000] {dag.py:3047} INFO - Sync 1 DAGs
[2026-08-26T00:42:13.235+0000] {logging_mixin.py:188} INFO - [2026-08-26T00:42:13.235+0000] {dag.py:3834} INFO - Setting next_dagrun for example_short_circuit_decorator to 2026-08-25 00:00:00+00:00, run_after=2026-08-26 00:00:00+00:00
[2026-08-26T00:42:13.275+0000] {processor.py:183} INFO - Processing /home/airflow/.local/lib/python3.8/site-packages/airflow/example_dags/example_short_circuit_decorator.py took 0.128 seconds
[2026-08-26T00:42:43.465+0000] {processor.py:161} INFO - Started process (PID=1019) to work on /home/airflow/.local/lib/python3.8/site-packages/airflow/example_dags/example_short_circuit_decorator.py
[2026-08-26T00:42:43.467+0000] {processor.py:830} INFO - Processing file /home/airflow/.local/lib/python3.8/site-packages/airflow/example_dags/example_short_circuit_decorator.py for tasks to queue
[2026-08-26T00:42:43.470+0000] {logging_mixin.py:188} INFO - [2026-08-26T00:42:43.470+0000] {dagbag.py:540} INFO - Filling up the DagBag from /home/airflow/.local/lib/python3.8/site-packages/airflow/example_dags/example_short_circuit_decorator.py
[2026-08-26T00:42:43.482+0000] {processor.py:840} INFO - DAG(s) 'example_short_circuit_decorator' retrieved from /home/airflow/.local/lib/python3.8/site-packages/airflow/example_dags/example_short_circuit_decorator.py
[2026-08-26T00:42:43.512+0000] {logging_mixin.py:188} INFO - [2026-08-26T00:42:43.512+0000] {dag.py:3047} INFO - Sync 1 DAGs
[2026-08-26T00:42:43.538+0000] {logging_mixin.py:188} INFO - [2026-08-26T00:42:43.538+0000] {dag.py:3834} INFO - Setting next_dagrun for example_short_circuit_decorator to 2026-08-25 00:00:00+00:00, run_after=2026-08-26 00:00:00+00:00
[2026-08-26T00:42:43.565+0000] {processor.py:183} INFO - Processing /home/airflow/.local/lib/python3.8/site-packages/airflow/example_dags/example_short_circuit_decorator.py took 0.105 seconds
[2026-08-26T00:43:13.625+0000] {processor.py:161} INFO - Started process (PID=1074) to work on /home/airflow/.local/lib/python3.8/site-packages/airflow/example_dags/example_short_circuit_decorator.py
[2026-08-26T00:43:13.627+0000] {processor.py:830} INFO - Processing file /home/airflow/.local/lib/python3.8/site-packages/airflow/example_dags/example_short_circuit_decorator.py for tasks to queue
[2026-08-26T00:43:13.629+0000] {logging_mixin.py:188} INFO - [2026-08-26T00:43:13.629+0000] {dagbag.py:540} INFO - Filling up the DagBag from /home/airflow/.local/lib/python3.8/site-packages/airflow/example_dags/example_short_circuit_decorator.py
[2026-08-26T00:43:13.643+0000] {processor.py:840} INFO - DAG(s) 'example_short_circuit_decorator' retrieved from /home/airflow/.local/lib/python3.8/site-packages/airflow/example_dags/example_short_circuit_decorator.py
[2026-08-26T00:43:13.673+0000] {logging_mixin.py:188} INFO - [2026-08-26T00:43:13.673+0000] {dag.py:3047} INFO - Sync 1 DAGs
[2026-08-26T00:43:13.701+0000] {logging_mixin.py:188} INFO - [2026-08-26T00:43:13.701+0000] {dag.py:3834} INFO - Setting next_dagrun for example_short_circuit_decorator to 2026-08-25 00:00:00+00:00, run_after=2026-08-26 00:00:00+00:00
[2026-08-26T00:43:13.728+0000] {processor.py:183} INFO - Processing /home/airflow/.local/lib/python3.8/site-packages/airflow/example_dags/example_short_circuit_decorator.py took 0.109 seconds
[2026-08-26T00:44:32.477+0000] {processor.py:161} INFO - Started process (PID=92) to work on /home/airflow/.local/lib/python3.8/site-packages/airflow/example_dags/example_short_circuit_decorator.py
[2026-08-26T00:44:32.479+0000] {processor.py:830} INFO - Processing file /home/airflow/.local/lib/python3.8/site-packages/airflow/example_dags/example_short_circuit_decorator.py for tasks to queue
[2026-08-26T00:44:32.482+0000] {logging_mixin.py:188} INFO - [2026-08-26T00:44:32.481+0000] {dagbag.py:540} INFO - Filling up the DagBag from /home/airflow/.local/lib/python3.8/site-packages/airflow/example_dags/example_short_circuit_decorator.py
[2026-08-26T00:44:32.497+0000] {processor.py:840} INFO - DAG(s) 'example_short_circuit_decorator' retrieved from /home/airflow/.local/lib/python3.8/site-packages/airflow/example_dags/example_short_circuit_decorator.py
[2026-08-26T00:44:32.751+0000] {logging_mixin.py:188} INFO - [2026-08-26T00:44:32.751+0000] {dag.py:3047} INFO - Sync 1 DAGs
[2026-08-26T00:44:32.852+0000] {logging_mixin.py:188} INFO - [2026-08-26T00:44:32.851+0000] {dag.py:3834} INFO - Setting next_dagrun for example_short_circuit_decorator to 2026-08-25 00:00:00+00:00, run_after=2026-08-26 00:00:00+00:00
[2026-08-26T00:44:32.961+0000] {processor.py:183} INFO - Processing /home/airflow/.local/lib/python3.8/site-packages/airflow/example_dags/example_short_circuit_decorator.py took 0.488 seconds
[2026-08-26T00:45:03.311+0000] {processor.py:161} INFO - Started process (PID=150) to work on /home/airflow/.local/lib/python3.8/site-packages/airflow/example_dags/example_short_circuit_decorator.py
[2026-08-26T00:45:03.313+0000] {processor.py:830} INFO - Processing file /home/airflow/.local/lib/python3.8/site-packages/airflow/example_dags/example_short_circuit_decorator.py for tasks to queue
[2026-08-26T00:45:03.317+0000] {logging_mixin.py:188} INFO - [2026-08-26T00:45:03.316+0000] {dagbag.py:540} INFO - Filling up the DagBag from /home/airflow/.local/lib/python3.8/site-packages/airflow/example_dags/example_short_circuit_decorator.py
[2026-08-26T00:45:03.329+0000] {processor.py:840} INFO - DAG(s) 'example_short_circuit_decorator' retrieved from /home/airflow/.local/lib/python3.8/site-packages/airflow/example_dags/example_short_circuit_decorator.py
[2026-08-26T00:45:03.356+0000] {logging_mixin.py:188} INFO - [2026-08-26T00:45:03.356+0000] {dag.py:3047} INFO - Sync 1 DAGs
[2026-08-26T00:45:03.381+0000] {logging_mixin.py:188} INFO - [2026-08-26T00:45:03.381+0000] {dag.py:3834} INFO - Setting next_dagrun for example_short_circuit_decorator to 2026-08-25 00:00:00+00:00, run_after=2026-08-26 00:00:00+00:00
[2026-08-26T00:45:03.502+0000] {processor.py:183} INFO - Processing /home/airflow/.local/lib/python3.8/site-packages/airflow/example_dags/example_short_circuit_decorator.py took 0.196 seconds
[2026-08-26T00:45:35.589+0000] {processor.py:161} INFO - Started process (PID=208) to work on /home/airflow/.local/lib/python3.8/site-packages/airflow/example_dags/example_short_circuit_decorator.py
[2026-08-26T00:45:35.591+0000] {processor.py:830} INFO - Processing file /home/airflow/.local/lib/python3.8/site-packages/airflow/example_dags/example_short_circuit_decorator.py for tasks to queue
[2026-08-26T00:45:35.600+0000] {logging_mixin.py:188} INFO - [2026-08-26T00:45:35.599+0000] {dagbag.py:540} INFO - Filling up the DagBag from /home/airflow/.local/lib/python3.8/site-packages/airflow/example_dags/example_short_circuit_decorator.py
[2026-08-26T00:45:35.627+0000] {processor.py:840} INFO - DAG(s) 'example_short_circuit_decorator' retrieved from /home/airflow/.local/lib/python3.8/site-packages/airflow/example_dags/example_short_circuit_decorator.py
[2026-08-26T00:45:35.683+0000] {logging_mixin.py:188} INFO - [2026-08-26T00:45:35.683+0000] {dag.py:3047} INFO - Sync 1 DAGs
[2026-08-26T00:45:35.768+0000] {logging_mixin.py:188} INFO - [2026-08-26T00:45:35.768+0000] {dag.py:3834} INFO - Setting next_dagrun for example_short_circuit_decorator to 2026-08-25 00:00:00+00:00, run_after=2026-08-26 00:00:00+00:00
[2026-08-26T00:45:35.961+0000] {processor.py:183} INFO - Processing /home/airflow/.local/lib/python3.8/site-packages/airflow/example_dags/example_short_circuit_decorator.py took 0.380 seconds
[2026-08-26T00:46:06.087+0000] {processor.py:161} INFO - Started process (PID=265) to work on /home/airflow/.local/lib/python3.8/site-packages/airflow/example_dags/example_short_circuit_decorator.py
[2026-08-26T00:46:06.089+0000] {processor.py:830} INFO - Processing file /home/airflow/.local/lib/python3.8/site-packages/airflow/example_dags/example_short_circuit_decorator.py for tasks to queue
[2026-08-26T00:46:06.093+0000] {logging_mixin.py:188} INFO - [2026-08-26T00:46:06.092+0000] {dagbag.py:540} INFO - Filling up the DagBag from /home/airflow/.local/lib/python3.8/site-packages/airflow/example_dags/example_short_circuit_decorator.py
[2026-08-26T00:46:06.111+0000] {processor.py:840} INFO - DAG(s) 'example_short_circuit_decorator' retrieved from /home/airflow/.local/lib/python3.8/site-packages/airflow/example_dags/example_short_circuit_decorator.py
[2026-08-26T00:46:06.141+0000] {logging_mixin.py:188} INFO - [2026-08-26T00:46:06.141+0000] {dag.py:3047} INFO - Sync 1 DAGs
[2026-08-26T00:46:06.179+0000] {logging_mixin.py:188} INFO - [2026-08-26T00:46:06.179+0000] {dag.py:3834} INFO - Setting next_dagrun for example_short_circuit_decorator to 2026-08-25 00:00:00+00:00, run_after=2026-08-26 00:00:00+00:00
[2026-08-26T00:46:06.343+0000] {processor.py:183} INFO - Processing /home/airflow/.local/lib/python3.8/site-packages/airflow/example_dags/example_short_circuit_decorator.py took 0.261 seconds
[2026-08-26T00:46:36.866+0000] {processor.py:161} INFO - Started process (PID=322) to work on /home/airflow/.local/lib/python3.8/site-packages/airflow/example_dags/example_short_circuit_decorator.py
[2026-08-26T00:46:36.868+0000] {processor.py:830} INFO - Processing file /home/airflow/.local/lib/python3.8/site-packages/airflow/example_dags/example_short_circuit_decorator.py for tasks to queue
[2026-08-26T00:46:36.870+0000] {logging_mixin.py:188} INFO - [2026-08-26T00:46:36.870+0000] {dagbag.py:540} INFO - Filling up the DagBag from /home/airflow/.local/lib/python3.8/site-packages/airflow/example_dags/example_short_circuit_decorator.py
[2026-08-26T00:46:36.882+0000] {processor.py:840} INFO - DAG(s) 'example_short_circuit_decorator' retrieved from /home/airflow/.local/lib/python3.8/site-packages/airflow/example_dags/example_short_circuit_decorator.py
[2026-08-26T00:46:36.936+0000] {logging_mixin.py:188} INFO - [2026-08-26T00:46:36.936+0000] {dag.py:3047} INFO - Sync 1 DAGs
[2026-08-26T00:46:36.962+0000] {logging_mixin.py:188} INFO - [2026-08-26T00:46:36.962+0000] {dag.py:3834} INFO - Setting next_dagrun for example_short_circuit_decorator to 2026-08-25 00:00:00+00:00, run_after=2026-08-26 00:00:00+00:00
[2026-08-26T00:46:37.023+0000] {processor.py:183} INFO - Processing /home/airflow/.local/lib/python3.8/site-packages/airflow/example_dags/example_short_circuit_decorator.py took 0.161 seconds
[2026-08-26T00:47:22.482+0000] {processor.py:161} INFO - Started process (PID=379) to work on /home/airflow/.local/lib/python3.8/site-packages/airflow/example_dags/example_short_circuit_decorator.py
[2026-08-26T00:47:22.484+0000] {processor.py:830} INFO - Processing file /home/airflow/.local/lib/python3.8/site-packages/airflow/example_dags/example_short_circuit_decorator.py for tasks to queue
[2026-08-26T00:47:22.487+0000] {logging_mixin.py:188} INFO - [2026-08-26T00:47:22.487+0000] {dagbag.py:540} INFO - Filling up the DagBag from /home/airflow/.local/lib/python3.8/site-packages/airflow/example_dags/example_short_circuit_decorator.py
[2026-08-26T00:47:22.498+0000] {processor.py:840} INFO - DAG(s) 'example_short_circuit_decorator' retrieved from /home/airflow/.local/lib/python3.8/site-packages/airflow/example_dags/example_short_circuit_decorator.py
[2026-08-26T00:47:22.532+0000] {logging_mixin.py:188} INFO - [2026-08-26T00:47:22.531+0000] {dag.py:3047} INFO - Sync 1 DAGs
[2026-08-26T00:47:22.559+0000] {logging_mixin.py:188} INFO - [2026-08-26T00:47:22.559+0000] {dag.py:3834} INFO - Setting next_dagrun for example_short_circuit_decorator to 2026-08-25 00:00:00+00:00, run_after=2026-08-26 00:00:00+00:00
[2026-08-26T00:47:22.583+0000] {processor.py:183} INFO - Processing /home/airflow/.local/lib/python3.8/site-packages/airflow/example_dags/example_short_circuit_decorator.py took 0.104 seconds
[2026-08-26T00:47:53.902+0000] {processor.py:161} INFO - Started process (PID=436) to work on /home/airflow/.local/lib/python3.8/site-packages/airflow/example_dags/example_short_circuit_decorator.py
[2026-08-26T00:47:53.905+0000] {processor.py:830} INFO - Processing file /home/airflow/.local/lib/python3.8/site-packages/airflow/example_dags/example_short_circuit_decorator.py for tasks to queue
[2026-08-26T00:47:53.908+0000] {logging_mixin.py:188} INFO - [2026-08-26T00:47:53.908+0000] {dagbag.py:540} INFO - Filling up the DagBag from /home/airflow/.local/lib/python3.8/site-packages/airflow/example_dags/example_short_circuit_decorator.py
[2026-08-26T00:47:53.925+0000] {processor.py:840} INFO - DAG(s) 'example_short_circuit_decorator' retrieved from /home/airflow/.local/lib/python3.8/site-packages/airflow/example_dags/example_short_circuit_decorator.py
[2026-08-26T00:47:53.974+0000] {logging_mixin.py:188} INFO - [2026-08-26T00:47:53.974+0000] {dag.py:3047} INFO - Sync 1 DAGs
[2026-08-26T00:47:53.999+0000] {logging_mixin.py:188} INFO - [2026-08-26T00:47:53.999+0000] {dag.py:3834} INFO - Setting next_dagrun for example_short_circuit_decorator to 2026-08-25 00:00:00+00:00, run_after=2026-08-26 00:00:00+00:00
[2026-08-26T00:47:54.044+0000] {processor.py:183} INFO - Processing /home/airflow/.local/lib/python3.8/site-packages/airflow/example_dags/example_short_circuit_decorator.py took 0.147 seconds
[2026-08-26T00:48:24.493+0000] {processor.py:161} INFO - Started process (PID=494) to work on /home/airflow/.local/lib/python3.8/site-packages/airflow/example_dags/example_short_circuit_decorator.py
[2026-08-26T00:48:24.495+0000] {processor.py:830} INFO - Processing file /home/airflow/.local/lib/python3.8/site-packages/airflow/example_dags/example_short_circuit_decorator.py for tasks to queue
[2026-08-26T00:48:24.499+0000] {logging_mixin.py:188} INFO - [2026-08-26T00:48:24.498+0000] {dagbag.py:540} INFO - Filling up the DagBag from /home/airflow/.local/lib/python3.8/site-packages/airflow/example_dags/example_short_circuit_decorator.py
[2026-08-26T00:48:24.514+0000] {processor.py:840} INFO - DAG(s) 'example_short_circuit_decorator' retrieved from /home/airflow/.local/lib/python3.8/site-packages/airflow/example_dags/example_short_circuit_decorator.py
[2026-08-26T00:48:24.545+0000] {logging_mixin.py:188} INFO - [2026-08-26T00:48:24.545+0000] {dag.py:3047} INFO - Sync 1 DAGs
[2026-08-26T00:48:24.580+0000] {logging_mixin.py:188} INFO - [2026-08-26T00:48:24.579+0000] {dag.py:3834} INFO - Setting next_dagrun for example_short_circuit_decorator to 2026-08-25 00:00:00+00:00, run_after=2026-08-26 00:00:00+00:00
[2026-08-26T00:48:24.631+0000] {processor.py:183} INFO - Processing /home/airflow/.local/lib/python3.8/site-packages/airflow/example_dags/example_short_circuit_decorator.py took 0.144 seconds
[2026-08-26T00:48:54.940+0000] {processor.py:161} INFO - Started process (PID=551) to work on /home/airflow/.local/lib/python3.8/site-packages/airflow/example_dags/example_short_circuit_decorator.py
[2026-08-26T00:48:54.942+0000] {processor.py:830} INFO - Processing file /home/airflow/.local/lib/python3.8/site-packages/airflow/example_dags/example_short_circuit_decorator.py for tasks to queue
[2026-08-26T00:48:54.944+0000] {logging_mixin.py:188} INFO - [2026-08-26T00:48:54.944+0000] {dagbag.py:540} INFO - Filling up the DagBag from /home/airflow/.local/lib/python3.8/site-packages/airflow/example_dags/example_short_circuit_decorator.py
[2026-08-26T00:48:54.954+0000] {processor.py:840} INFO - DAG(s) 'example_short_circuit_decorator' retrieved from /home/airflow/.local/lib/python3.8/site-packages/airflow/example_dags/example_short_circuit_decorator.py
[2026-08-26T00:48:54.982+0000] {logging_mixin.py:188} INFO - [2026-08-26T00:48:54.982+0000] {dag.py:3047} INFO - Sync 1 DAGs
[2026-08-26T00:48:55.005+0000] {logging_mixin.py:188} INFO - [2026-08-26T00:48:55.005+0000] {dag.py:3834} INFO - Setting next_dagrun for example_short_circuit_decorator to 2026-08-25 00:00:00+00:00, run_after=2026-08-26 00:00:00+00:00
[2026-08-26T00:48:55.062+0000] {processor.py:183} INFO - Processing /home/airflow/.local/lib/python3.8/site-packages/airflow/example_dags/example_short_circuit_decorator.py took 0.126 seconds
[2026-08-26T00:49:25.681+0000] {processor.py:161} INFO - Started process (PID=614) to work on /home/airflow/.local/lib/python3.8/site-packages/airflow/example_dags/example_short_circuit_decorator.py
[2026-08-26T00:49:25.683+0000] {processor.py:830} INFO - Processing file /home/airflow/.local/lib/python3.8/site-packages/airflow/example_dags/example_short_circuit_decorator.py for tasks to queue
[2026-08-26T00:49:25.686+0000] {logging_mixin.py:188} INFO - [2026-08-26T00:49:25.686+0000] {dagbag.py:540} INFO - Filling up the DagBag from /home/airflow/.local/lib/python3.8/site-packages/airflow/example_dags/example_short_circuit_decorator.py
[2026-08-26T00:49:25.700+0000] {processor.py:840} INFO - DAG(s) 'example_short_circuit_decorator' retrieved from /home/airflow/.local/lib/python3.8/site-packages/airflow/example_dags/example_short_circuit_decorator.py
[2026-08-26T00:49:25.736+0000] {logging_mixin.py:188} INFO - [2026-08-26T00:49:25.735+0000] {dag.py:3047} INFO - Sync 1 DAGs
[2026-08-26T00:49:25.773+0000] {logging_mixin.py:188} INFO - [2026-08-26T00:49:25.773+0000] {dag.py:3834} INFO - Setting next_dagrun for example_short_circuit_decorator to 2026-08-25 00:00:00+00:00, run_after=2026-08-26 00:00:00+00:00
[2026-08-26T00:49:25.851+0000] {processor.py:183} INFO - Processing /home/airflow/.local/lib/python3.8/site-packages/airflow/example_dags/example_short_circuit_decorator.py took 0.175 seconds
[2026-08-26T00:49:56.377+0000] {processor.py:161} INFO - Started process (PID=671) to work on /home/airflow/.local/lib/python3.8/site-packages/airflow/example_dags/example_short_circuit_decorator.py
[2026-08-26T00:49:56.379+0000] {processor.py:830} INFO - Processing file /home/airflow/.local/lib/python3.8/site-packages/airflow/example_dags/example_short_circuit_decorator.py for tasks to queue
[2026-08-26T00:49:56.381+0000] {logging_mixin.py:188} INFO - [2026-08-26T00:49:56.381+0000] {dagbag.py:540} INFO - Filling up the DagBag from /home/airflow/.local/lib/python3.8/site-packages/airflow/example_dags/example_short_circuit_decorator.py
[2026-08-26T00:49:56.392+0000] {processor.py:840} INFO - DAG(s) 'example_short_circuit_decorator' retrieved from /home/airflow/.local/lib/python3.8/site-packages/airflow/example_dags/example_short_circuit_decorator.py
[2026-08-26T00:49:56.420+0000] {logging_mixin.py:188} INFO - [2026-08-26T00:49:56.420+0000] {dag.py:3047} INFO - Sync 1 DAGs
[2026-08-26T00:49:56.455+0000] {logging_mixin.py:188} INFO - [2026-08-26T00:49:56.455+0000] {dag.py:3834} INFO - Setting next_dagrun for example_short_circuit_decorator to 2026-08-25 00:00:00+00:00, run_after=2026-08-26 00:00:00+00:00
[2026-08-26T00:49:56.517+0000] {processor.py:183} INFO - Processing /home/airflow/.local/lib/python3.8/site-packages/airflow/example_dags/example_short_circuit_decorator.py took 0.144 seconds
[2026-08-26T00:50:28.311+0000] {processor.py:161} INFO - Started process (PID=728) to work on /home/airflow/.local/lib/python3.8/site-packages/airflow/example_dags/example_short_circuit_decorator.py
[2026-08-26T00:50:28.314+0000] {processor.py:830} INFO - Processing file /home/airflow/.local/lib/python3.8/site-packages/airflow/example_dags/example_short_circuit_decorator.py for tasks to queue
[2026-08-26T00:50:28.318+0000] {logging_mixin.py:188} INFO - [2026-08-26T00:50:28.317+0000] {dagbag.py:540} INFO - Filling up the DagBag from /home/airflow/.local/lib/python3.8/site-packages/airflow/example_dags/example_short_circuit_decorator.py
[2026-08-26T00:50:28.339+0000] {processor.py:840} INFO - DAG(s) 'example_short_circuit_decorator' retrieved from /home/airflow/.local/lib/python3.8/site-packages/airflow/example_dags/example_short_circuit_decorator.py
[2026-08-26T00:50:28.372+0000] {logging_mixin.py:188} INFO - [2026-08-26T00:50:28.372+0000] {dag.py:3047} INFO - Sync 1 DAGs
[2026-08-26T00:50:28.400+0000] {logging_mixin.py:188} INFO - [2026-08-26T00:50:28.400+0000] {dag.py:3834} INFO - Setting next_dagrun for example_short_circuit_decorator to 2026-08-25 00:00:00+00:00, run_after=2026-08-26 00:00:00+00:00
[2026-08-26T00:50:28.446+0000] {processor.py:183} INFO - Processing /home/airflow/.local/lib/python3.8/site-packages/airflow/example_dags/example_short_circuit_decorator.py took 0.142 seconds
[2026-08-26T00:50:58.758+0000] {processor.py:161} INFO - Started process (PID=785) to work on /home/airflow/.local/lib/python3.8/site-packages/airflow/example_dags/example_short_circuit_decorator.py
[2026-08-26T00:50:58.760+0000] {processor.py:830} INFO - Processing file /home/airflow/.local/lib/python3.8/site-packages/airflow/example_dags/example_short_circuit_decorator.py for tasks to queue
[2026-08-26T00:50:58.762+0000] {logging_mixin.py:188} INFO - [2026-08-26T00:50:58.762+0000] {dagbag.py:540} INFO - Filling up the DagBag from /home/airflow/.local/lib/python3.8/site-packages/airflow/example_dags/example_short_circuit_decorator.py
[2026-08-26T00:50:58.772+0000] {processor.py:840} INFO - DAG(s) 'example_short_circuit_decorator' retrieved from /home/airflow/.local/lib/python3.8/site-packages/airflow/example_dags/example_short_circuit_decorator.py
[2026-08-26T00:50:58.798+0000] {logging_mixin.py:188} INFO - [2026-08-26T00:50:58.798+0000] {dag.py:3047} INFO - Sync 1 DAGs
[2026-08-26T00:50:58.824+0000] {logging_mixin.py:188} INFO - [2026-08-26T00:50:58.824+0000] {dag.py:3834} INFO - Setting next_dagrun for example_short_circuit_decorator to 2026-08-25 00:00:00+00:00, run_after=2026-08-26 00:00:00+00:00
[2026-08-26T00:50:58.899+0000] {processor.py:183} INFO - Processing /home/airflow/.local/lib/python3.8/site-packages/airflow/example_dags/example_short_circuit_decorator.py took 0.144 seconds
[2026-08-26T00:51:29.201+0000] {processor.py:161} INFO - Started process (PID=842) to work on /home/airflow/.local/lib/python3.8/site-packages/airflow/example_dags/example_short_circuit_decorator.py
[2026-08-26T00:51:29.203+0000] {processor.py:830} INFO - Processing file /home/airflow/.local/lib/python3.8/site-packages/airflow/example_dags/example_short_circuit_decorator.py for tasks to queue
[2026-08-26T00:51:29.206+0000] {logging_mixin.py:188} INFO - [2026-08-26T00:51:29.205+0000] {dagbag.py:540} INFO - Filling up the DagBag from /home/airflow/.local/lib/python3.8/site-packages/airflow/example_dags/example_short_circuit_decorator.py
[2026-08-26T00:51:29.221+0000] {processor.py:840} INFO - DAG(s) 'example_short_circuit_decorator' retrieved from /home/airflow/.local/lib/python3.8/site-packages/airflow/example_dags/example_short_circuit_decorator.py
[2026-08-26T00:51:29.249+0000] {logging_mixin.py:188} INFO - [2026-08-26T00:51:29.248+0000] {dag.py:3047} INFO - Sync 1 DAGs
[2026-08-26T00:51:29.275+0000] {logging_mixin.py:188} INFO - [2026-08-26T00:51:29.275+0000] {dag.py:3834} INFO - Setting next_dagrun for example_short_circuit_decorator to 2026-08-25 00:00:00+00:00, run_after=2026-08-26 00:00:00+00:00
[2026-08-26T00:51:29.300+0000] {processor.py:183} INFO - Processing /home/airflow/.local/lib/python3.8/site-packages/airflow/example_dags/example_short_circuit_decorator.py took 0.103 seconds
[2026-08-26T00:51:59.433+0000] {processor.py:161} INFO - Started process (PID=899) to work on /home/airflow/.local/lib/python3.8/site-packages/airflow/example_dags/example_short_circuit_decorator.py
[2026-08-26T00:51:59.435+0000] {processor.py:830} INFO - Processing file /home/airflow/.local/lib/python3.8/site-packages/airflow/example_dags/example_short_circuit_decorator.py for tasks to queue
[2026-08-26T00:51:59.437+0000] {logging_mixin.py:188} INFO - [2026-08-26T00:51:59.437+0000] {dagbag.py:540} INFO - Filling up the DagBag from /home/airflow/.local/lib/python3.8/site-packages/airflow/example_dags/example_short_circuit_decorator.py
[2026-08-26T00:51:59.450+0000] {processor.py:840} INFO - DAG(s) 'example_short_circuit_decorator' retrieved from /home/airflow/.local/lib/python3.8/site-packages/airflow/example_dags/example_short_circuit_decorator.py
[2026-08-26T00:51:59.480+0000] {logging_mixin.py:188} INFO - [2026-08-26T00:51:59.480+0000] {dag.py:3047} INFO - Sync 1 DAGs
[2026-08-26T00:51:59.503+0000] {logging_mixin.py:188} INFO - [2026-08-26T00:51:59.503+0000] {dag.py:3834} INFO - Setting next_dagrun for example_short_circuit_decorator to 2026-08-25 00:00:00+00:00, run_after=2026-08-26 00:00:00+00:00
[2026-08-26T00:51:59.526+0000] {processor.py:183} INFO - Processing /home/airflow/.local/lib/python3.8/site-packages/airflow/example_dags/example_short_circuit_decorator.py took 0.097 seconds
[2026-08-26T00:52:30.078+0000] {processor.py:161} INFO - Started process (PID=956) to work on /home/airflow/.local/lib/python3.8/site-packages/airflow/example_dags/example_short_circuit_decorator.py
[2026-08-26T00:52:30.080+0000] {processor.py:830} INFO - Processing file /home/airflow/.local/lib/python3.8/site-packages/airflow/example_dags/example_short_circuit_decorator.py for tasks to queue
[2026-08-26T00:52:30.083+0000] {logging_mixin.py:188} INFO - [2026-08-26T00:52:30.082+0000] {dagbag.py:540} INFO - Filling up the DagBag from /home/airflow/.local/lib/python3.8/site-packages/airflow/example_dags/example_short_circuit_decorator.py
[2026-08-26T00:52:30.095+0000] {processor.py:840} INFO - DAG(s) 'example_short_circuit_decorator' retrieved from /home/airflow/.local/lib/python3.8/site-packages/airflow/example_dags/example_short_circuit_decorator.py
[2026-08-26T00:52:30.122+0000] {logging_mixin.py:188} INFO - [2026-08-26T00:52:30.122+0000] {dag.py:3047} INFO - Sync 1 DAGs
[2026-08-26T00:52:30.153+0000] {logging_mixin.py:188} INFO - [2026-08-26T00:52:30.153+0000] {dag.py:3834} INFO - Setting next_dagrun for example_short_circuit_decorator to 2026-08-25 00:00:00+00:00, run_after=2026-08-26 00:00:00+00:00
[2026-08-26T00:52:30.181+0000] {processor.py:183} INFO - Processing /home/airflow/.local/lib/python3.8/site-packages/airflow/example_dags/example_short_circuit_decorator.py took 0.108 seconds
[2026-08-26T00:53:00.672+0000] {processor.py:161} INFO - Started process (PID=1013) to work on /home/airflow/.local/lib/python3.8/site-packages/airflow/example_dags/example_short_circuit_decorator.py
[2026-08-26T00:53:00.744+0000] {processor.py:830} INFO - Processing file /home/airflow/.local/lib/python3.8/site-packages/airflow/example_dags/example_short_circuit_decorator.py for tasks to queue
[2026-08-26T00:53:00.748+0000] {logging_mixin.py:188} INFO - [2026-08-26T00:53:00.747+0000] {dagbag.py:540} INFO - Filling up the DagBag from /home/airflow/.local/lib/python3.8/site-packages/airflow/example_dags/example_short_circuit_decorator.py
[2026-08-26T00:53:00.786+0000] {processor.py:840} INFO - DAG(s) 'example_short_circuit_decorator' retrieved from /home/airflow/.local/lib/python3.8/site-packages/airflow/example_dags/example_short_circuit_decorator.py
[2026-08-26T00:53:00.837+0000] {logging_mixin.py:188} INFO - [2026-08-26T00:53:00.836+0000] {dag.py:3047} INFO - Sync 1 DAGs
[2026-08-26T00:53:00.866+0000] {logging_mixin.py:188} INFO - [2026-08-26T00:53:00.865+0000] {dag.py:3834} INFO - Setting next_dagrun for example_short_circuit_decorator to 2026-08-25 00:00:00+00:00, run_after=2026-08-26 00:00:00+00:00
[2026-08-26T00:53:00.888+0000] {processor.py:183} INFO - Processing /home/airflow/.local/lib/python3.8/site-packages/airflow/example_dags/example_short_circuit_decorator.py took 0.234 seconds
[2026-08-26T00:53:31.206+0000] {processor.py:161} INFO - Started process (PID=1070) to work on /home/airflow/.local/lib/python3.8/site-packages/airflow/example_dags/example_short_circuit_decorator.py
[2026-08-26T00:53:31.207+0000] {processor.py:830} INFO - Processing file /home/airflow/.local/lib/python3.8/site-packages/airflow/example_dags/example_short_circuit_decorator.py for tasks to queue
[2026-08-26T00:53:31.210+0000] {logging_mixin.py:188} INFO - [2026-08-26T00:53:31.209+0000] {dagbag.py:540} INFO - Filling up the DagBag from /home/airflow/.local/lib/python3.8/site-packages/airflow/example_dags/example_short_circuit_decorator.py
[2026-08-26T00:53:31.220+0000] {processor.py:840} INFO - DAG(s) 'example_short_circuit_decorator' retrieved from /home/airflow/.local/lib/python3.8/site-packages/airflow/example_dags/example_short_circuit_decorator.py
[2026-08-26T00:53:31.249+0000] {logging_mixin.py:188} INFO - [2026-08-26T00:53:31.249+0000] {dag.py:3047} INFO - Sync 1 DAGs
[2026-08-26T00:53:31.282+0000] {logging_mixin.py:188} INFO - [2026-08-26T00:53:31.282+0000] {dag.py:3834} INFO - Setting next_dagrun for example_short_circuit_decorator to 2026-08-25 00:00:00+00:00, run_after=2026-08-26 00:00:00+00:00
[2026-08-26T00:53:31.305+0000] {processor.py:183} INFO - Processing /home/airflow/.local/lib/python3.8/site-packages/airflow/example_dags/example_short_circuit_decorator.py took 0.104 seconds
[2026-08-26T00:54:01.723+0000] {processor.py:161} INFO - Started process (PID=1127) to work on /home/airflow/.local/lib/python3.8/site-packages/airflow/example_dags/example_short_circuit_decorator.py
[2026-08-26T00:54:01.724+0000] {processor.py:830} INFO - Processing file /home/airflow/.local/lib/python3.8/site-packages/airflow/example_dags/example_short_circuit_decorator.py for tasks to queue
[2026-08-26T00:54:01.728+0000] {logging_mixin.py:188} INFO - [2026-08-26T00:54:01.728+0000] {dagbag.py:540} INFO - Filling up the DagBag from /home/airflow/.local/lib/python3.8/site-packages/airflow/example_dags/example_short_circuit_decorator.py
[2026-08-26T00:54:01.739+0000] {processor.py:840} INFO - DAG(s) 'example_short_circuit_decorator' retrieved from /home/airflow/.local/lib/python3.8/site-packages/airflow/example_dags/example_short_circuit_decorator.py
[2026-08-26T00:54:01.769+0000] {logging_mixin.py:188} INFO - [2026-08-26T00:54:01.769+0000] {dag.py:3047} INFO - Sync 1 DAGs
[2026-08-26T00:54:01.799+0000] {logging_mixin.py:188} INFO - [2026-08-26T00:54:01.799+0000] {dag.py:3834} INFO - Setting next_dagrun for example_short_circuit_decorator to 2026-08-25 00:00:00+00:00, run_after=2026-08-26 00:00:00+00:00
[2026-08-26T00:54:01.823+0000] {processor.py:183} INFO - Processing /home/airflow/.local/lib/python3.8/site-packages/airflow/example_dags/example_short_circuit_decorator.py took 0.104 seconds
[2026-08-26T00:54:32.849+0000] {processor.py:161} INFO - Started process (PID=1184) to work on /home/airflow/.local/lib/python3.8/site-packages/airflow/example_dags/example_short_circuit_decorator.py
[2026-08-26T00:54:32.851+0000] {processor.py:830} INFO - Processing file /home/airflow/.local/lib/python3.8/site-packages/airflow/example_dags/example_short_circuit_decorator.py for tasks to queue
[2026-08-26T00:54:32.854+0000] {logging_mixin.py:188} INFO - [2026-08-26T00:54:32.854+0000] {dagbag.py:540} INFO - Filling up the DagBag from /home/airflow/.local/lib/python3.8/site-packages/airflow/example_dags/example_short_circuit_decorator.py
[2026-08-26T00:54:32.864+0000] {processor.py:840} INFO - DAG(s) 'example_short_circuit_decorator' retrieved from /home/airflow/.local/lib/python3.8/site-packages/airflow/example_dags/example_short_circuit_decorator.py
[2026-08-26T00:54:32.894+0000] {logging_mixin.py:188} INFO - [2026-08-26T00:54:32.894+0000] {dag.py:3047} INFO - Sync 1 DAGs
[2026-08-26T00:54:32.923+0000] {logging_mixin.py:188} INFO - [2026-08-26T00:54:32.923+0000] {dag.py:3834} INFO - Setting next_dagrun for example_short_circuit_decorator to 2026-08-25 00:00:00+00:00, run_after=2026-08-26 00:00:00+00:00
[2026-08-26T00:54:32.950+0000] {processor.py:183} INFO - Processing /home/airflow/.local/lib/python3.8/site-packages/airflow/example_dags/example_short_circuit_decorator.py took 0.104 seconds
[2026-08-26T00:55:03.586+0000] {processor.py:161} INFO - Started process (PID=1241) to work on /home/airflow/.local/lib/python3.8/site-packages/airflow/example_dags/example_short_circuit_decorator.py
[2026-08-26T00:55:03.588+0000] {processor.py:830} INFO - Processing file /home/airflow/.local/lib/python3.8/site-packages/airflow/example_dags/example_short_circuit_decorator.py for tasks to queue
[2026-08-26T00:55:03.591+0000] {logging_mixin.py:188} INFO - [2026-08-26T00:55:03.590+0000] {dagbag.py:540} INFO - Filling up the DagBag from /home/airflow/.local/lib/python3.8/site-packages/airflow/example_dags/example_short_circuit_decorator.py
[2026-08-26T00:55:03.602+0000] {processor.py:840} INFO - DAG(s) 'example_short_circuit_decorator' retrieved from /home/airflow/.local/lib/python3.8/site-packages/airflow/example_dags/example_short_circuit_decorator.py
[2026-08-26T00:55:03.635+0000] {logging_mixin.py:188} INFO - [2026-08-26T00:55:03.635+0000] {dag.py:3047} INFO - Sync 1 DAGs
[2026-08-26T00:55:03.661+0000] {logging_mixin.py:188} INFO - [2026-08-26T00:55:03.660+0000] {dag.py:3834} INFO - Setting next_dagrun for example_short_circuit_decorator to 2026-08-25 00:00:00+00:00, run_after=2026-08-26 00:00:00+00:00
[2026-08-26T00:55:03.682+0000] {processor.py:183} INFO - Processing /home/airflow/.local/lib/python3.8/site-packages/airflow/example_dags/example_short_circuit_decorator.py took 0.100 seconds
[2026-08-26T00:55:33.995+0000] {processor.py:161} INFO - Started process (PID=1298) to work on /home/airflow/.local/lib/python3.8/site-packages/airflow/example_dags/example_short_circuit_decorator.py
[2026-08-26T00:55:33.996+0000] {processor.py:830} INFO - Processing file /home/airflow/.local/lib/python3.8/site-packages/airflow/example_dags/example_short_circuit_decorator.py for tasks to queue
[2026-08-26T00:55:33.999+0000] {logging_mixin.py:188} INFO - [2026-08-26T00:55:33.999+0000] {dagbag.py:540} INFO - Filling up the DagBag from /home/airflow/.local/lib/python3.8/site-packages/airflow/example_dags/example_short_circuit_decorator.py
[2026-08-26T00:55:34.009+0000] {processor.py:840} INFO - DAG(s) 'example_short_circuit_decorator' retrieved from /home/airflow/.local/lib/python3.8/site-packages/airflow/example_dags/example_short_circuit_decorator.py
[2026-08-26T00:55:34.036+0000] {logging_mixin.py:188} INFO - [2026-08-26T00:55:34.035+0000] {dag.py:3047} INFO - Sync 1 DAGs
[2026-08-26T00:55:34.058+0000] {logging_mixin.py:188} INFO - [2026-08-26T00:55:34.058+0000] {dag.py:3834} INFO - Setting next_dagrun for example_short_circuit_decorator to 2026-08-25 00:00:00+00:00, run_after=2026-08-26 00:00:00+00:00
[2026-08-26T00:55:34.082+0000] {processor.py:183} INFO - Processing /home/airflow/.local/lib/python3.8/site-packages/airflow/example_dags/example_short_circuit_decorator.py took 0.091 seconds
[2026-08-26T00:56:05.179+0000] {processor.py:161} INFO - Started process (PID=1355) to work on /home/airflow/.local/lib/python3.8/site-packages/airflow/example_dags/example_short_circuit_decorator.py
[2026-08-26T00:56:05.181+0000] {processor.py:830} INFO - Processing file /home/airflow/.local/lib/python3.8/site-packages/airflow/example_dags/example_short_circuit_decorator.py for tasks to queue
[2026-08-26T00:56:05.184+0000] {logging_mixin.py:188} INFO - [2026-08-26T00:56:05.183+0000] {dagbag.py:540} INFO - Filling up the DagBag from /home/airflow/.local/lib/python3.8/site-packages/airflow/example_dags/example_short_circuit_decorator.py
[2026-08-26T00:56:05.196+0000] {processor.py:840} INFO - DAG(s) 'example_short_circuit_decorator' retrieved from /home/airflow/.local/lib/python3.8/site-packages/airflow/example_dags/example_short_circuit_decorator.py
[2026-08-26T00:56:05.226+0000] {logging_mixin.py:188} INFO - [2026-08-26T00:56:05.226+0000] {dag.py:3047} INFO - Sync 1 DAGs
[2026-08-26T00:56:05.257+0000] {logging_mixin.py:188} INFO - [2026-08-26T00:56:05.257+0000] {dag.py:3834} INFO - Setting next_dagrun for example_short_circuit_decorator to 2026-08-25 00:00:00+00:00, run_after=2026-08-26 00:00:00+00:00
[2026-08-26T00:56:05.279+0000] {processor.py:183} INFO - Processing /home/airflow/.local/lib/python3.8/site-packages/airflow/example_dags/example_short_circuit_decorator.py took 0.105 seconds
[2026-08-26T00:56:35.873+0000] {processor.py:161} INFO - Started process (PID=1412) to work on /home/airflow/.local/lib/python3.8/site-packages/airflow/example_dags/example_short_circuit_decorator.py
[2026-08-26T00:56:35.875+0000] {processor.py:830} INFO - Processing file /home/airflow/.local/lib/python3.8/site-packages/airflow/example_dags/example_short_circuit_decorator.py for tasks to queue
[2026-08-26T00:56:35.879+0000] {logging_mixin.py:188} INFO - [2026-08-26T00:56:35.879+0000] {dagbag.py:540} INFO - Filling up the DagBag from /home/airflow/.local/lib/python3.8/site-packages/airflow/example_dags/example_short_circuit_decorator.py
[2026-08-26T00:56:35.892+0000] {processor.py:840} INFO - DAG(s) 'example_short_circuit_decorator' retrieved from /home/airflow/.local/lib/python3.8/site-packages/airflow/example_dags/example_short_circuit_decorator.py
[2026-08-26T00:56:35.923+0000] {logging_mixin.py:188} INFO - [2026-08-26T00:56:35.923+0000] {dag.py:3047} INFO - Sync 1 DAGs
[2026-08-26T00:56:35.948+0000] {logging_mixin.py:188} INFO - [2026-08-26T00:56:35.948+0000] {dag.py:3834} INFO - Setting next_dagrun for example_short_circuit_decorator to 2026-08-25 00:00:00+00:00, run_after=2026-08-26 00:00:00+00:00
[2026-08-26T00:56:35.969+0000] {processor.py:183} INFO - Processing /home/airflow/.local/lib/python3.8/site-packages/airflow/example_dags/example_short_circuit_decorator.py took 0.102 seconds
[2026-08-26T00:57:06.315+0000] {processor.py:161} INFO - Started process (PID=1469) to work on /home/airflow/.local/lib/python3.8/site-packages/airflow/example_dags/example_short_circuit_decorator.py
[2026-08-26T00:57:06.316+0000] {processor.py:830} INFO - Processing file /home/airflow/.local/lib/python3.8/site-packages/airflow/example_dags/example_short_circuit_decorator.py for tasks to queue
[2026-08-26T00:57:06.319+0000] {logging_mixin.py:188} INFO - [2026-08-26T00:57:06.319+0000] {dagbag.py:540} INFO - Filling up the DagBag from /home/airflow/.local/lib/python3.8/site-packages/airflow/example_dags/example_short_circuit_decorator.py
[2026-08-26T00:57:06.330+0000] {processor.py:840} INFO - DAG(s) 'example_short_circuit_decorator' retrieved from /home/airflow/.local/lib/python3.8/site-packages/airflow/example_dags/example_short_circuit_decorator.py
[2026-08-26T00:57:06.358+0000] {logging_mixin.py:188} INFO - [2026-08-26T00:57:06.358+0000] {dag.py:3047} INFO - Sync 1 DAGs
[2026-08-26T00:57:06.388+0000] {logging_mixin.py:188} INFO - [2026-08-26T00:57:06.387+0000] {dag.py:3834} INFO - Setting next_dagrun for example_short_circuit_decorator to 2026-08-25 00:00:00+00:00, run_after=2026-08-26 00:00:00+00:00
[2026-08-26T00:57:06.412+0000] {processor.py:183} INFO - Processing /home/airflow/.local/lib/python3.8/site-packages/airflow/example_dags/example_short_circuit_decorator.py took 0.101 seconds
[2026-08-26T00:57:36.520+0000] {processor.py:161} INFO - Started process (PID=1524) to work on /home/airflow/.local/lib/python3.8/site-packages/airflow/example_dags/example_short_circuit_decorator.py
[2026-08-26T00:57:36.521+0000] {processor.py:830} INFO - Processing file /home/airflow/.local/lib/python3.8/site-packages/airflow/example_dags/example_short_circuit_decorator.py for tasks to queue
[2026-08-26T00:57:36.524+0000] {logging_mixin.py:188} INFO - [2026-08-26T00:57:36.524+0000] {dagbag.py:540} INFO - Filling up the DagBag from /home/airflow/.local/lib/python3.8/site-packages/airflow/example_dags/example_short_circuit_decorator.py
[2026-08-26T00:57:36.534+0000] {processor.py:840} INFO - DAG(s) 'example_short_circuit_decorator' retrieved from /home/airflow/.local/lib/python3.8/site-packages/airflow/example_dags/example_short_circuit_decorator.py
[2026-08-26T00:57:36.560+0000] {logging_mixin.py:188} INFO - [2026-08-26T00:57:36.560+0000] {dag.py:3047} INFO - Sync 1 DAGs
[2026-08-26T00:57:36.584+0000] {logging_mixin.py:188} INFO - [2026-08-26T00:57:36.584+0000] {dag.py:3834} INFO - Setting next_dagrun for example_short_circuit_decorator to 2026-08-25 00:00:00+00:00, run_after=2026-08-26 00:00:00+00:00
[2026-08-26T00:57:36.608+0000] {processor.py:183} INFO - Processing /home/airflow/.local/lib/python3.8/site-packages/airflow/example_dags/example_short_circuit_decorator.py took 0.091 seconds
[2026-08-26T00:58:07.261+0000] {processor.py:161} INFO - Started process (PID=1581) to work on /home/airflow/.local/lib/python3.8/site-packages/airflow/example_dags/example_short_circuit_decorator.py
[2026-08-26T00:58:07.265+0000] {processor.py:830} INFO - Processing file /home/airflow/.local/lib/python3.8/site-packages/airflow/example_dags/example_short_circuit_decorator.py for tasks to queue
[2026-08-26T00:58:07.269+0000] {logging_mixin.py:188} INFO - [2026-08-26T00:58:07.268+0000] {dagbag.py:540} INFO - Filling up the DagBag from /home/airflow/.local/lib/python3.8/site-packages/airflow/example_dags/example_short_circuit_decorator.py
[2026-08-26T00:58:07.289+0000] {processor.py:840} INFO - DAG(s) 'example_short_circuit_decorator' retrieved from /home/airflow/.local/lib/python3.8/site-packages/airflow/example_dags/example_short_circuit_decorator.py
[2026-08-26T00:58:07.335+0000] {logging_mixin.py:188} INFO - [2026-08-26T00:58:07.335+0000] {dag.py:3047} INFO - Sync 1 DAGs
[2026-08-26T00:58:07.383+0000] {logging_mixin.py:188} INFO - [2026-08-26T00:58:07.383+0000] {dag.py:3834} INFO - Setting next_dagrun for example_short_circuit_decorator to 2026-08-25 00:00:00+00:00, run_after=2026-08-26 00:00:00+00:00
[2026-08-26T00:58:07.405+0000] {processor.py:183} INFO - Processing /home/airflow/.local/lib/python3.8/site-packages/airflow/example_dags/example_short_circuit_decorator.py took 0.149 seconds
[2026-08-26T00:58:38.240+0000] {processor.py:161} INFO - Started process (PID=1638) to work on /home/airflow/.local/lib/python3.8/site-packages/airflow/example_dags/example_short_circuit_decorator.py
[2026-08-26T00:58:38.242+0000] {processor.py:830} INFO - Processing file /home/airflow/.local/lib/python3.8/site-packages/airflow/example_dags/example_short_circuit_decorator.py for tasks to queue
[2026-08-26T00:58:38.244+0000] {logging_mixin.py:188} INFO - [2026-08-26T00:58:38.244+0000] {dagbag.py:540} INFO - Filling up the DagBag from /home/airflow/.local/lib/python3.8/site-packages/airflow/example_dags/example_short_circuit_decorator.py
[2026-08-26T00:58:38.262+0000] {processor.py:840} INFO - DAG(s) 'example_short_circuit_decorator' retrieved from /home/airflow/.local/lib/python3.8/site-packages/airflow/example_dags/example_short_circuit_decorator.py
[2026-08-26T00:58:38.290+0000] {logging_mixin.py:188} INFO - [2026-08-26T00:58:38.290+0000] {dag.py:3047} INFO - Sync 1 DAGs
[2026-08-26T00:58:38.317+0000] {logging_mixin.py:188} INFO - [2026-08-26T00:58:38.316+0000] {dag.py:3834} INFO - Setting next_dagrun for example_short_circuit_decorator to 2026-08-25 00:00:00+00:00, run_after=2026-08-26 00:00:00+00:00
[2026-08-26T00:58:38.338+0000] {processor.py:183} INFO - Processing /home/airflow/.local/lib/python3.8/site-packages/airflow/example_dags/example_short_circuit_decorator.py took 0.102 seconds
[2026-08-26T00:59:08.514+0000] {processor.py:161} INFO - Started process (PID=1695) to work on /home/airflow/.local/lib/python3.8/site-packages/airflow/example_dags/example_short_circuit_decorator.py
[2026-08-26T00:59:08.523+0000] {processor.py:830} INFO - Processing file /home/airflow/.local/lib/python3.8/site-packages/airflow/example_dags/example_short_circuit_decorator.py for tasks to queue
[2026-08-26T00:59:08.526+0000] {logging_mixin.py:188} INFO - [2026-08-26T00:59:08.526+0000] {dagbag.py:540} INFO - Filling up the DagBag from /home/airflow/.local/lib/python3.8/site-packages/airflow/example_dags/example_short_circuit_decorator.py
[2026-08-26T00:59:08.541+0000] {processor.py:840} INFO - DAG(s) 'example_short_circuit_decorator' retrieved from /home/airflow/.local/lib/python3.8/site-packages/airflow/example_dags/example_short_circuit_decorator.py
[2026-08-26T00:59:08.571+0000] {logging_mixin.py:188} INFO - [2026-08-26T00:59:08.571+0000] {dag.py:3047} INFO - Sync 1 DAGs
[2026-08-26T00:59:08.599+0000] {logging_mixin.py:188} INFO - [2026-08-26T00:59:08.599+0000] {dag.py:3834} INFO - Setting next_dagrun for example_short_circuit_decorator to 2026-08-25 00:00:00+00:00, run_after=2026-08-26 00:00:00+00:00
[2026-08-26T00:59:08.629+0000] {processor.py:183} INFO - Processing /home/airflow/.local/lib/python3.8/site-packages/airflow/example_dags/example_short_circuit_decorator.py took 0.121 seconds
[2026-08-26T00:59:39.109+0000] {processor.py:161} INFO - Started process (PID=1752) to work on /home/airflow/.local/lib/python3.8/site-packages/airflow/example_dags/example_short_circuit_decorator.py
[2026-08-26T00:59:39.111+0000] {processor.py:830} INFO - Processing file /home/airflow/.local/lib/python3.8/site-packages/airflow/example_dags/example_short_circuit_decorator.py for tasks to queue
[2026-08-26T00:59:39.114+0000] {logging_mixin.py:188} INFO - [2026-08-26T00:59:39.114+0000] {dagbag.py:540} INFO - Filling up the DagBag from /home/airflow/.local/lib/python3.8/site-packages/airflow/example_dags/example_short_circuit_decorator.py
[2026-08-26T00:59:39.128+0000] {processor.py:840} INFO - DAG(s) 'example_short_circuit_decorator' retrieved from /home/airflow/.local/lib/python3.8/site-packages/airflow/example_dags/example_short_circuit_decorator.py
[2026-08-26T00:59:39.166+0000] {logging_mixin.py:188} INFO - [2026-08-26T00:59:39.166+0000] {dag.py:3047} INFO - Sync 1 DAGs
[2026-08-26T00:59:39.243+0000] {logging_mixin.py:188} INFO - [2026-08-26T00:59:39.243+0000] {dag.py:3834} INFO - Setting next_dagrun for example_short_circuit_decorator to 2026-08-25 00:00:00+00:00, run_after=2026-08-26 00:00:00+00:00
[2026-08-26T00:59:39.275+0000] {processor.py:183} INFO - Processing /home/airflow/.local/lib/python3.8/site-packages/airflow/example_dags/example_short_circuit_decorator.py took 0.171 seconds
[2026-08-26T01:00:09.337+0000] {processor.py:161} INFO - Started process (PID=1809) to work on /home/airflow/.local/lib/python3.8/site-packages/airflow/example_dags/example_short_circuit_decorator.py
[2026-08-26T01:00:09.338+0000] {processor.py:830} INFO - Processing file /home/airflow/.local/lib/python3.8/site-packages/airflow/example_dags/example_short_circuit_decorator.py for tasks to queue
[2026-08-26T01:00:09.341+0000] {logging_mixin.py:188} INFO - [2026-08-26T01:00:09.340+0000] {dagbag.py:540} INFO - Filling up the DagBag from /home/airflow/.local/lib/python3.8/site-packages/airflow/example_dags/example_short_circuit_decorator.py
[2026-08-26T01:00:09.351+0000] {processor.py:840} INFO - DAG(s) 'example_short_circuit_decorator' retrieved from /home/airflow/.local/lib/python3.8/site-packages/airflow/example_dags/example_short_circuit_decorator.py
[2026-08-26T01:00:09.377+0000] {logging_mixin.py:188} INFO - [2026-08-26T01:00:09.377+0000] {dag.py:3047} INFO - Sync 1 DAGs
[2026-08-26T01:00:09.400+0000] {logging_mixin.py:188} INFO - [2026-08-26T01:00:09.400+0000] {dag.py:3834} INFO - Setting next_dagrun for example_short_circuit_decorator to 2026-08-25 00:00:00+00:00, run_after=2026-08-26 00:00:00+00:00
[2026-08-26T01:00:09.423+0000] {processor.py:183} INFO - Processing /home/airflow/.local/lib/python3.8/site-packages/airflow/example_dags/example_short_circuit_decorator.py took 0.090 seconds
[2026-08-26T01:00:39.689+0000] {processor.py:161} INFO - Started process (PID=1866) to work on /home/airflow/.local/lib/python3.8/site-packages/airflow/example_dags/example_short_circuit_decorator.py
[2026-08-26T01:00:39.691+0000] {processor.py:830} INFO - Processing file /home/airflow/.local/lib/python3.8/site-packages/airflow/example_dags/example_short_circuit_decorator.py for tasks to queue
[2026-08-26T01:00:39.694+0000] {logging_mixin.py:188} INFO - [2026-08-26T01:00:39.693+0000] {dagbag.py:540} INFO - Filling up the DagBag from /home/airflow/.local/lib/python3.8/site-packages/airflow/example_dags/example_short_circuit_decorator.py
[2026-08-26T01:00:39.705+0000] {processor.py:840} INFO - DAG(s) 'example_short_circuit_decorator' retrieved from /home/airflow/.local/lib/python3.8/site-packages/airflow/example_dags/example_short_circuit_decorator.py
[2026-08-26T01:00:39.734+0000] {logging_mixin.py:188} INFO - [2026-08-26T01:00:39.733+0000] {dag.py:3047} INFO - Sync 1 DAGs
[2026-08-26T01:00:39.756+0000] {logging_mixin.py:188} INFO - [2026-08-26T01:00:39.756+0000] {dag.py:3834} INFO - Setting next_dagrun for example_short_circuit_decorator to 2026-08-25 00:00:00+00:00, run_after=2026-08-26 00:00:00+00:00
[2026-08-26T01:00:39.778+0000] {processor.py:183} INFO - Processing /home/airflow/.local/lib/python3.8/site-packages/airflow/example_dags/example_short_circuit_decorator.py took 0.093 seconds
[2026-08-26T01:01:09.916+0000] {processor.py:161} INFO - Started process (PID=1923) to work on /home/airflow/.local/lib/python3.8/site-packages/airflow/example_dags/example_short_circuit_decorator.py
[2026-08-26T01:01:09.918+0000] {processor.py:830} INFO - Processing file /home/airflow/.local/lib/python3.8/site-packages/airflow/example_dags/example_short_circuit_decorator.py for tasks to queue
[2026-08-26T01:01:09.921+0000] {logging_mixin.py:188} INFO - [2026-08-26T01:01:09.921+0000] {dagbag.py:540} INFO - Filling up the DagBag from /home/airflow/.local/lib/python3.8/site-packages/airflow/example_dags/example_short_circuit_decorator.py
[2026-08-26T01:01:09.932+0000] {processor.py:840} INFO - DAG(s) 'example_short_circuit_decorator' retrieved from /home/airflow/.local/lib/python3.8/site-packages/airflow/example_dags/example_short_circuit_decorator.py
[2026-08-26T01:01:09.960+0000] {logging_mixin.py:188} INFO - [2026-08-26T01:01:09.960+0000] {dag.py:3047} INFO - Sync 1 DAGs
[2026-08-26T01:01:09.987+0000] {logging_mixin.py:188} INFO - [2026-08-26T01:01:09.987+0000] {dag.py:3834} INFO - Setting next_dagrun for example_short_circuit_decorator to 2026-08-25 00:00:00+00:00, run_after=2026-08-26 00:00:00+00:00
[2026-08-26T01:01:10.007+0000] {processor.py:183} INFO - Processing /home/airflow/.local/lib/python3.8/site-packages/airflow/example_dags/example_short_circuit_decorator.py took 0.095 seconds
[2026-08-26T01:01:40.840+0000] {processor.py:161} INFO - Started process (PID=1980) to work on /home/airflow/.local/lib/python3.8/site-packages/airflow/example_dags/example_short_circuit_decorator.py
[2026-08-26T01:01:40.843+0000] {processor.py:830} INFO - Processing file /home/airflow/.local/lib/python3.8/site-packages/airflow/example_dags/example_short_circuit_decorator.py for tasks to queue
[2026-08-26T01:01:40.847+0000] {logging_mixin.py:188} INFO - [2026-08-26T01:01:40.846+0000] {dagbag.py:540} INFO - Filling up the DagBag from /home/airflow/.local/lib/python3.8/site-packages/airflow/example_dags/example_short_circuit_decorator.py
[2026-08-26T01:01:40.863+0000] {processor.py:840} INFO - DAG(s) 'example_short_circuit_decorator' retrieved from /home/airflow/.local/lib/python3.8/site-packages/airflow/example_dags/example_short_circuit_decorator.py
[2026-08-26T01:01:40.892+0000] {logging_mixin.py:188} INFO - [2026-08-26T01:01:40.891+0000] {dag.py:3047} INFO - Sync 1 DAGs
[2026-08-26T01:01:40.919+0000] {logging_mixin.py:188} INFO - [2026-08-26T01:01:40.919+0000] {dag.py:3834} INFO - Setting next_dagrun for example_short_circuit_decorator to 2026-08-25 00:00:00+00:00, run_after=2026-08-26 00:00:00+00:00
[2026-08-26T01:01:40.947+0000] {processor.py:183} INFO - Processing /home/airflow/.local/lib/python3.8/site-packages/airflow/example_dags/example_short_circuit_decorator.py took 0.112 seconds
[2026-08-26T01:02:11.204+0000] {processor.py:161} INFO - Started process (PID=2037) to work on /home/airflow/.local/lib/python3.8/site-packages/airflow/example_dags/example_short_circuit_decorator.py
[2026-08-26T01:02:11.206+0000] {processor.py:830} INFO - Processing file /home/airflow/.local/lib/python3.8/site-packages/airflow/example_dags/example_short_circuit_decorator.py for tasks to queue
[2026-08-26T01:02:11.210+0000] {logging_mixin.py:188} INFO - [2026-08-26T01:02:11.210+0000] {dagbag.py:540} INFO - Filling up the DagBag from /home/airflow/.local/lib/python3.8/site-packages/airflow/example_dags/example_short_circuit_decorator.py
[2026-08-26T01:02:11.222+0000] {processor.py:840} INFO - DAG(s) 'example_short_circuit_decorator' retrieved from /home/airflow/.local/lib/python3.8/site-packages/airflow/example_dags/example_short_circuit_decorator.py
[2026-08-26T01:02:11.259+0000] {logging_mixin.py:188} INFO - [2026-08-26T01:02:11.258+0000] {dag.py:3047} INFO - Sync 1 DAGs
[2026-08-26T01:02:11.287+0000] {logging_mixin.py:188} INFO - [2026-08-26T01:02:11.286+0000] {dag.py:3834} INFO - Setting next_dagrun for example_short_circuit_decorator to 2026-08-25 00:00:00+00:00, run_after=2026-08-26 00:00:00+00:00
[2026-08-26T01:02:11.310+0000] {processor.py:183} INFO - Processing /home/airflow/.local/lib/python3.8/site-packages/airflow/example_dags/example_short_circuit_decorator.py took 0.110 seconds
[2026-08-26T01:02:41.887+0000] {processor.py:161} INFO - Started process (PID=2094) to work on /home/airflow/.local/lib/python3.8/site-packages/airflow/example_dags/example_short_circuit_decorator.py
[2026-08-26T01:02:41.889+0000] {processor.py:830} INFO - Processing file /home/airflow/.local/lib/python3.8/site-packages/airflow/example_dags/example_short_circuit_decorator.py for tasks to queue
[2026-08-26T01:02:41.892+0000] {logging_mixin.py:188} INFO - [2026-08-26T01:02:41.892+0000] {dagbag.py:540} INFO - Filling up the DagBag from /home/airflow/.local/lib/python3.8/site-packages/airflow/example_dags/example_short_circuit_decorator.py
[2026-08-26T01:02:41.906+0000] {processor.py:840} INFO - DAG(s) 'example_short_circuit_decorator' retrieved from /home/airflow/.local/lib/python3.8/site-packages/airflow/example_dags/example_short_circuit_decorator.py
[2026-08-26T01:02:41.933+0000] {logging_mixin.py:188} INFO - [2026-08-26T01:02:41.933+0000] {dag.py:3047} INFO - Sync 1 DAGs
[2026-08-26T01:02:41.959+0000] {logging_mixin.py:188} INFO - [2026-08-26T01:02:41.959+0000] {dag.py:3834} INFO - Setting next_dagrun for example_short_circuit_decorator to 2026-08-25 00:00:00+00:00, run_after=2026-08-26 00:00:00+00:00
[2026-08-26T01:02:41.983+0000] {processor.py:183} INFO - Processing /home/airflow/.local/lib/python3.8/site-packages/airflow/example_dags/example_short_circuit_decorator.py took 0.102 seconds
[2026-08-26T01:03:12.716+0000] {processor.py:161} INFO - Started process (PID=2151) to work on /home/airflow/.local/lib/python3.8/site-packages/airflow/example_dags/example_short_circuit_decorator.py
[2026-08-26T01:03:12.718+0000] {processor.py:830} INFO - Processing file /home/airflow/.local/lib/python3.8/site-packages/airflow/example_dags/example_short_circuit_decorator.py for tasks to queue
[2026-08-26T01:03:12.723+0000] {logging_mixin.py:188} INFO - [2026-08-26T01:03:12.722+0000] {dagbag.py:540} INFO - Filling up the DagBag from /home/airflow/.local/lib/python3.8/site-packages/airflow/example_dags/example_short_circuit_decorator.py
[2026-08-26T01:03:12.734+0000] {processor.py:840} INFO - DAG(s) 'example_short_circuit_decorator' retrieved from /home/airflow/.local/lib/python3.8/site-packages/airflow/example_dags/example_short_circuit_decorator.py
[2026-08-26T01:03:12.776+0000] {logging_mixin.py:188} INFO - [2026-08-26T01:03:12.776+0000] {dag.py:3047} INFO - Sync 1 DAGs
[2026-08-26T01:03:12.811+0000] {logging_mixin.py:188} INFO - [2026-08-26T01:03:12.810+0000] {dag.py:3834} INFO - Setting next_dagrun for example_short_circuit_decorator to 2026-08-25 00:00:00+00:00, run_after=2026-08-26 00:00:00+00:00
[2026-08-26T01:03:12.849+0000] {processor.py:183} INFO - Processing /home/airflow/.local/lib/python3.8/site-packages/airflow/example_dags/example_short_circuit_decorator.py took 0.138 seconds
[2026-08-26T01:03:42.990+0000] {processor.py:161} INFO - Started process (PID=2208) to work on /home/airflow/.local/lib/python3.8/site-packages/airflow/example_dags/example_short_circuit_decorator.py
[2026-08-26T01:03:42.992+0000] {processor.py:830} INFO - Processing file /home/airflow/.local/lib/python3.8/site-packages/airflow/example_dags/example_short_circuit_decorator.py for tasks to queue
[2026-08-26T01:03:42.996+0000] {logging_mixin.py:188} INFO - [2026-08-26T01:03:42.995+0000] {dagbag.py:540} INFO - Filling up the DagBag from /home/airflow/.local/lib/python3.8/site-packages/airflow/example_dags/example_short_circuit_decorator.py
[2026-08-26T01:03:43.009+0000] {processor.py:840} INFO - DAG(s) 'example_short_circuit_decorator' retrieved from /home/airflow/.local/lib/python3.8/site-packages/airflow/example_dags/example_short_circuit_decorator.py
[2026-08-26T01:03:43.041+0000] {logging_mixin.py:188} INFO - [2026-08-26T01:03:43.041+0000] {dag.py:3047} INFO - Sync 1 DAGs
[2026-08-26T01:03:43.076+0000] {logging_mixin.py:188} INFO - [2026-08-26T01:03:43.076+0000] {dag.py:3834} INFO - Setting next_dagrun for example_short_circuit_decorator to 2026-08-25 00:00:00+00:00, run_after=2026-08-26 00:00:00+00:00
[2026-08-26T01:03:43.100+0000] {processor.py:183} INFO - Processing /home/airflow/.local/lib/python3.8/site-packages/airflow/example_dags/example_short_circuit_decorator.py took 0.114 seconds
[2026-08-26T01:04:13.181+0000] {processor.py:161} INFO - Started process (PID=2265) to work on /home/airflow/.local/lib/python3.8/site-packages/airflow/example_dags/example_short_circuit_decorator.py
[2026-08-26T01:04:13.183+0000] {processor.py:830} INFO - Processing file /home/airflow/.local/lib/python3.8/site-packages/airflow/example_dags/example_short_circuit_decorator.py for tasks to queue
[2026-08-26T01:04:13.186+0000] {logging_mixin.py:188} INFO - [2026-08-26T01:04:13.186+0000] {dagbag.py:540} INFO - Filling up the DagBag from /home/airflow/.local/lib/python3.8/site-packages/airflow/example_dags/example_short_circuit_decorator.py
[2026-08-26T01:04:13.197+0000] {processor.py:840} INFO - DAG(s) 'example_short_circuit_decorator' retrieved from /home/airflow/.local/lib/python3.8/site-packages/airflow/example_dags/example_short_circuit_decorator.py
[2026-08-26T01:04:13.227+0000] {logging_mixin.py:188} INFO - [2026-08-26T01:04:13.227+0000] {dag.py:3047} INFO - Sync 1 DAGs
[2026-08-26T01:04:13.254+0000] {logging_mixin.py:188} INFO - [2026-08-26T01:04:13.253+0000] {dag.py:3834} INFO - Setting next_dagrun for example_short_circuit_decorator to 2026-08-25 00:00:00+00:00, run_after=2026-08-26 00:00:00+00:00
[2026-08-26T01:04:13.283+0000] {processor.py:183} INFO - Processing /home/airflow/.local/lib/python3.8/site-packages/airflow/example_dags/example_short_circuit_decorator.py took 0.105 seconds
[2026-08-26T17:48:11.077+0000] {processor.py:161} INFO - Started process (PID=106) to work on /home/airflow/.local/lib/python3.8/site-packages/airflow/example_dags/example_short_circuit_decorator.py
[2026-08-26T17:48:11.081+0000] {processor.py:830} INFO - Processing file /home/airflow/.local/lib/python3.8/site-packages/airflow/example_dags/example_short_circuit_decorator.py for tasks to queue
[2026-08-26T17:48:11.085+0000] {logging_mixin.py:188} INFO - [2026-08-26T17:48:11.084+0000] {dagbag.py:540} INFO - Filling up the DagBag from /home/airflow/.local/lib/python3.8/site-packages/airflow/example_dags/example_short_circuit_decorator.py
[2026-08-26T17:48:11.106+0000] {processor.py:840} INFO - DAG(s) 'example_short_circuit_decorator' retrieved from /home/airflow/.local/lib/python3.8/site-packages/airflow/example_dags/example_short_circuit_decorator.py
[2026-08-26T17:48:11.165+0000] {logging_mixin.py:188} INFO - [2026-08-26T17:48:11.165+0000] {dag.py:3047} INFO - Sync 1 DAGs
[2026-08-26T17:48:11.219+0000] {logging_mixin.py:188} INFO - [2026-08-26T17:48:11.218+0000] {dag.py:3834} INFO - Setting next_dagrun for example_short_circuit_decorator to 2026-08-25 00:00:00+00:00, run_after=2026-08-26 00:00:00+00:00
[2026-08-26T17:48:11.282+0000] {processor.py:183} INFO - Processing /home/airflow/.local/lib/python3.8/site-packages/airflow/example_dags/example_short_circuit_decorator.py took 0.211 seconds
[2026-08-26T17:48:41.909+0000] {processor.py:161} INFO - Started process (PID=163) to work on /home/airflow/.local/lib/python3.8/site-packages/airflow/example_dags/example_short_circuit_decorator.py
[2026-08-26T17:48:41.912+0000] {processor.py:830} INFO - Processing file /home/airflow/.local/lib/python3.8/site-packages/airflow/example_dags/example_short_circuit_decorator.py for tasks to queue
[2026-08-26T17:48:41.915+0000] {logging_mixin.py:188} INFO - [2026-08-26T17:48:41.915+0000] {dagbag.py:540} INFO - Filling up the DagBag from /home/airflow/.local/lib/python3.8/site-packages/airflow/example_dags/example_short_circuit_decorator.py
[2026-08-26T17:48:41.931+0000] {processor.py:840} INFO - DAG(s) 'example_short_circuit_decorator' retrieved from /home/airflow/.local/lib/python3.8/site-packages/airflow/example_dags/example_short_circuit_decorator.py
[2026-08-26T17:48:41.962+0000] {logging_mixin.py:188} INFO - [2026-08-26T17:48:41.962+0000] {dag.py:3047} INFO - Sync 1 DAGs
[2026-08-26T17:48:41.989+0000] {logging_mixin.py:188} INFO - [2026-08-26T17:48:41.988+0000] {dag.py:3834} INFO - Setting next_dagrun for example_short_circuit_decorator to 2026-08-25 00:00:00+00:00, run_after=2026-08-26 00:00:00+00:00
[2026-08-26T17:48:42.024+0000] {processor.py:183} INFO - Processing /home/airflow/.local/lib/python3.8/site-packages/airflow/example_dags/example_short_circuit_decorator.py took 0.120 seconds
[2026-08-26T17:49:12.267+0000] {processor.py:161} INFO - Started process (PID=220) to work on /home/airflow/.local/lib/python3.8/site-packages/airflow/example_dags/example_short_circuit_decorator.py
[2026-08-26T17:49:12.270+0000] {processor.py:830} INFO - Processing file /home/airflow/.local/lib/python3.8/site-packages/airflow/example_dags/example_short_circuit_decorator.py for tasks to queue
[2026-08-26T17:49:12.284+0000] {logging_mixin.py:188} INFO - [2026-08-26T17:49:12.280+0000] {dagbag.py:540} INFO - Filling up the DagBag from /home/airflow/.local/lib/python3.8/site-packages/airflow/example_dags/example_short_circuit_decorator.py
[2026-08-26T17:49:12.318+0000] {processor.py:840} INFO - DAG(s) 'example_short_circuit_decorator' retrieved from /home/airflow/.local/lib/python3.8/site-packages/airflow/example_dags/example_short_circuit_decorator.py
[2026-08-26T17:49:12.410+0000] {logging_mixin.py:188} INFO - [2026-08-26T17:49:12.409+0000] {dag.py:3047} INFO - Sync 1 DAGs
[2026-08-26T17:49:12.484+0000] {logging_mixin.py:188} INFO - [2026-08-26T17:49:12.484+0000] {dag.py:3834} INFO - Setting next_dagrun for example_short_circuit_decorator to 2026-08-25 00:00:00+00:00, run_after=2026-08-26 00:00:00+00:00
[2026-08-26T17:49:12.535+0000] {processor.py:183} INFO - Processing /home/airflow/.local/lib/python3.8/site-packages/airflow/example_dags/example_short_circuit_decorator.py took 0.281 seconds
[2026-08-26T17:49:42.789+0000] {processor.py:161} INFO - Started process (PID=277) to work on /home/airflow/.local/lib/python3.8/site-packages/airflow/example_dags/example_short_circuit_decorator.py
[2026-08-26T17:49:42.795+0000] {processor.py:830} INFO - Processing file /home/airflow/.local/lib/python3.8/site-packages/airflow/example_dags/example_short_circuit_decorator.py for tasks to queue
[2026-08-26T17:49:42.797+0000] {logging_mixin.py:188} INFO - [2026-08-26T17:49:42.797+0000] {dagbag.py:540} INFO - Filling up the DagBag from /home/airflow/.local/lib/python3.8/site-packages/airflow/example_dags/example_short_circuit_decorator.py
[2026-08-26T17:49:42.812+0000] {processor.py:840} INFO - DAG(s) 'example_short_circuit_decorator' retrieved from /home/airflow/.local/lib/python3.8/site-packages/airflow/example_dags/example_short_circuit_decorator.py
[2026-08-26T17:49:42.858+0000] {logging_mixin.py:188} INFO - [2026-08-26T17:49:42.857+0000] {dag.py:3047} INFO - Sync 1 DAGs
[2026-08-26T17:49:42.887+0000] {logging_mixin.py:188} INFO - [2026-08-26T17:49:42.887+0000] {dag.py:3834} INFO - Setting next_dagrun for example_short_circuit_decorator to 2026-08-25 00:00:00+00:00, run_after=2026-08-26 00:00:00+00:00
[2026-08-26T17:49:42.915+0000] {processor.py:183} INFO - Processing /home/airflow/.local/lib/python3.8/site-packages/airflow/example_dags/example_short_circuit_decorator.py took 0.133 seconds
[2026-08-26T17:50:15.020+0000] {processor.py:161} INFO - Started process (PID=334) to work on /home/airflow/.local/lib/python3.8/site-packages/airflow/example_dags/example_short_circuit_decorator.py
[2026-08-26T17:50:15.024+0000] {processor.py:830} INFO - Processing file /home/airflow/.local/lib/python3.8/site-packages/airflow/example_dags/example_short_circuit_decorator.py for tasks to queue
[2026-08-26T17:50:15.027+0000] {logging_mixin.py:188} INFO - [2026-08-26T17:50:15.027+0000] {dagbag.py:540} INFO - Filling up the DagBag from /home/airflow/.local/lib/python3.8/site-packages/airflow/example_dags/example_short_circuit_decorator.py
[2026-08-26T17:50:15.044+0000] {processor.py:840} INFO - DAG(s) 'example_short_circuit_decorator' retrieved from /home/airflow/.local/lib/python3.8/site-packages/airflow/example_dags/example_short_circuit_decorator.py
[2026-08-26T17:50:15.083+0000] {logging_mixin.py:188} INFO - [2026-08-26T17:50:15.082+0000] {dag.py:3047} INFO - Sync 1 DAGs
[2026-08-26T17:50:15.130+0000] {logging_mixin.py:188} INFO - [2026-08-26T17:50:15.130+0000] {dag.py:3834} INFO - Setting next_dagrun for example_short_circuit_decorator to 2026-08-25 00:00:00+00:00, run_after=2026-08-26 00:00:00+00:00
[2026-08-26T17:50:15.165+0000] {processor.py:183} INFO - Processing /home/airflow/.local/lib/python3.8/site-packages/airflow/example_dags/example_short_circuit_decorator.py took 0.151 seconds
[2026-08-26T17:50:45.867+0000] {processor.py:161} INFO - Started process (PID=391) to work on /home/airflow/.local/lib/python3.8/site-packages/airflow/example_dags/example_short_circuit_decorator.py
[2026-08-26T17:50:45.871+0000] {processor.py:830} INFO - Processing file /home/airflow/.local/lib/python3.8/site-packages/airflow/example_dags/example_short_circuit_decorator.py for tasks to queue
[2026-08-26T17:50:45.875+0000] {logging_mixin.py:188} INFO - [2026-08-26T17:50:45.874+0000] {dagbag.py:540} INFO - Filling up the DagBag from /home/airflow/.local/lib/python3.8/site-packages/airflow/example_dags/example_short_circuit_decorator.py
[2026-08-26T17:50:45.891+0000] {processor.py:840} INFO - DAG(s) 'example_short_circuit_decorator' retrieved from /home/airflow/.local/lib/python3.8/site-packages/airflow/example_dags/example_short_circuit_decorator.py
[2026-08-26T17:50:45.930+0000] {logging_mixin.py:188} INFO - [2026-08-26T17:50:45.930+0000] {dag.py:3047} INFO - Sync 1 DAGs
[2026-08-26T17:50:45.972+0000] {logging_mixin.py:188} INFO - [2026-08-26T17:50:45.971+0000] {dag.py:3834} INFO - Setting next_dagrun for example_short_circuit_decorator to 2026-08-25 00:00:00+00:00, run_after=2026-08-26 00:00:00+00:00
[2026-08-26T17:50:45.997+0000] {processor.py:183} INFO - Processing /home/airflow/.local/lib/python3.8/site-packages/airflow/example_dags/example_short_circuit_decorator.py took 0.136 seconds
[2026-08-26T17:51:16.175+0000] {processor.py:161} INFO - Started process (PID=448) to work on /home/airflow/.local/lib/python3.8/site-packages/airflow/example_dags/example_short_circuit_decorator.py
[2026-08-26T17:51:16.177+0000] {processor.py:830} INFO - Processing file /home/airflow/.local/lib/python3.8/site-packages/airflow/example_dags/example_short_circuit_decorator.py for tasks to queue
[2026-08-26T17:51:16.185+0000] {logging_mixin.py:188} INFO - [2026-08-26T17:51:16.183+0000] {dagbag.py:540} INFO - Filling up the DagBag from /home/airflow/.local/lib/python3.8/site-packages/airflow/example_dags/example_short_circuit_decorator.py
[2026-08-26T17:51:16.205+0000] {processor.py:840} INFO - DAG(s) 'example_short_circuit_decorator' retrieved from /home/airflow/.local/lib/python3.8/site-packages/airflow/example_dags/example_short_circuit_decorator.py
[2026-08-26T17:51:16.247+0000] {logging_mixin.py:188} INFO - [2026-08-26T17:51:16.245+0000] {dag.py:3047} INFO - Sync 1 DAGs
[2026-08-26T17:51:16.305+0000] {logging_mixin.py:188} INFO - [2026-08-26T17:51:16.305+0000] {dag.py:3834} INFO - Setting next_dagrun for example_short_circuit_decorator to 2026-08-25 00:00:00+00:00, run_after=2026-08-26 00:00:00+00:00
[2026-08-26T17:51:16.352+0000] {processor.py:183} INFO - Processing /home/airflow/.local/lib/python3.8/site-packages/airflow/example_dags/example_short_circuit_decorator.py took 0.182 seconds
[2026-08-26T17:51:47.236+0000] {processor.py:161} INFO - Started process (PID=506) to work on /home/airflow/.local/lib/python3.8/site-packages/airflow/example_dags/example_short_circuit_decorator.py
[2026-08-26T17:51:47.238+0000] {processor.py:830} INFO - Processing file /home/airflow/.local/lib/python3.8/site-packages/airflow/example_dags/example_short_circuit_decorator.py for tasks to queue
[2026-08-26T17:51:47.241+0000] {logging_mixin.py:188} INFO - [2026-08-26T17:51:47.241+0000] {dagbag.py:540} INFO - Filling up the DagBag from /home/airflow/.local/lib/python3.8/site-packages/airflow/example_dags/example_short_circuit_decorator.py
[2026-08-26T17:51:47.259+0000] {processor.py:840} INFO - DAG(s) 'example_short_circuit_decorator' retrieved from /home/airflow/.local/lib/python3.8/site-packages/airflow/example_dags/example_short_circuit_decorator.py
[2026-08-26T17:51:47.303+0000] {logging_mixin.py:188} INFO - [2026-08-26T17:51:47.303+0000] {dag.py:3047} INFO - Sync 1 DAGs
[2026-08-26T17:51:47.339+0000] {logging_mixin.py:188} INFO - [2026-08-26T17:51:47.339+0000] {dag.py:3834} INFO - Setting next_dagrun for example_short_circuit_decorator to 2026-08-25 00:00:00+00:00, run_after=2026-08-26 00:00:00+00:00
[2026-08-26T17:51:47.391+0000] {processor.py:183} INFO - Processing /home/airflow/.local/lib/python3.8/site-packages/airflow/example_dags/example_short_circuit_decorator.py took 0.162 seconds
[2026-08-26T17:52:17.938+0000] {processor.py:161} INFO - Started process (PID=563) to work on /home/airflow/.local/lib/python3.8/site-packages/airflow/example_dags/example_short_circuit_decorator.py
[2026-08-26T17:52:17.945+0000] {processor.py:830} INFO - Processing file /home/airflow/.local/lib/python3.8/site-packages/airflow/example_dags/example_short_circuit_decorator.py for tasks to queue
[2026-08-26T17:52:17.949+0000] {logging_mixin.py:188} INFO - [2026-08-26T17:52:17.949+0000] {dagbag.py:540} INFO - Filling up the DagBag from /home/airflow/.local/lib/python3.8/site-packages/airflow/example_dags/example_short_circuit_decorator.py
[2026-08-26T17:52:17.967+0000] {processor.py:840} INFO - DAG(s) 'example_short_circuit_decorator' retrieved from /home/airflow/.local/lib/python3.8/site-packages/airflow/example_dags/example_short_circuit_decorator.py
[2026-08-26T17:52:18.003+0000] {logging_mixin.py:188} INFO - [2026-08-26T17:52:18.002+0000] {dag.py:3047} INFO - Sync 1 DAGs
[2026-08-26T17:52:18.050+0000] {logging_mixin.py:188} INFO - [2026-08-26T17:52:18.049+0000] {dag.py:3834} INFO - Setting next_dagrun for example_short_circuit_decorator to 2026-08-25 00:00:00+00:00, run_after=2026-08-26 00:00:00+00:00
[2026-08-26T17:52:18.081+0000] {processor.py:183} INFO - Processing /home/airflow/.local/lib/python3.8/site-packages/airflow/example_dags/example_short_circuit_decorator.py took 0.149 seconds
[2026-08-26T17:52:48.472+0000] {processor.py:161} INFO - Started process (PID=620) to work on /home/airflow/.local/lib/python3.8/site-packages/airflow/example_dags/example_short_circuit_decorator.py
[2026-08-26T17:52:48.476+0000] {processor.py:830} INFO - Processing file /home/airflow/.local/lib/python3.8/site-packages/airflow/example_dags/example_short_circuit_decorator.py for tasks to queue
[2026-08-26T17:52:48.483+0000] {logging_mixin.py:188} INFO - [2026-08-26T17:52:48.482+0000] {dagbag.py:540} INFO - Filling up the DagBag from /home/airflow/.local/lib/python3.8/site-packages/airflow/example_dags/example_short_circuit_decorator.py
[2026-08-26T17:52:48.503+0000] {processor.py:840} INFO - DAG(s) 'example_short_circuit_decorator' retrieved from /home/airflow/.local/lib/python3.8/site-packages/airflow/example_dags/example_short_circuit_decorator.py
[2026-08-26T17:52:48.553+0000] {logging_mixin.py:188} INFO - [2026-08-26T17:52:48.553+0000] {dag.py:3047} INFO - Sync 1 DAGs
[2026-08-26T17:52:48.589+0000] {logging_mixin.py:188} INFO - [2026-08-26T17:52:48.589+0000] {dag.py:3834} INFO - Setting next_dagrun for example_short_circuit_decorator to 2026-08-25 00:00:00+00:00, run_after=2026-08-26 00:00:00+00:00
[2026-08-26T17:52:48.624+0000] {processor.py:183} INFO - Processing /home/airflow/.local/lib/python3.8/site-packages/airflow/example_dags/example_short_circuit_decorator.py took 0.158 seconds
[2026-08-26T17:53:19.515+0000] {processor.py:161} INFO - Started process (PID=678) to work on /home/airflow/.local/lib/python3.8/site-packages/airflow/example_dags/example_short_circuit_decorator.py
[2026-08-26T17:53:19.517+0000] {processor.py:830} INFO - Processing file /home/airflow/.local/lib/python3.8/site-packages/airflow/example_dags/example_short_circuit_decorator.py for tasks to queue
[2026-08-26T17:53:19.527+0000] {logging_mixin.py:188} INFO - [2026-08-26T17:53:19.526+0000] {dagbag.py:540} INFO - Filling up the DagBag from /home/airflow/.local/lib/python3.8/site-packages/airflow/example_dags/example_short_circuit_decorator.py
[2026-08-26T17:53:19.547+0000] {processor.py:840} INFO - DAG(s) 'example_short_circuit_decorator' retrieved from /home/airflow/.local/lib/python3.8/site-packages/airflow/example_dags/example_short_circuit_decorator.py
[2026-08-26T17:53:19.581+0000] {logging_mixin.py:188} INFO - [2026-08-26T17:53:19.580+0000] {dag.py:3047} INFO - Sync 1 DAGs
[2026-08-26T17:53:19.615+0000] {logging_mixin.py:188} INFO - [2026-08-26T17:53:19.614+0000] {dag.py:3834} INFO - Setting next_dagrun for example_short_circuit_decorator to 2026-08-25 00:00:00+00:00, run_after=2026-08-26 00:00:00+00:00
[2026-08-26T17:53:19.644+0000] {processor.py:183} INFO - Processing /home/airflow/.local/lib/python3.8/site-packages/airflow/example_dags/example_short_circuit_decorator.py took 0.133 seconds
[2026-08-26T17:53:50.394+0000] {processor.py:161} INFO - Started process (PID=735) to work on /home/airflow/.local/lib/python3.8/site-packages/airflow/example_dags/example_short_circuit_decorator.py
[2026-08-26T17:53:50.396+0000] {processor.py:830} INFO - Processing file /home/airflow/.local/lib/python3.8/site-packages/airflow/example_dags/example_short_circuit_decorator.py for tasks to queue
[2026-08-26T17:53:50.400+0000] {logging_mixin.py:188} INFO - [2026-08-26T17:53:50.399+0000] {dagbag.py:540} INFO - Filling up the DagBag from /home/airflow/.local/lib/python3.8/site-packages/airflow/example_dags/example_short_circuit_decorator.py
[2026-08-26T17:53:50.415+0000] {processor.py:840} INFO - DAG(s) 'example_short_circuit_decorator' retrieved from /home/airflow/.local/lib/python3.8/site-packages/airflow/example_dags/example_short_circuit_decorator.py
[2026-08-26T17:53:50.460+0000] {logging_mixin.py:188} INFO - [2026-08-26T17:53:50.460+0000] {dag.py:3047} INFO - Sync 1 DAGs
[2026-08-26T17:53:50.512+0000] {logging_mixin.py:188} INFO - [2026-08-26T17:53:50.511+0000] {dag.py:3834} INFO - Setting next_dagrun for example_short_circuit_decorator to 2026-08-25 00:00:00+00:00, run_after=2026-08-26 00:00:00+00:00
[2026-08-26T17:53:50.562+0000] {processor.py:183} INFO - Processing /home/airflow/.local/lib/python3.8/site-packages/airflow/example_dags/example_short_circuit_decorator.py took 0.175 seconds
[2026-08-26T17:54:21.208+0000] {processor.py:161} INFO - Started process (PID=792) to work on /home/airflow/.local/lib/python3.8/site-packages/airflow/example_dags/example_short_circuit_decorator.py
[2026-08-26T17:54:21.210+0000] {processor.py:830} INFO - Processing file /home/airflow/.local/lib/python3.8/site-packages/airflow/example_dags/example_short_circuit_decorator.py for tasks to queue
[2026-08-26T17:54:21.214+0000] {logging_mixin.py:188} INFO - [2026-08-26T17:54:21.213+0000] {dagbag.py:540} INFO - Filling up the DagBag from /home/airflow/.local/lib/python3.8/site-packages/airflow/example_dags/example_short_circuit_decorator.py
[2026-08-26T17:54:21.228+0000] {processor.py:840} INFO - DAG(s) 'example_short_circuit_decorator' retrieved from /home/airflow/.local/lib/python3.8/site-packages/airflow/example_dags/example_short_circuit_decorator.py
[2026-08-26T17:54:21.263+0000] {logging_mixin.py:188} INFO - [2026-08-26T17:54:21.263+0000] {dag.py:3047} INFO - Sync 1 DAGs
[2026-08-26T17:54:21.301+0000] {logging_mixin.py:188} INFO - [2026-08-26T17:54:21.300+0000] {dag.py:3834} INFO - Setting next_dagrun for example_short_circuit_decorator to 2026-08-25 00:00:00+00:00, run_after=2026-08-26 00:00:00+00:00
[2026-08-26T17:54:21.326+0000] {processor.py:183} INFO - Processing /home/airflow/.local/lib/python3.8/site-packages/airflow/example_dags/example_short_circuit_decorator.py took 0.124 seconds
[2026-08-26T17:54:51.595+0000] {processor.py:161} INFO - Started process (PID=849) to work on /home/airflow/.local/lib/python3.8/site-packages/airflow/example_dags/example_short_circuit_decorator.py
[2026-08-26T17:54:51.598+0000] {processor.py:830} INFO - Processing file /home/airflow/.local/lib/python3.8/site-packages/airflow/example_dags/example_short_circuit_decorator.py for tasks to queue
[2026-08-26T17:54:51.602+0000] {logging_mixin.py:188} INFO - [2026-08-26T17:54:51.601+0000] {dagbag.py:540} INFO - Filling up the DagBag from /home/airflow/.local/lib/python3.8/site-packages/airflow/example_dags/example_short_circuit_decorator.py
[2026-08-26T17:54:51.620+0000] {processor.py:840} INFO - DAG(s) 'example_short_circuit_decorator' retrieved from /home/airflow/.local/lib/python3.8/site-packages/airflow/example_dags/example_short_circuit_decorator.py
[2026-08-26T17:54:51.651+0000] {logging_mixin.py:188} INFO - [2026-08-26T17:54:51.651+0000] {dag.py:3047} INFO - Sync 1 DAGs
[2026-08-26T17:54:51.683+0000] {logging_mixin.py:188} INFO - [2026-08-26T17:54:51.683+0000] {dag.py:3834} INFO - Setting next_dagrun for example_short_circuit_decorator to 2026-08-25 00:00:00+00:00, run_after=2026-08-26 00:00:00+00:00
[2026-08-26T17:54:51.707+0000] {processor.py:183} INFO - Processing /home/airflow/.local/lib/python3.8/site-packages/airflow/example_dags/example_short_circuit_decorator.py took 0.120 seconds
[2026-08-26T17:55:22.438+0000] {processor.py:161} INFO - Started process (PID=906) to work on /home/airflow/.local/lib/python3.8/site-packages/airflow/example_dags/example_short_circuit_decorator.py
[2026-08-26T17:55:22.442+0000] {processor.py:830} INFO - Processing file /home/airflow/.local/lib/python3.8/site-packages/airflow/example_dags/example_short_circuit_decorator.py for tasks to queue
[2026-08-26T17:55:22.448+0000] {logging_mixin.py:188} INFO - [2026-08-26T17:55:22.446+0000] {dagbag.py:540} INFO - Filling up the DagBag from /home/airflow/.local/lib/python3.8/site-packages/airflow/example_dags/example_short_circuit_decorator.py
[2026-08-26T17:55:22.470+0000] {processor.py:840} INFO - DAG(s) 'example_short_circuit_decorator' retrieved from /home/airflow/.local/lib/python3.8/site-packages/airflow/example_dags/example_short_circuit_decorator.py
[2026-08-26T17:55:22.529+0000] {logging_mixin.py:188} INFO - [2026-08-26T17:55:22.529+0000] {dag.py:3047} INFO - Sync 1 DAGs
[2026-08-26T17:55:22.567+0000] {logging_mixin.py:188} INFO - [2026-08-26T17:55:22.567+0000] {dag.py:3834} INFO - Setting next_dagrun for example_short_circuit_decorator to 2026-08-25 00:00:00+00:00, run_after=2026-08-26 00:00:00+00:00
[2026-08-26T17:55:22.602+0000] {processor.py:183} INFO - Processing /home/airflow/.local/lib/python3.8/site-packages/airflow/example_dags/example_short_circuit_decorator.py took 0.170 seconds
[2026-08-26T17:55:52.983+0000] {processor.py:161} INFO - Started process (PID=961) to work on /home/airflow/.local/lib/python3.8/site-packages/airflow/example_dags/example_short_circuit_decorator.py
[2026-08-26T17:55:52.986+0000] {processor.py:830} INFO - Processing file /home/airflow/.local/lib/python3.8/site-packages/airflow/example_dags/example_short_circuit_decorator.py for tasks to queue
[2026-08-26T17:55:52.991+0000] {logging_mixin.py:188} INFO - [2026-08-26T17:55:52.991+0000] {dagbag.py:540} INFO - Filling up the DagBag from /home/airflow/.local/lib/python3.8/site-packages/airflow/example_dags/example_short_circuit_decorator.py
[2026-08-26T17:55:53.026+0000] {processor.py:840} INFO - DAG(s) 'example_short_circuit_decorator' retrieved from /home/airflow/.local/lib/python3.8/site-packages/airflow/example_dags/example_short_circuit_decorator.py
[2026-08-26T17:55:53.114+0000] {logging_mixin.py:188} INFO - [2026-08-26T17:55:53.104+0000] {dag.py:3047} INFO - Sync 1 DAGs
[2026-08-26T17:55:53.210+0000] {logging_mixin.py:188} INFO - [2026-08-26T17:55:53.209+0000] {dag.py:3834} INFO - Setting next_dagrun for example_short_circuit_decorator to 2026-08-25 00:00:00+00:00, run_after=2026-08-26 00:00:00+00:00
[2026-08-26T17:55:53.321+0000] {processor.py:183} INFO - Processing /home/airflow/.local/lib/python3.8/site-packages/airflow/example_dags/example_short_circuit_decorator.py took 0.355 seconds
[2026-08-26T17:56:23.434+0000] {processor.py:161} INFO - Started process (PID=1017) to work on /home/airflow/.local/lib/python3.8/site-packages/airflow/example_dags/example_short_circuit_decorator.py
[2026-08-26T17:56:23.438+0000] {processor.py:830} INFO - Processing file /home/airflow/.local/lib/python3.8/site-packages/airflow/example_dags/example_short_circuit_decorator.py for tasks to queue
[2026-08-26T17:56:23.443+0000] {logging_mixin.py:188} INFO - [2026-08-26T17:56:23.442+0000] {dagbag.py:540} INFO - Filling up the DagBag from /home/airflow/.local/lib/python3.8/site-packages/airflow/example_dags/example_short_circuit_decorator.py
[2026-08-26T17:56:23.458+0000] {processor.py:840} INFO - DAG(s) 'example_short_circuit_decorator' retrieved from /home/airflow/.local/lib/python3.8/site-packages/airflow/example_dags/example_short_circuit_decorator.py
[2026-08-26T17:56:23.495+0000] {logging_mixin.py:188} INFO - [2026-08-26T17:56:23.495+0000] {dag.py:3047} INFO - Sync 1 DAGs
[2026-08-26T17:56:23.539+0000] {logging_mixin.py:188} INFO - [2026-08-26T17:56:23.539+0000] {dag.py:3834} INFO - Setting next_dagrun for example_short_circuit_decorator to 2026-08-25 00:00:00+00:00, run_after=2026-08-26 00:00:00+00:00
[2026-08-26T17:56:23.568+0000] {processor.py:183} INFO - Processing /home/airflow/.local/lib/python3.8/site-packages/airflow/example_dags/example_short_circuit_decorator.py took 0.138 seconds
[2026-08-26T17:56:53.663+0000] {processor.py:161} INFO - Started process (PID=1074) to work on /home/airflow/.local/lib/python3.8/site-packages/airflow/example_dags/example_short_circuit_decorator.py
[2026-08-26T17:56:53.666+0000] {processor.py:830} INFO - Processing file /home/airflow/.local/lib/python3.8/site-packages/airflow/example_dags/example_short_circuit_decorator.py for tasks to queue
[2026-08-26T17:56:53.670+0000] {logging_mixin.py:188} INFO - [2026-08-26T17:56:53.669+0000] {dagbag.py:540} INFO - Filling up the DagBag from /home/airflow/.local/lib/python3.8/site-packages/airflow/example_dags/example_short_circuit_decorator.py
[2026-08-26T17:56:53.685+0000] {processor.py:840} INFO - DAG(s) 'example_short_circuit_decorator' retrieved from /home/airflow/.local/lib/python3.8/site-packages/airflow/example_dags/example_short_circuit_decorator.py
[2026-08-26T17:56:53.719+0000] {logging_mixin.py:188} INFO - [2026-08-26T17:56:53.719+0000] {dag.py:3047} INFO - Sync 1 DAGs
[2026-08-26T17:56:53.753+0000] {logging_mixin.py:188} INFO - [2026-08-26T17:56:53.753+0000] {dag.py:3834} INFO - Setting next_dagrun for example_short_circuit_decorator to 2026-08-25 00:00:00+00:00, run_after=2026-08-26 00:00:00+00:00
[2026-08-26T17:56:53.779+0000] {processor.py:183} INFO - Processing /home/airflow/.local/lib/python3.8/site-packages/airflow/example_dags/example_short_circuit_decorator.py took 0.120 seconds
[2026-08-26T17:57:24.439+0000] {processor.py:161} INFO - Started process (PID=1133) to work on /home/airflow/.local/lib/python3.8/site-packages/airflow/example_dags/example_short_circuit_decorator.py
[2026-08-26T17:57:24.441+0000] {processor.py:830} INFO - Processing file /home/airflow/.local/lib/python3.8/site-packages/airflow/example_dags/example_short_circuit_decorator.py for tasks to queue
[2026-08-26T17:57:24.443+0000] {logging_mixin.py:188} INFO - [2026-08-26T17:57:24.443+0000] {dagbag.py:540} INFO - Filling up the DagBag from /home/airflow/.local/lib/python3.8/site-packages/airflow/example_dags/example_short_circuit_decorator.py
[2026-08-26T17:57:24.456+0000] {processor.py:840} INFO - DAG(s) 'example_short_circuit_decorator' retrieved from /home/airflow/.local/lib/python3.8/site-packages/airflow/example_dags/example_short_circuit_decorator.py
[2026-08-26T17:57:24.492+0000] {logging_mixin.py:188} INFO - [2026-08-26T17:57:24.492+0000] {dag.py:3047} INFO - Sync 1 DAGs
[2026-08-26T17:57:24.522+0000] {logging_mixin.py:188} INFO - [2026-08-26T17:57:24.522+0000] {dag.py:3834} INFO - Setting next_dagrun for example_short_circuit_decorator to 2026-08-25 00:00:00+00:00, run_after=2026-08-26 00:00:00+00:00
[2026-08-26T17:57:24.556+0000] {processor.py:183} INFO - Processing /home/airflow/.local/lib/python3.8/site-packages/airflow/example_dags/example_short_circuit_decorator.py took 0.121 seconds
[2026-08-26T17:57:55.263+0000] {processor.py:161} INFO - Started process (PID=1190) to work on /home/airflow/.local/lib/python3.8/site-packages/airflow/example_dags/example_short_circuit_decorator.py
[2026-08-26T17:57:55.265+0000] {processor.py:830} INFO - Processing file /home/airflow/.local/lib/python3.8/site-packages/airflow/example_dags/example_short_circuit_decorator.py for tasks to queue
[2026-08-26T17:57:55.268+0000] {logging_mixin.py:188} INFO - [2026-08-26T17:57:55.267+0000] {dagbag.py:540} INFO - Filling up the DagBag from /home/airflow/.local/lib/python3.8/site-packages/airflow/example_dags/example_short_circuit_decorator.py
[2026-08-26T17:57:55.286+0000] {processor.py:840} INFO - DAG(s) 'example_short_circuit_decorator' retrieved from /home/airflow/.local/lib/python3.8/site-packages/airflow/example_dags/example_short_circuit_decorator.py
[2026-08-26T17:57:55.318+0000] {logging_mixin.py:188} INFO - [2026-08-26T17:57:55.317+0000] {dag.py:3047} INFO - Sync 1 DAGs
[2026-08-26T17:57:55.349+0000] {logging_mixin.py:188} INFO - [2026-08-26T17:57:55.349+0000] {dag.py:3834} INFO - Setting next_dagrun for example_short_circuit_decorator to 2026-08-25 00:00:00+00:00, run_after=2026-08-26 00:00:00+00:00
[2026-08-26T17:57:55.377+0000] {processor.py:183} INFO - Processing /home/airflow/.local/lib/python3.8/site-packages/airflow/example_dags/example_short_circuit_decorator.py took 0.119 seconds
[2026-08-26T17:58:26.150+0000] {processor.py:161} INFO - Started process (PID=1247) to work on /home/airflow/.local/lib/python3.8/site-packages/airflow/example_dags/example_short_circuit_decorator.py
[2026-08-26T17:58:26.152+0000] {processor.py:830} INFO - Processing file /home/airflow/.local/lib/python3.8/site-packages/airflow/example_dags/example_short_circuit_decorator.py for tasks to queue
[2026-08-26T17:58:26.156+0000] {logging_mixin.py:188} INFO - [2026-08-26T17:58:26.155+0000] {dagbag.py:540} INFO - Filling up the DagBag from /home/airflow/.local/lib/python3.8/site-packages/airflow/example_dags/example_short_circuit_decorator.py
[2026-08-26T17:58:26.172+0000] {processor.py:840} INFO - DAG(s) 'example_short_circuit_decorator' retrieved from /home/airflow/.local/lib/python3.8/site-packages/airflow/example_dags/example_short_circuit_decorator.py
[2026-08-26T17:58:26.204+0000] {logging_mixin.py:188} INFO - [2026-08-26T17:58:26.204+0000] {dag.py:3047} INFO - Sync 1 DAGs
[2026-08-26T17:58:26.235+0000] {logging_mixin.py:188} INFO - [2026-08-26T17:58:26.235+0000] {dag.py:3834} INFO - Setting next_dagrun for example_short_circuit_decorator to 2026-08-25 00:00:00+00:00, run_after=2026-08-26 00:00:00+00:00
[2026-08-26T17:58:26.264+0000] {processor.py:183} INFO - Processing /home/airflow/.local/lib/python3.8/site-packages/airflow/example_dags/example_short_circuit_decorator.py took 0.117 seconds
[2026-08-26T17:58:57.252+0000] {processor.py:161} INFO - Started process (PID=1304) to work on /home/airflow/.local/lib/python3.8/site-packages/airflow/example_dags/example_short_circuit_decorator.py
[2026-08-26T17:58:57.256+0000] {processor.py:830} INFO - Processing file /home/airflow/.local/lib/python3.8/site-packages/airflow/example_dags/example_short_circuit_decorator.py for tasks to queue
[2026-08-26T17:58:57.258+0000] {logging_mixin.py:188} INFO - [2026-08-26T17:58:57.258+0000] {dagbag.py:540} INFO - Filling up the DagBag from /home/airflow/.local/lib/python3.8/site-packages/airflow/example_dags/example_short_circuit_decorator.py
[2026-08-26T17:58:57.268+0000] {processor.py:840} INFO - DAG(s) 'example_short_circuit_decorator' retrieved from /home/airflow/.local/lib/python3.8/site-packages/airflow/example_dags/example_short_circuit_decorator.py
[2026-08-26T17:58:57.299+0000] {logging_mixin.py:188} INFO - [2026-08-26T17:58:57.299+0000] {dag.py:3047} INFO - Sync 1 DAGs
[2026-08-26T17:58:57.325+0000] {logging_mixin.py:188} INFO - [2026-08-26T17:58:57.325+0000] {dag.py:3834} INFO - Setting next_dagrun for example_short_circuit_decorator to 2026-08-25 00:00:00+00:00, run_after=2026-08-26 00:00:00+00:00
[2026-08-26T17:58:57.351+0000] {processor.py:183} INFO - Processing /home/airflow/.local/lib/python3.8/site-packages/airflow/example_dags/example_short_circuit_decorator.py took 0.103 seconds
[2026-08-26T17:59:28.098+0000] {processor.py:161} INFO - Started process (PID=1361) to work on /home/airflow/.local/lib/python3.8/site-packages/airflow/example_dags/example_short_circuit_decorator.py
[2026-08-26T17:59:28.100+0000] {processor.py:830} INFO - Processing file /home/airflow/.local/lib/python3.8/site-packages/airflow/example_dags/example_short_circuit_decorator.py for tasks to queue
[2026-08-26T17:59:28.105+0000] {logging_mixin.py:188} INFO - [2026-08-26T17:59:28.104+0000] {dagbag.py:540} INFO - Filling up the DagBag from /home/airflow/.local/lib/python3.8/site-packages/airflow/example_dags/example_short_circuit_decorator.py
[2026-08-26T17:59:28.128+0000] {processor.py:840} INFO - DAG(s) 'example_short_circuit_decorator' retrieved from /home/airflow/.local/lib/python3.8/site-packages/airflow/example_dags/example_short_circuit_decorator.py
[2026-08-26T17:59:28.172+0000] {logging_mixin.py:188} INFO - [2026-08-26T17:59:28.171+0000] {dag.py:3047} INFO - Sync 1 DAGs
[2026-08-26T17:59:28.210+0000] {logging_mixin.py:188} INFO - [2026-08-26T17:59:28.210+0000] {dag.py:3834} INFO - Setting next_dagrun for example_short_circuit_decorator to 2026-08-25 00:00:00+00:00, run_after=2026-08-26 00:00:00+00:00
[2026-08-26T17:59:28.234+0000] {processor.py:183} INFO - Processing /home/airflow/.local/lib/python3.8/site-packages/airflow/example_dags/example_short_circuit_decorator.py took 0.141 seconds
[2026-08-26T17:59:58.939+0000] {processor.py:161} INFO - Started process (PID=1418) to work on /home/airflow/.local/lib/python3.8/site-packages/airflow/example_dags/example_short_circuit_decorator.py
[2026-08-26T17:59:58.941+0000] {processor.py:830} INFO - Processing file /home/airflow/.local/lib/python3.8/site-packages/airflow/example_dags/example_short_circuit_decorator.py for tasks to queue
[2026-08-26T17:59:58.945+0000] {logging_mixin.py:188} INFO - [2026-08-26T17:59:58.944+0000] {dagbag.py:540} INFO - Filling up the DagBag from /home/airflow/.local/lib/python3.8/site-packages/airflow/example_dags/example_short_circuit_decorator.py
[2026-08-26T17:59:58.956+0000] {processor.py:840} INFO - DAG(s) 'example_short_circuit_decorator' retrieved from /home/airflow/.local/lib/python3.8/site-packages/airflow/example_dags/example_short_circuit_decorator.py
[2026-08-26T17:59:58.985+0000] {logging_mixin.py:188} INFO - [2026-08-26T17:59:58.985+0000] {dag.py:3047} INFO - Sync 1 DAGs
[2026-08-26T17:59:59.011+0000] {logging_mixin.py:188} INFO - [2026-08-26T17:59:59.011+0000] {dag.py:3834} INFO - Setting next_dagrun for example_short_circuit_decorator to 2026-08-25 00:00:00+00:00, run_after=2026-08-26 00:00:00+00:00
[2026-08-26T17:59:59.033+0000] {processor.py:183} INFO - Processing /home/airflow/.local/lib/python3.8/site-packages/airflow/example_dags/example_short_circuit_decorator.py took 0.099 seconds
[2026-08-26T18:00:29.200+0000] {processor.py:161} INFO - Started process (PID=1475) to work on /home/airflow/.local/lib/python3.8/site-packages/airflow/example_dags/example_short_circuit_decorator.py
[2026-08-26T18:00:29.201+0000] {processor.py:830} INFO - Processing file /home/airflow/.local/lib/python3.8/site-packages/airflow/example_dags/example_short_circuit_decorator.py for tasks to queue
[2026-08-26T18:00:29.204+0000] {logging_mixin.py:188} INFO - [2026-08-26T18:00:29.204+0000] {dagbag.py:540} INFO - Filling up the DagBag from /home/airflow/.local/lib/python3.8/site-packages/airflow/example_dags/example_short_circuit_decorator.py
[2026-08-26T18:00:29.214+0000] {processor.py:840} INFO - DAG(s) 'example_short_circuit_decorator' retrieved from /home/airflow/.local/lib/python3.8/site-packages/airflow/example_dags/example_short_circuit_decorator.py
[2026-08-26T18:00:29.239+0000] {logging_mixin.py:188} INFO - [2026-08-26T18:00:29.239+0000] {dag.py:3047} INFO - Sync 1 DAGs
[2026-08-26T18:00:29.266+0000] {logging_mixin.py:188} INFO - [2026-08-26T18:00:29.265+0000] {dag.py:3834} INFO - Setting next_dagrun for example_short_circuit_decorator to 2026-08-25 00:00:00+00:00, run_after=2026-08-26 00:00:00+00:00
[2026-08-26T18:00:29.290+0000] {processor.py:183} INFO - Processing /home/airflow/.local/lib/python3.8/site-packages/airflow/example_dags/example_short_circuit_decorator.py took 0.094 seconds
[2026-08-26T18:00:59.406+0000] {processor.py:161} INFO - Started process (PID=1532) to work on /home/airflow/.local/lib/python3.8/site-packages/airflow/example_dags/example_short_circuit_decorator.py
[2026-08-26T18:00:59.408+0000] {processor.py:830} INFO - Processing file /home/airflow/.local/lib/python3.8/site-packages/airflow/example_dags/example_short_circuit_decorator.py for tasks to queue
[2026-08-26T18:00:59.411+0000] {logging_mixin.py:188} INFO - [2026-08-26T18:00:59.410+0000] {dagbag.py:540} INFO - Filling up the DagBag from /home/airflow/.local/lib/python3.8/site-packages/airflow/example_dags/example_short_circuit_decorator.py
[2026-08-26T18:00:59.420+0000] {processor.py:840} INFO - DAG(s) 'example_short_circuit_decorator' retrieved from /home/airflow/.local/lib/python3.8/site-packages/airflow/example_dags/example_short_circuit_decorator.py
[2026-08-26T18:00:59.449+0000] {logging_mixin.py:188} INFO - [2026-08-26T18:00:59.449+0000] {dag.py:3047} INFO - Sync 1 DAGs
[2026-08-26T18:00:59.472+0000] {logging_mixin.py:188} INFO - [2026-08-26T18:00:59.472+0000] {dag.py:3834} INFO - Setting next_dagrun for example_short_circuit_decorator to 2026-08-25 00:00:00+00:00, run_after=2026-08-26 00:00:00+00:00
[2026-08-26T18:00:59.491+0000] {processor.py:183} INFO - Processing /home/airflow/.local/lib/python3.8/site-packages/airflow/example_dags/example_short_circuit_decorator.py took 0.089 seconds
[2026-08-26T18:01:29.680+0000] {processor.py:161} INFO - Started process (PID=1589) to work on /home/airflow/.local/lib/python3.8/site-packages/airflow/example_dags/example_short_circuit_decorator.py
[2026-08-26T18:01:29.684+0000] {processor.py:830} INFO - Processing file /home/airflow/.local/lib/python3.8/site-packages/airflow/example_dags/example_short_circuit_decorator.py for tasks to queue
[2026-08-26T18:01:29.688+0000] {logging_mixin.py:188} INFO - [2026-08-26T18:01:29.688+0000] {dagbag.py:540} INFO - Filling up the DagBag from /home/airflow/.local/lib/python3.8/site-packages/airflow/example_dags/example_short_circuit_decorator.py
[2026-08-26T18:01:29.700+0000] {processor.py:840} INFO - DAG(s) 'example_short_circuit_decorator' retrieved from /home/airflow/.local/lib/python3.8/site-packages/airflow/example_dags/example_short_circuit_decorator.py
[2026-08-26T18:01:29.729+0000] {logging_mixin.py:188} INFO - [2026-08-26T18:01:29.729+0000] {dag.py:3047} INFO - Sync 1 DAGs
[2026-08-26T18:01:29.752+0000] {logging_mixin.py:188} INFO - [2026-08-26T18:01:29.752+0000] {dag.py:3834} INFO - Setting next_dagrun for example_short_circuit_decorator to 2026-08-25 00:00:00+00:00, run_after=2026-08-26 00:00:00+00:00
[2026-08-26T18:01:29.779+0000] {processor.py:183} INFO - Processing /home/airflow/.local/lib/python3.8/site-packages/airflow/example_dags/example_short_circuit_decorator.py took 0.114 seconds
[2026-08-26T18:01:59.871+0000] {processor.py:161} INFO - Started process (PID=1647) to work on /home/airflow/.local/lib/python3.8/site-packages/airflow/example_dags/example_short_circuit_decorator.py
[2026-08-26T18:01:59.874+0000] {processor.py:830} INFO - Processing file /home/airflow/.local/lib/python3.8/site-packages/airflow/example_dags/example_short_circuit_decorator.py for tasks to queue
[2026-08-26T18:01:59.877+0000] {logging_mixin.py:188} INFO - [2026-08-26T18:01:59.877+0000] {dagbag.py:540} INFO - Filling up the DagBag from /home/airflow/.local/lib/python3.8/site-packages/airflow/example_dags/example_short_circuit_decorator.py
[2026-08-26T18:01:59.896+0000] {processor.py:840} INFO - DAG(s) 'example_short_circuit_decorator' retrieved from /home/airflow/.local/lib/python3.8/site-packages/airflow/example_dags/example_short_circuit_decorator.py
[2026-08-26T18:01:59.931+0000] {logging_mixin.py:188} INFO - [2026-08-26T18:01:59.931+0000] {dag.py:3047} INFO - Sync 1 DAGs
[2026-08-26T18:01:59.958+0000] {logging_mixin.py:188} INFO - [2026-08-26T18:01:59.958+0000] {dag.py:3834} INFO - Setting next_dagrun for example_short_circuit_decorator to 2026-08-25 00:00:00+00:00, run_after=2026-08-26 00:00:00+00:00
[2026-08-26T18:01:59.985+0000] {processor.py:183} INFO - Processing /home/airflow/.local/lib/python3.8/site-packages/airflow/example_dags/example_short_circuit_decorator.py took 0.119 seconds
[2026-08-26T18:02:30.744+0000] {processor.py:161} INFO - Started process (PID=1704) to work on /home/airflow/.local/lib/python3.8/site-packages/airflow/example_dags/example_short_circuit_decorator.py
[2026-08-26T18:02:30.746+0000] {processor.py:830} INFO - Processing file /home/airflow/.local/lib/python3.8/site-packages/airflow/example_dags/example_short_circuit_decorator.py for tasks to queue
[2026-08-26T18:02:30.748+0000] {logging_mixin.py:188} INFO - [2026-08-26T18:02:30.748+0000] {dagbag.py:540} INFO - Filling up the DagBag from /home/airflow/.local/lib/python3.8/site-packages/airflow/example_dags/example_short_circuit_decorator.py
[2026-08-26T18:02:30.765+0000] {processor.py:840} INFO - DAG(s) 'example_short_circuit_decorator' retrieved from /home/airflow/.local/lib/python3.8/site-packages/airflow/example_dags/example_short_circuit_decorator.py
[2026-08-26T18:02:30.798+0000] {logging_mixin.py:188} INFO - [2026-08-26T18:02:30.798+0000] {dag.py:3047} INFO - Sync 1 DAGs
[2026-08-26T18:02:30.831+0000] {logging_mixin.py:188} INFO - [2026-08-26T18:02:30.831+0000] {dag.py:3834} INFO - Setting next_dagrun for example_short_circuit_decorator to 2026-08-25 00:00:00+00:00, run_after=2026-08-26 00:00:00+00:00
[2026-08-26T18:02:30.861+0000] {processor.py:183} INFO - Processing /home/airflow/.local/lib/python3.8/site-packages/airflow/example_dags/example_short_circuit_decorator.py took 0.123 seconds
[2026-08-26T18:03:01.221+0000] {processor.py:161} INFO - Started process (PID=1767) to work on /home/airflow/.local/lib/python3.8/site-packages/airflow/example_dags/example_short_circuit_decorator.py
[2026-08-26T18:03:01.223+0000] {processor.py:830} INFO - Processing file /home/airflow/.local/lib/python3.8/site-packages/airflow/example_dags/example_short_circuit_decorator.py for tasks to queue
[2026-08-26T18:03:01.225+0000] {logging_mixin.py:188} INFO - [2026-08-26T18:03:01.225+0000] {dagbag.py:540} INFO - Filling up the DagBag from /home/airflow/.local/lib/python3.8/site-packages/airflow/example_dags/example_short_circuit_decorator.py
[2026-08-26T18:03:01.236+0000] {processor.py:840} INFO - DAG(s) 'example_short_circuit_decorator' retrieved from /home/airflow/.local/lib/python3.8/site-packages/airflow/example_dags/example_short_circuit_decorator.py
[2026-08-26T18:03:01.262+0000] {logging_mixin.py:188} INFO - [2026-08-26T18:03:01.262+0000] {dag.py:3047} INFO - Sync 1 DAGs
[2026-08-26T18:03:01.285+0000] {logging_mixin.py:188} INFO - [2026-08-26T18:03:01.285+0000] {dag.py:3834} INFO - Setting next_dagrun for example_short_circuit_decorator to 2026-08-25 00:00:00+00:00, run_after=2026-08-26 00:00:00+00:00
[2026-08-26T18:03:01.306+0000] {processor.py:183} INFO - Processing /home/airflow/.local/lib/python3.8/site-packages/airflow/example_dags/example_short_circuit_decorator.py took 0.088 seconds
[2026-08-26T18:03:32.261+0000] {processor.py:161} INFO - Started process (PID=1824) to work on /home/airflow/.local/lib/python3.8/site-packages/airflow/example_dags/example_short_circuit_decorator.py
[2026-08-26T18:03:32.264+0000] {processor.py:830} INFO - Processing file /home/airflow/.local/lib/python3.8/site-packages/airflow/example_dags/example_short_circuit_decorator.py for tasks to queue
[2026-08-26T18:03:32.267+0000] {logging_mixin.py:188} INFO - [2026-08-26T18:03:32.266+0000] {dagbag.py:540} INFO - Filling up the DagBag from /home/airflow/.local/lib/python3.8/site-packages/airflow/example_dags/example_short_circuit_decorator.py
[2026-08-26T18:03:32.282+0000] {processor.py:840} INFO - DAG(s) 'example_short_circuit_decorator' retrieved from /home/airflow/.local/lib/python3.8/site-packages/airflow/example_dags/example_short_circuit_decorator.py
[2026-08-26T18:03:32.327+0000] {logging_mixin.py:188} INFO - [2026-08-26T18:03:32.326+0000] {dag.py:3047} INFO - Sync 1 DAGs
[2026-08-26T18:03:32.366+0000] {logging_mixin.py:188} INFO - [2026-08-26T18:03:32.366+0000] {dag.py:3834} INFO - Setting next_dagrun for example_short_circuit_decorator to 2026-08-25 00:00:00+00:00, run_after=2026-08-26 00:00:00+00:00
[2026-08-26T18:03:32.398+0000] {processor.py:183} INFO - Processing /home/airflow/.local/lib/python3.8/site-packages/airflow/example_dags/example_short_circuit_decorator.py took 0.141 seconds
[2026-08-26T18:04:02.811+0000] {processor.py:161} INFO - Started process (PID=1881) to work on /home/airflow/.local/lib/python3.8/site-packages/airflow/example_dags/example_short_circuit_decorator.py
[2026-08-26T18:04:02.815+0000] {processor.py:830} INFO - Processing file /home/airflow/.local/lib/python3.8/site-packages/airflow/example_dags/example_short_circuit_decorator.py for tasks to queue
[2026-08-26T18:04:02.818+0000] {logging_mixin.py:188} INFO - [2026-08-26T18:04:02.817+0000] {dagbag.py:540} INFO - Filling up the DagBag from /home/airflow/.local/lib/python3.8/site-packages/airflow/example_dags/example_short_circuit_decorator.py
[2026-08-26T18:04:02.830+0000] {processor.py:840} INFO - DAG(s) 'example_short_circuit_decorator' retrieved from /home/airflow/.local/lib/python3.8/site-packages/airflow/example_dags/example_short_circuit_decorator.py
[2026-08-26T18:04:02.857+0000] {logging_mixin.py:188} INFO - [2026-08-26T18:04:02.857+0000] {dag.py:3047} INFO - Sync 1 DAGs
[2026-08-26T18:04:02.884+0000] {logging_mixin.py:188} INFO - [2026-08-26T18:04:02.884+0000] {dag.py:3834} INFO - Setting next_dagrun for example_short_circuit_decorator to 2026-08-25 00:00:00+00:00, run_after=2026-08-26 00:00:00+00:00
[2026-08-26T18:04:02.909+0000] {processor.py:183} INFO - Processing /home/airflow/.local/lib/python3.8/site-packages/airflow/example_dags/example_short_circuit_decorator.py took 0.103 seconds
[2026-08-26T18:04:32.970+0000] {processor.py:161} INFO - Started process (PID=1938) to work on /home/airflow/.local/lib/python3.8/site-packages/airflow/example_dags/example_short_circuit_decorator.py
[2026-08-26T18:04:32.972+0000] {processor.py:830} INFO - Processing file /home/airflow/.local/lib/python3.8/site-packages/airflow/example_dags/example_short_circuit_decorator.py for tasks to queue
[2026-08-26T18:04:32.977+0000] {logging_mixin.py:188} INFO - [2026-08-26T18:04:32.976+0000] {dagbag.py:540} INFO - Filling up the DagBag from /home/airflow/.local/lib/python3.8/site-packages/airflow/example_dags/example_short_circuit_decorator.py
[2026-08-26T18:04:32.989+0000] {processor.py:840} INFO - DAG(s) 'example_short_circuit_decorator' retrieved from /home/airflow/.local/lib/python3.8/site-packages/airflow/example_dags/example_short_circuit_decorator.py
[2026-08-26T18:04:33.021+0000] {logging_mixin.py:188} INFO - [2026-08-26T18:04:33.021+0000] {dag.py:3047} INFO - Sync 1 DAGs
[2026-08-26T18:04:33.049+0000] {logging_mixin.py:188} INFO - [2026-08-26T18:04:33.049+0000] {dag.py:3834} INFO - Setting next_dagrun for example_short_circuit_decorator to 2026-08-25 00:00:00+00:00, run_after=2026-08-26 00:00:00+00:00
[2026-08-26T18:04:33.078+0000] {processor.py:183} INFO - Processing /home/airflow/.local/lib/python3.8/site-packages/airflow/example_dags/example_short_circuit_decorator.py took 0.113 seconds
[2026-08-26T18:05:03.547+0000] {processor.py:161} INFO - Started process (PID=1995) to work on /home/airflow/.local/lib/python3.8/site-packages/airflow/example_dags/example_short_circuit_decorator.py
[2026-08-26T18:05:03.551+0000] {processor.py:830} INFO - Processing file /home/airflow/.local/lib/python3.8/site-packages/airflow/example_dags/example_short_circuit_decorator.py for tasks to queue
[2026-08-26T18:05:03.558+0000] {logging_mixin.py:188} INFO - [2026-08-26T18:05:03.557+0000] {dagbag.py:540} INFO - Filling up the DagBag from /home/airflow/.local/lib/python3.8/site-packages/airflow/example_dags/example_short_circuit_decorator.py
[2026-08-26T18:05:03.596+0000] {processor.py:840} INFO - DAG(s) 'example_short_circuit_decorator' retrieved from /home/airflow/.local/lib/python3.8/site-packages/airflow/example_dags/example_short_circuit_decorator.py
[2026-08-26T18:05:03.658+0000] {logging_mixin.py:188} INFO - [2026-08-26T18:05:03.657+0000] {dag.py:3047} INFO - Sync 1 DAGs
[2026-08-26T18:05:03.709+0000] {logging_mixin.py:188} INFO - [2026-08-26T18:05:03.709+0000] {dag.py:3834} INFO - Setting next_dagrun for example_short_circuit_decorator to 2026-08-25 00:00:00+00:00, run_after=2026-08-26 00:00:00+00:00
[2026-08-26T18:05:03.765+0000] {processor.py:183} INFO - Processing /home/airflow/.local/lib/python3.8/site-packages/airflow/example_dags/example_short_circuit_decorator.py took 0.241 seconds
[2026-08-26T18:05:34.365+0000] {processor.py:161} INFO - Started process (PID=2052) to work on /home/airflow/.local/lib/python3.8/site-packages/airflow/example_dags/example_short_circuit_decorator.py
[2026-08-26T18:05:34.368+0000] {processor.py:830} INFO - Processing file /home/airflow/.local/lib/python3.8/site-packages/airflow/example_dags/example_short_circuit_decorator.py for tasks to queue
[2026-08-26T18:05:34.377+0000] {logging_mixin.py:188} INFO - [2026-08-26T18:05:34.376+0000] {dagbag.py:540} INFO - Filling up the DagBag from /home/airflow/.local/lib/python3.8/site-packages/airflow/example_dags/example_short_circuit_decorator.py
[2026-08-26T18:05:34.400+0000] {processor.py:840} INFO - DAG(s) 'example_short_circuit_decorator' retrieved from /home/airflow/.local/lib/python3.8/site-packages/airflow/example_dags/example_short_circuit_decorator.py
[2026-08-26T18:05:34.445+0000] {logging_mixin.py:188} INFO - [2026-08-26T18:05:34.445+0000] {dag.py:3047} INFO - Sync 1 DAGs
[2026-08-26T18:05:34.477+0000] {logging_mixin.py:188} INFO - [2026-08-26T18:05:34.477+0000] {dag.py:3834} INFO - Setting next_dagrun for example_short_circuit_decorator to 2026-08-25 00:00:00+00:00, run_after=2026-08-26 00:00:00+00:00
[2026-08-26T18:05:34.508+0000] {processor.py:183} INFO - Processing /home/airflow/.local/lib/python3.8/site-packages/airflow/example_dags/example_short_circuit_decorator.py took 0.151 seconds
[2026-08-26T18:06:04.637+0000] {processor.py:161} INFO - Started process (PID=2109) to work on /home/airflow/.local/lib/python3.8/site-packages/airflow/example_dags/example_short_circuit_decorator.py
[2026-08-26T18:06:04.638+0000] {processor.py:830} INFO - Processing file /home/airflow/.local/lib/python3.8/site-packages/airflow/example_dags/example_short_circuit_decorator.py for tasks to queue
[2026-08-26T18:06:04.641+0000] {logging_mixin.py:188} INFO - [2026-08-26T18:06:04.641+0000] {dagbag.py:540} INFO - Filling up the DagBag from /home/airflow/.local/lib/python3.8/site-packages/airflow/example_dags/example_short_circuit_decorator.py
[2026-08-26T18:06:04.656+0000] {processor.py:840} INFO - DAG(s) 'example_short_circuit_decorator' retrieved from /home/airflow/.local/lib/python3.8/site-packages/airflow/example_dags/example_short_circuit_decorator.py
[2026-08-26T18:06:04.694+0000] {logging_mixin.py:188} INFO - [2026-08-26T18:06:04.694+0000] {dag.py:3047} INFO - Sync 1 DAGs
[2026-08-26T18:06:04.725+0000] {logging_mixin.py:188} INFO - [2026-08-26T18:06:04.724+0000] {dag.py:3834} INFO - Setting next_dagrun for example_short_circuit_decorator to 2026-08-25 00:00:00+00:00, run_after=2026-08-26 00:00:00+00:00
[2026-08-26T18:06:04.744+0000] {processor.py:183} INFO - Processing /home/airflow/.local/lib/python3.8/site-packages/airflow/example_dags/example_short_circuit_decorator.py took 0.115 seconds
[2026-08-26T18:06:35.196+0000] {processor.py:161} INFO - Started process (PID=2166) to work on /home/airflow/.local/lib/python3.8/site-packages/airflow/example_dags/example_short_circuit_decorator.py
[2026-08-26T18:06:35.199+0000] {processor.py:830} INFO - Processing file /home/airflow/.local/lib/python3.8/site-packages/airflow/example_dags/example_short_circuit_decorator.py for tasks to queue
[2026-08-26T18:06:35.203+0000] {logging_mixin.py:188} INFO - [2026-08-26T18:06:35.202+0000] {dagbag.py:540} INFO - Filling up the DagBag from /home/airflow/.local/lib/python3.8/site-packages/airflow/example_dags/example_short_circuit_decorator.py
[2026-08-26T18:06:35.216+0000] {processor.py:840} INFO - DAG(s) 'example_short_circuit_decorator' retrieved from /home/airflow/.local/lib/python3.8/site-packages/airflow/example_dags/example_short_circuit_decorator.py
[2026-08-26T18:06:35.248+0000] {logging_mixin.py:188} INFO - [2026-08-26T18:06:35.246+0000] {dag.py:3047} INFO - Sync 1 DAGs
[2026-08-26T18:06:35.291+0000] {logging_mixin.py:188} INFO - [2026-08-26T18:06:35.291+0000] {dag.py:3834} INFO - Setting next_dagrun for example_short_circuit_decorator to 2026-08-25 00:00:00+00:00, run_after=2026-08-26 00:00:00+00:00
[2026-08-26T18:06:35.321+0000] {processor.py:183} INFO - Processing /home/airflow/.local/lib/python3.8/site-packages/airflow/example_dags/example_short_circuit_decorator.py took 0.130 seconds
[2026-08-26T18:07:05.835+0000] {processor.py:161} INFO - Started process (PID=2223) to work on /home/airflow/.local/lib/python3.8/site-packages/airflow/example_dags/example_short_circuit_decorator.py
[2026-08-26T18:07:05.836+0000] {processor.py:830} INFO - Processing file /home/airflow/.local/lib/python3.8/site-packages/airflow/example_dags/example_short_circuit_decorator.py for tasks to queue
[2026-08-26T18:07:05.839+0000] {logging_mixin.py:188} INFO - [2026-08-26T18:07:05.838+0000] {dagbag.py:540} INFO - Filling up the DagBag from /home/airflow/.local/lib/python3.8/site-packages/airflow/example_dags/example_short_circuit_decorator.py
[2026-08-26T18:07:05.854+0000] {processor.py:840} INFO - DAG(s) 'example_short_circuit_decorator' retrieved from /home/airflow/.local/lib/python3.8/site-packages/airflow/example_dags/example_short_circuit_decorator.py
[2026-08-26T18:07:05.887+0000] {logging_mixin.py:188} INFO - [2026-08-26T18:07:05.887+0000] {dag.py:3047} INFO - Sync 1 DAGs
[2026-08-26T18:07:05.913+0000] {logging_mixin.py:188} INFO - [2026-08-26T18:07:05.912+0000] {dag.py:3834} INFO - Setting next_dagrun for example_short_circuit_decorator to 2026-08-25 00:00:00+00:00, run_after=2026-08-26 00:00:00+00:00
[2026-08-26T18:07:05.936+0000] {processor.py:183} INFO - Processing /home/airflow/.local/lib/python3.8/site-packages/airflow/example_dags/example_short_circuit_decorator.py took 0.105 seconds
[2026-08-26T18:07:36.876+0000] {processor.py:161} INFO - Started process (PID=2280) to work on /home/airflow/.local/lib/python3.8/site-packages/airflow/example_dags/example_short_circuit_decorator.py
[2026-08-26T18:07:36.880+0000] {processor.py:830} INFO - Processing file /home/airflow/.local/lib/python3.8/site-packages/airflow/example_dags/example_short_circuit_decorator.py for tasks to queue
[2026-08-26T18:07:36.885+0000] {logging_mixin.py:188} INFO - [2026-08-26T18:07:36.884+0000] {dagbag.py:540} INFO - Filling up the DagBag from /home/airflow/.local/lib/python3.8/site-packages/airflow/example_dags/example_short_circuit_decorator.py
[2026-08-26T18:07:36.907+0000] {processor.py:840} INFO - DAG(s) 'example_short_circuit_decorator' retrieved from /home/airflow/.local/lib/python3.8/site-packages/airflow/example_dags/example_short_circuit_decorator.py
[2026-08-26T18:07:36.937+0000] {logging_mixin.py:188} INFO - [2026-08-26T18:07:36.937+0000] {dag.py:3047} INFO - Sync 1 DAGs
[2026-08-26T18:07:36.978+0000] {logging_mixin.py:188} INFO - [2026-08-26T18:07:36.978+0000] {dag.py:3834} INFO - Setting next_dagrun for example_short_circuit_decorator to 2026-08-25 00:00:00+00:00, run_after=2026-08-26 00:00:00+00:00
[2026-08-26T18:07:37.000+0000] {processor.py:183} INFO - Processing /home/airflow/.local/lib/python3.8/site-packages/airflow/example_dags/example_short_circuit_decorator.py took 0.131 seconds
[2026-08-26T18:08:07.687+0000] {processor.py:161} INFO - Started process (PID=2337) to work on /home/airflow/.local/lib/python3.8/site-packages/airflow/example_dags/example_short_circuit_decorator.py
[2026-08-26T18:08:07.691+0000] {processor.py:830} INFO - Processing file /home/airflow/.local/lib/python3.8/site-packages/airflow/example_dags/example_short_circuit_decorator.py for tasks to queue
[2026-08-26T18:08:07.697+0000] {logging_mixin.py:188} INFO - [2026-08-26T18:08:07.696+0000] {dagbag.py:540} INFO - Filling up the DagBag from /home/airflow/.local/lib/python3.8/site-packages/airflow/example_dags/example_short_circuit_decorator.py
[2026-08-26T18:08:07.713+0000] {processor.py:840} INFO - DAG(s) 'example_short_circuit_decorator' retrieved from /home/airflow/.local/lib/python3.8/site-packages/airflow/example_dags/example_short_circuit_decorator.py
[2026-08-26T18:08:07.749+0000] {logging_mixin.py:188} INFO - [2026-08-26T18:08:07.749+0000] {dag.py:3047} INFO - Sync 1 DAGs
[2026-08-26T18:08:07.807+0000] {logging_mixin.py:188} INFO - [2026-08-26T18:08:07.807+0000] {dag.py:3834} INFO - Setting next_dagrun for example_short_circuit_decorator to 2026-08-25 00:00:00+00:00, run_after=2026-08-26 00:00:00+00:00
[2026-08-26T18:08:07.850+0000] {processor.py:183} INFO - Processing /home/airflow/.local/lib/python3.8/site-packages/airflow/example_dags/example_short_circuit_decorator.py took 0.167 seconds
[2026-08-26T18:08:38.160+0000] {processor.py:161} INFO - Started process (PID=2394) to work on /home/airflow/.local/lib/python3.8/site-packages/airflow/example_dags/example_short_circuit_decorator.py
[2026-08-26T18:08:38.162+0000] {processor.py:830} INFO - Processing file /home/airflow/.local/lib/python3.8/site-packages/airflow/example_dags/example_short_circuit_decorator.py for tasks to queue
[2026-08-26T18:08:38.165+0000] {logging_mixin.py:188} INFO - [2026-08-26T18:08:38.165+0000] {dagbag.py:540} INFO - Filling up the DagBag from /home/airflow/.local/lib/python3.8/site-packages/airflow/example_dags/example_short_circuit_decorator.py
[2026-08-26T18:08:38.183+0000] {processor.py:840} INFO - DAG(s) 'example_short_circuit_decorator' retrieved from /home/airflow/.local/lib/python3.8/site-packages/airflow/example_dags/example_short_circuit_decorator.py
[2026-08-26T18:08:38.214+0000] {logging_mixin.py:188} INFO - [2026-08-26T18:08:38.214+0000] {dag.py:3047} INFO - Sync 1 DAGs
[2026-08-26T18:08:38.245+0000] {logging_mixin.py:188} INFO - [2026-08-26T18:08:38.245+0000] {dag.py:3834} INFO - Setting next_dagrun for example_short_circuit_decorator to 2026-08-25 00:00:00+00:00, run_after=2026-08-26 00:00:00+00:00
[2026-08-26T18:08:38.270+0000] {processor.py:183} INFO - Processing /home/airflow/.local/lib/python3.8/site-packages/airflow/example_dags/example_short_circuit_decorator.py took 0.118 seconds
[2026-08-26T18:09:08.412+0000] {processor.py:161} INFO - Started process (PID=2451) to work on /home/airflow/.local/lib/python3.8/site-packages/airflow/example_dags/example_short_circuit_decorator.py
[2026-08-26T18:09:08.414+0000] {processor.py:830} INFO - Processing file /home/airflow/.local/lib/python3.8/site-packages/airflow/example_dags/example_short_circuit_decorator.py for tasks to queue
[2026-08-26T18:09:08.418+0000] {logging_mixin.py:188} INFO - [2026-08-26T18:09:08.418+0000] {dagbag.py:540} INFO - Filling up the DagBag from /home/airflow/.local/lib/python3.8/site-packages/airflow/example_dags/example_short_circuit_decorator.py
[2026-08-26T18:09:08.437+0000] {processor.py:840} INFO - DAG(s) 'example_short_circuit_decorator' retrieved from /home/airflow/.local/lib/python3.8/site-packages/airflow/example_dags/example_short_circuit_decorator.py
[2026-08-26T18:09:08.473+0000] {logging_mixin.py:188} INFO - [2026-08-26T18:09:08.472+0000] {dag.py:3047} INFO - Sync 1 DAGs
[2026-08-26T18:09:08.506+0000] {logging_mixin.py:188} INFO - [2026-08-26T18:09:08.505+0000] {dag.py:3834} INFO - Setting next_dagrun for example_short_circuit_decorator to 2026-08-25 00:00:00+00:00, run_after=2026-08-26 00:00:00+00:00
[2026-08-26T18:09:08.543+0000] {processor.py:183} INFO - Processing /home/airflow/.local/lib/python3.8/site-packages/airflow/example_dags/example_short_circuit_decorator.py took 0.134 seconds
[2026-08-26T18:09:38.757+0000] {processor.py:161} INFO - Started process (PID=2508) to work on /home/airflow/.local/lib/python3.8/site-packages/airflow/example_dags/example_short_circuit_decorator.py
[2026-08-26T18:09:38.759+0000] {processor.py:830} INFO - Processing file /home/airflow/.local/lib/python3.8/site-packages/airflow/example_dags/example_short_circuit_decorator.py for tasks to queue
[2026-08-26T18:09:38.761+0000] {logging_mixin.py:188} INFO - [2026-08-26T18:09:38.761+0000] {dagbag.py:540} INFO - Filling up the DagBag from /home/airflow/.local/lib/python3.8/site-packages/airflow/example_dags/example_short_circuit_decorator.py
[2026-08-26T18:09:38.773+0000] {processor.py:840} INFO - DAG(s) 'example_short_circuit_decorator' retrieved from /home/airflow/.local/lib/python3.8/site-packages/airflow/example_dags/example_short_circuit_decorator.py
[2026-08-26T18:09:38.805+0000] {logging_mixin.py:188} INFO - [2026-08-26T18:09:38.805+0000] {dag.py:3047} INFO - Sync 1 DAGs
[2026-08-26T18:09:38.832+0000] {logging_mixin.py:188} INFO - [2026-08-26T18:09:38.832+0000] {dag.py:3834} INFO - Setting next_dagrun for example_short_circuit_decorator to 2026-08-25 00:00:00+00:00, run_after=2026-08-26 00:00:00+00:00
[2026-08-26T18:09:38.859+0000] {processor.py:183} INFO - Processing /home/airflow/.local/lib/python3.8/site-packages/airflow/example_dags/example_short_circuit_decorator.py took 0.106 seconds
[2026-08-26T18:10:09.964+0000] {processor.py:161} INFO - Started process (PID=2565) to work on /home/airflow/.local/lib/python3.8/site-packages/airflow/example_dags/example_short_circuit_decorator.py
[2026-08-26T18:10:09.966+0000] {processor.py:830} INFO - Processing file /home/airflow/.local/lib/python3.8/site-packages/airflow/example_dags/example_short_circuit_decorator.py for tasks to queue
[2026-08-26T18:10:09.968+0000] {logging_mixin.py:188} INFO - [2026-08-26T18:10:09.968+0000] {dagbag.py:540} INFO - Filling up the DagBag from /home/airflow/.local/lib/python3.8/site-packages/airflow/example_dags/example_short_circuit_decorator.py
[2026-08-26T18:10:09.982+0000] {processor.py:840} INFO - DAG(s) 'example_short_circuit_decorator' retrieved from /home/airflow/.local/lib/python3.8/site-packages/airflow/example_dags/example_short_circuit_decorator.py
[2026-08-26T18:10:10.019+0000] {logging_mixin.py:188} INFO - [2026-08-26T18:10:10.019+0000] {dag.py:3047} INFO - Sync 1 DAGs
[2026-08-26T18:10:10.058+0000] {logging_mixin.py:188} INFO - [2026-08-26T18:10:10.057+0000] {dag.py:3834} INFO - Setting next_dagrun for example_short_circuit_decorator to 2026-08-25 00:00:00+00:00, run_after=2026-08-26 00:00:00+00:00
[2026-08-26T18:10:10.087+0000] {processor.py:183} INFO - Processing /home/airflow/.local/lib/python3.8/site-packages/airflow/example_dags/example_short_circuit_decorator.py took 0.129 seconds
[2026-08-26T18:10:41.206+0000] {processor.py:161} INFO - Started process (PID=2622) to work on /home/airflow/.local/lib/python3.8/site-packages/airflow/example_dags/example_short_circuit_decorator.py
[2026-08-26T18:10:41.208+0000] {processor.py:830} INFO - Processing file /home/airflow/.local/lib/python3.8/site-packages/airflow/example_dags/example_short_circuit_decorator.py for tasks to queue
[2026-08-26T18:10:41.213+0000] {logging_mixin.py:188} INFO - [2026-08-26T18:10:41.212+0000] {dagbag.py:540} INFO - Filling up the DagBag from /home/airflow/.local/lib/python3.8/site-packages/airflow/example_dags/example_short_circuit_decorator.py
[2026-08-26T18:10:41.223+0000] {processor.py:840} INFO - DAG(s) 'example_short_circuit_decorator' retrieved from /home/airflow/.local/lib/python3.8/site-packages/airflow/example_dags/example_short_circuit_decorator.py
[2026-08-26T18:10:41.255+0000] {logging_mixin.py:188} INFO - [2026-08-26T18:10:41.255+0000] {dag.py:3047} INFO - Sync 1 DAGs
[2026-08-26T18:10:41.285+0000] {logging_mixin.py:188} INFO - [2026-08-26T18:10:41.285+0000] {dag.py:3834} INFO - Setting next_dagrun for example_short_circuit_decorator to 2026-08-25 00:00:00+00:00, run_after=2026-08-26 00:00:00+00:00
[2026-08-26T18:10:41.310+0000] {processor.py:183} INFO - Processing /home/airflow/.local/lib/python3.8/site-packages/airflow/example_dags/example_short_circuit_decorator.py took 0.108 seconds
[2026-08-26T18:11:11.544+0000] {processor.py:161} INFO - Started process (PID=2680) to work on /home/airflow/.local/lib/python3.8/site-packages/airflow/example_dags/example_short_circuit_decorator.py
[2026-08-26T18:11:11.546+0000] {processor.py:830} INFO - Processing file /home/airflow/.local/lib/python3.8/site-packages/airflow/example_dags/example_short_circuit_decorator.py for tasks to queue
[2026-08-26T18:11:11.548+0000] {logging_mixin.py:188} INFO - [2026-08-26T18:11:11.548+0000] {dagbag.py:540} INFO - Filling up the DagBag from /home/airflow/.local/lib/python3.8/site-packages/airflow/example_dags/example_short_circuit_decorator.py
[2026-08-26T18:11:11.559+0000] {processor.py:840} INFO - DAG(s) 'example_short_circuit_decorator' retrieved from /home/airflow/.local/lib/python3.8/site-packages/airflow/example_dags/example_short_circuit_decorator.py
[2026-08-26T18:11:11.593+0000] {logging_mixin.py:188} INFO - [2026-08-26T18:11:11.593+0000] {dag.py:3047} INFO - Sync 1 DAGs
[2026-08-26T18:11:11.626+0000] {logging_mixin.py:188} INFO - [2026-08-26T18:11:11.626+0000] {dag.py:3834} INFO - Setting next_dagrun for example_short_circuit_decorator to 2026-08-25 00:00:00+00:00, run_after=2026-08-26 00:00:00+00:00
[2026-08-26T18:11:11.651+0000] {processor.py:183} INFO - Processing /home/airflow/.local/lib/python3.8/site-packages/airflow/example_dags/example_short_circuit_decorator.py took 0.113 seconds
[2026-08-26T18:11:41.694+0000] {processor.py:161} INFO - Started process (PID=2737) to work on /home/airflow/.local/lib/python3.8/site-packages/airflow/example_dags/example_short_circuit_decorator.py
[2026-08-26T18:11:41.697+0000] {processor.py:830} INFO - Processing file /home/airflow/.local/lib/python3.8/site-packages/airflow/example_dags/example_short_circuit_decorator.py for tasks to queue
[2026-08-26T18:11:41.700+0000] {logging_mixin.py:188} INFO - [2026-08-26T18:11:41.700+0000] {dagbag.py:540} INFO - Filling up the DagBag from /home/airflow/.local/lib/python3.8/site-packages/airflow/example_dags/example_short_circuit_decorator.py
[2026-08-26T18:11:41.712+0000] {processor.py:840} INFO - DAG(s) 'example_short_circuit_decorator' retrieved from /home/airflow/.local/lib/python3.8/site-packages/airflow/example_dags/example_short_circuit_decorator.py
[2026-08-26T18:11:41.742+0000] {logging_mixin.py:188} INFO - [2026-08-26T18:11:41.742+0000] {dag.py:3047} INFO - Sync 1 DAGs
[2026-08-26T18:11:41.766+0000] {logging_mixin.py:188} INFO - [2026-08-26T18:11:41.765+0000] {dag.py:3834} INFO - Setting next_dagrun for example_short_circuit_decorator to 2026-08-25 00:00:00+00:00, run_after=2026-08-26 00:00:00+00:00
[2026-08-26T18:11:41.790+0000] {processor.py:183} INFO - Processing /home/airflow/.local/lib/python3.8/site-packages/airflow/example_dags/example_short_circuit_decorator.py took 0.101 seconds
[2026-08-26T18:12:11.952+0000] {processor.py:161} INFO - Started process (PID=2793) to work on /home/airflow/.local/lib/python3.8/site-packages/airflow/example_dags/example_short_circuit_decorator.py
[2026-08-26T18:12:11.953+0000] {processor.py:830} INFO - Processing file /home/airflow/.local/lib/python3.8/site-packages/airflow/example_dags/example_short_circuit_decorator.py for tasks to queue
[2026-08-26T18:12:11.956+0000] {logging_mixin.py:188} INFO - [2026-08-26T18:12:11.956+0000] {dagbag.py:540} INFO - Filling up the DagBag from /home/airflow/.local/lib/python3.8/site-packages/airflow/example_dags/example_short_circuit_decorator.py
[2026-08-26T18:12:11.967+0000] {processor.py:840} INFO - DAG(s) 'example_short_circuit_decorator' retrieved from /home/airflow/.local/lib/python3.8/site-packages/airflow/example_dags/example_short_circuit_decorator.py
[2026-08-26T18:12:11.996+0000] {logging_mixin.py:188} INFO - [2026-08-26T18:12:11.995+0000] {dag.py:3047} INFO - Sync 1 DAGs
[2026-08-26T18:12:12.020+0000] {logging_mixin.py:188} INFO - [2026-08-26T18:12:12.019+0000] {dag.py:3834} INFO - Setting next_dagrun for example_short_circuit_decorator to 2026-08-25 00:00:00+00:00, run_after=2026-08-26 00:00:00+00:00
[2026-08-26T18:12:12.044+0000] {processor.py:183} INFO - Processing /home/airflow/.local/lib/python3.8/site-packages/airflow/example_dags/example_short_circuit_decorator.py took 0.096 seconds
[2026-08-26T18:12:43.096+0000] {processor.py:161} INFO - Started process (PID=2851) to work on /home/airflow/.local/lib/python3.8/site-packages/airflow/example_dags/example_short_circuit_decorator.py
[2026-08-26T18:12:43.097+0000] {processor.py:830} INFO - Processing file /home/airflow/.local/lib/python3.8/site-packages/airflow/example_dags/example_short_circuit_decorator.py for tasks to queue
[2026-08-26T18:12:43.100+0000] {logging_mixin.py:188} INFO - [2026-08-26T18:12:43.099+0000] {dagbag.py:540} INFO - Filling up the DagBag from /home/airflow/.local/lib/python3.8/site-packages/airflow/example_dags/example_short_circuit_decorator.py
[2026-08-26T18:12:43.112+0000] {processor.py:840} INFO - DAG(s) 'example_short_circuit_decorator' retrieved from /home/airflow/.local/lib/python3.8/site-packages/airflow/example_dags/example_short_circuit_decorator.py
[2026-08-26T18:12:43.140+0000] {logging_mixin.py:188} INFO - [2026-08-26T18:12:43.140+0000] {dag.py:3047} INFO - Sync 1 DAGs
[2026-08-26T18:12:43.166+0000] {logging_mixin.py:188} INFO - [2026-08-26T18:12:43.166+0000] {dag.py:3834} INFO - Setting next_dagrun for example_short_circuit_decorator to 2026-08-25 00:00:00+00:00, run_after=2026-08-26 00:00:00+00:00
[2026-08-26T18:12:43.190+0000] {processor.py:183} INFO - Processing /home/airflow/.local/lib/python3.8/site-packages/airflow/example_dags/example_short_circuit_decorator.py took 0.098 seconds
[2026-08-26T18:13:14.123+0000] {processor.py:161} INFO - Started process (PID=2908) to work on /home/airflow/.local/lib/python3.8/site-packages/airflow/example_dags/example_short_circuit_decorator.py
[2026-08-26T18:13:14.125+0000] {processor.py:830} INFO - Processing file /home/airflow/.local/lib/python3.8/site-packages/airflow/example_dags/example_short_circuit_decorator.py for tasks to queue
[2026-08-26T18:13:14.129+0000] {logging_mixin.py:188} INFO - [2026-08-26T18:13:14.129+0000] {dagbag.py:540} INFO - Filling up the DagBag from /home/airflow/.local/lib/python3.8/site-packages/airflow/example_dags/example_short_circuit_decorator.py
[2026-08-26T18:13:14.142+0000] {processor.py:840} INFO - DAG(s) 'example_short_circuit_decorator' retrieved from /home/airflow/.local/lib/python3.8/site-packages/airflow/example_dags/example_short_circuit_decorator.py
[2026-08-26T18:13:14.171+0000] {logging_mixin.py:188} INFO - [2026-08-26T18:13:14.171+0000] {dag.py:3047} INFO - Sync 1 DAGs
[2026-08-26T18:13:14.197+0000] {logging_mixin.py:188} INFO - [2026-08-26T18:13:14.197+0000] {dag.py:3834} INFO - Setting next_dagrun for example_short_circuit_decorator to 2026-08-25 00:00:00+00:00, run_after=2026-08-26 00:00:00+00:00
[2026-08-26T18:13:14.220+0000] {processor.py:183} INFO - Processing /home/airflow/.local/lib/python3.8/site-packages/airflow/example_dags/example_short_circuit_decorator.py took 0.101 seconds
[2026-08-26T18:13:44.543+0000] {processor.py:161} INFO - Started process (PID=2965) to work on /home/airflow/.local/lib/python3.8/site-packages/airflow/example_dags/example_short_circuit_decorator.py
[2026-08-26T18:13:44.545+0000] {processor.py:830} INFO - Processing file /home/airflow/.local/lib/python3.8/site-packages/airflow/example_dags/example_short_circuit_decorator.py for tasks to queue
[2026-08-26T18:13:44.548+0000] {logging_mixin.py:188} INFO - [2026-08-26T18:13:44.548+0000] {dagbag.py:540} INFO - Filling up the DagBag from /home/airflow/.local/lib/python3.8/site-packages/airflow/example_dags/example_short_circuit_decorator.py
[2026-08-26T18:13:44.563+0000] {processor.py:840} INFO - DAG(s) 'example_short_circuit_decorator' retrieved from /home/airflow/.local/lib/python3.8/site-packages/airflow/example_dags/example_short_circuit_decorator.py
[2026-08-26T18:13:44.600+0000] {logging_mixin.py:188} INFO - [2026-08-26T18:13:44.599+0000] {dag.py:3047} INFO - Sync 1 DAGs
[2026-08-26T18:13:44.688+0000] {logging_mixin.py:188} INFO - [2026-08-26T18:13:44.687+0000] {dag.py:3834} INFO - Setting next_dagrun for example_short_circuit_decorator to 2026-08-25 00:00:00+00:00, run_after=2026-08-26 00:00:00+00:00
[2026-08-26T18:13:44.711+0000] {processor.py:183} INFO - Processing /home/airflow/.local/lib/python3.8/site-packages/airflow/example_dags/example_short_circuit_decorator.py took 0.174 seconds
[2026-08-26T18:14:15.048+0000] {processor.py:161} INFO - Started process (PID=3022) to work on /home/airflow/.local/lib/python3.8/site-packages/airflow/example_dags/example_short_circuit_decorator.py
[2026-08-26T18:14:15.050+0000] {processor.py:830} INFO - Processing file /home/airflow/.local/lib/python3.8/site-packages/airflow/example_dags/example_short_circuit_decorator.py for tasks to queue
[2026-08-26T18:14:15.052+0000] {logging_mixin.py:188} INFO - [2026-08-26T18:14:15.052+0000] {dagbag.py:540} INFO - Filling up the DagBag from /home/airflow/.local/lib/python3.8/site-packages/airflow/example_dags/example_short_circuit_decorator.py
[2026-08-26T18:14:15.064+0000] {processor.py:840} INFO - DAG(s) 'example_short_circuit_decorator' retrieved from /home/airflow/.local/lib/python3.8/site-packages/airflow/example_dags/example_short_circuit_decorator.py
[2026-08-26T18:14:15.094+0000] {logging_mixin.py:188} INFO - [2026-08-26T18:14:15.094+0000] {dag.py:3047} INFO - Sync 1 DAGs
[2026-08-26T18:14:15.121+0000] {logging_mixin.py:188} INFO - [2026-08-26T18:14:15.121+0000] {dag.py:3834} INFO - Setting next_dagrun for example_short_circuit_decorator to 2026-08-25 00:00:00+00:00, run_after=2026-08-26 00:00:00+00:00
[2026-08-26T18:14:15.144+0000] {processor.py:183} INFO - Processing /home/airflow/.local/lib/python3.8/site-packages/airflow/example_dags/example_short_circuit_decorator.py took 0.100 seconds
[2026-08-26T18:14:46.043+0000] {processor.py:161} INFO - Started process (PID=3079) to work on /home/airflow/.local/lib/python3.8/site-packages/airflow/example_dags/example_short_circuit_decorator.py
[2026-08-26T18:14:46.045+0000] {processor.py:830} INFO - Processing file /home/airflow/.local/lib/python3.8/site-packages/airflow/example_dags/example_short_circuit_decorator.py for tasks to queue
[2026-08-26T18:14:46.048+0000] {logging_mixin.py:188} INFO - [2026-08-26T18:14:46.048+0000] {dagbag.py:540} INFO - Filling up the DagBag from /home/airflow/.local/lib/python3.8/site-packages/airflow/example_dags/example_short_circuit_decorator.py
[2026-08-26T18:14:46.062+0000] {processor.py:840} INFO - DAG(s) 'example_short_circuit_decorator' retrieved from /home/airflow/.local/lib/python3.8/site-packages/airflow/example_dags/example_short_circuit_decorator.py
[2026-08-26T18:14:46.093+0000] {logging_mixin.py:188} INFO - [2026-08-26T18:14:46.093+0000] {dag.py:3047} INFO - Sync 1 DAGs
[2026-08-26T18:14:46.121+0000] {logging_mixin.py:188} INFO - [2026-08-26T18:14:46.120+0000] {dag.py:3834} INFO - Setting next_dagrun for example_short_circuit_decorator to 2026-08-25 00:00:00+00:00, run_after=2026-08-26 00:00:00+00:00
[2026-08-26T18:14:46.144+0000] {processor.py:183} INFO - Processing /home/airflow/.local/lib/python3.8/site-packages/airflow/example_dags/example_short_circuit_decorator.py took 0.107 seconds
[2026-08-26T18:15:16.379+0000] {processor.py:161} INFO - Started process (PID=3136) to work on /home/airflow/.local/lib/python3.8/site-packages/airflow/example_dags/example_short_circuit_decorator.py
[2026-08-26T18:15:16.381+0000] {processor.py:830} INFO - Processing file /home/airflow/.local/lib/python3.8/site-packages/airflow/example_dags/example_short_circuit_decorator.py for tasks to queue
[2026-08-26T18:15:16.384+0000] {logging_mixin.py:188} INFO - [2026-08-26T18:15:16.384+0000] {dagbag.py:540} INFO - Filling up the DagBag from /home/airflow/.local/lib/python3.8/site-packages/airflow/example_dags/example_short_circuit_decorator.py
[2026-08-26T18:15:16.396+0000] {processor.py:840} INFO - DAG(s) 'example_short_circuit_decorator' retrieved from /home/airflow/.local/lib/python3.8/site-packages/airflow/example_dags/example_short_circuit_decorator.py
[2026-08-26T18:15:16.426+0000] {logging_mixin.py:188} INFO - [2026-08-26T18:15:16.426+0000] {dag.py:3047} INFO - Sync 1 DAGs
[2026-08-26T18:15:16.450+0000] {logging_mixin.py:188} INFO - [2026-08-26T18:15:16.450+0000] {dag.py:3834} INFO - Setting next_dagrun for example_short_circuit_decorator to 2026-08-25 00:00:00+00:00, run_after=2026-08-26 00:00:00+00:00
[2026-08-26T18:15:16.472+0000] {processor.py:183} INFO - Processing /home/airflow/.local/lib/python3.8/site-packages/airflow/example_dags/example_short_circuit_decorator.py took 0.097 seconds
[2026-08-26T18:15:47.025+0000] {processor.py:161} INFO - Started process (PID=3193) to work on /home/airflow/.local/lib/python3.8/site-packages/airflow/example_dags/example_short_circuit_decorator.py
[2026-08-26T18:15:47.027+0000] {processor.py:830} INFO - Processing file /home/airflow/.local/lib/python3.8/site-packages/airflow/example_dags/example_short_circuit_decorator.py for tasks to queue
[2026-08-26T18:15:47.030+0000] {logging_mixin.py:188} INFO - [2026-08-26T18:15:47.030+0000] {dagbag.py:540} INFO - Filling up the DagBag from /home/airflow/.local/lib/python3.8/site-packages/airflow/example_dags/example_short_circuit_decorator.py
[2026-08-26T18:15:47.043+0000] {processor.py:840} INFO - DAG(s) 'example_short_circuit_decorator' retrieved from /home/airflow/.local/lib/python3.8/site-packages/airflow/example_dags/example_short_circuit_decorator.py
[2026-08-26T18:15:47.075+0000] {logging_mixin.py:188} INFO - [2026-08-26T18:15:47.074+0000] {dag.py:3047} INFO - Sync 1 DAGs
[2026-08-26T18:15:47.260+0000] {logging_mixin.py:188} INFO - [2026-08-26T18:15:47.260+0000] {dag.py:3834} INFO - Setting next_dagrun for example_short_circuit_decorator to 2026-08-25 00:00:00+00:00, run_after=2026-08-26 00:00:00+00:00
[2026-08-26T18:15:47.282+0000] {processor.py:183} INFO - Processing /home/airflow/.local/lib/python3.8/site-packages/airflow/example_dags/example_short_circuit_decorator.py took 0.262 seconds
[2026-08-26T18:16:17.830+0000] {processor.py:161} INFO - Started process (PID=3250) to work on /home/airflow/.local/lib/python3.8/site-packages/airflow/example_dags/example_short_circuit_decorator.py
[2026-08-26T18:16:17.832+0000] {processor.py:830} INFO - Processing file /home/airflow/.local/lib/python3.8/site-packages/airflow/example_dags/example_short_circuit_decorator.py for tasks to queue
[2026-08-26T18:16:17.835+0000] {logging_mixin.py:188} INFO - [2026-08-26T18:16:17.835+0000] {dagbag.py:540} INFO - Filling up the DagBag from /home/airflow/.local/lib/python3.8/site-packages/airflow/example_dags/example_short_circuit_decorator.py
[2026-08-26T18:16:17.848+0000] {processor.py:840} INFO - DAG(s) 'example_short_circuit_decorator' retrieved from /home/airflow/.local/lib/python3.8/site-packages/airflow/example_dags/example_short_circuit_decorator.py
[2026-08-26T18:16:17.876+0000] {logging_mixin.py:188} INFO - [2026-08-26T18:16:17.876+0000] {dag.py:3047} INFO - Sync 1 DAGs
[2026-08-26T18:16:17.901+0000] {logging_mixin.py:188} INFO - [2026-08-26T18:16:17.901+0000] {dag.py:3834} INFO - Setting next_dagrun for example_short_circuit_decorator to 2026-08-25 00:00:00+00:00, run_after=2026-08-26 00:00:00+00:00
[2026-08-26T18:16:17.925+0000] {processor.py:183} INFO - Processing /home/airflow/.local/lib/python3.8/site-packages/airflow/example_dags/example_short_circuit_decorator.py took 0.099 seconds
[2026-08-26T18:16:48.359+0000] {processor.py:161} INFO - Started process (PID=3306) to work on /home/airflow/.local/lib/python3.8/site-packages/airflow/example_dags/example_short_circuit_decorator.py
[2026-08-26T18:16:48.361+0000] {processor.py:830} INFO - Processing file /home/airflow/.local/lib/python3.8/site-packages/airflow/example_dags/example_short_circuit_decorator.py for tasks to queue
[2026-08-26T18:16:48.364+0000] {logging_mixin.py:188} INFO - [2026-08-26T18:16:48.363+0000] {dagbag.py:540} INFO - Filling up the DagBag from /home/airflow/.local/lib/python3.8/site-packages/airflow/example_dags/example_short_circuit_decorator.py
[2026-08-26T18:16:48.373+0000] {processor.py:840} INFO - DAG(s) 'example_short_circuit_decorator' retrieved from /home/airflow/.local/lib/python3.8/site-packages/airflow/example_dags/example_short_circuit_decorator.py
[2026-08-26T18:16:48.397+0000] {logging_mixin.py:188} INFO - [2026-08-26T18:16:48.397+0000] {dag.py:3047} INFO - Sync 1 DAGs
[2026-08-26T18:16:48.419+0000] {logging_mixin.py:188} INFO - [2026-08-26T18:16:48.419+0000] {dag.py:3834} INFO - Setting next_dagrun for example_short_circuit_decorator to 2026-08-25 00:00:00+00:00, run_after=2026-08-26 00:00:00+00:00
[2026-08-26T18:16:48.439+0000] {processor.py:183} INFO - Processing /home/airflow/.local/lib/python3.8/site-packages/airflow/example_dags/example_short_circuit_decorator.py took 0.084 seconds
[2026-08-26T18:17:19.029+0000] {processor.py:161} INFO - Started process (PID=3363) to work on /home/airflow/.local/lib/python3.8/site-packages/airflow/example_dags/example_short_circuit_decorator.py
[2026-08-26T18:17:19.030+0000] {processor.py:830} INFO - Processing file /home/airflow/.local/lib/python3.8/site-packages/airflow/example_dags/example_short_circuit_decorator.py for tasks to queue
[2026-08-26T18:17:19.033+0000] {logging_mixin.py:188} INFO - [2026-08-26T18:17:19.032+0000] {dagbag.py:540} INFO - Filling up the DagBag from /home/airflow/.local/lib/python3.8/site-packages/airflow/example_dags/example_short_circuit_decorator.py
[2026-08-26T18:17:19.044+0000] {processor.py:840} INFO - DAG(s) 'example_short_circuit_decorator' retrieved from /home/airflow/.local/lib/python3.8/site-packages/airflow/example_dags/example_short_circuit_decorator.py
[2026-08-26T18:17:19.080+0000] {logging_mixin.py:188} INFO - [2026-08-26T18:17:19.080+0000] {dag.py:3047} INFO - Sync 1 DAGs
[2026-08-26T18:17:19.108+0000] {logging_mixin.py:188} INFO - [2026-08-26T18:17:19.108+0000] {dag.py:3834} INFO - Setting next_dagrun for example_short_circuit_decorator to 2026-08-25 00:00:00+00:00, run_after=2026-08-26 00:00:00+00:00
[2026-08-26T18:17:19.129+0000] {processor.py:183} INFO - Processing /home/airflow/.local/lib/python3.8/site-packages/airflow/example_dags/example_short_circuit_decorator.py took 0.103 seconds
[2026-08-26T18:17:49.536+0000] {processor.py:161} INFO - Started process (PID=3421) to work on /home/airflow/.local/lib/python3.8/site-packages/airflow/example_dags/example_short_circuit_decorator.py
[2026-08-26T18:17:49.538+0000] {processor.py:830} INFO - Processing file /home/airflow/.local/lib/python3.8/site-packages/airflow/example_dags/example_short_circuit_decorator.py for tasks to queue
[2026-08-26T18:17:49.542+0000] {logging_mixin.py:188} INFO - [2026-08-26T18:17:49.541+0000] {dagbag.py:540} INFO - Filling up the DagBag from /home/airflow/.local/lib/python3.8/site-packages/airflow/example_dags/example_short_circuit_decorator.py
[2026-08-26T18:17:49.556+0000] {processor.py:840} INFO - DAG(s) 'example_short_circuit_decorator' retrieved from /home/airflow/.local/lib/python3.8/site-packages/airflow/example_dags/example_short_circuit_decorator.py
[2026-08-26T18:17:49.590+0000] {logging_mixin.py:188} INFO - [2026-08-26T18:17:49.590+0000] {dag.py:3047} INFO - Sync 1 DAGs
[2026-08-26T18:17:49.619+0000] {logging_mixin.py:188} INFO - [2026-08-26T18:17:49.618+0000] {dag.py:3834} INFO - Setting next_dagrun for example_short_circuit_decorator to 2026-08-25 00:00:00+00:00, run_after=2026-08-26 00:00:00+00:00
[2026-08-26T18:17:49.642+0000] {processor.py:183} INFO - Processing /home/airflow/.local/lib/python3.8/site-packages/airflow/example_dags/example_short_circuit_decorator.py took 0.111 seconds
[2026-08-26T18:18:19.882+0000] {processor.py:161} INFO - Started process (PID=3479) to work on /home/airflow/.local/lib/python3.8/site-packages/airflow/example_dags/example_short_circuit_decorator.py
[2026-08-26T18:18:19.884+0000] {processor.py:830} INFO - Processing file /home/airflow/.local/lib/python3.8/site-packages/airflow/example_dags/example_short_circuit_decorator.py for tasks to queue
[2026-08-26T18:18:19.887+0000] {logging_mixin.py:188} INFO - [2026-08-26T18:18:19.886+0000] {dagbag.py:540} INFO - Filling up the DagBag from /home/airflow/.local/lib/python3.8/site-packages/airflow/example_dags/example_short_circuit_decorator.py
[2026-08-26T18:18:19.903+0000] {processor.py:840} INFO - DAG(s) 'example_short_circuit_decorator' retrieved from /home/airflow/.local/lib/python3.8/site-packages/airflow/example_dags/example_short_circuit_decorator.py
[2026-08-26T18:18:19.944+0000] {logging_mixin.py:188} INFO - [2026-08-26T18:18:19.944+0000] {dag.py:3047} INFO - Sync 1 DAGs
[2026-08-26T18:18:19.979+0000] {logging_mixin.py:188} INFO - [2026-08-26T18:18:19.979+0000] {dag.py:3834} INFO - Setting next_dagrun for example_short_circuit_decorator to 2026-08-25 00:00:00+00:00, run_after=2026-08-26 00:00:00+00:00
[2026-08-26T18:18:20.006+0000] {processor.py:183} INFO - Processing /home/airflow/.local/lib/python3.8/site-packages/airflow/example_dags/example_short_circuit_decorator.py took 0.129 seconds
[2026-08-26T18:18:50.270+0000] {processor.py:161} INFO - Started process (PID=3537) to work on /home/airflow/.local/lib/python3.8/site-packages/airflow/example_dags/example_short_circuit_decorator.py
[2026-08-26T18:18:50.272+0000] {processor.py:830} INFO - Processing file /home/airflow/.local/lib/python3.8/site-packages/airflow/example_dags/example_short_circuit_decorator.py for tasks to queue
[2026-08-26T18:18:50.274+0000] {logging_mixin.py:188} INFO - [2026-08-26T18:18:50.274+0000] {dagbag.py:540} INFO - Filling up the DagBag from /home/airflow/.local/lib/python3.8/site-packages/airflow/example_dags/example_short_circuit_decorator.py
[2026-08-26T18:18:50.284+0000] {processor.py:840} INFO - DAG(s) 'example_short_circuit_decorator' retrieved from /home/airflow/.local/lib/python3.8/site-packages/airflow/example_dags/example_short_circuit_decorator.py
[2026-08-26T18:18:50.312+0000] {logging_mixin.py:188} INFO - [2026-08-26T18:18:50.312+0000] {dag.py:3047} INFO - Sync 1 DAGs
[2026-08-26T18:18:50.342+0000] {logging_mixin.py:188} INFO - [2026-08-26T18:18:50.342+0000] {dag.py:3834} INFO - Setting next_dagrun for example_short_circuit_decorator to 2026-08-25 00:00:00+00:00, run_after=2026-08-26 00:00:00+00:00
[2026-08-26T18:18:50.368+0000] {processor.py:183} INFO - Processing /home/airflow/.local/lib/python3.8/site-packages/airflow/example_dags/example_short_circuit_decorator.py took 0.102 seconds
[2026-08-26T18:19:20.829+0000] {processor.py:161} INFO - Started process (PID=3594) to work on /home/airflow/.local/lib/python3.8/site-packages/airflow/example_dags/example_short_circuit_decorator.py
[2026-08-26T18:19:20.830+0000] {processor.py:830} INFO - Processing file /home/airflow/.local/lib/python3.8/site-packages/airflow/example_dags/example_short_circuit_decorator.py for tasks to queue
[2026-08-26T18:19:20.833+0000] {logging_mixin.py:188} INFO - [2026-08-26T18:19:20.832+0000] {dagbag.py:540} INFO - Filling up the DagBag from /home/airflow/.local/lib/python3.8/site-packages/airflow/example_dags/example_short_circuit_decorator.py
[2026-08-26T18:19:20.843+0000] {processor.py:840} INFO - DAG(s) 'example_short_circuit_decorator' retrieved from /home/airflow/.local/lib/python3.8/site-packages/airflow/example_dags/example_short_circuit_decorator.py
[2026-08-26T18:19:20.872+0000] {logging_mixin.py:188} INFO - [2026-08-26T18:19:20.872+0000] {dag.py:3047} INFO - Sync 1 DAGs
[2026-08-26T18:19:20.898+0000] {logging_mixin.py:188} INFO - [2026-08-26T18:19:20.898+0000] {dag.py:3834} INFO - Setting next_dagrun for example_short_circuit_decorator to 2026-08-25 00:00:00+00:00, run_after=2026-08-26 00:00:00+00:00
[2026-08-26T18:19:20.924+0000] {processor.py:183} INFO - Processing /home/airflow/.local/lib/python3.8/site-packages/airflow/example_dags/example_short_circuit_decorator.py took 0.099 seconds
[2026-08-26T18:19:51.467+0000] {processor.py:161} INFO - Started process (PID=3651) to work on /home/airflow/.local/lib/python3.8/site-packages/airflow/example_dags/example_short_circuit_decorator.py
[2026-08-26T18:19:51.468+0000] {processor.py:830} INFO - Processing file /home/airflow/.local/lib/python3.8/site-packages/airflow/example_dags/example_short_circuit_decorator.py for tasks to queue
[2026-08-26T18:19:51.470+0000] {logging_mixin.py:188} INFO - [2026-08-26T18:19:51.470+0000] {dagbag.py:540} INFO - Filling up the DagBag from /home/airflow/.local/lib/python3.8/site-packages/airflow/example_dags/example_short_circuit_decorator.py
[2026-08-26T18:19:51.480+0000] {processor.py:840} INFO - DAG(s) 'example_short_circuit_decorator' retrieved from /home/airflow/.local/lib/python3.8/site-packages/airflow/example_dags/example_short_circuit_decorator.py
[2026-08-26T18:19:51.504+0000] {logging_mixin.py:188} INFO - [2026-08-26T18:19:51.504+0000] {dag.py:3047} INFO - Sync 1 DAGs
[2026-08-26T18:19:51.527+0000] {logging_mixin.py:188} INFO - [2026-08-26T18:19:51.526+0000] {dag.py:3834} INFO - Setting next_dagrun for example_short_circuit_decorator to 2026-08-25 00:00:00+00:00, run_after=2026-08-26 00:00:00+00:00
[2026-08-26T18:19:51.547+0000] {processor.py:183} INFO - Processing /home/airflow/.local/lib/python3.8/site-packages/airflow/example_dags/example_short_circuit_decorator.py took 0.084 seconds
[2026-08-26T18:20:22.465+0000] {processor.py:161} INFO - Started process (PID=3709) to work on /home/airflow/.local/lib/python3.8/site-packages/airflow/example_dags/example_short_circuit_decorator.py
[2026-08-26T18:20:22.467+0000] {processor.py:830} INFO - Processing file /home/airflow/.local/lib/python3.8/site-packages/airflow/example_dags/example_short_circuit_decorator.py for tasks to queue
[2026-08-26T18:20:22.470+0000] {logging_mixin.py:188} INFO - [2026-08-26T18:20:22.469+0000] {dagbag.py:540} INFO - Filling up the DagBag from /home/airflow/.local/lib/python3.8/site-packages/airflow/example_dags/example_short_circuit_decorator.py
[2026-08-26T18:20:22.480+0000] {processor.py:840} INFO - DAG(s) 'example_short_circuit_decorator' retrieved from /home/airflow/.local/lib/python3.8/site-packages/airflow/example_dags/example_short_circuit_decorator.py
[2026-08-26T18:20:22.510+0000] {logging_mixin.py:188} INFO - [2026-08-26T18:20:22.510+0000] {dag.py:3047} INFO - Sync 1 DAGs
[2026-08-26T18:20:22.539+0000] {logging_mixin.py:188} INFO - [2026-08-26T18:20:22.539+0000] {dag.py:3834} INFO - Setting next_dagrun for example_short_circuit_decorator to 2026-08-25 00:00:00+00:00, run_after=2026-08-26 00:00:00+00:00
[2026-08-26T18:20:22.564+0000] {processor.py:183} INFO - Processing /home/airflow/.local/lib/python3.8/site-packages/airflow/example_dags/example_short_circuit_decorator.py took 0.102 seconds
[2026-08-26T18:20:53.029+0000] {processor.py:161} INFO - Started process (PID=3766) to work on /home/airflow/.local/lib/python3.8/site-packages/airflow/example_dags/example_short_circuit_decorator.py
[2026-08-26T18:20:53.031+0000] {processor.py:830} INFO - Processing file /home/airflow/.local/lib/python3.8/site-packages/airflow/example_dags/example_short_circuit_decorator.py for tasks to queue
[2026-08-26T18:20:53.035+0000] {logging_mixin.py:188} INFO - [2026-08-26T18:20:53.034+0000] {dagbag.py:540} INFO - Filling up the DagBag from /home/airflow/.local/lib/python3.8/site-packages/airflow/example_dags/example_short_circuit_decorator.py
[2026-08-26T18:20:53.047+0000] {processor.py:840} INFO - DAG(s) 'example_short_circuit_decorator' retrieved from /home/airflow/.local/lib/python3.8/site-packages/airflow/example_dags/example_short_circuit_decorator.py
[2026-08-26T18:20:53.077+0000] {logging_mixin.py:188} INFO - [2026-08-26T18:20:53.077+0000] {dag.py:3047} INFO - Sync 1 DAGs
[2026-08-26T18:20:53.102+0000] {logging_mixin.py:188} INFO - [2026-08-26T18:20:53.102+0000] {dag.py:3834} INFO - Setting next_dagrun for example_short_circuit_decorator to 2026-08-25 00:00:00+00:00, run_after=2026-08-26 00:00:00+00:00
[2026-08-26T18:20:53.125+0000] {processor.py:183} INFO - Processing /home/airflow/.local/lib/python3.8/site-packages/airflow/example_dags/example_short_circuit_decorator.py took 0.101 seconds
[2026-08-26T18:21:23.676+0000] {processor.py:161} INFO - Started process (PID=3823) to work on /home/airflow/.local/lib/python3.8/site-packages/airflow/example_dags/example_short_circuit_decorator.py
[2026-08-26T18:21:23.678+0000] {processor.py:830} INFO - Processing file /home/airflow/.local/lib/python3.8/site-packages/airflow/example_dags/example_short_circuit_decorator.py for tasks to queue
[2026-08-26T18:21:23.681+0000] {logging_mixin.py:188} INFO - [2026-08-26T18:21:23.681+0000] {dagbag.py:540} INFO - Filling up the DagBag from /home/airflow/.local/lib/python3.8/site-packages/airflow/example_dags/example_short_circuit_decorator.py
[2026-08-26T18:21:23.693+0000] {processor.py:840} INFO - DAG(s) 'example_short_circuit_decorator' retrieved from /home/airflow/.local/lib/python3.8/site-packages/airflow/example_dags/example_short_circuit_decorator.py
[2026-08-26T18:21:23.724+0000] {logging_mixin.py:188} INFO - [2026-08-26T18:21:23.724+0000] {dag.py:3047} INFO - Sync 1 DAGs
[2026-08-26T18:21:23.754+0000] {logging_mixin.py:188} INFO - [2026-08-26T18:21:23.754+0000] {dag.py:3834} INFO - Setting next_dagrun for example_short_circuit_decorator to 2026-08-25 00:00:00+00:00, run_after=2026-08-26 00:00:00+00:00
[2026-08-26T18:21:23.781+0000] {processor.py:183} INFO - Processing /home/airflow/.local/lib/python3.8/site-packages/airflow/example_dags/example_short_circuit_decorator.py took 0.109 seconds
[2026-08-26T18:21:53.955+0000] {processor.py:161} INFO - Started process (PID=3880) to work on /home/airflow/.local/lib/python3.8/site-packages/airflow/example_dags/example_short_circuit_decorator.py
[2026-08-26T18:21:53.957+0000] {processor.py:830} INFO - Processing file /home/airflow/.local/lib/python3.8/site-packages/airflow/example_dags/example_short_circuit_decorator.py for tasks to queue
[2026-08-26T18:21:53.960+0000] {logging_mixin.py:188} INFO - [2026-08-26T18:21:53.959+0000] {dagbag.py:540} INFO - Filling up the DagBag from /home/airflow/.local/lib/python3.8/site-packages/airflow/example_dags/example_short_circuit_decorator.py
[2026-08-26T18:21:53.972+0000] {processor.py:840} INFO - DAG(s) 'example_short_circuit_decorator' retrieved from /home/airflow/.local/lib/python3.8/site-packages/airflow/example_dags/example_short_circuit_decorator.py
[2026-08-26T18:21:54.006+0000] {logging_mixin.py:188} INFO - [2026-08-26T18:21:54.006+0000] {dag.py:3047} INFO - Sync 1 DAGs
[2026-08-26T18:21:54.037+0000] {logging_mixin.py:188} INFO - [2026-08-26T18:21:54.037+0000] {dag.py:3834} INFO - Setting next_dagrun for example_short_circuit_decorator to 2026-08-25 00:00:00+00:00, run_after=2026-08-26 00:00:00+00:00
[2026-08-26T18:21:54.064+0000] {processor.py:183} INFO - Processing /home/airflow/.local/lib/python3.8/site-packages/airflow/example_dags/example_short_circuit_decorator.py took 0.113 seconds
[2026-08-26T18:22:24.499+0000] {processor.py:161} INFO - Started process (PID=3937) to work on /home/airflow/.local/lib/python3.8/site-packages/airflow/example_dags/example_short_circuit_decorator.py
[2026-08-26T18:22:24.501+0000] {processor.py:830} INFO - Processing file /home/airflow/.local/lib/python3.8/site-packages/airflow/example_dags/example_short_circuit_decorator.py for tasks to queue
[2026-08-26T18:22:24.504+0000] {logging_mixin.py:188} INFO - [2026-08-26T18:22:24.504+0000] {dagbag.py:540} INFO - Filling up the DagBag from /home/airflow/.local/lib/python3.8/site-packages/airflow/example_dags/example_short_circuit_decorator.py
[2026-08-26T18:22:24.519+0000] {processor.py:840} INFO - DAG(s) 'example_short_circuit_decorator' retrieved from /home/airflow/.local/lib/python3.8/site-packages/airflow/example_dags/example_short_circuit_decorator.py
[2026-08-26T18:22:24.549+0000] {logging_mixin.py:188} INFO - [2026-08-26T18:22:24.549+0000] {dag.py:3047} INFO - Sync 1 DAGs
[2026-08-26T18:22:24.578+0000] {logging_mixin.py:188} INFO - [2026-08-26T18:22:24.578+0000] {dag.py:3834} INFO - Setting next_dagrun for example_short_circuit_decorator to 2026-08-25 00:00:00+00:00, run_after=2026-08-26 00:00:00+00:00
[2026-08-26T18:22:24.601+0000] {processor.py:183} INFO - Processing /home/airflow/.local/lib/python3.8/site-packages/airflow/example_dags/example_short_circuit_decorator.py took 0.105 seconds
[2026-08-26T18:22:54.967+0000] {processor.py:161} INFO - Started process (PID=3994) to work on /home/airflow/.local/lib/python3.8/site-packages/airflow/example_dags/example_short_circuit_decorator.py
[2026-08-26T18:22:54.970+0000] {processor.py:830} INFO - Processing file /home/airflow/.local/lib/python3.8/site-packages/airflow/example_dags/example_short_circuit_decorator.py for tasks to queue
[2026-08-26T18:22:54.974+0000] {logging_mixin.py:188} INFO - [2026-08-26T18:22:54.973+0000] {dagbag.py:540} INFO - Filling up the DagBag from /home/airflow/.local/lib/python3.8/site-packages/airflow/example_dags/example_short_circuit_decorator.py
[2026-08-26T18:22:54.987+0000] {processor.py:840} INFO - DAG(s) 'example_short_circuit_decorator' retrieved from /home/airflow/.local/lib/python3.8/site-packages/airflow/example_dags/example_short_circuit_decorator.py
[2026-08-26T18:22:55.018+0000] {logging_mixin.py:188} INFO - [2026-08-26T18:22:55.017+0000] {dag.py:3047} INFO - Sync 1 DAGs
[2026-08-26T18:22:55.047+0000] {logging_mixin.py:188} INFO - [2026-08-26T18:22:55.046+0000] {dag.py:3834} INFO - Setting next_dagrun for example_short_circuit_decorator to 2026-08-25 00:00:00+00:00, run_after=2026-08-26 00:00:00+00:00
[2026-08-26T18:22:55.072+0000] {processor.py:183} INFO - Processing /home/airflow/.local/lib/python3.8/site-packages/airflow/example_dags/example_short_circuit_decorator.py took 0.109 seconds
[2026-08-26T18:23:25.498+0000] {processor.py:161} INFO - Started process (PID=4051) to work on /home/airflow/.local/lib/python3.8/site-packages/airflow/example_dags/example_short_circuit_decorator.py
[2026-08-26T18:23:25.500+0000] {processor.py:830} INFO - Processing file /home/airflow/.local/lib/python3.8/site-packages/airflow/example_dags/example_short_circuit_decorator.py for tasks to queue
[2026-08-26T18:23:25.507+0000] {logging_mixin.py:188} INFO - [2026-08-26T18:23:25.506+0000] {dagbag.py:540} INFO - Filling up the DagBag from /home/airflow/.local/lib/python3.8/site-packages/airflow/example_dags/example_short_circuit_decorator.py
[2026-08-26T18:23:25.521+0000] {processor.py:840} INFO - DAG(s) 'example_short_circuit_decorator' retrieved from /home/airflow/.local/lib/python3.8/site-packages/airflow/example_dags/example_short_circuit_decorator.py
[2026-08-26T18:23:25.562+0000] {logging_mixin.py:188} INFO - [2026-08-26T18:23:25.562+0000] {dag.py:3047} INFO - Sync 1 DAGs
[2026-08-26T18:23:25.599+0000] {logging_mixin.py:188} INFO - [2026-08-26T18:23:25.599+0000] {dag.py:3834} INFO - Setting next_dagrun for example_short_circuit_decorator to 2026-08-25 00:00:00+00:00, run_after=2026-08-26 00:00:00+00:00
[2026-08-26T18:23:25.628+0000] {processor.py:183} INFO - Processing /home/airflow/.local/lib/python3.8/site-packages/airflow/example_dags/example_short_circuit_decorator.py took 0.135 seconds
[2026-08-26T18:23:55.726+0000] {processor.py:161} INFO - Started process (PID=4108) to work on /home/airflow/.local/lib/python3.8/site-packages/airflow/example_dags/example_short_circuit_decorator.py
[2026-08-26T18:23:55.728+0000] {processor.py:830} INFO - Processing file /home/airflow/.local/lib/python3.8/site-packages/airflow/example_dags/example_short_circuit_decorator.py for tasks to queue
[2026-08-26T18:23:55.731+0000] {logging_mixin.py:188} INFO - [2026-08-26T18:23:55.730+0000] {dagbag.py:540} INFO - Filling up the DagBag from /home/airflow/.local/lib/python3.8/site-packages/airflow/example_dags/example_short_circuit_decorator.py
[2026-08-26T18:23:55.745+0000] {processor.py:840} INFO - DAG(s) 'example_short_circuit_decorator' retrieved from /home/airflow/.local/lib/python3.8/site-packages/airflow/example_dags/example_short_circuit_decorator.py
[2026-08-26T18:23:55.777+0000] {logging_mixin.py:188} INFO - [2026-08-26T18:23:55.777+0000] {dag.py:3047} INFO - Sync 1 DAGs
[2026-08-26T18:23:55.807+0000] {logging_mixin.py:188} INFO - [2026-08-26T18:23:55.806+0000] {dag.py:3834} INFO - Setting next_dagrun for example_short_circuit_decorator to 2026-08-25 00:00:00+00:00, run_after=2026-08-26 00:00:00+00:00
[2026-08-26T18:23:55.832+0000] {processor.py:183} INFO - Processing /home/airflow/.local/lib/python3.8/site-packages/airflow/example_dags/example_short_circuit_decorator.py took 0.111 seconds
[2026-08-26T18:24:26.756+0000] {processor.py:161} INFO - Started process (PID=4165) to work on /home/airflow/.local/lib/python3.8/site-packages/airflow/example_dags/example_short_circuit_decorator.py
[2026-08-26T18:24:26.758+0000] {processor.py:830} INFO - Processing file /home/airflow/.local/lib/python3.8/site-packages/airflow/example_dags/example_short_circuit_decorator.py for tasks to queue
[2026-08-26T18:24:26.761+0000] {logging_mixin.py:188} INFO - [2026-08-26T18:24:26.761+0000] {dagbag.py:540} INFO - Filling up the DagBag from /home/airflow/.local/lib/python3.8/site-packages/airflow/example_dags/example_short_circuit_decorator.py
[2026-08-26T18:24:26.791+0000] {processor.py:840} INFO - DAG(s) 'example_short_circuit_decorator' retrieved from /home/airflow/.local/lib/python3.8/site-packages/airflow/example_dags/example_short_circuit_decorator.py
[2026-08-26T18:24:26.854+0000] {logging_mixin.py:188} INFO - [2026-08-26T18:24:26.854+0000] {dag.py:3047} INFO - Sync 1 DAGs
[2026-08-26T18:24:26.884+0000] {logging_mixin.py:188} INFO - [2026-08-26T18:24:26.884+0000] {dag.py:3834} INFO - Setting next_dagrun for example_short_circuit_decorator to 2026-08-25 00:00:00+00:00, run_after=2026-08-26 00:00:00+00:00
[2026-08-26T18:24:26.906+0000] {processor.py:183} INFO - Processing /home/airflow/.local/lib/python3.8/site-packages/airflow/example_dags/example_short_circuit_decorator.py took 0.156 seconds
[2026-08-26T18:24:57.149+0000] {processor.py:161} INFO - Started process (PID=4222) to work on /home/airflow/.local/lib/python3.8/site-packages/airflow/example_dags/example_short_circuit_decorator.py
[2026-08-26T18:24:57.151+0000] {processor.py:830} INFO - Processing file /home/airflow/.local/lib/python3.8/site-packages/airflow/example_dags/example_short_circuit_decorator.py for tasks to queue
[2026-08-26T18:24:57.154+0000] {logging_mixin.py:188} INFO - [2026-08-26T18:24:57.154+0000] {dagbag.py:540} INFO - Filling up the DagBag from /home/airflow/.local/lib/python3.8/site-packages/airflow/example_dags/example_short_circuit_decorator.py
[2026-08-26T18:24:57.167+0000] {processor.py:840} INFO - DAG(s) 'example_short_circuit_decorator' retrieved from /home/airflow/.local/lib/python3.8/site-packages/airflow/example_dags/example_short_circuit_decorator.py
[2026-08-26T18:24:57.201+0000] {logging_mixin.py:188} INFO - [2026-08-26T18:24:57.201+0000] {dag.py:3047} INFO - Sync 1 DAGs
[2026-08-26T18:24:57.225+0000] {logging_mixin.py:188} INFO - [2026-08-26T18:24:57.224+0000] {dag.py:3834} INFO - Setting next_dagrun for example_short_circuit_decorator to 2026-08-25 00:00:00+00:00, run_after=2026-08-26 00:00:00+00:00
[2026-08-26T18:24:57.247+0000] {processor.py:183} INFO - Processing /home/airflow/.local/lib/python3.8/site-packages/airflow/example_dags/example_short_circuit_decorator.py took 0.103 seconds
[2026-08-26T18:25:27.408+0000] {processor.py:161} INFO - Started process (PID=4279) to work on /home/airflow/.local/lib/python3.8/site-packages/airflow/example_dags/example_short_circuit_decorator.py
[2026-08-26T18:25:27.410+0000] {processor.py:830} INFO - Processing file /home/airflow/.local/lib/python3.8/site-packages/airflow/example_dags/example_short_circuit_decorator.py for tasks to queue
[2026-08-26T18:25:27.413+0000] {logging_mixin.py:188} INFO - [2026-08-26T18:25:27.413+0000] {dagbag.py:540} INFO - Filling up the DagBag from /home/airflow/.local/lib/python3.8/site-packages/airflow/example_dags/example_short_circuit_decorator.py
[2026-08-26T18:25:27.425+0000] {processor.py:840} INFO - DAG(s) 'example_short_circuit_decorator' retrieved from /home/airflow/.local/lib/python3.8/site-packages/airflow/example_dags/example_short_circuit_decorator.py
[2026-08-26T18:25:27.455+0000] {logging_mixin.py:188} INFO - [2026-08-26T18:25:27.455+0000] {dag.py:3047} INFO - Sync 1 DAGs
[2026-08-26T18:25:27.482+0000] {logging_mixin.py:188} INFO - [2026-08-26T18:25:27.482+0000] {dag.py:3834} INFO - Setting next_dagrun for example_short_circuit_decorator to 2026-08-25 00:00:00+00:00, run_after=2026-08-26 00:00:00+00:00
[2026-08-26T18:25:27.504+0000] {processor.py:183} INFO - Processing /home/airflow/.local/lib/python3.8/site-packages/airflow/example_dags/example_short_circuit_decorator.py took 0.099 seconds
[2026-08-26T18:25:58.127+0000] {processor.py:161} INFO - Started process (PID=4336) to work on /home/airflow/.local/lib/python3.8/site-packages/airflow/example_dags/example_short_circuit_decorator.py
[2026-08-26T18:25:58.129+0000] {processor.py:830} INFO - Processing file /home/airflow/.local/lib/python3.8/site-packages/airflow/example_dags/example_short_circuit_decorator.py for tasks to queue
[2026-08-26T18:25:58.132+0000] {logging_mixin.py:188} INFO - [2026-08-26T18:25:58.132+0000] {dagbag.py:540} INFO - Filling up the DagBag from /home/airflow/.local/lib/python3.8/site-packages/airflow/example_dags/example_short_circuit_decorator.py
[2026-08-26T18:25:58.144+0000] {processor.py:840} INFO - DAG(s) 'example_short_circuit_decorator' retrieved from /home/airflow/.local/lib/python3.8/site-packages/airflow/example_dags/example_short_circuit_decorator.py
[2026-08-26T18:25:58.177+0000] {logging_mixin.py:188} INFO - [2026-08-26T18:25:58.176+0000] {dag.py:3047} INFO - Sync 1 DAGs
[2026-08-26T18:25:58.208+0000] {logging_mixin.py:188} INFO - [2026-08-26T18:25:58.207+0000] {dag.py:3834} INFO - Setting next_dagrun for example_short_circuit_decorator to 2026-08-25 00:00:00+00:00, run_after=2026-08-26 00:00:00+00:00
[2026-08-26T18:25:58.266+0000] {processor.py:183} INFO - Processing /home/airflow/.local/lib/python3.8/site-packages/airflow/example_dags/example_short_circuit_decorator.py took 0.144 seconds
[2026-08-26T18:26:28.714+0000] {processor.py:161} INFO - Started process (PID=4393) to work on /home/airflow/.local/lib/python3.8/site-packages/airflow/example_dags/example_short_circuit_decorator.py
[2026-08-26T18:26:28.718+0000] {processor.py:830} INFO - Processing file /home/airflow/.local/lib/python3.8/site-packages/airflow/example_dags/example_short_circuit_decorator.py for tasks to queue
[2026-08-26T18:26:28.723+0000] {logging_mixin.py:188} INFO - [2026-08-26T18:26:28.723+0000] {dagbag.py:540} INFO - Filling up the DagBag from /home/airflow/.local/lib/python3.8/site-packages/airflow/example_dags/example_short_circuit_decorator.py
[2026-08-26T18:26:28.734+0000] {processor.py:840} INFO - DAG(s) 'example_short_circuit_decorator' retrieved from /home/airflow/.local/lib/python3.8/site-packages/airflow/example_dags/example_short_circuit_decorator.py
[2026-08-26T18:26:28.766+0000] {logging_mixin.py:188} INFO - [2026-08-26T18:26:28.765+0000] {dag.py:3047} INFO - Sync 1 DAGs
[2026-08-26T18:26:28.801+0000] {logging_mixin.py:188} INFO - [2026-08-26T18:26:28.801+0000] {dag.py:3834} INFO - Setting next_dagrun for example_short_circuit_decorator to 2026-08-25 00:00:00+00:00, run_after=2026-08-26 00:00:00+00:00
[2026-08-26T18:26:28.831+0000] {processor.py:183} INFO - Processing /home/airflow/.local/lib/python3.8/site-packages/airflow/example_dags/example_short_circuit_decorator.py took 0.121 seconds
[2026-08-26T18:26:59.470+0000] {processor.py:161} INFO - Started process (PID=4450) to work on /home/airflow/.local/lib/python3.8/site-packages/airflow/example_dags/example_short_circuit_decorator.py
[2026-08-26T18:26:59.473+0000] {processor.py:830} INFO - Processing file /home/airflow/.local/lib/python3.8/site-packages/airflow/example_dags/example_short_circuit_decorator.py for tasks to queue
[2026-08-26T18:26:59.478+0000] {logging_mixin.py:188} INFO - [2026-08-26T18:26:59.477+0000] {dagbag.py:540} INFO - Filling up the DagBag from /home/airflow/.local/lib/python3.8/site-packages/airflow/example_dags/example_short_circuit_decorator.py
[2026-08-26T18:26:59.503+0000] {processor.py:840} INFO - DAG(s) 'example_short_circuit_decorator' retrieved from /home/airflow/.local/lib/python3.8/site-packages/airflow/example_dags/example_short_circuit_decorator.py
[2026-08-26T18:26:59.557+0000] {logging_mixin.py:188} INFO - [2026-08-26T18:26:59.557+0000] {dag.py:3047} INFO - Sync 1 DAGs
[2026-08-26T18:26:59.610+0000] {logging_mixin.py:188} INFO - [2026-08-26T18:26:59.610+0000] {dag.py:3834} INFO - Setting next_dagrun for example_short_circuit_decorator to 2026-08-25 00:00:00+00:00, run_after=2026-08-26 00:00:00+00:00
[2026-08-26T18:26:59.641+0000] {processor.py:183} INFO - Processing /home/airflow/.local/lib/python3.8/site-packages/airflow/example_dags/example_short_circuit_decorator.py took 0.181 seconds
[2026-08-26T18:27:30.151+0000] {processor.py:161} INFO - Started process (PID=4507) to work on /home/airflow/.local/lib/python3.8/site-packages/airflow/example_dags/example_short_circuit_decorator.py
[2026-08-26T18:27:30.153+0000] {processor.py:830} INFO - Processing file /home/airflow/.local/lib/python3.8/site-packages/airflow/example_dags/example_short_circuit_decorator.py for tasks to queue
[2026-08-26T18:27:30.157+0000] {logging_mixin.py:188} INFO - [2026-08-26T18:27:30.156+0000] {dagbag.py:540} INFO - Filling up the DagBag from /home/airflow/.local/lib/python3.8/site-packages/airflow/example_dags/example_short_circuit_decorator.py
[2026-08-26T18:27:30.171+0000] {processor.py:840} INFO - DAG(s) 'example_short_circuit_decorator' retrieved from /home/airflow/.local/lib/python3.8/site-packages/airflow/example_dags/example_short_circuit_decorator.py
[2026-08-26T18:27:30.205+0000] {logging_mixin.py:188} INFO - [2026-08-26T18:27:30.204+0000] {dag.py:3047} INFO - Sync 1 DAGs
[2026-08-26T18:27:30.233+0000] {logging_mixin.py:188} INFO - [2026-08-26T18:27:30.232+0000] {dag.py:3834} INFO - Setting next_dagrun for example_short_circuit_decorator to 2026-08-25 00:00:00+00:00, run_after=2026-08-26 00:00:00+00:00
[2026-08-26T18:27:30.260+0000] {processor.py:183} INFO - Processing /home/airflow/.local/lib/python3.8/site-packages/airflow/example_dags/example_short_circuit_decorator.py took 0.115 seconds
[2026-08-26T18:28:00.736+0000] {processor.py:161} INFO - Started process (PID=4564) to work on /home/airflow/.local/lib/python3.8/site-packages/airflow/example_dags/example_short_circuit_decorator.py
[2026-08-26T18:28:00.738+0000] {processor.py:830} INFO - Processing file /home/airflow/.local/lib/python3.8/site-packages/airflow/example_dags/example_short_circuit_decorator.py for tasks to queue
[2026-08-26T18:28:00.740+0000] {logging_mixin.py:188} INFO - [2026-08-26T18:28:00.740+0000] {dagbag.py:540} INFO - Filling up the DagBag from /home/airflow/.local/lib/python3.8/site-packages/airflow/example_dags/example_short_circuit_decorator.py
[2026-08-26T18:28:00.752+0000] {processor.py:840} INFO - DAG(s) 'example_short_circuit_decorator' retrieved from /home/airflow/.local/lib/python3.8/site-packages/airflow/example_dags/example_short_circuit_decorator.py
[2026-08-26T18:28:00.781+0000] {logging_mixin.py:188} INFO - [2026-08-26T18:28:00.781+0000] {dag.py:3047} INFO - Sync 1 DAGs
[2026-08-26T18:28:00.809+0000] {logging_mixin.py:188} INFO - [2026-08-26T18:28:00.809+0000] {dag.py:3834} INFO - Setting next_dagrun for example_short_circuit_decorator to 2026-08-25 00:00:00+00:00, run_after=2026-08-26 00:00:00+00:00
[2026-08-26T18:28:00.839+0000] {processor.py:183} INFO - Processing /home/airflow/.local/lib/python3.8/site-packages/airflow/example_dags/example_short_circuit_decorator.py took 0.107 seconds
[2026-08-26T18:28:31.567+0000] {processor.py:161} INFO - Started process (PID=4621) to work on /home/airflow/.local/lib/python3.8/site-packages/airflow/example_dags/example_short_circuit_decorator.py
[2026-08-26T18:28:31.569+0000] {processor.py:830} INFO - Processing file /home/airflow/.local/lib/python3.8/site-packages/airflow/example_dags/example_short_circuit_decorator.py for tasks to queue
[2026-08-26T18:28:31.571+0000] {logging_mixin.py:188} INFO - [2026-08-26T18:28:31.571+0000] {dagbag.py:540} INFO - Filling up the DagBag from /home/airflow/.local/lib/python3.8/site-packages/airflow/example_dags/example_short_circuit_decorator.py
[2026-08-26T18:28:31.584+0000] {processor.py:840} INFO - DAG(s) 'example_short_circuit_decorator' retrieved from /home/airflow/.local/lib/python3.8/site-packages/airflow/example_dags/example_short_circuit_decorator.py
[2026-08-26T18:28:31.613+0000] {logging_mixin.py:188} INFO - [2026-08-26T18:28:31.612+0000] {dag.py:3047} INFO - Sync 1 DAGs
[2026-08-26T18:28:31.652+0000] {logging_mixin.py:188} INFO - [2026-08-26T18:28:31.651+0000] {dag.py:3834} INFO - Setting next_dagrun for example_short_circuit_decorator to 2026-08-25 00:00:00+00:00, run_after=2026-08-26 00:00:00+00:00
[2026-08-26T18:28:31.678+0000] {processor.py:183} INFO - Processing /home/airflow/.local/lib/python3.8/site-packages/airflow/example_dags/example_short_circuit_decorator.py took 0.115 seconds
[2026-08-26T18:29:02.298+0000] {processor.py:161} INFO - Started process (PID=4678) to work on /home/airflow/.local/lib/python3.8/site-packages/airflow/example_dags/example_short_circuit_decorator.py
[2026-08-26T18:29:02.300+0000] {processor.py:830} INFO - Processing file /home/airflow/.local/lib/python3.8/site-packages/airflow/example_dags/example_short_circuit_decorator.py for tasks to queue
[2026-08-26T18:29:02.304+0000] {logging_mixin.py:188} INFO - [2026-08-26T18:29:02.303+0000] {dagbag.py:540} INFO - Filling up the DagBag from /home/airflow/.local/lib/python3.8/site-packages/airflow/example_dags/example_short_circuit_decorator.py
[2026-08-26T18:29:02.317+0000] {processor.py:840} INFO - DAG(s) 'example_short_circuit_decorator' retrieved from /home/airflow/.local/lib/python3.8/site-packages/airflow/example_dags/example_short_circuit_decorator.py
[2026-08-26T18:29:02.348+0000] {logging_mixin.py:188} INFO - [2026-08-26T18:29:02.347+0000] {dag.py:3047} INFO - Sync 1 DAGs
[2026-08-26T18:29:02.378+0000] {logging_mixin.py:188} INFO - [2026-08-26T18:29:02.378+0000] {dag.py:3834} INFO - Setting next_dagrun for example_short_circuit_decorator to 2026-08-25 00:00:00+00:00, run_after=2026-08-26 00:00:00+00:00
[2026-08-26T18:29:02.402+0000] {processor.py:183} INFO - Processing /home/airflow/.local/lib/python3.8/site-packages/airflow/example_dags/example_short_circuit_decorator.py took 0.109 seconds
[2026-08-26T18:29:32.553+0000] {processor.py:161} INFO - Started process (PID=4735) to work on /home/airflow/.local/lib/python3.8/site-packages/airflow/example_dags/example_short_circuit_decorator.py
[2026-08-26T18:29:32.556+0000] {processor.py:830} INFO - Processing file /home/airflow/.local/lib/python3.8/site-packages/airflow/example_dags/example_short_circuit_decorator.py for tasks to queue
[2026-08-26T18:29:32.559+0000] {logging_mixin.py:188} INFO - [2026-08-26T18:29:32.559+0000] {dagbag.py:540} INFO - Filling up the DagBag from /home/airflow/.local/lib/python3.8/site-packages/airflow/example_dags/example_short_circuit_decorator.py
[2026-08-26T18:29:32.572+0000] {processor.py:840} INFO - DAG(s) 'example_short_circuit_decorator' retrieved from /home/airflow/.local/lib/python3.8/site-packages/airflow/example_dags/example_short_circuit_decorator.py
[2026-08-26T18:29:32.609+0000] {logging_mixin.py:188} INFO - [2026-08-26T18:29:32.608+0000] {dag.py:3047} INFO - Sync 1 DAGs
[2026-08-26T18:29:32.641+0000] {logging_mixin.py:188} INFO - [2026-08-26T18:29:32.641+0000] {dag.py:3834} INFO - Setting next_dagrun for example_short_circuit_decorator to 2026-08-25 00:00:00+00:00, run_after=2026-08-26 00:00:00+00:00
[2026-08-26T18:29:32.674+0000] {processor.py:183} INFO - Processing /home/airflow/.local/lib/python3.8/site-packages/airflow/example_dags/example_short_circuit_decorator.py took 0.125 seconds
[2026-08-26T18:30:02.939+0000] {processor.py:161} INFO - Started process (PID=4792) to work on /home/airflow/.local/lib/python3.8/site-packages/airflow/example_dags/example_short_circuit_decorator.py
[2026-08-26T18:30:02.941+0000] {processor.py:830} INFO - Processing file /home/airflow/.local/lib/python3.8/site-packages/airflow/example_dags/example_short_circuit_decorator.py for tasks to queue
[2026-08-26T18:30:02.945+0000] {logging_mixin.py:188} INFO - [2026-08-26T18:30:02.944+0000] {dagbag.py:540} INFO - Filling up the DagBag from /home/airflow/.local/lib/python3.8/site-packages/airflow/example_dags/example_short_circuit_decorator.py
[2026-08-26T18:30:02.957+0000] {processor.py:840} INFO - DAG(s) 'example_short_circuit_decorator' retrieved from /home/airflow/.local/lib/python3.8/site-packages/airflow/example_dags/example_short_circuit_decorator.py
[2026-08-26T18:30:02.985+0000] {logging_mixin.py:188} INFO - [2026-08-26T18:30:02.985+0000] {dag.py:3047} INFO - Sync 1 DAGs
[2026-08-26T18:30:03.010+0000] {logging_mixin.py:188} INFO - [2026-08-26T18:30:03.010+0000] {dag.py:3834} INFO - Setting next_dagrun for example_short_circuit_decorator to 2026-08-25 00:00:00+00:00, run_after=2026-08-26 00:00:00+00:00
[2026-08-26T18:30:03.032+0000] {processor.py:183} INFO - Processing /home/airflow/.local/lib/python3.8/site-packages/airflow/example_dags/example_short_circuit_decorator.py took 0.099 seconds
[2026-08-26T18:30:33.237+0000] {processor.py:161} INFO - Started process (PID=4849) to work on /home/airflow/.local/lib/python3.8/site-packages/airflow/example_dags/example_short_circuit_decorator.py
[2026-08-26T18:30:33.239+0000] {processor.py:830} INFO - Processing file /home/airflow/.local/lib/python3.8/site-packages/airflow/example_dags/example_short_circuit_decorator.py for tasks to queue
[2026-08-26T18:30:33.243+0000] {logging_mixin.py:188} INFO - [2026-08-26T18:30:33.242+0000] {dagbag.py:540} INFO - Filling up the DagBag from /home/airflow/.local/lib/python3.8/site-packages/airflow/example_dags/example_short_circuit_decorator.py
[2026-08-26T18:30:33.257+0000] {processor.py:840} INFO - DAG(s) 'example_short_circuit_decorator' retrieved from /home/airflow/.local/lib/python3.8/site-packages/airflow/example_dags/example_short_circuit_decorator.py
[2026-08-26T18:30:33.287+0000] {logging_mixin.py:188} INFO - [2026-08-26T18:30:33.287+0000] {dag.py:3047} INFO - Sync 1 DAGs
[2026-08-26T18:30:33.315+0000] {logging_mixin.py:188} INFO - [2026-08-26T18:30:33.315+0000] {dag.py:3834} INFO - Setting next_dagrun for example_short_circuit_decorator to 2026-08-25 00:00:00+00:00, run_after=2026-08-26 00:00:00+00:00
[2026-08-26T18:30:33.339+0000] {processor.py:183} INFO - Processing /home/airflow/.local/lib/python3.8/site-packages/airflow/example_dags/example_short_circuit_decorator.py took 0.107 seconds
[2026-08-26T18:31:03.970+0000] {processor.py:161} INFO - Started process (PID=4906) to work on /home/airflow/.local/lib/python3.8/site-packages/airflow/example_dags/example_short_circuit_decorator.py
[2026-08-26T18:31:03.972+0000] {processor.py:830} INFO - Processing file /home/airflow/.local/lib/python3.8/site-packages/airflow/example_dags/example_short_circuit_decorator.py for tasks to queue
[2026-08-26T18:31:03.975+0000] {logging_mixin.py:188} INFO - [2026-08-26T18:31:03.974+0000] {dagbag.py:540} INFO - Filling up the DagBag from /home/airflow/.local/lib/python3.8/site-packages/airflow/example_dags/example_short_circuit_decorator.py
[2026-08-26T18:31:03.987+0000] {processor.py:840} INFO - DAG(s) 'example_short_circuit_decorator' retrieved from /home/airflow/.local/lib/python3.8/site-packages/airflow/example_dags/example_short_circuit_decorator.py
[2026-08-26T18:31:04.018+0000] {logging_mixin.py:188} INFO - [2026-08-26T18:31:04.018+0000] {dag.py:3047} INFO - Sync 1 DAGs
[2026-08-26T18:31:04.044+0000] {logging_mixin.py:188} INFO - [2026-08-26T18:31:04.043+0000] {dag.py:3834} INFO - Setting next_dagrun for example_short_circuit_decorator to 2026-08-25 00:00:00+00:00, run_after=2026-08-26 00:00:00+00:00
[2026-08-26T18:31:04.071+0000] {processor.py:183} INFO - Processing /home/airflow/.local/lib/python3.8/site-packages/airflow/example_dags/example_short_circuit_decorator.py took 0.104 seconds
[2026-08-26T18:31:34.299+0000] {processor.py:161} INFO - Started process (PID=4963) to work on /home/airflow/.local/lib/python3.8/site-packages/airflow/example_dags/example_short_circuit_decorator.py
[2026-08-26T18:31:34.301+0000] {processor.py:830} INFO - Processing file /home/airflow/.local/lib/python3.8/site-packages/airflow/example_dags/example_short_circuit_decorator.py for tasks to queue
[2026-08-26T18:31:34.305+0000] {logging_mixin.py:188} INFO - [2026-08-26T18:31:34.304+0000] {dagbag.py:540} INFO - Filling up the DagBag from /home/airflow/.local/lib/python3.8/site-packages/airflow/example_dags/example_short_circuit_decorator.py
[2026-08-26T18:31:34.322+0000] {processor.py:840} INFO - DAG(s) 'example_short_circuit_decorator' retrieved from /home/airflow/.local/lib/python3.8/site-packages/airflow/example_dags/example_short_circuit_decorator.py
[2026-08-26T18:31:34.352+0000] {logging_mixin.py:188} INFO - [2026-08-26T18:31:34.352+0000] {dag.py:3047} INFO - Sync 1 DAGs
[2026-08-26T18:31:34.379+0000] {logging_mixin.py:188} INFO - [2026-08-26T18:31:34.379+0000] {dag.py:3834} INFO - Setting next_dagrun for example_short_circuit_decorator to 2026-08-25 00:00:00+00:00, run_after=2026-08-26 00:00:00+00:00
[2026-08-26T18:31:34.404+0000] {processor.py:183} INFO - Processing /home/airflow/.local/lib/python3.8/site-packages/airflow/example_dags/example_short_circuit_decorator.py took 0.109 seconds
[2026-08-26T18:32:05.011+0000] {processor.py:161} INFO - Started process (PID=5020) to work on /home/airflow/.local/lib/python3.8/site-packages/airflow/example_dags/example_short_circuit_decorator.py
[2026-08-26T18:32:05.013+0000] {processor.py:830} INFO - Processing file /home/airflow/.local/lib/python3.8/site-packages/airflow/example_dags/example_short_circuit_decorator.py for tasks to queue
[2026-08-26T18:32:05.016+0000] {logging_mixin.py:188} INFO - [2026-08-26T18:32:05.015+0000] {dagbag.py:540} INFO - Filling up the DagBag from /home/airflow/.local/lib/python3.8/site-packages/airflow/example_dags/example_short_circuit_decorator.py
[2026-08-26T18:32:05.028+0000] {processor.py:840} INFO - DAG(s) 'example_short_circuit_decorator' retrieved from /home/airflow/.local/lib/python3.8/site-packages/airflow/example_dags/example_short_circuit_decorator.py
[2026-08-26T18:32:05.060+0000] {logging_mixin.py:188} INFO - [2026-08-26T18:32:05.059+0000] {dag.py:3047} INFO - Sync 1 DAGs
[2026-08-26T18:32:05.085+0000] {logging_mixin.py:188} INFO - [2026-08-26T18:32:05.085+0000] {dag.py:3834} INFO - Setting next_dagrun for example_short_circuit_decorator to 2026-08-25 00:00:00+00:00, run_after=2026-08-26 00:00:00+00:00
[2026-08-26T18:32:05.110+0000] {processor.py:183} INFO - Processing /home/airflow/.local/lib/python3.8/site-packages/airflow/example_dags/example_short_circuit_decorator.py took 0.105 seconds
[2026-08-26T18:32:35.523+0000] {processor.py:161} INFO - Started process (PID=5077) to work on /home/airflow/.local/lib/python3.8/site-packages/airflow/example_dags/example_short_circuit_decorator.py
[2026-08-26T18:32:35.525+0000] {processor.py:830} INFO - Processing file /home/airflow/.local/lib/python3.8/site-packages/airflow/example_dags/example_short_circuit_decorator.py for tasks to queue
[2026-08-26T18:32:35.529+0000] {logging_mixin.py:188} INFO - [2026-08-26T18:32:35.528+0000] {dagbag.py:540} INFO - Filling up the DagBag from /home/airflow/.local/lib/python3.8/site-packages/airflow/example_dags/example_short_circuit_decorator.py
[2026-08-26T18:32:35.542+0000] {processor.py:840} INFO - DAG(s) 'example_short_circuit_decorator' retrieved from /home/airflow/.local/lib/python3.8/site-packages/airflow/example_dags/example_short_circuit_decorator.py
[2026-08-26T18:32:35.572+0000] {logging_mixin.py:188} INFO - [2026-08-26T18:32:35.572+0000] {dag.py:3047} INFO - Sync 1 DAGs
[2026-08-26T18:32:35.599+0000] {logging_mixin.py:188} INFO - [2026-08-26T18:32:35.598+0000] {dag.py:3834} INFO - Setting next_dagrun for example_short_circuit_decorator to 2026-08-25 00:00:00+00:00, run_after=2026-08-26 00:00:00+00:00
[2026-08-26T18:32:35.624+0000] {processor.py:183} INFO - Processing /home/airflow/.local/lib/python3.8/site-packages/airflow/example_dags/example_short_circuit_decorator.py took 0.106 seconds
[2026-08-26T18:33:06.338+0000] {processor.py:161} INFO - Started process (PID=5140) to work on /home/airflow/.local/lib/python3.8/site-packages/airflow/example_dags/example_short_circuit_decorator.py
[2026-08-26T18:33:06.340+0000] {processor.py:830} INFO - Processing file /home/airflow/.local/lib/python3.8/site-packages/airflow/example_dags/example_short_circuit_decorator.py for tasks to queue
[2026-08-26T18:33:06.342+0000] {logging_mixin.py:188} INFO - [2026-08-26T18:33:06.342+0000] {dagbag.py:540} INFO - Filling up the DagBag from /home/airflow/.local/lib/python3.8/site-packages/airflow/example_dags/example_short_circuit_decorator.py
[2026-08-26T18:33:06.356+0000] {processor.py:840} INFO - DAG(s) 'example_short_circuit_decorator' retrieved from /home/airflow/.local/lib/python3.8/site-packages/airflow/example_dags/example_short_circuit_decorator.py
[2026-08-26T18:33:06.388+0000] {logging_mixin.py:188} INFO - [2026-08-26T18:33:06.388+0000] {dag.py:3047} INFO - Sync 1 DAGs
[2026-08-26T18:33:06.419+0000] {logging_mixin.py:188} INFO - [2026-08-26T18:33:06.419+0000] {dag.py:3834} INFO - Setting next_dagrun for example_short_circuit_decorator to 2026-08-25 00:00:00+00:00, run_after=2026-08-26 00:00:00+00:00
[2026-08-26T18:33:06.444+0000] {processor.py:183} INFO - Processing /home/airflow/.local/lib/python3.8/site-packages/airflow/example_dags/example_short_circuit_decorator.py took 0.111 seconds
[2026-08-26T18:33:36.570+0000] {processor.py:161} INFO - Started process (PID=5197) to work on /home/airflow/.local/lib/python3.8/site-packages/airflow/example_dags/example_short_circuit_decorator.py
[2026-08-26T18:33:36.571+0000] {processor.py:830} INFO - Processing file /home/airflow/.local/lib/python3.8/site-packages/airflow/example_dags/example_short_circuit_decorator.py for tasks to queue
[2026-08-26T18:33:36.574+0000] {logging_mixin.py:188} INFO - [2026-08-26T18:33:36.573+0000] {dagbag.py:540} INFO - Filling up the DagBag from /home/airflow/.local/lib/python3.8/site-packages/airflow/example_dags/example_short_circuit_decorator.py
[2026-08-26T18:33:36.586+0000] {processor.py:840} INFO - DAG(s) 'example_short_circuit_decorator' retrieved from /home/airflow/.local/lib/python3.8/site-packages/airflow/example_dags/example_short_circuit_decorator.py
[2026-08-26T18:33:36.616+0000] {logging_mixin.py:188} INFO - [2026-08-26T18:33:36.616+0000] {dag.py:3047} INFO - Sync 1 DAGs
[2026-08-26T18:33:36.641+0000] {logging_mixin.py:188} INFO - [2026-08-26T18:33:36.641+0000] {dag.py:3834} INFO - Setting next_dagrun for example_short_circuit_decorator to 2026-08-25 00:00:00+00:00, run_after=2026-08-26 00:00:00+00:00
[2026-08-26T18:33:36.670+0000] {processor.py:183} INFO - Processing /home/airflow/.local/lib/python3.8/site-packages/airflow/example_dags/example_short_circuit_decorator.py took 0.104 seconds
[2026-08-26T18:34:07.124+0000] {processor.py:161} INFO - Started process (PID=5254) to work on /home/airflow/.local/lib/python3.8/site-packages/airflow/example_dags/example_short_circuit_decorator.py
[2026-08-26T18:34:07.126+0000] {processor.py:830} INFO - Processing file /home/airflow/.local/lib/python3.8/site-packages/airflow/example_dags/example_short_circuit_decorator.py for tasks to queue
[2026-08-26T18:34:07.129+0000] {logging_mixin.py:188} INFO - [2026-08-26T18:34:07.128+0000] {dagbag.py:540} INFO - Filling up the DagBag from /home/airflow/.local/lib/python3.8/site-packages/airflow/example_dags/example_short_circuit_decorator.py
[2026-08-26T18:34:07.139+0000] {processor.py:840} INFO - DAG(s) 'example_short_circuit_decorator' retrieved from /home/airflow/.local/lib/python3.8/site-packages/airflow/example_dags/example_short_circuit_decorator.py
[2026-08-26T18:34:07.164+0000] {logging_mixin.py:188} INFO - [2026-08-26T18:34:07.164+0000] {dag.py:3047} INFO - Sync 1 DAGs
[2026-08-26T18:34:07.186+0000] {logging_mixin.py:188} INFO - [2026-08-26T18:34:07.186+0000] {dag.py:3834} INFO - Setting next_dagrun for example_short_circuit_decorator to 2026-08-25 00:00:00+00:00, run_after=2026-08-26 00:00:00+00:00
[2026-08-26T18:34:07.208+0000] {processor.py:183} INFO - Processing /home/airflow/.local/lib/python3.8/site-packages/airflow/example_dags/example_short_circuit_decorator.py took 0.088 seconds
[2026-08-26T18:34:38.126+0000] {processor.py:161} INFO - Started process (PID=5311) to work on /home/airflow/.local/lib/python3.8/site-packages/airflow/example_dags/example_short_circuit_decorator.py
[2026-08-26T18:34:38.128+0000] {processor.py:830} INFO - Processing file /home/airflow/.local/lib/python3.8/site-packages/airflow/example_dags/example_short_circuit_decorator.py for tasks to queue
[2026-08-26T18:34:38.130+0000] {logging_mixin.py:188} INFO - [2026-08-26T18:34:38.130+0000] {dagbag.py:540} INFO - Filling up the DagBag from /home/airflow/.local/lib/python3.8/site-packages/airflow/example_dags/example_short_circuit_decorator.py
[2026-08-26T18:34:38.142+0000] {processor.py:840} INFO - DAG(s) 'example_short_circuit_decorator' retrieved from /home/airflow/.local/lib/python3.8/site-packages/airflow/example_dags/example_short_circuit_decorator.py
[2026-08-26T18:34:38.171+0000] {logging_mixin.py:188} INFO - [2026-08-26T18:34:38.170+0000] {dag.py:3047} INFO - Sync 1 DAGs
[2026-08-26T18:34:38.196+0000] {logging_mixin.py:188} INFO - [2026-08-26T18:34:38.195+0000] {dag.py:3834} INFO - Setting next_dagrun for example_short_circuit_decorator to 2026-08-25 00:00:00+00:00, run_after=2026-08-26 00:00:00+00:00
[2026-08-26T18:34:38.218+0000] {processor.py:183} INFO - Processing /home/airflow/.local/lib/python3.8/site-packages/airflow/example_dags/example_short_circuit_decorator.py took 0.096 seconds
[2026-08-26T18:35:08.837+0000] {processor.py:161} INFO - Started process (PID=5368) to work on /home/airflow/.local/lib/python3.8/site-packages/airflow/example_dags/example_short_circuit_decorator.py
[2026-08-26T18:35:08.839+0000] {processor.py:830} INFO - Processing file /home/airflow/.local/lib/python3.8/site-packages/airflow/example_dags/example_short_circuit_decorator.py for tasks to queue
[2026-08-26T18:35:08.844+0000] {logging_mixin.py:188} INFO - [2026-08-26T18:35:08.843+0000] {dagbag.py:540} INFO - Filling up the DagBag from /home/airflow/.local/lib/python3.8/site-packages/airflow/example_dags/example_short_circuit_decorator.py
[2026-08-26T18:35:08.855+0000] {processor.py:840} INFO - DAG(s) 'example_short_circuit_decorator' retrieved from /home/airflow/.local/lib/python3.8/site-packages/airflow/example_dags/example_short_circuit_decorator.py
[2026-08-26T18:35:08.884+0000] {logging_mixin.py:188} INFO - [2026-08-26T18:35:08.883+0000] {dag.py:3047} INFO - Sync 1 DAGs
[2026-08-26T18:35:08.909+0000] {logging_mixin.py:188} INFO - [2026-08-26T18:35:08.909+0000] {dag.py:3834} INFO - Setting next_dagrun for example_short_circuit_decorator to 2026-08-25 00:00:00+00:00, run_after=2026-08-26 00:00:00+00:00
[2026-08-26T18:35:08.932+0000] {processor.py:183} INFO - Processing /home/airflow/.local/lib/python3.8/site-packages/airflow/example_dags/example_short_circuit_decorator.py took 0.099 seconds
[2026-08-26T18:35:39.424+0000] {processor.py:161} INFO - Started process (PID=5425) to work on /home/airflow/.local/lib/python3.8/site-packages/airflow/example_dags/example_short_circuit_decorator.py
[2026-08-26T18:35:39.426+0000] {processor.py:830} INFO - Processing file /home/airflow/.local/lib/python3.8/site-packages/airflow/example_dags/example_short_circuit_decorator.py for tasks to queue
[2026-08-26T18:35:39.429+0000] {logging_mixin.py:188} INFO - [2026-08-26T18:35:39.428+0000] {dagbag.py:540} INFO - Filling up the DagBag from /home/airflow/.local/lib/python3.8/site-packages/airflow/example_dags/example_short_circuit_decorator.py
[2026-08-26T18:35:39.440+0000] {processor.py:840} INFO - DAG(s) 'example_short_circuit_decorator' retrieved from /home/airflow/.local/lib/python3.8/site-packages/airflow/example_dags/example_short_circuit_decorator.py
[2026-08-26T18:35:39.469+0000] {logging_mixin.py:188} INFO - [2026-08-26T18:35:39.469+0000] {dag.py:3047} INFO - Sync 1 DAGs
[2026-08-26T18:35:39.495+0000] {logging_mixin.py:188} INFO - [2026-08-26T18:35:39.494+0000] {dag.py:3834} INFO - Setting next_dagrun for example_short_circuit_decorator to 2026-08-25 00:00:00+00:00, run_after=2026-08-26 00:00:00+00:00
[2026-08-26T18:35:39.522+0000] {processor.py:183} INFO - Processing /home/airflow/.local/lib/python3.8/site-packages/airflow/example_dags/example_short_circuit_decorator.py took 0.102 seconds
[2026-08-26T18:36:10.315+0000] {processor.py:161} INFO - Started process (PID=5482) to work on /home/airflow/.local/lib/python3.8/site-packages/airflow/example_dags/example_short_circuit_decorator.py
[2026-08-26T18:36:10.317+0000] {processor.py:830} INFO - Processing file /home/airflow/.local/lib/python3.8/site-packages/airflow/example_dags/example_short_circuit_decorator.py for tasks to queue
[2026-08-26T18:36:10.321+0000] {logging_mixin.py:188} INFO - [2026-08-26T18:36:10.321+0000] {dagbag.py:540} INFO - Filling up the DagBag from /home/airflow/.local/lib/python3.8/site-packages/airflow/example_dags/example_short_circuit_decorator.py
[2026-08-26T18:36:10.340+0000] {processor.py:840} INFO - DAG(s) 'example_short_circuit_decorator' retrieved from /home/airflow/.local/lib/python3.8/site-packages/airflow/example_dags/example_short_circuit_decorator.py
[2026-08-26T18:36:10.375+0000] {logging_mixin.py:188} INFO - [2026-08-26T18:36:10.375+0000] {dag.py:3047} INFO - Sync 1 DAGs
[2026-08-26T18:36:10.406+0000] {logging_mixin.py:188} INFO - [2026-08-26T18:36:10.406+0000] {dag.py:3834} INFO - Setting next_dagrun for example_short_circuit_decorator to 2026-08-25 00:00:00+00:00, run_after=2026-08-26 00:00:00+00:00
[2026-08-26T18:36:10.432+0000] {processor.py:183} INFO - Processing /home/airflow/.local/lib/python3.8/site-packages/airflow/example_dags/example_short_circuit_decorator.py took 0.123 seconds
[2026-08-26T18:36:41.298+0000] {processor.py:161} INFO - Started process (PID=5539) to work on /home/airflow/.local/lib/python3.8/site-packages/airflow/example_dags/example_short_circuit_decorator.py
[2026-08-26T18:36:41.301+0000] {processor.py:830} INFO - Processing file /home/airflow/.local/lib/python3.8/site-packages/airflow/example_dags/example_short_circuit_decorator.py for tasks to queue
[2026-08-26T18:36:41.304+0000] {logging_mixin.py:188} INFO - [2026-08-26T18:36:41.304+0000] {dagbag.py:540} INFO - Filling up the DagBag from /home/airflow/.local/lib/python3.8/site-packages/airflow/example_dags/example_short_circuit_decorator.py
[2026-08-26T18:36:41.315+0000] {processor.py:840} INFO - DAG(s) 'example_short_circuit_decorator' retrieved from /home/airflow/.local/lib/python3.8/site-packages/airflow/example_dags/example_short_circuit_decorator.py
[2026-08-26T18:36:41.346+0000] {logging_mixin.py:188} INFO - [2026-08-26T18:36:41.346+0000] {dag.py:3047} INFO - Sync 1 DAGs
[2026-08-26T18:36:41.375+0000] {logging_mixin.py:188} INFO - [2026-08-26T18:36:41.374+0000] {dag.py:3834} INFO - Setting next_dagrun for example_short_circuit_decorator to 2026-08-25 00:00:00+00:00, run_after=2026-08-26 00:00:00+00:00
[2026-08-26T18:36:41.400+0000] {processor.py:183} INFO - Processing /home/airflow/.local/lib/python3.8/site-packages/airflow/example_dags/example_short_circuit_decorator.py took 0.106 seconds
[2026-08-26T18:37:11.980+0000] {processor.py:161} INFO - Started process (PID=5597) to work on /home/airflow/.local/lib/python3.8/site-packages/airflow/example_dags/example_short_circuit_decorator.py
[2026-08-26T18:37:11.982+0000] {processor.py:830} INFO - Processing file /home/airflow/.local/lib/python3.8/site-packages/airflow/example_dags/example_short_circuit_decorator.py for tasks to queue
[2026-08-26T18:37:11.985+0000] {logging_mixin.py:188} INFO - [2026-08-26T18:37:11.984+0000] {dagbag.py:540} INFO - Filling up the DagBag from /home/airflow/.local/lib/python3.8/site-packages/airflow/example_dags/example_short_circuit_decorator.py
[2026-08-26T18:37:12.004+0000] {processor.py:840} INFO - DAG(s) 'example_short_circuit_decorator' retrieved from /home/airflow/.local/lib/python3.8/site-packages/airflow/example_dags/example_short_circuit_decorator.py
[2026-08-26T18:37:12.038+0000] {logging_mixin.py:188} INFO - [2026-08-26T18:37:12.038+0000] {dag.py:3047} INFO - Sync 1 DAGs
[2026-08-26T18:37:12.081+0000] {logging_mixin.py:188} INFO - [2026-08-26T18:37:12.081+0000] {dag.py:3834} INFO - Setting next_dagrun for example_short_circuit_decorator to 2026-08-25 00:00:00+00:00, run_after=2026-08-26 00:00:00+00:00
[2026-08-26T18:37:12.105+0000] {processor.py:183} INFO - Processing /home/airflow/.local/lib/python3.8/site-packages/airflow/example_dags/example_short_circuit_decorator.py took 0.130 seconds
[2026-08-26T18:37:42.755+0000] {processor.py:161} INFO - Started process (PID=5654) to work on /home/airflow/.local/lib/python3.8/site-packages/airflow/example_dags/example_short_circuit_decorator.py
[2026-08-26T18:37:42.757+0000] {processor.py:830} INFO - Processing file /home/airflow/.local/lib/python3.8/site-packages/airflow/example_dags/example_short_circuit_decorator.py for tasks to queue
[2026-08-26T18:37:42.760+0000] {logging_mixin.py:188} INFO - [2026-08-26T18:37:42.760+0000] {dagbag.py:540} INFO - Filling up the DagBag from /home/airflow/.local/lib/python3.8/site-packages/airflow/example_dags/example_short_circuit_decorator.py
[2026-08-26T18:37:42.773+0000] {processor.py:840} INFO - DAG(s) 'example_short_circuit_decorator' retrieved from /home/airflow/.local/lib/python3.8/site-packages/airflow/example_dags/example_short_circuit_decorator.py
[2026-08-26T18:37:42.805+0000] {logging_mixin.py:188} INFO - [2026-08-26T18:37:42.805+0000] {dag.py:3047} INFO - Sync 1 DAGs
[2026-08-26T18:37:42.834+0000] {logging_mixin.py:188} INFO - [2026-08-26T18:37:42.834+0000] {dag.py:3834} INFO - Setting next_dagrun for example_short_circuit_decorator to 2026-08-25 00:00:00+00:00, run_after=2026-08-26 00:00:00+00:00
[2026-08-26T18:37:42.860+0000] {processor.py:183} INFO - Processing /home/airflow/.local/lib/python3.8/site-packages/airflow/example_dags/example_short_circuit_decorator.py took 0.110 seconds
[2026-08-26T18:38:13.645+0000] {processor.py:161} INFO - Started process (PID=5711) to work on /home/airflow/.local/lib/python3.8/site-packages/airflow/example_dags/example_short_circuit_decorator.py
[2026-08-26T18:38:13.646+0000] {processor.py:830} INFO - Processing file /home/airflow/.local/lib/python3.8/site-packages/airflow/example_dags/example_short_circuit_decorator.py for tasks to queue
[2026-08-26T18:38:13.649+0000] {logging_mixin.py:188} INFO - [2026-08-26T18:38:13.648+0000] {dagbag.py:540} INFO - Filling up the DagBag from /home/airflow/.local/lib/python3.8/site-packages/airflow/example_dags/example_short_circuit_decorator.py
[2026-08-26T18:38:13.665+0000] {processor.py:840} INFO - DAG(s) 'example_short_circuit_decorator' retrieved from /home/airflow/.local/lib/python3.8/site-packages/airflow/example_dags/example_short_circuit_decorator.py
[2026-08-26T18:38:13.694+0000] {logging_mixin.py:188} INFO - [2026-08-26T18:38:13.694+0000] {dag.py:3047} INFO - Sync 1 DAGs
[2026-08-26T18:38:13.729+0000] {logging_mixin.py:188} INFO - [2026-08-26T18:38:13.729+0000] {dag.py:3834} INFO - Setting next_dagrun for example_short_circuit_decorator to 2026-08-25 00:00:00+00:00, run_after=2026-08-26 00:00:00+00:00
[2026-08-26T18:38:13.754+0000] {processor.py:183} INFO - Processing /home/airflow/.local/lib/python3.8/site-packages/airflow/example_dags/example_short_circuit_decorator.py took 0.114 seconds
[2026-08-26T18:38:43.914+0000] {processor.py:161} INFO - Started process (PID=5768) to work on /home/airflow/.local/lib/python3.8/site-packages/airflow/example_dags/example_short_circuit_decorator.py
[2026-08-26T18:38:43.916+0000] {processor.py:830} INFO - Processing file /home/airflow/.local/lib/python3.8/site-packages/airflow/example_dags/example_short_circuit_decorator.py for tasks to queue
[2026-08-26T18:38:43.919+0000] {logging_mixin.py:188} INFO - [2026-08-26T18:38:43.918+0000] {dagbag.py:540} INFO - Filling up the DagBag from /home/airflow/.local/lib/python3.8/site-packages/airflow/example_dags/example_short_circuit_decorator.py
[2026-08-26T18:38:43.932+0000] {processor.py:840} INFO - DAG(s) 'example_short_circuit_decorator' retrieved from /home/airflow/.local/lib/python3.8/site-packages/airflow/example_dags/example_short_circuit_decorator.py
[2026-08-26T18:38:43.968+0000] {logging_mixin.py:188} INFO - [2026-08-26T18:38:43.968+0000] {dag.py:3047} INFO - Sync 1 DAGs
[2026-08-26T18:38:44.001+0000] {logging_mixin.py:188} INFO - [2026-08-26T18:38:44.001+0000] {dag.py:3834} INFO - Setting next_dagrun for example_short_circuit_decorator to 2026-08-25 00:00:00+00:00, run_after=2026-08-26 00:00:00+00:00
[2026-08-26T18:38:44.027+0000] {processor.py:183} INFO - Processing /home/airflow/.local/lib/python3.8/site-packages/airflow/example_dags/example_short_circuit_decorator.py took 0.117 seconds
[2026-08-26T18:39:14.557+0000] {processor.py:161} INFO - Started process (PID=5825) to work on /home/airflow/.local/lib/python3.8/site-packages/airflow/example_dags/example_short_circuit_decorator.py
[2026-08-26T18:39:14.558+0000] {processor.py:830} INFO - Processing file /home/airflow/.local/lib/python3.8/site-packages/airflow/example_dags/example_short_circuit_decorator.py for tasks to queue
[2026-08-26T18:39:14.561+0000] {logging_mixin.py:188} INFO - [2026-08-26T18:39:14.561+0000] {dagbag.py:540} INFO - Filling up the DagBag from /home/airflow/.local/lib/python3.8/site-packages/airflow/example_dags/example_short_circuit_decorator.py
[2026-08-26T18:39:14.574+0000] {processor.py:840} INFO - DAG(s) 'example_short_circuit_decorator' retrieved from /home/airflow/.local/lib/python3.8/site-packages/airflow/example_dags/example_short_circuit_decorator.py
[2026-08-26T18:39:14.603+0000] {logging_mixin.py:188} INFO - [2026-08-26T18:39:14.603+0000] {dag.py:3047} INFO - Sync 1 DAGs
[2026-08-26T18:39:14.632+0000] {logging_mixin.py:188} INFO - [2026-08-26T18:39:14.631+0000] {dag.py:3834} INFO - Setting next_dagrun for example_short_circuit_decorator to 2026-08-25 00:00:00+00:00, run_after=2026-08-26 00:00:00+00:00
[2026-08-26T18:39:14.657+0000] {processor.py:183} INFO - Processing /home/airflow/.local/lib/python3.8/site-packages/airflow/example_dags/example_short_circuit_decorator.py took 0.107 seconds
[2026-08-26T18:39:45.535+0000] {processor.py:161} INFO - Started process (PID=5882) to work on /home/airflow/.local/lib/python3.8/site-packages/airflow/example_dags/example_short_circuit_decorator.py
[2026-08-26T18:39:45.542+0000] {processor.py:830} INFO - Processing file /home/airflow/.local/lib/python3.8/site-packages/airflow/example_dags/example_short_circuit_decorator.py for tasks to queue
[2026-08-26T18:39:45.546+0000] {logging_mixin.py:188} INFO - [2026-08-26T18:39:45.546+0000] {dagbag.py:540} INFO - Filling up the DagBag from /home/airflow/.local/lib/python3.8/site-packages/airflow/example_dags/example_short_circuit_decorator.py
[2026-08-26T18:39:45.590+0000] {processor.py:840} INFO - DAG(s) 'example_short_circuit_decorator' retrieved from /home/airflow/.local/lib/python3.8/site-packages/airflow/example_dags/example_short_circuit_decorator.py
[2026-08-26T18:39:45.661+0000] {logging_mixin.py:188} INFO - [2026-08-26T18:39:45.661+0000] {dag.py:3047} INFO - Sync 1 DAGs
[2026-08-26T18:39:45.732+0000] {logging_mixin.py:188} INFO - [2026-08-26T18:39:45.732+0000] {dag.py:3834} INFO - Setting next_dagrun for example_short_circuit_decorator to 2026-08-25 00:00:00+00:00, run_after=2026-08-26 00:00:00+00:00
[2026-08-26T18:39:45.788+0000] {processor.py:183} INFO - Processing /home/airflow/.local/lib/python3.8/site-packages/airflow/example_dags/example_short_circuit_decorator.py took 0.259 seconds
[2026-08-26T18:40:16.637+0000] {processor.py:161} INFO - Started process (PID=5939) to work on /home/airflow/.local/lib/python3.8/site-packages/airflow/example_dags/example_short_circuit_decorator.py
[2026-08-26T18:40:16.638+0000] {processor.py:830} INFO - Processing file /home/airflow/.local/lib/python3.8/site-packages/airflow/example_dags/example_short_circuit_decorator.py for tasks to queue
[2026-08-26T18:40:16.641+0000] {logging_mixin.py:188} INFO - [2026-08-26T18:40:16.641+0000] {dagbag.py:540} INFO - Filling up the DagBag from /home/airflow/.local/lib/python3.8/site-packages/airflow/example_dags/example_short_circuit_decorator.py
[2026-08-26T18:40:16.655+0000] {processor.py:840} INFO - DAG(s) 'example_short_circuit_decorator' retrieved from /home/airflow/.local/lib/python3.8/site-packages/airflow/example_dags/example_short_circuit_decorator.py
[2026-08-26T18:40:16.691+0000] {logging_mixin.py:188} INFO - [2026-08-26T18:40:16.690+0000] {dag.py:3047} INFO - Sync 1 DAGs
[2026-08-26T18:40:16.725+0000] {logging_mixin.py:188} INFO - [2026-08-26T18:40:16.724+0000] {dag.py:3834} INFO - Setting next_dagrun for example_short_circuit_decorator to 2026-08-25 00:00:00+00:00, run_after=2026-08-26 00:00:00+00:00
[2026-08-26T18:40:16.752+0000] {processor.py:183} INFO - Processing /home/airflow/.local/lib/python3.8/site-packages/airflow/example_dags/example_short_circuit_decorator.py took 0.119 seconds
[2026-08-26T18:40:47.405+0000] {processor.py:161} INFO - Started process (PID=5996) to work on /home/airflow/.local/lib/python3.8/site-packages/airflow/example_dags/example_short_circuit_decorator.py
[2026-08-26T18:40:47.407+0000] {processor.py:830} INFO - Processing file /home/airflow/.local/lib/python3.8/site-packages/airflow/example_dags/example_short_circuit_decorator.py for tasks to queue
[2026-08-26T18:40:47.412+0000] {logging_mixin.py:188} INFO - [2026-08-26T18:40:47.410+0000] {dagbag.py:540} INFO - Filling up the DagBag from /home/airflow/.local/lib/python3.8/site-packages/airflow/example_dags/example_short_circuit_decorator.py
[2026-08-26T18:40:47.432+0000] {processor.py:840} INFO - DAG(s) 'example_short_circuit_decorator' retrieved from /home/airflow/.local/lib/python3.8/site-packages/airflow/example_dags/example_short_circuit_decorator.py
[2026-08-26T18:40:47.472+0000] {logging_mixin.py:188} INFO - [2026-08-26T18:40:47.471+0000] {dag.py:3047} INFO - Sync 1 DAGs
[2026-08-26T18:40:47.506+0000] {logging_mixin.py:188} INFO - [2026-08-26T18:40:47.505+0000] {dag.py:3834} INFO - Setting next_dagrun for example_short_circuit_decorator to 2026-08-25 00:00:00+00:00, run_after=2026-08-26 00:00:00+00:00
[2026-08-26T18:40:47.540+0000] {processor.py:183} INFO - Processing /home/airflow/.local/lib/python3.8/site-packages/airflow/example_dags/example_short_circuit_decorator.py took 0.141 seconds
[2026-08-26T18:41:18.177+0000] {processor.py:161} INFO - Started process (PID=6053) to work on /home/airflow/.local/lib/python3.8/site-packages/airflow/example_dags/example_short_circuit_decorator.py
[2026-08-26T18:41:18.179+0000] {processor.py:830} INFO - Processing file /home/airflow/.local/lib/python3.8/site-packages/airflow/example_dags/example_short_circuit_decorator.py for tasks to queue
[2026-08-26T18:41:18.182+0000] {logging_mixin.py:188} INFO - [2026-08-26T18:41:18.182+0000] {dagbag.py:540} INFO - Filling up the DagBag from /home/airflow/.local/lib/python3.8/site-packages/airflow/example_dags/example_short_circuit_decorator.py
[2026-08-26T18:41:18.197+0000] {processor.py:840} INFO - DAG(s) 'example_short_circuit_decorator' retrieved from /home/airflow/.local/lib/python3.8/site-packages/airflow/example_dags/example_short_circuit_decorator.py
[2026-08-26T18:41:18.234+0000] {logging_mixin.py:188} INFO - [2026-08-26T18:41:18.234+0000] {dag.py:3047} INFO - Sync 1 DAGs
[2026-08-26T18:41:18.266+0000] {logging_mixin.py:188} INFO - [2026-08-26T18:41:18.266+0000] {dag.py:3834} INFO - Setting next_dagrun for example_short_circuit_decorator to 2026-08-25 00:00:00+00:00, run_after=2026-08-26 00:00:00+00:00
[2026-08-26T18:41:18.297+0000] {processor.py:183} INFO - Processing /home/airflow/.local/lib/python3.8/site-packages/airflow/example_dags/example_short_circuit_decorator.py took 0.126 seconds
[2026-08-26T18:41:48.605+0000] {processor.py:161} INFO - Started process (PID=6110) to work on /home/airflow/.local/lib/python3.8/site-packages/airflow/example_dags/example_short_circuit_decorator.py
[2026-08-26T18:41:48.610+0000] {processor.py:830} INFO - Processing file /home/airflow/.local/lib/python3.8/site-packages/airflow/example_dags/example_short_circuit_decorator.py for tasks to queue
[2026-08-26T18:41:48.613+0000] {logging_mixin.py:188} INFO - [2026-08-26T18:41:48.613+0000] {dagbag.py:540} INFO - Filling up the DagBag from /home/airflow/.local/lib/python3.8/site-packages/airflow/example_dags/example_short_circuit_decorator.py
[2026-08-26T18:41:48.632+0000] {processor.py:840} INFO - DAG(s) 'example_short_circuit_decorator' retrieved from /home/airflow/.local/lib/python3.8/site-packages/airflow/example_dags/example_short_circuit_decorator.py
[2026-08-26T18:41:48.664+0000] {logging_mixin.py:188} INFO - [2026-08-26T18:41:48.663+0000] {dag.py:3047} INFO - Sync 1 DAGs
[2026-08-26T18:41:48.700+0000] {logging_mixin.py:188} INFO - [2026-08-26T18:41:48.700+0000] {dag.py:3834} INFO - Setting next_dagrun for example_short_circuit_decorator to 2026-08-25 00:00:00+00:00, run_after=2026-08-26 00:00:00+00:00
[2026-08-26T18:41:48.731+0000] {processor.py:183} INFO - Processing /home/airflow/.local/lib/python3.8/site-packages/airflow/example_dags/example_short_circuit_decorator.py took 0.131 seconds
[2026-08-26T18:42:18.772+0000] {processor.py:161} INFO - Started process (PID=6167) to work on /home/airflow/.local/lib/python3.8/site-packages/airflow/example_dags/example_short_circuit_decorator.py
[2026-08-26T18:42:18.774+0000] {processor.py:830} INFO - Processing file /home/airflow/.local/lib/python3.8/site-packages/airflow/example_dags/example_short_circuit_decorator.py for tasks to queue
[2026-08-26T18:42:18.777+0000] {logging_mixin.py:188} INFO - [2026-08-26T18:42:18.776+0000] {dagbag.py:540} INFO - Filling up the DagBag from /home/airflow/.local/lib/python3.8/site-packages/airflow/example_dags/example_short_circuit_decorator.py
[2026-08-26T18:42:18.790+0000] {processor.py:840} INFO - DAG(s) 'example_short_circuit_decorator' retrieved from /home/airflow/.local/lib/python3.8/site-packages/airflow/example_dags/example_short_circuit_decorator.py
[2026-08-26T18:42:18.818+0000] {logging_mixin.py:188} INFO - [2026-08-26T18:42:18.817+0000] {dag.py:3047} INFO - Sync 1 DAGs
[2026-08-26T18:42:18.844+0000] {logging_mixin.py:188} INFO - [2026-08-26T18:42:18.844+0000] {dag.py:3834} INFO - Setting next_dagrun for example_short_circuit_decorator to 2026-08-25 00:00:00+00:00, run_after=2026-08-26 00:00:00+00:00
[2026-08-26T18:42:18.865+0000] {processor.py:183} INFO - Processing /home/airflow/.local/lib/python3.8/site-packages/airflow/example_dags/example_short_circuit_decorator.py took 0.099 seconds
[2026-08-26T18:42:49.331+0000] {processor.py:161} INFO - Started process (PID=6224) to work on /home/airflow/.local/lib/python3.8/site-packages/airflow/example_dags/example_short_circuit_decorator.py
[2026-08-26T18:42:49.334+0000] {processor.py:830} INFO - Processing file /home/airflow/.local/lib/python3.8/site-packages/airflow/example_dags/example_short_circuit_decorator.py for tasks to queue
[2026-08-26T18:42:49.338+0000] {logging_mixin.py:188} INFO - [2026-08-26T18:42:49.338+0000] {dagbag.py:540} INFO - Filling up the DagBag from /home/airflow/.local/lib/python3.8/site-packages/airflow/example_dags/example_short_circuit_decorator.py
[2026-08-26T18:42:49.353+0000] {processor.py:840} INFO - DAG(s) 'example_short_circuit_decorator' retrieved from /home/airflow/.local/lib/python3.8/site-packages/airflow/example_dags/example_short_circuit_decorator.py
[2026-08-26T18:42:49.387+0000] {logging_mixin.py:188} INFO - [2026-08-26T18:42:49.387+0000] {dag.py:3047} INFO - Sync 1 DAGs
[2026-08-26T18:42:49.415+0000] {logging_mixin.py:188} INFO - [2026-08-26T18:42:49.414+0000] {dag.py:3834} INFO - Setting next_dagrun for example_short_circuit_decorator to 2026-08-25 00:00:00+00:00, run_after=2026-08-26 00:00:00+00:00
[2026-08-26T18:42:49.444+0000] {processor.py:183} INFO - Processing /home/airflow/.local/lib/python3.8/site-packages/airflow/example_dags/example_short_circuit_decorator.py took 0.117 seconds
[2026-08-26T18:43:19.831+0000] {processor.py:161} INFO - Started process (PID=6279) to work on /home/airflow/.local/lib/python3.8/site-packages/airflow/example_dags/example_short_circuit_decorator.py
[2026-08-26T18:43:19.835+0000] {processor.py:830} INFO - Processing file /home/airflow/.local/lib/python3.8/site-packages/airflow/example_dags/example_short_circuit_decorator.py for tasks to queue
[2026-08-26T18:43:19.840+0000] {logging_mixin.py:188} INFO - [2026-08-26T18:43:19.839+0000] {dagbag.py:540} INFO - Filling up the DagBag from /home/airflow/.local/lib/python3.8/site-packages/airflow/example_dags/example_short_circuit_decorator.py
[2026-08-26T18:43:19.854+0000] {processor.py:840} INFO - DAG(s) 'example_short_circuit_decorator' retrieved from /home/airflow/.local/lib/python3.8/site-packages/airflow/example_dags/example_short_circuit_decorator.py
[2026-08-26T18:43:19.888+0000] {logging_mixin.py:188} INFO - [2026-08-26T18:43:19.887+0000] {dag.py:3047} INFO - Sync 1 DAGs
[2026-08-26T18:43:19.919+0000] {logging_mixin.py:188} INFO - [2026-08-26T18:43:19.919+0000] {dag.py:3834} INFO - Setting next_dagrun for example_short_circuit_decorator to 2026-08-25 00:00:00+00:00, run_after=2026-08-26 00:00:00+00:00
[2026-08-26T18:43:19.947+0000] {processor.py:183} INFO - Processing /home/airflow/.local/lib/python3.8/site-packages/airflow/example_dags/example_short_circuit_decorator.py took 0.121 seconds
[2026-08-26T18:43:50.459+0000] {processor.py:161} INFO - Started process (PID=6336) to work on /home/airflow/.local/lib/python3.8/site-packages/airflow/example_dags/example_short_circuit_decorator.py
[2026-08-26T18:43:50.461+0000] {processor.py:830} INFO - Processing file /home/airflow/.local/lib/python3.8/site-packages/airflow/example_dags/example_short_circuit_decorator.py for tasks to queue
[2026-08-26T18:43:50.464+0000] {logging_mixin.py:188} INFO - [2026-08-26T18:43:50.464+0000] {dagbag.py:540} INFO - Filling up the DagBag from /home/airflow/.local/lib/python3.8/site-packages/airflow/example_dags/example_short_circuit_decorator.py
[2026-08-26T18:43:50.480+0000] {processor.py:840} INFO - DAG(s) 'example_short_circuit_decorator' retrieved from /home/airflow/.local/lib/python3.8/site-packages/airflow/example_dags/example_short_circuit_decorator.py
[2026-08-26T18:43:50.512+0000] {logging_mixin.py:188} INFO - [2026-08-26T18:43:50.512+0000] {dag.py:3047} INFO - Sync 1 DAGs
[2026-08-26T18:43:50.546+0000] {logging_mixin.py:188} INFO - [2026-08-26T18:43:50.545+0000] {dag.py:3834} INFO - Setting next_dagrun for example_short_circuit_decorator to 2026-08-25 00:00:00+00:00, run_after=2026-08-26 00:00:00+00:00
[2026-08-26T18:43:50.570+0000] {processor.py:183} INFO - Processing /home/airflow/.local/lib/python3.8/site-packages/airflow/example_dags/example_short_circuit_decorator.py took 0.115 seconds
[2026-08-26T18:44:20.835+0000] {processor.py:161} INFO - Started process (PID=6391) to work on /home/airflow/.local/lib/python3.8/site-packages/airflow/example_dags/example_short_circuit_decorator.py
[2026-08-26T18:44:20.837+0000] {processor.py:830} INFO - Processing file /home/airflow/.local/lib/python3.8/site-packages/airflow/example_dags/example_short_circuit_decorator.py for tasks to queue
[2026-08-26T18:44:20.840+0000] {logging_mixin.py:188} INFO - [2026-08-26T18:44:20.840+0000] {dagbag.py:540} INFO - Filling up the DagBag from /home/airflow/.local/lib/python3.8/site-packages/airflow/example_dags/example_short_circuit_decorator.py
[2026-08-26T18:44:20.859+0000] {processor.py:840} INFO - DAG(s) 'example_short_circuit_decorator' retrieved from /home/airflow/.local/lib/python3.8/site-packages/airflow/example_dags/example_short_circuit_decorator.py
[2026-08-26T18:44:20.890+0000] {logging_mixin.py:188} INFO - [2026-08-26T18:44:20.890+0000] {dag.py:3047} INFO - Sync 1 DAGs
[2026-08-26T18:44:20.919+0000] {logging_mixin.py:188} INFO - [2026-08-26T18:44:20.919+0000] {dag.py:3834} INFO - Setting next_dagrun for example_short_circuit_decorator to 2026-08-25 00:00:00+00:00, run_after=2026-08-26 00:00:00+00:00
[2026-08-26T18:44:20.941+0000] {processor.py:183} INFO - Processing /home/airflow/.local/lib/python3.8/site-packages/airflow/example_dags/example_short_circuit_decorator.py took 0.113 seconds
[2026-08-26T18:44:51.131+0000] {processor.py:161} INFO - Started process (PID=6448) to work on /home/airflow/.local/lib/python3.8/site-packages/airflow/example_dags/example_short_circuit_decorator.py
[2026-08-26T18:44:51.133+0000] {processor.py:830} INFO - Processing file /home/airflow/.local/lib/python3.8/site-packages/airflow/example_dags/example_short_circuit_decorator.py for tasks to queue
[2026-08-26T18:44:51.140+0000] {logging_mixin.py:188} INFO - [2026-08-26T18:44:51.139+0000] {dagbag.py:540} INFO - Filling up the DagBag from /home/airflow/.local/lib/python3.8/site-packages/airflow/example_dags/example_short_circuit_decorator.py
[2026-08-26T18:44:51.161+0000] {processor.py:840} INFO - DAG(s) 'example_short_circuit_decorator' retrieved from /home/airflow/.local/lib/python3.8/site-packages/airflow/example_dags/example_short_circuit_decorator.py
[2026-08-26T18:44:51.198+0000] {logging_mixin.py:188} INFO - [2026-08-26T18:44:51.197+0000] {dag.py:3047} INFO - Sync 1 DAGs
[2026-08-26T18:44:51.228+0000] {logging_mixin.py:188} INFO - [2026-08-26T18:44:51.228+0000] {dag.py:3834} INFO - Setting next_dagrun for example_short_circuit_decorator to 2026-08-25 00:00:00+00:00, run_after=2026-08-26 00:00:00+00:00
[2026-08-26T18:44:51.251+0000] {processor.py:183} INFO - Processing /home/airflow/.local/lib/python3.8/site-packages/airflow/example_dags/example_short_circuit_decorator.py took 0.127 seconds
[2026-08-26T18:45:21.472+0000] {processor.py:161} INFO - Started process (PID=6505) to work on /home/airflow/.local/lib/python3.8/site-packages/airflow/example_dags/example_short_circuit_decorator.py
[2026-08-26T18:45:21.474+0000] {processor.py:830} INFO - Processing file /home/airflow/.local/lib/python3.8/site-packages/airflow/example_dags/example_short_circuit_decorator.py for tasks to queue
[2026-08-26T18:45:21.477+0000] {logging_mixin.py:188} INFO - [2026-08-26T18:45:21.477+0000] {dagbag.py:540} INFO - Filling up the DagBag from /home/airflow/.local/lib/python3.8/site-packages/airflow/example_dags/example_short_circuit_decorator.py
[2026-08-26T18:45:21.492+0000] {processor.py:840} INFO - DAG(s) 'example_short_circuit_decorator' retrieved from /home/airflow/.local/lib/python3.8/site-packages/airflow/example_dags/example_short_circuit_decorator.py
[2026-08-26T18:45:21.525+0000] {logging_mixin.py:188} INFO - [2026-08-26T18:45:21.524+0000] {dag.py:3047} INFO - Sync 1 DAGs
[2026-08-26T18:45:21.556+0000] {logging_mixin.py:188} INFO - [2026-08-26T18:45:21.556+0000] {dag.py:3834} INFO - Setting next_dagrun for example_short_circuit_decorator to 2026-08-25 00:00:00+00:00, run_after=2026-08-26 00:00:00+00:00
[2026-08-26T18:45:21.581+0000] {processor.py:183} INFO - Processing /home/airflow/.local/lib/python3.8/site-packages/airflow/example_dags/example_short_circuit_decorator.py took 0.114 seconds
[2026-08-26T18:45:51.913+0000] {processor.py:161} INFO - Started process (PID=6562) to work on /home/airflow/.local/lib/python3.8/site-packages/airflow/example_dags/example_short_circuit_decorator.py
[2026-08-26T18:45:51.915+0000] {processor.py:830} INFO - Processing file /home/airflow/.local/lib/python3.8/site-packages/airflow/example_dags/example_short_circuit_decorator.py for tasks to queue
[2026-08-26T18:45:51.919+0000] {logging_mixin.py:188} INFO - [2026-08-26T18:45:51.918+0000] {dagbag.py:540} INFO - Filling up the DagBag from /home/airflow/.local/lib/python3.8/site-packages/airflow/example_dags/example_short_circuit_decorator.py
[2026-08-26T18:45:51.932+0000] {processor.py:840} INFO - DAG(s) 'example_short_circuit_decorator' retrieved from /home/airflow/.local/lib/python3.8/site-packages/airflow/example_dags/example_short_circuit_decorator.py
[2026-08-26T18:45:51.961+0000] {logging_mixin.py:188} INFO - [2026-08-26T18:45:51.961+0000] {dag.py:3047} INFO - Sync 1 DAGs
[2026-08-26T18:45:51.994+0000] {logging_mixin.py:188} INFO - [2026-08-26T18:45:51.994+0000] {dag.py:3834} INFO - Setting next_dagrun for example_short_circuit_decorator to 2026-08-25 00:00:00+00:00, run_after=2026-08-26 00:00:00+00:00
[2026-08-26T18:45:52.020+0000] {processor.py:183} INFO - Processing /home/airflow/.local/lib/python3.8/site-packages/airflow/example_dags/example_short_circuit_decorator.py took 0.112 seconds
[2026-08-26T18:46:22.458+0000] {processor.py:161} INFO - Started process (PID=6619) to work on /home/airflow/.local/lib/python3.8/site-packages/airflow/example_dags/example_short_circuit_decorator.py
[2026-08-26T18:46:22.460+0000] {processor.py:830} INFO - Processing file /home/airflow/.local/lib/python3.8/site-packages/airflow/example_dags/example_short_circuit_decorator.py for tasks to queue
[2026-08-26T18:46:22.464+0000] {logging_mixin.py:188} INFO - [2026-08-26T18:46:22.463+0000] {dagbag.py:540} INFO - Filling up the DagBag from /home/airflow/.local/lib/python3.8/site-packages/airflow/example_dags/example_short_circuit_decorator.py
[2026-08-26T18:46:22.481+0000] {processor.py:840} INFO - DAG(s) 'example_short_circuit_decorator' retrieved from /home/airflow/.local/lib/python3.8/site-packages/airflow/example_dags/example_short_circuit_decorator.py
[2026-08-26T18:46:22.511+0000] {logging_mixin.py:188} INFO - [2026-08-26T18:46:22.511+0000] {dag.py:3047} INFO - Sync 1 DAGs
[2026-08-26T18:46:22.539+0000] {logging_mixin.py:188} INFO - [2026-08-26T18:46:22.539+0000] {dag.py:3834} INFO - Setting next_dagrun for example_short_circuit_decorator to 2026-08-25 00:00:00+00:00, run_after=2026-08-26 00:00:00+00:00
[2026-08-26T18:46:22.565+0000] {processor.py:183} INFO - Processing /home/airflow/.local/lib/python3.8/site-packages/airflow/example_dags/example_short_circuit_decorator.py took 0.112 seconds
[2026-08-26T18:46:52.986+0000] {processor.py:161} INFO - Started process (PID=6676) to work on /home/airflow/.local/lib/python3.8/site-packages/airflow/example_dags/example_short_circuit_decorator.py
[2026-08-26T18:46:52.988+0000] {processor.py:830} INFO - Processing file /home/airflow/.local/lib/python3.8/site-packages/airflow/example_dags/example_short_circuit_decorator.py for tasks to queue
[2026-08-26T18:46:52.991+0000] {logging_mixin.py:188} INFO - [2026-08-26T18:46:52.990+0000] {dagbag.py:540} INFO - Filling up the DagBag from /home/airflow/.local/lib/python3.8/site-packages/airflow/example_dags/example_short_circuit_decorator.py
[2026-08-26T18:46:53.003+0000] {processor.py:840} INFO - DAG(s) 'example_short_circuit_decorator' retrieved from /home/airflow/.local/lib/python3.8/site-packages/airflow/example_dags/example_short_circuit_decorator.py
[2026-08-26T18:46:53.032+0000] {logging_mixin.py:188} INFO - [2026-08-26T18:46:53.032+0000] {dag.py:3047} INFO - Sync 1 DAGs
[2026-08-26T18:46:53.061+0000] {logging_mixin.py:188} INFO - [2026-08-26T18:46:53.060+0000] {dag.py:3834} INFO - Setting next_dagrun for example_short_circuit_decorator to 2026-08-25 00:00:00+00:00, run_after=2026-08-26 00:00:00+00:00
[2026-08-26T18:46:53.084+0000] {processor.py:183} INFO - Processing /home/airflow/.local/lib/python3.8/site-packages/airflow/example_dags/example_short_circuit_decorator.py took 0.103 seconds
[2026-08-26T18:47:23.981+0000] {processor.py:161} INFO - Started process (PID=6733) to work on /home/airflow/.local/lib/python3.8/site-packages/airflow/example_dags/example_short_circuit_decorator.py
[2026-08-26T18:47:23.983+0000] {processor.py:830} INFO - Processing file /home/airflow/.local/lib/python3.8/site-packages/airflow/example_dags/example_short_circuit_decorator.py for tasks to queue
[2026-08-26T18:47:23.986+0000] {logging_mixin.py:188} INFO - [2026-08-26T18:47:23.986+0000] {dagbag.py:540} INFO - Filling up the DagBag from /home/airflow/.local/lib/python3.8/site-packages/airflow/example_dags/example_short_circuit_decorator.py
[2026-08-26T18:47:23.998+0000] {processor.py:840} INFO - DAG(s) 'example_short_circuit_decorator' retrieved from /home/airflow/.local/lib/python3.8/site-packages/airflow/example_dags/example_short_circuit_decorator.py
[2026-08-26T18:47:24.031+0000] {logging_mixin.py:188} INFO - [2026-08-26T18:47:24.031+0000] {dag.py:3047} INFO - Sync 1 DAGs
[2026-08-26T18:47:24.061+0000] {logging_mixin.py:188} INFO - [2026-08-26T18:47:24.061+0000] {dag.py:3834} INFO - Setting next_dagrun for example_short_circuit_decorator to 2026-08-25 00:00:00+00:00, run_after=2026-08-26 00:00:00+00:00
[2026-08-26T18:47:24.086+0000] {processor.py:183} INFO - Processing /home/airflow/.local/lib/python3.8/site-packages/airflow/example_dags/example_short_circuit_decorator.py took 0.110 seconds
[2026-08-26T18:47:54.768+0000] {processor.py:161} INFO - Started process (PID=6790) to work on /home/airflow/.local/lib/python3.8/site-packages/airflow/example_dags/example_short_circuit_decorator.py
[2026-08-26T18:47:54.770+0000] {processor.py:830} INFO - Processing file /home/airflow/.local/lib/python3.8/site-packages/airflow/example_dags/example_short_circuit_decorator.py for tasks to queue
[2026-08-26T18:47:54.775+0000] {logging_mixin.py:188} INFO - [2026-08-26T18:47:54.775+0000] {dagbag.py:540} INFO - Filling up the DagBag from /home/airflow/.local/lib/python3.8/site-packages/airflow/example_dags/example_short_circuit_decorator.py
[2026-08-26T18:47:54.792+0000] {processor.py:840} INFO - DAG(s) 'example_short_circuit_decorator' retrieved from /home/airflow/.local/lib/python3.8/site-packages/airflow/example_dags/example_short_circuit_decorator.py
[2026-08-26T18:47:54.825+0000] {logging_mixin.py:188} INFO - [2026-08-26T18:47:54.825+0000] {dag.py:3047} INFO - Sync 1 DAGs
[2026-08-26T18:47:54.859+0000] {logging_mixin.py:188} INFO - [2026-08-26T18:47:54.859+0000] {dag.py:3834} INFO - Setting next_dagrun for example_short_circuit_decorator to 2026-08-25 00:00:00+00:00, run_after=2026-08-26 00:00:00+00:00
[2026-08-26T18:47:54.883+0000] {processor.py:183} INFO - Processing /home/airflow/.local/lib/python3.8/site-packages/airflow/example_dags/example_short_circuit_decorator.py took 0.120 seconds
[2026-08-26T18:48:25.406+0000] {processor.py:161} INFO - Started process (PID=6847) to work on /home/airflow/.local/lib/python3.8/site-packages/airflow/example_dags/example_short_circuit_decorator.py
[2026-08-26T18:48:25.408+0000] {processor.py:830} INFO - Processing file /home/airflow/.local/lib/python3.8/site-packages/airflow/example_dags/example_short_circuit_decorator.py for tasks to queue
[2026-08-26T18:48:25.411+0000] {logging_mixin.py:188} INFO - [2026-08-26T18:48:25.410+0000] {dagbag.py:540} INFO - Filling up the DagBag from /home/airflow/.local/lib/python3.8/site-packages/airflow/example_dags/example_short_circuit_decorator.py
[2026-08-26T18:48:25.425+0000] {processor.py:840} INFO - DAG(s) 'example_short_circuit_decorator' retrieved from /home/airflow/.local/lib/python3.8/site-packages/airflow/example_dags/example_short_circuit_decorator.py
[2026-08-26T18:48:25.459+0000] {logging_mixin.py:188} INFO - [2026-08-26T18:48:25.459+0000] {dag.py:3047} INFO - Sync 1 DAGs
[2026-08-26T18:48:25.490+0000] {logging_mixin.py:188} INFO - [2026-08-26T18:48:25.489+0000] {dag.py:3834} INFO - Setting next_dagrun for example_short_circuit_decorator to 2026-08-25 00:00:00+00:00, run_after=2026-08-26 00:00:00+00:00
[2026-08-26T18:48:25.516+0000] {processor.py:183} INFO - Processing /home/airflow/.local/lib/python3.8/site-packages/airflow/example_dags/example_short_circuit_decorator.py took 0.118 seconds
[2026-08-26T18:48:55.647+0000] {processor.py:161} INFO - Started process (PID=6904) to work on /home/airflow/.local/lib/python3.8/site-packages/airflow/example_dags/example_short_circuit_decorator.py
[2026-08-26T18:48:55.649+0000] {processor.py:830} INFO - Processing file /home/airflow/.local/lib/python3.8/site-packages/airflow/example_dags/example_short_circuit_decorator.py for tasks to queue
[2026-08-26T18:48:55.652+0000] {logging_mixin.py:188} INFO - [2026-08-26T18:48:55.652+0000] {dagbag.py:540} INFO - Filling up the DagBag from /home/airflow/.local/lib/python3.8/site-packages/airflow/example_dags/example_short_circuit_decorator.py
[2026-08-26T18:48:55.663+0000] {processor.py:840} INFO - DAG(s) 'example_short_circuit_decorator' retrieved from /home/airflow/.local/lib/python3.8/site-packages/airflow/example_dags/example_short_circuit_decorator.py
[2026-08-26T18:48:55.734+0000] {logging_mixin.py:188} INFO - [2026-08-26T18:48:55.734+0000] {dag.py:3047} INFO - Sync 1 DAGs
[2026-08-26T18:48:55.804+0000] {logging_mixin.py:188} INFO - [2026-08-26T18:48:55.803+0000] {dag.py:3834} INFO - Setting next_dagrun for example_short_circuit_decorator to 2026-08-25 00:00:00+00:00, run_after=2026-08-26 00:00:00+00:00
[2026-08-26T18:48:55.843+0000] {processor.py:183} INFO - Processing /home/airflow/.local/lib/python3.8/site-packages/airflow/example_dags/example_short_circuit_decorator.py took 0.202 seconds
[2026-08-26T18:49:26.871+0000] {processor.py:161} INFO - Started process (PID=6961) to work on /home/airflow/.local/lib/python3.8/site-packages/airflow/example_dags/example_short_circuit_decorator.py
[2026-08-26T18:49:26.873+0000] {processor.py:830} INFO - Processing file /home/airflow/.local/lib/python3.8/site-packages/airflow/example_dags/example_short_circuit_decorator.py for tasks to queue
[2026-08-26T18:49:26.876+0000] {logging_mixin.py:188} INFO - [2026-08-26T18:49:26.876+0000] {dagbag.py:540} INFO - Filling up the DagBag from /home/airflow/.local/lib/python3.8/site-packages/airflow/example_dags/example_short_circuit_decorator.py
[2026-08-26T18:49:26.890+0000] {processor.py:840} INFO - DAG(s) 'example_short_circuit_decorator' retrieved from /home/airflow/.local/lib/python3.8/site-packages/airflow/example_dags/example_short_circuit_decorator.py
[2026-08-26T18:49:26.919+0000] {logging_mixin.py:188} INFO - [2026-08-26T18:49:26.919+0000] {dag.py:3047} INFO - Sync 1 DAGs
[2026-08-26T18:49:26.944+0000] {logging_mixin.py:188} INFO - [2026-08-26T18:49:26.943+0000] {dag.py:3834} INFO - Setting next_dagrun for example_short_circuit_decorator to 2026-08-25 00:00:00+00:00, run_after=2026-08-26 00:00:00+00:00
[2026-08-26T18:49:26.969+0000] {processor.py:183} INFO - Processing /home/airflow/.local/lib/python3.8/site-packages/airflow/example_dags/example_short_circuit_decorator.py took 0.104 seconds
[2026-08-26T18:49:57.086+0000] {processor.py:161} INFO - Started process (PID=7018) to work on /home/airflow/.local/lib/python3.8/site-packages/airflow/example_dags/example_short_circuit_decorator.py
[2026-08-26T18:49:57.088+0000] {processor.py:830} INFO - Processing file /home/airflow/.local/lib/python3.8/site-packages/airflow/example_dags/example_short_circuit_decorator.py for tasks to queue
[2026-08-26T18:49:57.091+0000] {logging_mixin.py:188} INFO - [2026-08-26T18:49:57.091+0000] {dagbag.py:540} INFO - Filling up the DagBag from /home/airflow/.local/lib/python3.8/site-packages/airflow/example_dags/example_short_circuit_decorator.py
[2026-08-26T18:49:57.107+0000] {processor.py:840} INFO - DAG(s) 'example_short_circuit_decorator' retrieved from /home/airflow/.local/lib/python3.8/site-packages/airflow/example_dags/example_short_circuit_decorator.py
[2026-08-26T18:49:57.139+0000] {logging_mixin.py:188} INFO - [2026-08-26T18:49:57.139+0000] {dag.py:3047} INFO - Sync 1 DAGs
[2026-08-26T18:49:57.167+0000] {logging_mixin.py:188} INFO - [2026-08-26T18:49:57.166+0000] {dag.py:3834} INFO - Setting next_dagrun for example_short_circuit_decorator to 2026-08-25 00:00:00+00:00, run_after=2026-08-26 00:00:00+00:00
[2026-08-26T18:49:57.188+0000] {processor.py:183} INFO - Processing /home/airflow/.local/lib/python3.8/site-packages/airflow/example_dags/example_short_circuit_decorator.py took 0.107 seconds
[2026-08-26T18:50:27.461+0000] {processor.py:161} INFO - Started process (PID=7075) to work on /home/airflow/.local/lib/python3.8/site-packages/airflow/example_dags/example_short_circuit_decorator.py
[2026-08-26T18:50:27.464+0000] {processor.py:830} INFO - Processing file /home/airflow/.local/lib/python3.8/site-packages/airflow/example_dags/example_short_circuit_decorator.py for tasks to queue
[2026-08-26T18:50:27.468+0000] {logging_mixin.py:188} INFO - [2026-08-26T18:50:27.467+0000] {dagbag.py:540} INFO - Filling up the DagBag from /home/airflow/.local/lib/python3.8/site-packages/airflow/example_dags/example_short_circuit_decorator.py
[2026-08-26T18:50:27.490+0000] {processor.py:840} INFO - DAG(s) 'example_short_circuit_decorator' retrieved from /home/airflow/.local/lib/python3.8/site-packages/airflow/example_dags/example_short_circuit_decorator.py
[2026-08-26T18:50:27.531+0000] {logging_mixin.py:188} INFO - [2026-08-26T18:50:27.530+0000] {dag.py:3047} INFO - Sync 1 DAGs
[2026-08-26T18:50:27.564+0000] {logging_mixin.py:188} INFO - [2026-08-26T18:50:27.563+0000] {dag.py:3834} INFO - Setting next_dagrun for example_short_circuit_decorator to 2026-08-25 00:00:00+00:00, run_after=2026-08-26 00:00:00+00:00
[2026-08-26T18:50:27.590+0000] {processor.py:183} INFO - Processing /home/airflow/.local/lib/python3.8/site-packages/airflow/example_dags/example_short_circuit_decorator.py took 0.137 seconds
[2026-08-26T18:50:58.031+0000] {processor.py:161} INFO - Started process (PID=7132) to work on /home/airflow/.local/lib/python3.8/site-packages/airflow/example_dags/example_short_circuit_decorator.py
[2026-08-26T18:50:58.033+0000] {processor.py:830} INFO - Processing file /home/airflow/.local/lib/python3.8/site-packages/airflow/example_dags/example_short_circuit_decorator.py for tasks to queue
[2026-08-26T18:50:58.038+0000] {logging_mixin.py:188} INFO - [2026-08-26T18:50:58.037+0000] {dagbag.py:540} INFO - Filling up the DagBag from /home/airflow/.local/lib/python3.8/site-packages/airflow/example_dags/example_short_circuit_decorator.py
[2026-08-26T18:50:58.053+0000] {processor.py:840} INFO - DAG(s) 'example_short_circuit_decorator' retrieved from /home/airflow/.local/lib/python3.8/site-packages/airflow/example_dags/example_short_circuit_decorator.py
[2026-08-26T18:50:58.086+0000] {logging_mixin.py:188} INFO - [2026-08-26T18:50:58.086+0000] {dag.py:3047} INFO - Sync 1 DAGs
[2026-08-26T18:50:58.119+0000] {logging_mixin.py:188} INFO - [2026-08-26T18:50:58.118+0000] {dag.py:3834} INFO - Setting next_dagrun for example_short_circuit_decorator to 2026-08-25 00:00:00+00:00, run_after=2026-08-26 00:00:00+00:00
[2026-08-26T18:50:58.147+0000] {processor.py:183} INFO - Processing /home/airflow/.local/lib/python3.8/site-packages/airflow/example_dags/example_short_circuit_decorator.py took 0.122 seconds
[2026-08-26T18:51:29.026+0000] {processor.py:161} INFO - Started process (PID=7189) to work on /home/airflow/.local/lib/python3.8/site-packages/airflow/example_dags/example_short_circuit_decorator.py
[2026-08-26T18:51:29.028+0000] {processor.py:830} INFO - Processing file /home/airflow/.local/lib/python3.8/site-packages/airflow/example_dags/example_short_circuit_decorator.py for tasks to queue
[2026-08-26T18:51:29.030+0000] {logging_mixin.py:188} INFO - [2026-08-26T18:51:29.030+0000] {dagbag.py:540} INFO - Filling up the DagBag from /home/airflow/.local/lib/python3.8/site-packages/airflow/example_dags/example_short_circuit_decorator.py
[2026-08-26T18:51:29.043+0000] {processor.py:840} INFO - DAG(s) 'example_short_circuit_decorator' retrieved from /home/airflow/.local/lib/python3.8/site-packages/airflow/example_dags/example_short_circuit_decorator.py
[2026-08-26T18:51:29.073+0000] {logging_mixin.py:188} INFO - [2026-08-26T18:51:29.073+0000] {dag.py:3047} INFO - Sync 1 DAGs
[2026-08-26T18:51:29.099+0000] {logging_mixin.py:188} INFO - [2026-08-26T18:51:29.098+0000] {dag.py:3834} INFO - Setting next_dagrun for example_short_circuit_decorator to 2026-08-25 00:00:00+00:00, run_after=2026-08-26 00:00:00+00:00
[2026-08-26T18:51:29.125+0000] {processor.py:183} INFO - Processing /home/airflow/.local/lib/python3.8/site-packages/airflow/example_dags/example_short_circuit_decorator.py took 0.105 seconds
[2026-08-26T18:51:59.206+0000] {processor.py:161} INFO - Started process (PID=7246) to work on /home/airflow/.local/lib/python3.8/site-packages/airflow/example_dags/example_short_circuit_decorator.py
[2026-08-26T18:51:59.208+0000] {processor.py:830} INFO - Processing file /home/airflow/.local/lib/python3.8/site-packages/airflow/example_dags/example_short_circuit_decorator.py for tasks to queue
[2026-08-26T18:51:59.211+0000] {logging_mixin.py:188} INFO - [2026-08-26T18:51:59.211+0000] {dagbag.py:540} INFO - Filling up the DagBag from /home/airflow/.local/lib/python3.8/site-packages/airflow/example_dags/example_short_circuit_decorator.py
[2026-08-26T18:51:59.226+0000] {processor.py:840} INFO - DAG(s) 'example_short_circuit_decorator' retrieved from /home/airflow/.local/lib/python3.8/site-packages/airflow/example_dags/example_short_circuit_decorator.py
[2026-08-26T18:51:59.261+0000] {logging_mixin.py:188} INFO - [2026-08-26T18:51:59.260+0000] {dag.py:3047} INFO - Sync 1 DAGs
[2026-08-26T18:51:59.293+0000] {logging_mixin.py:188} INFO - [2026-08-26T18:51:59.293+0000] {dag.py:3834} INFO - Setting next_dagrun for example_short_circuit_decorator to 2026-08-25 00:00:00+00:00, run_after=2026-08-26 00:00:00+00:00
[2026-08-26T18:51:59.320+0000] {processor.py:183} INFO - Processing /home/airflow/.local/lib/python3.8/site-packages/airflow/example_dags/example_short_circuit_decorator.py took 0.120 seconds
[2026-08-26T18:52:30.130+0000] {processor.py:161} INFO - Started process (PID=7303) to work on /home/airflow/.local/lib/python3.8/site-packages/airflow/example_dags/example_short_circuit_decorator.py
[2026-08-26T18:52:30.133+0000] {processor.py:830} INFO - Processing file /home/airflow/.local/lib/python3.8/site-packages/airflow/example_dags/example_short_circuit_decorator.py for tasks to queue
[2026-08-26T18:52:30.136+0000] {logging_mixin.py:188} INFO - [2026-08-26T18:52:30.135+0000] {dagbag.py:540} INFO - Filling up the DagBag from /home/airflow/.local/lib/python3.8/site-packages/airflow/example_dags/example_short_circuit_decorator.py
[2026-08-26T18:52:30.151+0000] {processor.py:840} INFO - DAG(s) 'example_short_circuit_decorator' retrieved from /home/airflow/.local/lib/python3.8/site-packages/airflow/example_dags/example_short_circuit_decorator.py
[2026-08-26T18:52:30.191+0000] {logging_mixin.py:188} INFO - [2026-08-26T18:52:30.191+0000] {dag.py:3047} INFO - Sync 1 DAGs
[2026-08-26T18:52:30.233+0000] {logging_mixin.py:188} INFO - [2026-08-26T18:52:30.233+0000] {dag.py:3834} INFO - Setting next_dagrun for example_short_circuit_decorator to 2026-08-25 00:00:00+00:00, run_after=2026-08-26 00:00:00+00:00
[2026-08-26T18:52:30.259+0000] {processor.py:183} INFO - Processing /home/airflow/.local/lib/python3.8/site-packages/airflow/example_dags/example_short_circuit_decorator.py took 0.134 seconds
[2026-08-26T18:53:00.834+0000] {processor.py:161} INFO - Started process (PID=7360) to work on /home/airflow/.local/lib/python3.8/site-packages/airflow/example_dags/example_short_circuit_decorator.py
[2026-08-26T18:53:00.836+0000] {processor.py:830} INFO - Processing file /home/airflow/.local/lib/python3.8/site-packages/airflow/example_dags/example_short_circuit_decorator.py for tasks to queue
[2026-08-26T18:53:00.840+0000] {logging_mixin.py:188} INFO - [2026-08-26T18:53:00.839+0000] {dagbag.py:540} INFO - Filling up the DagBag from /home/airflow/.local/lib/python3.8/site-packages/airflow/example_dags/example_short_circuit_decorator.py
[2026-08-26T18:53:00.854+0000] {processor.py:840} INFO - DAG(s) 'example_short_circuit_decorator' retrieved from /home/airflow/.local/lib/python3.8/site-packages/airflow/example_dags/example_short_circuit_decorator.py
[2026-08-26T18:53:00.885+0000] {logging_mixin.py:188} INFO - [2026-08-26T18:53:00.884+0000] {dag.py:3047} INFO - Sync 1 DAGs
[2026-08-26T18:53:00.915+0000] {logging_mixin.py:188} INFO - [2026-08-26T18:53:00.915+0000] {dag.py:3834} INFO - Setting next_dagrun for example_short_circuit_decorator to 2026-08-25 00:00:00+00:00, run_after=2026-08-26 00:00:00+00:00
[2026-08-26T18:53:00.939+0000] {processor.py:183} INFO - Processing /home/airflow/.local/lib/python3.8/site-packages/airflow/example_dags/example_short_circuit_decorator.py took 0.110 seconds
[2026-08-26T18:53:31.118+0000] {processor.py:161} INFO - Started process (PID=7417) to work on /home/airflow/.local/lib/python3.8/site-packages/airflow/example_dags/example_short_circuit_decorator.py
[2026-08-26T18:53:31.120+0000] {processor.py:830} INFO - Processing file /home/airflow/.local/lib/python3.8/site-packages/airflow/example_dags/example_short_circuit_decorator.py for tasks to queue
[2026-08-26T18:53:31.122+0000] {logging_mixin.py:188} INFO - [2026-08-26T18:53:31.122+0000] {dagbag.py:540} INFO - Filling up the DagBag from /home/airflow/.local/lib/python3.8/site-packages/airflow/example_dags/example_short_circuit_decorator.py
[2026-08-26T18:53:31.136+0000] {processor.py:840} INFO - DAG(s) 'example_short_circuit_decorator' retrieved from /home/airflow/.local/lib/python3.8/site-packages/airflow/example_dags/example_short_circuit_decorator.py
[2026-08-26T18:53:31.167+0000] {logging_mixin.py:188} INFO - [2026-08-26T18:53:31.167+0000] {dag.py:3047} INFO - Sync 1 DAGs
[2026-08-26T18:53:31.192+0000] {logging_mixin.py:188} INFO - [2026-08-26T18:53:31.191+0000] {dag.py:3834} INFO - Setting next_dagrun for example_short_circuit_decorator to 2026-08-25 00:00:00+00:00, run_after=2026-08-26 00:00:00+00:00
[2026-08-26T18:53:31.217+0000] {processor.py:183} INFO - Processing /home/airflow/.local/lib/python3.8/site-packages/airflow/example_dags/example_short_circuit_decorator.py took 0.102 seconds
[2026-08-26T18:54:01.321+0000] {processor.py:161} INFO - Started process (PID=7474) to work on /home/airflow/.local/lib/python3.8/site-packages/airflow/example_dags/example_short_circuit_decorator.py
[2026-08-26T18:54:01.323+0000] {processor.py:830} INFO - Processing file /home/airflow/.local/lib/python3.8/site-packages/airflow/example_dags/example_short_circuit_decorator.py for tasks to queue
[2026-08-26T18:54:01.327+0000] {logging_mixin.py:188} INFO - [2026-08-26T18:54:01.326+0000] {dagbag.py:540} INFO - Filling up the DagBag from /home/airflow/.local/lib/python3.8/site-packages/airflow/example_dags/example_short_circuit_decorator.py
[2026-08-26T18:54:01.342+0000] {processor.py:840} INFO - DAG(s) 'example_short_circuit_decorator' retrieved from /home/airflow/.local/lib/python3.8/site-packages/airflow/example_dags/example_short_circuit_decorator.py
[2026-08-26T18:54:01.377+0000] {logging_mixin.py:188} INFO - [2026-08-26T18:54:01.377+0000] {dag.py:3047} INFO - Sync 1 DAGs
[2026-08-26T18:54:01.406+0000] {logging_mixin.py:188} INFO - [2026-08-26T18:54:01.405+0000] {dag.py:3834} INFO - Setting next_dagrun for example_short_circuit_decorator to 2026-08-25 00:00:00+00:00, run_after=2026-08-26 00:00:00+00:00
[2026-08-26T18:54:01.433+0000] {processor.py:183} INFO - Processing /home/airflow/.local/lib/python3.8/site-packages/airflow/example_dags/example_short_circuit_decorator.py took 0.116 seconds
[2026-08-26T18:54:31.659+0000] {processor.py:161} INFO - Started process (PID=7531) to work on /home/airflow/.local/lib/python3.8/site-packages/airflow/example_dags/example_short_circuit_decorator.py
[2026-08-26T18:54:31.661+0000] {processor.py:830} INFO - Processing file /home/airflow/.local/lib/python3.8/site-packages/airflow/example_dags/example_short_circuit_decorator.py for tasks to queue
[2026-08-26T18:54:31.664+0000] {logging_mixin.py:188} INFO - [2026-08-26T18:54:31.663+0000] {dagbag.py:540} INFO - Filling up the DagBag from /home/airflow/.local/lib/python3.8/site-packages/airflow/example_dags/example_short_circuit_decorator.py
[2026-08-26T18:54:31.676+0000] {processor.py:840} INFO - DAG(s) 'example_short_circuit_decorator' retrieved from /home/airflow/.local/lib/python3.8/site-packages/airflow/example_dags/example_short_circuit_decorator.py
[2026-08-26T18:54:31.710+0000] {logging_mixin.py:188} INFO - [2026-08-26T18:54:31.710+0000] {dag.py:3047} INFO - Sync 1 DAGs
[2026-08-26T18:54:31.741+0000] {logging_mixin.py:188} INFO - [2026-08-26T18:54:31.741+0000] {dag.py:3834} INFO - Setting next_dagrun for example_short_circuit_decorator to 2026-08-25 00:00:00+00:00, run_after=2026-08-26 00:00:00+00:00
[2026-08-26T18:54:31.767+0000] {processor.py:183} INFO - Processing /home/airflow/.local/lib/python3.8/site-packages/airflow/example_dags/example_short_circuit_decorator.py took 0.112 seconds
[2026-08-26T18:55:01.981+0000] {processor.py:161} INFO - Started process (PID=7588) to work on /home/airflow/.local/lib/python3.8/site-packages/airflow/example_dags/example_short_circuit_decorator.py
[2026-08-26T18:55:01.984+0000] {processor.py:830} INFO - Processing file /home/airflow/.local/lib/python3.8/site-packages/airflow/example_dags/example_short_circuit_decorator.py for tasks to queue
[2026-08-26T18:55:01.988+0000] {logging_mixin.py:188} INFO - [2026-08-26T18:55:01.987+0000] {dagbag.py:540} INFO - Filling up the DagBag from /home/airflow/.local/lib/python3.8/site-packages/airflow/example_dags/example_short_circuit_decorator.py
[2026-08-26T18:55:02.007+0000] {processor.py:840} INFO - DAG(s) 'example_short_circuit_decorator' retrieved from /home/airflow/.local/lib/python3.8/site-packages/airflow/example_dags/example_short_circuit_decorator.py
[2026-08-26T18:55:02.062+0000] {logging_mixin.py:188} INFO - [2026-08-26T18:55:02.061+0000] {dag.py:3047} INFO - Sync 1 DAGs
[2026-08-26T18:55:02.102+0000] {logging_mixin.py:188} INFO - [2026-08-26T18:55:02.102+0000] {dag.py:3834} INFO - Setting next_dagrun for example_short_circuit_decorator to 2026-08-25 00:00:00+00:00, run_after=2026-08-26 00:00:00+00:00
[2026-08-26T18:55:02.127+0000] {processor.py:183} INFO - Processing /home/airflow/.local/lib/python3.8/site-packages/airflow/example_dags/example_short_circuit_decorator.py took 0.152 seconds
[2026-08-26T18:55:32.914+0000] {processor.py:161} INFO - Started process (PID=7645) to work on /home/airflow/.local/lib/python3.8/site-packages/airflow/example_dags/example_short_circuit_decorator.py
[2026-08-26T18:55:32.916+0000] {processor.py:830} INFO - Processing file /home/airflow/.local/lib/python3.8/site-packages/airflow/example_dags/example_short_circuit_decorator.py for tasks to queue
[2026-08-26T18:55:32.919+0000] {logging_mixin.py:188} INFO - [2026-08-26T18:55:32.919+0000] {dagbag.py:540} INFO - Filling up the DagBag from /home/airflow/.local/lib/python3.8/site-packages/airflow/example_dags/example_short_circuit_decorator.py
[2026-08-26T18:55:32.931+0000] {processor.py:840} INFO - DAG(s) 'example_short_circuit_decorator' retrieved from /home/airflow/.local/lib/python3.8/site-packages/airflow/example_dags/example_short_circuit_decorator.py
[2026-08-26T18:55:32.966+0000] {logging_mixin.py:188} INFO - [2026-08-26T18:55:32.965+0000] {dag.py:3047} INFO - Sync 1 DAGs
[2026-08-26T18:55:32.990+0000] {logging_mixin.py:188} INFO - [2026-08-26T18:55:32.990+0000] {dag.py:3834} INFO - Setting next_dagrun for example_short_circuit_decorator to 2026-08-25 00:00:00+00:00, run_after=2026-08-26 00:00:00+00:00
[2026-08-26T18:55:33.013+0000] {processor.py:183} INFO - Processing /home/airflow/.local/lib/python3.8/site-packages/airflow/example_dags/example_short_circuit_decorator.py took 0.104 seconds
[2026-08-26T18:56:03.117+0000] {processor.py:161} INFO - Started process (PID=7702) to work on /home/airflow/.local/lib/python3.8/site-packages/airflow/example_dags/example_short_circuit_decorator.py
[2026-08-26T18:56:03.119+0000] {processor.py:830} INFO - Processing file /home/airflow/.local/lib/python3.8/site-packages/airflow/example_dags/example_short_circuit_decorator.py for tasks to queue
[2026-08-26T18:56:03.122+0000] {logging_mixin.py:188} INFO - [2026-08-26T18:56:03.121+0000] {dagbag.py:540} INFO - Filling up the DagBag from /home/airflow/.local/lib/python3.8/site-packages/airflow/example_dags/example_short_circuit_decorator.py
[2026-08-26T18:56:03.132+0000] {processor.py:840} INFO - DAG(s) 'example_short_circuit_decorator' retrieved from /home/airflow/.local/lib/python3.8/site-packages/airflow/example_dags/example_short_circuit_decorator.py
[2026-08-26T18:56:03.161+0000] {logging_mixin.py:188} INFO - [2026-08-26T18:56:03.161+0000] {dag.py:3047} INFO - Sync 1 DAGs
[2026-08-26T18:56:03.186+0000] {logging_mixin.py:188} INFO - [2026-08-26T18:56:03.186+0000] {dag.py:3834} INFO - Setting next_dagrun for example_short_circuit_decorator to 2026-08-25 00:00:00+00:00, run_after=2026-08-26 00:00:00+00:00
[2026-08-26T18:56:03.210+0000] {processor.py:183} INFO - Processing /home/airflow/.local/lib/python3.8/site-packages/airflow/example_dags/example_short_circuit_decorator.py took 0.096 seconds
[2026-08-26T18:56:33.471+0000] {processor.py:161} INFO - Started process (PID=7759) to work on /home/airflow/.local/lib/python3.8/site-packages/airflow/example_dags/example_short_circuit_decorator.py
[2026-08-26T18:56:33.474+0000] {processor.py:830} INFO - Processing file /home/airflow/.local/lib/python3.8/site-packages/airflow/example_dags/example_short_circuit_decorator.py for tasks to queue
[2026-08-26T18:56:33.478+0000] {logging_mixin.py:188} INFO - [2026-08-26T18:56:33.477+0000] {dagbag.py:540} INFO - Filling up the DagBag from /home/airflow/.local/lib/python3.8/site-packages/airflow/example_dags/example_short_circuit_decorator.py
[2026-08-26T18:56:33.492+0000] {processor.py:840} INFO - DAG(s) 'example_short_circuit_decorator' retrieved from /home/airflow/.local/lib/python3.8/site-packages/airflow/example_dags/example_short_circuit_decorator.py
[2026-08-26T18:56:33.527+0000] {logging_mixin.py:188} INFO - [2026-08-26T18:56:33.527+0000] {dag.py:3047} INFO - Sync 1 DAGs
[2026-08-26T18:56:33.558+0000] {logging_mixin.py:188} INFO - [2026-08-26T18:56:33.558+0000] {dag.py:3834} INFO - Setting next_dagrun for example_short_circuit_decorator to 2026-08-25 00:00:00+00:00, run_after=2026-08-26 00:00:00+00:00
[2026-08-26T18:56:33.583+0000] {processor.py:183} INFO - Processing /home/airflow/.local/lib/python3.8/site-packages/airflow/example_dags/example_short_circuit_decorator.py took 0.117 seconds
[2026-08-26T18:57:03.808+0000] {processor.py:161} INFO - Started process (PID=7816) to work on /home/airflow/.local/lib/python3.8/site-packages/airflow/example_dags/example_short_circuit_decorator.py
[2026-08-26T18:57:03.810+0000] {processor.py:830} INFO - Processing file /home/airflow/.local/lib/python3.8/site-packages/airflow/example_dags/example_short_circuit_decorator.py for tasks to queue
[2026-08-26T18:57:03.813+0000] {logging_mixin.py:188} INFO - [2026-08-26T18:57:03.813+0000] {dagbag.py:540} INFO - Filling up the DagBag from /home/airflow/.local/lib/python3.8/site-packages/airflow/example_dags/example_short_circuit_decorator.py
[2026-08-26T18:57:03.827+0000] {processor.py:840} INFO - DAG(s) 'example_short_circuit_decorator' retrieved from /home/airflow/.local/lib/python3.8/site-packages/airflow/example_dags/example_short_circuit_decorator.py
[2026-08-26T18:57:03.858+0000] {logging_mixin.py:188} INFO - [2026-08-26T18:57:03.857+0000] {dag.py:3047} INFO - Sync 1 DAGs
[2026-08-26T18:57:03.884+0000] {logging_mixin.py:188} INFO - [2026-08-26T18:57:03.884+0000] {dag.py:3834} INFO - Setting next_dagrun for example_short_circuit_decorator to 2026-08-25 00:00:00+00:00, run_after=2026-08-26 00:00:00+00:00
[2026-08-26T18:57:03.910+0000] {processor.py:183} INFO - Processing /home/airflow/.local/lib/python3.8/site-packages/airflow/example_dags/example_short_circuit_decorator.py took 0.107 seconds
[2026-08-26T18:57:34.501+0000] {processor.py:161} INFO - Started process (PID=7873) to work on /home/airflow/.local/lib/python3.8/site-packages/airflow/example_dags/example_short_circuit_decorator.py
[2026-08-26T18:57:34.503+0000] {processor.py:830} INFO - Processing file /home/airflow/.local/lib/python3.8/site-packages/airflow/example_dags/example_short_circuit_decorator.py for tasks to queue
[2026-08-26T18:57:34.507+0000] {logging_mixin.py:188} INFO - [2026-08-26T18:57:34.506+0000] {dagbag.py:540} INFO - Filling up the DagBag from /home/airflow/.local/lib/python3.8/site-packages/airflow/example_dags/example_short_circuit_decorator.py
[2026-08-26T18:57:34.519+0000] {processor.py:840} INFO - DAG(s) 'example_short_circuit_decorator' retrieved from /home/airflow/.local/lib/python3.8/site-packages/airflow/example_dags/example_short_circuit_decorator.py
[2026-08-26T18:57:34.551+0000] {logging_mixin.py:188} INFO - [2026-08-26T18:57:34.550+0000] {dag.py:3047} INFO - Sync 1 DAGs
[2026-08-26T18:57:34.577+0000] {logging_mixin.py:188} INFO - [2026-08-26T18:57:34.577+0000] {dag.py:3834} INFO - Setting next_dagrun for example_short_circuit_decorator to 2026-08-25 00:00:00+00:00, run_after=2026-08-26 00:00:00+00:00
[2026-08-26T18:57:34.599+0000] {processor.py:183} INFO - Processing /home/airflow/.local/lib/python3.8/site-packages/airflow/example_dags/example_short_circuit_decorator.py took 0.104 seconds
[2026-08-26T18:58:04.853+0000] {processor.py:161} INFO - Started process (PID=7930) to work on /home/airflow/.local/lib/python3.8/site-packages/airflow/example_dags/example_short_circuit_decorator.py
[2026-08-26T18:58:04.855+0000] {processor.py:830} INFO - Processing file /home/airflow/.local/lib/python3.8/site-packages/airflow/example_dags/example_short_circuit_decorator.py for tasks to queue
[2026-08-26T18:58:04.859+0000] {logging_mixin.py:188} INFO - [2026-08-26T18:58:04.858+0000] {dagbag.py:540} INFO - Filling up the DagBag from /home/airflow/.local/lib/python3.8/site-packages/airflow/example_dags/example_short_circuit_decorator.py
[2026-08-26T18:58:04.872+0000] {processor.py:840} INFO - DAG(s) 'example_short_circuit_decorator' retrieved from /home/airflow/.local/lib/python3.8/site-packages/airflow/example_dags/example_short_circuit_decorator.py
[2026-08-26T18:58:04.907+0000] {logging_mixin.py:188} INFO - [2026-08-26T18:58:04.906+0000] {dag.py:3047} INFO - Sync 1 DAGs
[2026-08-26T18:58:04.935+0000] {logging_mixin.py:188} INFO - [2026-08-26T18:58:04.935+0000] {dag.py:3834} INFO - Setting next_dagrun for example_short_circuit_decorator to 2026-08-25 00:00:00+00:00, run_after=2026-08-26 00:00:00+00:00
[2026-08-26T18:58:04.959+0000] {processor.py:183} INFO - Processing /home/airflow/.local/lib/python3.8/site-packages/airflow/example_dags/example_short_circuit_decorator.py took 0.111 seconds
[2026-08-26T18:58:35.142+0000] {processor.py:161} INFO - Started process (PID=7987) to work on /home/airflow/.local/lib/python3.8/site-packages/airflow/example_dags/example_short_circuit_decorator.py
[2026-08-26T18:58:35.143+0000] {processor.py:830} INFO - Processing file /home/airflow/.local/lib/python3.8/site-packages/airflow/example_dags/example_short_circuit_decorator.py for tasks to queue
[2026-08-26T18:58:35.147+0000] {logging_mixin.py:188} INFO - [2026-08-26T18:58:35.146+0000] {dagbag.py:540} INFO - Filling up the DagBag from /home/airflow/.local/lib/python3.8/site-packages/airflow/example_dags/example_short_circuit_decorator.py
[2026-08-26T18:58:35.158+0000] {processor.py:840} INFO - DAG(s) 'example_short_circuit_decorator' retrieved from /home/airflow/.local/lib/python3.8/site-packages/airflow/example_dags/example_short_circuit_decorator.py
[2026-08-26T18:58:35.186+0000] {logging_mixin.py:188} INFO - [2026-08-26T18:58:35.185+0000] {dag.py:3047} INFO - Sync 1 DAGs
[2026-08-26T18:58:35.208+0000] {logging_mixin.py:188} INFO - [2026-08-26T18:58:35.208+0000] {dag.py:3834} INFO - Setting next_dagrun for example_short_circuit_decorator to 2026-08-25 00:00:00+00:00, run_after=2026-08-26 00:00:00+00:00
[2026-08-26T18:58:35.230+0000] {processor.py:183} INFO - Processing /home/airflow/.local/lib/python3.8/site-packages/airflow/example_dags/example_short_circuit_decorator.py took 0.092 seconds
[2026-08-26T18:59:05.814+0000] {processor.py:161} INFO - Started process (PID=8044) to work on /home/airflow/.local/lib/python3.8/site-packages/airflow/example_dags/example_short_circuit_decorator.py
[2026-08-26T18:59:05.816+0000] {processor.py:830} INFO - Processing file /home/airflow/.local/lib/python3.8/site-packages/airflow/example_dags/example_short_circuit_decorator.py for tasks to queue
[2026-08-26T18:59:05.819+0000] {logging_mixin.py:188} INFO - [2026-08-26T18:59:05.818+0000] {dagbag.py:540} INFO - Filling up the DagBag from /home/airflow/.local/lib/python3.8/site-packages/airflow/example_dags/example_short_circuit_decorator.py
[2026-08-26T18:59:05.832+0000] {processor.py:840} INFO - DAG(s) 'example_short_circuit_decorator' retrieved from /home/airflow/.local/lib/python3.8/site-packages/airflow/example_dags/example_short_circuit_decorator.py
[2026-08-26T18:59:05.873+0000] {logging_mixin.py:188} INFO - [2026-08-26T18:59:05.872+0000] {dag.py:3047} INFO - Sync 1 DAGs
[2026-08-26T18:59:05.910+0000] {logging_mixin.py:188} INFO - [2026-08-26T18:59:05.909+0000] {dag.py:3834} INFO - Setting next_dagrun for example_short_circuit_decorator to 2026-08-25 00:00:00+00:00, run_after=2026-08-26 00:00:00+00:00
[2026-08-26T18:59:05.952+0000] {processor.py:183} INFO - Processing /home/airflow/.local/lib/python3.8/site-packages/airflow/example_dags/example_short_circuit_decorator.py took 0.144 seconds
[2026-08-26T18:59:36.009+0000] {processor.py:161} INFO - Started process (PID=8101) to work on /home/airflow/.local/lib/python3.8/site-packages/airflow/example_dags/example_short_circuit_decorator.py
[2026-08-26T18:59:36.011+0000] {processor.py:830} INFO - Processing file /home/airflow/.local/lib/python3.8/site-packages/airflow/example_dags/example_short_circuit_decorator.py for tasks to queue
[2026-08-26T18:59:36.014+0000] {logging_mixin.py:188} INFO - [2026-08-26T18:59:36.014+0000] {dagbag.py:540} INFO - Filling up the DagBag from /home/airflow/.local/lib/python3.8/site-packages/airflow/example_dags/example_short_circuit_decorator.py
[2026-08-26T18:59:36.026+0000] {processor.py:840} INFO - DAG(s) 'example_short_circuit_decorator' retrieved from /home/airflow/.local/lib/python3.8/site-packages/airflow/example_dags/example_short_circuit_decorator.py
[2026-08-26T18:59:36.058+0000] {logging_mixin.py:188} INFO - [2026-08-26T18:59:36.058+0000] {dag.py:3047} INFO - Sync 1 DAGs
[2026-08-26T18:59:36.084+0000] {logging_mixin.py:188} INFO - [2026-08-26T18:59:36.083+0000] {dag.py:3834} INFO - Setting next_dagrun for example_short_circuit_decorator to 2026-08-25 00:00:00+00:00, run_after=2026-08-26 00:00:00+00:00
[2026-08-26T18:59:36.108+0000] {processor.py:183} INFO - Processing /home/airflow/.local/lib/python3.8/site-packages/airflow/example_dags/example_short_circuit_decorator.py took 0.103 seconds
[2026-08-26T19:00:06.255+0000] {processor.py:161} INFO - Started process (PID=8158) to work on /home/airflow/.local/lib/python3.8/site-packages/airflow/example_dags/example_short_circuit_decorator.py
[2026-08-26T19:00:06.257+0000] {processor.py:830} INFO - Processing file /home/airflow/.local/lib/python3.8/site-packages/airflow/example_dags/example_short_circuit_decorator.py for tasks to queue
[2026-08-26T19:00:06.260+0000] {logging_mixin.py:188} INFO - [2026-08-26T19:00:06.260+0000] {dagbag.py:540} INFO - Filling up the DagBag from /home/airflow/.local/lib/python3.8/site-packages/airflow/example_dags/example_short_circuit_decorator.py
[2026-08-26T19:00:06.277+0000] {processor.py:840} INFO - DAG(s) 'example_short_circuit_decorator' retrieved from /home/airflow/.local/lib/python3.8/site-packages/airflow/example_dags/example_short_circuit_decorator.py
[2026-08-26T19:00:06.306+0000] {logging_mixin.py:188} INFO - [2026-08-26T19:00:06.306+0000] {dag.py:3047} INFO - Sync 1 DAGs
[2026-08-26T19:00:06.334+0000] {logging_mixin.py:188} INFO - [2026-08-26T19:00:06.334+0000] {dag.py:3834} INFO - Setting next_dagrun for example_short_circuit_decorator to 2026-08-25 00:00:00+00:00, run_after=2026-08-26 00:00:00+00:00
[2026-08-26T19:00:06.358+0000] {processor.py:183} INFO - Processing /home/airflow/.local/lib/python3.8/site-packages/airflow/example_dags/example_short_circuit_decorator.py took 0.109 seconds
[2026-08-26T19:00:36.633+0000] {processor.py:161} INFO - Started process (PID=8215) to work on /home/airflow/.local/lib/python3.8/site-packages/airflow/example_dags/example_short_circuit_decorator.py
[2026-08-26T19:00:36.636+0000] {processor.py:830} INFO - Processing file /home/airflow/.local/lib/python3.8/site-packages/airflow/example_dags/example_short_circuit_decorator.py for tasks to queue
[2026-08-26T19:00:36.639+0000] {logging_mixin.py:188} INFO - [2026-08-26T19:00:36.638+0000] {dagbag.py:540} INFO - Filling up the DagBag from /home/airflow/.local/lib/python3.8/site-packages/airflow/example_dags/example_short_circuit_decorator.py
[2026-08-26T19:00:36.649+0000] {processor.py:840} INFO - DAG(s) 'example_short_circuit_decorator' retrieved from /home/airflow/.local/lib/python3.8/site-packages/airflow/example_dags/example_short_circuit_decorator.py
[2026-08-26T19:00:36.678+0000] {logging_mixin.py:188} INFO - [2026-08-26T19:00:36.677+0000] {dag.py:3047} INFO - Sync 1 DAGs
[2026-08-26T19:00:36.707+0000] {logging_mixin.py:188} INFO - [2026-08-26T19:00:36.707+0000] {dag.py:3834} INFO - Setting next_dagrun for example_short_circuit_decorator to 2026-08-25 00:00:00+00:00, run_after=2026-08-26 00:00:00+00:00
[2026-08-26T19:00:36.736+0000] {processor.py:183} INFO - Processing /home/airflow/.local/lib/python3.8/site-packages/airflow/example_dags/example_short_circuit_decorator.py took 0.107 seconds
[2026-08-26T19:01:07.026+0000] {processor.py:161} INFO - Started process (PID=8272) to work on /home/airflow/.local/lib/python3.8/site-packages/airflow/example_dags/example_short_circuit_decorator.py
[2026-08-26T19:01:07.028+0000] {processor.py:830} INFO - Processing file /home/airflow/.local/lib/python3.8/site-packages/airflow/example_dags/example_short_circuit_decorator.py for tasks to queue
[2026-08-26T19:01:07.033+0000] {logging_mixin.py:188} INFO - [2026-08-26T19:01:07.032+0000] {dagbag.py:540} INFO - Filling up the DagBag from /home/airflow/.local/lib/python3.8/site-packages/airflow/example_dags/example_short_circuit_decorator.py
[2026-08-26T19:01:07.044+0000] {processor.py:840} INFO - DAG(s) 'example_short_circuit_decorator' retrieved from /home/airflow/.local/lib/python3.8/site-packages/airflow/example_dags/example_short_circuit_decorator.py
[2026-08-26T19:01:07.080+0000] {logging_mixin.py:188} INFO - [2026-08-26T19:01:07.079+0000] {dag.py:3047} INFO - Sync 1 DAGs
[2026-08-26T19:01:07.106+0000] {logging_mixin.py:188} INFO - [2026-08-26T19:01:07.106+0000] {dag.py:3834} INFO - Setting next_dagrun for example_short_circuit_decorator to 2026-08-25 00:00:00+00:00, run_after=2026-08-26 00:00:00+00:00
[2026-08-26T19:01:07.132+0000] {processor.py:183} INFO - Processing /home/airflow/.local/lib/python3.8/site-packages/airflow/example_dags/example_short_circuit_decorator.py took 0.110 seconds
[2026-08-26T19:01:37.422+0000] {processor.py:161} INFO - Started process (PID=8329) to work on /home/airflow/.local/lib/python3.8/site-packages/airflow/example_dags/example_short_circuit_decorator.py
[2026-08-26T19:01:37.424+0000] {processor.py:830} INFO - Processing file /home/airflow/.local/lib/python3.8/site-packages/airflow/example_dags/example_short_circuit_decorator.py for tasks to queue
[2026-08-26T19:01:37.428+0000] {logging_mixin.py:188} INFO - [2026-08-26T19:01:37.427+0000] {dagbag.py:540} INFO - Filling up the DagBag from /home/airflow/.local/lib/python3.8/site-packages/airflow/example_dags/example_short_circuit_decorator.py
[2026-08-26T19:01:37.440+0000] {processor.py:840} INFO - DAG(s) 'example_short_circuit_decorator' retrieved from /home/airflow/.local/lib/python3.8/site-packages/airflow/example_dags/example_short_circuit_decorator.py
[2026-08-26T19:01:37.471+0000] {logging_mixin.py:188} INFO - [2026-08-26T19:01:37.470+0000] {dag.py:3047} INFO - Sync 1 DAGs
[2026-08-26T19:01:37.499+0000] {logging_mixin.py:188} INFO - [2026-08-26T19:01:37.499+0000] {dag.py:3834} INFO - Setting next_dagrun for example_short_circuit_decorator to 2026-08-25 00:00:00+00:00, run_after=2026-08-26 00:00:00+00:00
[2026-08-26T19:01:37.524+0000] {processor.py:183} INFO - Processing /home/airflow/.local/lib/python3.8/site-packages/airflow/example_dags/example_short_circuit_decorator.py took 0.106 seconds
[2026-08-26T19:02:07.775+0000] {processor.py:161} INFO - Started process (PID=8387) to work on /home/airflow/.local/lib/python3.8/site-packages/airflow/example_dags/example_short_circuit_decorator.py
[2026-08-26T19:02:07.778+0000] {processor.py:830} INFO - Processing file /home/airflow/.local/lib/python3.8/site-packages/airflow/example_dags/example_short_circuit_decorator.py for tasks to queue
[2026-08-26T19:02:07.781+0000] {logging_mixin.py:188} INFO - [2026-08-26T19:02:07.781+0000] {dagbag.py:540} INFO - Filling up the DagBag from /home/airflow/.local/lib/python3.8/site-packages/airflow/example_dags/example_short_circuit_decorator.py
[2026-08-26T19:02:07.799+0000] {processor.py:840} INFO - DAG(s) 'example_short_circuit_decorator' retrieved from /home/airflow/.local/lib/python3.8/site-packages/airflow/example_dags/example_short_circuit_decorator.py
[2026-08-26T19:02:07.831+0000] {logging_mixin.py:188} INFO - [2026-08-26T19:02:07.830+0000] {dag.py:3047} INFO - Sync 1 DAGs
[2026-08-26T19:02:07.861+0000] {logging_mixin.py:188} INFO - [2026-08-26T19:02:07.861+0000] {dag.py:3834} INFO - Setting next_dagrun for example_short_circuit_decorator to 2026-08-25 00:00:00+00:00, run_after=2026-08-26 00:00:00+00:00
[2026-08-26T19:02:07.889+0000] {processor.py:183} INFO - Processing /home/airflow/.local/lib/python3.8/site-packages/airflow/example_dags/example_short_circuit_decorator.py took 0.121 seconds
[2026-08-26T19:02:38.079+0000] {processor.py:161} INFO - Started process (PID=8445) to work on /home/airflow/.local/lib/python3.8/site-packages/airflow/example_dags/example_short_circuit_decorator.py
[2026-08-26T19:02:38.080+0000] {processor.py:830} INFO - Processing file /home/airflow/.local/lib/python3.8/site-packages/airflow/example_dags/example_short_circuit_decorator.py for tasks to queue
[2026-08-26T19:02:38.083+0000] {logging_mixin.py:188} INFO - [2026-08-26T19:02:38.082+0000] {dagbag.py:540} INFO - Filling up the DagBag from /home/airflow/.local/lib/python3.8/site-packages/airflow/example_dags/example_short_circuit_decorator.py
[2026-08-26T19:02:38.094+0000] {processor.py:840} INFO - DAG(s) 'example_short_circuit_decorator' retrieved from /home/airflow/.local/lib/python3.8/site-packages/airflow/example_dags/example_short_circuit_decorator.py
[2026-08-26T19:02:38.125+0000] {logging_mixin.py:188} INFO - [2026-08-26T19:02:38.125+0000] {dag.py:3047} INFO - Sync 1 DAGs
[2026-08-26T19:02:38.151+0000] {logging_mixin.py:188} INFO - [2026-08-26T19:02:38.151+0000] {dag.py:3834} INFO - Setting next_dagrun for example_short_circuit_decorator to 2026-08-25 00:00:00+00:00, run_after=2026-08-26 00:00:00+00:00
[2026-08-26T19:02:38.173+0000] {processor.py:183} INFO - Processing /home/airflow/.local/lib/python3.8/site-packages/airflow/example_dags/example_short_circuit_decorator.py took 0.097 seconds
[2026-08-26T19:03:08.604+0000] {processor.py:161} INFO - Started process (PID=8501) to work on /home/airflow/.local/lib/python3.8/site-packages/airflow/example_dags/example_short_circuit_decorator.py
[2026-08-26T19:03:08.606+0000] {processor.py:830} INFO - Processing file /home/airflow/.local/lib/python3.8/site-packages/airflow/example_dags/example_short_circuit_decorator.py for tasks to queue
[2026-08-26T19:03:08.610+0000] {logging_mixin.py:188} INFO - [2026-08-26T19:03:08.609+0000] {dagbag.py:540} INFO - Filling up the DagBag from /home/airflow/.local/lib/python3.8/site-packages/airflow/example_dags/example_short_circuit_decorator.py
[2026-08-26T19:03:08.633+0000] {processor.py:840} INFO - DAG(s) 'example_short_circuit_decorator' retrieved from /home/airflow/.local/lib/python3.8/site-packages/airflow/example_dags/example_short_circuit_decorator.py
[2026-08-26T19:03:08.676+0000] {logging_mixin.py:188} INFO - [2026-08-26T19:03:08.675+0000] {dag.py:3047} INFO - Sync 1 DAGs
[2026-08-26T19:03:08.712+0000] {logging_mixin.py:188} INFO - [2026-08-26T19:03:08.712+0000] {dag.py:3834} INFO - Setting next_dagrun for example_short_circuit_decorator to 2026-08-25 00:00:00+00:00, run_after=2026-08-26 00:00:00+00:00
[2026-08-26T19:03:08.741+0000] {processor.py:183} INFO - Processing /home/airflow/.local/lib/python3.8/site-packages/airflow/example_dags/example_short_circuit_decorator.py took 0.144 seconds
[2026-08-26T19:03:38.899+0000] {processor.py:161} INFO - Started process (PID=8558) to work on /home/airflow/.local/lib/python3.8/site-packages/airflow/example_dags/example_short_circuit_decorator.py
[2026-08-26T19:03:38.901+0000] {processor.py:830} INFO - Processing file /home/airflow/.local/lib/python3.8/site-packages/airflow/example_dags/example_short_circuit_decorator.py for tasks to queue
[2026-08-26T19:03:38.905+0000] {logging_mixin.py:188} INFO - [2026-08-26T19:03:38.904+0000] {dagbag.py:540} INFO - Filling up the DagBag from /home/airflow/.local/lib/python3.8/site-packages/airflow/example_dags/example_short_circuit_decorator.py
[2026-08-26T19:03:38.919+0000] {processor.py:840} INFO - DAG(s) 'example_short_circuit_decorator' retrieved from /home/airflow/.local/lib/python3.8/site-packages/airflow/example_dags/example_short_circuit_decorator.py
[2026-08-26T19:03:38.955+0000] {logging_mixin.py:188} INFO - [2026-08-26T19:03:38.954+0000] {dag.py:3047} INFO - Sync 1 DAGs
[2026-08-26T19:03:38.988+0000] {logging_mixin.py:188} INFO - [2026-08-26T19:03:38.988+0000] {dag.py:3834} INFO - Setting next_dagrun for example_short_circuit_decorator to 2026-08-25 00:00:00+00:00, run_after=2026-08-26 00:00:00+00:00
[2026-08-26T19:03:39.019+0000] {processor.py:183} INFO - Processing /home/airflow/.local/lib/python3.8/site-packages/airflow/example_dags/example_short_circuit_decorator.py took 0.126 seconds
[2026-08-26T19:04:09.367+0000] {processor.py:161} INFO - Started process (PID=8615) to work on /home/airflow/.local/lib/python3.8/site-packages/airflow/example_dags/example_short_circuit_decorator.py
[2026-08-26T19:04:09.369+0000] {processor.py:830} INFO - Processing file /home/airflow/.local/lib/python3.8/site-packages/airflow/example_dags/example_short_circuit_decorator.py for tasks to queue
[2026-08-26T19:04:09.372+0000] {logging_mixin.py:188} INFO - [2026-08-26T19:04:09.371+0000] {dagbag.py:540} INFO - Filling up the DagBag from /home/airflow/.local/lib/python3.8/site-packages/airflow/example_dags/example_short_circuit_decorator.py
[2026-08-26T19:04:09.385+0000] {processor.py:840} INFO - DAG(s) 'example_short_circuit_decorator' retrieved from /home/airflow/.local/lib/python3.8/site-packages/airflow/example_dags/example_short_circuit_decorator.py
[2026-08-26T19:04:09.420+0000] {logging_mixin.py:188} INFO - [2026-08-26T19:04:09.420+0000] {dag.py:3047} INFO - Sync 1 DAGs
[2026-08-26T19:04:09.449+0000] {logging_mixin.py:188} INFO - [2026-08-26T19:04:09.449+0000] {dag.py:3834} INFO - Setting next_dagrun for example_short_circuit_decorator to 2026-08-25 00:00:00+00:00, run_after=2026-08-26 00:00:00+00:00
[2026-08-26T19:04:09.473+0000] {processor.py:183} INFO - Processing /home/airflow/.local/lib/python3.8/site-packages/airflow/example_dags/example_short_circuit_decorator.py took 0.113 seconds
[2026-08-26T19:04:39.940+0000] {processor.py:161} INFO - Started process (PID=8672) to work on /home/airflow/.local/lib/python3.8/site-packages/airflow/example_dags/example_short_circuit_decorator.py
[2026-08-26T19:04:39.942+0000] {processor.py:830} INFO - Processing file /home/airflow/.local/lib/python3.8/site-packages/airflow/example_dags/example_short_circuit_decorator.py for tasks to queue
[2026-08-26T19:04:39.946+0000] {logging_mixin.py:188} INFO - [2026-08-26T19:04:39.946+0000] {dagbag.py:540} INFO - Filling up the DagBag from /home/airflow/.local/lib/python3.8/site-packages/airflow/example_dags/example_short_circuit_decorator.py
[2026-08-26T19:04:39.968+0000] {processor.py:840} INFO - DAG(s) 'example_short_circuit_decorator' retrieved from /home/airflow/.local/lib/python3.8/site-packages/airflow/example_dags/example_short_circuit_decorator.py
[2026-08-26T19:04:40.016+0000] {logging_mixin.py:188} INFO - [2026-08-26T19:04:40.016+0000] {dag.py:3047} INFO - Sync 1 DAGs
[2026-08-26T19:04:40.048+0000] {logging_mixin.py:188} INFO - [2026-08-26T19:04:40.048+0000] {dag.py:3834} INFO - Setting next_dagrun for example_short_circuit_decorator to 2026-08-25 00:00:00+00:00, run_after=2026-08-26 00:00:00+00:00
[2026-08-26T19:04:40.070+0000] {processor.py:183} INFO - Processing /home/airflow/.local/lib/python3.8/site-packages/airflow/example_dags/example_short_circuit_decorator.py took 0.137 seconds
[2026-08-26T19:05:10.247+0000] {processor.py:161} INFO - Started process (PID=8728) to work on /home/airflow/.local/lib/python3.8/site-packages/airflow/example_dags/example_short_circuit_decorator.py
[2026-08-26T19:05:10.249+0000] {processor.py:830} INFO - Processing file /home/airflow/.local/lib/python3.8/site-packages/airflow/example_dags/example_short_circuit_decorator.py for tasks to queue
[2026-08-26T19:05:10.252+0000] {logging_mixin.py:188} INFO - [2026-08-26T19:05:10.252+0000] {dagbag.py:540} INFO - Filling up the DagBag from /home/airflow/.local/lib/python3.8/site-packages/airflow/example_dags/example_short_circuit_decorator.py
[2026-08-26T19:05:10.269+0000] {processor.py:840} INFO - DAG(s) 'example_short_circuit_decorator' retrieved from /home/airflow/.local/lib/python3.8/site-packages/airflow/example_dags/example_short_circuit_decorator.py
[2026-08-26T19:05:10.305+0000] {logging_mixin.py:188} INFO - [2026-08-26T19:05:10.305+0000] {dag.py:3047} INFO - Sync 1 DAGs
[2026-08-26T19:05:10.342+0000] {logging_mixin.py:188} INFO - [2026-08-26T19:05:10.342+0000] {dag.py:3834} INFO - Setting next_dagrun for example_short_circuit_decorator to 2026-08-25 00:00:00+00:00, run_after=2026-08-26 00:00:00+00:00
[2026-08-26T19:05:10.373+0000] {processor.py:183} INFO - Processing /home/airflow/.local/lib/python3.8/site-packages/airflow/example_dags/example_short_circuit_decorator.py took 0.132 seconds
[2026-08-26T19:05:40.444+0000] {processor.py:161} INFO - Started process (PID=8785) to work on /home/airflow/.local/lib/python3.8/site-packages/airflow/example_dags/example_short_circuit_decorator.py
[2026-08-26T19:05:40.446+0000] {processor.py:830} INFO - Processing file /home/airflow/.local/lib/python3.8/site-packages/airflow/example_dags/example_short_circuit_decorator.py for tasks to queue
[2026-08-26T19:05:40.448+0000] {logging_mixin.py:188} INFO - [2026-08-26T19:05:40.448+0000] {dagbag.py:540} INFO - Filling up the DagBag from /home/airflow/.local/lib/python3.8/site-packages/airflow/example_dags/example_short_circuit_decorator.py
[2026-08-26T19:05:40.460+0000] {processor.py:840} INFO - DAG(s) 'example_short_circuit_decorator' retrieved from /home/airflow/.local/lib/python3.8/site-packages/airflow/example_dags/example_short_circuit_decorator.py
[2026-08-26T19:05:40.492+0000] {logging_mixin.py:188} INFO - [2026-08-26T19:05:40.491+0000] {dag.py:3047} INFO - Sync 1 DAGs
[2026-08-26T19:05:40.668+0000] {logging_mixin.py:188} INFO - [2026-08-26T19:05:40.668+0000] {dag.py:3834} INFO - Setting next_dagrun for example_short_circuit_decorator to 2026-08-25 00:00:00+00:00, run_after=2026-08-26 00:00:00+00:00
[2026-08-26T19:05:40.690+0000] {processor.py:183} INFO - Processing /home/airflow/.local/lib/python3.8/site-packages/airflow/example_dags/example_short_circuit_decorator.py took 0.250 seconds
[2026-08-26T19:06:11.293+0000] {processor.py:161} INFO - Started process (PID=8842) to work on /home/airflow/.local/lib/python3.8/site-packages/airflow/example_dags/example_short_circuit_decorator.py
[2026-08-26T19:06:11.295+0000] {processor.py:830} INFO - Processing file /home/airflow/.local/lib/python3.8/site-packages/airflow/example_dags/example_short_circuit_decorator.py for tasks to queue
[2026-08-26T19:06:11.302+0000] {logging_mixin.py:188} INFO - [2026-08-26T19:06:11.302+0000] {dagbag.py:540} INFO - Filling up the DagBag from /home/airflow/.local/lib/python3.8/site-packages/airflow/example_dags/example_short_circuit_decorator.py
[2026-08-26T19:06:11.317+0000] {processor.py:840} INFO - DAG(s) 'example_short_circuit_decorator' retrieved from /home/airflow/.local/lib/python3.8/site-packages/airflow/example_dags/example_short_circuit_decorator.py
[2026-08-26T19:06:11.345+0000] {logging_mixin.py:188} INFO - [2026-08-26T19:06:11.345+0000] {dag.py:3047} INFO - Sync 1 DAGs
[2026-08-26T19:06:11.532+0000] {logging_mixin.py:188} INFO - [2026-08-26T19:06:11.532+0000] {dag.py:3834} INFO - Setting next_dagrun for example_short_circuit_decorator to 2026-08-25 00:00:00+00:00, run_after=2026-08-26 00:00:00+00:00
[2026-08-26T19:06:11.557+0000] {processor.py:183} INFO - Processing /home/airflow/.local/lib/python3.8/site-packages/airflow/example_dags/example_short_circuit_decorator.py took 0.269 seconds
[2026-08-26T19:06:41.965+0000] {processor.py:161} INFO - Started process (PID=8905) to work on /home/airflow/.local/lib/python3.8/site-packages/airflow/example_dags/example_short_circuit_decorator.py
[2026-08-26T19:06:41.967+0000] {processor.py:830} INFO - Processing file /home/airflow/.local/lib/python3.8/site-packages/airflow/example_dags/example_short_circuit_decorator.py for tasks to queue
[2026-08-26T19:06:41.969+0000] {logging_mixin.py:188} INFO - [2026-08-26T19:06:41.969+0000] {dagbag.py:540} INFO - Filling up the DagBag from /home/airflow/.local/lib/python3.8/site-packages/airflow/example_dags/example_short_circuit_decorator.py
[2026-08-26T19:06:41.982+0000] {processor.py:840} INFO - DAG(s) 'example_short_circuit_decorator' retrieved from /home/airflow/.local/lib/python3.8/site-packages/airflow/example_dags/example_short_circuit_decorator.py
[2026-08-26T19:06:42.023+0000] {logging_mixin.py:188} INFO - [2026-08-26T19:06:42.023+0000] {dag.py:3047} INFO - Sync 1 DAGs
[2026-08-26T19:06:42.055+0000] {logging_mixin.py:188} INFO - [2026-08-26T19:06:42.055+0000] {dag.py:3834} INFO - Setting next_dagrun for example_short_circuit_decorator to 2026-08-25 00:00:00+00:00, run_after=2026-08-26 00:00:00+00:00
[2026-08-26T19:06:42.078+0000] {processor.py:183} INFO - Processing /home/airflow/.local/lib/python3.8/site-packages/airflow/example_dags/example_short_circuit_decorator.py took 0.118 seconds
[2026-08-26T19:07:12.230+0000] {processor.py:161} INFO - Started process (PID=8962) to work on /home/airflow/.local/lib/python3.8/site-packages/airflow/example_dags/example_short_circuit_decorator.py
[2026-08-26T19:07:12.232+0000] {processor.py:830} INFO - Processing file /home/airflow/.local/lib/python3.8/site-packages/airflow/example_dags/example_short_circuit_decorator.py for tasks to queue
[2026-08-26T19:07:12.236+0000] {logging_mixin.py:188} INFO - [2026-08-26T19:07:12.235+0000] {dagbag.py:540} INFO - Filling up the DagBag from /home/airflow/.local/lib/python3.8/site-packages/airflow/example_dags/example_short_circuit_decorator.py
[2026-08-26T19:07:12.251+0000] {processor.py:840} INFO - DAG(s) 'example_short_circuit_decorator' retrieved from /home/airflow/.local/lib/python3.8/site-packages/airflow/example_dags/example_short_circuit_decorator.py
[2026-08-26T19:07:12.279+0000] {logging_mixin.py:188} INFO - [2026-08-26T19:07:12.279+0000] {dag.py:3047} INFO - Sync 1 DAGs
[2026-08-26T19:07:12.308+0000] {logging_mixin.py:188} INFO - [2026-08-26T19:07:12.308+0000] {dag.py:3834} INFO - Setting next_dagrun for example_short_circuit_decorator to 2026-08-25 00:00:00+00:00, run_after=2026-08-26 00:00:00+00:00
[2026-08-26T19:07:12.337+0000] {processor.py:183} INFO - Processing /home/airflow/.local/lib/python3.8/site-packages/airflow/example_dags/example_short_circuit_decorator.py took 0.112 seconds
[2026-08-26T19:07:42.738+0000] {processor.py:161} INFO - Started process (PID=9019) to work on /home/airflow/.local/lib/python3.8/site-packages/airflow/example_dags/example_short_circuit_decorator.py
[2026-08-26T19:07:42.740+0000] {processor.py:830} INFO - Processing file /home/airflow/.local/lib/python3.8/site-packages/airflow/example_dags/example_short_circuit_decorator.py for tasks to queue
[2026-08-26T19:07:42.744+0000] {logging_mixin.py:188} INFO - [2026-08-26T19:07:42.744+0000] {dagbag.py:540} INFO - Filling up the DagBag from /home/airflow/.local/lib/python3.8/site-packages/airflow/example_dags/example_short_circuit_decorator.py
[2026-08-26T19:07:42.760+0000] {processor.py:840} INFO - DAG(s) 'example_short_circuit_decorator' retrieved from /home/airflow/.local/lib/python3.8/site-packages/airflow/example_dags/example_short_circuit_decorator.py
[2026-08-26T19:07:42.795+0000] {logging_mixin.py:188} INFO - [2026-08-26T19:07:42.795+0000] {dag.py:3047} INFO - Sync 1 DAGs
[2026-08-26T19:07:42.826+0000] {logging_mixin.py:188} INFO - [2026-08-26T19:07:42.826+0000] {dag.py:3834} INFO - Setting next_dagrun for example_short_circuit_decorator to 2026-08-25 00:00:00+00:00, run_after=2026-08-26 00:00:00+00:00
[2026-08-26T19:07:42.850+0000] {processor.py:183} INFO - Processing /home/airflow/.local/lib/python3.8/site-packages/airflow/example_dags/example_short_circuit_decorator.py took 0.117 seconds
[2026-08-26T19:08:12.993+0000] {processor.py:161} INFO - Started process (PID=9076) to work on /home/airflow/.local/lib/python3.8/site-packages/airflow/example_dags/example_short_circuit_decorator.py
[2026-08-26T19:08:12.995+0000] {processor.py:830} INFO - Processing file /home/airflow/.local/lib/python3.8/site-packages/airflow/example_dags/example_short_circuit_decorator.py for tasks to queue
[2026-08-26T19:08:12.997+0000] {logging_mixin.py:188} INFO - [2026-08-26T19:08:12.997+0000] {dagbag.py:540} INFO - Filling up the DagBag from /home/airflow/.local/lib/python3.8/site-packages/airflow/example_dags/example_short_circuit_decorator.py
[2026-08-26T19:08:13.008+0000] {processor.py:840} INFO - DAG(s) 'example_short_circuit_decorator' retrieved from /home/airflow/.local/lib/python3.8/site-packages/airflow/example_dags/example_short_circuit_decorator.py
[2026-08-26T19:08:13.033+0000] {logging_mixin.py:188} INFO - [2026-08-26T19:08:13.033+0000] {dag.py:3047} INFO - Sync 1 DAGs
[2026-08-26T19:08:13.059+0000] {logging_mixin.py:188} INFO - [2026-08-26T19:08:13.059+0000] {dag.py:3834} INFO - Setting next_dagrun for example_short_circuit_decorator to 2026-08-25 00:00:00+00:00, run_after=2026-08-26 00:00:00+00:00
[2026-08-26T19:08:13.084+0000] {processor.py:183} INFO - Processing /home/airflow/.local/lib/python3.8/site-packages/airflow/example_dags/example_short_circuit_decorator.py took 0.096 seconds
[2026-08-26T19:08:43.800+0000] {processor.py:161} INFO - Started process (PID=9133) to work on /home/airflow/.local/lib/python3.8/site-packages/airflow/example_dags/example_short_circuit_decorator.py
[2026-08-26T19:08:43.804+0000] {processor.py:830} INFO - Processing file /home/airflow/.local/lib/python3.8/site-packages/airflow/example_dags/example_short_circuit_decorator.py for tasks to queue
[2026-08-26T19:08:43.808+0000] {logging_mixin.py:188} INFO - [2026-08-26T19:08:43.808+0000] {dagbag.py:540} INFO - Filling up the DagBag from /home/airflow/.local/lib/python3.8/site-packages/airflow/example_dags/example_short_circuit_decorator.py
[2026-08-26T19:08:43.824+0000] {processor.py:840} INFO - DAG(s) 'example_short_circuit_decorator' retrieved from /home/airflow/.local/lib/python3.8/site-packages/airflow/example_dags/example_short_circuit_decorator.py
[2026-08-26T19:08:43.851+0000] {logging_mixin.py:188} INFO - [2026-08-26T19:08:43.851+0000] {dag.py:3047} INFO - Sync 1 DAGs
[2026-08-26T19:08:43.883+0000] {logging_mixin.py:188} INFO - [2026-08-26T19:08:43.882+0000] {dag.py:3834} INFO - Setting next_dagrun for example_short_circuit_decorator to 2026-08-25 00:00:00+00:00, run_after=2026-08-26 00:00:00+00:00
[2026-08-26T19:08:43.909+0000] {processor.py:183} INFO - Processing /home/airflow/.local/lib/python3.8/site-packages/airflow/example_dags/example_short_circuit_decorator.py took 0.114 seconds
[2026-08-26T19:09:13.990+0000] {processor.py:161} INFO - Started process (PID=9188) to work on /home/airflow/.local/lib/python3.8/site-packages/airflow/example_dags/example_short_circuit_decorator.py
[2026-08-26T19:09:13.992+0000] {processor.py:830} INFO - Processing file /home/airflow/.local/lib/python3.8/site-packages/airflow/example_dags/example_short_circuit_decorator.py for tasks to queue
[2026-08-26T19:09:13.995+0000] {logging_mixin.py:188} INFO - [2026-08-26T19:09:13.994+0000] {dagbag.py:540} INFO - Filling up the DagBag from /home/airflow/.local/lib/python3.8/site-packages/airflow/example_dags/example_short_circuit_decorator.py
[2026-08-26T19:09:14.013+0000] {processor.py:840} INFO - DAG(s) 'example_short_circuit_decorator' retrieved from /home/airflow/.local/lib/python3.8/site-packages/airflow/example_dags/example_short_circuit_decorator.py
[2026-08-26T19:09:14.052+0000] {logging_mixin.py:188} INFO - [2026-08-26T19:09:14.052+0000] {dag.py:3047} INFO - Sync 1 DAGs
[2026-08-26T19:09:14.078+0000] {logging_mixin.py:188} INFO - [2026-08-26T19:09:14.078+0000] {dag.py:3834} INFO - Setting next_dagrun for example_short_circuit_decorator to 2026-08-25 00:00:00+00:00, run_after=2026-08-26 00:00:00+00:00
[2026-08-26T19:09:14.100+0000] {processor.py:183} INFO - Processing /home/airflow/.local/lib/python3.8/site-packages/airflow/example_dags/example_short_circuit_decorator.py took 0.114 seconds
