[2026-08-26T00:34:30.418+0000] {processor.py:161} INFO - Started process (PID=86) to work on /home/airflow/.local/lib/python3.8/site-packages/airflow/example_dags/example_external_task_marker_dag.py
[2026-08-26T00:34:30.422+0000] {processor.py:830} INFO - Processing file /home/airflow/.local/lib/python3.8/site-packages/airflow/example_dags/example_external_task_marker_dag.py for tasks to queue
[2026-08-26T00:34:30.428+0000] {logging_mixin.py:188} INFO - [2026-08-26T00:34:30.427+0000] {dagbag.py:540} INFO - Filling up the DagBag from /home/airflow/.local/lib/python3.8/site-packages/airflow/example_dags/example_external_task_marker_dag.py
[2026-08-26T00:34:30.447+0000] {processor.py:840} INFO - DAG(s) 'example_external_task_marker_parent', 'example_external_task_marker_child' retrieved from /home/airflow/.local/lib/python3.8/site-packages/airflow/example_dags/example_external_task_marker_dag.py
[2026-08-26T00:34:30.555+0000] {logging_mixin.py:188} INFO - [2026-08-26T00:34:30.550+0000] {dag.py:3047} INFO - Sync 2 DAGs
[2026-08-26T00:34:30.616+0000] {logging_mixin.py:188} INFO - [2026-08-26T00:34:30.608+0000] {dag.py:3834} INFO - Setting next_dagrun for example_external_task_marker_child to None, run_after=None
[2026-08-26T00:34:30.650+0000] {logging_mixin.py:188} INFO - [2026-08-26T00:34:30.649+0000] {dag.py:3834} INFO - Setting next_dagrun for example_external_task_marker_parent to None, run_after=None
[2026-08-26T00:34:30.718+0000] {processor.py:183} INFO - Processing /home/airflow/.local/lib/python3.8/site-packages/airflow/example_dags/example_external_task_marker_dag.py took 0.313 seconds
[2026-08-26T00:35:01.643+0000] {processor.py:161} INFO - Started process (PID=144) to work on /home/airflow/.local/lib/python3.8/site-packages/airflow/example_dags/example_external_task_marker_dag.py
[2026-08-26T00:35:01.645+0000] {processor.py:830} INFO - Processing file /home/airflow/.local/lib/python3.8/site-packages/airflow/example_dags/example_external_task_marker_dag.py for tasks to queue
[2026-08-26T00:35:01.649+0000] {logging_mixin.py:188} INFO - [2026-08-26T00:35:01.648+0000] {dagbag.py:540} INFO - Filling up the DagBag from /home/airflow/.local/lib/python3.8/site-packages/airflow/example_dags/example_external_task_marker_dag.py
[2026-08-26T00:35:01.659+0000] {processor.py:840} INFO - DAG(s) 'example_external_task_marker_child', 'example_external_task_marker_parent' retrieved from /home/airflow/.local/lib/python3.8/site-packages/airflow/example_dags/example_external_task_marker_dag.py
[2026-08-26T00:35:01.832+0000] {logging_mixin.py:188} INFO - [2026-08-26T00:35:01.832+0000] {dag.py:3047} INFO - Sync 2 DAGs
[2026-08-26T00:35:01.846+0000] {logging_mixin.py:188} INFO - [2026-08-26T00:35:01.846+0000] {dag.py:3834} INFO - Setting next_dagrun for example_external_task_marker_child to None, run_after=None
[2026-08-26T00:35:01.851+0000] {logging_mixin.py:188} INFO - [2026-08-26T00:35:01.851+0000] {dag.py:3834} INFO - Setting next_dagrun for example_external_task_marker_parent to None, run_after=None
[2026-08-26T00:35:01.881+0000] {processor.py:183} INFO - Processing /home/airflow/.local/lib/python3.8/site-packages/airflow/example_dags/example_external_task_marker_dag.py took 0.243 seconds
[2026-08-26T00:35:32.629+0000] {processor.py:161} INFO - Started process (PID=201) to work on /home/airflow/.local/lib/python3.8/site-packages/airflow/example_dags/example_external_task_marker_dag.py
[2026-08-26T00:35:32.632+0000] {processor.py:830} INFO - Processing file /home/airflow/.local/lib/python3.8/site-packages/airflow/example_dags/example_external_task_marker_dag.py for tasks to queue
[2026-08-26T00:35:32.636+0000] {logging_mixin.py:188} INFO - [2026-08-26T00:35:32.636+0000] {dagbag.py:540} INFO - Filling up the DagBag from /home/airflow/.local/lib/python3.8/site-packages/airflow/example_dags/example_external_task_marker_dag.py
[2026-08-26T00:35:32.645+0000] {processor.py:840} INFO - DAG(s) 'example_external_task_marker_child', 'example_external_task_marker_parent' retrieved from /home/airflow/.local/lib/python3.8/site-packages/airflow/example_dags/example_external_task_marker_dag.py
[2026-08-26T00:35:32.680+0000] {logging_mixin.py:188} INFO - [2026-08-26T00:35:32.679+0000] {dag.py:3047} INFO - Sync 2 DAGs
[2026-08-26T00:35:32.697+0000] {logging_mixin.py:188} INFO - [2026-08-26T00:35:32.697+0000] {dag.py:3834} INFO - Setting next_dagrun for example_external_task_marker_child to None, run_after=None
[2026-08-26T00:35:32.702+0000] {logging_mixin.py:188} INFO - [2026-08-26T00:35:32.702+0000] {dag.py:3834} INFO - Setting next_dagrun for example_external_task_marker_parent to None, run_after=None
[2026-08-26T00:35:32.724+0000] {processor.py:183} INFO - Processing /home/airflow/.local/lib/python3.8/site-packages/airflow/example_dags/example_external_task_marker_dag.py took 0.107 seconds
[2026-08-26T00:36:03.239+0000] {processor.py:161} INFO - Started process (PID=258) to work on /home/airflow/.local/lib/python3.8/site-packages/airflow/example_dags/example_external_task_marker_dag.py
[2026-08-26T00:36:03.241+0000] {processor.py:830} INFO - Processing file /home/airflow/.local/lib/python3.8/site-packages/airflow/example_dags/example_external_task_marker_dag.py for tasks to queue
[2026-08-26T00:36:03.245+0000] {logging_mixin.py:188} INFO - [2026-08-26T00:36:03.244+0000] {dagbag.py:540} INFO - Filling up the DagBag from /home/airflow/.local/lib/python3.8/site-packages/airflow/example_dags/example_external_task_marker_dag.py
[2026-08-26T00:36:03.255+0000] {processor.py:840} INFO - DAG(s) 'example_external_task_marker_parent', 'example_external_task_marker_child' retrieved from /home/airflow/.local/lib/python3.8/site-packages/airflow/example_dags/example_external_task_marker_dag.py
[2026-08-26T00:36:03.296+0000] {logging_mixin.py:188} INFO - [2026-08-26T00:36:03.295+0000] {dag.py:3047} INFO - Sync 2 DAGs
[2026-08-26T00:36:03.315+0000] {logging_mixin.py:188} INFO - [2026-08-26T00:36:03.315+0000] {dag.py:3834} INFO - Setting next_dagrun for example_external_task_marker_child to None, run_after=None
[2026-08-26T00:36:03.321+0000] {logging_mixin.py:188} INFO - [2026-08-26T00:36:03.321+0000] {dag.py:3834} INFO - Setting next_dagrun for example_external_task_marker_parent to None, run_after=None
[2026-08-26T00:36:03.342+0000] {processor.py:183} INFO - Processing /home/airflow/.local/lib/python3.8/site-packages/airflow/example_dags/example_external_task_marker_dag.py took 0.111 seconds
[2026-08-26T00:36:33.410+0000] {processor.py:161} INFO - Started process (PID=315) to work on /home/airflow/.local/lib/python3.8/site-packages/airflow/example_dags/example_external_task_marker_dag.py
[2026-08-26T00:36:33.412+0000] {processor.py:830} INFO - Processing file /home/airflow/.local/lib/python3.8/site-packages/airflow/example_dags/example_external_task_marker_dag.py for tasks to queue
[2026-08-26T00:36:33.416+0000] {logging_mixin.py:188} INFO - [2026-08-26T00:36:33.416+0000] {dagbag.py:540} INFO - Filling up the DagBag from /home/airflow/.local/lib/python3.8/site-packages/airflow/example_dags/example_external_task_marker_dag.py
[2026-08-26T00:36:33.426+0000] {processor.py:840} INFO - DAG(s) 'example_external_task_marker_parent', 'example_external_task_marker_child' retrieved from /home/airflow/.local/lib/python3.8/site-packages/airflow/example_dags/example_external_task_marker_dag.py
[2026-08-26T00:36:33.459+0000] {logging_mixin.py:188} INFO - [2026-08-26T00:36:33.459+0000] {dag.py:3047} INFO - Sync 2 DAGs
[2026-08-26T00:36:33.478+0000] {logging_mixin.py:188} INFO - [2026-08-26T00:36:33.477+0000] {dag.py:3834} INFO - Setting next_dagrun for example_external_task_marker_child to None, run_after=None
[2026-08-26T00:36:33.483+0000] {logging_mixin.py:188} INFO - [2026-08-26T00:36:33.483+0000] {dag.py:3834} INFO - Setting next_dagrun for example_external_task_marker_parent to None, run_after=None
[2026-08-26T00:36:33.520+0000] {processor.py:183} INFO - Processing /home/airflow/.local/lib/python3.8/site-packages/airflow/example_dags/example_external_task_marker_dag.py took 0.115 seconds
[2026-08-26T00:37:03.711+0000] {processor.py:161} INFO - Started process (PID=372) to work on /home/airflow/.local/lib/python3.8/site-packages/airflow/example_dags/example_external_task_marker_dag.py
[2026-08-26T00:37:03.713+0000] {processor.py:830} INFO - Processing file /home/airflow/.local/lib/python3.8/site-packages/airflow/example_dags/example_external_task_marker_dag.py for tasks to queue
[2026-08-26T00:37:03.718+0000] {logging_mixin.py:188} INFO - [2026-08-26T00:37:03.718+0000] {dagbag.py:540} INFO - Filling up the DagBag from /home/airflow/.local/lib/python3.8/site-packages/airflow/example_dags/example_external_task_marker_dag.py
[2026-08-26T00:37:03.731+0000] {processor.py:840} INFO - DAG(s) 'example_external_task_marker_parent', 'example_external_task_marker_child' retrieved from /home/airflow/.local/lib/python3.8/site-packages/airflow/example_dags/example_external_task_marker_dag.py
[2026-08-26T00:37:03.786+0000] {logging_mixin.py:188} INFO - [2026-08-26T00:37:03.786+0000] {dag.py:3047} INFO - Sync 2 DAGs
[2026-08-26T00:37:03.816+0000] {logging_mixin.py:188} INFO - [2026-08-26T00:37:03.816+0000] {dag.py:3834} INFO - Setting next_dagrun for example_external_task_marker_child to None, run_after=None
[2026-08-26T00:37:03.826+0000] {logging_mixin.py:188} INFO - [2026-08-26T00:37:03.826+0000] {dag.py:3834} INFO - Setting next_dagrun for example_external_task_marker_parent to None, run_after=None
[2026-08-26T00:37:03.863+0000] {processor.py:183} INFO - Processing /home/airflow/.local/lib/python3.8/site-packages/airflow/example_dags/example_external_task_marker_dag.py took 0.159 seconds
[2026-08-26T00:37:34.510+0000] {processor.py:161} INFO - Started process (PID=429) to work on /home/airflow/.local/lib/python3.8/site-packages/airflow/example_dags/example_external_task_marker_dag.py
[2026-08-26T00:37:34.512+0000] {processor.py:830} INFO - Processing file /home/airflow/.local/lib/python3.8/site-packages/airflow/example_dags/example_external_task_marker_dag.py for tasks to queue
[2026-08-26T00:37:34.515+0000] {logging_mixin.py:188} INFO - [2026-08-26T00:37:34.515+0000] {dagbag.py:540} INFO - Filling up the DagBag from /home/airflow/.local/lib/python3.8/site-packages/airflow/example_dags/example_external_task_marker_dag.py
[2026-08-26T00:37:34.522+0000] {processor.py:840} INFO - DAG(s) 'example_external_task_marker_parent', 'example_external_task_marker_child' retrieved from /home/airflow/.local/lib/python3.8/site-packages/airflow/example_dags/example_external_task_marker_dag.py
[2026-08-26T00:37:34.554+0000] {logging_mixin.py:188} INFO - [2026-08-26T00:37:34.554+0000] {dag.py:3047} INFO - Sync 2 DAGs
[2026-08-26T00:37:34.571+0000] {logging_mixin.py:188} INFO - [2026-08-26T00:37:34.571+0000] {dag.py:3834} INFO - Setting next_dagrun for example_external_task_marker_child to None, run_after=None
[2026-08-26T00:37:34.577+0000] {logging_mixin.py:188} INFO - [2026-08-26T00:37:34.577+0000] {dag.py:3834} INFO - Setting next_dagrun for example_external_task_marker_parent to None, run_after=None
[2026-08-26T00:37:34.603+0000] {processor.py:183} INFO - Processing /home/airflow/.local/lib/python3.8/site-packages/airflow/example_dags/example_external_task_marker_dag.py took 0.098 seconds
[2026-08-26T00:38:04.782+0000] {processor.py:161} INFO - Started process (PID=490) to work on /home/airflow/.local/lib/python3.8/site-packages/airflow/example_dags/example_external_task_marker_dag.py
[2026-08-26T00:38:04.784+0000] {processor.py:830} INFO - Processing file /home/airflow/.local/lib/python3.8/site-packages/airflow/example_dags/example_external_task_marker_dag.py for tasks to queue
[2026-08-26T00:38:04.787+0000] {logging_mixin.py:188} INFO - [2026-08-26T00:38:04.787+0000] {dagbag.py:540} INFO - Filling up the DagBag from /home/airflow/.local/lib/python3.8/site-packages/airflow/example_dags/example_external_task_marker_dag.py
[2026-08-26T00:38:04.794+0000] {processor.py:840} INFO - DAG(s) 'example_external_task_marker_child', 'example_external_task_marker_parent' retrieved from /home/airflow/.local/lib/python3.8/site-packages/airflow/example_dags/example_external_task_marker_dag.py
[2026-08-26T00:38:04.819+0000] {logging_mixin.py:188} INFO - [2026-08-26T00:38:04.819+0000] {dag.py:3047} INFO - Sync 2 DAGs
[2026-08-26T00:38:04.834+0000] {logging_mixin.py:188} INFO - [2026-08-26T00:38:04.834+0000] {dag.py:3834} INFO - Setting next_dagrun for example_external_task_marker_child to None, run_after=None
[2026-08-26T00:38:04.838+0000] {logging_mixin.py:188} INFO - [2026-08-26T00:38:04.838+0000] {dag.py:3834} INFO - Setting next_dagrun for example_external_task_marker_parent to None, run_after=None
[2026-08-26T00:38:04.857+0000] {processor.py:183} INFO - Processing /home/airflow/.local/lib/python3.8/site-packages/airflow/example_dags/example_external_task_marker_dag.py took 0.078 seconds
[2026-08-26T00:38:35.555+0000] {processor.py:161} INFO - Started process (PID=546) to work on /home/airflow/.local/lib/python3.8/site-packages/airflow/example_dags/example_external_task_marker_dag.py
[2026-08-26T00:38:35.557+0000] {processor.py:830} INFO - Processing file /home/airflow/.local/lib/python3.8/site-packages/airflow/example_dags/example_external_task_marker_dag.py for tasks to queue
[2026-08-26T00:38:35.559+0000] {logging_mixin.py:188} INFO - [2026-08-26T00:38:35.559+0000] {dagbag.py:540} INFO - Filling up the DagBag from /home/airflow/.local/lib/python3.8/site-packages/airflow/example_dags/example_external_task_marker_dag.py
[2026-08-26T00:38:35.566+0000] {processor.py:840} INFO - DAG(s) 'example_external_task_marker_parent', 'example_external_task_marker_child' retrieved from /home/airflow/.local/lib/python3.8/site-packages/airflow/example_dags/example_external_task_marker_dag.py
[2026-08-26T00:38:35.612+0000] {logging_mixin.py:188} INFO - [2026-08-26T00:38:35.612+0000] {dag.py:3047} INFO - Sync 2 DAGs
[2026-08-26T00:38:35.636+0000] {logging_mixin.py:188} INFO - [2026-08-26T00:38:35.635+0000] {dag.py:3834} INFO - Setting next_dagrun for example_external_task_marker_child to None, run_after=None
[2026-08-26T00:38:35.640+0000] {logging_mixin.py:188} INFO - [2026-08-26T00:38:35.640+0000] {dag.py:3834} INFO - Setting next_dagrun for example_external_task_marker_parent to None, run_after=None
[2026-08-26T00:38:35.662+0000] {processor.py:183} INFO - Processing /home/airflow/.local/lib/python3.8/site-packages/airflow/example_dags/example_external_task_marker_dag.py took 0.111 seconds
[2026-08-26T00:39:05.752+0000] {processor.py:161} INFO - Started process (PID=602) to work on /home/airflow/.local/lib/python3.8/site-packages/airflow/example_dags/example_external_task_marker_dag.py
[2026-08-26T00:39:05.754+0000] {processor.py:830} INFO - Processing file /home/airflow/.local/lib/python3.8/site-packages/airflow/example_dags/example_external_task_marker_dag.py for tasks to queue
[2026-08-26T00:39:05.757+0000] {logging_mixin.py:188} INFO - [2026-08-26T00:39:05.757+0000] {dagbag.py:540} INFO - Filling up the DagBag from /home/airflow/.local/lib/python3.8/site-packages/airflow/example_dags/example_external_task_marker_dag.py
[2026-08-26T00:39:05.765+0000] {processor.py:840} INFO - DAG(s) 'example_external_task_marker_child', 'example_external_task_marker_parent' retrieved from /home/airflow/.local/lib/python3.8/site-packages/airflow/example_dags/example_external_task_marker_dag.py
[2026-08-26T00:39:05.793+0000] {logging_mixin.py:188} INFO - [2026-08-26T00:39:05.792+0000] {dag.py:3047} INFO - Sync 2 DAGs
[2026-08-26T00:39:05.807+0000] {logging_mixin.py:188} INFO - [2026-08-26T00:39:05.807+0000] {dag.py:3834} INFO - Setting next_dagrun for example_external_task_marker_child to None, run_after=None
[2026-08-26T00:39:05.812+0000] {logging_mixin.py:188} INFO - [2026-08-26T00:39:05.812+0000] {dag.py:3834} INFO - Setting next_dagrun for example_external_task_marker_parent to None, run_after=None
[2026-08-26T00:39:05.834+0000] {processor.py:183} INFO - Processing /home/airflow/.local/lib/python3.8/site-packages/airflow/example_dags/example_external_task_marker_dag.py took 0.085 seconds
[2026-08-26T00:39:36.358+0000] {processor.py:161} INFO - Started process (PID=658) to work on /home/airflow/.local/lib/python3.8/site-packages/airflow/example_dags/example_external_task_marker_dag.py
[2026-08-26T00:39:36.360+0000] {processor.py:830} INFO - Processing file /home/airflow/.local/lib/python3.8/site-packages/airflow/example_dags/example_external_task_marker_dag.py for tasks to queue
[2026-08-26T00:39:36.363+0000] {logging_mixin.py:188} INFO - [2026-08-26T00:39:36.363+0000] {dagbag.py:540} INFO - Filling up the DagBag from /home/airflow/.local/lib/python3.8/site-packages/airflow/example_dags/example_external_task_marker_dag.py
[2026-08-26T00:39:36.373+0000] {processor.py:840} INFO - DAG(s) 'example_external_task_marker_parent', 'example_external_task_marker_child' retrieved from /home/airflow/.local/lib/python3.8/site-packages/airflow/example_dags/example_external_task_marker_dag.py
[2026-08-26T00:39:36.409+0000] {logging_mixin.py:188} INFO - [2026-08-26T00:39:36.409+0000] {dag.py:3047} INFO - Sync 2 DAGs
[2026-08-26T00:39:36.426+0000] {logging_mixin.py:188} INFO - [2026-08-26T00:39:36.425+0000] {dag.py:3834} INFO - Setting next_dagrun for example_external_task_marker_child to None, run_after=None
[2026-08-26T00:39:36.431+0000] {logging_mixin.py:188} INFO - [2026-08-26T00:39:36.431+0000] {dag.py:3834} INFO - Setting next_dagrun for example_external_task_marker_parent to None, run_after=None
[2026-08-26T00:39:36.462+0000] {processor.py:183} INFO - Processing /home/airflow/.local/lib/python3.8/site-packages/airflow/example_dags/example_external_task_marker_dag.py took 0.109 seconds
[2026-08-26T00:40:07.024+0000] {processor.py:161} INFO - Started process (PID=715) to work on /home/airflow/.local/lib/python3.8/site-packages/airflow/example_dags/example_external_task_marker_dag.py
[2026-08-26T00:40:07.028+0000] {processor.py:830} INFO - Processing file /home/airflow/.local/lib/python3.8/site-packages/airflow/example_dags/example_external_task_marker_dag.py for tasks to queue
[2026-08-26T00:40:07.046+0000] {logging_mixin.py:188} INFO - [2026-08-26T00:40:07.045+0000] {dagbag.py:540} INFO - Filling up the DagBag from /home/airflow/.local/lib/python3.8/site-packages/airflow/example_dags/example_external_task_marker_dag.py
[2026-08-26T00:40:07.073+0000] {processor.py:840} INFO - DAG(s) 'example_external_task_marker_parent', 'example_external_task_marker_child' retrieved from /home/airflow/.local/lib/python3.8/site-packages/airflow/example_dags/example_external_task_marker_dag.py
[2026-08-26T00:40:07.156+0000] {logging_mixin.py:188} INFO - [2026-08-26T00:40:07.155+0000] {dag.py:3047} INFO - Sync 2 DAGs
[2026-08-26T00:40:07.193+0000] {logging_mixin.py:188} INFO - [2026-08-26T00:40:07.193+0000] {dag.py:3834} INFO - Setting next_dagrun for example_external_task_marker_child to None, run_after=None
[2026-08-26T00:40:07.211+0000] {logging_mixin.py:188} INFO - [2026-08-26T00:40:07.210+0000] {dag.py:3834} INFO - Setting next_dagrun for example_external_task_marker_parent to None, run_after=None
[2026-08-26T00:40:07.257+0000] {processor.py:183} INFO - Processing /home/airflow/.local/lib/python3.8/site-packages/airflow/example_dags/example_external_task_marker_dag.py took 0.250 seconds
[2026-08-26T00:40:37.506+0000] {processor.py:161} INFO - Started process (PID=773) to work on /home/airflow/.local/lib/python3.8/site-packages/airflow/example_dags/example_external_task_marker_dag.py
[2026-08-26T00:40:37.511+0000] {processor.py:830} INFO - Processing file /home/airflow/.local/lib/python3.8/site-packages/airflow/example_dags/example_external_task_marker_dag.py for tasks to queue
[2026-08-26T00:40:37.517+0000] {logging_mixin.py:188} INFO - [2026-08-26T00:40:37.516+0000] {dagbag.py:540} INFO - Filling up the DagBag from /home/airflow/.local/lib/python3.8/site-packages/airflow/example_dags/example_external_task_marker_dag.py
[2026-08-26T00:40:37.536+0000] {processor.py:840} INFO - DAG(s) 'example_external_task_marker_parent', 'example_external_task_marker_child' retrieved from /home/airflow/.local/lib/python3.8/site-packages/airflow/example_dags/example_external_task_marker_dag.py
[2026-08-26T00:40:37.598+0000] {logging_mixin.py:188} INFO - [2026-08-26T00:40:37.598+0000] {dag.py:3047} INFO - Sync 2 DAGs
[2026-08-26T00:40:37.641+0000] {logging_mixin.py:188} INFO - [2026-08-26T00:40:37.640+0000] {dag.py:3834} INFO - Setting next_dagrun for example_external_task_marker_child to None, run_after=None
[2026-08-26T00:40:37.652+0000] {logging_mixin.py:188} INFO - [2026-08-26T00:40:37.651+0000] {dag.py:3834} INFO - Setting next_dagrun for example_external_task_marker_parent to None, run_after=None
[2026-08-26T00:40:38.507+0000] {processor.py:183} INFO - Processing /home/airflow/.local/lib/python3.8/site-packages/airflow/example_dags/example_external_task_marker_dag.py took 1.009 seconds
[2026-08-26T00:41:08.644+0000] {processor.py:161} INFO - Started process (PID=830) to work on /home/airflow/.local/lib/python3.8/site-packages/airflow/example_dags/example_external_task_marker_dag.py
[2026-08-26T00:41:08.646+0000] {processor.py:830} INFO - Processing file /home/airflow/.local/lib/python3.8/site-packages/airflow/example_dags/example_external_task_marker_dag.py for tasks to queue
[2026-08-26T00:41:08.650+0000] {logging_mixin.py:188} INFO - [2026-08-26T00:41:08.649+0000] {dagbag.py:540} INFO - Filling up the DagBag from /home/airflow/.local/lib/python3.8/site-packages/airflow/example_dags/example_external_task_marker_dag.py
[2026-08-26T00:41:08.660+0000] {processor.py:840} INFO - DAG(s) 'example_external_task_marker_parent', 'example_external_task_marker_child' retrieved from /home/airflow/.local/lib/python3.8/site-packages/airflow/example_dags/example_external_task_marker_dag.py
[2026-08-26T00:41:08.692+0000] {logging_mixin.py:188} INFO - [2026-08-26T00:41:08.691+0000] {dag.py:3047} INFO - Sync 2 DAGs
[2026-08-26T00:41:08.706+0000] {logging_mixin.py:188} INFO - [2026-08-26T00:41:08.706+0000] {dag.py:3834} INFO - Setting next_dagrun for example_external_task_marker_child to None, run_after=None
[2026-08-26T00:41:08.715+0000] {logging_mixin.py:188} INFO - [2026-08-26T00:41:08.714+0000] {dag.py:3834} INFO - Setting next_dagrun for example_external_task_marker_parent to None, run_after=None
[2026-08-26T00:41:08.751+0000] {processor.py:183} INFO - Processing /home/airflow/.local/lib/python3.8/site-packages/airflow/example_dags/example_external_task_marker_dag.py took 0.112 seconds
[2026-08-26T00:41:38.954+0000] {processor.py:161} INFO - Started process (PID=887) to work on /home/airflow/.local/lib/python3.8/site-packages/airflow/example_dags/example_external_task_marker_dag.py
[2026-08-26T00:41:38.955+0000] {processor.py:830} INFO - Processing file /home/airflow/.local/lib/python3.8/site-packages/airflow/example_dags/example_external_task_marker_dag.py for tasks to queue
[2026-08-26T00:41:38.959+0000] {logging_mixin.py:188} INFO - [2026-08-26T00:41:38.958+0000] {dagbag.py:540} INFO - Filling up the DagBag from /home/airflow/.local/lib/python3.8/site-packages/airflow/example_dags/example_external_task_marker_dag.py
[2026-08-26T00:41:38.969+0000] {processor.py:840} INFO - DAG(s) 'example_external_task_marker_parent', 'example_external_task_marker_child' retrieved from /home/airflow/.local/lib/python3.8/site-packages/airflow/example_dags/example_external_task_marker_dag.py
[2026-08-26T00:41:39.005+0000] {logging_mixin.py:188} INFO - [2026-08-26T00:41:39.005+0000] {dag.py:3047} INFO - Sync 2 DAGs
[2026-08-26T00:41:39.022+0000] {logging_mixin.py:188} INFO - [2026-08-26T00:41:39.022+0000] {dag.py:3834} INFO - Setting next_dagrun for example_external_task_marker_child to None, run_after=None
[2026-08-26T00:41:39.027+0000] {logging_mixin.py:188} INFO - [2026-08-26T00:41:39.027+0000] {dag.py:3834} INFO - Setting next_dagrun for example_external_task_marker_parent to None, run_after=None
[2026-08-26T00:41:39.054+0000] {processor.py:183} INFO - Processing /home/airflow/.local/lib/python3.8/site-packages/airflow/example_dags/example_external_task_marker_dag.py took 0.105 seconds
[2026-08-26T00:42:09.716+0000] {processor.py:161} INFO - Started process (PID=944) to work on /home/airflow/.local/lib/python3.8/site-packages/airflow/example_dags/example_external_task_marker_dag.py
[2026-08-26T00:42:09.717+0000] {processor.py:830} INFO - Processing file /home/airflow/.local/lib/python3.8/site-packages/airflow/example_dags/example_external_task_marker_dag.py for tasks to queue
[2026-08-26T00:42:09.720+0000] {logging_mixin.py:188} INFO - [2026-08-26T00:42:09.719+0000] {dagbag.py:540} INFO - Filling up the DagBag from /home/airflow/.local/lib/python3.8/site-packages/airflow/example_dags/example_external_task_marker_dag.py
[2026-08-26T00:42:09.732+0000] {processor.py:840} INFO - DAG(s) 'example_external_task_marker_child', 'example_external_task_marker_parent' retrieved from /home/airflow/.local/lib/python3.8/site-packages/airflow/example_dags/example_external_task_marker_dag.py
[2026-08-26T00:42:09.766+0000] {logging_mixin.py:188} INFO - [2026-08-26T00:42:09.765+0000] {dag.py:3047} INFO - Sync 2 DAGs
[2026-08-26T00:42:09.782+0000] {logging_mixin.py:188} INFO - [2026-08-26T00:42:09.781+0000] {dag.py:3834} INFO - Setting next_dagrun for example_external_task_marker_child to None, run_after=None
[2026-08-26T00:42:09.787+0000] {logging_mixin.py:188} INFO - [2026-08-26T00:42:09.787+0000] {dag.py:3834} INFO - Setting next_dagrun for example_external_task_marker_parent to None, run_after=None
[2026-08-26T00:42:09.808+0000] {processor.py:183} INFO - Processing /home/airflow/.local/lib/python3.8/site-packages/airflow/example_dags/example_external_task_marker_dag.py took 0.096 seconds
[2026-08-26T00:42:39.884+0000] {processor.py:161} INFO - Started process (PID=1001) to work on /home/airflow/.local/lib/python3.8/site-packages/airflow/example_dags/example_external_task_marker_dag.py
[2026-08-26T00:42:39.887+0000] {processor.py:830} INFO - Processing file /home/airflow/.local/lib/python3.8/site-packages/airflow/example_dags/example_external_task_marker_dag.py for tasks to queue
[2026-08-26T00:42:39.892+0000] {logging_mixin.py:188} INFO - [2026-08-26T00:42:39.891+0000] {dagbag.py:540} INFO - Filling up the DagBag from /home/airflow/.local/lib/python3.8/site-packages/airflow/example_dags/example_external_task_marker_dag.py
[2026-08-26T00:42:39.900+0000] {processor.py:840} INFO - DAG(s) 'example_external_task_marker_child', 'example_external_task_marker_parent' retrieved from /home/airflow/.local/lib/python3.8/site-packages/airflow/example_dags/example_external_task_marker_dag.py
[2026-08-26T00:42:39.933+0000] {logging_mixin.py:188} INFO - [2026-08-26T00:42:39.933+0000] {dag.py:3047} INFO - Sync 2 DAGs
[2026-08-26T00:42:39.949+0000] {logging_mixin.py:188} INFO - [2026-08-26T00:42:39.949+0000] {dag.py:3834} INFO - Setting next_dagrun for example_external_task_marker_child to None, run_after=None
[2026-08-26T00:42:39.955+0000] {logging_mixin.py:188} INFO - [2026-08-26T00:42:39.955+0000] {dag.py:3834} INFO - Setting next_dagrun for example_external_task_marker_parent to None, run_after=None
[2026-08-26T00:42:39.979+0000] {processor.py:183} INFO - Processing /home/airflow/.local/lib/python3.8/site-packages/airflow/example_dags/example_external_task_marker_dag.py took 0.100 seconds
[2026-08-26T00:43:10.063+0000] {processor.py:161} INFO - Started process (PID=1058) to work on /home/airflow/.local/lib/python3.8/site-packages/airflow/example_dags/example_external_task_marker_dag.py
[2026-08-26T00:43:10.065+0000] {processor.py:830} INFO - Processing file /home/airflow/.local/lib/python3.8/site-packages/airflow/example_dags/example_external_task_marker_dag.py for tasks to queue
[2026-08-26T00:43:10.068+0000] {logging_mixin.py:188} INFO - [2026-08-26T00:43:10.068+0000] {dagbag.py:540} INFO - Filling up the DagBag from /home/airflow/.local/lib/python3.8/site-packages/airflow/example_dags/example_external_task_marker_dag.py
[2026-08-26T00:43:10.078+0000] {processor.py:840} INFO - DAG(s) 'example_external_task_marker_parent', 'example_external_task_marker_child' retrieved from /home/airflow/.local/lib/python3.8/site-packages/airflow/example_dags/example_external_task_marker_dag.py
[2026-08-26T00:43:10.107+0000] {logging_mixin.py:188} INFO - [2026-08-26T00:43:10.107+0000] {dag.py:3047} INFO - Sync 2 DAGs
[2026-08-26T00:43:10.126+0000] {logging_mixin.py:188} INFO - [2026-08-26T00:43:10.125+0000] {dag.py:3834} INFO - Setting next_dagrun for example_external_task_marker_child to None, run_after=None
[2026-08-26T00:43:10.130+0000] {logging_mixin.py:188} INFO - [2026-08-26T00:43:10.130+0000] {dag.py:3834} INFO - Setting next_dagrun for example_external_task_marker_parent to None, run_after=None
[2026-08-26T00:43:10.152+0000] {processor.py:183} INFO - Processing /home/airflow/.local/lib/python3.8/site-packages/airflow/example_dags/example_external_task_marker_dag.py took 0.094 seconds
[2026-08-26T00:44:30.037+0000] {processor.py:161} INFO - Started process (PID=76) to work on /home/airflow/.local/lib/python3.8/site-packages/airflow/example_dags/example_external_task_marker_dag.py
[2026-08-26T00:44:30.040+0000] {processor.py:830} INFO - Processing file /home/airflow/.local/lib/python3.8/site-packages/airflow/example_dags/example_external_task_marker_dag.py for tasks to queue
[2026-08-26T00:44:30.046+0000] {logging_mixin.py:188} INFO - [2026-08-26T00:44:30.045+0000] {dagbag.py:540} INFO - Filling up the DagBag from /home/airflow/.local/lib/python3.8/site-packages/airflow/example_dags/example_external_task_marker_dag.py
[2026-08-26T00:44:30.059+0000] {processor.py:840} INFO - DAG(s) 'example_external_task_marker_parent', 'example_external_task_marker_child' retrieved from /home/airflow/.local/lib/python3.8/site-packages/airflow/example_dags/example_external_task_marker_dag.py
[2026-08-26T00:44:30.252+0000] {logging_mixin.py:188} INFO - [2026-08-26T00:44:30.251+0000] {dag.py:3047} INFO - Sync 2 DAGs
[2026-08-26T00:44:30.272+0000] {logging_mixin.py:188} INFO - [2026-08-26T00:44:30.272+0000] {dag.py:3834} INFO - Setting next_dagrun for example_external_task_marker_child to None, run_after=None
[2026-08-26T00:44:30.279+0000] {logging_mixin.py:188} INFO - [2026-08-26T00:44:30.278+0000] {dag.py:3834} INFO - Setting next_dagrun for example_external_task_marker_parent to None, run_after=None
[2026-08-26T00:44:30.321+0000] {processor.py:183} INFO - Processing /home/airflow/.local/lib/python3.8/site-packages/airflow/example_dags/example_external_task_marker_dag.py took 0.291 seconds
[2026-08-26T00:45:00.817+0000] {processor.py:161} INFO - Started process (PID=134) to work on /home/airflow/.local/lib/python3.8/site-packages/airflow/example_dags/example_external_task_marker_dag.py
[2026-08-26T00:45:00.819+0000] {processor.py:830} INFO - Processing file /home/airflow/.local/lib/python3.8/site-packages/airflow/example_dags/example_external_task_marker_dag.py for tasks to queue
[2026-08-26T00:45:00.822+0000] {logging_mixin.py:188} INFO - [2026-08-26T00:45:00.821+0000] {dagbag.py:540} INFO - Filling up the DagBag from /home/airflow/.local/lib/python3.8/site-packages/airflow/example_dags/example_external_task_marker_dag.py
[2026-08-26T00:45:00.829+0000] {processor.py:840} INFO - DAG(s) 'example_external_task_marker_child', 'example_external_task_marker_parent' retrieved from /home/airflow/.local/lib/python3.8/site-packages/airflow/example_dags/example_external_task_marker_dag.py
[2026-08-26T00:45:00.856+0000] {logging_mixin.py:188} INFO - [2026-08-26T00:45:00.856+0000] {dag.py:3047} INFO - Sync 2 DAGs
[2026-08-26T00:45:00.873+0000] {logging_mixin.py:188} INFO - [2026-08-26T00:45:00.872+0000] {dag.py:3834} INFO - Setting next_dagrun for example_external_task_marker_child to None, run_after=None
[2026-08-26T00:45:00.881+0000] {logging_mixin.py:188} INFO - [2026-08-26T00:45:00.880+0000] {dag.py:3834} INFO - Setting next_dagrun for example_external_task_marker_parent to None, run_after=None
[2026-08-26T00:45:01.031+0000] {processor.py:183} INFO - Processing /home/airflow/.local/lib/python3.8/site-packages/airflow/example_dags/example_external_task_marker_dag.py took 0.219 seconds
[2026-08-26T00:45:31.522+0000] {processor.py:161} INFO - Started process (PID=192) to work on /home/airflow/.local/lib/python3.8/site-packages/airflow/example_dags/example_external_task_marker_dag.py
[2026-08-26T00:45:31.524+0000] {processor.py:830} INFO - Processing file /home/airflow/.local/lib/python3.8/site-packages/airflow/example_dags/example_external_task_marker_dag.py for tasks to queue
[2026-08-26T00:45:31.527+0000] {logging_mixin.py:188} INFO - [2026-08-26T00:45:31.527+0000] {dagbag.py:540} INFO - Filling up the DagBag from /home/airflow/.local/lib/python3.8/site-packages/airflow/example_dags/example_external_task_marker_dag.py
[2026-08-26T00:45:31.535+0000] {processor.py:840} INFO - DAG(s) 'example_external_task_marker_parent', 'example_external_task_marker_child' retrieved from /home/airflow/.local/lib/python3.8/site-packages/airflow/example_dags/example_external_task_marker_dag.py
[2026-08-26T00:45:31.563+0000] {logging_mixin.py:188} INFO - [2026-08-26T00:45:31.562+0000] {dag.py:3047} INFO - Sync 2 DAGs
[2026-08-26T00:45:31.577+0000] {logging_mixin.py:188} INFO - [2026-08-26T00:45:31.577+0000] {dag.py:3834} INFO - Setting next_dagrun for example_external_task_marker_child to None, run_after=None
[2026-08-26T00:45:31.582+0000] {logging_mixin.py:188} INFO - [2026-08-26T00:45:31.582+0000] {dag.py:3834} INFO - Setting next_dagrun for example_external_task_marker_parent to None, run_after=None
[2026-08-26T00:45:31.998+0000] {processor.py:183} INFO - Processing /home/airflow/.local/lib/python3.8/site-packages/airflow/example_dags/example_external_task_marker_dag.py took 0.479 seconds
[2026-08-26T00:46:02.063+0000] {processor.py:161} INFO - Started process (PID=249) to work on /home/airflow/.local/lib/python3.8/site-packages/airflow/example_dags/example_external_task_marker_dag.py
[2026-08-26T00:46:02.066+0000] {processor.py:830} INFO - Processing file /home/airflow/.local/lib/python3.8/site-packages/airflow/example_dags/example_external_task_marker_dag.py for tasks to queue
[2026-08-26T00:46:02.068+0000] {logging_mixin.py:188} INFO - [2026-08-26T00:46:02.068+0000] {dagbag.py:540} INFO - Filling up the DagBag from /home/airflow/.local/lib/python3.8/site-packages/airflow/example_dags/example_external_task_marker_dag.py
[2026-08-26T00:46:02.076+0000] {processor.py:840} INFO - DAG(s) 'example_external_task_marker_child', 'example_external_task_marker_parent' retrieved from /home/airflow/.local/lib/python3.8/site-packages/airflow/example_dags/example_external_task_marker_dag.py
[2026-08-26T00:46:02.106+0000] {logging_mixin.py:188} INFO - [2026-08-26T00:46:02.106+0000] {dag.py:3047} INFO - Sync 2 DAGs
[2026-08-26T00:46:02.119+0000] {logging_mixin.py:188} INFO - [2026-08-26T00:46:02.119+0000] {dag.py:3834} INFO - Setting next_dagrun for example_external_task_marker_child to None, run_after=None
[2026-08-26T00:46:02.124+0000] {logging_mixin.py:188} INFO - [2026-08-26T00:46:02.124+0000] {dag.py:3834} INFO - Setting next_dagrun for example_external_task_marker_parent to None, run_after=None
[2026-08-26T00:46:02.264+0000] {processor.py:183} INFO - Processing /home/airflow/.local/lib/python3.8/site-packages/airflow/example_dags/example_external_task_marker_dag.py took 0.204 seconds
[2026-08-26T00:46:32.358+0000] {processor.py:161} INFO - Started process (PID=306) to work on /home/airflow/.local/lib/python3.8/site-packages/airflow/example_dags/example_external_task_marker_dag.py
[2026-08-26T00:46:32.360+0000] {processor.py:830} INFO - Processing file /home/airflow/.local/lib/python3.8/site-packages/airflow/example_dags/example_external_task_marker_dag.py for tasks to queue
[2026-08-26T00:46:32.363+0000] {logging_mixin.py:188} INFO - [2026-08-26T00:46:32.363+0000] {dagbag.py:540} INFO - Filling up the DagBag from /home/airflow/.local/lib/python3.8/site-packages/airflow/example_dags/example_external_task_marker_dag.py
[2026-08-26T00:46:32.373+0000] {processor.py:840} INFO - DAG(s) 'example_external_task_marker_child', 'example_external_task_marker_parent' retrieved from /home/airflow/.local/lib/python3.8/site-packages/airflow/example_dags/example_external_task_marker_dag.py
[2026-08-26T00:46:32.414+0000] {logging_mixin.py:188} INFO - [2026-08-26T00:46:32.413+0000] {dag.py:3047} INFO - Sync 2 DAGs
[2026-08-26T00:46:32.431+0000] {logging_mixin.py:188} INFO - [2026-08-26T00:46:32.431+0000] {dag.py:3834} INFO - Setting next_dagrun for example_external_task_marker_child to None, run_after=None
[2026-08-26T00:46:32.436+0000] {logging_mixin.py:188} INFO - [2026-08-26T00:46:32.436+0000] {dag.py:3834} INFO - Setting next_dagrun for example_external_task_marker_parent to None, run_after=None
[2026-08-26T00:46:32.456+0000] {processor.py:183} INFO - Processing /home/airflow/.local/lib/python3.8/site-packages/airflow/example_dags/example_external_task_marker_dag.py took 0.106 seconds
[2026-08-26T00:47:21.446+0000] {processor.py:161} INFO - Started process (PID=363) to work on /home/airflow/.local/lib/python3.8/site-packages/airflow/example_dags/example_external_task_marker_dag.py
[2026-08-26T00:47:21.448+0000] {processor.py:830} INFO - Processing file /home/airflow/.local/lib/python3.8/site-packages/airflow/example_dags/example_external_task_marker_dag.py for tasks to queue
[2026-08-26T00:47:21.450+0000] {logging_mixin.py:188} INFO - [2026-08-26T00:47:21.450+0000] {dagbag.py:540} INFO - Filling up the DagBag from /home/airflow/.local/lib/python3.8/site-packages/airflow/example_dags/example_external_task_marker_dag.py
[2026-08-26T00:47:21.459+0000] {processor.py:840} INFO - DAG(s) 'example_external_task_marker_parent', 'example_external_task_marker_child' retrieved from /home/airflow/.local/lib/python3.8/site-packages/airflow/example_dags/example_external_task_marker_dag.py
[2026-08-26T00:47:21.497+0000] {logging_mixin.py:188} INFO - [2026-08-26T00:47:21.497+0000] {dag.py:3047} INFO - Sync 2 DAGs
[2026-08-26T00:47:21.523+0000] {logging_mixin.py:188} INFO - [2026-08-26T00:47:21.522+0000] {dag.py:3834} INFO - Setting next_dagrun for example_external_task_marker_child to None, run_after=None
[2026-08-26T00:47:21.531+0000] {logging_mixin.py:188} INFO - [2026-08-26T00:47:21.530+0000] {dag.py:3834} INFO - Setting next_dagrun for example_external_task_marker_parent to None, run_after=None
[2026-08-26T00:47:21.554+0000] {processor.py:183} INFO - Processing /home/airflow/.local/lib/python3.8/site-packages/airflow/example_dags/example_external_task_marker_dag.py took 0.113 seconds
[2026-08-26T00:47:52.638+0000] {processor.py:161} INFO - Started process (PID=420) to work on /home/airflow/.local/lib/python3.8/site-packages/airflow/example_dags/example_external_task_marker_dag.py
[2026-08-26T00:47:52.640+0000] {processor.py:830} INFO - Processing file /home/airflow/.local/lib/python3.8/site-packages/airflow/example_dags/example_external_task_marker_dag.py for tasks to queue
[2026-08-26T00:47:52.643+0000] {logging_mixin.py:188} INFO - [2026-08-26T00:47:52.642+0000] {dagbag.py:540} INFO - Filling up the DagBag from /home/airflow/.local/lib/python3.8/site-packages/airflow/example_dags/example_external_task_marker_dag.py
[2026-08-26T00:47:52.653+0000] {processor.py:840} INFO - DAG(s) 'example_external_task_marker_parent', 'example_external_task_marker_child' retrieved from /home/airflow/.local/lib/python3.8/site-packages/airflow/example_dags/example_external_task_marker_dag.py
[2026-08-26T00:47:52.681+0000] {logging_mixin.py:188} INFO - [2026-08-26T00:47:52.681+0000] {dag.py:3047} INFO - Sync 2 DAGs
[2026-08-26T00:47:52.694+0000] {logging_mixin.py:188} INFO - [2026-08-26T00:47:52.694+0000] {dag.py:3834} INFO - Setting next_dagrun for example_external_task_marker_child to None, run_after=None
[2026-08-26T00:47:52.698+0000] {logging_mixin.py:188} INFO - [2026-08-26T00:47:52.698+0000] {dag.py:3834} INFO - Setting next_dagrun for example_external_task_marker_parent to None, run_after=None
[2026-08-26T00:47:52.747+0000] {processor.py:183} INFO - Processing /home/airflow/.local/lib/python3.8/site-packages/airflow/example_dags/example_external_task_marker_dag.py took 0.114 seconds
[2026-08-26T00:48:23.218+0000] {processor.py:161} INFO - Started process (PID=478) to work on /home/airflow/.local/lib/python3.8/site-packages/airflow/example_dags/example_external_task_marker_dag.py
[2026-08-26T00:48:23.220+0000] {processor.py:830} INFO - Processing file /home/airflow/.local/lib/python3.8/site-packages/airflow/example_dags/example_external_task_marker_dag.py for tasks to queue
[2026-08-26T00:48:23.223+0000] {logging_mixin.py:188} INFO - [2026-08-26T00:48:23.223+0000] {dagbag.py:540} INFO - Filling up the DagBag from /home/airflow/.local/lib/python3.8/site-packages/airflow/example_dags/example_external_task_marker_dag.py
[2026-08-26T00:48:23.234+0000] {processor.py:840} INFO - DAG(s) 'example_external_task_marker_child', 'example_external_task_marker_parent' retrieved from /home/airflow/.local/lib/python3.8/site-packages/airflow/example_dags/example_external_task_marker_dag.py
[2026-08-26T00:48:23.269+0000] {logging_mixin.py:188} INFO - [2026-08-26T00:48:23.269+0000] {dag.py:3047} INFO - Sync 2 DAGs
[2026-08-26T00:48:23.289+0000] {logging_mixin.py:188} INFO - [2026-08-26T00:48:23.288+0000] {dag.py:3834} INFO - Setting next_dagrun for example_external_task_marker_child to None, run_after=None
[2026-08-26T00:48:23.294+0000] {logging_mixin.py:188} INFO - [2026-08-26T00:48:23.293+0000] {dag.py:3834} INFO - Setting next_dagrun for example_external_task_marker_parent to None, run_after=None
[2026-08-26T00:48:23.360+0000] {processor.py:183} INFO - Processing /home/airflow/.local/lib/python3.8/site-packages/airflow/example_dags/example_external_task_marker_dag.py took 0.148 seconds
[2026-08-26T00:48:53.630+0000] {processor.py:161} INFO - Started process (PID=535) to work on /home/airflow/.local/lib/python3.8/site-packages/airflow/example_dags/example_external_task_marker_dag.py
[2026-08-26T00:48:53.633+0000] {processor.py:830} INFO - Processing file /home/airflow/.local/lib/python3.8/site-packages/airflow/example_dags/example_external_task_marker_dag.py for tasks to queue
[2026-08-26T00:48:53.636+0000] {logging_mixin.py:188} INFO - [2026-08-26T00:48:53.635+0000] {dagbag.py:540} INFO - Filling up the DagBag from /home/airflow/.local/lib/python3.8/site-packages/airflow/example_dags/example_external_task_marker_dag.py
[2026-08-26T00:48:53.643+0000] {processor.py:840} INFO - DAG(s) 'example_external_task_marker_parent', 'example_external_task_marker_child' retrieved from /home/airflow/.local/lib/python3.8/site-packages/airflow/example_dags/example_external_task_marker_dag.py
[2026-08-26T00:48:53.671+0000] {logging_mixin.py:188} INFO - [2026-08-26T00:48:53.671+0000] {dag.py:3047} INFO - Sync 2 DAGs
[2026-08-26T00:48:53.685+0000] {logging_mixin.py:188} INFO - [2026-08-26T00:48:53.685+0000] {dag.py:3834} INFO - Setting next_dagrun for example_external_task_marker_child to None, run_after=None
[2026-08-26T00:48:53.690+0000] {logging_mixin.py:188} INFO - [2026-08-26T00:48:53.690+0000] {dag.py:3834} INFO - Setting next_dagrun for example_external_task_marker_parent to None, run_after=None
[2026-08-26T00:48:53.740+0000] {processor.py:183} INFO - Processing /home/airflow/.local/lib/python3.8/site-packages/airflow/example_dags/example_external_task_marker_dag.py took 0.115 seconds
[2026-08-26T00:49:24.253+0000] {processor.py:161} INFO - Started process (PID=592) to work on /home/airflow/.local/lib/python3.8/site-packages/airflow/example_dags/example_external_task_marker_dag.py
[2026-08-26T00:49:24.255+0000] {processor.py:830} INFO - Processing file /home/airflow/.local/lib/python3.8/site-packages/airflow/example_dags/example_external_task_marker_dag.py for tasks to queue
[2026-08-26T00:49:24.258+0000] {logging_mixin.py:188} INFO - [2026-08-26T00:49:24.257+0000] {dagbag.py:540} INFO - Filling up the DagBag from /home/airflow/.local/lib/python3.8/site-packages/airflow/example_dags/example_external_task_marker_dag.py
[2026-08-26T00:49:24.266+0000] {processor.py:840} INFO - DAG(s) 'example_external_task_marker_parent', 'example_external_task_marker_child' retrieved from /home/airflow/.local/lib/python3.8/site-packages/airflow/example_dags/example_external_task_marker_dag.py
[2026-08-26T00:49:24.304+0000] {logging_mixin.py:188} INFO - [2026-08-26T00:49:24.303+0000] {dag.py:3047} INFO - Sync 2 DAGs
[2026-08-26T00:49:24.321+0000] {logging_mixin.py:188} INFO - [2026-08-26T00:49:24.321+0000] {dag.py:3834} INFO - Setting next_dagrun for example_external_task_marker_child to None, run_after=None
[2026-08-26T00:49:24.326+0000] {logging_mixin.py:188} INFO - [2026-08-26T00:49:24.326+0000] {dag.py:3834} INFO - Setting next_dagrun for example_external_task_marker_parent to None, run_after=None
[2026-08-26T00:49:24.370+0000] {processor.py:183} INFO - Processing /home/airflow/.local/lib/python3.8/site-packages/airflow/example_dags/example_external_task_marker_dag.py took 0.121 seconds
[2026-08-26T00:49:54.858+0000] {processor.py:161} INFO - Started process (PID=649) to work on /home/airflow/.local/lib/python3.8/site-packages/airflow/example_dags/example_external_task_marker_dag.py
[2026-08-26T00:49:54.860+0000] {processor.py:830} INFO - Processing file /home/airflow/.local/lib/python3.8/site-packages/airflow/example_dags/example_external_task_marker_dag.py for tasks to queue
[2026-08-26T00:49:54.864+0000] {logging_mixin.py:188} INFO - [2026-08-26T00:49:54.863+0000] {dagbag.py:540} INFO - Filling up the DagBag from /home/airflow/.local/lib/python3.8/site-packages/airflow/example_dags/example_external_task_marker_dag.py
[2026-08-26T00:49:54.875+0000] {processor.py:840} INFO - DAG(s) 'example_external_task_marker_child', 'example_external_task_marker_parent' retrieved from /home/airflow/.local/lib/python3.8/site-packages/airflow/example_dags/example_external_task_marker_dag.py
[2026-08-26T00:49:54.904+0000] {logging_mixin.py:188} INFO - [2026-08-26T00:49:54.903+0000] {dag.py:3047} INFO - Sync 2 DAGs
[2026-08-26T00:49:54.919+0000] {logging_mixin.py:188} INFO - [2026-08-26T00:49:54.918+0000] {dag.py:3834} INFO - Setting next_dagrun for example_external_task_marker_child to None, run_after=None
[2026-08-26T00:49:54.923+0000] {logging_mixin.py:188} INFO - [2026-08-26T00:49:54.923+0000] {dag.py:3834} INFO - Setting next_dagrun for example_external_task_marker_parent to None, run_after=None
[2026-08-26T00:49:54.986+0000] {processor.py:183} INFO - Processing /home/airflow/.local/lib/python3.8/site-packages/airflow/example_dags/example_external_task_marker_dag.py took 0.132 seconds
[2026-08-26T00:50:25.495+0000] {processor.py:161} INFO - Started process (PID=706) to work on /home/airflow/.local/lib/python3.8/site-packages/airflow/example_dags/example_external_task_marker_dag.py
[2026-08-26T00:50:25.496+0000] {processor.py:830} INFO - Processing file /home/airflow/.local/lib/python3.8/site-packages/airflow/example_dags/example_external_task_marker_dag.py for tasks to queue
[2026-08-26T00:50:25.499+0000] {logging_mixin.py:188} INFO - [2026-08-26T00:50:25.499+0000] {dagbag.py:540} INFO - Filling up the DagBag from /home/airflow/.local/lib/python3.8/site-packages/airflow/example_dags/example_external_task_marker_dag.py
[2026-08-26T00:50:25.511+0000] {processor.py:840} INFO - DAG(s) 'example_external_task_marker_parent', 'example_external_task_marker_child' retrieved from /home/airflow/.local/lib/python3.8/site-packages/airflow/example_dags/example_external_task_marker_dag.py
[2026-08-26T00:50:25.540+0000] {logging_mixin.py:188} INFO - [2026-08-26T00:50:25.540+0000] {dag.py:3047} INFO - Sync 2 DAGs
[2026-08-26T00:50:25.554+0000] {logging_mixin.py:188} INFO - [2026-08-26T00:50:25.554+0000] {dag.py:3834} INFO - Setting next_dagrun for example_external_task_marker_child to None, run_after=None
[2026-08-26T00:50:25.559+0000] {logging_mixin.py:188} INFO - [2026-08-26T00:50:25.558+0000] {dag.py:3834} INFO - Setting next_dagrun for example_external_task_marker_parent to None, run_after=None
[2026-08-26T00:50:25.804+0000] {processor.py:183} INFO - Processing /home/airflow/.local/lib/python3.8/site-packages/airflow/example_dags/example_external_task_marker_dag.py took 0.313 seconds
[2026-08-26T00:50:56.289+0000] {processor.py:161} INFO - Started process (PID=769) to work on /home/airflow/.local/lib/python3.8/site-packages/airflow/example_dags/example_external_task_marker_dag.py
[2026-08-26T00:50:56.291+0000] {processor.py:830} INFO - Processing file /home/airflow/.local/lib/python3.8/site-packages/airflow/example_dags/example_external_task_marker_dag.py for tasks to queue
[2026-08-26T00:50:56.294+0000] {logging_mixin.py:188} INFO - [2026-08-26T00:50:56.293+0000] {dagbag.py:540} INFO - Filling up the DagBag from /home/airflow/.local/lib/python3.8/site-packages/airflow/example_dags/example_external_task_marker_dag.py
[2026-08-26T00:50:56.301+0000] {processor.py:840} INFO - DAG(s) 'example_external_task_marker_child', 'example_external_task_marker_parent' retrieved from /home/airflow/.local/lib/python3.8/site-packages/airflow/example_dags/example_external_task_marker_dag.py
[2026-08-26T00:50:56.329+0000] {logging_mixin.py:188} INFO - [2026-08-26T00:50:56.329+0000] {dag.py:3047} INFO - Sync 2 DAGs
[2026-08-26T00:50:56.342+0000] {logging_mixin.py:188} INFO - [2026-08-26T00:50:56.342+0000] {dag.py:3834} INFO - Setting next_dagrun for example_external_task_marker_child to None, run_after=None
[2026-08-26T00:50:56.347+0000] {logging_mixin.py:188} INFO - [2026-08-26T00:50:56.347+0000] {dag.py:3834} INFO - Setting next_dagrun for example_external_task_marker_parent to None, run_after=None
[2026-08-26T00:50:56.411+0000] {processor.py:183} INFO - Processing /home/airflow/.local/lib/python3.8/site-packages/airflow/example_dags/example_external_task_marker_dag.py took 0.126 seconds
[2026-08-26T00:51:27.153+0000] {processor.py:161} INFO - Started process (PID=825) to work on /home/airflow/.local/lib/python3.8/site-packages/airflow/example_dags/example_external_task_marker_dag.py
[2026-08-26T00:51:27.156+0000] {processor.py:830} INFO - Processing file /home/airflow/.local/lib/python3.8/site-packages/airflow/example_dags/example_external_task_marker_dag.py for tasks to queue
[2026-08-26T00:51:27.160+0000] {logging_mixin.py:188} INFO - [2026-08-26T00:51:27.159+0000] {dagbag.py:540} INFO - Filling up the DagBag from /home/airflow/.local/lib/python3.8/site-packages/airflow/example_dags/example_external_task_marker_dag.py
[2026-08-26T00:51:27.172+0000] {processor.py:840} INFO - DAG(s) 'example_external_task_marker_parent', 'example_external_task_marker_child' retrieved from /home/airflow/.local/lib/python3.8/site-packages/airflow/example_dags/example_external_task_marker_dag.py
[2026-08-26T00:51:27.204+0000] {logging_mixin.py:188} INFO - [2026-08-26T00:51:27.203+0000] {dag.py:3047} INFO - Sync 2 DAGs
[2026-08-26T00:51:27.221+0000] {logging_mixin.py:188} INFO - [2026-08-26T00:51:27.221+0000] {dag.py:3834} INFO - Setting next_dagrun for example_external_task_marker_child to None, run_after=None
[2026-08-26T00:51:27.226+0000] {logging_mixin.py:188} INFO - [2026-08-26T00:51:27.225+0000] {dag.py:3834} INFO - Setting next_dagrun for example_external_task_marker_parent to None, run_after=None
[2026-08-26T00:51:27.254+0000] {processor.py:183} INFO - Processing /home/airflow/.local/lib/python3.8/site-packages/airflow/example_dags/example_external_task_marker_dag.py took 0.106 seconds
[2026-08-26T00:51:57.458+0000] {processor.py:161} INFO - Started process (PID=881) to work on /home/airflow/.local/lib/python3.8/site-packages/airflow/example_dags/example_external_task_marker_dag.py
[2026-08-26T00:51:57.460+0000] {processor.py:830} INFO - Processing file /home/airflow/.local/lib/python3.8/site-packages/airflow/example_dags/example_external_task_marker_dag.py for tasks to queue
[2026-08-26T00:51:57.463+0000] {logging_mixin.py:188} INFO - [2026-08-26T00:51:57.462+0000] {dagbag.py:540} INFO - Filling up the DagBag from /home/airflow/.local/lib/python3.8/site-packages/airflow/example_dags/example_external_task_marker_dag.py
[2026-08-26T00:51:57.472+0000] {processor.py:840} INFO - DAG(s) 'example_external_task_marker_parent', 'example_external_task_marker_child' retrieved from /home/airflow/.local/lib/python3.8/site-packages/airflow/example_dags/example_external_task_marker_dag.py
[2026-08-26T00:51:57.500+0000] {logging_mixin.py:188} INFO - [2026-08-26T00:51:57.500+0000] {dag.py:3047} INFO - Sync 2 DAGs
[2026-08-26T00:51:57.517+0000] {logging_mixin.py:188} INFO - [2026-08-26T00:51:57.517+0000] {dag.py:3834} INFO - Setting next_dagrun for example_external_task_marker_child to None, run_after=None
[2026-08-26T00:51:57.521+0000] {logging_mixin.py:188} INFO - [2026-08-26T00:51:57.521+0000] {dag.py:3834} INFO - Setting next_dagrun for example_external_task_marker_parent to None, run_after=None
[2026-08-26T00:51:57.544+0000] {processor.py:183} INFO - Processing /home/airflow/.local/lib/python3.8/site-packages/airflow/example_dags/example_external_task_marker_dag.py took 0.091 seconds
[2026-08-26T00:52:28.321+0000] {processor.py:161} INFO - Started process (PID=938) to work on /home/airflow/.local/lib/python3.8/site-packages/airflow/example_dags/example_external_task_marker_dag.py
[2026-08-26T00:52:28.322+0000] {processor.py:830} INFO - Processing file /home/airflow/.local/lib/python3.8/site-packages/airflow/example_dags/example_external_task_marker_dag.py for tasks to queue
[2026-08-26T00:52:28.326+0000] {logging_mixin.py:188} INFO - [2026-08-26T00:52:28.325+0000] {dagbag.py:540} INFO - Filling up the DagBag from /home/airflow/.local/lib/python3.8/site-packages/airflow/example_dags/example_external_task_marker_dag.py
[2026-08-26T00:52:28.332+0000] {processor.py:840} INFO - DAG(s) 'example_external_task_marker_child', 'example_external_task_marker_parent' retrieved from /home/airflow/.local/lib/python3.8/site-packages/airflow/example_dags/example_external_task_marker_dag.py
[2026-08-26T00:52:28.360+0000] {logging_mixin.py:188} INFO - [2026-08-26T00:52:28.360+0000] {dag.py:3047} INFO - Sync 2 DAGs
[2026-08-26T00:52:28.376+0000] {logging_mixin.py:188} INFO - [2026-08-26T00:52:28.376+0000] {dag.py:3834} INFO - Setting next_dagrun for example_external_task_marker_child to None, run_after=None
[2026-08-26T00:52:28.381+0000] {logging_mixin.py:188} INFO - [2026-08-26T00:52:28.380+0000] {dag.py:3834} INFO - Setting next_dagrun for example_external_task_marker_parent to None, run_after=None
[2026-08-26T00:52:28.401+0000] {processor.py:183} INFO - Processing /home/airflow/.local/lib/python3.8/site-packages/airflow/example_dags/example_external_task_marker_dag.py took 0.084 seconds
[2026-08-26T00:52:58.875+0000] {processor.py:161} INFO - Started process (PID=995) to work on /home/airflow/.local/lib/python3.8/site-packages/airflow/example_dags/example_external_task_marker_dag.py
[2026-08-26T00:52:58.877+0000] {processor.py:830} INFO - Processing file /home/airflow/.local/lib/python3.8/site-packages/airflow/example_dags/example_external_task_marker_dag.py for tasks to queue
[2026-08-26T00:52:58.880+0000] {logging_mixin.py:188} INFO - [2026-08-26T00:52:58.879+0000] {dagbag.py:540} INFO - Filling up the DagBag from /home/airflow/.local/lib/python3.8/site-packages/airflow/example_dags/example_external_task_marker_dag.py
[2026-08-26T00:52:58.888+0000] {processor.py:840} INFO - DAG(s) 'example_external_task_marker_child', 'example_external_task_marker_parent' retrieved from /home/airflow/.local/lib/python3.8/site-packages/airflow/example_dags/example_external_task_marker_dag.py
[2026-08-26T00:52:58.918+0000] {logging_mixin.py:188} INFO - [2026-08-26T00:52:58.918+0000] {dag.py:3047} INFO - Sync 2 DAGs
[2026-08-26T00:52:58.932+0000] {logging_mixin.py:188} INFO - [2026-08-26T00:52:58.932+0000] {dag.py:3834} INFO - Setting next_dagrun for example_external_task_marker_child to None, run_after=None
[2026-08-26T00:52:58.938+0000] {logging_mixin.py:188} INFO - [2026-08-26T00:52:58.938+0000] {dag.py:3834} INFO - Setting next_dagrun for example_external_task_marker_parent to None, run_after=None
[2026-08-26T00:52:58.959+0000] {processor.py:183} INFO - Processing /home/airflow/.local/lib/python3.8/site-packages/airflow/example_dags/example_external_task_marker_dag.py took 0.088 seconds
[2026-08-26T00:53:29.806+0000] {processor.py:161} INFO - Started process (PID=1052) to work on /home/airflow/.local/lib/python3.8/site-packages/airflow/example_dags/example_external_task_marker_dag.py
[2026-08-26T00:53:29.809+0000] {processor.py:830} INFO - Processing file /home/airflow/.local/lib/python3.8/site-packages/airflow/example_dags/example_external_task_marker_dag.py for tasks to queue
[2026-08-26T00:53:29.813+0000] {logging_mixin.py:188} INFO - [2026-08-26T00:53:29.812+0000] {dagbag.py:540} INFO - Filling up the DagBag from /home/airflow/.local/lib/python3.8/site-packages/airflow/example_dags/example_external_task_marker_dag.py
[2026-08-26T00:53:29.822+0000] {processor.py:840} INFO - DAG(s) 'example_external_task_marker_child', 'example_external_task_marker_parent' retrieved from /home/airflow/.local/lib/python3.8/site-packages/airflow/example_dags/example_external_task_marker_dag.py
[2026-08-26T00:53:29.852+0000] {logging_mixin.py:188} INFO - [2026-08-26T00:53:29.852+0000] {dag.py:3047} INFO - Sync 2 DAGs
[2026-08-26T00:53:29.866+0000] {logging_mixin.py:188} INFO - [2026-08-26T00:53:29.866+0000] {dag.py:3834} INFO - Setting next_dagrun for example_external_task_marker_child to None, run_after=None
[2026-08-26T00:53:29.870+0000] {logging_mixin.py:188} INFO - [2026-08-26T00:53:29.870+0000] {dag.py:3834} INFO - Setting next_dagrun for example_external_task_marker_parent to None, run_after=None
[2026-08-26T00:53:29.888+0000] {processor.py:183} INFO - Processing /home/airflow/.local/lib/python3.8/site-packages/airflow/example_dags/example_external_task_marker_dag.py took 0.091 seconds
[2026-08-26T00:54:00.255+0000] {processor.py:161} INFO - Started process (PID=1109) to work on /home/airflow/.local/lib/python3.8/site-packages/airflow/example_dags/example_external_task_marker_dag.py
[2026-08-26T00:54:00.257+0000] {processor.py:830} INFO - Processing file /home/airflow/.local/lib/python3.8/site-packages/airflow/example_dags/example_external_task_marker_dag.py for tasks to queue
[2026-08-26T00:54:00.260+0000] {logging_mixin.py:188} INFO - [2026-08-26T00:54:00.259+0000] {dagbag.py:540} INFO - Filling up the DagBag from /home/airflow/.local/lib/python3.8/site-packages/airflow/example_dags/example_external_task_marker_dag.py
[2026-08-26T00:54:00.268+0000] {processor.py:840} INFO - DAG(s) 'example_external_task_marker_child', 'example_external_task_marker_parent' retrieved from /home/airflow/.local/lib/python3.8/site-packages/airflow/example_dags/example_external_task_marker_dag.py
[2026-08-26T00:54:00.296+0000] {logging_mixin.py:188} INFO - [2026-08-26T00:54:00.296+0000] {dag.py:3047} INFO - Sync 2 DAGs
[2026-08-26T00:54:00.311+0000] {logging_mixin.py:188} INFO - [2026-08-26T00:54:00.311+0000] {dag.py:3834} INFO - Setting next_dagrun for example_external_task_marker_child to None, run_after=None
[2026-08-26T00:54:00.317+0000] {logging_mixin.py:188} INFO - [2026-08-26T00:54:00.316+0000] {dag.py:3834} INFO - Setting next_dagrun for example_external_task_marker_parent to None, run_after=None
[2026-08-26T00:54:00.337+0000] {processor.py:183} INFO - Processing /home/airflow/.local/lib/python3.8/site-packages/airflow/example_dags/example_external_task_marker_dag.py took 0.086 seconds
[2026-08-26T00:54:30.527+0000] {processor.py:161} INFO - Started process (PID=1166) to work on /home/airflow/.local/lib/python3.8/site-packages/airflow/example_dags/example_external_task_marker_dag.py
[2026-08-26T00:54:30.529+0000] {processor.py:830} INFO - Processing file /home/airflow/.local/lib/python3.8/site-packages/airflow/example_dags/example_external_task_marker_dag.py for tasks to queue
[2026-08-26T00:54:30.532+0000] {logging_mixin.py:188} INFO - [2026-08-26T00:54:30.532+0000] {dagbag.py:540} INFO - Filling up the DagBag from /home/airflow/.local/lib/python3.8/site-packages/airflow/example_dags/example_external_task_marker_dag.py
[2026-08-26T00:54:30.540+0000] {processor.py:840} INFO - DAG(s) 'example_external_task_marker_child', 'example_external_task_marker_parent' retrieved from /home/airflow/.local/lib/python3.8/site-packages/airflow/example_dags/example_external_task_marker_dag.py
[2026-08-26T00:54:30.570+0000] {logging_mixin.py:188} INFO - [2026-08-26T00:54:30.570+0000] {dag.py:3047} INFO - Sync 2 DAGs
[2026-08-26T00:54:30.584+0000] {logging_mixin.py:188} INFO - [2026-08-26T00:54:30.584+0000] {dag.py:3834} INFO - Setting next_dagrun for example_external_task_marker_child to None, run_after=None
[2026-08-26T00:54:30.589+0000] {logging_mixin.py:188} INFO - [2026-08-26T00:54:30.589+0000] {dag.py:3834} INFO - Setting next_dagrun for example_external_task_marker_parent to None, run_after=None
[2026-08-26T00:54:30.612+0000] {processor.py:183} INFO - Processing /home/airflow/.local/lib/python3.8/site-packages/airflow/example_dags/example_external_task_marker_dag.py took 0.090 seconds
[2026-08-26T00:55:01.232+0000] {processor.py:161} INFO - Started process (PID=1223) to work on /home/airflow/.local/lib/python3.8/site-packages/airflow/example_dags/example_external_task_marker_dag.py
[2026-08-26T00:55:01.234+0000] {processor.py:830} INFO - Processing file /home/airflow/.local/lib/python3.8/site-packages/airflow/example_dags/example_external_task_marker_dag.py for tasks to queue
[2026-08-26T00:55:01.238+0000] {logging_mixin.py:188} INFO - [2026-08-26T00:55:01.237+0000] {dagbag.py:540} INFO - Filling up the DagBag from /home/airflow/.local/lib/python3.8/site-packages/airflow/example_dags/example_external_task_marker_dag.py
[2026-08-26T00:55:01.247+0000] {processor.py:840} INFO - DAG(s) 'example_external_task_marker_parent', 'example_external_task_marker_child' retrieved from /home/airflow/.local/lib/python3.8/site-packages/airflow/example_dags/example_external_task_marker_dag.py
[2026-08-26T00:55:01.278+0000] {logging_mixin.py:188} INFO - [2026-08-26T00:55:01.278+0000] {dag.py:3047} INFO - Sync 2 DAGs
[2026-08-26T00:55:01.294+0000] {logging_mixin.py:188} INFO - [2026-08-26T00:55:01.293+0000] {dag.py:3834} INFO - Setting next_dagrun for example_external_task_marker_child to None, run_after=None
[2026-08-26T00:55:01.298+0000] {logging_mixin.py:188} INFO - [2026-08-26T00:55:01.298+0000] {dag.py:3834} INFO - Setting next_dagrun for example_external_task_marker_parent to None, run_after=None
[2026-08-26T00:55:01.318+0000] {processor.py:183} INFO - Processing /home/airflow/.local/lib/python3.8/site-packages/airflow/example_dags/example_external_task_marker_dag.py took 0.092 seconds
[2026-08-26T00:55:31.436+0000] {processor.py:161} INFO - Started process (PID=1280) to work on /home/airflow/.local/lib/python3.8/site-packages/airflow/example_dags/example_external_task_marker_dag.py
[2026-08-26T00:55:31.438+0000] {processor.py:830} INFO - Processing file /home/airflow/.local/lib/python3.8/site-packages/airflow/example_dags/example_external_task_marker_dag.py for tasks to queue
[2026-08-26T00:55:31.441+0000] {logging_mixin.py:188} INFO - [2026-08-26T00:55:31.441+0000] {dagbag.py:540} INFO - Filling up the DagBag from /home/airflow/.local/lib/python3.8/site-packages/airflow/example_dags/example_external_task_marker_dag.py
[2026-08-26T00:55:31.450+0000] {processor.py:840} INFO - DAG(s) 'example_external_task_marker_parent', 'example_external_task_marker_child' retrieved from /home/airflow/.local/lib/python3.8/site-packages/airflow/example_dags/example_external_task_marker_dag.py
[2026-08-26T00:55:31.482+0000] {logging_mixin.py:188} INFO - [2026-08-26T00:55:31.482+0000] {dag.py:3047} INFO - Sync 2 DAGs
[2026-08-26T00:55:31.497+0000] {logging_mixin.py:188} INFO - [2026-08-26T00:55:31.497+0000] {dag.py:3834} INFO - Setting next_dagrun for example_external_task_marker_child to None, run_after=None
[2026-08-26T00:55:31.503+0000] {logging_mixin.py:188} INFO - [2026-08-26T00:55:31.503+0000] {dag.py:3834} INFO - Setting next_dagrun for example_external_task_marker_parent to None, run_after=None
[2026-08-26T00:55:31.524+0000] {processor.py:183} INFO - Processing /home/airflow/.local/lib/python3.8/site-packages/airflow/example_dags/example_external_task_marker_dag.py took 0.093 seconds
[2026-08-26T00:56:01.662+0000] {processor.py:161} INFO - Started process (PID=1337) to work on /home/airflow/.local/lib/python3.8/site-packages/airflow/example_dags/example_external_task_marker_dag.py
[2026-08-26T00:56:01.664+0000] {processor.py:830} INFO - Processing file /home/airflow/.local/lib/python3.8/site-packages/airflow/example_dags/example_external_task_marker_dag.py for tasks to queue
[2026-08-26T00:56:01.668+0000] {logging_mixin.py:188} INFO - [2026-08-26T00:56:01.667+0000] {dagbag.py:540} INFO - Filling up the DagBag from /home/airflow/.local/lib/python3.8/site-packages/airflow/example_dags/example_external_task_marker_dag.py
[2026-08-26T00:56:01.679+0000] {processor.py:840} INFO - DAG(s) 'example_external_task_marker_child', 'example_external_task_marker_parent' retrieved from /home/airflow/.local/lib/python3.8/site-packages/airflow/example_dags/example_external_task_marker_dag.py
[2026-08-26T00:56:01.709+0000] {logging_mixin.py:188} INFO - [2026-08-26T00:56:01.709+0000] {dag.py:3047} INFO - Sync 2 DAGs
[2026-08-26T00:56:01.722+0000] {logging_mixin.py:188} INFO - [2026-08-26T00:56:01.722+0000] {dag.py:3834} INFO - Setting next_dagrun for example_external_task_marker_child to None, run_after=None
[2026-08-26T00:56:01.727+0000] {logging_mixin.py:188} INFO - [2026-08-26T00:56:01.727+0000] {dag.py:3834} INFO - Setting next_dagrun for example_external_task_marker_parent to None, run_after=None
[2026-08-26T00:56:01.747+0000] {processor.py:183} INFO - Processing /home/airflow/.local/lib/python3.8/site-packages/airflow/example_dags/example_external_task_marker_dag.py took 0.092 seconds
[2026-08-26T00:56:32.339+0000] {processor.py:161} INFO - Started process (PID=1394) to work on /home/airflow/.local/lib/python3.8/site-packages/airflow/example_dags/example_external_task_marker_dag.py
[2026-08-26T00:56:32.341+0000] {processor.py:830} INFO - Processing file /home/airflow/.local/lib/python3.8/site-packages/airflow/example_dags/example_external_task_marker_dag.py for tasks to queue
[2026-08-26T00:56:32.345+0000] {logging_mixin.py:188} INFO - [2026-08-26T00:56:32.344+0000] {dagbag.py:540} INFO - Filling up the DagBag from /home/airflow/.local/lib/python3.8/site-packages/airflow/example_dags/example_external_task_marker_dag.py
[2026-08-26T00:56:32.360+0000] {processor.py:840} INFO - DAG(s) 'example_external_task_marker_child', 'example_external_task_marker_parent' retrieved from /home/airflow/.local/lib/python3.8/site-packages/airflow/example_dags/example_external_task_marker_dag.py
[2026-08-26T00:56:32.415+0000] {logging_mixin.py:188} INFO - [2026-08-26T00:56:32.415+0000] {dag.py:3047} INFO - Sync 2 DAGs
[2026-08-26T00:56:32.438+0000] {logging_mixin.py:188} INFO - [2026-08-26T00:56:32.438+0000] {dag.py:3834} INFO - Setting next_dagrun for example_external_task_marker_child to None, run_after=None
[2026-08-26T00:56:32.444+0000] {logging_mixin.py:188} INFO - [2026-08-26T00:56:32.444+0000] {dag.py:3834} INFO - Setting next_dagrun for example_external_task_marker_parent to None, run_after=None
[2026-08-26T00:56:32.470+0000] {processor.py:183} INFO - Processing /home/airflow/.local/lib/python3.8/site-packages/airflow/example_dags/example_external_task_marker_dag.py took 0.137 seconds
[2026-08-26T00:57:02.952+0000] {processor.py:161} INFO - Started process (PID=1451) to work on /home/airflow/.local/lib/python3.8/site-packages/airflow/example_dags/example_external_task_marker_dag.py
[2026-08-26T00:57:02.954+0000] {processor.py:830} INFO - Processing file /home/airflow/.local/lib/python3.8/site-packages/airflow/example_dags/example_external_task_marker_dag.py for tasks to queue
[2026-08-26T00:57:02.957+0000] {logging_mixin.py:188} INFO - [2026-08-26T00:57:02.957+0000] {dagbag.py:540} INFO - Filling up the DagBag from /home/airflow/.local/lib/python3.8/site-packages/airflow/example_dags/example_external_task_marker_dag.py
[2026-08-26T00:57:02.970+0000] {processor.py:840} INFO - DAG(s) 'example_external_task_marker_child', 'example_external_task_marker_parent' retrieved from /home/airflow/.local/lib/python3.8/site-packages/airflow/example_dags/example_external_task_marker_dag.py
[2026-08-26T00:57:03.004+0000] {logging_mixin.py:188} INFO - [2026-08-26T00:57:03.003+0000] {dag.py:3047} INFO - Sync 2 DAGs
[2026-08-26T00:57:03.023+0000] {logging_mixin.py:188} INFO - [2026-08-26T00:57:03.023+0000] {dag.py:3834} INFO - Setting next_dagrun for example_external_task_marker_child to None, run_after=None
[2026-08-26T00:57:03.028+0000] {logging_mixin.py:188} INFO - [2026-08-26T00:57:03.028+0000] {dag.py:3834} INFO - Setting next_dagrun for example_external_task_marker_parent to None, run_after=None
[2026-08-26T00:57:03.053+0000] {processor.py:183} INFO - Processing /home/airflow/.local/lib/python3.8/site-packages/airflow/example_dags/example_external_task_marker_dag.py took 0.109 seconds
[2026-08-26T00:57:33.155+0000] {processor.py:161} INFO - Started process (PID=1508) to work on /home/airflow/.local/lib/python3.8/site-packages/airflow/example_dags/example_external_task_marker_dag.py
[2026-08-26T00:57:33.158+0000] {processor.py:830} INFO - Processing file /home/airflow/.local/lib/python3.8/site-packages/airflow/example_dags/example_external_task_marker_dag.py for tasks to queue
[2026-08-26T00:57:33.161+0000] {logging_mixin.py:188} INFO - [2026-08-26T00:57:33.161+0000] {dagbag.py:540} INFO - Filling up the DagBag from /home/airflow/.local/lib/python3.8/site-packages/airflow/example_dags/example_external_task_marker_dag.py
[2026-08-26T00:57:33.171+0000] {processor.py:840} INFO - DAG(s) 'example_external_task_marker_child', 'example_external_task_marker_parent' retrieved from /home/airflow/.local/lib/python3.8/site-packages/airflow/example_dags/example_external_task_marker_dag.py
[2026-08-26T00:57:33.201+0000] {logging_mixin.py:188} INFO - [2026-08-26T00:57:33.200+0000] {dag.py:3047} INFO - Sync 2 DAGs
[2026-08-26T00:57:33.217+0000] {logging_mixin.py:188} INFO - [2026-08-26T00:57:33.216+0000] {dag.py:3834} INFO - Setting next_dagrun for example_external_task_marker_child to None, run_after=None
[2026-08-26T00:57:33.221+0000] {logging_mixin.py:188} INFO - [2026-08-26T00:57:33.221+0000] {dag.py:3834} INFO - Setting next_dagrun for example_external_task_marker_parent to None, run_after=None
[2026-08-26T00:57:33.245+0000] {processor.py:183} INFO - Processing /home/airflow/.local/lib/python3.8/site-packages/airflow/example_dags/example_external_task_marker_dag.py took 0.095 seconds
[2026-08-26T00:58:03.626+0000] {processor.py:161} INFO - Started process (PID=1565) to work on /home/airflow/.local/lib/python3.8/site-packages/airflow/example_dags/example_external_task_marker_dag.py
[2026-08-26T00:58:03.629+0000] {processor.py:830} INFO - Processing file /home/airflow/.local/lib/python3.8/site-packages/airflow/example_dags/example_external_task_marker_dag.py for tasks to queue
[2026-08-26T00:58:03.633+0000] {logging_mixin.py:188} INFO - [2026-08-26T00:58:03.632+0000] {dagbag.py:540} INFO - Filling up the DagBag from /home/airflow/.local/lib/python3.8/site-packages/airflow/example_dags/example_external_task_marker_dag.py
[2026-08-26T00:58:03.641+0000] {processor.py:840} INFO - DAG(s) 'example_external_task_marker_parent', 'example_external_task_marker_child' retrieved from /home/airflow/.local/lib/python3.8/site-packages/airflow/example_dags/example_external_task_marker_dag.py
[2026-08-26T00:58:03.680+0000] {logging_mixin.py:188} INFO - [2026-08-26T00:58:03.680+0000] {dag.py:3047} INFO - Sync 2 DAGs
[2026-08-26T00:58:03.698+0000] {logging_mixin.py:188} INFO - [2026-08-26T00:58:03.698+0000] {dag.py:3834} INFO - Setting next_dagrun for example_external_task_marker_child to None, run_after=None
[2026-08-26T00:58:03.703+0000] {logging_mixin.py:188} INFO - [2026-08-26T00:58:03.702+0000] {dag.py:3834} INFO - Setting next_dagrun for example_external_task_marker_parent to None, run_after=None
[2026-08-26T00:58:03.729+0000] {processor.py:183} INFO - Processing /home/airflow/.local/lib/python3.8/site-packages/airflow/example_dags/example_external_task_marker_dag.py took 0.109 seconds
[2026-08-26T00:58:33.972+0000] {processor.py:161} INFO - Started process (PID=1622) to work on /home/airflow/.local/lib/python3.8/site-packages/airflow/example_dags/example_external_task_marker_dag.py
[2026-08-26T00:58:33.975+0000] {processor.py:830} INFO - Processing file /home/airflow/.local/lib/python3.8/site-packages/airflow/example_dags/example_external_task_marker_dag.py for tasks to queue
[2026-08-26T00:58:33.978+0000] {logging_mixin.py:188} INFO - [2026-08-26T00:58:33.977+0000] {dagbag.py:540} INFO - Filling up the DagBag from /home/airflow/.local/lib/python3.8/site-packages/airflow/example_dags/example_external_task_marker_dag.py
[2026-08-26T00:58:33.986+0000] {processor.py:840} INFO - DAG(s) 'example_external_task_marker_parent', 'example_external_task_marker_child' retrieved from /home/airflow/.local/lib/python3.8/site-packages/airflow/example_dags/example_external_task_marker_dag.py
[2026-08-26T00:58:34.019+0000] {logging_mixin.py:188} INFO - [2026-08-26T00:58:34.019+0000] {dag.py:3047} INFO - Sync 2 DAGs
[2026-08-26T00:58:34.035+0000] {logging_mixin.py:188} INFO - [2026-08-26T00:58:34.035+0000] {dag.py:3834} INFO - Setting next_dagrun for example_external_task_marker_child to None, run_after=None
[2026-08-26T00:58:34.041+0000] {logging_mixin.py:188} INFO - [2026-08-26T00:58:34.040+0000] {dag.py:3834} INFO - Setting next_dagrun for example_external_task_marker_parent to None, run_after=None
[2026-08-26T00:58:34.063+0000] {processor.py:183} INFO - Processing /home/airflow/.local/lib/python3.8/site-packages/airflow/example_dags/example_external_task_marker_dag.py took 0.099 seconds
[2026-08-26T00:59:04.282+0000] {processor.py:161} INFO - Started process (PID=1679) to work on /home/airflow/.local/lib/python3.8/site-packages/airflow/example_dags/example_external_task_marker_dag.py
[2026-08-26T00:59:04.284+0000] {processor.py:830} INFO - Processing file /home/airflow/.local/lib/python3.8/site-packages/airflow/example_dags/example_external_task_marker_dag.py for tasks to queue
[2026-08-26T00:59:04.290+0000] {logging_mixin.py:188} INFO - [2026-08-26T00:59:04.289+0000] {dagbag.py:540} INFO - Filling up the DagBag from /home/airflow/.local/lib/python3.8/site-packages/airflow/example_dags/example_external_task_marker_dag.py
[2026-08-26T00:59:04.300+0000] {processor.py:840} INFO - DAG(s) 'example_external_task_marker_child', 'example_external_task_marker_parent' retrieved from /home/airflow/.local/lib/python3.8/site-packages/airflow/example_dags/example_external_task_marker_dag.py
[2026-08-26T00:59:04.339+0000] {logging_mixin.py:188} INFO - [2026-08-26T00:59:04.338+0000] {dag.py:3047} INFO - Sync 2 DAGs
[2026-08-26T00:59:04.360+0000] {logging_mixin.py:188} INFO - [2026-08-26T00:59:04.360+0000] {dag.py:3834} INFO - Setting next_dagrun for example_external_task_marker_child to None, run_after=None
[2026-08-26T00:59:04.365+0000] {logging_mixin.py:188} INFO - [2026-08-26T00:59:04.365+0000] {dag.py:3834} INFO - Setting next_dagrun for example_external_task_marker_parent to None, run_after=None
[2026-08-26T00:59:04.390+0000] {processor.py:183} INFO - Processing /home/airflow/.local/lib/python3.8/site-packages/airflow/example_dags/example_external_task_marker_dag.py took 0.116 seconds
[2026-08-26T00:59:34.911+0000] {processor.py:161} INFO - Started process (PID=1736) to work on /home/airflow/.local/lib/python3.8/site-packages/airflow/example_dags/example_external_task_marker_dag.py
[2026-08-26T00:59:34.913+0000] {processor.py:830} INFO - Processing file /home/airflow/.local/lib/python3.8/site-packages/airflow/example_dags/example_external_task_marker_dag.py for tasks to queue
[2026-08-26T00:59:34.916+0000] {logging_mixin.py:188} INFO - [2026-08-26T00:59:34.915+0000] {dagbag.py:540} INFO - Filling up the DagBag from /home/airflow/.local/lib/python3.8/site-packages/airflow/example_dags/example_external_task_marker_dag.py
[2026-08-26T00:59:34.927+0000] {processor.py:840} INFO - DAG(s) 'example_external_task_marker_child', 'example_external_task_marker_parent' retrieved from /home/airflow/.local/lib/python3.8/site-packages/airflow/example_dags/example_external_task_marker_dag.py
[2026-08-26T00:59:34.960+0000] {logging_mixin.py:188} INFO - [2026-08-26T00:59:34.960+0000] {dag.py:3047} INFO - Sync 2 DAGs
[2026-08-26T00:59:34.975+0000] {logging_mixin.py:188} INFO - [2026-08-26T00:59:34.975+0000] {dag.py:3834} INFO - Setting next_dagrun for example_external_task_marker_child to None, run_after=None
[2026-08-26T00:59:34.980+0000] {logging_mixin.py:188} INFO - [2026-08-26T00:59:34.980+0000] {dag.py:3834} INFO - Setting next_dagrun for example_external_task_marker_parent to None, run_after=None
[2026-08-26T00:59:35.002+0000] {processor.py:183} INFO - Processing /home/airflow/.local/lib/python3.8/site-packages/airflow/example_dags/example_external_task_marker_dag.py took 0.095 seconds
[2026-08-26T01:00:05.081+0000] {processor.py:161} INFO - Started process (PID=1793) to work on /home/airflow/.local/lib/python3.8/site-packages/airflow/example_dags/example_external_task_marker_dag.py
[2026-08-26T01:00:05.083+0000] {processor.py:830} INFO - Processing file /home/airflow/.local/lib/python3.8/site-packages/airflow/example_dags/example_external_task_marker_dag.py for tasks to queue
[2026-08-26T01:00:05.089+0000] {logging_mixin.py:188} INFO - [2026-08-26T01:00:05.088+0000] {dagbag.py:540} INFO - Filling up the DagBag from /home/airflow/.local/lib/python3.8/site-packages/airflow/example_dags/example_external_task_marker_dag.py
[2026-08-26T01:00:05.104+0000] {processor.py:840} INFO - DAG(s) 'example_external_task_marker_parent', 'example_external_task_marker_child' retrieved from /home/airflow/.local/lib/python3.8/site-packages/airflow/example_dags/example_external_task_marker_dag.py
[2026-08-26T01:00:05.140+0000] {logging_mixin.py:188} INFO - [2026-08-26T01:00:05.140+0000] {dag.py:3047} INFO - Sync 2 DAGs
[2026-08-26T01:00:05.161+0000] {logging_mixin.py:188} INFO - [2026-08-26T01:00:05.160+0000] {dag.py:3834} INFO - Setting next_dagrun for example_external_task_marker_child to None, run_after=None
[2026-08-26T01:00:05.167+0000] {logging_mixin.py:188} INFO - [2026-08-26T01:00:05.167+0000] {dag.py:3834} INFO - Setting next_dagrun for example_external_task_marker_parent to None, run_after=None
[2026-08-26T01:00:05.193+0000] {processor.py:183} INFO - Processing /home/airflow/.local/lib/python3.8/site-packages/airflow/example_dags/example_external_task_marker_dag.py took 0.117 seconds
[2026-08-26T01:00:35.535+0000] {processor.py:161} INFO - Started process (PID=1850) to work on /home/airflow/.local/lib/python3.8/site-packages/airflow/example_dags/example_external_task_marker_dag.py
[2026-08-26T01:00:35.536+0000] {processor.py:830} INFO - Processing file /home/airflow/.local/lib/python3.8/site-packages/airflow/example_dags/example_external_task_marker_dag.py for tasks to queue
[2026-08-26T01:00:35.539+0000] {logging_mixin.py:188} INFO - [2026-08-26T01:00:35.539+0000] {dagbag.py:540} INFO - Filling up the DagBag from /home/airflow/.local/lib/python3.8/site-packages/airflow/example_dags/example_external_task_marker_dag.py
[2026-08-26T01:00:35.546+0000] {processor.py:840} INFO - DAG(s) 'example_external_task_marker_child', 'example_external_task_marker_parent' retrieved from /home/airflow/.local/lib/python3.8/site-packages/airflow/example_dags/example_external_task_marker_dag.py
[2026-08-26T01:00:35.577+0000] {logging_mixin.py:188} INFO - [2026-08-26T01:00:35.577+0000] {dag.py:3047} INFO - Sync 2 DAGs
[2026-08-26T01:00:35.592+0000] {logging_mixin.py:188} INFO - [2026-08-26T01:00:35.591+0000] {dag.py:3834} INFO - Setting next_dagrun for example_external_task_marker_child to None, run_after=None
[2026-08-26T01:00:35.597+0000] {logging_mixin.py:188} INFO - [2026-08-26T01:00:35.596+0000] {dag.py:3834} INFO - Setting next_dagrun for example_external_task_marker_parent to None, run_after=None
[2026-08-26T01:00:35.622+0000] {processor.py:183} INFO - Processing /home/airflow/.local/lib/python3.8/site-packages/airflow/example_dags/example_external_task_marker_dag.py took 0.090 seconds
[2026-08-26T01:01:05.706+0000] {processor.py:161} INFO - Started process (PID=1907) to work on /home/airflow/.local/lib/python3.8/site-packages/airflow/example_dags/example_external_task_marker_dag.py
[2026-08-26T01:01:05.708+0000] {processor.py:830} INFO - Processing file /home/airflow/.local/lib/python3.8/site-packages/airflow/example_dags/example_external_task_marker_dag.py for tasks to queue
[2026-08-26T01:01:05.711+0000] {logging_mixin.py:188} INFO - [2026-08-26T01:01:05.711+0000] {dagbag.py:540} INFO - Filling up the DagBag from /home/airflow/.local/lib/python3.8/site-packages/airflow/example_dags/example_external_task_marker_dag.py
[2026-08-26T01:01:05.719+0000] {processor.py:840} INFO - DAG(s) 'example_external_task_marker_parent', 'example_external_task_marker_child' retrieved from /home/airflow/.local/lib/python3.8/site-packages/airflow/example_dags/example_external_task_marker_dag.py
[2026-08-26T01:01:05.752+0000] {logging_mixin.py:188} INFO - [2026-08-26T01:01:05.752+0000] {dag.py:3047} INFO - Sync 2 DAGs
[2026-08-26T01:01:05.771+0000] {logging_mixin.py:188} INFO - [2026-08-26T01:01:05.771+0000] {dag.py:3834} INFO - Setting next_dagrun for example_external_task_marker_child to None, run_after=None
[2026-08-26T01:01:05.776+0000] {logging_mixin.py:188} INFO - [2026-08-26T01:01:05.776+0000] {dag.py:3834} INFO - Setting next_dagrun for example_external_task_marker_parent to None, run_after=None
[2026-08-26T01:01:05.801+0000] {processor.py:183} INFO - Processing /home/airflow/.local/lib/python3.8/site-packages/airflow/example_dags/example_external_task_marker_dag.py took 0.100 seconds
[2026-08-26T01:01:36.708+0000] {processor.py:161} INFO - Started process (PID=1964) to work on /home/airflow/.local/lib/python3.8/site-packages/airflow/example_dags/example_external_task_marker_dag.py
[2026-08-26T01:01:36.710+0000] {processor.py:830} INFO - Processing file /home/airflow/.local/lib/python3.8/site-packages/airflow/example_dags/example_external_task_marker_dag.py for tasks to queue
[2026-08-26T01:01:36.712+0000] {logging_mixin.py:188} INFO - [2026-08-26T01:01:36.712+0000] {dagbag.py:540} INFO - Filling up the DagBag from /home/airflow/.local/lib/python3.8/site-packages/airflow/example_dags/example_external_task_marker_dag.py
[2026-08-26T01:01:36.719+0000] {processor.py:840} INFO - DAG(s) 'example_external_task_marker_parent', 'example_external_task_marker_child' retrieved from /home/airflow/.local/lib/python3.8/site-packages/airflow/example_dags/example_external_task_marker_dag.py
[2026-08-26T01:01:36.749+0000] {logging_mixin.py:188} INFO - [2026-08-26T01:01:36.749+0000] {dag.py:3047} INFO - Sync 2 DAGs
[2026-08-26T01:01:36.763+0000] {logging_mixin.py:188} INFO - [2026-08-26T01:01:36.762+0000] {dag.py:3834} INFO - Setting next_dagrun for example_external_task_marker_child to None, run_after=None
[2026-08-26T01:01:36.767+0000] {logging_mixin.py:188} INFO - [2026-08-26T01:01:36.767+0000] {dag.py:3834} INFO - Setting next_dagrun for example_external_task_marker_parent to None, run_after=None
[2026-08-26T01:01:36.788+0000] {processor.py:183} INFO - Processing /home/airflow/.local/lib/python3.8/site-packages/airflow/example_dags/example_external_task_marker_dag.py took 0.085 seconds
[2026-08-26T01:02:07.133+0000] {processor.py:161} INFO - Started process (PID=2021) to work on /home/airflow/.local/lib/python3.8/site-packages/airflow/example_dags/example_external_task_marker_dag.py
[2026-08-26T01:02:07.134+0000] {processor.py:830} INFO - Processing file /home/airflow/.local/lib/python3.8/site-packages/airflow/example_dags/example_external_task_marker_dag.py for tasks to queue
[2026-08-26T01:02:07.137+0000] {logging_mixin.py:188} INFO - [2026-08-26T01:02:07.137+0000] {dagbag.py:540} INFO - Filling up the DagBag from /home/airflow/.local/lib/python3.8/site-packages/airflow/example_dags/example_external_task_marker_dag.py
[2026-08-26T01:02:07.146+0000] {processor.py:840} INFO - DAG(s) 'example_external_task_marker_child', 'example_external_task_marker_parent' retrieved from /home/airflow/.local/lib/python3.8/site-packages/airflow/example_dags/example_external_task_marker_dag.py
[2026-08-26T01:02:07.178+0000] {logging_mixin.py:188} INFO - [2026-08-26T01:02:07.177+0000] {dag.py:3047} INFO - Sync 2 DAGs
[2026-08-26T01:02:07.193+0000] {logging_mixin.py:188} INFO - [2026-08-26T01:02:07.193+0000] {dag.py:3834} INFO - Setting next_dagrun for example_external_task_marker_child to None, run_after=None
[2026-08-26T01:02:07.198+0000] {logging_mixin.py:188} INFO - [2026-08-26T01:02:07.197+0000] {dag.py:3834} INFO - Setting next_dagrun for example_external_task_marker_parent to None, run_after=None
[2026-08-26T01:02:07.219+0000] {processor.py:183} INFO - Processing /home/airflow/.local/lib/python3.8/site-packages/airflow/example_dags/example_external_task_marker_dag.py took 0.090 seconds
[2026-08-26T01:02:37.828+0000] {processor.py:161} INFO - Started process (PID=2078) to work on /home/airflow/.local/lib/python3.8/site-packages/airflow/example_dags/example_external_task_marker_dag.py
[2026-08-26T01:02:37.830+0000] {processor.py:830} INFO - Processing file /home/airflow/.local/lib/python3.8/site-packages/airflow/example_dags/example_external_task_marker_dag.py for tasks to queue
[2026-08-26T01:02:37.833+0000] {logging_mixin.py:188} INFO - [2026-08-26T01:02:37.832+0000] {dagbag.py:540} INFO - Filling up the DagBag from /home/airflow/.local/lib/python3.8/site-packages/airflow/example_dags/example_external_task_marker_dag.py
[2026-08-26T01:02:37.841+0000] {processor.py:840} INFO - DAG(s) 'example_external_task_marker_child', 'example_external_task_marker_parent' retrieved from /home/airflow/.local/lib/python3.8/site-packages/airflow/example_dags/example_external_task_marker_dag.py
[2026-08-26T01:02:37.870+0000] {logging_mixin.py:188} INFO - [2026-08-26T01:02:37.870+0000] {dag.py:3047} INFO - Sync 2 DAGs
[2026-08-26T01:02:37.886+0000] {logging_mixin.py:188} INFO - [2026-08-26T01:02:37.885+0000] {dag.py:3834} INFO - Setting next_dagrun for example_external_task_marker_child to None, run_after=None
[2026-08-26T01:02:37.891+0000] {logging_mixin.py:188} INFO - [2026-08-26T01:02:37.891+0000] {dag.py:3834} INFO - Setting next_dagrun for example_external_task_marker_parent to None, run_after=None
[2026-08-26T01:02:37.915+0000] {processor.py:183} INFO - Processing /home/airflow/.local/lib/python3.8/site-packages/airflow/example_dags/example_external_task_marker_dag.py took 0.091 seconds
[2026-08-26T01:03:08.533+0000] {processor.py:161} INFO - Started process (PID=2135) to work on /home/airflow/.local/lib/python3.8/site-packages/airflow/example_dags/example_external_task_marker_dag.py
[2026-08-26T01:03:08.535+0000] {processor.py:830} INFO - Processing file /home/airflow/.local/lib/python3.8/site-packages/airflow/example_dags/example_external_task_marker_dag.py for tasks to queue
[2026-08-26T01:03:08.537+0000] {logging_mixin.py:188} INFO - [2026-08-26T01:03:08.537+0000] {dagbag.py:540} INFO - Filling up the DagBag from /home/airflow/.local/lib/python3.8/site-packages/airflow/example_dags/example_external_task_marker_dag.py
[2026-08-26T01:03:08.545+0000] {processor.py:840} INFO - DAG(s) 'example_external_task_marker_parent', 'example_external_task_marker_child' retrieved from /home/airflow/.local/lib/python3.8/site-packages/airflow/example_dags/example_external_task_marker_dag.py
[2026-08-26T01:03:08.576+0000] {logging_mixin.py:188} INFO - [2026-08-26T01:03:08.576+0000] {dag.py:3047} INFO - Sync 2 DAGs
[2026-08-26T01:03:08.592+0000] {logging_mixin.py:188} INFO - [2026-08-26T01:03:08.592+0000] {dag.py:3834} INFO - Setting next_dagrun for example_external_task_marker_child to None, run_after=None
[2026-08-26T01:03:08.597+0000] {logging_mixin.py:188} INFO - [2026-08-26T01:03:08.596+0000] {dag.py:3834} INFO - Setting next_dagrun for example_external_task_marker_parent to None, run_after=None
[2026-08-26T01:03:08.619+0000] {processor.py:183} INFO - Processing /home/airflow/.local/lib/python3.8/site-packages/airflow/example_dags/example_external_task_marker_dag.py took 0.090 seconds
[2026-08-26T01:03:38.782+0000] {processor.py:161} INFO - Started process (PID=2192) to work on /home/airflow/.local/lib/python3.8/site-packages/airflow/example_dags/example_external_task_marker_dag.py
[2026-08-26T01:03:38.784+0000] {processor.py:830} INFO - Processing file /home/airflow/.local/lib/python3.8/site-packages/airflow/example_dags/example_external_task_marker_dag.py for tasks to queue
[2026-08-26T01:03:38.787+0000] {logging_mixin.py:188} INFO - [2026-08-26T01:03:38.787+0000] {dagbag.py:540} INFO - Filling up the DagBag from /home/airflow/.local/lib/python3.8/site-packages/airflow/example_dags/example_external_task_marker_dag.py
[2026-08-26T01:03:38.795+0000] {processor.py:840} INFO - DAG(s) 'example_external_task_marker_child', 'example_external_task_marker_parent' retrieved from /home/airflow/.local/lib/python3.8/site-packages/airflow/example_dags/example_external_task_marker_dag.py
[2026-08-26T01:03:38.824+0000] {logging_mixin.py:188} INFO - [2026-08-26T01:03:38.823+0000] {dag.py:3047} INFO - Sync 2 DAGs
[2026-08-26T01:03:38.840+0000] {logging_mixin.py:188} INFO - [2026-08-26T01:03:38.840+0000] {dag.py:3834} INFO - Setting next_dagrun for example_external_task_marker_child to None, run_after=None
[2026-08-26T01:03:38.845+0000] {logging_mixin.py:188} INFO - [2026-08-26T01:03:38.844+0000] {dag.py:3834} INFO - Setting next_dagrun for example_external_task_marker_parent to None, run_after=None
[2026-08-26T01:03:38.865+0000] {processor.py:183} INFO - Processing /home/airflow/.local/lib/python3.8/site-packages/airflow/example_dags/example_external_task_marker_dag.py took 0.087 seconds
[2026-08-26T01:04:09.198+0000] {processor.py:161} INFO - Started process (PID=2249) to work on /home/airflow/.local/lib/python3.8/site-packages/airflow/example_dags/example_external_task_marker_dag.py
[2026-08-26T01:04:09.199+0000] {processor.py:830} INFO - Processing file /home/airflow/.local/lib/python3.8/site-packages/airflow/example_dags/example_external_task_marker_dag.py for tasks to queue
[2026-08-26T01:04:09.202+0000] {logging_mixin.py:188} INFO - [2026-08-26T01:04:09.201+0000] {dagbag.py:540} INFO - Filling up the DagBag from /home/airflow/.local/lib/python3.8/site-packages/airflow/example_dags/example_external_task_marker_dag.py
[2026-08-26T01:04:09.209+0000] {processor.py:840} INFO - DAG(s) 'example_external_task_marker_parent', 'example_external_task_marker_child' retrieved from /home/airflow/.local/lib/python3.8/site-packages/airflow/example_dags/example_external_task_marker_dag.py
[2026-08-26T01:04:09.237+0000] {logging_mixin.py:188} INFO - [2026-08-26T01:04:09.237+0000] {dag.py:3047} INFO - Sync 2 DAGs
[2026-08-26T01:04:09.257+0000] {logging_mixin.py:188} INFO - [2026-08-26T01:04:09.257+0000] {dag.py:3834} INFO - Setting next_dagrun for example_external_task_marker_child to None, run_after=None
[2026-08-26T01:04:09.264+0000] {logging_mixin.py:188} INFO - [2026-08-26T01:04:09.264+0000] {dag.py:3834} INFO - Setting next_dagrun for example_external_task_marker_parent to None, run_after=None
[2026-08-26T01:04:09.288+0000] {processor.py:183} INFO - Processing /home/airflow/.local/lib/python3.8/site-packages/airflow/example_dags/example_external_task_marker_dag.py took 0.093 seconds
[2026-08-26T01:04:39.664+0000] {processor.py:161} INFO - Started process (PID=2306) to work on /home/airflow/.local/lib/python3.8/site-packages/airflow/example_dags/example_external_task_marker_dag.py
[2026-08-26T01:04:39.666+0000] {processor.py:830} INFO - Processing file /home/airflow/.local/lib/python3.8/site-packages/airflow/example_dags/example_external_task_marker_dag.py for tasks to queue
[2026-08-26T01:04:39.670+0000] {logging_mixin.py:188} INFO - [2026-08-26T01:04:39.669+0000] {dagbag.py:540} INFO - Filling up the DagBag from /home/airflow/.local/lib/python3.8/site-packages/airflow/example_dags/example_external_task_marker_dag.py
[2026-08-26T01:04:39.680+0000] {processor.py:840} INFO - DAG(s) 'example_external_task_marker_parent', 'example_external_task_marker_child' retrieved from /home/airflow/.local/lib/python3.8/site-packages/airflow/example_dags/example_external_task_marker_dag.py
[2026-08-26T01:04:39.719+0000] {logging_mixin.py:188} INFO - [2026-08-26T01:04:39.719+0000] {dag.py:3047} INFO - Sync 2 DAGs
[2026-08-26T01:04:39.738+0000] {logging_mixin.py:188} INFO - [2026-08-26T01:04:39.737+0000] {dag.py:3834} INFO - Setting next_dagrun for example_external_task_marker_child to None, run_after=None
[2026-08-26T01:04:39.744+0000] {logging_mixin.py:188} INFO - [2026-08-26T01:04:39.744+0000] {dag.py:3834} INFO - Setting next_dagrun for example_external_task_marker_parent to None, run_after=None
[2026-08-26T01:04:39.767+0000] {processor.py:183} INFO - Processing /home/airflow/.local/lib/python3.8/site-packages/airflow/example_dags/example_external_task_marker_dag.py took 0.108 seconds
[2026-08-26T17:48:07.239+0000] {processor.py:161} INFO - Started process (PID=90) to work on /home/airflow/.local/lib/python3.8/site-packages/airflow/example_dags/example_external_task_marker_dag.py
[2026-08-26T17:48:07.243+0000] {processor.py:830} INFO - Processing file /home/airflow/.local/lib/python3.8/site-packages/airflow/example_dags/example_external_task_marker_dag.py for tasks to queue
[2026-08-26T17:48:07.247+0000] {logging_mixin.py:188} INFO - [2026-08-26T17:48:07.247+0000] {dagbag.py:540} INFO - Filling up the DagBag from /home/airflow/.local/lib/python3.8/site-packages/airflow/example_dags/example_external_task_marker_dag.py
[2026-08-26T17:48:07.263+0000] {processor.py:840} INFO - DAG(s) 'example_external_task_marker_parent', 'example_external_task_marker_child' retrieved from /home/airflow/.local/lib/python3.8/site-packages/airflow/example_dags/example_external_task_marker_dag.py
[2026-08-26T17:48:07.404+0000] {logging_mixin.py:188} INFO - [2026-08-26T17:48:07.404+0000] {dag.py:3047} INFO - Sync 2 DAGs
[2026-08-26T17:48:07.446+0000] {logging_mixin.py:188} INFO - [2026-08-26T17:48:07.445+0000] {dag.py:3834} INFO - Setting next_dagrun for example_external_task_marker_child to None, run_after=None
[2026-08-26T17:48:07.460+0000] {logging_mixin.py:188} INFO - [2026-08-26T17:48:07.460+0000] {dag.py:3834} INFO - Setting next_dagrun for example_external_task_marker_parent to None, run_after=None
[2026-08-26T17:48:07.513+0000] {processor.py:183} INFO - Processing /home/airflow/.local/lib/python3.8/site-packages/airflow/example_dags/example_external_task_marker_dag.py took 0.281 seconds
[2026-08-26T17:48:38.465+0000] {processor.py:161} INFO - Started process (PID=147) to work on /home/airflow/.local/lib/python3.8/site-packages/airflow/example_dags/example_external_task_marker_dag.py
[2026-08-26T17:48:38.467+0000] {processor.py:830} INFO - Processing file /home/airflow/.local/lib/python3.8/site-packages/airflow/example_dags/example_external_task_marker_dag.py for tasks to queue
[2026-08-26T17:48:38.471+0000] {logging_mixin.py:188} INFO - [2026-08-26T17:48:38.470+0000] {dagbag.py:540} INFO - Filling up the DagBag from /home/airflow/.local/lib/python3.8/site-packages/airflow/example_dags/example_external_task_marker_dag.py
[2026-08-26T17:48:38.486+0000] {processor.py:840} INFO - DAG(s) 'example_external_task_marker_parent', 'example_external_task_marker_child' retrieved from /home/airflow/.local/lib/python3.8/site-packages/airflow/example_dags/example_external_task_marker_dag.py
[2026-08-26T17:48:38.531+0000] {logging_mixin.py:188} INFO - [2026-08-26T17:48:38.531+0000] {dag.py:3047} INFO - Sync 2 DAGs
[2026-08-26T17:48:38.552+0000] {logging_mixin.py:188} INFO - [2026-08-26T17:48:38.552+0000] {dag.py:3834} INFO - Setting next_dagrun for example_external_task_marker_child to None, run_after=None
[2026-08-26T17:48:38.561+0000] {logging_mixin.py:188} INFO - [2026-08-26T17:48:38.560+0000] {dag.py:3834} INFO - Setting next_dagrun for example_external_task_marker_parent to None, run_after=None
[2026-08-26T17:48:38.583+0000] {processor.py:183} INFO - Processing /home/airflow/.local/lib/python3.8/site-packages/airflow/example_dags/example_external_task_marker_dag.py took 0.123 seconds
[2026-08-26T17:49:09.391+0000] {processor.py:161} INFO - Started process (PID=204) to work on /home/airflow/.local/lib/python3.8/site-packages/airflow/example_dags/example_external_task_marker_dag.py
[2026-08-26T17:49:09.394+0000] {processor.py:830} INFO - Processing file /home/airflow/.local/lib/python3.8/site-packages/airflow/example_dags/example_external_task_marker_dag.py for tasks to queue
[2026-08-26T17:49:09.397+0000] {logging_mixin.py:188} INFO - [2026-08-26T17:49:09.397+0000] {dagbag.py:540} INFO - Filling up the DagBag from /home/airflow/.local/lib/python3.8/site-packages/airflow/example_dags/example_external_task_marker_dag.py
[2026-08-26T17:49:09.411+0000] {processor.py:840} INFO - DAG(s) 'example_external_task_marker_child', 'example_external_task_marker_parent' retrieved from /home/airflow/.local/lib/python3.8/site-packages/airflow/example_dags/example_external_task_marker_dag.py
[2026-08-26T17:49:09.461+0000] {logging_mixin.py:188} INFO - [2026-08-26T17:49:09.461+0000] {dag.py:3047} INFO - Sync 2 DAGs
[2026-08-26T17:49:09.497+0000] {logging_mixin.py:188} INFO - [2026-08-26T17:49:09.497+0000] {dag.py:3834} INFO - Setting next_dagrun for example_external_task_marker_child to None, run_after=None
[2026-08-26T17:49:09.504+0000] {logging_mixin.py:188} INFO - [2026-08-26T17:49:09.503+0000] {dag.py:3834} INFO - Setting next_dagrun for example_external_task_marker_parent to None, run_after=None
[2026-08-26T17:49:09.548+0000] {processor.py:183} INFO - Processing /home/airflow/.local/lib/python3.8/site-packages/airflow/example_dags/example_external_task_marker_dag.py took 0.168 seconds
[2026-08-26T17:49:39.755+0000] {processor.py:161} INFO - Started process (PID=261) to work on /home/airflow/.local/lib/python3.8/site-packages/airflow/example_dags/example_external_task_marker_dag.py
[2026-08-26T17:49:39.756+0000] {processor.py:830} INFO - Processing file /home/airflow/.local/lib/python3.8/site-packages/airflow/example_dags/example_external_task_marker_dag.py for tasks to queue
[2026-08-26T17:49:39.759+0000] {logging_mixin.py:188} INFO - [2026-08-26T17:49:39.758+0000] {dagbag.py:540} INFO - Filling up the DagBag from /home/airflow/.local/lib/python3.8/site-packages/airflow/example_dags/example_external_task_marker_dag.py
[2026-08-26T17:49:39.766+0000] {processor.py:840} INFO - DAG(s) 'example_external_task_marker_parent', 'example_external_task_marker_child' retrieved from /home/airflow/.local/lib/python3.8/site-packages/airflow/example_dags/example_external_task_marker_dag.py
[2026-08-26T17:49:39.808+0000] {logging_mixin.py:188} INFO - [2026-08-26T17:49:39.807+0000] {dag.py:3047} INFO - Sync 2 DAGs
[2026-08-26T17:49:39.828+0000] {logging_mixin.py:188} INFO - [2026-08-26T17:49:39.827+0000] {dag.py:3834} INFO - Setting next_dagrun for example_external_task_marker_child to None, run_after=None
[2026-08-26T17:49:39.835+0000] {logging_mixin.py:188} INFO - [2026-08-26T17:49:39.834+0000] {dag.py:3834} INFO - Setting next_dagrun for example_external_task_marker_parent to None, run_after=None
[2026-08-26T17:49:39.865+0000] {processor.py:183} INFO - Processing /home/airflow/.local/lib/python3.8/site-packages/airflow/example_dags/example_external_task_marker_dag.py took 0.117 seconds
[2026-08-26T17:50:12.197+0000] {processor.py:161} INFO - Started process (PID=318) to work on /home/airflow/.local/lib/python3.8/site-packages/airflow/example_dags/example_external_task_marker_dag.py
[2026-08-26T17:50:12.201+0000] {processor.py:830} INFO - Processing file /home/airflow/.local/lib/python3.8/site-packages/airflow/example_dags/example_external_task_marker_dag.py for tasks to queue
[2026-08-26T17:50:12.210+0000] {logging_mixin.py:188} INFO - [2026-08-26T17:50:12.209+0000] {dagbag.py:540} INFO - Filling up the DagBag from /home/airflow/.local/lib/python3.8/site-packages/airflow/example_dags/example_external_task_marker_dag.py
[2026-08-26T17:50:12.240+0000] {processor.py:840} INFO - DAG(s) 'example_external_task_marker_child', 'example_external_task_marker_parent' retrieved from /home/airflow/.local/lib/python3.8/site-packages/airflow/example_dags/example_external_task_marker_dag.py
[2026-08-26T17:50:12.374+0000] {logging_mixin.py:188} INFO - [2026-08-26T17:50:12.374+0000] {dag.py:3047} INFO - Sync 2 DAGs
[2026-08-26T17:50:12.430+0000] {logging_mixin.py:188} INFO - [2026-08-26T17:50:12.429+0000] {dag.py:3834} INFO - Setting next_dagrun for example_external_task_marker_child to None, run_after=None
[2026-08-26T17:50:12.446+0000] {logging_mixin.py:188} INFO - [2026-08-26T17:50:12.446+0000] {dag.py:3834} INFO - Setting next_dagrun for example_external_task_marker_parent to None, run_after=None
[2026-08-26T17:50:12.560+0000] {processor.py:183} INFO - Processing /home/airflow/.local/lib/python3.8/site-packages/airflow/example_dags/example_external_task_marker_dag.py took 0.382 seconds
[2026-08-26T17:50:43.114+0000] {processor.py:161} INFO - Started process (PID=375) to work on /home/airflow/.local/lib/python3.8/site-packages/airflow/example_dags/example_external_task_marker_dag.py
[2026-08-26T17:50:43.117+0000] {processor.py:830} INFO - Processing file /home/airflow/.local/lib/python3.8/site-packages/airflow/example_dags/example_external_task_marker_dag.py for tasks to queue
[2026-08-26T17:50:43.123+0000] {logging_mixin.py:188} INFO - [2026-08-26T17:50:43.121+0000] {dagbag.py:540} INFO - Filling up the DagBag from /home/airflow/.local/lib/python3.8/site-packages/airflow/example_dags/example_external_task_marker_dag.py
[2026-08-26T17:50:43.136+0000] {processor.py:840} INFO - DAG(s) 'example_external_task_marker_parent', 'example_external_task_marker_child' retrieved from /home/airflow/.local/lib/python3.8/site-packages/airflow/example_dags/example_external_task_marker_dag.py
[2026-08-26T17:50:43.172+0000] {logging_mixin.py:188} INFO - [2026-08-26T17:50:43.172+0000] {dag.py:3047} INFO - Sync 2 DAGs
[2026-08-26T17:50:43.195+0000] {logging_mixin.py:188} INFO - [2026-08-26T17:50:43.195+0000] {dag.py:3834} INFO - Setting next_dagrun for example_external_task_marker_child to None, run_after=None
[2026-08-26T17:50:43.204+0000] {logging_mixin.py:188} INFO - [2026-08-26T17:50:43.204+0000] {dag.py:3834} INFO - Setting next_dagrun for example_external_task_marker_parent to None, run_after=None
[2026-08-26T17:50:43.227+0000] {processor.py:183} INFO - Processing /home/airflow/.local/lib/python3.8/site-packages/airflow/example_dags/example_external_task_marker_dag.py took 0.118 seconds
[2026-08-26T17:51:13.559+0000] {processor.py:161} INFO - Started process (PID=432) to work on /home/airflow/.local/lib/python3.8/site-packages/airflow/example_dags/example_external_task_marker_dag.py
[2026-08-26T17:51:13.563+0000] {processor.py:830} INFO - Processing file /home/airflow/.local/lib/python3.8/site-packages/airflow/example_dags/example_external_task_marker_dag.py for tasks to queue
[2026-08-26T17:51:13.568+0000] {logging_mixin.py:188} INFO - [2026-08-26T17:51:13.568+0000] {dagbag.py:540} INFO - Filling up the DagBag from /home/airflow/.local/lib/python3.8/site-packages/airflow/example_dags/example_external_task_marker_dag.py
[2026-08-26T17:51:13.583+0000] {processor.py:840} INFO - DAG(s) 'example_external_task_marker_parent', 'example_external_task_marker_child' retrieved from /home/airflow/.local/lib/python3.8/site-packages/airflow/example_dags/example_external_task_marker_dag.py
[2026-08-26T17:51:13.624+0000] {logging_mixin.py:188} INFO - [2026-08-26T17:51:13.624+0000] {dag.py:3047} INFO - Sync 2 DAGs
[2026-08-26T17:51:13.665+0000] {logging_mixin.py:188} INFO - [2026-08-26T17:51:13.664+0000] {dag.py:3834} INFO - Setting next_dagrun for example_external_task_marker_child to None, run_after=None
[2026-08-26T17:51:13.671+0000] {logging_mixin.py:188} INFO - [2026-08-26T17:51:13.670+0000] {dag.py:3834} INFO - Setting next_dagrun for example_external_task_marker_parent to None, run_after=None
[2026-08-26T17:51:13.708+0000] {processor.py:183} INFO - Processing /home/airflow/.local/lib/python3.8/site-packages/airflow/example_dags/example_external_task_marker_dag.py took 0.155 seconds
[2026-08-26T17:51:44.635+0000] {processor.py:161} INFO - Started process (PID=490) to work on /home/airflow/.local/lib/python3.8/site-packages/airflow/example_dags/example_external_task_marker_dag.py
[2026-08-26T17:51:44.637+0000] {processor.py:830} INFO - Processing file /home/airflow/.local/lib/python3.8/site-packages/airflow/example_dags/example_external_task_marker_dag.py for tasks to queue
[2026-08-26T17:51:44.639+0000] {logging_mixin.py:188} INFO - [2026-08-26T17:51:44.639+0000] {dagbag.py:540} INFO - Filling up the DagBag from /home/airflow/.local/lib/python3.8/site-packages/airflow/example_dags/example_external_task_marker_dag.py
[2026-08-26T17:51:44.655+0000] {processor.py:840} INFO - DAG(s) 'example_external_task_marker_parent', 'example_external_task_marker_child' retrieved from /home/airflow/.local/lib/python3.8/site-packages/airflow/example_dags/example_external_task_marker_dag.py
[2026-08-26T17:51:44.699+0000] {logging_mixin.py:188} INFO - [2026-08-26T17:51:44.699+0000] {dag.py:3047} INFO - Sync 2 DAGs
[2026-08-26T17:51:44.724+0000] {logging_mixin.py:188} INFO - [2026-08-26T17:51:44.723+0000] {dag.py:3834} INFO - Setting next_dagrun for example_external_task_marker_child to None, run_after=None
[2026-08-26T17:51:44.731+0000] {logging_mixin.py:188} INFO - [2026-08-26T17:51:44.731+0000] {dag.py:3834} INFO - Setting next_dagrun for example_external_task_marker_parent to None, run_after=None
[2026-08-26T17:51:44.755+0000] {processor.py:183} INFO - Processing /home/airflow/.local/lib/python3.8/site-packages/airflow/example_dags/example_external_task_marker_dag.py took 0.126 seconds
[2026-08-26T17:52:15.405+0000] {processor.py:161} INFO - Started process (PID=547) to work on /home/airflow/.local/lib/python3.8/site-packages/airflow/example_dags/example_external_task_marker_dag.py
[2026-08-26T17:52:15.409+0000] {processor.py:830} INFO - Processing file /home/airflow/.local/lib/python3.8/site-packages/airflow/example_dags/example_external_task_marker_dag.py for tasks to queue
[2026-08-26T17:52:15.412+0000] {logging_mixin.py:188} INFO - [2026-08-26T17:52:15.411+0000] {dagbag.py:540} INFO - Filling up the DagBag from /home/airflow/.local/lib/python3.8/site-packages/airflow/example_dags/example_external_task_marker_dag.py
[2026-08-26T17:52:15.419+0000] {processor.py:840} INFO - DAG(s) 'example_external_task_marker_child', 'example_external_task_marker_parent' retrieved from /home/airflow/.local/lib/python3.8/site-packages/airflow/example_dags/example_external_task_marker_dag.py
[2026-08-26T17:52:15.460+0000] {logging_mixin.py:188} INFO - [2026-08-26T17:52:15.460+0000] {dag.py:3047} INFO - Sync 2 DAGs
[2026-08-26T17:52:15.478+0000] {logging_mixin.py:188} INFO - [2026-08-26T17:52:15.478+0000] {dag.py:3834} INFO - Setting next_dagrun for example_external_task_marker_child to None, run_after=None
[2026-08-26T17:52:15.483+0000] {logging_mixin.py:188} INFO - [2026-08-26T17:52:15.483+0000] {dag.py:3834} INFO - Setting next_dagrun for example_external_task_marker_parent to None, run_after=None
[2026-08-26T17:52:15.516+0000] {processor.py:183} INFO - Processing /home/airflow/.local/lib/python3.8/site-packages/airflow/example_dags/example_external_task_marker_dag.py took 0.115 seconds
[2026-08-26T17:52:45.601+0000] {processor.py:161} INFO - Started process (PID=602) to work on /home/airflow/.local/lib/python3.8/site-packages/airflow/example_dags/example_external_task_marker_dag.py
[2026-08-26T17:52:45.604+0000] {processor.py:830} INFO - Processing file /home/airflow/.local/lib/python3.8/site-packages/airflow/example_dags/example_external_task_marker_dag.py for tasks to queue
[2026-08-26T17:52:45.609+0000] {logging_mixin.py:188} INFO - [2026-08-26T17:52:45.609+0000] {dagbag.py:540} INFO - Filling up the DagBag from /home/airflow/.local/lib/python3.8/site-packages/airflow/example_dags/example_external_task_marker_dag.py
[2026-08-26T17:52:45.619+0000] {processor.py:840} INFO - DAG(s) 'example_external_task_marker_parent', 'example_external_task_marker_child' retrieved from /home/airflow/.local/lib/python3.8/site-packages/airflow/example_dags/example_external_task_marker_dag.py
[2026-08-26T17:52:45.659+0000] {logging_mixin.py:188} INFO - [2026-08-26T17:52:45.659+0000] {dag.py:3047} INFO - Sync 2 DAGs
[2026-08-26T17:52:45.683+0000] {logging_mixin.py:188} INFO - [2026-08-26T17:52:45.682+0000] {dag.py:3834} INFO - Setting next_dagrun for example_external_task_marker_child to None, run_after=None
[2026-08-26T17:52:45.691+0000] {logging_mixin.py:188} INFO - [2026-08-26T17:52:45.690+0000] {dag.py:3834} INFO - Setting next_dagrun for example_external_task_marker_parent to None, run_after=None
[2026-08-26T17:52:45.717+0000] {processor.py:183} INFO - Processing /home/airflow/.local/lib/python3.8/site-packages/airflow/example_dags/example_external_task_marker_dag.py took 0.120 seconds
[2026-08-26T17:53:16.348+0000] {processor.py:161} INFO - Started process (PID=660) to work on /home/airflow/.local/lib/python3.8/site-packages/airflow/example_dags/example_external_task_marker_dag.py
[2026-08-26T17:53:16.351+0000] {processor.py:830} INFO - Processing file /home/airflow/.local/lib/python3.8/site-packages/airflow/example_dags/example_external_task_marker_dag.py for tasks to queue
[2026-08-26T17:53:16.355+0000] {logging_mixin.py:188} INFO - [2026-08-26T17:53:16.355+0000] {dagbag.py:540} INFO - Filling up the DagBag from /home/airflow/.local/lib/python3.8/site-packages/airflow/example_dags/example_external_task_marker_dag.py
[2026-08-26T17:53:16.364+0000] {processor.py:840} INFO - DAG(s) 'example_external_task_marker_child', 'example_external_task_marker_parent' retrieved from /home/airflow/.local/lib/python3.8/site-packages/airflow/example_dags/example_external_task_marker_dag.py
[2026-08-26T17:53:16.397+0000] {logging_mixin.py:188} INFO - [2026-08-26T17:53:16.397+0000] {dag.py:3047} INFO - Sync 2 DAGs
[2026-08-26T17:53:16.413+0000] {logging_mixin.py:188} INFO - [2026-08-26T17:53:16.413+0000] {dag.py:3834} INFO - Setting next_dagrun for example_external_task_marker_child to None, run_after=None
[2026-08-26T17:53:16.419+0000] {logging_mixin.py:188} INFO - [2026-08-26T17:53:16.418+0000] {dag.py:3834} INFO - Setting next_dagrun for example_external_task_marker_parent to None, run_after=None
[2026-08-26T17:53:16.444+0000] {processor.py:183} INFO - Processing /home/airflow/.local/lib/python3.8/site-packages/airflow/example_dags/example_external_task_marker_dag.py took 0.100 seconds
[2026-08-26T17:53:47.508+0000] {processor.py:161} INFO - Started process (PID=717) to work on /home/airflow/.local/lib/python3.8/site-packages/airflow/example_dags/example_external_task_marker_dag.py
[2026-08-26T17:53:47.510+0000] {processor.py:830} INFO - Processing file /home/airflow/.local/lib/python3.8/site-packages/airflow/example_dags/example_external_task_marker_dag.py for tasks to queue
[2026-08-26T17:53:47.524+0000] {logging_mixin.py:188} INFO - [2026-08-26T17:53:47.523+0000] {dagbag.py:540} INFO - Filling up the DagBag from /home/airflow/.local/lib/python3.8/site-packages/airflow/example_dags/example_external_task_marker_dag.py
[2026-08-26T17:53:47.543+0000] {processor.py:840} INFO - DAG(s) 'example_external_task_marker_child', 'example_external_task_marker_parent' retrieved from /home/airflow/.local/lib/python3.8/site-packages/airflow/example_dags/example_external_task_marker_dag.py
[2026-08-26T17:53:47.607+0000] {logging_mixin.py:188} INFO - [2026-08-26T17:53:47.607+0000] {dag.py:3047} INFO - Sync 2 DAGs
[2026-08-26T17:53:47.627+0000] {logging_mixin.py:188} INFO - [2026-08-26T17:53:47.626+0000] {dag.py:3834} INFO - Setting next_dagrun for example_external_task_marker_child to None, run_after=None
[2026-08-26T17:53:47.632+0000] {logging_mixin.py:188} INFO - [2026-08-26T17:53:47.631+0000] {dag.py:3834} INFO - Setting next_dagrun for example_external_task_marker_parent to None, run_after=None
[2026-08-26T17:53:47.718+0000] {processor.py:183} INFO - Processing /home/airflow/.local/lib/python3.8/site-packages/airflow/example_dags/example_external_task_marker_dag.py took 0.220 seconds
[2026-08-26T17:54:18.165+0000] {processor.py:161} INFO - Started process (PID=774) to work on /home/airflow/.local/lib/python3.8/site-packages/airflow/example_dags/example_external_task_marker_dag.py
[2026-08-26T17:54:18.166+0000] {processor.py:830} INFO - Processing file /home/airflow/.local/lib/python3.8/site-packages/airflow/example_dags/example_external_task_marker_dag.py for tasks to queue
[2026-08-26T17:54:18.169+0000] {logging_mixin.py:188} INFO - [2026-08-26T17:54:18.169+0000] {dagbag.py:540} INFO - Filling up the DagBag from /home/airflow/.local/lib/python3.8/site-packages/airflow/example_dags/example_external_task_marker_dag.py
[2026-08-26T17:54:18.176+0000] {processor.py:840} INFO - DAG(s) 'example_external_task_marker_child', 'example_external_task_marker_parent' retrieved from /home/airflow/.local/lib/python3.8/site-packages/airflow/example_dags/example_external_task_marker_dag.py
[2026-08-26T17:54:18.207+0000] {logging_mixin.py:188} INFO - [2026-08-26T17:54:18.207+0000] {dag.py:3047} INFO - Sync 2 DAGs
[2026-08-26T17:54:18.226+0000] {logging_mixin.py:188} INFO - [2026-08-26T17:54:18.226+0000] {dag.py:3834} INFO - Setting next_dagrun for example_external_task_marker_child to None, run_after=None
[2026-08-26T17:54:18.234+0000] {logging_mixin.py:188} INFO - [2026-08-26T17:54:18.234+0000] {dag.py:3834} INFO - Setting next_dagrun for example_external_task_marker_parent to None, run_after=None
[2026-08-26T17:54:18.260+0000] {processor.py:183} INFO - Processing /home/airflow/.local/lib/python3.8/site-packages/airflow/example_dags/example_external_task_marker_dag.py took 0.101 seconds
[2026-08-26T17:54:48.667+0000] {processor.py:161} INFO - Started process (PID=831) to work on /home/airflow/.local/lib/python3.8/site-packages/airflow/example_dags/example_external_task_marker_dag.py
[2026-08-26T17:54:48.669+0000] {processor.py:830} INFO - Processing file /home/airflow/.local/lib/python3.8/site-packages/airflow/example_dags/example_external_task_marker_dag.py for tasks to queue
[2026-08-26T17:54:48.673+0000] {logging_mixin.py:188} INFO - [2026-08-26T17:54:48.673+0000] {dagbag.py:540} INFO - Filling up the DagBag from /home/airflow/.local/lib/python3.8/site-packages/airflow/example_dags/example_external_task_marker_dag.py
[2026-08-26T17:54:48.687+0000] {processor.py:840} INFO - DAG(s) 'example_external_task_marker_parent', 'example_external_task_marker_child' retrieved from /home/airflow/.local/lib/python3.8/site-packages/airflow/example_dags/example_external_task_marker_dag.py
[2026-08-26T17:54:48.734+0000] {logging_mixin.py:188} INFO - [2026-08-26T17:54:48.733+0000] {dag.py:3047} INFO - Sync 2 DAGs
[2026-08-26T17:54:48.762+0000] {logging_mixin.py:188} INFO - [2026-08-26T17:54:48.760+0000] {dag.py:3834} INFO - Setting next_dagrun for example_external_task_marker_child to None, run_after=None
[2026-08-26T17:54:48.770+0000] {logging_mixin.py:188} INFO - [2026-08-26T17:54:48.770+0000] {dag.py:3834} INFO - Setting next_dagrun for example_external_task_marker_parent to None, run_after=None
[2026-08-26T17:54:48.806+0000] {processor.py:183} INFO - Processing /home/airflow/.local/lib/python3.8/site-packages/airflow/example_dags/example_external_task_marker_dag.py took 0.147 seconds
[2026-08-26T17:55:19.038+0000] {processor.py:161} INFO - Started process (PID=888) to work on /home/airflow/.local/lib/python3.8/site-packages/airflow/example_dags/example_external_task_marker_dag.py
[2026-08-26T17:55:19.047+0000] {processor.py:830} INFO - Processing file /home/airflow/.local/lib/python3.8/site-packages/airflow/example_dags/example_external_task_marker_dag.py for tasks to queue
[2026-08-26T17:55:19.051+0000] {logging_mixin.py:188} INFO - [2026-08-26T17:55:19.050+0000] {dagbag.py:540} INFO - Filling up the DagBag from /home/airflow/.local/lib/python3.8/site-packages/airflow/example_dags/example_external_task_marker_dag.py
[2026-08-26T17:55:19.069+0000] {processor.py:840} INFO - DAG(s) 'example_external_task_marker_parent', 'example_external_task_marker_child' retrieved from /home/airflow/.local/lib/python3.8/site-packages/airflow/example_dags/example_external_task_marker_dag.py
[2026-08-26T17:55:19.111+0000] {logging_mixin.py:188} INFO - [2026-08-26T17:55:19.110+0000] {dag.py:3047} INFO - Sync 2 DAGs
[2026-08-26T17:55:19.134+0000] {logging_mixin.py:188} INFO - [2026-08-26T17:55:19.133+0000] {dag.py:3834} INFO - Setting next_dagrun for example_external_task_marker_child to None, run_after=None
[2026-08-26T17:55:19.138+0000] {logging_mixin.py:188} INFO - [2026-08-26T17:55:19.138+0000] {dag.py:3834} INFO - Setting next_dagrun for example_external_task_marker_parent to None, run_after=None
[2026-08-26T17:55:19.168+0000] {processor.py:183} INFO - Processing /home/airflow/.local/lib/python3.8/site-packages/airflow/example_dags/example_external_task_marker_dag.py took 0.136 seconds
[2026-08-26T17:55:49.982+0000] {processor.py:161} INFO - Started process (PID=945) to work on /home/airflow/.local/lib/python3.8/site-packages/airflow/example_dags/example_external_task_marker_dag.py
[2026-08-26T17:55:49.984+0000] {processor.py:830} INFO - Processing file /home/airflow/.local/lib/python3.8/site-packages/airflow/example_dags/example_external_task_marker_dag.py for tasks to queue
[2026-08-26T17:55:49.991+0000] {logging_mixin.py:188} INFO - [2026-08-26T17:55:49.990+0000] {dagbag.py:540} INFO - Filling up the DagBag from /home/airflow/.local/lib/python3.8/site-packages/airflow/example_dags/example_external_task_marker_dag.py
[2026-08-26T17:55:50.000+0000] {processor.py:840} INFO - DAG(s) 'example_external_task_marker_child', 'example_external_task_marker_parent' retrieved from /home/airflow/.local/lib/python3.8/site-packages/airflow/example_dags/example_external_task_marker_dag.py
[2026-08-26T17:55:50.041+0000] {logging_mixin.py:188} INFO - [2026-08-26T17:55:50.041+0000] {dag.py:3047} INFO - Sync 2 DAGs
[2026-08-26T17:55:50.062+0000] {logging_mixin.py:188} INFO - [2026-08-26T17:55:50.061+0000] {dag.py:3834} INFO - Setting next_dagrun for example_external_task_marker_child to None, run_after=None
[2026-08-26T17:55:50.066+0000] {logging_mixin.py:188} INFO - [2026-08-26T17:55:50.066+0000] {dag.py:3834} INFO - Setting next_dagrun for example_external_task_marker_parent to None, run_after=None
[2026-08-26T17:55:50.099+0000] {processor.py:183} INFO - Processing /home/airflow/.local/lib/python3.8/site-packages/airflow/example_dags/example_external_task_marker_dag.py took 0.122 seconds
[2026-08-26T17:56:20.979+0000] {processor.py:161} INFO - Started process (PID=1002) to work on /home/airflow/.local/lib/python3.8/site-packages/airflow/example_dags/example_external_task_marker_dag.py
[2026-08-26T17:56:20.981+0000] {processor.py:830} INFO - Processing file /home/airflow/.local/lib/python3.8/site-packages/airflow/example_dags/example_external_task_marker_dag.py for tasks to queue
[2026-08-26T17:56:20.983+0000] {logging_mixin.py:188} INFO - [2026-08-26T17:56:20.983+0000] {dagbag.py:540} INFO - Filling up the DagBag from /home/airflow/.local/lib/python3.8/site-packages/airflow/example_dags/example_external_task_marker_dag.py
[2026-08-26T17:56:20.993+0000] {processor.py:840} INFO - DAG(s) 'example_external_task_marker_parent', 'example_external_task_marker_child' retrieved from /home/airflow/.local/lib/python3.8/site-packages/airflow/example_dags/example_external_task_marker_dag.py
[2026-08-26T17:56:21.026+0000] {logging_mixin.py:188} INFO - [2026-08-26T17:56:21.026+0000] {dag.py:3047} INFO - Sync 2 DAGs
[2026-08-26T17:56:21.046+0000] {logging_mixin.py:188} INFO - [2026-08-26T17:56:21.046+0000] {dag.py:3834} INFO - Setting next_dagrun for example_external_task_marker_child to None, run_after=None
[2026-08-26T17:56:21.051+0000] {logging_mixin.py:188} INFO - [2026-08-26T17:56:21.051+0000] {dag.py:3834} INFO - Setting next_dagrun for example_external_task_marker_parent to None, run_after=None
[2026-08-26T17:56:21.076+0000] {processor.py:183} INFO - Processing /home/airflow/.local/lib/python3.8/site-packages/airflow/example_dags/example_external_task_marker_dag.py took 0.101 seconds
[2026-08-26T17:56:51.529+0000] {processor.py:161} INFO - Started process (PID=1059) to work on /home/airflow/.local/lib/python3.8/site-packages/airflow/example_dags/example_external_task_marker_dag.py
[2026-08-26T17:56:51.531+0000] {processor.py:830} INFO - Processing file /home/airflow/.local/lib/python3.8/site-packages/airflow/example_dags/example_external_task_marker_dag.py for tasks to queue
[2026-08-26T17:56:51.536+0000] {logging_mixin.py:188} INFO - [2026-08-26T17:56:51.536+0000] {dagbag.py:540} INFO - Filling up the DagBag from /home/airflow/.local/lib/python3.8/site-packages/airflow/example_dags/example_external_task_marker_dag.py
[2026-08-26T17:56:51.545+0000] {processor.py:840} INFO - DAG(s) 'example_external_task_marker_child', 'example_external_task_marker_parent' retrieved from /home/airflow/.local/lib/python3.8/site-packages/airflow/example_dags/example_external_task_marker_dag.py
[2026-08-26T17:56:51.581+0000] {logging_mixin.py:188} INFO - [2026-08-26T17:56:51.581+0000] {dag.py:3047} INFO - Sync 2 DAGs
[2026-08-26T17:56:51.597+0000] {logging_mixin.py:188} INFO - [2026-08-26T17:56:51.595+0000] {dag.py:3834} INFO - Setting next_dagrun for example_external_task_marker_child to None, run_after=None
[2026-08-26T17:56:51.604+0000] {logging_mixin.py:188} INFO - [2026-08-26T17:56:51.603+0000] {dag.py:3834} INFO - Setting next_dagrun for example_external_task_marker_parent to None, run_after=None
[2026-08-26T17:56:51.624+0000] {processor.py:183} INFO - Processing /home/airflow/.local/lib/python3.8/site-packages/airflow/example_dags/example_external_task_marker_dag.py took 0.102 seconds
[2026-08-26T17:57:21.880+0000] {processor.py:161} INFO - Started process (PID=1117) to work on /home/airflow/.local/lib/python3.8/site-packages/airflow/example_dags/example_external_task_marker_dag.py
[2026-08-26T17:57:21.882+0000] {processor.py:830} INFO - Processing file /home/airflow/.local/lib/python3.8/site-packages/airflow/example_dags/example_external_task_marker_dag.py for tasks to queue
[2026-08-26T17:57:21.885+0000] {logging_mixin.py:188} INFO - [2026-08-26T17:57:21.884+0000] {dagbag.py:540} INFO - Filling up the DagBag from /home/airflow/.local/lib/python3.8/site-packages/airflow/example_dags/example_external_task_marker_dag.py
[2026-08-26T17:57:21.892+0000] {processor.py:840} INFO - DAG(s) 'example_external_task_marker_child', 'example_external_task_marker_parent' retrieved from /home/airflow/.local/lib/python3.8/site-packages/airflow/example_dags/example_external_task_marker_dag.py
[2026-08-26T17:57:21.923+0000] {logging_mixin.py:188} INFO - [2026-08-26T17:57:21.923+0000] {dag.py:3047} INFO - Sync 2 DAGs
[2026-08-26T17:57:21.939+0000] {logging_mixin.py:188} INFO - [2026-08-26T17:57:21.939+0000] {dag.py:3834} INFO - Setting next_dagrun for example_external_task_marker_child to None, run_after=None
[2026-08-26T17:57:21.946+0000] {logging_mixin.py:188} INFO - [2026-08-26T17:57:21.946+0000] {dag.py:3834} INFO - Setting next_dagrun for example_external_task_marker_parent to None, run_after=None
[2026-08-26T17:57:21.967+0000] {processor.py:183} INFO - Processing /home/airflow/.local/lib/python3.8/site-packages/airflow/example_dags/example_external_task_marker_dag.py took 0.094 seconds
[2026-08-26T17:57:52.753+0000] {processor.py:161} INFO - Started process (PID=1174) to work on /home/airflow/.local/lib/python3.8/site-packages/airflow/example_dags/example_external_task_marker_dag.py
[2026-08-26T17:57:52.755+0000] {processor.py:830} INFO - Processing file /home/airflow/.local/lib/python3.8/site-packages/airflow/example_dags/example_external_task_marker_dag.py for tasks to queue
[2026-08-26T17:57:52.760+0000] {logging_mixin.py:188} INFO - [2026-08-26T17:57:52.759+0000] {dagbag.py:540} INFO - Filling up the DagBag from /home/airflow/.local/lib/python3.8/site-packages/airflow/example_dags/example_external_task_marker_dag.py
[2026-08-26T17:57:52.768+0000] {processor.py:840} INFO - DAG(s) 'example_external_task_marker_parent', 'example_external_task_marker_child' retrieved from /home/airflow/.local/lib/python3.8/site-packages/airflow/example_dags/example_external_task_marker_dag.py
[2026-08-26T17:57:52.803+0000] {logging_mixin.py:188} INFO - [2026-08-26T17:57:52.802+0000] {dag.py:3047} INFO - Sync 2 DAGs
[2026-08-26T17:57:52.819+0000] {logging_mixin.py:188} INFO - [2026-08-26T17:57:52.818+0000] {dag.py:3834} INFO - Setting next_dagrun for example_external_task_marker_child to None, run_after=None
[2026-08-26T17:57:52.825+0000] {logging_mixin.py:188} INFO - [2026-08-26T17:57:52.825+0000] {dag.py:3834} INFO - Setting next_dagrun for example_external_task_marker_parent to None, run_after=None
[2026-08-26T17:57:52.845+0000] {processor.py:183} INFO - Processing /home/airflow/.local/lib/python3.8/site-packages/airflow/example_dags/example_external_task_marker_dag.py took 0.098 seconds
[2026-08-26T17:58:23.463+0000] {processor.py:161} INFO - Started process (PID=1231) to work on /home/airflow/.local/lib/python3.8/site-packages/airflow/example_dags/example_external_task_marker_dag.py
[2026-08-26T17:58:23.466+0000] {processor.py:830} INFO - Processing file /home/airflow/.local/lib/python3.8/site-packages/airflow/example_dags/example_external_task_marker_dag.py for tasks to queue
[2026-08-26T17:58:23.473+0000] {logging_mixin.py:188} INFO - [2026-08-26T17:58:23.471+0000] {dagbag.py:540} INFO - Filling up the DagBag from /home/airflow/.local/lib/python3.8/site-packages/airflow/example_dags/example_external_task_marker_dag.py
[2026-08-26T17:58:23.495+0000] {processor.py:840} INFO - DAG(s) 'example_external_task_marker_child', 'example_external_task_marker_parent' retrieved from /home/airflow/.local/lib/python3.8/site-packages/airflow/example_dags/example_external_task_marker_dag.py
[2026-08-26T17:58:23.568+0000] {logging_mixin.py:188} INFO - [2026-08-26T17:58:23.568+0000] {dag.py:3047} INFO - Sync 2 DAGs
[2026-08-26T17:58:23.624+0000] {logging_mixin.py:188} INFO - [2026-08-26T17:58:23.623+0000] {dag.py:3834} INFO - Setting next_dagrun for example_external_task_marker_child to None, run_after=None
[2026-08-26T17:58:23.642+0000] {logging_mixin.py:188} INFO - [2026-08-26T17:58:23.642+0000] {dag.py:3834} INFO - Setting next_dagrun for example_external_task_marker_parent to None, run_after=None
[2026-08-26T17:58:23.712+0000] {processor.py:183} INFO - Processing /home/airflow/.local/lib/python3.8/site-packages/airflow/example_dags/example_external_task_marker_dag.py took 0.268 seconds
[2026-08-26T17:58:54.768+0000] {processor.py:161} INFO - Started process (PID=1288) to work on /home/airflow/.local/lib/python3.8/site-packages/airflow/example_dags/example_external_task_marker_dag.py
[2026-08-26T17:58:54.771+0000] {processor.py:830} INFO - Processing file /home/airflow/.local/lib/python3.8/site-packages/airflow/example_dags/example_external_task_marker_dag.py for tasks to queue
[2026-08-26T17:58:54.776+0000] {logging_mixin.py:188} INFO - [2026-08-26T17:58:54.776+0000] {dagbag.py:540} INFO - Filling up the DagBag from /home/airflow/.local/lib/python3.8/site-packages/airflow/example_dags/example_external_task_marker_dag.py
[2026-08-26T17:58:54.790+0000] {processor.py:840} INFO - DAG(s) 'example_external_task_marker_parent', 'example_external_task_marker_child' retrieved from /home/airflow/.local/lib/python3.8/site-packages/airflow/example_dags/example_external_task_marker_dag.py
[2026-08-26T17:58:54.825+0000] {logging_mixin.py:188} INFO - [2026-08-26T17:58:54.825+0000] {dag.py:3047} INFO - Sync 2 DAGs
[2026-08-26T17:58:54.844+0000] {logging_mixin.py:188} INFO - [2026-08-26T17:58:54.843+0000] {dag.py:3834} INFO - Setting next_dagrun for example_external_task_marker_child to None, run_after=None
[2026-08-26T17:58:54.850+0000] {logging_mixin.py:188} INFO - [2026-08-26T17:58:54.849+0000] {dag.py:3834} INFO - Setting next_dagrun for example_external_task_marker_parent to None, run_after=None
[2026-08-26T17:58:54.879+0000] {processor.py:183} INFO - Processing /home/airflow/.local/lib/python3.8/site-packages/airflow/example_dags/example_external_task_marker_dag.py took 0.115 seconds
[2026-08-26T17:59:24.979+0000] {processor.py:161} INFO - Started process (PID=1345) to work on /home/airflow/.local/lib/python3.8/site-packages/airflow/example_dags/example_external_task_marker_dag.py
[2026-08-26T17:59:24.981+0000] {processor.py:830} INFO - Processing file /home/airflow/.local/lib/python3.8/site-packages/airflow/example_dags/example_external_task_marker_dag.py for tasks to queue
[2026-08-26T17:59:24.985+0000] {logging_mixin.py:188} INFO - [2026-08-26T17:59:24.985+0000] {dagbag.py:540} INFO - Filling up the DagBag from /home/airflow/.local/lib/python3.8/site-packages/airflow/example_dags/example_external_task_marker_dag.py
[2026-08-26T17:59:24.993+0000] {processor.py:840} INFO - DAG(s) 'example_external_task_marker_parent', 'example_external_task_marker_child' retrieved from /home/airflow/.local/lib/python3.8/site-packages/airflow/example_dags/example_external_task_marker_dag.py
[2026-08-26T17:59:25.030+0000] {logging_mixin.py:188} INFO - [2026-08-26T17:59:25.030+0000] {dag.py:3047} INFO - Sync 2 DAGs
[2026-08-26T17:59:25.047+0000] {logging_mixin.py:188} INFO - [2026-08-26T17:59:25.047+0000] {dag.py:3834} INFO - Setting next_dagrun for example_external_task_marker_child to None, run_after=None
[2026-08-26T17:59:25.053+0000] {logging_mixin.py:188} INFO - [2026-08-26T17:59:25.053+0000] {dag.py:3834} INFO - Setting next_dagrun for example_external_task_marker_parent to None, run_after=None
[2026-08-26T17:59:25.078+0000] {processor.py:183} INFO - Processing /home/airflow/.local/lib/python3.8/site-packages/airflow/example_dags/example_external_task_marker_dag.py took 0.104 seconds
[2026-08-26T17:59:55.839+0000] {processor.py:161} INFO - Started process (PID=1402) to work on /home/airflow/.local/lib/python3.8/site-packages/airflow/example_dags/example_external_task_marker_dag.py
[2026-08-26T17:59:55.841+0000] {processor.py:830} INFO - Processing file /home/airflow/.local/lib/python3.8/site-packages/airflow/example_dags/example_external_task_marker_dag.py for tasks to queue
[2026-08-26T17:59:55.845+0000] {logging_mixin.py:188} INFO - [2026-08-26T17:59:55.845+0000] {dagbag.py:540} INFO - Filling up the DagBag from /home/airflow/.local/lib/python3.8/site-packages/airflow/example_dags/example_external_task_marker_dag.py
[2026-08-26T17:59:55.853+0000] {processor.py:840} INFO - DAG(s) 'example_external_task_marker_child', 'example_external_task_marker_parent' retrieved from /home/airflow/.local/lib/python3.8/site-packages/airflow/example_dags/example_external_task_marker_dag.py
[2026-08-26T17:59:55.886+0000] {logging_mixin.py:188} INFO - [2026-08-26T17:59:55.886+0000] {dag.py:3047} INFO - Sync 2 DAGs
[2026-08-26T17:59:55.903+0000] {logging_mixin.py:188} INFO - [2026-08-26T17:59:55.903+0000] {dag.py:3834} INFO - Setting next_dagrun for example_external_task_marker_child to None, run_after=None
[2026-08-26T17:59:55.908+0000] {logging_mixin.py:188} INFO - [2026-08-26T17:59:55.907+0000] {dag.py:3834} INFO - Setting next_dagrun for example_external_task_marker_parent to None, run_after=None
[2026-08-26T17:59:55.932+0000] {processor.py:183} INFO - Processing /home/airflow/.local/lib/python3.8/site-packages/airflow/example_dags/example_external_task_marker_dag.py took 0.097 seconds
[2026-08-26T18:00:25.971+0000] {processor.py:161} INFO - Started process (PID=1459) to work on /home/airflow/.local/lib/python3.8/site-packages/airflow/example_dags/example_external_task_marker_dag.py
[2026-08-26T18:00:25.973+0000] {processor.py:830} INFO - Processing file /home/airflow/.local/lib/python3.8/site-packages/airflow/example_dags/example_external_task_marker_dag.py for tasks to queue
[2026-08-26T18:00:25.976+0000] {logging_mixin.py:188} INFO - [2026-08-26T18:00:25.975+0000] {dagbag.py:540} INFO - Filling up the DagBag from /home/airflow/.local/lib/python3.8/site-packages/airflow/example_dags/example_external_task_marker_dag.py
[2026-08-26T18:00:25.984+0000] {processor.py:840} INFO - DAG(s) 'example_external_task_marker_parent', 'example_external_task_marker_child' retrieved from /home/airflow/.local/lib/python3.8/site-packages/airflow/example_dags/example_external_task_marker_dag.py
[2026-08-26T18:00:26.012+0000] {logging_mixin.py:188} INFO - [2026-08-26T18:00:26.012+0000] {dag.py:3047} INFO - Sync 2 DAGs
[2026-08-26T18:00:26.029+0000] {logging_mixin.py:188} INFO - [2026-08-26T18:00:26.029+0000] {dag.py:3834} INFO - Setting next_dagrun for example_external_task_marker_child to None, run_after=None
[2026-08-26T18:00:26.034+0000] {logging_mixin.py:188} INFO - [2026-08-26T18:00:26.034+0000] {dag.py:3834} INFO - Setting next_dagrun for example_external_task_marker_parent to None, run_after=None
[2026-08-26T18:00:26.053+0000] {processor.py:183} INFO - Processing /home/airflow/.local/lib/python3.8/site-packages/airflow/example_dags/example_external_task_marker_dag.py took 0.086 seconds
[2026-08-26T18:00:56.207+0000] {processor.py:161} INFO - Started process (PID=1516) to work on /home/airflow/.local/lib/python3.8/site-packages/airflow/example_dags/example_external_task_marker_dag.py
[2026-08-26T18:00:56.209+0000] {processor.py:830} INFO - Processing file /home/airflow/.local/lib/python3.8/site-packages/airflow/example_dags/example_external_task_marker_dag.py for tasks to queue
[2026-08-26T18:00:56.213+0000] {logging_mixin.py:188} INFO - [2026-08-26T18:00:56.212+0000] {dagbag.py:540} INFO - Filling up the DagBag from /home/airflow/.local/lib/python3.8/site-packages/airflow/example_dags/example_external_task_marker_dag.py
[2026-08-26T18:00:56.223+0000] {processor.py:840} INFO - DAG(s) 'example_external_task_marker_parent', 'example_external_task_marker_child' retrieved from /home/airflow/.local/lib/python3.8/site-packages/airflow/example_dags/example_external_task_marker_dag.py
[2026-08-26T18:00:56.256+0000] {logging_mixin.py:188} INFO - [2026-08-26T18:00:56.256+0000] {dag.py:3047} INFO - Sync 2 DAGs
[2026-08-26T18:00:56.270+0000] {logging_mixin.py:188} INFO - [2026-08-26T18:00:56.269+0000] {dag.py:3834} INFO - Setting next_dagrun for example_external_task_marker_child to None, run_after=None
[2026-08-26T18:00:56.276+0000] {logging_mixin.py:188} INFO - [2026-08-26T18:00:56.276+0000] {dag.py:3834} INFO - Setting next_dagrun for example_external_task_marker_parent to None, run_after=None
[2026-08-26T18:00:56.297+0000] {processor.py:183} INFO - Processing /home/airflow/.local/lib/python3.8/site-packages/airflow/example_dags/example_external_task_marker_dag.py took 0.094 seconds
[2026-08-26T18:01:26.412+0000] {processor.py:161} INFO - Started process (PID=1573) to work on /home/airflow/.local/lib/python3.8/site-packages/airflow/example_dags/example_external_task_marker_dag.py
[2026-08-26T18:01:26.414+0000] {processor.py:830} INFO - Processing file /home/airflow/.local/lib/python3.8/site-packages/airflow/example_dags/example_external_task_marker_dag.py for tasks to queue
[2026-08-26T18:01:26.417+0000] {logging_mixin.py:188} INFO - [2026-08-26T18:01:26.416+0000] {dagbag.py:540} INFO - Filling up the DagBag from /home/airflow/.local/lib/python3.8/site-packages/airflow/example_dags/example_external_task_marker_dag.py
[2026-08-26T18:01:26.424+0000] {processor.py:840} INFO - DAG(s) 'example_external_task_marker_child', 'example_external_task_marker_parent' retrieved from /home/airflow/.local/lib/python3.8/site-packages/airflow/example_dags/example_external_task_marker_dag.py
[2026-08-26T18:01:26.456+0000] {logging_mixin.py:188} INFO - [2026-08-26T18:01:26.455+0000] {dag.py:3047} INFO - Sync 2 DAGs
[2026-08-26T18:01:26.471+0000] {logging_mixin.py:188} INFO - [2026-08-26T18:01:26.471+0000] {dag.py:3834} INFO - Setting next_dagrun for example_external_task_marker_child to None, run_after=None
[2026-08-26T18:01:26.476+0000] {logging_mixin.py:188} INFO - [2026-08-26T18:01:26.476+0000] {dag.py:3834} INFO - Setting next_dagrun for example_external_task_marker_parent to None, run_after=None
[2026-08-26T18:01:26.500+0000] {processor.py:183} INFO - Processing /home/airflow/.local/lib/python3.8/site-packages/airflow/example_dags/example_external_task_marker_dag.py took 0.091 seconds
[2026-08-26T18:01:56.729+0000] {processor.py:161} INFO - Started process (PID=1631) to work on /home/airflow/.local/lib/python3.8/site-packages/airflow/example_dags/example_external_task_marker_dag.py
[2026-08-26T18:01:56.731+0000] {processor.py:830} INFO - Processing file /home/airflow/.local/lib/python3.8/site-packages/airflow/example_dags/example_external_task_marker_dag.py for tasks to queue
[2026-08-26T18:01:56.734+0000] {logging_mixin.py:188} INFO - [2026-08-26T18:01:56.734+0000] {dagbag.py:540} INFO - Filling up the DagBag from /home/airflow/.local/lib/python3.8/site-packages/airflow/example_dags/example_external_task_marker_dag.py
[2026-08-26T18:01:56.744+0000] {processor.py:840} INFO - DAG(s) 'example_external_task_marker_child', 'example_external_task_marker_parent' retrieved from /home/airflow/.local/lib/python3.8/site-packages/airflow/example_dags/example_external_task_marker_dag.py
[2026-08-26T18:01:56.775+0000] {logging_mixin.py:188} INFO - [2026-08-26T18:01:56.775+0000] {dag.py:3047} INFO - Sync 2 DAGs
[2026-08-26T18:01:56.793+0000] {logging_mixin.py:188} INFO - [2026-08-26T18:01:56.792+0000] {dag.py:3834} INFO - Setting next_dagrun for example_external_task_marker_child to None, run_after=None
[2026-08-26T18:01:56.797+0000] {logging_mixin.py:188} INFO - [2026-08-26T18:01:56.797+0000] {dag.py:3834} INFO - Setting next_dagrun for example_external_task_marker_parent to None, run_after=None
[2026-08-26T18:01:56.818+0000] {processor.py:183} INFO - Processing /home/airflow/.local/lib/python3.8/site-packages/airflow/example_dags/example_external_task_marker_dag.py took 0.093 seconds
[2026-08-26T18:02:27.411+0000] {processor.py:161} INFO - Started process (PID=1688) to work on /home/airflow/.local/lib/python3.8/site-packages/airflow/example_dags/example_external_task_marker_dag.py
[2026-08-26T18:02:27.413+0000] {processor.py:830} INFO - Processing file /home/airflow/.local/lib/python3.8/site-packages/airflow/example_dags/example_external_task_marker_dag.py for tasks to queue
[2026-08-26T18:02:27.417+0000] {logging_mixin.py:188} INFO - [2026-08-26T18:02:27.417+0000] {dagbag.py:540} INFO - Filling up the DagBag from /home/airflow/.local/lib/python3.8/site-packages/airflow/example_dags/example_external_task_marker_dag.py
[2026-08-26T18:02:27.427+0000] {processor.py:840} INFO - DAG(s) 'example_external_task_marker_parent', 'example_external_task_marker_child' retrieved from /home/airflow/.local/lib/python3.8/site-packages/airflow/example_dags/example_external_task_marker_dag.py
[2026-08-26T18:02:27.461+0000] {logging_mixin.py:188} INFO - [2026-08-26T18:02:27.461+0000] {dag.py:3047} INFO - Sync 2 DAGs
[2026-08-26T18:02:27.479+0000] {logging_mixin.py:188} INFO - [2026-08-26T18:02:27.478+0000] {dag.py:3834} INFO - Setting next_dagrun for example_external_task_marker_child to None, run_after=None
[2026-08-26T18:02:27.487+0000] {logging_mixin.py:188} INFO - [2026-08-26T18:02:27.487+0000] {dag.py:3834} INFO - Setting next_dagrun for example_external_task_marker_parent to None, run_after=None
[2026-08-26T18:02:27.513+0000] {processor.py:183} INFO - Processing /home/airflow/.local/lib/python3.8/site-packages/airflow/example_dags/example_external_task_marker_dag.py took 0.106 seconds
[2026-08-26T18:02:58.124+0000] {processor.py:161} INFO - Started process (PID=1745) to work on /home/airflow/.local/lib/python3.8/site-packages/airflow/example_dags/example_external_task_marker_dag.py
[2026-08-26T18:02:58.127+0000] {processor.py:830} INFO - Processing file /home/airflow/.local/lib/python3.8/site-packages/airflow/example_dags/example_external_task_marker_dag.py for tasks to queue
[2026-08-26T18:02:58.130+0000] {logging_mixin.py:188} INFO - [2026-08-26T18:02:58.130+0000] {dagbag.py:540} INFO - Filling up the DagBag from /home/airflow/.local/lib/python3.8/site-packages/airflow/example_dags/example_external_task_marker_dag.py
[2026-08-26T18:02:58.138+0000] {processor.py:840} INFO - DAG(s) 'example_external_task_marker_parent', 'example_external_task_marker_child' retrieved from /home/airflow/.local/lib/python3.8/site-packages/airflow/example_dags/example_external_task_marker_dag.py
[2026-08-26T18:02:58.167+0000] {logging_mixin.py:188} INFO - [2026-08-26T18:02:58.167+0000] {dag.py:3047} INFO - Sync 2 DAGs
[2026-08-26T18:02:58.181+0000] {logging_mixin.py:188} INFO - [2026-08-26T18:02:58.181+0000] {dag.py:3834} INFO - Setting next_dagrun for example_external_task_marker_child to None, run_after=None
[2026-08-26T18:02:58.187+0000] {logging_mixin.py:188} INFO - [2026-08-26T18:02:58.186+0000] {dag.py:3834} INFO - Setting next_dagrun for example_external_task_marker_parent to None, run_after=None
[2026-08-26T18:02:58.212+0000] {processor.py:183} INFO - Processing /home/airflow/.local/lib/python3.8/site-packages/airflow/example_dags/example_external_task_marker_dag.py took 0.094 seconds
[2026-08-26T18:03:28.731+0000] {processor.py:161} INFO - Started process (PID=1802) to work on /home/airflow/.local/lib/python3.8/site-packages/airflow/example_dags/example_external_task_marker_dag.py
[2026-08-26T18:03:28.735+0000] {processor.py:830} INFO - Processing file /home/airflow/.local/lib/python3.8/site-packages/airflow/example_dags/example_external_task_marker_dag.py for tasks to queue
[2026-08-26T18:03:28.738+0000] {logging_mixin.py:188} INFO - [2026-08-26T18:03:28.738+0000] {dagbag.py:540} INFO - Filling up the DagBag from /home/airflow/.local/lib/python3.8/site-packages/airflow/example_dags/example_external_task_marker_dag.py
[2026-08-26T18:03:28.753+0000] {processor.py:840} INFO - DAG(s) 'example_external_task_marker_child', 'example_external_task_marker_parent' retrieved from /home/airflow/.local/lib/python3.8/site-packages/airflow/example_dags/example_external_task_marker_dag.py
[2026-08-26T18:03:28.803+0000] {logging_mixin.py:188} INFO - [2026-08-26T18:03:28.803+0000] {dag.py:3047} INFO - Sync 2 DAGs
[2026-08-26T18:03:28.830+0000] {logging_mixin.py:188} INFO - [2026-08-26T18:03:28.830+0000] {dag.py:3834} INFO - Setting next_dagrun for example_external_task_marker_child to None, run_after=None
[2026-08-26T18:03:28.838+0000] {logging_mixin.py:188} INFO - [2026-08-26T18:03:28.838+0000] {dag.py:3834} INFO - Setting next_dagrun for example_external_task_marker_parent to None, run_after=None
[2026-08-26T18:03:28.874+0000] {processor.py:183} INFO - Processing /home/airflow/.local/lib/python3.8/site-packages/airflow/example_dags/example_external_task_marker_dag.py took 0.152 seconds
[2026-08-26T18:03:59.152+0000] {processor.py:161} INFO - Started process (PID=1859) to work on /home/airflow/.local/lib/python3.8/site-packages/airflow/example_dags/example_external_task_marker_dag.py
[2026-08-26T18:03:59.155+0000] {processor.py:830} INFO - Processing file /home/airflow/.local/lib/python3.8/site-packages/airflow/example_dags/example_external_task_marker_dag.py for tasks to queue
[2026-08-26T18:03:59.162+0000] {logging_mixin.py:188} INFO - [2026-08-26T18:03:59.161+0000] {dagbag.py:540} INFO - Filling up the DagBag from /home/airflow/.local/lib/python3.8/site-packages/airflow/example_dags/example_external_task_marker_dag.py
[2026-08-26T18:03:59.171+0000] {processor.py:840} INFO - DAG(s) 'example_external_task_marker_parent', 'example_external_task_marker_child' retrieved from /home/airflow/.local/lib/python3.8/site-packages/airflow/example_dags/example_external_task_marker_dag.py
[2026-08-26T18:03:59.210+0000] {logging_mixin.py:188} INFO - [2026-08-26T18:03:59.209+0000] {dag.py:3047} INFO - Sync 2 DAGs
[2026-08-26T18:03:59.227+0000] {logging_mixin.py:188} INFO - [2026-08-26T18:03:59.226+0000] {dag.py:3834} INFO - Setting next_dagrun for example_external_task_marker_child to None, run_after=None
[2026-08-26T18:03:59.231+0000] {logging_mixin.py:188} INFO - [2026-08-26T18:03:59.231+0000] {dag.py:3834} INFO - Setting next_dagrun for example_external_task_marker_parent to None, run_after=None
[2026-08-26T18:03:59.255+0000] {processor.py:183} INFO - Processing /home/airflow/.local/lib/python3.8/site-packages/airflow/example_dags/example_external_task_marker_dag.py took 0.109 seconds
[2026-08-26T18:04:29.516+0000] {processor.py:161} INFO - Started process (PID=1916) to work on /home/airflow/.local/lib/python3.8/site-packages/airflow/example_dags/example_external_task_marker_dag.py
[2026-08-26T18:04:29.519+0000] {processor.py:830} INFO - Processing file /home/airflow/.local/lib/python3.8/site-packages/airflow/example_dags/example_external_task_marker_dag.py for tasks to queue
[2026-08-26T18:04:29.524+0000] {logging_mixin.py:188} INFO - [2026-08-26T18:04:29.524+0000] {dagbag.py:540} INFO - Filling up the DagBag from /home/airflow/.local/lib/python3.8/site-packages/airflow/example_dags/example_external_task_marker_dag.py
[2026-08-26T18:04:29.536+0000] {processor.py:840} INFO - DAG(s) 'example_external_task_marker_child', 'example_external_task_marker_parent' retrieved from /home/airflow/.local/lib/python3.8/site-packages/airflow/example_dags/example_external_task_marker_dag.py
[2026-08-26T18:04:29.575+0000] {logging_mixin.py:188} INFO - [2026-08-26T18:04:29.575+0000] {dag.py:3047} INFO - Sync 2 DAGs
[2026-08-26T18:04:29.594+0000] {logging_mixin.py:188} INFO - [2026-08-26T18:04:29.594+0000] {dag.py:3834} INFO - Setting next_dagrun for example_external_task_marker_child to None, run_after=None
[2026-08-26T18:04:29.599+0000] {logging_mixin.py:188} INFO - [2026-08-26T18:04:29.599+0000] {dag.py:3834} INFO - Setting next_dagrun for example_external_task_marker_parent to None, run_after=None
[2026-08-26T18:04:29.628+0000] {processor.py:183} INFO - Processing /home/airflow/.local/lib/python3.8/site-packages/airflow/example_dags/example_external_task_marker_dag.py took 0.119 seconds
[2026-08-26T18:05:00.221+0000] {processor.py:161} INFO - Started process (PID=1973) to work on /home/airflow/.local/lib/python3.8/site-packages/airflow/example_dags/example_external_task_marker_dag.py
[2026-08-26T18:05:00.225+0000] {processor.py:830} INFO - Processing file /home/airflow/.local/lib/python3.8/site-packages/airflow/example_dags/example_external_task_marker_dag.py for tasks to queue
[2026-08-26T18:05:00.229+0000] {logging_mixin.py:188} INFO - [2026-08-26T18:05:00.228+0000] {dagbag.py:540} INFO - Filling up the DagBag from /home/airflow/.local/lib/python3.8/site-packages/airflow/example_dags/example_external_task_marker_dag.py
[2026-08-26T18:05:00.243+0000] {processor.py:840} INFO - DAG(s) 'example_external_task_marker_parent', 'example_external_task_marker_child' retrieved from /home/airflow/.local/lib/python3.8/site-packages/airflow/example_dags/example_external_task_marker_dag.py
[2026-08-26T18:05:00.283+0000] {logging_mixin.py:188} INFO - [2026-08-26T18:05:00.282+0000] {dag.py:3047} INFO - Sync 2 DAGs
[2026-08-26T18:05:00.310+0000] {logging_mixin.py:188} INFO - [2026-08-26T18:05:00.310+0000] {dag.py:3834} INFO - Setting next_dagrun for example_external_task_marker_child to None, run_after=None
[2026-08-26T18:05:00.315+0000] {logging_mixin.py:188} INFO - [2026-08-26T18:05:00.315+0000] {dag.py:3834} INFO - Setting next_dagrun for example_external_task_marker_parent to None, run_after=None
[2026-08-26T18:05:00.356+0000] {processor.py:183} INFO - Processing /home/airflow/.local/lib/python3.8/site-packages/airflow/example_dags/example_external_task_marker_dag.py took 0.143 seconds
[2026-08-26T18:05:30.573+0000] {processor.py:161} INFO - Started process (PID=2030) to work on /home/airflow/.local/lib/python3.8/site-packages/airflow/example_dags/example_external_task_marker_dag.py
[2026-08-26T18:05:30.582+0000] {processor.py:830} INFO - Processing file /home/airflow/.local/lib/python3.8/site-packages/airflow/example_dags/example_external_task_marker_dag.py for tasks to queue
[2026-08-26T18:05:30.591+0000] {logging_mixin.py:188} INFO - [2026-08-26T18:05:30.590+0000] {dagbag.py:540} INFO - Filling up the DagBag from /home/airflow/.local/lib/python3.8/site-packages/airflow/example_dags/example_external_task_marker_dag.py
[2026-08-26T18:05:30.625+0000] {processor.py:840} INFO - DAG(s) 'example_external_task_marker_child', 'example_external_task_marker_parent' retrieved from /home/airflow/.local/lib/python3.8/site-packages/airflow/example_dags/example_external_task_marker_dag.py
[2026-08-26T18:05:30.794+0000] {logging_mixin.py:188} INFO - [2026-08-26T18:05:30.793+0000] {dag.py:3047} INFO - Sync 2 DAGs
[2026-08-26T18:05:30.877+0000] {logging_mixin.py:188} INFO - [2026-08-26T18:05:30.876+0000] {dag.py:3834} INFO - Setting next_dagrun for example_external_task_marker_child to None, run_after=None
[2026-08-26T18:05:30.896+0000] {logging_mixin.py:188} INFO - [2026-08-26T18:05:30.896+0000] {dag.py:3834} INFO - Setting next_dagrun for example_external_task_marker_parent to None, run_after=None
[2026-08-26T18:05:30.999+0000] {processor.py:183} INFO - Processing /home/airflow/.local/lib/python3.8/site-packages/airflow/example_dags/example_external_task_marker_dag.py took 0.448 seconds
[2026-08-26T18:06:01.209+0000] {processor.py:161} INFO - Started process (PID=2087) to work on /home/airflow/.local/lib/python3.8/site-packages/airflow/example_dags/example_external_task_marker_dag.py
[2026-08-26T18:06:01.212+0000] {processor.py:830} INFO - Processing file /home/airflow/.local/lib/python3.8/site-packages/airflow/example_dags/example_external_task_marker_dag.py for tasks to queue
[2026-08-26T18:06:01.218+0000] {logging_mixin.py:188} INFO - [2026-08-26T18:06:01.217+0000] {dagbag.py:540} INFO - Filling up the DagBag from /home/airflow/.local/lib/python3.8/site-packages/airflow/example_dags/example_external_task_marker_dag.py
[2026-08-26T18:06:01.229+0000] {processor.py:840} INFO - DAG(s) 'example_external_task_marker_child', 'example_external_task_marker_parent' retrieved from /home/airflow/.local/lib/python3.8/site-packages/airflow/example_dags/example_external_task_marker_dag.py
[2026-08-26T18:06:01.271+0000] {logging_mixin.py:188} INFO - [2026-08-26T18:06:01.271+0000] {dag.py:3047} INFO - Sync 2 DAGs
[2026-08-26T18:06:01.306+0000] {logging_mixin.py:188} INFO - [2026-08-26T18:06:01.305+0000] {dag.py:3834} INFO - Setting next_dagrun for example_external_task_marker_child to None, run_after=None
[2026-08-26T18:06:01.316+0000] {logging_mixin.py:188} INFO - [2026-08-26T18:06:01.316+0000] {dag.py:3834} INFO - Setting next_dagrun for example_external_task_marker_parent to None, run_after=None
[2026-08-26T18:06:01.353+0000] {processor.py:183} INFO - Processing /home/airflow/.local/lib/python3.8/site-packages/airflow/example_dags/example_external_task_marker_dag.py took 0.149 seconds
[2026-08-26T18:06:31.913+0000] {processor.py:161} INFO - Started process (PID=2150) to work on /home/airflow/.local/lib/python3.8/site-packages/airflow/example_dags/example_external_task_marker_dag.py
[2026-08-26T18:06:31.915+0000] {processor.py:830} INFO - Processing file /home/airflow/.local/lib/python3.8/site-packages/airflow/example_dags/example_external_task_marker_dag.py for tasks to queue
[2026-08-26T18:06:31.919+0000] {logging_mixin.py:188} INFO - [2026-08-26T18:06:31.918+0000] {dagbag.py:540} INFO - Filling up the DagBag from /home/airflow/.local/lib/python3.8/site-packages/airflow/example_dags/example_external_task_marker_dag.py
[2026-08-26T18:06:31.932+0000] {processor.py:840} INFO - DAG(s) 'example_external_task_marker_child', 'example_external_task_marker_parent' retrieved from /home/airflow/.local/lib/python3.8/site-packages/airflow/example_dags/example_external_task_marker_dag.py
[2026-08-26T18:06:31.981+0000] {logging_mixin.py:188} INFO - [2026-08-26T18:06:31.980+0000] {dag.py:3047} INFO - Sync 2 DAGs
[2026-08-26T18:06:31.998+0000] {logging_mixin.py:188} INFO - [2026-08-26T18:06:31.998+0000] {dag.py:3834} INFO - Setting next_dagrun for example_external_task_marker_child to None, run_after=None
[2026-08-26T18:06:32.002+0000] {logging_mixin.py:188} INFO - [2026-08-26T18:06:32.002+0000] {dag.py:3834} INFO - Setting next_dagrun for example_external_task_marker_parent to None, run_after=None
[2026-08-26T18:06:32.030+0000] {processor.py:183} INFO - Processing /home/airflow/.local/lib/python3.8/site-packages/airflow/example_dags/example_external_task_marker_dag.py took 0.124 seconds
[2026-08-26T18:07:02.614+0000] {processor.py:161} INFO - Started process (PID=2207) to work on /home/airflow/.local/lib/python3.8/site-packages/airflow/example_dags/example_external_task_marker_dag.py
[2026-08-26T18:07:02.615+0000] {processor.py:830} INFO - Processing file /home/airflow/.local/lib/python3.8/site-packages/airflow/example_dags/example_external_task_marker_dag.py for tasks to queue
[2026-08-26T18:07:02.618+0000] {logging_mixin.py:188} INFO - [2026-08-26T18:07:02.618+0000] {dagbag.py:540} INFO - Filling up the DagBag from /home/airflow/.local/lib/python3.8/site-packages/airflow/example_dags/example_external_task_marker_dag.py
[2026-08-26T18:07:02.628+0000] {processor.py:840} INFO - DAG(s) 'example_external_task_marker_parent', 'example_external_task_marker_child' retrieved from /home/airflow/.local/lib/python3.8/site-packages/airflow/example_dags/example_external_task_marker_dag.py
[2026-08-26T18:07:02.662+0000] {logging_mixin.py:188} INFO - [2026-08-26T18:07:02.662+0000] {dag.py:3047} INFO - Sync 2 DAGs
[2026-08-26T18:07:02.681+0000] {logging_mixin.py:188} INFO - [2026-08-26T18:07:02.680+0000] {dag.py:3834} INFO - Setting next_dagrun for example_external_task_marker_child to None, run_after=None
[2026-08-26T18:07:02.686+0000] {logging_mixin.py:188} INFO - [2026-08-26T18:07:02.686+0000] {dag.py:3834} INFO - Setting next_dagrun for example_external_task_marker_parent to None, run_after=None
[2026-08-26T18:07:02.718+0000] {processor.py:183} INFO - Processing /home/airflow/.local/lib/python3.8/site-packages/airflow/example_dags/example_external_task_marker_dag.py took 0.110 seconds
[2026-08-26T18:07:33.480+0000] {processor.py:161} INFO - Started process (PID=2264) to work on /home/airflow/.local/lib/python3.8/site-packages/airflow/example_dags/example_external_task_marker_dag.py
[2026-08-26T18:07:33.483+0000] {processor.py:830} INFO - Processing file /home/airflow/.local/lib/python3.8/site-packages/airflow/example_dags/example_external_task_marker_dag.py for tasks to queue
[2026-08-26T18:07:33.488+0000] {logging_mixin.py:188} INFO - [2026-08-26T18:07:33.487+0000] {dagbag.py:540} INFO - Filling up the DagBag from /home/airflow/.local/lib/python3.8/site-packages/airflow/example_dags/example_external_task_marker_dag.py
[2026-08-26T18:07:33.499+0000] {processor.py:840} INFO - DAG(s) 'example_external_task_marker_parent', 'example_external_task_marker_child' retrieved from /home/airflow/.local/lib/python3.8/site-packages/airflow/example_dags/example_external_task_marker_dag.py
[2026-08-26T18:07:33.548+0000] {logging_mixin.py:188} INFO - [2026-08-26T18:07:33.548+0000] {dag.py:3047} INFO - Sync 2 DAGs
[2026-08-26T18:07:33.566+0000] {logging_mixin.py:188} INFO - [2026-08-26T18:07:33.566+0000] {dag.py:3834} INFO - Setting next_dagrun for example_external_task_marker_child to None, run_after=None
[2026-08-26T18:07:33.574+0000] {logging_mixin.py:188} INFO - [2026-08-26T18:07:33.574+0000] {dag.py:3834} INFO - Setting next_dagrun for example_external_task_marker_parent to None, run_after=None
[2026-08-26T18:07:33.599+0000] {processor.py:183} INFO - Processing /home/airflow/.local/lib/python3.8/site-packages/airflow/example_dags/example_external_task_marker_dag.py took 0.126 seconds
[2026-08-26T18:08:04.210+0000] {processor.py:161} INFO - Started process (PID=2321) to work on /home/airflow/.local/lib/python3.8/site-packages/airflow/example_dags/example_external_task_marker_dag.py
[2026-08-26T18:08:04.213+0000] {processor.py:830} INFO - Processing file /home/airflow/.local/lib/python3.8/site-packages/airflow/example_dags/example_external_task_marker_dag.py for tasks to queue
[2026-08-26T18:08:04.219+0000] {logging_mixin.py:188} INFO - [2026-08-26T18:08:04.217+0000] {dagbag.py:540} INFO - Filling up the DagBag from /home/airflow/.local/lib/python3.8/site-packages/airflow/example_dags/example_external_task_marker_dag.py
[2026-08-26T18:08:04.235+0000] {processor.py:840} INFO - DAG(s) 'example_external_task_marker_parent', 'example_external_task_marker_child' retrieved from /home/airflow/.local/lib/python3.8/site-packages/airflow/example_dags/example_external_task_marker_dag.py
[2026-08-26T18:08:04.285+0000] {logging_mixin.py:188} INFO - [2026-08-26T18:08:04.284+0000] {dag.py:3047} INFO - Sync 2 DAGs
[2026-08-26T18:08:04.321+0000] {logging_mixin.py:188} INFO - [2026-08-26T18:08:04.321+0000] {dag.py:3834} INFO - Setting next_dagrun for example_external_task_marker_child to None, run_after=None
[2026-08-26T18:08:04.330+0000] {logging_mixin.py:188} INFO - [2026-08-26T18:08:04.330+0000] {dag.py:3834} INFO - Setting next_dagrun for example_external_task_marker_parent to None, run_after=None
[2026-08-26T18:08:04.383+0000] {processor.py:183} INFO - Processing /home/airflow/.local/lib/python3.8/site-packages/airflow/example_dags/example_external_task_marker_dag.py took 0.189 seconds
[2026-08-26T18:08:34.902+0000] {processor.py:161} INFO - Started process (PID=2378) to work on /home/airflow/.local/lib/python3.8/site-packages/airflow/example_dags/example_external_task_marker_dag.py
[2026-08-26T18:08:34.905+0000] {processor.py:830} INFO - Processing file /home/airflow/.local/lib/python3.8/site-packages/airflow/example_dags/example_external_task_marker_dag.py for tasks to queue
[2026-08-26T18:08:34.908+0000] {logging_mixin.py:188} INFO - [2026-08-26T18:08:34.907+0000] {dagbag.py:540} INFO - Filling up the DagBag from /home/airflow/.local/lib/python3.8/site-packages/airflow/example_dags/example_external_task_marker_dag.py
[2026-08-26T18:08:34.917+0000] {processor.py:840} INFO - DAG(s) 'example_external_task_marker_child', 'example_external_task_marker_parent' retrieved from /home/airflow/.local/lib/python3.8/site-packages/airflow/example_dags/example_external_task_marker_dag.py
[2026-08-26T18:08:34.949+0000] {logging_mixin.py:188} INFO - [2026-08-26T18:08:34.949+0000] {dag.py:3047} INFO - Sync 2 DAGs
[2026-08-26T18:08:34.971+0000] {logging_mixin.py:188} INFO - [2026-08-26T18:08:34.971+0000] {dag.py:3834} INFO - Setting next_dagrun for example_external_task_marker_child to None, run_after=None
[2026-08-26T18:08:34.976+0000] {logging_mixin.py:188} INFO - [2026-08-26T18:08:34.976+0000] {dag.py:3834} INFO - Setting next_dagrun for example_external_task_marker_parent to None, run_after=None
[2026-08-26T18:08:35.001+0000] {processor.py:183} INFO - Processing /home/airflow/.local/lib/python3.8/site-packages/airflow/example_dags/example_external_task_marker_dag.py took 0.107 seconds
[2026-08-26T18:09:05.121+0000] {processor.py:161} INFO - Started process (PID=2435) to work on /home/airflow/.local/lib/python3.8/site-packages/airflow/example_dags/example_external_task_marker_dag.py
[2026-08-26T18:09:05.124+0000] {processor.py:830} INFO - Processing file /home/airflow/.local/lib/python3.8/site-packages/airflow/example_dags/example_external_task_marker_dag.py for tasks to queue
[2026-08-26T18:09:05.128+0000] {logging_mixin.py:188} INFO - [2026-08-26T18:09:05.127+0000] {dagbag.py:540} INFO - Filling up the DagBag from /home/airflow/.local/lib/python3.8/site-packages/airflow/example_dags/example_external_task_marker_dag.py
[2026-08-26T18:09:05.142+0000] {processor.py:840} INFO - DAG(s) 'example_external_task_marker_child', 'example_external_task_marker_parent' retrieved from /home/airflow/.local/lib/python3.8/site-packages/airflow/example_dags/example_external_task_marker_dag.py
[2026-08-26T18:09:05.196+0000] {logging_mixin.py:188} INFO - [2026-08-26T18:09:05.195+0000] {dag.py:3047} INFO - Sync 2 DAGs
[2026-08-26T18:09:05.218+0000] {logging_mixin.py:188} INFO - [2026-08-26T18:09:05.217+0000] {dag.py:3834} INFO - Setting next_dagrun for example_external_task_marker_child to None, run_after=None
[2026-08-26T18:09:05.225+0000] {logging_mixin.py:188} INFO - [2026-08-26T18:09:05.225+0000] {dag.py:3834} INFO - Setting next_dagrun for example_external_task_marker_parent to None, run_after=None
[2026-08-26T18:09:05.250+0000] {processor.py:183} INFO - Processing /home/airflow/.local/lib/python3.8/site-packages/airflow/example_dags/example_external_task_marker_dag.py took 0.142 seconds
[2026-08-26T18:09:35.449+0000] {processor.py:161} INFO - Started process (PID=2492) to work on /home/airflow/.local/lib/python3.8/site-packages/airflow/example_dags/example_external_task_marker_dag.py
[2026-08-26T18:09:35.451+0000] {processor.py:830} INFO - Processing file /home/airflow/.local/lib/python3.8/site-packages/airflow/example_dags/example_external_task_marker_dag.py for tasks to queue
[2026-08-26T18:09:35.454+0000] {logging_mixin.py:188} INFO - [2026-08-26T18:09:35.454+0000] {dagbag.py:540} INFO - Filling up the DagBag from /home/airflow/.local/lib/python3.8/site-packages/airflow/example_dags/example_external_task_marker_dag.py
[2026-08-26T18:09:35.464+0000] {processor.py:840} INFO - DAG(s) 'example_external_task_marker_parent', 'example_external_task_marker_child' retrieved from /home/airflow/.local/lib/python3.8/site-packages/airflow/example_dags/example_external_task_marker_dag.py
[2026-08-26T18:09:35.498+0000] {logging_mixin.py:188} INFO - [2026-08-26T18:09:35.497+0000] {dag.py:3047} INFO - Sync 2 DAGs
[2026-08-26T18:09:35.517+0000] {logging_mixin.py:188} INFO - [2026-08-26T18:09:35.517+0000] {dag.py:3834} INFO - Setting next_dagrun for example_external_task_marker_child to None, run_after=None
[2026-08-26T18:09:35.523+0000] {logging_mixin.py:188} INFO - [2026-08-26T18:09:35.523+0000] {dag.py:3834} INFO - Setting next_dagrun for example_external_task_marker_parent to None, run_after=None
[2026-08-26T18:09:35.550+0000] {processor.py:183} INFO - Processing /home/airflow/.local/lib/python3.8/site-packages/airflow/example_dags/example_external_task_marker_dag.py took 0.107 seconds
[2026-08-26T18:10:06.218+0000] {processor.py:161} INFO - Started process (PID=2549) to work on /home/airflow/.local/lib/python3.8/site-packages/airflow/example_dags/example_external_task_marker_dag.py
[2026-08-26T18:10:06.220+0000] {processor.py:830} INFO - Processing file /home/airflow/.local/lib/python3.8/site-packages/airflow/example_dags/example_external_task_marker_dag.py for tasks to queue
[2026-08-26T18:10:06.227+0000] {logging_mixin.py:188} INFO - [2026-08-26T18:10:06.226+0000] {dagbag.py:540} INFO - Filling up the DagBag from /home/airflow/.local/lib/python3.8/site-packages/airflow/example_dags/example_external_task_marker_dag.py
[2026-08-26T18:10:06.237+0000] {processor.py:840} INFO - DAG(s) 'example_external_task_marker_child', 'example_external_task_marker_parent' retrieved from /home/airflow/.local/lib/python3.8/site-packages/airflow/example_dags/example_external_task_marker_dag.py
[2026-08-26T18:10:06.285+0000] {logging_mixin.py:188} INFO - [2026-08-26T18:10:06.284+0000] {dag.py:3047} INFO - Sync 2 DAGs
[2026-08-26T18:10:06.303+0000] {logging_mixin.py:188} INFO - [2026-08-26T18:10:06.303+0000] {dag.py:3834} INFO - Setting next_dagrun for example_external_task_marker_child to None, run_after=None
[2026-08-26T18:10:06.311+0000] {logging_mixin.py:188} INFO - [2026-08-26T18:10:06.310+0000] {dag.py:3834} INFO - Setting next_dagrun for example_external_task_marker_parent to None, run_after=None
[2026-08-26T18:10:06.335+0000] {processor.py:183} INFO - Processing /home/airflow/.local/lib/python3.8/site-packages/airflow/example_dags/example_external_task_marker_dag.py took 0.123 seconds
[2026-08-26T18:10:36.810+0000] {processor.py:161} INFO - Started process (PID=2606) to work on /home/airflow/.local/lib/python3.8/site-packages/airflow/example_dags/example_external_task_marker_dag.py
[2026-08-26T18:10:36.812+0000] {processor.py:830} INFO - Processing file /home/airflow/.local/lib/python3.8/site-packages/airflow/example_dags/example_external_task_marker_dag.py for tasks to queue
[2026-08-26T18:10:36.816+0000] {logging_mixin.py:188} INFO - [2026-08-26T18:10:36.815+0000] {dagbag.py:540} INFO - Filling up the DagBag from /home/airflow/.local/lib/python3.8/site-packages/airflow/example_dags/example_external_task_marker_dag.py
[2026-08-26T18:10:36.826+0000] {processor.py:840} INFO - DAG(s) 'example_external_task_marker_child', 'example_external_task_marker_parent' retrieved from /home/airflow/.local/lib/python3.8/site-packages/airflow/example_dags/example_external_task_marker_dag.py
[2026-08-26T18:10:36.863+0000] {logging_mixin.py:188} INFO - [2026-08-26T18:10:36.863+0000] {dag.py:3047} INFO - Sync 2 DAGs
[2026-08-26T18:10:36.885+0000] {logging_mixin.py:188} INFO - [2026-08-26T18:10:36.884+0000] {dag.py:3834} INFO - Setting next_dagrun for example_external_task_marker_child to None, run_after=None
[2026-08-26T18:10:36.892+0000] {logging_mixin.py:188} INFO - [2026-08-26T18:10:36.892+0000] {dag.py:3834} INFO - Setting next_dagrun for example_external_task_marker_parent to None, run_after=None
[2026-08-26T18:10:36.918+0000] {processor.py:183} INFO - Processing /home/airflow/.local/lib/python3.8/site-packages/airflow/example_dags/example_external_task_marker_dag.py took 0.115 seconds
[2026-08-26T18:11:07.052+0000] {processor.py:161} INFO - Started process (PID=2664) to work on /home/airflow/.local/lib/python3.8/site-packages/airflow/example_dags/example_external_task_marker_dag.py
[2026-08-26T18:11:07.055+0000] {processor.py:830} INFO - Processing file /home/airflow/.local/lib/python3.8/site-packages/airflow/example_dags/example_external_task_marker_dag.py for tasks to queue
[2026-08-26T18:11:07.058+0000] {logging_mixin.py:188} INFO - [2026-08-26T18:11:07.057+0000] {dagbag.py:540} INFO - Filling up the DagBag from /home/airflow/.local/lib/python3.8/site-packages/airflow/example_dags/example_external_task_marker_dag.py
[2026-08-26T18:11:07.065+0000] {processor.py:840} INFO - DAG(s) 'example_external_task_marker_child', 'example_external_task_marker_parent' retrieved from /home/airflow/.local/lib/python3.8/site-packages/airflow/example_dags/example_external_task_marker_dag.py
[2026-08-26T18:11:07.106+0000] {logging_mixin.py:188} INFO - [2026-08-26T18:11:07.105+0000] {dag.py:3047} INFO - Sync 2 DAGs
[2026-08-26T18:11:07.130+0000] {logging_mixin.py:188} INFO - [2026-08-26T18:11:07.130+0000] {dag.py:3834} INFO - Setting next_dagrun for example_external_task_marker_child to None, run_after=None
[2026-08-26T18:11:07.139+0000] {logging_mixin.py:188} INFO - [2026-08-26T18:11:07.139+0000] {dag.py:3834} INFO - Setting next_dagrun for example_external_task_marker_parent to None, run_after=None
[2026-08-26T18:11:07.163+0000] {processor.py:183} INFO - Processing /home/airflow/.local/lib/python3.8/site-packages/airflow/example_dags/example_external_task_marker_dag.py took 0.117 seconds
[2026-08-26T18:11:37.537+0000] {processor.py:161} INFO - Started process (PID=2721) to work on /home/airflow/.local/lib/python3.8/site-packages/airflow/example_dags/example_external_task_marker_dag.py
[2026-08-26T18:11:37.539+0000] {processor.py:830} INFO - Processing file /home/airflow/.local/lib/python3.8/site-packages/airflow/example_dags/example_external_task_marker_dag.py for tasks to queue
[2026-08-26T18:11:37.543+0000] {logging_mixin.py:188} INFO - [2026-08-26T18:11:37.543+0000] {dagbag.py:540} INFO - Filling up the DagBag from /home/airflow/.local/lib/python3.8/site-packages/airflow/example_dags/example_external_task_marker_dag.py
[2026-08-26T18:11:37.552+0000] {processor.py:840} INFO - DAG(s) 'example_external_task_marker_child', 'example_external_task_marker_parent' retrieved from /home/airflow/.local/lib/python3.8/site-packages/airflow/example_dags/example_external_task_marker_dag.py
[2026-08-26T18:11:37.584+0000] {logging_mixin.py:188} INFO - [2026-08-26T18:11:37.584+0000] {dag.py:3047} INFO - Sync 2 DAGs
[2026-08-26T18:11:37.599+0000] {logging_mixin.py:188} INFO - [2026-08-26T18:11:37.599+0000] {dag.py:3834} INFO - Setting next_dagrun for example_external_task_marker_child to None, run_after=None
[2026-08-26T18:11:37.604+0000] {logging_mixin.py:188} INFO - [2026-08-26T18:11:37.604+0000] {dag.py:3834} INFO - Setting next_dagrun for example_external_task_marker_parent to None, run_after=None
[2026-08-26T18:11:37.626+0000] {processor.py:183} INFO - Processing /home/airflow/.local/lib/python3.8/site-packages/airflow/example_dags/example_external_task_marker_dag.py took 0.094 seconds
[2026-08-26T18:12:07.842+0000] {processor.py:161} INFO - Started process (PID=2778) to work on /home/airflow/.local/lib/python3.8/site-packages/airflow/example_dags/example_external_task_marker_dag.py
[2026-08-26T18:12:07.844+0000] {processor.py:830} INFO - Processing file /home/airflow/.local/lib/python3.8/site-packages/airflow/example_dags/example_external_task_marker_dag.py for tasks to queue
[2026-08-26T18:12:07.848+0000] {logging_mixin.py:188} INFO - [2026-08-26T18:12:07.848+0000] {dagbag.py:540} INFO - Filling up the DagBag from /home/airflow/.local/lib/python3.8/site-packages/airflow/example_dags/example_external_task_marker_dag.py
[2026-08-26T18:12:07.856+0000] {processor.py:840} INFO - DAG(s) 'example_external_task_marker_child', 'example_external_task_marker_parent' retrieved from /home/airflow/.local/lib/python3.8/site-packages/airflow/example_dags/example_external_task_marker_dag.py
[2026-08-26T18:12:07.885+0000] {logging_mixin.py:188} INFO - [2026-08-26T18:12:07.885+0000] {dag.py:3047} INFO - Sync 2 DAGs
[2026-08-26T18:12:07.899+0000] {logging_mixin.py:188} INFO - [2026-08-26T18:12:07.899+0000] {dag.py:3834} INFO - Setting next_dagrun for example_external_task_marker_child to None, run_after=None
[2026-08-26T18:12:07.903+0000] {logging_mixin.py:188} INFO - [2026-08-26T18:12:07.903+0000] {dag.py:3834} INFO - Setting next_dagrun for example_external_task_marker_parent to None, run_after=None
[2026-08-26T18:12:07.926+0000] {processor.py:183} INFO - Processing /home/airflow/.local/lib/python3.8/site-packages/airflow/example_dags/example_external_task_marker_dag.py took 0.088 seconds
[2026-08-26T18:12:38.473+0000] {processor.py:161} INFO - Started process (PID=2835) to work on /home/airflow/.local/lib/python3.8/site-packages/airflow/example_dags/example_external_task_marker_dag.py
[2026-08-26T18:12:38.475+0000] {processor.py:830} INFO - Processing file /home/airflow/.local/lib/python3.8/site-packages/airflow/example_dags/example_external_task_marker_dag.py for tasks to queue
[2026-08-26T18:12:38.478+0000] {logging_mixin.py:188} INFO - [2026-08-26T18:12:38.477+0000] {dagbag.py:540} INFO - Filling up the DagBag from /home/airflow/.local/lib/python3.8/site-packages/airflow/example_dags/example_external_task_marker_dag.py
[2026-08-26T18:12:38.485+0000] {processor.py:840} INFO - DAG(s) 'example_external_task_marker_child', 'example_external_task_marker_parent' retrieved from /home/airflow/.local/lib/python3.8/site-packages/airflow/example_dags/example_external_task_marker_dag.py
[2026-08-26T18:12:38.517+0000] {logging_mixin.py:188} INFO - [2026-08-26T18:12:38.517+0000] {dag.py:3047} INFO - Sync 2 DAGs
[2026-08-26T18:12:38.532+0000] {logging_mixin.py:188} INFO - [2026-08-26T18:12:38.532+0000] {dag.py:3834} INFO - Setting next_dagrun for example_external_task_marker_child to None, run_after=None
[2026-08-26T18:12:38.537+0000] {logging_mixin.py:188} INFO - [2026-08-26T18:12:38.537+0000] {dag.py:3834} INFO - Setting next_dagrun for example_external_task_marker_parent to None, run_after=None
[2026-08-26T18:12:38.561+0000] {processor.py:183} INFO - Processing /home/airflow/.local/lib/python3.8/site-packages/airflow/example_dags/example_external_task_marker_dag.py took 0.091 seconds
[2026-08-26T18:13:08.780+0000] {processor.py:161} INFO - Started process (PID=2892) to work on /home/airflow/.local/lib/python3.8/site-packages/airflow/example_dags/example_external_task_marker_dag.py
[2026-08-26T18:13:08.783+0000] {processor.py:830} INFO - Processing file /home/airflow/.local/lib/python3.8/site-packages/airflow/example_dags/example_external_task_marker_dag.py for tasks to queue
[2026-08-26T18:13:08.788+0000] {logging_mixin.py:188} INFO - [2026-08-26T18:13:08.788+0000] {dagbag.py:540} INFO - Filling up the DagBag from /home/airflow/.local/lib/python3.8/site-packages/airflow/example_dags/example_external_task_marker_dag.py
[2026-08-26T18:13:08.804+0000] {processor.py:840} INFO - DAG(s) 'example_external_task_marker_parent', 'example_external_task_marker_child' retrieved from /home/airflow/.local/lib/python3.8/site-packages/airflow/example_dags/example_external_task_marker_dag.py
[2026-08-26T18:13:08.855+0000] {logging_mixin.py:188} INFO - [2026-08-26T18:13:08.855+0000] {dag.py:3047} INFO - Sync 2 DAGs
[2026-08-26T18:13:08.877+0000] {logging_mixin.py:188} INFO - [2026-08-26T18:13:08.877+0000] {dag.py:3834} INFO - Setting next_dagrun for example_external_task_marker_child to None, run_after=None
[2026-08-26T18:13:08.882+0000] {logging_mixin.py:188} INFO - [2026-08-26T18:13:08.881+0000] {dag.py:3834} INFO - Setting next_dagrun for example_external_task_marker_parent to None, run_after=None
[2026-08-26T18:13:08.905+0000] {processor.py:183} INFO - Processing /home/airflow/.local/lib/python3.8/site-packages/airflow/example_dags/example_external_task_marker_dag.py took 0.133 seconds
[2026-08-26T18:13:39.485+0000] {processor.py:161} INFO - Started process (PID=2949) to work on /home/airflow/.local/lib/python3.8/site-packages/airflow/example_dags/example_external_task_marker_dag.py
[2026-08-26T18:13:39.487+0000] {processor.py:830} INFO - Processing file /home/airflow/.local/lib/python3.8/site-packages/airflow/example_dags/example_external_task_marker_dag.py for tasks to queue
[2026-08-26T18:13:39.490+0000] {logging_mixin.py:188} INFO - [2026-08-26T18:13:39.489+0000] {dagbag.py:540} INFO - Filling up the DagBag from /home/airflow/.local/lib/python3.8/site-packages/airflow/example_dags/example_external_task_marker_dag.py
[2026-08-26T18:13:39.497+0000] {processor.py:840} INFO - DAG(s) 'example_external_task_marker_parent', 'example_external_task_marker_child' retrieved from /home/airflow/.local/lib/python3.8/site-packages/airflow/example_dags/example_external_task_marker_dag.py
[2026-08-26T18:13:39.526+0000] {logging_mixin.py:188} INFO - [2026-08-26T18:13:39.526+0000] {dag.py:3047} INFO - Sync 2 DAGs
[2026-08-26T18:13:39.541+0000] {logging_mixin.py:188} INFO - [2026-08-26T18:13:39.541+0000] {dag.py:3834} INFO - Setting next_dagrun for example_external_task_marker_child to None, run_after=None
[2026-08-26T18:13:39.547+0000] {logging_mixin.py:188} INFO - [2026-08-26T18:13:39.547+0000] {dag.py:3834} INFO - Setting next_dagrun for example_external_task_marker_parent to None, run_after=None
[2026-08-26T18:13:39.568+0000] {processor.py:183} INFO - Processing /home/airflow/.local/lib/python3.8/site-packages/airflow/example_dags/example_external_task_marker_dag.py took 0.087 seconds
[2026-08-26T18:14:10.030+0000] {processor.py:161} INFO - Started process (PID=3006) to work on /home/airflow/.local/lib/python3.8/site-packages/airflow/example_dags/example_external_task_marker_dag.py
[2026-08-26T18:14:10.032+0000] {processor.py:830} INFO - Processing file /home/airflow/.local/lib/python3.8/site-packages/airflow/example_dags/example_external_task_marker_dag.py for tasks to queue
[2026-08-26T18:14:10.035+0000] {logging_mixin.py:188} INFO - [2026-08-26T18:14:10.035+0000] {dagbag.py:540} INFO - Filling up the DagBag from /home/airflow/.local/lib/python3.8/site-packages/airflow/example_dags/example_external_task_marker_dag.py
[2026-08-26T18:14:10.045+0000] {processor.py:840} INFO - DAG(s) 'example_external_task_marker_child', 'example_external_task_marker_parent' retrieved from /home/airflow/.local/lib/python3.8/site-packages/airflow/example_dags/example_external_task_marker_dag.py
[2026-08-26T18:14:10.076+0000] {logging_mixin.py:188} INFO - [2026-08-26T18:14:10.075+0000] {dag.py:3047} INFO - Sync 2 DAGs
[2026-08-26T18:14:10.093+0000] {logging_mixin.py:188} INFO - [2026-08-26T18:14:10.093+0000] {dag.py:3834} INFO - Setting next_dagrun for example_external_task_marker_child to None, run_after=None
[2026-08-26T18:14:10.098+0000] {logging_mixin.py:188} INFO - [2026-08-26T18:14:10.098+0000] {dag.py:3834} INFO - Setting next_dagrun for example_external_task_marker_parent to None, run_after=None
[2026-08-26T18:14:10.120+0000] {processor.py:183} INFO - Processing /home/airflow/.local/lib/python3.8/site-packages/airflow/example_dags/example_external_task_marker_dag.py took 0.095 seconds
[2026-08-26T18:14:40.752+0000] {processor.py:161} INFO - Started process (PID=3063) to work on /home/airflow/.local/lib/python3.8/site-packages/airflow/example_dags/example_external_task_marker_dag.py
[2026-08-26T18:14:40.754+0000] {processor.py:830} INFO - Processing file /home/airflow/.local/lib/python3.8/site-packages/airflow/example_dags/example_external_task_marker_dag.py for tasks to queue
[2026-08-26T18:14:40.756+0000] {logging_mixin.py:188} INFO - [2026-08-26T18:14:40.756+0000] {dagbag.py:540} INFO - Filling up the DagBag from /home/airflow/.local/lib/python3.8/site-packages/airflow/example_dags/example_external_task_marker_dag.py
[2026-08-26T18:14:40.763+0000] {processor.py:840} INFO - DAG(s) 'example_external_task_marker_child', 'example_external_task_marker_parent' retrieved from /home/airflow/.local/lib/python3.8/site-packages/airflow/example_dags/example_external_task_marker_dag.py
[2026-08-26T18:14:40.792+0000] {logging_mixin.py:188} INFO - [2026-08-26T18:14:40.792+0000] {dag.py:3047} INFO - Sync 2 DAGs
[2026-08-26T18:14:40.964+0000] {logging_mixin.py:188} INFO - [2026-08-26T18:14:40.964+0000] {dag.py:3834} INFO - Setting next_dagrun for example_external_task_marker_child to None, run_after=None
[2026-08-26T18:14:40.969+0000] {logging_mixin.py:188} INFO - [2026-08-26T18:14:40.969+0000] {dag.py:3834} INFO - Setting next_dagrun for example_external_task_marker_parent to None, run_after=None
[2026-08-26T18:14:40.989+0000] {processor.py:183} INFO - Processing /home/airflow/.local/lib/python3.8/site-packages/airflow/example_dags/example_external_task_marker_dag.py took 0.242 seconds
[2026-08-26T18:15:11.358+0000] {processor.py:161} INFO - Started process (PID=3120) to work on /home/airflow/.local/lib/python3.8/site-packages/airflow/example_dags/example_external_task_marker_dag.py
[2026-08-26T18:15:11.360+0000] {processor.py:830} INFO - Processing file /home/airflow/.local/lib/python3.8/site-packages/airflow/example_dags/example_external_task_marker_dag.py for tasks to queue
[2026-08-26T18:15:11.363+0000] {logging_mixin.py:188} INFO - [2026-08-26T18:15:11.363+0000] {dagbag.py:540} INFO - Filling up the DagBag from /home/airflow/.local/lib/python3.8/site-packages/airflow/example_dags/example_external_task_marker_dag.py
[2026-08-26T18:15:11.371+0000] {processor.py:840} INFO - DAG(s) 'example_external_task_marker_child', 'example_external_task_marker_parent' retrieved from /home/airflow/.local/lib/python3.8/site-packages/airflow/example_dags/example_external_task_marker_dag.py
[2026-08-26T18:15:11.403+0000] {logging_mixin.py:188} INFO - [2026-08-26T18:15:11.403+0000] {dag.py:3047} INFO - Sync 2 DAGs
[2026-08-26T18:15:11.570+0000] {logging_mixin.py:188} INFO - [2026-08-26T18:15:11.569+0000] {dag.py:3834} INFO - Setting next_dagrun for example_external_task_marker_child to None, run_after=None
[2026-08-26T18:15:11.574+0000] {logging_mixin.py:188} INFO - [2026-08-26T18:15:11.574+0000] {dag.py:3834} INFO - Setting next_dagrun for example_external_task_marker_parent to None, run_after=None
[2026-08-26T18:15:11.595+0000] {processor.py:183} INFO - Processing /home/airflow/.local/lib/python3.8/site-packages/airflow/example_dags/example_external_task_marker_dag.py took 0.240 seconds
[2026-08-26T18:15:41.801+0000] {processor.py:161} INFO - Started process (PID=3177) to work on /home/airflow/.local/lib/python3.8/site-packages/airflow/example_dags/example_external_task_marker_dag.py
[2026-08-26T18:15:41.802+0000] {processor.py:830} INFO - Processing file /home/airflow/.local/lib/python3.8/site-packages/airflow/example_dags/example_external_task_marker_dag.py for tasks to queue
[2026-08-26T18:15:41.805+0000] {logging_mixin.py:188} INFO - [2026-08-26T18:15:41.805+0000] {dagbag.py:540} INFO - Filling up the DagBag from /home/airflow/.local/lib/python3.8/site-packages/airflow/example_dags/example_external_task_marker_dag.py
[2026-08-26T18:15:41.814+0000] {processor.py:840} INFO - DAG(s) 'example_external_task_marker_parent', 'example_external_task_marker_child' retrieved from /home/airflow/.local/lib/python3.8/site-packages/airflow/example_dags/example_external_task_marker_dag.py
[2026-08-26T18:15:41.841+0000] {logging_mixin.py:188} INFO - [2026-08-26T18:15:41.841+0000] {dag.py:3047} INFO - Sync 2 DAGs
[2026-08-26T18:15:41.856+0000] {logging_mixin.py:188} INFO - [2026-08-26T18:15:41.856+0000] {dag.py:3834} INFO - Setting next_dagrun for example_external_task_marker_child to None, run_after=None
[2026-08-26T18:15:41.862+0000] {logging_mixin.py:188} INFO - [2026-08-26T18:15:41.862+0000] {dag.py:3834} INFO - Setting next_dagrun for example_external_task_marker_parent to None, run_after=None
[2026-08-26T18:15:42.027+0000] {processor.py:183} INFO - Processing /home/airflow/.local/lib/python3.8/site-packages/airflow/example_dags/example_external_task_marker_dag.py took 0.230 seconds
[2026-08-26T18:16:12.753+0000] {processor.py:161} INFO - Started process (PID=3234) to work on /home/airflow/.local/lib/python3.8/site-packages/airflow/example_dags/example_external_task_marker_dag.py
[2026-08-26T18:16:12.756+0000] {processor.py:830} INFO - Processing file /home/airflow/.local/lib/python3.8/site-packages/airflow/example_dags/example_external_task_marker_dag.py for tasks to queue
[2026-08-26T18:16:12.759+0000] {logging_mixin.py:188} INFO - [2026-08-26T18:16:12.759+0000] {dagbag.py:540} INFO - Filling up the DagBag from /home/airflow/.local/lib/python3.8/site-packages/airflow/example_dags/example_external_task_marker_dag.py
[2026-08-26T18:16:12.767+0000] {processor.py:840} INFO - DAG(s) 'example_external_task_marker_child', 'example_external_task_marker_parent' retrieved from /home/airflow/.local/lib/python3.8/site-packages/airflow/example_dags/example_external_task_marker_dag.py
[2026-08-26T18:16:12.798+0000] {logging_mixin.py:188} INFO - [2026-08-26T18:16:12.798+0000] {dag.py:3047} INFO - Sync 2 DAGs
[2026-08-26T18:16:12.814+0000] {logging_mixin.py:188} INFO - [2026-08-26T18:16:12.814+0000] {dag.py:3834} INFO - Setting next_dagrun for example_external_task_marker_child to None, run_after=None
[2026-08-26T18:16:12.819+0000] {logging_mixin.py:188} INFO - [2026-08-26T18:16:12.819+0000] {dag.py:3834} INFO - Setting next_dagrun for example_external_task_marker_parent to None, run_after=None
[2026-08-26T18:16:12.839+0000] {processor.py:183} INFO - Processing /home/airflow/.local/lib/python3.8/site-packages/airflow/example_dags/example_external_task_marker_dag.py took 0.092 seconds
[2026-08-26T18:16:43.330+0000] {processor.py:161} INFO - Started process (PID=3291) to work on /home/airflow/.local/lib/python3.8/site-packages/airflow/example_dags/example_external_task_marker_dag.py
[2026-08-26T18:16:43.332+0000] {processor.py:830} INFO - Processing file /home/airflow/.local/lib/python3.8/site-packages/airflow/example_dags/example_external_task_marker_dag.py for tasks to queue
[2026-08-26T18:16:43.335+0000] {logging_mixin.py:188} INFO - [2026-08-26T18:16:43.335+0000] {dagbag.py:540} INFO - Filling up the DagBag from /home/airflow/.local/lib/python3.8/site-packages/airflow/example_dags/example_external_task_marker_dag.py
[2026-08-26T18:16:43.343+0000] {processor.py:840} INFO - DAG(s) 'example_external_task_marker_parent', 'example_external_task_marker_child' retrieved from /home/airflow/.local/lib/python3.8/site-packages/airflow/example_dags/example_external_task_marker_dag.py
[2026-08-26T18:16:43.374+0000] {logging_mixin.py:188} INFO - [2026-08-26T18:16:43.374+0000] {dag.py:3047} INFO - Sync 2 DAGs
[2026-08-26T18:16:43.388+0000] {logging_mixin.py:188} INFO - [2026-08-26T18:16:43.388+0000] {dag.py:3834} INFO - Setting next_dagrun for example_external_task_marker_child to None, run_after=None
[2026-08-26T18:16:43.393+0000] {logging_mixin.py:188} INFO - [2026-08-26T18:16:43.392+0000] {dag.py:3834} INFO - Setting next_dagrun for example_external_task_marker_parent to None, run_after=None
[2026-08-26T18:16:43.413+0000] {processor.py:183} INFO - Processing /home/airflow/.local/lib/python3.8/site-packages/airflow/example_dags/example_external_task_marker_dag.py took 0.087 seconds
[2026-08-26T18:17:13.910+0000] {processor.py:161} INFO - Started process (PID=3348) to work on /home/airflow/.local/lib/python3.8/site-packages/airflow/example_dags/example_external_task_marker_dag.py
[2026-08-26T18:17:13.912+0000] {processor.py:830} INFO - Processing file /home/airflow/.local/lib/python3.8/site-packages/airflow/example_dags/example_external_task_marker_dag.py for tasks to queue
[2026-08-26T18:17:13.914+0000] {logging_mixin.py:188} INFO - [2026-08-26T18:17:13.914+0000] {dagbag.py:540} INFO - Filling up the DagBag from /home/airflow/.local/lib/python3.8/site-packages/airflow/example_dags/example_external_task_marker_dag.py
[2026-08-26T18:17:13.922+0000] {processor.py:840} INFO - DAG(s) 'example_external_task_marker_parent', 'example_external_task_marker_child' retrieved from /home/airflow/.local/lib/python3.8/site-packages/airflow/example_dags/example_external_task_marker_dag.py
[2026-08-26T18:17:13.950+0000] {logging_mixin.py:188} INFO - [2026-08-26T18:17:13.950+0000] {dag.py:3047} INFO - Sync 2 DAGs
[2026-08-26T18:17:13.963+0000] {logging_mixin.py:188} INFO - [2026-08-26T18:17:13.963+0000] {dag.py:3834} INFO - Setting next_dagrun for example_external_task_marker_child to None, run_after=None
[2026-08-26T18:17:13.968+0000] {logging_mixin.py:188} INFO - [2026-08-26T18:17:13.968+0000] {dag.py:3834} INFO - Setting next_dagrun for example_external_task_marker_parent to None, run_after=None
[2026-08-26T18:17:13.989+0000] {processor.py:183} INFO - Processing /home/airflow/.local/lib/python3.8/site-packages/airflow/example_dags/example_external_task_marker_dag.py took 0.083 seconds
[2026-08-26T18:17:44.474+0000] {processor.py:161} INFO - Started process (PID=3405) to work on /home/airflow/.local/lib/python3.8/site-packages/airflow/example_dags/example_external_task_marker_dag.py
[2026-08-26T18:17:44.476+0000] {processor.py:830} INFO - Processing file /home/airflow/.local/lib/python3.8/site-packages/airflow/example_dags/example_external_task_marker_dag.py for tasks to queue
[2026-08-26T18:17:44.478+0000] {logging_mixin.py:188} INFO - [2026-08-26T18:17:44.478+0000] {dagbag.py:540} INFO - Filling up the DagBag from /home/airflow/.local/lib/python3.8/site-packages/airflow/example_dags/example_external_task_marker_dag.py
[2026-08-26T18:17:44.487+0000] {processor.py:840} INFO - DAG(s) 'example_external_task_marker_parent', 'example_external_task_marker_child' retrieved from /home/airflow/.local/lib/python3.8/site-packages/airflow/example_dags/example_external_task_marker_dag.py
[2026-08-26T18:17:44.517+0000] {logging_mixin.py:188} INFO - [2026-08-26T18:17:44.517+0000] {dag.py:3047} INFO - Sync 2 DAGs
[2026-08-26T18:17:44.533+0000] {logging_mixin.py:188} INFO - [2026-08-26T18:17:44.533+0000] {dag.py:3834} INFO - Setting next_dagrun for example_external_task_marker_child to None, run_after=None
[2026-08-26T18:17:44.538+0000] {logging_mixin.py:188} INFO - [2026-08-26T18:17:44.538+0000] {dag.py:3834} INFO - Setting next_dagrun for example_external_task_marker_parent to None, run_after=None
[2026-08-26T18:17:44.559+0000] {processor.py:183} INFO - Processing /home/airflow/.local/lib/python3.8/site-packages/airflow/example_dags/example_external_task_marker_dag.py took 0.089 seconds
[2026-08-26T18:18:14.751+0000] {processor.py:161} INFO - Started process (PID=3463) to work on /home/airflow/.local/lib/python3.8/site-packages/airflow/example_dags/example_external_task_marker_dag.py
[2026-08-26T18:18:14.753+0000] {processor.py:830} INFO - Processing file /home/airflow/.local/lib/python3.8/site-packages/airflow/example_dags/example_external_task_marker_dag.py for tasks to queue
[2026-08-26T18:18:14.757+0000] {logging_mixin.py:188} INFO - [2026-08-26T18:18:14.757+0000] {dagbag.py:540} INFO - Filling up the DagBag from /home/airflow/.local/lib/python3.8/site-packages/airflow/example_dags/example_external_task_marker_dag.py
[2026-08-26T18:18:14.766+0000] {processor.py:840} INFO - DAG(s) 'example_external_task_marker_parent', 'example_external_task_marker_child' retrieved from /home/airflow/.local/lib/python3.8/site-packages/airflow/example_dags/example_external_task_marker_dag.py
[2026-08-26T18:18:14.799+0000] {logging_mixin.py:188} INFO - [2026-08-26T18:18:14.799+0000] {dag.py:3047} INFO - Sync 2 DAGs
[2026-08-26T18:18:14.814+0000] {logging_mixin.py:188} INFO - [2026-08-26T18:18:14.814+0000] {dag.py:3834} INFO - Setting next_dagrun for example_external_task_marker_child to None, run_after=None
[2026-08-26T18:18:14.819+0000] {logging_mixin.py:188} INFO - [2026-08-26T18:18:14.819+0000] {dag.py:3834} INFO - Setting next_dagrun for example_external_task_marker_parent to None, run_after=None
[2026-08-26T18:18:14.839+0000] {processor.py:183} INFO - Processing /home/airflow/.local/lib/python3.8/site-packages/airflow/example_dags/example_external_task_marker_dag.py took 0.094 seconds
[2026-08-26T18:18:45.228+0000] {processor.py:161} INFO - Started process (PID=3521) to work on /home/airflow/.local/lib/python3.8/site-packages/airflow/example_dags/example_external_task_marker_dag.py
[2026-08-26T18:18:45.230+0000] {processor.py:830} INFO - Processing file /home/airflow/.local/lib/python3.8/site-packages/airflow/example_dags/example_external_task_marker_dag.py for tasks to queue
[2026-08-26T18:18:45.233+0000] {logging_mixin.py:188} INFO - [2026-08-26T18:18:45.232+0000] {dagbag.py:540} INFO - Filling up the DagBag from /home/airflow/.local/lib/python3.8/site-packages/airflow/example_dags/example_external_task_marker_dag.py
[2026-08-26T18:18:45.240+0000] {processor.py:840} INFO - DAG(s) 'example_external_task_marker_parent', 'example_external_task_marker_child' retrieved from /home/airflow/.local/lib/python3.8/site-packages/airflow/example_dags/example_external_task_marker_dag.py
[2026-08-26T18:18:45.271+0000] {logging_mixin.py:188} INFO - [2026-08-26T18:18:45.271+0000] {dag.py:3047} INFO - Sync 2 DAGs
[2026-08-26T18:18:45.286+0000] {logging_mixin.py:188} INFO - [2026-08-26T18:18:45.286+0000] {dag.py:3834} INFO - Setting next_dagrun for example_external_task_marker_child to None, run_after=None
[2026-08-26T18:18:45.291+0000] {logging_mixin.py:188} INFO - [2026-08-26T18:18:45.291+0000] {dag.py:3834} INFO - Setting next_dagrun for example_external_task_marker_parent to None, run_after=None
[2026-08-26T18:18:45.313+0000] {processor.py:183} INFO - Processing /home/airflow/.local/lib/python3.8/site-packages/airflow/example_dags/example_external_task_marker_dag.py took 0.090 seconds
[2026-08-26T18:19:15.722+0000] {processor.py:161} INFO - Started process (PID=3579) to work on /home/airflow/.local/lib/python3.8/site-packages/airflow/example_dags/example_external_task_marker_dag.py
[2026-08-26T18:19:15.724+0000] {processor.py:830} INFO - Processing file /home/airflow/.local/lib/python3.8/site-packages/airflow/example_dags/example_external_task_marker_dag.py for tasks to queue
[2026-08-26T18:19:15.727+0000] {logging_mixin.py:188} INFO - [2026-08-26T18:19:15.726+0000] {dagbag.py:540} INFO - Filling up the DagBag from /home/airflow/.local/lib/python3.8/site-packages/airflow/example_dags/example_external_task_marker_dag.py
[2026-08-26T18:19:15.735+0000] {processor.py:840} INFO - DAG(s) 'example_external_task_marker_child', 'example_external_task_marker_parent' retrieved from /home/airflow/.local/lib/python3.8/site-packages/airflow/example_dags/example_external_task_marker_dag.py
[2026-08-26T18:19:15.763+0000] {logging_mixin.py:188} INFO - [2026-08-26T18:19:15.763+0000] {dag.py:3047} INFO - Sync 2 DAGs
[2026-08-26T18:19:15.778+0000] {logging_mixin.py:188} INFO - [2026-08-26T18:19:15.778+0000] {dag.py:3834} INFO - Setting next_dagrun for example_external_task_marker_child to None, run_after=None
[2026-08-26T18:19:15.783+0000] {logging_mixin.py:188} INFO - [2026-08-26T18:19:15.783+0000] {dag.py:3834} INFO - Setting next_dagrun for example_external_task_marker_parent to None, run_after=None
[2026-08-26T18:19:15.807+0000] {processor.py:183} INFO - Processing /home/airflow/.local/lib/python3.8/site-packages/airflow/example_dags/example_external_task_marker_dag.py took 0.089 seconds
[2026-08-26T18:19:46.323+0000] {processor.py:161} INFO - Started process (PID=3636) to work on /home/airflow/.local/lib/python3.8/site-packages/airflow/example_dags/example_external_task_marker_dag.py
[2026-08-26T18:19:46.325+0000] {processor.py:830} INFO - Processing file /home/airflow/.local/lib/python3.8/site-packages/airflow/example_dags/example_external_task_marker_dag.py for tasks to queue
[2026-08-26T18:19:46.329+0000] {logging_mixin.py:188} INFO - [2026-08-26T18:19:46.329+0000] {dagbag.py:540} INFO - Filling up the DagBag from /home/airflow/.local/lib/python3.8/site-packages/airflow/example_dags/example_external_task_marker_dag.py
[2026-08-26T18:19:46.338+0000] {processor.py:840} INFO - DAG(s) 'example_external_task_marker_child', 'example_external_task_marker_parent' retrieved from /home/airflow/.local/lib/python3.8/site-packages/airflow/example_dags/example_external_task_marker_dag.py
[2026-08-26T18:19:46.370+0000] {logging_mixin.py:188} INFO - [2026-08-26T18:19:46.369+0000] {dag.py:3047} INFO - Sync 2 DAGs
[2026-08-26T18:19:46.386+0000] {logging_mixin.py:188} INFO - [2026-08-26T18:19:46.386+0000] {dag.py:3834} INFO - Setting next_dagrun for example_external_task_marker_child to None, run_after=None
[2026-08-26T18:19:46.391+0000] {logging_mixin.py:188} INFO - [2026-08-26T18:19:46.391+0000] {dag.py:3834} INFO - Setting next_dagrun for example_external_task_marker_parent to None, run_after=None
[2026-08-26T18:19:46.414+0000] {processor.py:183} INFO - Processing /home/airflow/.local/lib/python3.8/site-packages/airflow/example_dags/example_external_task_marker_dag.py took 0.096 seconds
[2026-08-26T18:20:17.238+0000] {processor.py:161} INFO - Started process (PID=3693) to work on /home/airflow/.local/lib/python3.8/site-packages/airflow/example_dags/example_external_task_marker_dag.py
[2026-08-26T18:20:17.240+0000] {processor.py:830} INFO - Processing file /home/airflow/.local/lib/python3.8/site-packages/airflow/example_dags/example_external_task_marker_dag.py for tasks to queue
[2026-08-26T18:20:17.243+0000] {logging_mixin.py:188} INFO - [2026-08-26T18:20:17.242+0000] {dagbag.py:540} INFO - Filling up the DagBag from /home/airflow/.local/lib/python3.8/site-packages/airflow/example_dags/example_external_task_marker_dag.py
[2026-08-26T18:20:17.252+0000] {processor.py:840} INFO - DAG(s) 'example_external_task_marker_child', 'example_external_task_marker_parent' retrieved from /home/airflow/.local/lib/python3.8/site-packages/airflow/example_dags/example_external_task_marker_dag.py
[2026-08-26T18:20:17.286+0000] {logging_mixin.py:188} INFO - [2026-08-26T18:20:17.285+0000] {dag.py:3047} INFO - Sync 2 DAGs
[2026-08-26T18:20:17.307+0000] {logging_mixin.py:188} INFO - [2026-08-26T18:20:17.306+0000] {dag.py:3834} INFO - Setting next_dagrun for example_external_task_marker_child to None, run_after=None
[2026-08-26T18:20:17.312+0000] {logging_mixin.py:188} INFO - [2026-08-26T18:20:17.312+0000] {dag.py:3834} INFO - Setting next_dagrun for example_external_task_marker_parent to None, run_after=None
[2026-08-26T18:20:17.338+0000] {processor.py:183} INFO - Processing /home/airflow/.local/lib/python3.8/site-packages/airflow/example_dags/example_external_task_marker_dag.py took 0.105 seconds
[2026-08-26T18:20:47.831+0000] {processor.py:161} INFO - Started process (PID=3750) to work on /home/airflow/.local/lib/python3.8/site-packages/airflow/example_dags/example_external_task_marker_dag.py
[2026-08-26T18:20:47.833+0000] {processor.py:830} INFO - Processing file /home/airflow/.local/lib/python3.8/site-packages/airflow/example_dags/example_external_task_marker_dag.py for tasks to queue
[2026-08-26T18:20:47.836+0000] {logging_mixin.py:188} INFO - [2026-08-26T18:20:47.836+0000] {dagbag.py:540} INFO - Filling up the DagBag from /home/airflow/.local/lib/python3.8/site-packages/airflow/example_dags/example_external_task_marker_dag.py
[2026-08-26T18:20:47.844+0000] {processor.py:840} INFO - DAG(s) 'example_external_task_marker_parent', 'example_external_task_marker_child' retrieved from /home/airflow/.local/lib/python3.8/site-packages/airflow/example_dags/example_external_task_marker_dag.py
[2026-08-26T18:20:47.875+0000] {logging_mixin.py:188} INFO - [2026-08-26T18:20:47.874+0000] {dag.py:3047} INFO - Sync 2 DAGs
[2026-08-26T18:20:47.889+0000] {logging_mixin.py:188} INFO - [2026-08-26T18:20:47.889+0000] {dag.py:3834} INFO - Setting next_dagrun for example_external_task_marker_child to None, run_after=None
[2026-08-26T18:20:47.894+0000] {logging_mixin.py:188} INFO - [2026-08-26T18:20:47.893+0000] {dag.py:3834} INFO - Setting next_dagrun for example_external_task_marker_parent to None, run_after=None
[2026-08-26T18:20:47.915+0000] {processor.py:183} INFO - Processing /home/airflow/.local/lib/python3.8/site-packages/airflow/example_dags/example_external_task_marker_dag.py took 0.088 seconds
[2026-08-26T18:21:18.447+0000] {processor.py:161} INFO - Started process (PID=3807) to work on /home/airflow/.local/lib/python3.8/site-packages/airflow/example_dags/example_external_task_marker_dag.py
[2026-08-26T18:21:18.449+0000] {processor.py:830} INFO - Processing file /home/airflow/.local/lib/python3.8/site-packages/airflow/example_dags/example_external_task_marker_dag.py for tasks to queue
[2026-08-26T18:21:18.452+0000] {logging_mixin.py:188} INFO - [2026-08-26T18:21:18.452+0000] {dagbag.py:540} INFO - Filling up the DagBag from /home/airflow/.local/lib/python3.8/site-packages/airflow/example_dags/example_external_task_marker_dag.py
[2026-08-26T18:21:18.461+0000] {processor.py:840} INFO - DAG(s) 'example_external_task_marker_parent', 'example_external_task_marker_child' retrieved from /home/airflow/.local/lib/python3.8/site-packages/airflow/example_dags/example_external_task_marker_dag.py
[2026-08-26T18:21:18.492+0000] {logging_mixin.py:188} INFO - [2026-08-26T18:21:18.492+0000] {dag.py:3047} INFO - Sync 2 DAGs
[2026-08-26T18:21:18.508+0000] {logging_mixin.py:188} INFO - [2026-08-26T18:21:18.507+0000] {dag.py:3834} INFO - Setting next_dagrun for example_external_task_marker_child to None, run_after=None
[2026-08-26T18:21:18.513+0000] {logging_mixin.py:188} INFO - [2026-08-26T18:21:18.513+0000] {dag.py:3834} INFO - Setting next_dagrun for example_external_task_marker_parent to None, run_after=None
[2026-08-26T18:21:18.536+0000] {processor.py:183} INFO - Processing /home/airflow/.local/lib/python3.8/site-packages/airflow/example_dags/example_external_task_marker_dag.py took 0.094 seconds
[2026-08-26T18:21:48.801+0000] {processor.py:161} INFO - Started process (PID=3864) to work on /home/airflow/.local/lib/python3.8/site-packages/airflow/example_dags/example_external_task_marker_dag.py
[2026-08-26T18:21:48.803+0000] {processor.py:830} INFO - Processing file /home/airflow/.local/lib/python3.8/site-packages/airflow/example_dags/example_external_task_marker_dag.py for tasks to queue
[2026-08-26T18:21:48.806+0000] {logging_mixin.py:188} INFO - [2026-08-26T18:21:48.806+0000] {dagbag.py:540} INFO - Filling up the DagBag from /home/airflow/.local/lib/python3.8/site-packages/airflow/example_dags/example_external_task_marker_dag.py
[2026-08-26T18:21:48.817+0000] {processor.py:840} INFO - DAG(s) 'example_external_task_marker_child', 'example_external_task_marker_parent' retrieved from /home/airflow/.local/lib/python3.8/site-packages/airflow/example_dags/example_external_task_marker_dag.py
[2026-08-26T18:21:48.852+0000] {logging_mixin.py:188} INFO - [2026-08-26T18:21:48.852+0000] {dag.py:3047} INFO - Sync 2 DAGs
[2026-08-26T18:21:48.872+0000] {logging_mixin.py:188} INFO - [2026-08-26T18:21:48.871+0000] {dag.py:3834} INFO - Setting next_dagrun for example_external_task_marker_child to None, run_after=None
[2026-08-26T18:21:48.879+0000] {logging_mixin.py:188} INFO - [2026-08-26T18:21:48.879+0000] {dag.py:3834} INFO - Setting next_dagrun for example_external_task_marker_parent to None, run_after=None
[2026-08-26T18:21:48.904+0000] {processor.py:183} INFO - Processing /home/airflow/.local/lib/python3.8/site-packages/airflow/example_dags/example_external_task_marker_dag.py took 0.108 seconds
[2026-08-26T18:22:19.280+0000] {processor.py:161} INFO - Started process (PID=3921) to work on /home/airflow/.local/lib/python3.8/site-packages/airflow/example_dags/example_external_task_marker_dag.py
[2026-08-26T18:22:19.283+0000] {processor.py:830} INFO - Processing file /home/airflow/.local/lib/python3.8/site-packages/airflow/example_dags/example_external_task_marker_dag.py for tasks to queue
[2026-08-26T18:22:19.291+0000] {logging_mixin.py:188} INFO - [2026-08-26T18:22:19.288+0000] {dagbag.py:540} INFO - Filling up the DagBag from /home/airflow/.local/lib/python3.8/site-packages/airflow/example_dags/example_external_task_marker_dag.py
[2026-08-26T18:22:19.304+0000] {processor.py:840} INFO - DAG(s) 'example_external_task_marker_parent', 'example_external_task_marker_child' retrieved from /home/airflow/.local/lib/python3.8/site-packages/airflow/example_dags/example_external_task_marker_dag.py
[2026-08-26T18:22:19.359+0000] {logging_mixin.py:188} INFO - [2026-08-26T18:22:19.359+0000] {dag.py:3047} INFO - Sync 2 DAGs
[2026-08-26T18:22:19.383+0000] {logging_mixin.py:188} INFO - [2026-08-26T18:22:19.382+0000] {dag.py:3834} INFO - Setting next_dagrun for example_external_task_marker_child to None, run_after=None
[2026-08-26T18:22:19.433+0000] {logging_mixin.py:188} INFO - [2026-08-26T18:22:19.433+0000] {dag.py:3834} INFO - Setting next_dagrun for example_external_task_marker_parent to None, run_after=None
[2026-08-26T18:22:19.485+0000] {processor.py:183} INFO - Processing /home/airflow/.local/lib/python3.8/site-packages/airflow/example_dags/example_external_task_marker_dag.py took 0.215 seconds
[2026-08-26T18:22:49.723+0000] {processor.py:161} INFO - Started process (PID=3978) to work on /home/airflow/.local/lib/python3.8/site-packages/airflow/example_dags/example_external_task_marker_dag.py
[2026-08-26T18:22:49.725+0000] {processor.py:830} INFO - Processing file /home/airflow/.local/lib/python3.8/site-packages/airflow/example_dags/example_external_task_marker_dag.py for tasks to queue
[2026-08-26T18:22:49.728+0000] {logging_mixin.py:188} INFO - [2026-08-26T18:22:49.728+0000] {dagbag.py:540} INFO - Filling up the DagBag from /home/airflow/.local/lib/python3.8/site-packages/airflow/example_dags/example_external_task_marker_dag.py
[2026-08-26T18:22:49.737+0000] {processor.py:840} INFO - DAG(s) 'example_external_task_marker_child', 'example_external_task_marker_parent' retrieved from /home/airflow/.local/lib/python3.8/site-packages/airflow/example_dags/example_external_task_marker_dag.py
[2026-08-26T18:22:49.768+0000] {logging_mixin.py:188} INFO - [2026-08-26T18:22:49.767+0000] {dag.py:3047} INFO - Sync 2 DAGs
[2026-08-26T18:22:49.783+0000] {logging_mixin.py:188} INFO - [2026-08-26T18:22:49.783+0000] {dag.py:3834} INFO - Setting next_dagrun for example_external_task_marker_child to None, run_after=None
[2026-08-26T18:22:49.790+0000] {logging_mixin.py:188} INFO - [2026-08-26T18:22:49.789+0000] {dag.py:3834} INFO - Setting next_dagrun for example_external_task_marker_parent to None, run_after=None
[2026-08-26T18:22:49.812+0000] {processor.py:183} INFO - Processing /home/airflow/.local/lib/python3.8/site-packages/airflow/example_dags/example_external_task_marker_dag.py took 0.094 seconds
[2026-08-26T18:23:20.152+0000] {processor.py:161} INFO - Started process (PID=4035) to work on /home/airflow/.local/lib/python3.8/site-packages/airflow/example_dags/example_external_task_marker_dag.py
[2026-08-26T18:23:20.154+0000] {processor.py:830} INFO - Processing file /home/airflow/.local/lib/python3.8/site-packages/airflow/example_dags/example_external_task_marker_dag.py for tasks to queue
[2026-08-26T18:23:20.158+0000] {logging_mixin.py:188} INFO - [2026-08-26T18:23:20.157+0000] {dagbag.py:540} INFO - Filling up the DagBag from /home/airflow/.local/lib/python3.8/site-packages/airflow/example_dags/example_external_task_marker_dag.py
[2026-08-26T18:23:20.168+0000] {processor.py:840} INFO - DAG(s) 'example_external_task_marker_child', 'example_external_task_marker_parent' retrieved from /home/airflow/.local/lib/python3.8/site-packages/airflow/example_dags/example_external_task_marker_dag.py
[2026-08-26T18:23:20.202+0000] {logging_mixin.py:188} INFO - [2026-08-26T18:23:20.202+0000] {dag.py:3047} INFO - Sync 2 DAGs
[2026-08-26T18:23:20.223+0000] {logging_mixin.py:188} INFO - [2026-08-26T18:23:20.223+0000] {dag.py:3834} INFO - Setting next_dagrun for example_external_task_marker_child to None, run_after=None
[2026-08-26T18:23:20.229+0000] {logging_mixin.py:188} INFO - [2026-08-26T18:23:20.228+0000] {dag.py:3834} INFO - Setting next_dagrun for example_external_task_marker_parent to None, run_after=None
[2026-08-26T18:23:20.255+0000] {processor.py:183} INFO - Processing /home/airflow/.local/lib/python3.8/site-packages/airflow/example_dags/example_external_task_marker_dag.py took 0.111 seconds
[2026-08-26T18:23:50.596+0000] {processor.py:161} INFO - Started process (PID=4092) to work on /home/airflow/.local/lib/python3.8/site-packages/airflow/example_dags/example_external_task_marker_dag.py
[2026-08-26T18:23:50.599+0000] {processor.py:830} INFO - Processing file /home/airflow/.local/lib/python3.8/site-packages/airflow/example_dags/example_external_task_marker_dag.py for tasks to queue
[2026-08-26T18:23:50.601+0000] {logging_mixin.py:188} INFO - [2026-08-26T18:23:50.601+0000] {dagbag.py:540} INFO - Filling up the DagBag from /home/airflow/.local/lib/python3.8/site-packages/airflow/example_dags/example_external_task_marker_dag.py
[2026-08-26T18:23:50.609+0000] {processor.py:840} INFO - DAG(s) 'example_external_task_marker_child', 'example_external_task_marker_parent' retrieved from /home/airflow/.local/lib/python3.8/site-packages/airflow/example_dags/example_external_task_marker_dag.py
[2026-08-26T18:23:50.639+0000] {logging_mixin.py:188} INFO - [2026-08-26T18:23:50.639+0000] {dag.py:3047} INFO - Sync 2 DAGs
[2026-08-26T18:23:50.656+0000] {logging_mixin.py:188} INFO - [2026-08-26T18:23:50.656+0000] {dag.py:3834} INFO - Setting next_dagrun for example_external_task_marker_child to None, run_after=None
[2026-08-26T18:23:50.660+0000] {logging_mixin.py:188} INFO - [2026-08-26T18:23:50.660+0000] {dag.py:3834} INFO - Setting next_dagrun for example_external_task_marker_parent to None, run_after=None
[2026-08-26T18:23:50.684+0000] {processor.py:183} INFO - Processing /home/airflow/.local/lib/python3.8/site-packages/airflow/example_dags/example_external_task_marker_dag.py took 0.092 seconds
[2026-08-26T18:24:21.454+0000] {processor.py:161} INFO - Started process (PID=4149) to work on /home/airflow/.local/lib/python3.8/site-packages/airflow/example_dags/example_external_task_marker_dag.py
[2026-08-26T18:24:21.457+0000] {processor.py:830} INFO - Processing file /home/airflow/.local/lib/python3.8/site-packages/airflow/example_dags/example_external_task_marker_dag.py for tasks to queue
[2026-08-26T18:24:21.464+0000] {logging_mixin.py:188} INFO - [2026-08-26T18:24:21.463+0000] {dagbag.py:540} INFO - Filling up the DagBag from /home/airflow/.local/lib/python3.8/site-packages/airflow/example_dags/example_external_task_marker_dag.py
[2026-08-26T18:24:21.475+0000] {processor.py:840} INFO - DAG(s) 'example_external_task_marker_parent', 'example_external_task_marker_child' retrieved from /home/airflow/.local/lib/python3.8/site-packages/airflow/example_dags/example_external_task_marker_dag.py
[2026-08-26T18:24:21.514+0000] {logging_mixin.py:188} INFO - [2026-08-26T18:24:21.513+0000] {dag.py:3047} INFO - Sync 2 DAGs
[2026-08-26T18:24:21.532+0000] {logging_mixin.py:188} INFO - [2026-08-26T18:24:21.531+0000] {dag.py:3834} INFO - Setting next_dagrun for example_external_task_marker_child to None, run_after=None
[2026-08-26T18:24:21.537+0000] {logging_mixin.py:188} INFO - [2026-08-26T18:24:21.536+0000] {dag.py:3834} INFO - Setting next_dagrun for example_external_task_marker_parent to None, run_after=None
[2026-08-26T18:24:21.559+0000] {processor.py:183} INFO - Processing /home/airflow/.local/lib/python3.8/site-packages/airflow/example_dags/example_external_task_marker_dag.py took 0.116 seconds
[2026-08-26T18:24:51.851+0000] {processor.py:161} INFO - Started process (PID=4206) to work on /home/airflow/.local/lib/python3.8/site-packages/airflow/example_dags/example_external_task_marker_dag.py
[2026-08-26T18:24:51.854+0000] {processor.py:830} INFO - Processing file /home/airflow/.local/lib/python3.8/site-packages/airflow/example_dags/example_external_task_marker_dag.py for tasks to queue
[2026-08-26T18:24:51.859+0000] {logging_mixin.py:188} INFO - [2026-08-26T18:24:51.858+0000] {dagbag.py:540} INFO - Filling up the DagBag from /home/airflow/.local/lib/python3.8/site-packages/airflow/example_dags/example_external_task_marker_dag.py
[2026-08-26T18:24:51.871+0000] {processor.py:840} INFO - DAG(s) 'example_external_task_marker_parent', 'example_external_task_marker_child' retrieved from /home/airflow/.local/lib/python3.8/site-packages/airflow/example_dags/example_external_task_marker_dag.py
[2026-08-26T18:24:51.910+0000] {logging_mixin.py:188} INFO - [2026-08-26T18:24:51.910+0000] {dag.py:3047} INFO - Sync 2 DAGs
[2026-08-26T18:24:51.929+0000] {logging_mixin.py:188} INFO - [2026-08-26T18:24:51.929+0000] {dag.py:3834} INFO - Setting next_dagrun for example_external_task_marker_child to None, run_after=None
[2026-08-26T18:24:51.936+0000] {logging_mixin.py:188} INFO - [2026-08-26T18:24:51.935+0000] {dag.py:3834} INFO - Setting next_dagrun for example_external_task_marker_parent to None, run_after=None
[2026-08-26T18:24:51.960+0000] {processor.py:183} INFO - Processing /home/airflow/.local/lib/python3.8/site-packages/airflow/example_dags/example_external_task_marker_dag.py took 0.116 seconds
[2026-08-26T18:25:22.134+0000] {processor.py:161} INFO - Started process (PID=4263) to work on /home/airflow/.local/lib/python3.8/site-packages/airflow/example_dags/example_external_task_marker_dag.py
[2026-08-26T18:25:22.136+0000] {processor.py:830} INFO - Processing file /home/airflow/.local/lib/python3.8/site-packages/airflow/example_dags/example_external_task_marker_dag.py for tasks to queue
[2026-08-26T18:25:22.140+0000] {logging_mixin.py:188} INFO - [2026-08-26T18:25:22.139+0000] {dagbag.py:540} INFO - Filling up the DagBag from /home/airflow/.local/lib/python3.8/site-packages/airflow/example_dags/example_external_task_marker_dag.py
[2026-08-26T18:25:22.146+0000] {processor.py:840} INFO - DAG(s) 'example_external_task_marker_parent', 'example_external_task_marker_child' retrieved from /home/airflow/.local/lib/python3.8/site-packages/airflow/example_dags/example_external_task_marker_dag.py
[2026-08-26T18:25:22.178+0000] {logging_mixin.py:188} INFO - [2026-08-26T18:25:22.178+0000] {dag.py:3047} INFO - Sync 2 DAGs
[2026-08-26T18:25:22.194+0000] {logging_mixin.py:188} INFO - [2026-08-26T18:25:22.193+0000] {dag.py:3834} INFO - Setting next_dagrun for example_external_task_marker_child to None, run_after=None
[2026-08-26T18:25:22.199+0000] {logging_mixin.py:188} INFO - [2026-08-26T18:25:22.199+0000] {dag.py:3834} INFO - Setting next_dagrun for example_external_task_marker_parent to None, run_after=None
[2026-08-26T18:25:22.224+0000] {processor.py:183} INFO - Processing /home/airflow/.local/lib/python3.8/site-packages/airflow/example_dags/example_external_task_marker_dag.py took 0.093 seconds
[2026-08-26T18:25:53.062+0000] {processor.py:161} INFO - Started process (PID=4320) to work on /home/airflow/.local/lib/python3.8/site-packages/airflow/example_dags/example_external_task_marker_dag.py
[2026-08-26T18:25:53.064+0000] {processor.py:830} INFO - Processing file /home/airflow/.local/lib/python3.8/site-packages/airflow/example_dags/example_external_task_marker_dag.py for tasks to queue
[2026-08-26T18:25:53.068+0000] {logging_mixin.py:188} INFO - [2026-08-26T18:25:53.067+0000] {dagbag.py:540} INFO - Filling up the DagBag from /home/airflow/.local/lib/python3.8/site-packages/airflow/example_dags/example_external_task_marker_dag.py
[2026-08-26T18:25:53.076+0000] {processor.py:840} INFO - DAG(s) 'example_external_task_marker_child', 'example_external_task_marker_parent' retrieved from /home/airflow/.local/lib/python3.8/site-packages/airflow/example_dags/example_external_task_marker_dag.py
[2026-08-26T18:25:53.107+0000] {logging_mixin.py:188} INFO - [2026-08-26T18:25:53.107+0000] {dag.py:3047} INFO - Sync 2 DAGs
[2026-08-26T18:25:53.123+0000] {logging_mixin.py:188} INFO - [2026-08-26T18:25:53.122+0000] {dag.py:3834} INFO - Setting next_dagrun for example_external_task_marker_child to None, run_after=None
[2026-08-26T18:25:53.127+0000] {logging_mixin.py:188} INFO - [2026-08-26T18:25:53.127+0000] {dag.py:3834} INFO - Setting next_dagrun for example_external_task_marker_parent to None, run_after=None
[2026-08-26T18:25:53.149+0000] {processor.py:183} INFO - Processing /home/airflow/.local/lib/python3.8/site-packages/airflow/example_dags/example_external_task_marker_dag.py took 0.091 seconds
[2026-08-26T18:26:23.573+0000] {processor.py:161} INFO - Started process (PID=4377) to work on /home/airflow/.local/lib/python3.8/site-packages/airflow/example_dags/example_external_task_marker_dag.py
[2026-08-26T18:26:23.575+0000] {processor.py:830} INFO - Processing file /home/airflow/.local/lib/python3.8/site-packages/airflow/example_dags/example_external_task_marker_dag.py for tasks to queue
[2026-08-26T18:26:23.578+0000] {logging_mixin.py:188} INFO - [2026-08-26T18:26:23.578+0000] {dagbag.py:540} INFO - Filling up the DagBag from /home/airflow/.local/lib/python3.8/site-packages/airflow/example_dags/example_external_task_marker_dag.py
[2026-08-26T18:26:23.590+0000] {processor.py:840} INFO - DAG(s) 'example_external_task_marker_child', 'example_external_task_marker_parent' retrieved from /home/airflow/.local/lib/python3.8/site-packages/airflow/example_dags/example_external_task_marker_dag.py
[2026-08-26T18:26:23.622+0000] {logging_mixin.py:188} INFO - [2026-08-26T18:26:23.622+0000] {dag.py:3047} INFO - Sync 2 DAGs
[2026-08-26T18:26:23.639+0000] {logging_mixin.py:188} INFO - [2026-08-26T18:26:23.639+0000] {dag.py:3834} INFO - Setting next_dagrun for example_external_task_marker_child to None, run_after=None
[2026-08-26T18:26:23.644+0000] {logging_mixin.py:188} INFO - [2026-08-26T18:26:23.644+0000] {dag.py:3834} INFO - Setting next_dagrun for example_external_task_marker_parent to None, run_after=None
[2026-08-26T18:26:23.666+0000] {processor.py:183} INFO - Processing /home/airflow/.local/lib/python3.8/site-packages/airflow/example_dags/example_external_task_marker_dag.py took 0.098 seconds
[2026-08-26T18:26:54.331+0000] {processor.py:161} INFO - Started process (PID=4434) to work on /home/airflow/.local/lib/python3.8/site-packages/airflow/example_dags/example_external_task_marker_dag.py
[2026-08-26T18:26:54.333+0000] {processor.py:830} INFO - Processing file /home/airflow/.local/lib/python3.8/site-packages/airflow/example_dags/example_external_task_marker_dag.py for tasks to queue
[2026-08-26T18:26:54.336+0000] {logging_mixin.py:188} INFO - [2026-08-26T18:26:54.336+0000] {dagbag.py:540} INFO - Filling up the DagBag from /home/airflow/.local/lib/python3.8/site-packages/airflow/example_dags/example_external_task_marker_dag.py
[2026-08-26T18:26:54.344+0000] {processor.py:840} INFO - DAG(s) 'example_external_task_marker_parent', 'example_external_task_marker_child' retrieved from /home/airflow/.local/lib/python3.8/site-packages/airflow/example_dags/example_external_task_marker_dag.py
[2026-08-26T18:26:54.383+0000] {logging_mixin.py:188} INFO - [2026-08-26T18:26:54.382+0000] {dag.py:3047} INFO - Sync 2 DAGs
[2026-08-26T18:26:54.399+0000] {logging_mixin.py:188} INFO - [2026-08-26T18:26:54.399+0000] {dag.py:3834} INFO - Setting next_dagrun for example_external_task_marker_child to None, run_after=None
[2026-08-26T18:26:54.404+0000] {logging_mixin.py:188} INFO - [2026-08-26T18:26:54.404+0000] {dag.py:3834} INFO - Setting next_dagrun for example_external_task_marker_parent to None, run_after=None
[2026-08-26T18:26:54.425+0000] {processor.py:183} INFO - Processing /home/airflow/.local/lib/python3.8/site-packages/airflow/example_dags/example_external_task_marker_dag.py took 0.100 seconds
[2026-08-26T18:27:25.004+0000] {processor.py:161} INFO - Started process (PID=4491) to work on /home/airflow/.local/lib/python3.8/site-packages/airflow/example_dags/example_external_task_marker_dag.py
[2026-08-26T18:27:25.007+0000] {processor.py:830} INFO - Processing file /home/airflow/.local/lib/python3.8/site-packages/airflow/example_dags/example_external_task_marker_dag.py for tasks to queue
[2026-08-26T18:27:25.011+0000] {logging_mixin.py:188} INFO - [2026-08-26T18:27:25.011+0000] {dagbag.py:540} INFO - Filling up the DagBag from /home/airflow/.local/lib/python3.8/site-packages/airflow/example_dags/example_external_task_marker_dag.py
[2026-08-26T18:27:25.020+0000] {processor.py:840} INFO - DAG(s) 'example_external_task_marker_parent', 'example_external_task_marker_child' retrieved from /home/airflow/.local/lib/python3.8/site-packages/airflow/example_dags/example_external_task_marker_dag.py
[2026-08-26T18:27:25.053+0000] {logging_mixin.py:188} INFO - [2026-08-26T18:27:25.053+0000] {dag.py:3047} INFO - Sync 2 DAGs
[2026-08-26T18:27:25.070+0000] {logging_mixin.py:188} INFO - [2026-08-26T18:27:25.069+0000] {dag.py:3834} INFO - Setting next_dagrun for example_external_task_marker_child to None, run_after=None
[2026-08-26T18:27:25.075+0000] {logging_mixin.py:188} INFO - [2026-08-26T18:27:25.075+0000] {dag.py:3834} INFO - Setting next_dagrun for example_external_task_marker_parent to None, run_after=None
[2026-08-26T18:27:25.097+0000] {processor.py:183} INFO - Processing /home/airflow/.local/lib/python3.8/site-packages/airflow/example_dags/example_external_task_marker_dag.py took 0.100 seconds
[2026-08-26T18:27:55.764+0000] {processor.py:161} INFO - Started process (PID=4548) to work on /home/airflow/.local/lib/python3.8/site-packages/airflow/example_dags/example_external_task_marker_dag.py
[2026-08-26T18:27:55.766+0000] {processor.py:830} INFO - Processing file /home/airflow/.local/lib/python3.8/site-packages/airflow/example_dags/example_external_task_marker_dag.py for tasks to queue
[2026-08-26T18:27:55.769+0000] {logging_mixin.py:188} INFO - [2026-08-26T18:27:55.769+0000] {dagbag.py:540} INFO - Filling up the DagBag from /home/airflow/.local/lib/python3.8/site-packages/airflow/example_dags/example_external_task_marker_dag.py
[2026-08-26T18:27:55.779+0000] {processor.py:840} INFO - DAG(s) 'example_external_task_marker_parent', 'example_external_task_marker_child' retrieved from /home/airflow/.local/lib/python3.8/site-packages/airflow/example_dags/example_external_task_marker_dag.py
[2026-08-26T18:27:55.811+0000] {logging_mixin.py:188} INFO - [2026-08-26T18:27:55.811+0000] {dag.py:3047} INFO - Sync 2 DAGs
[2026-08-26T18:27:55.827+0000] {logging_mixin.py:188} INFO - [2026-08-26T18:27:55.827+0000] {dag.py:3834} INFO - Setting next_dagrun for example_external_task_marker_child to None, run_after=None
[2026-08-26T18:27:55.832+0000] {logging_mixin.py:188} INFO - [2026-08-26T18:27:55.832+0000] {dag.py:3834} INFO - Setting next_dagrun for example_external_task_marker_parent to None, run_after=None
[2026-08-26T18:27:55.854+0000] {processor.py:183} INFO - Processing /home/airflow/.local/lib/python3.8/site-packages/airflow/example_dags/example_external_task_marker_dag.py took 0.096 seconds
[2026-08-26T18:28:26.366+0000] {processor.py:161} INFO - Started process (PID=4605) to work on /home/airflow/.local/lib/python3.8/site-packages/airflow/example_dags/example_external_task_marker_dag.py
[2026-08-26T18:28:26.368+0000] {processor.py:830} INFO - Processing file /home/airflow/.local/lib/python3.8/site-packages/airflow/example_dags/example_external_task_marker_dag.py for tasks to queue
[2026-08-26T18:28:26.371+0000] {logging_mixin.py:188} INFO - [2026-08-26T18:28:26.370+0000] {dagbag.py:540} INFO - Filling up the DagBag from /home/airflow/.local/lib/python3.8/site-packages/airflow/example_dags/example_external_task_marker_dag.py
[2026-08-26T18:28:26.379+0000] {processor.py:840} INFO - DAG(s) 'example_external_task_marker_child', 'example_external_task_marker_parent' retrieved from /home/airflow/.local/lib/python3.8/site-packages/airflow/example_dags/example_external_task_marker_dag.py
[2026-08-26T18:28:26.411+0000] {logging_mixin.py:188} INFO - [2026-08-26T18:28:26.411+0000] {dag.py:3047} INFO - Sync 2 DAGs
[2026-08-26T18:28:26.428+0000] {logging_mixin.py:188} INFO - [2026-08-26T18:28:26.427+0000] {dag.py:3834} INFO - Setting next_dagrun for example_external_task_marker_child to None, run_after=None
[2026-08-26T18:28:26.432+0000] {logging_mixin.py:188} INFO - [2026-08-26T18:28:26.432+0000] {dag.py:3834} INFO - Setting next_dagrun for example_external_task_marker_parent to None, run_after=None
[2026-08-26T18:28:26.458+0000] {processor.py:183} INFO - Processing /home/airflow/.local/lib/python3.8/site-packages/airflow/example_dags/example_external_task_marker_dag.py took 0.096 seconds
[2026-08-26T18:28:57.111+0000] {processor.py:161} INFO - Started process (PID=4662) to work on /home/airflow/.local/lib/python3.8/site-packages/airflow/example_dags/example_external_task_marker_dag.py
[2026-08-26T18:28:57.113+0000] {processor.py:830} INFO - Processing file /home/airflow/.local/lib/python3.8/site-packages/airflow/example_dags/example_external_task_marker_dag.py for tasks to queue
[2026-08-26T18:28:57.116+0000] {logging_mixin.py:188} INFO - [2026-08-26T18:28:57.116+0000] {dagbag.py:540} INFO - Filling up the DagBag from /home/airflow/.local/lib/python3.8/site-packages/airflow/example_dags/example_external_task_marker_dag.py
[2026-08-26T18:28:57.126+0000] {processor.py:840} INFO - DAG(s) 'example_external_task_marker_child', 'example_external_task_marker_parent' retrieved from /home/airflow/.local/lib/python3.8/site-packages/airflow/example_dags/example_external_task_marker_dag.py
[2026-08-26T18:28:57.158+0000] {logging_mixin.py:188} INFO - [2026-08-26T18:28:57.157+0000] {dag.py:3047} INFO - Sync 2 DAGs
[2026-08-26T18:28:57.175+0000] {logging_mixin.py:188} INFO - [2026-08-26T18:28:57.175+0000] {dag.py:3834} INFO - Setting next_dagrun for example_external_task_marker_child to None, run_after=None
[2026-08-26T18:28:57.180+0000] {logging_mixin.py:188} INFO - [2026-08-26T18:28:57.180+0000] {dag.py:3834} INFO - Setting next_dagrun for example_external_task_marker_parent to None, run_after=None
[2026-08-26T18:28:57.204+0000] {processor.py:183} INFO - Processing /home/airflow/.local/lib/python3.8/site-packages/airflow/example_dags/example_external_task_marker_dag.py took 0.098 seconds
[2026-08-26T18:29:27.325+0000] {processor.py:161} INFO - Started process (PID=4719) to work on /home/airflow/.local/lib/python3.8/site-packages/airflow/example_dags/example_external_task_marker_dag.py
[2026-08-26T18:29:27.327+0000] {processor.py:830} INFO - Processing file /home/airflow/.local/lib/python3.8/site-packages/airflow/example_dags/example_external_task_marker_dag.py for tasks to queue
[2026-08-26T18:29:27.330+0000] {logging_mixin.py:188} INFO - [2026-08-26T18:29:27.329+0000] {dagbag.py:540} INFO - Filling up the DagBag from /home/airflow/.local/lib/python3.8/site-packages/airflow/example_dags/example_external_task_marker_dag.py
[2026-08-26T18:29:27.338+0000] {processor.py:840} INFO - DAG(s) 'example_external_task_marker_child', 'example_external_task_marker_parent' retrieved from /home/airflow/.local/lib/python3.8/site-packages/airflow/example_dags/example_external_task_marker_dag.py
[2026-08-26T18:29:27.369+0000] {logging_mixin.py:188} INFO - [2026-08-26T18:29:27.369+0000] {dag.py:3047} INFO - Sync 2 DAGs
[2026-08-26T18:29:27.386+0000] {logging_mixin.py:188} INFO - [2026-08-26T18:29:27.386+0000] {dag.py:3834} INFO - Setting next_dagrun for example_external_task_marker_child to None, run_after=None
[2026-08-26T18:29:27.391+0000] {logging_mixin.py:188} INFO - [2026-08-26T18:29:27.390+0000] {dag.py:3834} INFO - Setting next_dagrun for example_external_task_marker_parent to None, run_after=None
[2026-08-26T18:29:27.414+0000] {processor.py:183} INFO - Processing /home/airflow/.local/lib/python3.8/site-packages/airflow/example_dags/example_external_task_marker_dag.py took 0.093 seconds
[2026-08-26T18:29:57.547+0000] {processor.py:161} INFO - Started process (PID=4776) to work on /home/airflow/.local/lib/python3.8/site-packages/airflow/example_dags/example_external_task_marker_dag.py
[2026-08-26T18:29:57.549+0000] {processor.py:830} INFO - Processing file /home/airflow/.local/lib/python3.8/site-packages/airflow/example_dags/example_external_task_marker_dag.py for tasks to queue
[2026-08-26T18:29:57.551+0000] {logging_mixin.py:188} INFO - [2026-08-26T18:29:57.551+0000] {dagbag.py:540} INFO - Filling up the DagBag from /home/airflow/.local/lib/python3.8/site-packages/airflow/example_dags/example_external_task_marker_dag.py
[2026-08-26T18:29:57.558+0000] {processor.py:840} INFO - DAG(s) 'example_external_task_marker_child', 'example_external_task_marker_parent' retrieved from /home/airflow/.local/lib/python3.8/site-packages/airflow/example_dags/example_external_task_marker_dag.py
[2026-08-26T18:29:57.590+0000] {logging_mixin.py:188} INFO - [2026-08-26T18:29:57.590+0000] {dag.py:3047} INFO - Sync 2 DAGs
[2026-08-26T18:29:57.607+0000] {logging_mixin.py:188} INFO - [2026-08-26T18:29:57.606+0000] {dag.py:3834} INFO - Setting next_dagrun for example_external_task_marker_child to None, run_after=None
[2026-08-26T18:29:57.612+0000] {logging_mixin.py:188} INFO - [2026-08-26T18:29:57.612+0000] {dag.py:3834} INFO - Setting next_dagrun for example_external_task_marker_parent to None, run_after=None
[2026-08-26T18:29:57.635+0000] {processor.py:183} INFO - Processing /home/airflow/.local/lib/python3.8/site-packages/airflow/example_dags/example_external_task_marker_dag.py took 0.093 seconds
[2026-08-26T18:30:27.760+0000] {processor.py:161} INFO - Started process (PID=4831) to work on /home/airflow/.local/lib/python3.8/site-packages/airflow/example_dags/example_external_task_marker_dag.py
[2026-08-26T18:30:27.761+0000] {processor.py:830} INFO - Processing file /home/airflow/.local/lib/python3.8/site-packages/airflow/example_dags/example_external_task_marker_dag.py for tasks to queue
[2026-08-26T18:30:27.764+0000] {logging_mixin.py:188} INFO - [2026-08-26T18:30:27.764+0000] {dagbag.py:540} INFO - Filling up the DagBag from /home/airflow/.local/lib/python3.8/site-packages/airflow/example_dags/example_external_task_marker_dag.py
[2026-08-26T18:30:27.771+0000] {processor.py:840} INFO - DAG(s) 'example_external_task_marker_parent', 'example_external_task_marker_child' retrieved from /home/airflow/.local/lib/python3.8/site-packages/airflow/example_dags/example_external_task_marker_dag.py
[2026-08-26T18:30:27.801+0000] {logging_mixin.py:188} INFO - [2026-08-26T18:30:27.800+0000] {dag.py:3047} INFO - Sync 2 DAGs
[2026-08-26T18:30:27.816+0000] {logging_mixin.py:188} INFO - [2026-08-26T18:30:27.815+0000] {dag.py:3834} INFO - Setting next_dagrun for example_external_task_marker_child to None, run_after=None
[2026-08-26T18:30:27.820+0000] {logging_mixin.py:188} INFO - [2026-08-26T18:30:27.820+0000] {dag.py:3834} INFO - Setting next_dagrun for example_external_task_marker_parent to None, run_after=None
[2026-08-26T18:30:27.840+0000] {processor.py:183} INFO - Processing /home/airflow/.local/lib/python3.8/site-packages/airflow/example_dags/example_external_task_marker_dag.py took 0.084 seconds
[2026-08-26T18:30:58.494+0000] {processor.py:161} INFO - Started process (PID=4889) to work on /home/airflow/.local/lib/python3.8/site-packages/airflow/example_dags/example_external_task_marker_dag.py
[2026-08-26T18:30:58.496+0000] {processor.py:830} INFO - Processing file /home/airflow/.local/lib/python3.8/site-packages/airflow/example_dags/example_external_task_marker_dag.py for tasks to queue
[2026-08-26T18:30:58.499+0000] {logging_mixin.py:188} INFO - [2026-08-26T18:30:58.498+0000] {dagbag.py:540} INFO - Filling up the DagBag from /home/airflow/.local/lib/python3.8/site-packages/airflow/example_dags/example_external_task_marker_dag.py
[2026-08-26T18:30:58.509+0000] {processor.py:840} INFO - DAG(s) 'example_external_task_marker_child', 'example_external_task_marker_parent' retrieved from /home/airflow/.local/lib/python3.8/site-packages/airflow/example_dags/example_external_task_marker_dag.py
[2026-08-26T18:30:58.542+0000] {logging_mixin.py:188} INFO - [2026-08-26T18:30:58.541+0000] {dag.py:3047} INFO - Sync 2 DAGs
[2026-08-26T18:30:58.556+0000] {logging_mixin.py:188} INFO - [2026-08-26T18:30:58.556+0000] {dag.py:3834} INFO - Setting next_dagrun for example_external_task_marker_child to None, run_after=None
[2026-08-26T18:30:58.563+0000] {logging_mixin.py:188} INFO - [2026-08-26T18:30:58.562+0000] {dag.py:3834} INFO - Setting next_dagrun for example_external_task_marker_parent to None, run_after=None
[2026-08-26T18:30:58.583+0000] {processor.py:183} INFO - Processing /home/airflow/.local/lib/python3.8/site-packages/airflow/example_dags/example_external_task_marker_dag.py took 0.094 seconds
[2026-08-26T18:31:29.115+0000] {processor.py:161} INFO - Started process (PID=4946) to work on /home/airflow/.local/lib/python3.8/site-packages/airflow/example_dags/example_external_task_marker_dag.py
[2026-08-26T18:31:29.117+0000] {processor.py:830} INFO - Processing file /home/airflow/.local/lib/python3.8/site-packages/airflow/example_dags/example_external_task_marker_dag.py for tasks to queue
[2026-08-26T18:31:29.120+0000] {logging_mixin.py:188} INFO - [2026-08-26T18:31:29.119+0000] {dagbag.py:540} INFO - Filling up the DagBag from /home/airflow/.local/lib/python3.8/site-packages/airflow/example_dags/example_external_task_marker_dag.py
[2026-08-26T18:31:29.128+0000] {processor.py:840} INFO - DAG(s) 'example_external_task_marker_parent', 'example_external_task_marker_child' retrieved from /home/airflow/.local/lib/python3.8/site-packages/airflow/example_dags/example_external_task_marker_dag.py
[2026-08-26T18:31:29.162+0000] {logging_mixin.py:188} INFO - [2026-08-26T18:31:29.162+0000] {dag.py:3047} INFO - Sync 2 DAGs
[2026-08-26T18:31:29.178+0000] {logging_mixin.py:188} INFO - [2026-08-26T18:31:29.178+0000] {dag.py:3834} INFO - Setting next_dagrun for example_external_task_marker_child to None, run_after=None
[2026-08-26T18:31:29.183+0000] {logging_mixin.py:188} INFO - [2026-08-26T18:31:29.182+0000] {dag.py:3834} INFO - Setting next_dagrun for example_external_task_marker_parent to None, run_after=None
[2026-08-26T18:31:29.207+0000] {processor.py:183} INFO - Processing /home/airflow/.local/lib/python3.8/site-packages/airflow/example_dags/example_external_task_marker_dag.py took 0.097 seconds
[2026-08-26T18:31:59.731+0000] {processor.py:161} INFO - Started process (PID=5003) to work on /home/airflow/.local/lib/python3.8/site-packages/airflow/example_dags/example_external_task_marker_dag.py
[2026-08-26T18:31:59.735+0000] {processor.py:830} INFO - Processing file /home/airflow/.local/lib/python3.8/site-packages/airflow/example_dags/example_external_task_marker_dag.py for tasks to queue
[2026-08-26T18:31:59.741+0000] {logging_mixin.py:188} INFO - [2026-08-26T18:31:59.740+0000] {dagbag.py:540} INFO - Filling up the DagBag from /home/airflow/.local/lib/python3.8/site-packages/airflow/example_dags/example_external_task_marker_dag.py
[2026-08-26T18:31:59.759+0000] {processor.py:840} INFO - DAG(s) 'example_external_task_marker_child', 'example_external_task_marker_parent' retrieved from /home/airflow/.local/lib/python3.8/site-packages/airflow/example_dags/example_external_task_marker_dag.py
[2026-08-26T18:31:59.808+0000] {logging_mixin.py:188} INFO - [2026-08-26T18:31:59.808+0000] {dag.py:3047} INFO - Sync 2 DAGs
[2026-08-26T18:31:59.831+0000] {logging_mixin.py:188} INFO - [2026-08-26T18:31:59.830+0000] {dag.py:3834} INFO - Setting next_dagrun for example_external_task_marker_child to None, run_after=None
[2026-08-26T18:31:59.839+0000] {logging_mixin.py:188} INFO - [2026-08-26T18:31:59.838+0000] {dag.py:3834} INFO - Setting next_dagrun for example_external_task_marker_parent to None, run_after=None
[2026-08-26T18:31:59.864+0000] {processor.py:183} INFO - Processing /home/airflow/.local/lib/python3.8/site-packages/airflow/example_dags/example_external_task_marker_dag.py took 0.141 seconds
[2026-08-26T18:32:30.363+0000] {processor.py:161} INFO - Started process (PID=5060) to work on /home/airflow/.local/lib/python3.8/site-packages/airflow/example_dags/example_external_task_marker_dag.py
[2026-08-26T18:32:30.365+0000] {processor.py:830} INFO - Processing file /home/airflow/.local/lib/python3.8/site-packages/airflow/example_dags/example_external_task_marker_dag.py for tasks to queue
[2026-08-26T18:32:30.368+0000] {logging_mixin.py:188} INFO - [2026-08-26T18:32:30.368+0000] {dagbag.py:540} INFO - Filling up the DagBag from /home/airflow/.local/lib/python3.8/site-packages/airflow/example_dags/example_external_task_marker_dag.py
[2026-08-26T18:32:30.377+0000] {processor.py:840} INFO - DAG(s) 'example_external_task_marker_parent', 'example_external_task_marker_child' retrieved from /home/airflow/.local/lib/python3.8/site-packages/airflow/example_dags/example_external_task_marker_dag.py
[2026-08-26T18:32:30.407+0000] {logging_mixin.py:188} INFO - [2026-08-26T18:32:30.407+0000] {dag.py:3047} INFO - Sync 2 DAGs
[2026-08-26T18:32:30.423+0000] {logging_mixin.py:188} INFO - [2026-08-26T18:32:30.423+0000] {dag.py:3834} INFO - Setting next_dagrun for example_external_task_marker_child to None, run_after=None
[2026-08-26T18:32:30.428+0000] {logging_mixin.py:188} INFO - [2026-08-26T18:32:30.428+0000] {dag.py:3834} INFO - Setting next_dagrun for example_external_task_marker_parent to None, run_after=None
[2026-08-26T18:32:30.452+0000] {processor.py:183} INFO - Processing /home/airflow/.local/lib/python3.8/site-packages/airflow/example_dags/example_external_task_marker_dag.py took 0.094 seconds
[2026-08-26T18:33:00.880+0000] {processor.py:161} INFO - Started process (PID=5117) to work on /home/airflow/.local/lib/python3.8/site-packages/airflow/example_dags/example_external_task_marker_dag.py
[2026-08-26T18:33:00.882+0000] {processor.py:830} INFO - Processing file /home/airflow/.local/lib/python3.8/site-packages/airflow/example_dags/example_external_task_marker_dag.py for tasks to queue
[2026-08-26T18:33:00.886+0000] {logging_mixin.py:188} INFO - [2026-08-26T18:33:00.885+0000] {dagbag.py:540} INFO - Filling up the DagBag from /home/airflow/.local/lib/python3.8/site-packages/airflow/example_dags/example_external_task_marker_dag.py
[2026-08-26T18:33:00.896+0000] {processor.py:840} INFO - DAG(s) 'example_external_task_marker_child', 'example_external_task_marker_parent' retrieved from /home/airflow/.local/lib/python3.8/site-packages/airflow/example_dags/example_external_task_marker_dag.py
[2026-08-26T18:33:00.934+0000] {logging_mixin.py:188} INFO - [2026-08-26T18:33:00.934+0000] {dag.py:3047} INFO - Sync 2 DAGs
[2026-08-26T18:33:00.951+0000] {logging_mixin.py:188} INFO - [2026-08-26T18:33:00.951+0000] {dag.py:3834} INFO - Setting next_dagrun for example_external_task_marker_child to None, run_after=None
[2026-08-26T18:33:00.956+0000] {logging_mixin.py:188} INFO - [2026-08-26T18:33:00.956+0000] {dag.py:3834} INFO - Setting next_dagrun for example_external_task_marker_parent to None, run_after=None
[2026-08-26T18:33:00.979+0000] {processor.py:183} INFO - Processing /home/airflow/.local/lib/python3.8/site-packages/airflow/example_dags/example_external_task_marker_dag.py took 0.105 seconds
[2026-08-26T18:33:31.078+0000] {processor.py:161} INFO - Started process (PID=5171) to work on /home/airflow/.local/lib/python3.8/site-packages/airflow/example_dags/example_external_task_marker_dag.py
[2026-08-26T18:33:31.080+0000] {processor.py:830} INFO - Processing file /home/airflow/.local/lib/python3.8/site-packages/airflow/example_dags/example_external_task_marker_dag.py for tasks to queue
[2026-08-26T18:33:31.083+0000] {logging_mixin.py:188} INFO - [2026-08-26T18:33:31.082+0000] {dagbag.py:540} INFO - Filling up the DagBag from /home/airflow/.local/lib/python3.8/site-packages/airflow/example_dags/example_external_task_marker_dag.py
[2026-08-26T18:33:31.093+0000] {processor.py:840} INFO - DAG(s) 'example_external_task_marker_parent', 'example_external_task_marker_child' retrieved from /home/airflow/.local/lib/python3.8/site-packages/airflow/example_dags/example_external_task_marker_dag.py
[2026-08-26T18:33:31.125+0000] {logging_mixin.py:188} INFO - [2026-08-26T18:33:31.124+0000] {dag.py:3047} INFO - Sync 2 DAGs
[2026-08-26T18:33:31.144+0000] {logging_mixin.py:188} INFO - [2026-08-26T18:33:31.143+0000] {dag.py:3834} INFO - Setting next_dagrun for example_external_task_marker_child to None, run_after=None
[2026-08-26T18:33:31.149+0000] {logging_mixin.py:188} INFO - [2026-08-26T18:33:31.148+0000] {dag.py:3834} INFO - Setting next_dagrun for example_external_task_marker_parent to None, run_after=None
[2026-08-26T18:33:31.169+0000] {processor.py:183} INFO - Processing /home/airflow/.local/lib/python3.8/site-packages/airflow/example_dags/example_external_task_marker_dag.py took 0.099 seconds
[2026-08-26T18:34:01.293+0000] {processor.py:161} INFO - Started process (PID=5228) to work on /home/airflow/.local/lib/python3.8/site-packages/airflow/example_dags/example_external_task_marker_dag.py
[2026-08-26T18:34:01.295+0000] {processor.py:830} INFO - Processing file /home/airflow/.local/lib/python3.8/site-packages/airflow/example_dags/example_external_task_marker_dag.py for tasks to queue
[2026-08-26T18:34:01.298+0000] {logging_mixin.py:188} INFO - [2026-08-26T18:34:01.298+0000] {dagbag.py:540} INFO - Filling up the DagBag from /home/airflow/.local/lib/python3.8/site-packages/airflow/example_dags/example_external_task_marker_dag.py
[2026-08-26T18:34:01.308+0000] {processor.py:840} INFO - DAG(s) 'example_external_task_marker_child', 'example_external_task_marker_parent' retrieved from /home/airflow/.local/lib/python3.8/site-packages/airflow/example_dags/example_external_task_marker_dag.py
[2026-08-26T18:34:01.337+0000] {logging_mixin.py:188} INFO - [2026-08-26T18:34:01.337+0000] {dag.py:3047} INFO - Sync 2 DAGs
[2026-08-26T18:34:01.354+0000] {logging_mixin.py:188} INFO - [2026-08-26T18:34:01.353+0000] {dag.py:3834} INFO - Setting next_dagrun for example_external_task_marker_child to None, run_after=None
[2026-08-26T18:34:01.359+0000] {logging_mixin.py:188} INFO - [2026-08-26T18:34:01.359+0000] {dag.py:3834} INFO - Setting next_dagrun for example_external_task_marker_parent to None, run_after=None
[2026-08-26T18:34:01.380+0000] {processor.py:183} INFO - Processing /home/airflow/.local/lib/python3.8/site-packages/airflow/example_dags/example_external_task_marker_dag.py took 0.091 seconds
[2026-08-26T18:34:31.569+0000] {processor.py:161} INFO - Started process (PID=5285) to work on /home/airflow/.local/lib/python3.8/site-packages/airflow/example_dags/example_external_task_marker_dag.py
[2026-08-26T18:34:31.571+0000] {processor.py:830} INFO - Processing file /home/airflow/.local/lib/python3.8/site-packages/airflow/example_dags/example_external_task_marker_dag.py for tasks to queue
[2026-08-26T18:34:31.575+0000] {logging_mixin.py:188} INFO - [2026-08-26T18:34:31.574+0000] {dagbag.py:540} INFO - Filling up the DagBag from /home/airflow/.local/lib/python3.8/site-packages/airflow/example_dags/example_external_task_marker_dag.py
[2026-08-26T18:34:31.583+0000] {processor.py:840} INFO - DAG(s) 'example_external_task_marker_parent', 'example_external_task_marker_child' retrieved from /home/airflow/.local/lib/python3.8/site-packages/airflow/example_dags/example_external_task_marker_dag.py
[2026-08-26T18:34:31.616+0000] {logging_mixin.py:188} INFO - [2026-08-26T18:34:31.615+0000] {dag.py:3047} INFO - Sync 2 DAGs
[2026-08-26T18:34:31.635+0000] {logging_mixin.py:188} INFO - [2026-08-26T18:34:31.635+0000] {dag.py:3834} INFO - Setting next_dagrun for example_external_task_marker_child to None, run_after=None
[2026-08-26T18:34:31.641+0000] {logging_mixin.py:188} INFO - [2026-08-26T18:34:31.640+0000] {dag.py:3834} INFO - Setting next_dagrun for example_external_task_marker_parent to None, run_after=None
[2026-08-26T18:34:31.665+0000] {processor.py:183} INFO - Processing /home/airflow/.local/lib/python3.8/site-packages/airflow/example_dags/example_external_task_marker_dag.py took 0.102 seconds
[2026-08-26T18:35:02.279+0000] {processor.py:161} INFO - Started process (PID=5342) to work on /home/airflow/.local/lib/python3.8/site-packages/airflow/example_dags/example_external_task_marker_dag.py
[2026-08-26T18:35:02.281+0000] {processor.py:830} INFO - Processing file /home/airflow/.local/lib/python3.8/site-packages/airflow/example_dags/example_external_task_marker_dag.py for tasks to queue
[2026-08-26T18:35:02.285+0000] {logging_mixin.py:188} INFO - [2026-08-26T18:35:02.284+0000] {dagbag.py:540} INFO - Filling up the DagBag from /home/airflow/.local/lib/python3.8/site-packages/airflow/example_dags/example_external_task_marker_dag.py
[2026-08-26T18:35:02.293+0000] {processor.py:840} INFO - DAG(s) 'example_external_task_marker_parent', 'example_external_task_marker_child' retrieved from /home/airflow/.local/lib/python3.8/site-packages/airflow/example_dags/example_external_task_marker_dag.py
[2026-08-26T18:35:02.324+0000] {logging_mixin.py:188} INFO - [2026-08-26T18:35:02.323+0000] {dag.py:3047} INFO - Sync 2 DAGs
[2026-08-26T18:35:02.338+0000] {logging_mixin.py:188} INFO - [2026-08-26T18:35:02.338+0000] {dag.py:3834} INFO - Setting next_dagrun for example_external_task_marker_child to None, run_after=None
[2026-08-26T18:35:02.345+0000] {logging_mixin.py:188} INFO - [2026-08-26T18:35:02.345+0000] {dag.py:3834} INFO - Setting next_dagrun for example_external_task_marker_parent to None, run_after=None
[2026-08-26T18:35:02.373+0000] {processor.py:183} INFO - Processing /home/airflow/.local/lib/python3.8/site-packages/airflow/example_dags/example_external_task_marker_dag.py took 0.100 seconds
[2026-08-26T18:35:32.987+0000] {processor.py:161} INFO - Started process (PID=5399) to work on /home/airflow/.local/lib/python3.8/site-packages/airflow/example_dags/example_external_task_marker_dag.py
[2026-08-26T18:35:32.989+0000] {processor.py:830} INFO - Processing file /home/airflow/.local/lib/python3.8/site-packages/airflow/example_dags/example_external_task_marker_dag.py for tasks to queue
[2026-08-26T18:35:32.992+0000] {logging_mixin.py:188} INFO - [2026-08-26T18:35:32.991+0000] {dagbag.py:540} INFO - Filling up the DagBag from /home/airflow/.local/lib/python3.8/site-packages/airflow/example_dags/example_external_task_marker_dag.py
[2026-08-26T18:35:33.000+0000] {processor.py:840} INFO - DAG(s) 'example_external_task_marker_parent', 'example_external_task_marker_child' retrieved from /home/airflow/.local/lib/python3.8/site-packages/airflow/example_dags/example_external_task_marker_dag.py
[2026-08-26T18:35:33.033+0000] {logging_mixin.py:188} INFO - [2026-08-26T18:35:33.032+0000] {dag.py:3047} INFO - Sync 2 DAGs
[2026-08-26T18:35:33.048+0000] {logging_mixin.py:188} INFO - [2026-08-26T18:35:33.048+0000] {dag.py:3834} INFO - Setting next_dagrun for example_external_task_marker_child to None, run_after=None
[2026-08-26T18:35:33.054+0000] {logging_mixin.py:188} INFO - [2026-08-26T18:35:33.054+0000] {dag.py:3834} INFO - Setting next_dagrun for example_external_task_marker_parent to None, run_after=None
[2026-08-26T18:35:33.075+0000] {processor.py:183} INFO - Processing /home/airflow/.local/lib/python3.8/site-packages/airflow/example_dags/example_external_task_marker_dag.py took 0.094 seconds
[2026-08-26T18:36:03.751+0000] {processor.py:161} INFO - Started process (PID=5456) to work on /home/airflow/.local/lib/python3.8/site-packages/airflow/example_dags/example_external_task_marker_dag.py
[2026-08-26T18:36:03.753+0000] {processor.py:830} INFO - Processing file /home/airflow/.local/lib/python3.8/site-packages/airflow/example_dags/example_external_task_marker_dag.py for tasks to queue
[2026-08-26T18:36:03.757+0000] {logging_mixin.py:188} INFO - [2026-08-26T18:36:03.757+0000] {dagbag.py:540} INFO - Filling up the DagBag from /home/airflow/.local/lib/python3.8/site-packages/airflow/example_dags/example_external_task_marker_dag.py
[2026-08-26T18:36:03.770+0000] {processor.py:840} INFO - DAG(s) 'example_external_task_marker_child', 'example_external_task_marker_parent' retrieved from /home/airflow/.local/lib/python3.8/site-packages/airflow/example_dags/example_external_task_marker_dag.py
[2026-08-26T18:36:03.805+0000] {logging_mixin.py:188} INFO - [2026-08-26T18:36:03.805+0000] {dag.py:3047} INFO - Sync 2 DAGs
[2026-08-26T18:36:03.821+0000] {logging_mixin.py:188} INFO - [2026-08-26T18:36:03.820+0000] {dag.py:3834} INFO - Setting next_dagrun for example_external_task_marker_child to None, run_after=None
[2026-08-26T18:36:03.825+0000] {logging_mixin.py:188} INFO - [2026-08-26T18:36:03.825+0000] {dag.py:3834} INFO - Setting next_dagrun for example_external_task_marker_parent to None, run_after=None
[2026-08-26T18:36:03.851+0000] {processor.py:183} INFO - Processing /home/airflow/.local/lib/python3.8/site-packages/airflow/example_dags/example_external_task_marker_dag.py took 0.108 seconds
[2026-08-26T18:36:34.696+0000] {processor.py:161} INFO - Started process (PID=5513) to work on /home/airflow/.local/lib/python3.8/site-packages/airflow/example_dags/example_external_task_marker_dag.py
[2026-08-26T18:36:34.698+0000] {processor.py:830} INFO - Processing file /home/airflow/.local/lib/python3.8/site-packages/airflow/example_dags/example_external_task_marker_dag.py for tasks to queue
[2026-08-26T18:36:34.702+0000] {logging_mixin.py:188} INFO - [2026-08-26T18:36:34.701+0000] {dagbag.py:540} INFO - Filling up the DagBag from /home/airflow/.local/lib/python3.8/site-packages/airflow/example_dags/example_external_task_marker_dag.py
[2026-08-26T18:36:34.715+0000] {processor.py:840} INFO - DAG(s) 'example_external_task_marker_child', 'example_external_task_marker_parent' retrieved from /home/airflow/.local/lib/python3.8/site-packages/airflow/example_dags/example_external_task_marker_dag.py
[2026-08-26T18:36:34.751+0000] {logging_mixin.py:188} INFO - [2026-08-26T18:36:34.751+0000] {dag.py:3047} INFO - Sync 2 DAGs
[2026-08-26T18:36:34.769+0000] {logging_mixin.py:188} INFO - [2026-08-26T18:36:34.769+0000] {dag.py:3834} INFO - Setting next_dagrun for example_external_task_marker_child to None, run_after=None
[2026-08-26T18:36:34.777+0000] {logging_mixin.py:188} INFO - [2026-08-26T18:36:34.777+0000] {dag.py:3834} INFO - Setting next_dagrun for example_external_task_marker_parent to None, run_after=None
[2026-08-26T18:36:34.810+0000] {processor.py:183} INFO - Processing /home/airflow/.local/lib/python3.8/site-packages/airflow/example_dags/example_external_task_marker_dag.py took 0.121 seconds
[2026-08-26T18:37:05.519+0000] {processor.py:161} INFO - Started process (PID=5570) to work on /home/airflow/.local/lib/python3.8/site-packages/airflow/example_dags/example_external_task_marker_dag.py
[2026-08-26T18:37:05.522+0000] {processor.py:830} INFO - Processing file /home/airflow/.local/lib/python3.8/site-packages/airflow/example_dags/example_external_task_marker_dag.py for tasks to queue
[2026-08-26T18:37:05.526+0000] {logging_mixin.py:188} INFO - [2026-08-26T18:37:05.526+0000] {dagbag.py:540} INFO - Filling up the DagBag from /home/airflow/.local/lib/python3.8/site-packages/airflow/example_dags/example_external_task_marker_dag.py
[2026-08-26T18:37:05.536+0000] {processor.py:840} INFO - DAG(s) 'example_external_task_marker_parent', 'example_external_task_marker_child' retrieved from /home/airflow/.local/lib/python3.8/site-packages/airflow/example_dags/example_external_task_marker_dag.py
[2026-08-26T18:37:05.572+0000] {logging_mixin.py:188} INFO - [2026-08-26T18:37:05.571+0000] {dag.py:3047} INFO - Sync 2 DAGs
[2026-08-26T18:37:05.588+0000] {logging_mixin.py:188} INFO - [2026-08-26T18:37:05.588+0000] {dag.py:3834} INFO - Setting next_dagrun for example_external_task_marker_child to None, run_after=None
[2026-08-26T18:37:05.595+0000] {logging_mixin.py:188} INFO - [2026-08-26T18:37:05.595+0000] {dag.py:3834} INFO - Setting next_dagrun for example_external_task_marker_parent to None, run_after=None
[2026-08-26T18:37:05.618+0000] {processor.py:183} INFO - Processing /home/airflow/.local/lib/python3.8/site-packages/airflow/example_dags/example_external_task_marker_dag.py took 0.107 seconds
[2026-08-26T18:37:36.294+0000] {processor.py:161} INFO - Started process (PID=5628) to work on /home/airflow/.local/lib/python3.8/site-packages/airflow/example_dags/example_external_task_marker_dag.py
[2026-08-26T18:37:36.296+0000] {processor.py:830} INFO - Processing file /home/airflow/.local/lib/python3.8/site-packages/airflow/example_dags/example_external_task_marker_dag.py for tasks to queue
[2026-08-26T18:37:36.299+0000] {logging_mixin.py:188} INFO - [2026-08-26T18:37:36.299+0000] {dagbag.py:540} INFO - Filling up the DagBag from /home/airflow/.local/lib/python3.8/site-packages/airflow/example_dags/example_external_task_marker_dag.py
[2026-08-26T18:37:36.309+0000] {processor.py:840} INFO - DAG(s) 'example_external_task_marker_child', 'example_external_task_marker_parent' retrieved from /home/airflow/.local/lib/python3.8/site-packages/airflow/example_dags/example_external_task_marker_dag.py
[2026-08-26T18:37:36.342+0000] {logging_mixin.py:188} INFO - [2026-08-26T18:37:36.342+0000] {dag.py:3047} INFO - Sync 2 DAGs
[2026-08-26T18:37:36.359+0000] {logging_mixin.py:188} INFO - [2026-08-26T18:37:36.358+0000] {dag.py:3834} INFO - Setting next_dagrun for example_external_task_marker_child to None, run_after=None
[2026-08-26T18:37:36.364+0000] {logging_mixin.py:188} INFO - [2026-08-26T18:37:36.364+0000] {dag.py:3834} INFO - Setting next_dagrun for example_external_task_marker_parent to None, run_after=None
[2026-08-26T18:37:36.388+0000] {processor.py:183} INFO - Processing /home/airflow/.local/lib/python3.8/site-packages/airflow/example_dags/example_external_task_marker_dag.py took 0.098 seconds
[2026-08-26T18:38:07.189+0000] {processor.py:161} INFO - Started process (PID=5691) to work on /home/airflow/.local/lib/python3.8/site-packages/airflow/example_dags/example_external_task_marker_dag.py
[2026-08-26T18:38:07.191+0000] {processor.py:830} INFO - Processing file /home/airflow/.local/lib/python3.8/site-packages/airflow/example_dags/example_external_task_marker_dag.py for tasks to queue
[2026-08-26T18:38:07.194+0000] {logging_mixin.py:188} INFO - [2026-08-26T18:38:07.194+0000] {dagbag.py:540} INFO - Filling up the DagBag from /home/airflow/.local/lib/python3.8/site-packages/airflow/example_dags/example_external_task_marker_dag.py
[2026-08-26T18:38:07.205+0000] {processor.py:840} INFO - DAG(s) 'example_external_task_marker_child', 'example_external_task_marker_parent' retrieved from /home/airflow/.local/lib/python3.8/site-packages/airflow/example_dags/example_external_task_marker_dag.py
[2026-08-26T18:38:07.236+0000] {logging_mixin.py:188} INFO - [2026-08-26T18:38:07.235+0000] {dag.py:3047} INFO - Sync 2 DAGs
[2026-08-26T18:38:07.253+0000] {logging_mixin.py:188} INFO - [2026-08-26T18:38:07.253+0000] {dag.py:3834} INFO - Setting next_dagrun for example_external_task_marker_child to None, run_after=None
[2026-08-26T18:38:07.258+0000] {logging_mixin.py:188} INFO - [2026-08-26T18:38:07.258+0000] {dag.py:3834} INFO - Setting next_dagrun for example_external_task_marker_parent to None, run_after=None
[2026-08-26T18:38:07.279+0000] {processor.py:183} INFO - Processing /home/airflow/.local/lib/python3.8/site-packages/airflow/example_dags/example_external_task_marker_dag.py took 0.097 seconds
[2026-08-26T18:38:37.435+0000] {processor.py:161} INFO - Started process (PID=5748) to work on /home/airflow/.local/lib/python3.8/site-packages/airflow/example_dags/example_external_task_marker_dag.py
[2026-08-26T18:38:37.437+0000] {processor.py:830} INFO - Processing file /home/airflow/.local/lib/python3.8/site-packages/airflow/example_dags/example_external_task_marker_dag.py for tasks to queue
[2026-08-26T18:38:37.440+0000] {logging_mixin.py:188} INFO - [2026-08-26T18:38:37.440+0000] {dagbag.py:540} INFO - Filling up the DagBag from /home/airflow/.local/lib/python3.8/site-packages/airflow/example_dags/example_external_task_marker_dag.py
[2026-08-26T18:38:37.451+0000] {processor.py:840} INFO - DAG(s) 'example_external_task_marker_child', 'example_external_task_marker_parent' retrieved from /home/airflow/.local/lib/python3.8/site-packages/airflow/example_dags/example_external_task_marker_dag.py
[2026-08-26T18:38:37.480+0000] {logging_mixin.py:188} INFO - [2026-08-26T18:38:37.480+0000] {dag.py:3047} INFO - Sync 2 DAGs
[2026-08-26T18:38:37.495+0000] {logging_mixin.py:188} INFO - [2026-08-26T18:38:37.495+0000] {dag.py:3834} INFO - Setting next_dagrun for example_external_task_marker_child to None, run_after=None
[2026-08-26T18:38:37.501+0000] {logging_mixin.py:188} INFO - [2026-08-26T18:38:37.500+0000] {dag.py:3834} INFO - Setting next_dagrun for example_external_task_marker_parent to None, run_after=None
[2026-08-26T18:38:37.526+0000] {processor.py:183} INFO - Processing /home/airflow/.local/lib/python3.8/site-packages/airflow/example_dags/example_external_task_marker_dag.py took 0.099 seconds
[2026-08-26T18:39:07.841+0000] {processor.py:161} INFO - Started process (PID=5805) to work on /home/airflow/.local/lib/python3.8/site-packages/airflow/example_dags/example_external_task_marker_dag.py
[2026-08-26T18:39:07.843+0000] {processor.py:830} INFO - Processing file /home/airflow/.local/lib/python3.8/site-packages/airflow/example_dags/example_external_task_marker_dag.py for tasks to queue
[2026-08-26T18:39:07.847+0000] {logging_mixin.py:188} INFO - [2026-08-26T18:39:07.846+0000] {dagbag.py:540} INFO - Filling up the DagBag from /home/airflow/.local/lib/python3.8/site-packages/airflow/example_dags/example_external_task_marker_dag.py
[2026-08-26T18:39:07.855+0000] {processor.py:840} INFO - DAG(s) 'example_external_task_marker_child', 'example_external_task_marker_parent' retrieved from /home/airflow/.local/lib/python3.8/site-packages/airflow/example_dags/example_external_task_marker_dag.py
[2026-08-26T18:39:07.892+0000] {logging_mixin.py:188} INFO - [2026-08-26T18:39:07.891+0000] {dag.py:3047} INFO - Sync 2 DAGs
[2026-08-26T18:39:07.915+0000] {logging_mixin.py:188} INFO - [2026-08-26T18:39:07.915+0000] {dag.py:3834} INFO - Setting next_dagrun for example_external_task_marker_child to None, run_after=None
[2026-08-26T18:39:07.925+0000] {logging_mixin.py:188} INFO - [2026-08-26T18:39:07.924+0000] {dag.py:3834} INFO - Setting next_dagrun for example_external_task_marker_parent to None, run_after=None
[2026-08-26T18:39:07.967+0000] {processor.py:183} INFO - Processing /home/airflow/.local/lib/python3.8/site-packages/airflow/example_dags/example_external_task_marker_dag.py took 0.132 seconds
[2026-08-26T18:39:38.056+0000] {processor.py:161} INFO - Started process (PID=5862) to work on /home/airflow/.local/lib/python3.8/site-packages/airflow/example_dags/example_external_task_marker_dag.py
[2026-08-26T18:39:38.061+0000] {processor.py:830} INFO - Processing file /home/airflow/.local/lib/python3.8/site-packages/airflow/example_dags/example_external_task_marker_dag.py for tasks to queue
[2026-08-26T18:39:38.067+0000] {logging_mixin.py:188} INFO - [2026-08-26T18:39:38.066+0000] {dagbag.py:540} INFO - Filling up the DagBag from /home/airflow/.local/lib/python3.8/site-packages/airflow/example_dags/example_external_task_marker_dag.py
[2026-08-26T18:39:38.079+0000] {processor.py:840} INFO - DAG(s) 'example_external_task_marker_parent', 'example_external_task_marker_child' retrieved from /home/airflow/.local/lib/python3.8/site-packages/airflow/example_dags/example_external_task_marker_dag.py
[2026-08-26T18:39:38.123+0000] {logging_mixin.py:188} INFO - [2026-08-26T18:39:38.123+0000] {dag.py:3047} INFO - Sync 2 DAGs
[2026-08-26T18:39:38.143+0000] {logging_mixin.py:188} INFO - [2026-08-26T18:39:38.143+0000] {dag.py:3834} INFO - Setting next_dagrun for example_external_task_marker_child to None, run_after=None
[2026-08-26T18:39:38.149+0000] {logging_mixin.py:188} INFO - [2026-08-26T18:39:38.148+0000] {dag.py:3834} INFO - Setting next_dagrun for example_external_task_marker_parent to None, run_after=None
[2026-08-26T18:39:38.168+0000] {processor.py:183} INFO - Processing /home/airflow/.local/lib/python3.8/site-packages/airflow/example_dags/example_external_task_marker_dag.py took 0.118 seconds
[2026-08-26T18:40:08.523+0000] {processor.py:161} INFO - Started process (PID=5919) to work on /home/airflow/.local/lib/python3.8/site-packages/airflow/example_dags/example_external_task_marker_dag.py
[2026-08-26T18:40:08.561+0000] {processor.py:830} INFO - Processing file /home/airflow/.local/lib/python3.8/site-packages/airflow/example_dags/example_external_task_marker_dag.py for tasks to queue
[2026-08-26T18:40:08.577+0000] {logging_mixin.py:188} INFO - [2026-08-26T18:40:08.576+0000] {dagbag.py:540} INFO - Filling up the DagBag from /home/airflow/.local/lib/python3.8/site-packages/airflow/example_dags/example_external_task_marker_dag.py
[2026-08-26T18:40:08.602+0000] {processor.py:840} INFO - DAG(s) 'example_external_task_marker_child', 'example_external_task_marker_parent' retrieved from /home/airflow/.local/lib/python3.8/site-packages/airflow/example_dags/example_external_task_marker_dag.py
[2026-08-26T18:40:08.711+0000] {logging_mixin.py:188} INFO - [2026-08-26T18:40:08.711+0000] {dag.py:3047} INFO - Sync 2 DAGs
[2026-08-26T18:40:08.791+0000] {logging_mixin.py:188} INFO - [2026-08-26T18:40:08.790+0000] {dag.py:3834} INFO - Setting next_dagrun for example_external_task_marker_child to None, run_after=None
[2026-08-26T18:40:08.849+0000] {logging_mixin.py:188} INFO - [2026-08-26T18:40:08.849+0000] {dag.py:3834} INFO - Setting next_dagrun for example_external_task_marker_parent to None, run_after=None
[2026-08-26T18:40:08.949+0000] {processor.py:183} INFO - Processing /home/airflow/.local/lib/python3.8/site-packages/airflow/example_dags/example_external_task_marker_dag.py took 0.433 seconds
[2026-08-26T18:40:39.928+0000] {processor.py:161} INFO - Started process (PID=5976) to work on /home/airflow/.local/lib/python3.8/site-packages/airflow/example_dags/example_external_task_marker_dag.py
[2026-08-26T18:40:39.931+0000] {processor.py:830} INFO - Processing file /home/airflow/.local/lib/python3.8/site-packages/airflow/example_dags/example_external_task_marker_dag.py for tasks to queue
[2026-08-26T18:40:39.933+0000] {logging_mixin.py:188} INFO - [2026-08-26T18:40:39.933+0000] {dagbag.py:540} INFO - Filling up the DagBag from /home/airflow/.local/lib/python3.8/site-packages/airflow/example_dags/example_external_task_marker_dag.py
[2026-08-26T18:40:39.946+0000] {processor.py:840} INFO - DAG(s) 'example_external_task_marker_parent', 'example_external_task_marker_child' retrieved from /home/airflow/.local/lib/python3.8/site-packages/airflow/example_dags/example_external_task_marker_dag.py
[2026-08-26T18:40:39.980+0000] {logging_mixin.py:188} INFO - [2026-08-26T18:40:39.980+0000] {dag.py:3047} INFO - Sync 2 DAGs
[2026-08-26T18:40:39.997+0000] {logging_mixin.py:188} INFO - [2026-08-26T18:40:39.997+0000] {dag.py:3834} INFO - Setting next_dagrun for example_external_task_marker_child to None, run_after=None
[2026-08-26T18:40:40.005+0000] {logging_mixin.py:188} INFO - [2026-08-26T18:40:40.004+0000] {dag.py:3834} INFO - Setting next_dagrun for example_external_task_marker_parent to None, run_after=None
[2026-08-26T18:40:40.036+0000] {processor.py:183} INFO - Processing /home/airflow/.local/lib/python3.8/site-packages/airflow/example_dags/example_external_task_marker_dag.py took 0.113 seconds
[2026-08-26T18:41:10.587+0000] {processor.py:161} INFO - Started process (PID=6033) to work on /home/airflow/.local/lib/python3.8/site-packages/airflow/example_dags/example_external_task_marker_dag.py
[2026-08-26T18:41:10.589+0000] {processor.py:830} INFO - Processing file /home/airflow/.local/lib/python3.8/site-packages/airflow/example_dags/example_external_task_marker_dag.py for tasks to queue
[2026-08-26T18:41:10.592+0000] {logging_mixin.py:188} INFO - [2026-08-26T18:41:10.592+0000] {dagbag.py:540} INFO - Filling up the DagBag from /home/airflow/.local/lib/python3.8/site-packages/airflow/example_dags/example_external_task_marker_dag.py
[2026-08-26T18:41:10.600+0000] {processor.py:840} INFO - DAG(s) 'example_external_task_marker_child', 'example_external_task_marker_parent' retrieved from /home/airflow/.local/lib/python3.8/site-packages/airflow/example_dags/example_external_task_marker_dag.py
[2026-08-26T18:41:10.630+0000] {logging_mixin.py:188} INFO - [2026-08-26T18:41:10.629+0000] {dag.py:3047} INFO - Sync 2 DAGs
[2026-08-26T18:41:10.646+0000] {logging_mixin.py:188} INFO - [2026-08-26T18:41:10.645+0000] {dag.py:3834} INFO - Setting next_dagrun for example_external_task_marker_child to None, run_after=None
[2026-08-26T18:41:10.653+0000] {logging_mixin.py:188} INFO - [2026-08-26T18:41:10.652+0000] {dag.py:3834} INFO - Setting next_dagrun for example_external_task_marker_parent to None, run_after=None
[2026-08-26T18:41:10.674+0000] {processor.py:183} INFO - Processing /home/airflow/.local/lib/python3.8/site-packages/airflow/example_dags/example_external_task_marker_dag.py took 0.093 seconds
[2026-08-26T18:41:40.855+0000] {processor.py:161} INFO - Started process (PID=6090) to work on /home/airflow/.local/lib/python3.8/site-packages/airflow/example_dags/example_external_task_marker_dag.py
[2026-08-26T18:41:40.857+0000] {processor.py:830} INFO - Processing file /home/airflow/.local/lib/python3.8/site-packages/airflow/example_dags/example_external_task_marker_dag.py for tasks to queue
[2026-08-26T18:41:40.860+0000] {logging_mixin.py:188} INFO - [2026-08-26T18:41:40.860+0000] {dagbag.py:540} INFO - Filling up the DagBag from /home/airflow/.local/lib/python3.8/site-packages/airflow/example_dags/example_external_task_marker_dag.py
[2026-08-26T18:41:40.868+0000] {processor.py:840} INFO - DAG(s) 'example_external_task_marker_parent', 'example_external_task_marker_child' retrieved from /home/airflow/.local/lib/python3.8/site-packages/airflow/example_dags/example_external_task_marker_dag.py
[2026-08-26T18:41:40.900+0000] {logging_mixin.py:188} INFO - [2026-08-26T18:41:40.900+0000] {dag.py:3047} INFO - Sync 2 DAGs
[2026-08-26T18:41:40.915+0000] {logging_mixin.py:188} INFO - [2026-08-26T18:41:40.915+0000] {dag.py:3834} INFO - Setting next_dagrun for example_external_task_marker_child to None, run_after=None
[2026-08-26T18:41:40.921+0000] {logging_mixin.py:188} INFO - [2026-08-26T18:41:40.921+0000] {dag.py:3834} INFO - Setting next_dagrun for example_external_task_marker_parent to None, run_after=None
[2026-08-26T18:41:40.942+0000] {processor.py:183} INFO - Processing /home/airflow/.local/lib/python3.8/site-packages/airflow/example_dags/example_external_task_marker_dag.py took 0.091 seconds
[2026-08-26T18:42:11.155+0000] {processor.py:161} INFO - Started process (PID=6147) to work on /home/airflow/.local/lib/python3.8/site-packages/airflow/example_dags/example_external_task_marker_dag.py
[2026-08-26T18:42:11.156+0000] {processor.py:830} INFO - Processing file /home/airflow/.local/lib/python3.8/site-packages/airflow/example_dags/example_external_task_marker_dag.py for tasks to queue
[2026-08-26T18:42:11.159+0000] {logging_mixin.py:188} INFO - [2026-08-26T18:42:11.159+0000] {dagbag.py:540} INFO - Filling up the DagBag from /home/airflow/.local/lib/python3.8/site-packages/airflow/example_dags/example_external_task_marker_dag.py
[2026-08-26T18:42:11.169+0000] {processor.py:840} INFO - DAG(s) 'example_external_task_marker_child', 'example_external_task_marker_parent' retrieved from /home/airflow/.local/lib/python3.8/site-packages/airflow/example_dags/example_external_task_marker_dag.py
[2026-08-26T18:42:11.206+0000] {logging_mixin.py:188} INFO - [2026-08-26T18:42:11.206+0000] {dag.py:3047} INFO - Sync 2 DAGs
[2026-08-26T18:42:11.238+0000] {logging_mixin.py:188} INFO - [2026-08-26T18:42:11.237+0000] {dag.py:3834} INFO - Setting next_dagrun for example_external_task_marker_child to None, run_after=None
[2026-08-26T18:42:11.243+0000] {logging_mixin.py:188} INFO - [2026-08-26T18:42:11.242+0000] {dag.py:3834} INFO - Setting next_dagrun for example_external_task_marker_parent to None, run_after=None
[2026-08-26T18:42:11.279+0000] {processor.py:183} INFO - Processing /home/airflow/.local/lib/python3.8/site-packages/airflow/example_dags/example_external_task_marker_dag.py took 0.130 seconds
[2026-08-26T18:42:41.606+0000] {processor.py:161} INFO - Started process (PID=6204) to work on /home/airflow/.local/lib/python3.8/site-packages/airflow/example_dags/example_external_task_marker_dag.py
[2026-08-26T18:42:41.608+0000] {processor.py:830} INFO - Processing file /home/airflow/.local/lib/python3.8/site-packages/airflow/example_dags/example_external_task_marker_dag.py for tasks to queue
[2026-08-26T18:42:41.615+0000] {logging_mixin.py:188} INFO - [2026-08-26T18:42:41.615+0000] {dagbag.py:540} INFO - Filling up the DagBag from /home/airflow/.local/lib/python3.8/site-packages/airflow/example_dags/example_external_task_marker_dag.py
[2026-08-26T18:42:41.623+0000] {processor.py:840} INFO - DAG(s) 'example_external_task_marker_child', 'example_external_task_marker_parent' retrieved from /home/airflow/.local/lib/python3.8/site-packages/airflow/example_dags/example_external_task_marker_dag.py
[2026-08-26T18:42:41.663+0000] {logging_mixin.py:188} INFO - [2026-08-26T18:42:41.663+0000] {dag.py:3047} INFO - Sync 2 DAGs
[2026-08-26T18:42:41.683+0000] {logging_mixin.py:188} INFO - [2026-08-26T18:42:41.683+0000] {dag.py:3834} INFO - Setting next_dagrun for example_external_task_marker_child to None, run_after=None
[2026-08-26T18:42:41.688+0000] {logging_mixin.py:188} INFO - [2026-08-26T18:42:41.688+0000] {dag.py:3834} INFO - Setting next_dagrun for example_external_task_marker_parent to None, run_after=None
[2026-08-26T18:42:41.717+0000] {processor.py:183} INFO - Processing /home/airflow/.local/lib/python3.8/site-packages/airflow/example_dags/example_external_task_marker_dag.py took 0.115 seconds
[2026-08-26T18:43:11.999+0000] {processor.py:161} INFO - Started process (PID=6261) to work on /home/airflow/.local/lib/python3.8/site-packages/airflow/example_dags/example_external_task_marker_dag.py
[2026-08-26T18:43:12.000+0000] {processor.py:830} INFO - Processing file /home/airflow/.local/lib/python3.8/site-packages/airflow/example_dags/example_external_task_marker_dag.py for tasks to queue
[2026-08-26T18:43:12.004+0000] {logging_mixin.py:188} INFO - [2026-08-26T18:43:12.003+0000] {dagbag.py:540} INFO - Filling up the DagBag from /home/airflow/.local/lib/python3.8/site-packages/airflow/example_dags/example_external_task_marker_dag.py
[2026-08-26T18:43:12.018+0000] {processor.py:840} INFO - DAG(s) 'example_external_task_marker_parent', 'example_external_task_marker_child' retrieved from /home/airflow/.local/lib/python3.8/site-packages/airflow/example_dags/example_external_task_marker_dag.py
[2026-08-26T18:43:12.052+0000] {logging_mixin.py:188} INFO - [2026-08-26T18:43:12.052+0000] {dag.py:3047} INFO - Sync 2 DAGs
[2026-08-26T18:43:12.077+0000] {logging_mixin.py:188} INFO - [2026-08-26T18:43:12.076+0000] {dag.py:3834} INFO - Setting next_dagrun for example_external_task_marker_child to None, run_after=None
[2026-08-26T18:43:12.082+0000] {logging_mixin.py:188} INFO - [2026-08-26T18:43:12.082+0000] {dag.py:3834} INFO - Setting next_dagrun for example_external_task_marker_parent to None, run_after=None
[2026-08-26T18:43:12.102+0000] {processor.py:183} INFO - Processing /home/airflow/.local/lib/python3.8/site-packages/airflow/example_dags/example_external_task_marker_dag.py took 0.108 seconds
[2026-08-26T18:43:42.696+0000] {processor.py:161} INFO - Started process (PID=6318) to work on /home/airflow/.local/lib/python3.8/site-packages/airflow/example_dags/example_external_task_marker_dag.py
[2026-08-26T18:43:42.698+0000] {processor.py:830} INFO - Processing file /home/airflow/.local/lib/python3.8/site-packages/airflow/example_dags/example_external_task_marker_dag.py for tasks to queue
[2026-08-26T18:43:42.703+0000] {logging_mixin.py:188} INFO - [2026-08-26T18:43:42.702+0000] {dagbag.py:540} INFO - Filling up the DagBag from /home/airflow/.local/lib/python3.8/site-packages/airflow/example_dags/example_external_task_marker_dag.py
[2026-08-26T18:43:42.723+0000] {processor.py:840} INFO - DAG(s) 'example_external_task_marker_parent', 'example_external_task_marker_child' retrieved from /home/airflow/.local/lib/python3.8/site-packages/airflow/example_dags/example_external_task_marker_dag.py
[2026-08-26T18:43:42.781+0000] {logging_mixin.py:188} INFO - [2026-08-26T18:43:42.780+0000] {dag.py:3047} INFO - Sync 2 DAGs
[2026-08-26T18:43:42.828+0000] {logging_mixin.py:188} INFO - [2026-08-26T18:43:42.828+0000] {dag.py:3834} INFO - Setting next_dagrun for example_external_task_marker_child to None, run_after=None
[2026-08-26T18:43:42.833+0000] {logging_mixin.py:188} INFO - [2026-08-26T18:43:42.832+0000] {dag.py:3834} INFO - Setting next_dagrun for example_external_task_marker_parent to None, run_after=None
[2026-08-26T18:43:42.861+0000] {processor.py:183} INFO - Processing /home/airflow/.local/lib/python3.8/site-packages/airflow/example_dags/example_external_task_marker_dag.py took 0.179 seconds
[2026-08-26T18:44:13.594+0000] {processor.py:161} INFO - Started process (PID=6375) to work on /home/airflow/.local/lib/python3.8/site-packages/airflow/example_dags/example_external_task_marker_dag.py
[2026-08-26T18:44:13.596+0000] {processor.py:830} INFO - Processing file /home/airflow/.local/lib/python3.8/site-packages/airflow/example_dags/example_external_task_marker_dag.py for tasks to queue
[2026-08-26T18:44:13.599+0000] {logging_mixin.py:188} INFO - [2026-08-26T18:44:13.599+0000] {dagbag.py:540} INFO - Filling up the DagBag from /home/airflow/.local/lib/python3.8/site-packages/airflow/example_dags/example_external_task_marker_dag.py
[2026-08-26T18:44:13.610+0000] {processor.py:840} INFO - DAG(s) 'example_external_task_marker_parent', 'example_external_task_marker_child' retrieved from /home/airflow/.local/lib/python3.8/site-packages/airflow/example_dags/example_external_task_marker_dag.py
[2026-08-26T18:44:13.641+0000] {logging_mixin.py:188} INFO - [2026-08-26T18:44:13.641+0000] {dag.py:3047} INFO - Sync 2 DAGs
[2026-08-26T18:44:13.657+0000] {logging_mixin.py:188} INFO - [2026-08-26T18:44:13.656+0000] {dag.py:3834} INFO - Setting next_dagrun for example_external_task_marker_child to None, run_after=None
[2026-08-26T18:44:13.661+0000] {logging_mixin.py:188} INFO - [2026-08-26T18:44:13.661+0000] {dag.py:3834} INFO - Setting next_dagrun for example_external_task_marker_parent to None, run_after=None
[2026-08-26T18:44:13.687+0000] {processor.py:183} INFO - Processing /home/airflow/.local/lib/python3.8/site-packages/airflow/example_dags/example_external_task_marker_dag.py took 0.098 seconds
[2026-08-26T18:44:43.764+0000] {processor.py:161} INFO - Started process (PID=6432) to work on /home/airflow/.local/lib/python3.8/site-packages/airflow/example_dags/example_external_task_marker_dag.py
[2026-08-26T18:44:43.767+0000] {processor.py:830} INFO - Processing file /home/airflow/.local/lib/python3.8/site-packages/airflow/example_dags/example_external_task_marker_dag.py for tasks to queue
[2026-08-26T18:44:43.770+0000] {logging_mixin.py:188} INFO - [2026-08-26T18:44:43.770+0000] {dagbag.py:540} INFO - Filling up the DagBag from /home/airflow/.local/lib/python3.8/site-packages/airflow/example_dags/example_external_task_marker_dag.py
[2026-08-26T18:44:43.778+0000] {processor.py:840} INFO - DAG(s) 'example_external_task_marker_parent', 'example_external_task_marker_child' retrieved from /home/airflow/.local/lib/python3.8/site-packages/airflow/example_dags/example_external_task_marker_dag.py
[2026-08-26T18:44:43.810+0000] {logging_mixin.py:188} INFO - [2026-08-26T18:44:43.810+0000] {dag.py:3047} INFO - Sync 2 DAGs
[2026-08-26T18:44:43.827+0000] {logging_mixin.py:188} INFO - [2026-08-26T18:44:43.827+0000] {dag.py:3834} INFO - Setting next_dagrun for example_external_task_marker_child to None, run_after=None
[2026-08-26T18:44:43.835+0000] {logging_mixin.py:188} INFO - [2026-08-26T18:44:43.835+0000] {dag.py:3834} INFO - Setting next_dagrun for example_external_task_marker_parent to None, run_after=None
[2026-08-26T18:44:43.856+0000] {processor.py:183} INFO - Processing /home/airflow/.local/lib/python3.8/site-packages/airflow/example_dags/example_external_task_marker_dag.py took 0.097 seconds
[2026-08-26T18:45:14.289+0000] {processor.py:161} INFO - Started process (PID=6489) to work on /home/airflow/.local/lib/python3.8/site-packages/airflow/example_dags/example_external_task_marker_dag.py
[2026-08-26T18:45:14.291+0000] {processor.py:830} INFO - Processing file /home/airflow/.local/lib/python3.8/site-packages/airflow/example_dags/example_external_task_marker_dag.py for tasks to queue
[2026-08-26T18:45:14.295+0000] {logging_mixin.py:188} INFO - [2026-08-26T18:45:14.294+0000] {dagbag.py:540} INFO - Filling up the DagBag from /home/airflow/.local/lib/python3.8/site-packages/airflow/example_dags/example_external_task_marker_dag.py
[2026-08-26T18:45:14.303+0000] {processor.py:840} INFO - DAG(s) 'example_external_task_marker_child', 'example_external_task_marker_parent' retrieved from /home/airflow/.local/lib/python3.8/site-packages/airflow/example_dags/example_external_task_marker_dag.py
[2026-08-26T18:45:14.333+0000] {logging_mixin.py:188} INFO - [2026-08-26T18:45:14.333+0000] {dag.py:3047} INFO - Sync 2 DAGs
[2026-08-26T18:45:14.348+0000] {logging_mixin.py:188} INFO - [2026-08-26T18:45:14.348+0000] {dag.py:3834} INFO - Setting next_dagrun for example_external_task_marker_child to None, run_after=None
[2026-08-26T18:45:14.353+0000] {logging_mixin.py:188} INFO - [2026-08-26T18:45:14.353+0000] {dag.py:3834} INFO - Setting next_dagrun for example_external_task_marker_parent to None, run_after=None
[2026-08-26T18:45:14.376+0000] {processor.py:183} INFO - Processing /home/airflow/.local/lib/python3.8/site-packages/airflow/example_dags/example_external_task_marker_dag.py took 0.091 seconds
[2026-08-26T18:45:44.612+0000] {processor.py:161} INFO - Started process (PID=6546) to work on /home/airflow/.local/lib/python3.8/site-packages/airflow/example_dags/example_external_task_marker_dag.py
[2026-08-26T18:45:44.615+0000] {processor.py:830} INFO - Processing file /home/airflow/.local/lib/python3.8/site-packages/airflow/example_dags/example_external_task_marker_dag.py for tasks to queue
[2026-08-26T18:45:44.620+0000] {logging_mixin.py:188} INFO - [2026-08-26T18:45:44.619+0000] {dagbag.py:540} INFO - Filling up the DagBag from /home/airflow/.local/lib/python3.8/site-packages/airflow/example_dags/example_external_task_marker_dag.py
[2026-08-26T18:45:44.630+0000] {processor.py:840} INFO - DAG(s) 'example_external_task_marker_child', 'example_external_task_marker_parent' retrieved from /home/airflow/.local/lib/python3.8/site-packages/airflow/example_dags/example_external_task_marker_dag.py
[2026-08-26T18:45:44.665+0000] {logging_mixin.py:188} INFO - [2026-08-26T18:45:44.665+0000] {dag.py:3047} INFO - Sync 2 DAGs
[2026-08-26T18:45:44.683+0000] {logging_mixin.py:188} INFO - [2026-08-26T18:45:44.682+0000] {dag.py:3834} INFO - Setting next_dagrun for example_external_task_marker_child to None, run_after=None
[2026-08-26T18:45:44.688+0000] {logging_mixin.py:188} INFO - [2026-08-26T18:45:44.688+0000] {dag.py:3834} INFO - Setting next_dagrun for example_external_task_marker_parent to None, run_after=None
[2026-08-26T18:45:44.714+0000] {processor.py:183} INFO - Processing /home/airflow/.local/lib/python3.8/site-packages/airflow/example_dags/example_external_task_marker_dag.py took 0.109 seconds
[2026-08-26T18:46:15.279+0000] {processor.py:161} INFO - Started process (PID=6603) to work on /home/airflow/.local/lib/python3.8/site-packages/airflow/example_dags/example_external_task_marker_dag.py
[2026-08-26T18:46:15.281+0000] {processor.py:830} INFO - Processing file /home/airflow/.local/lib/python3.8/site-packages/airflow/example_dags/example_external_task_marker_dag.py for tasks to queue
[2026-08-26T18:46:15.285+0000] {logging_mixin.py:188} INFO - [2026-08-26T18:46:15.284+0000] {dagbag.py:540} INFO - Filling up the DagBag from /home/airflow/.local/lib/python3.8/site-packages/airflow/example_dags/example_external_task_marker_dag.py
[2026-08-26T18:46:15.293+0000] {processor.py:840} INFO - DAG(s) 'example_external_task_marker_parent', 'example_external_task_marker_child' retrieved from /home/airflow/.local/lib/python3.8/site-packages/airflow/example_dags/example_external_task_marker_dag.py
[2026-08-26T18:46:15.325+0000] {logging_mixin.py:188} INFO - [2026-08-26T18:46:15.325+0000] {dag.py:3047} INFO - Sync 2 DAGs
[2026-08-26T18:46:15.343+0000] {logging_mixin.py:188} INFO - [2026-08-26T18:46:15.343+0000] {dag.py:3834} INFO - Setting next_dagrun for example_external_task_marker_child to None, run_after=None
[2026-08-26T18:46:15.350+0000] {logging_mixin.py:188} INFO - [2026-08-26T18:46:15.349+0000] {dag.py:3834} INFO - Setting next_dagrun for example_external_task_marker_parent to None, run_after=None
[2026-08-26T18:46:15.376+0000] {processor.py:183} INFO - Processing /home/airflow/.local/lib/python3.8/site-packages/airflow/example_dags/example_external_task_marker_dag.py took 0.101 seconds
[2026-08-26T18:46:45.767+0000] {processor.py:161} INFO - Started process (PID=6660) to work on /home/airflow/.local/lib/python3.8/site-packages/airflow/example_dags/example_external_task_marker_dag.py
[2026-08-26T18:46:45.769+0000] {processor.py:830} INFO - Processing file /home/airflow/.local/lib/python3.8/site-packages/airflow/example_dags/example_external_task_marker_dag.py for tasks to queue
[2026-08-26T18:46:45.773+0000] {logging_mixin.py:188} INFO - [2026-08-26T18:46:45.773+0000] {dagbag.py:540} INFO - Filling up the DagBag from /home/airflow/.local/lib/python3.8/site-packages/airflow/example_dags/example_external_task_marker_dag.py
[2026-08-26T18:46:45.783+0000] {processor.py:840} INFO - DAG(s) 'example_external_task_marker_parent', 'example_external_task_marker_child' retrieved from /home/airflow/.local/lib/python3.8/site-packages/airflow/example_dags/example_external_task_marker_dag.py
[2026-08-26T18:46:45.816+0000] {logging_mixin.py:188} INFO - [2026-08-26T18:46:45.816+0000] {dag.py:3047} INFO - Sync 2 DAGs
[2026-08-26T18:46:45.832+0000] {logging_mixin.py:188} INFO - [2026-08-26T18:46:45.832+0000] {dag.py:3834} INFO - Setting next_dagrun for example_external_task_marker_child to None, run_after=None
[2026-08-26T18:46:45.838+0000] {logging_mixin.py:188} INFO - [2026-08-26T18:46:45.838+0000] {dag.py:3834} INFO - Setting next_dagrun for example_external_task_marker_parent to None, run_after=None
[2026-08-26T18:46:45.861+0000] {processor.py:183} INFO - Processing /home/airflow/.local/lib/python3.8/site-packages/airflow/example_dags/example_external_task_marker_dag.py took 0.100 seconds
[2026-08-26T18:47:16.710+0000] {processor.py:161} INFO - Started process (PID=6717) to work on /home/airflow/.local/lib/python3.8/site-packages/airflow/example_dags/example_external_task_marker_dag.py
[2026-08-26T18:47:16.712+0000] {processor.py:830} INFO - Processing file /home/airflow/.local/lib/python3.8/site-packages/airflow/example_dags/example_external_task_marker_dag.py for tasks to queue
[2026-08-26T18:47:16.715+0000] {logging_mixin.py:188} INFO - [2026-08-26T18:47:16.715+0000] {dagbag.py:540} INFO - Filling up the DagBag from /home/airflow/.local/lib/python3.8/site-packages/airflow/example_dags/example_external_task_marker_dag.py
[2026-08-26T18:47:16.726+0000] {processor.py:840} INFO - DAG(s) 'example_external_task_marker_child', 'example_external_task_marker_parent' retrieved from /home/airflow/.local/lib/python3.8/site-packages/airflow/example_dags/example_external_task_marker_dag.py
[2026-08-26T18:47:16.758+0000] {logging_mixin.py:188} INFO - [2026-08-26T18:47:16.758+0000] {dag.py:3047} INFO - Sync 2 DAGs
[2026-08-26T18:47:16.778+0000] {logging_mixin.py:188} INFO - [2026-08-26T18:47:16.777+0000] {dag.py:3834} INFO - Setting next_dagrun for example_external_task_marker_child to None, run_after=None
[2026-08-26T18:47:16.782+0000] {logging_mixin.py:188} INFO - [2026-08-26T18:47:16.782+0000] {dag.py:3834} INFO - Setting next_dagrun for example_external_task_marker_parent to None, run_after=None
[2026-08-26T18:47:16.809+0000] {processor.py:183} INFO - Processing /home/airflow/.local/lib/python3.8/site-packages/airflow/example_dags/example_external_task_marker_dag.py took 0.106 seconds
[2026-08-26T18:47:47.696+0000] {processor.py:161} INFO - Started process (PID=6774) to work on /home/airflow/.local/lib/python3.8/site-packages/airflow/example_dags/example_external_task_marker_dag.py
[2026-08-26T18:47:47.700+0000] {processor.py:830} INFO - Processing file /home/airflow/.local/lib/python3.8/site-packages/airflow/example_dags/example_external_task_marker_dag.py for tasks to queue
[2026-08-26T18:47:47.704+0000] {logging_mixin.py:188} INFO - [2026-08-26T18:47:47.704+0000] {dagbag.py:540} INFO - Filling up the DagBag from /home/airflow/.local/lib/python3.8/site-packages/airflow/example_dags/example_external_task_marker_dag.py
[2026-08-26T18:47:47.714+0000] {processor.py:840} INFO - DAG(s) 'example_external_task_marker_child', 'example_external_task_marker_parent' retrieved from /home/airflow/.local/lib/python3.8/site-packages/airflow/example_dags/example_external_task_marker_dag.py
[2026-08-26T18:47:47.758+0000] {logging_mixin.py:188} INFO - [2026-08-26T18:47:47.757+0000] {dag.py:3047} INFO - Sync 2 DAGs
[2026-08-26T18:47:47.778+0000] {logging_mixin.py:188} INFO - [2026-08-26T18:47:47.777+0000] {dag.py:3834} INFO - Setting next_dagrun for example_external_task_marker_child to None, run_after=None
[2026-08-26T18:47:47.785+0000] {logging_mixin.py:188} INFO - [2026-08-26T18:47:47.785+0000] {dag.py:3834} INFO - Setting next_dagrun for example_external_task_marker_parent to None, run_after=None
[2026-08-26T18:47:47.808+0000] {processor.py:183} INFO - Processing /home/airflow/.local/lib/python3.8/site-packages/airflow/example_dags/example_external_task_marker_dag.py took 0.119 seconds
[2026-08-26T18:48:18.046+0000] {processor.py:161} INFO - Started process (PID=6831) to work on /home/airflow/.local/lib/python3.8/site-packages/airflow/example_dags/example_external_task_marker_dag.py
[2026-08-26T18:48:18.049+0000] {processor.py:830} INFO - Processing file /home/airflow/.local/lib/python3.8/site-packages/airflow/example_dags/example_external_task_marker_dag.py for tasks to queue
[2026-08-26T18:48:18.052+0000] {logging_mixin.py:188} INFO - [2026-08-26T18:48:18.051+0000] {dagbag.py:540} INFO - Filling up the DagBag from /home/airflow/.local/lib/python3.8/site-packages/airflow/example_dags/example_external_task_marker_dag.py
[2026-08-26T18:48:18.060+0000] {processor.py:840} INFO - DAG(s) 'example_external_task_marker_child', 'example_external_task_marker_parent' retrieved from /home/airflow/.local/lib/python3.8/site-packages/airflow/example_dags/example_external_task_marker_dag.py
[2026-08-26T18:48:18.095+0000] {logging_mixin.py:188} INFO - [2026-08-26T18:48:18.095+0000] {dag.py:3047} INFO - Sync 2 DAGs
[2026-08-26T18:48:18.110+0000] {logging_mixin.py:188} INFO - [2026-08-26T18:48:18.109+0000] {dag.py:3834} INFO - Setting next_dagrun for example_external_task_marker_child to None, run_after=None
[2026-08-26T18:48:18.116+0000] {logging_mixin.py:188} INFO - [2026-08-26T18:48:18.116+0000] {dag.py:3834} INFO - Setting next_dagrun for example_external_task_marker_parent to None, run_after=None
[2026-08-26T18:48:18.139+0000] {processor.py:183} INFO - Processing /home/airflow/.local/lib/python3.8/site-packages/airflow/example_dags/example_external_task_marker_dag.py took 0.099 seconds
[2026-08-26T18:48:48.380+0000] {processor.py:161} INFO - Started process (PID=6888) to work on /home/airflow/.local/lib/python3.8/site-packages/airflow/example_dags/example_external_task_marker_dag.py
[2026-08-26T18:48:48.381+0000] {processor.py:830} INFO - Processing file /home/airflow/.local/lib/python3.8/site-packages/airflow/example_dags/example_external_task_marker_dag.py for tasks to queue
[2026-08-26T18:48:48.384+0000] {logging_mixin.py:188} INFO - [2026-08-26T18:48:48.384+0000] {dagbag.py:540} INFO - Filling up the DagBag from /home/airflow/.local/lib/python3.8/site-packages/airflow/example_dags/example_external_task_marker_dag.py
[2026-08-26T18:48:48.393+0000] {processor.py:840} INFO - DAG(s) 'example_external_task_marker_child', 'example_external_task_marker_parent' retrieved from /home/airflow/.local/lib/python3.8/site-packages/airflow/example_dags/example_external_task_marker_dag.py
[2026-08-26T18:48:48.424+0000] {logging_mixin.py:188} INFO - [2026-08-26T18:48:48.424+0000] {dag.py:3047} INFO - Sync 2 DAGs
[2026-08-26T18:48:48.441+0000] {logging_mixin.py:188} INFO - [2026-08-26T18:48:48.440+0000] {dag.py:3834} INFO - Setting next_dagrun for example_external_task_marker_child to None, run_after=None
[2026-08-26T18:48:48.446+0000] {logging_mixin.py:188} INFO - [2026-08-26T18:48:48.446+0000] {dag.py:3834} INFO - Setting next_dagrun for example_external_task_marker_parent to None, run_after=None
[2026-08-26T18:48:48.469+0000] {processor.py:183} INFO - Processing /home/airflow/.local/lib/python3.8/site-packages/airflow/example_dags/example_external_task_marker_dag.py took 0.094 seconds
[2026-08-26T18:49:18.565+0000] {processor.py:161} INFO - Started process (PID=6945) to work on /home/airflow/.local/lib/python3.8/site-packages/airflow/example_dags/example_external_task_marker_dag.py
[2026-08-26T18:49:18.567+0000] {processor.py:830} INFO - Processing file /home/airflow/.local/lib/python3.8/site-packages/airflow/example_dags/example_external_task_marker_dag.py for tasks to queue
[2026-08-26T18:49:18.570+0000] {logging_mixin.py:188} INFO - [2026-08-26T18:49:18.569+0000] {dagbag.py:540} INFO - Filling up the DagBag from /home/airflow/.local/lib/python3.8/site-packages/airflow/example_dags/example_external_task_marker_dag.py
[2026-08-26T18:49:18.578+0000] {processor.py:840} INFO - DAG(s) 'example_external_task_marker_parent', 'example_external_task_marker_child' retrieved from /home/airflow/.local/lib/python3.8/site-packages/airflow/example_dags/example_external_task_marker_dag.py
[2026-08-26T18:49:18.612+0000] {logging_mixin.py:188} INFO - [2026-08-26T18:49:18.612+0000] {dag.py:3047} INFO - Sync 2 DAGs
[2026-08-26T18:49:18.630+0000] {logging_mixin.py:188} INFO - [2026-08-26T18:49:18.630+0000] {dag.py:3834} INFO - Setting next_dagrun for example_external_task_marker_child to None, run_after=None
[2026-08-26T18:49:18.636+0000] {logging_mixin.py:188} INFO - [2026-08-26T18:49:18.635+0000] {dag.py:3834} INFO - Setting next_dagrun for example_external_task_marker_parent to None, run_after=None
[2026-08-26T18:49:18.662+0000] {processor.py:183} INFO - Processing /home/airflow/.local/lib/python3.8/site-packages/airflow/example_dags/example_external_task_marker_dag.py took 0.102 seconds
[2026-08-26T18:49:48.796+0000] {processor.py:161} INFO - Started process (PID=7002) to work on /home/airflow/.local/lib/python3.8/site-packages/airflow/example_dags/example_external_task_marker_dag.py
[2026-08-26T18:49:48.798+0000] {processor.py:830} INFO - Processing file /home/airflow/.local/lib/python3.8/site-packages/airflow/example_dags/example_external_task_marker_dag.py for tasks to queue
[2026-08-26T18:49:48.801+0000] {logging_mixin.py:188} INFO - [2026-08-26T18:49:48.801+0000] {dagbag.py:540} INFO - Filling up the DagBag from /home/airflow/.local/lib/python3.8/site-packages/airflow/example_dags/example_external_task_marker_dag.py
[2026-08-26T18:49:48.810+0000] {processor.py:840} INFO - DAG(s) 'example_external_task_marker_child', 'example_external_task_marker_parent' retrieved from /home/airflow/.local/lib/python3.8/site-packages/airflow/example_dags/example_external_task_marker_dag.py
[2026-08-26T18:49:48.843+0000] {logging_mixin.py:188} INFO - [2026-08-26T18:49:48.843+0000] {dag.py:3047} INFO - Sync 2 DAGs
[2026-08-26T18:49:48.859+0000] {logging_mixin.py:188} INFO - [2026-08-26T18:49:48.859+0000] {dag.py:3834} INFO - Setting next_dagrun for example_external_task_marker_child to None, run_after=None
[2026-08-26T18:49:48.864+0000] {logging_mixin.py:188} INFO - [2026-08-26T18:49:48.863+0000] {dag.py:3834} INFO - Setting next_dagrun for example_external_task_marker_parent to None, run_after=None
[2026-08-26T18:49:48.885+0000] {processor.py:183} INFO - Processing /home/airflow/.local/lib/python3.8/site-packages/airflow/example_dags/example_external_task_marker_dag.py took 0.094 seconds
[2026-08-26T18:50:19.211+0000] {processor.py:161} INFO - Started process (PID=7059) to work on /home/airflow/.local/lib/python3.8/site-packages/airflow/example_dags/example_external_task_marker_dag.py
[2026-08-26T18:50:19.213+0000] {processor.py:830} INFO - Processing file /home/airflow/.local/lib/python3.8/site-packages/airflow/example_dags/example_external_task_marker_dag.py for tasks to queue
[2026-08-26T18:50:19.216+0000] {logging_mixin.py:188} INFO - [2026-08-26T18:50:19.215+0000] {dagbag.py:540} INFO - Filling up the DagBag from /home/airflow/.local/lib/python3.8/site-packages/airflow/example_dags/example_external_task_marker_dag.py
[2026-08-26T18:50:19.224+0000] {processor.py:840} INFO - DAG(s) 'example_external_task_marker_child', 'example_external_task_marker_parent' retrieved from /home/airflow/.local/lib/python3.8/site-packages/airflow/example_dags/example_external_task_marker_dag.py
[2026-08-26T18:50:19.255+0000] {logging_mixin.py:188} INFO - [2026-08-26T18:50:19.254+0000] {dag.py:3047} INFO - Sync 2 DAGs
[2026-08-26T18:50:19.269+0000] {logging_mixin.py:188} INFO - [2026-08-26T18:50:19.269+0000] {dag.py:3834} INFO - Setting next_dagrun for example_external_task_marker_child to None, run_after=None
[2026-08-26T18:50:19.274+0000] {logging_mixin.py:188} INFO - [2026-08-26T18:50:19.274+0000] {dag.py:3834} INFO - Setting next_dagrun for example_external_task_marker_parent to None, run_after=None
[2026-08-26T18:50:19.297+0000] {processor.py:183} INFO - Processing /home/airflow/.local/lib/python3.8/site-packages/airflow/example_dags/example_external_task_marker_dag.py took 0.091 seconds
[2026-08-26T18:50:49.606+0000] {processor.py:161} INFO - Started process (PID=7116) to work on /home/airflow/.local/lib/python3.8/site-packages/airflow/example_dags/example_external_task_marker_dag.py
[2026-08-26T18:50:49.608+0000] {processor.py:830} INFO - Processing file /home/airflow/.local/lib/python3.8/site-packages/airflow/example_dags/example_external_task_marker_dag.py for tasks to queue
[2026-08-26T18:50:49.612+0000] {logging_mixin.py:188} INFO - [2026-08-26T18:50:49.611+0000] {dagbag.py:540} INFO - Filling up the DagBag from /home/airflow/.local/lib/python3.8/site-packages/airflow/example_dags/example_external_task_marker_dag.py
[2026-08-26T18:50:49.622+0000] {processor.py:840} INFO - DAG(s) 'example_external_task_marker_child', 'example_external_task_marker_parent' retrieved from /home/airflow/.local/lib/python3.8/site-packages/airflow/example_dags/example_external_task_marker_dag.py
[2026-08-26T18:50:49.656+0000] {logging_mixin.py:188} INFO - [2026-08-26T18:50:49.655+0000] {dag.py:3047} INFO - Sync 2 DAGs
[2026-08-26T18:50:49.673+0000] {logging_mixin.py:188} INFO - [2026-08-26T18:50:49.673+0000] {dag.py:3834} INFO - Setting next_dagrun for example_external_task_marker_child to None, run_after=None
[2026-08-26T18:50:49.678+0000] {logging_mixin.py:188} INFO - [2026-08-26T18:50:49.678+0000] {dag.py:3834} INFO - Setting next_dagrun for example_external_task_marker_parent to None, run_after=None
[2026-08-26T18:50:49.703+0000] {processor.py:183} INFO - Processing /home/airflow/.local/lib/python3.8/site-packages/airflow/example_dags/example_external_task_marker_dag.py took 0.107 seconds
[2026-08-26T18:51:19.978+0000] {processor.py:161} INFO - Started process (PID=7173) to work on /home/airflow/.local/lib/python3.8/site-packages/airflow/example_dags/example_external_task_marker_dag.py
[2026-08-26T18:51:19.980+0000] {processor.py:830} INFO - Processing file /home/airflow/.local/lib/python3.8/site-packages/airflow/example_dags/example_external_task_marker_dag.py for tasks to queue
[2026-08-26T18:51:19.985+0000] {logging_mixin.py:188} INFO - [2026-08-26T18:51:19.985+0000] {dagbag.py:540} INFO - Filling up the DagBag from /home/airflow/.local/lib/python3.8/site-packages/airflow/example_dags/example_external_task_marker_dag.py
[2026-08-26T18:51:19.995+0000] {processor.py:840} INFO - DAG(s) 'example_external_task_marker_parent', 'example_external_task_marker_child' retrieved from /home/airflow/.local/lib/python3.8/site-packages/airflow/example_dags/example_external_task_marker_dag.py
[2026-08-26T18:51:20.034+0000] {logging_mixin.py:188} INFO - [2026-08-26T18:51:20.034+0000] {dag.py:3047} INFO - Sync 2 DAGs
[2026-08-26T18:51:20.052+0000] {logging_mixin.py:188} INFO - [2026-08-26T18:51:20.052+0000] {dag.py:3834} INFO - Setting next_dagrun for example_external_task_marker_child to None, run_after=None
[2026-08-26T18:51:20.058+0000] {logging_mixin.py:188} INFO - [2026-08-26T18:51:20.057+0000] {dag.py:3834} INFO - Setting next_dagrun for example_external_task_marker_parent to None, run_after=None
[2026-08-26T18:51:20.085+0000] {processor.py:183} INFO - Processing /home/airflow/.local/lib/python3.8/site-packages/airflow/example_dags/example_external_task_marker_dag.py took 0.113 seconds
[2026-08-26T18:51:50.916+0000] {processor.py:161} INFO - Started process (PID=7230) to work on /home/airflow/.local/lib/python3.8/site-packages/airflow/example_dags/example_external_task_marker_dag.py
[2026-08-26T18:51:50.918+0000] {processor.py:830} INFO - Processing file /home/airflow/.local/lib/python3.8/site-packages/airflow/example_dags/example_external_task_marker_dag.py for tasks to queue
[2026-08-26T18:51:50.921+0000] {logging_mixin.py:188} INFO - [2026-08-26T18:51:50.921+0000] {dagbag.py:540} INFO - Filling up the DagBag from /home/airflow/.local/lib/python3.8/site-packages/airflow/example_dags/example_external_task_marker_dag.py
[2026-08-26T18:51:50.933+0000] {processor.py:840} INFO - DAG(s) 'example_external_task_marker_parent', 'example_external_task_marker_child' retrieved from /home/airflow/.local/lib/python3.8/site-packages/airflow/example_dags/example_external_task_marker_dag.py
[2026-08-26T18:51:50.968+0000] {logging_mixin.py:188} INFO - [2026-08-26T18:51:50.968+0000] {dag.py:3047} INFO - Sync 2 DAGs
[2026-08-26T18:51:50.985+0000] {logging_mixin.py:188} INFO - [2026-08-26T18:51:50.985+0000] {dag.py:3834} INFO - Setting next_dagrun for example_external_task_marker_child to None, run_after=None
[2026-08-26T18:51:50.991+0000] {logging_mixin.py:188} INFO - [2026-08-26T18:51:50.991+0000] {dag.py:3834} INFO - Setting next_dagrun for example_external_task_marker_parent to None, run_after=None
[2026-08-26T18:51:51.016+0000] {processor.py:183} INFO - Processing /home/airflow/.local/lib/python3.8/site-packages/airflow/example_dags/example_external_task_marker_dag.py took 0.105 seconds
[2026-08-26T18:52:21.101+0000] {processor.py:161} INFO - Started process (PID=7287) to work on /home/airflow/.local/lib/python3.8/site-packages/airflow/example_dags/example_external_task_marker_dag.py
[2026-08-26T18:52:21.103+0000] {processor.py:830} INFO - Processing file /home/airflow/.local/lib/python3.8/site-packages/airflow/example_dags/example_external_task_marker_dag.py for tasks to queue
[2026-08-26T18:52:21.107+0000] {logging_mixin.py:188} INFO - [2026-08-26T18:52:21.107+0000] {dagbag.py:540} INFO - Filling up the DagBag from /home/airflow/.local/lib/python3.8/site-packages/airflow/example_dags/example_external_task_marker_dag.py
[2026-08-26T18:52:21.116+0000] {processor.py:840} INFO - DAG(s) 'example_external_task_marker_child', 'example_external_task_marker_parent' retrieved from /home/airflow/.local/lib/python3.8/site-packages/airflow/example_dags/example_external_task_marker_dag.py
[2026-08-26T18:52:21.148+0000] {logging_mixin.py:188} INFO - [2026-08-26T18:52:21.147+0000] {dag.py:3047} INFO - Sync 2 DAGs
[2026-08-26T18:52:21.163+0000] {logging_mixin.py:188} INFO - [2026-08-26T18:52:21.163+0000] {dag.py:3834} INFO - Setting next_dagrun for example_external_task_marker_child to None, run_after=None
[2026-08-26T18:52:21.168+0000] {logging_mixin.py:188} INFO - [2026-08-26T18:52:21.168+0000] {dag.py:3834} INFO - Setting next_dagrun for example_external_task_marker_parent to None, run_after=None
[2026-08-26T18:52:21.193+0000] {processor.py:183} INFO - Processing /home/airflow/.local/lib/python3.8/site-packages/airflow/example_dags/example_external_task_marker_dag.py took 0.098 seconds
[2026-08-26T18:52:51.711+0000] {processor.py:161} INFO - Started process (PID=7344) to work on /home/airflow/.local/lib/python3.8/site-packages/airflow/example_dags/example_external_task_marker_dag.py
[2026-08-26T18:52:51.713+0000] {processor.py:830} INFO - Processing file /home/airflow/.local/lib/python3.8/site-packages/airflow/example_dags/example_external_task_marker_dag.py for tasks to queue
[2026-08-26T18:52:51.718+0000] {logging_mixin.py:188} INFO - [2026-08-26T18:52:51.718+0000] {dagbag.py:540} INFO - Filling up the DagBag from /home/airflow/.local/lib/python3.8/site-packages/airflow/example_dags/example_external_task_marker_dag.py
[2026-08-26T18:52:51.729+0000] {processor.py:840} INFO - DAG(s) 'example_external_task_marker_parent', 'example_external_task_marker_child' retrieved from /home/airflow/.local/lib/python3.8/site-packages/airflow/example_dags/example_external_task_marker_dag.py
[2026-08-26T18:52:51.769+0000] {logging_mixin.py:188} INFO - [2026-08-26T18:52:51.768+0000] {dag.py:3047} INFO - Sync 2 DAGs
[2026-08-26T18:52:51.787+0000] {logging_mixin.py:188} INFO - [2026-08-26T18:52:51.787+0000] {dag.py:3834} INFO - Setting next_dagrun for example_external_task_marker_child to None, run_after=None
[2026-08-26T18:52:51.792+0000] {logging_mixin.py:188} INFO - [2026-08-26T18:52:51.791+0000] {dag.py:3834} INFO - Setting next_dagrun for example_external_task_marker_parent to None, run_after=None
[2026-08-26T18:52:51.815+0000] {processor.py:183} INFO - Processing /home/airflow/.local/lib/python3.8/site-packages/airflow/example_dags/example_external_task_marker_dag.py took 0.111 seconds
[2026-08-26T18:53:21.993+0000] {processor.py:161} INFO - Started process (PID=7401) to work on /home/airflow/.local/lib/python3.8/site-packages/airflow/example_dags/example_external_task_marker_dag.py
[2026-08-26T18:53:21.995+0000] {processor.py:830} INFO - Processing file /home/airflow/.local/lib/python3.8/site-packages/airflow/example_dags/example_external_task_marker_dag.py for tasks to queue
[2026-08-26T18:53:21.999+0000] {logging_mixin.py:188} INFO - [2026-08-26T18:53:21.998+0000] {dagbag.py:540} INFO - Filling up the DagBag from /home/airflow/.local/lib/python3.8/site-packages/airflow/example_dags/example_external_task_marker_dag.py
[2026-08-26T18:53:22.008+0000] {processor.py:840} INFO - DAG(s) 'example_external_task_marker_child', 'example_external_task_marker_parent' retrieved from /home/airflow/.local/lib/python3.8/site-packages/airflow/example_dags/example_external_task_marker_dag.py
[2026-08-26T18:53:22.041+0000] {logging_mixin.py:188} INFO - [2026-08-26T18:53:22.041+0000] {dag.py:3047} INFO - Sync 2 DAGs
[2026-08-26T18:53:22.063+0000] {logging_mixin.py:188} INFO - [2026-08-26T18:53:22.062+0000] {dag.py:3834} INFO - Setting next_dagrun for example_external_task_marker_child to None, run_after=None
[2026-08-26T18:53:22.068+0000] {logging_mixin.py:188} INFO - [2026-08-26T18:53:22.068+0000] {dag.py:3834} INFO - Setting next_dagrun for example_external_task_marker_parent to None, run_after=None
[2026-08-26T18:53:22.094+0000] {processor.py:183} INFO - Processing /home/airflow/.local/lib/python3.8/site-packages/airflow/example_dags/example_external_task_marker_dag.py took 0.107 seconds
[2026-08-26T18:53:52.169+0000] {processor.py:161} INFO - Started process (PID=7458) to work on /home/airflow/.local/lib/python3.8/site-packages/airflow/example_dags/example_external_task_marker_dag.py
[2026-08-26T18:53:52.171+0000] {processor.py:830} INFO - Processing file /home/airflow/.local/lib/python3.8/site-packages/airflow/example_dags/example_external_task_marker_dag.py for tasks to queue
[2026-08-26T18:53:52.173+0000] {logging_mixin.py:188} INFO - [2026-08-26T18:53:52.173+0000] {dagbag.py:540} INFO - Filling up the DagBag from /home/airflow/.local/lib/python3.8/site-packages/airflow/example_dags/example_external_task_marker_dag.py
[2026-08-26T18:53:52.182+0000] {processor.py:840} INFO - DAG(s) 'example_external_task_marker_parent', 'example_external_task_marker_child' retrieved from /home/airflow/.local/lib/python3.8/site-packages/airflow/example_dags/example_external_task_marker_dag.py
[2026-08-26T18:53:52.218+0000] {logging_mixin.py:188} INFO - [2026-08-26T18:53:52.218+0000] {dag.py:3047} INFO - Sync 2 DAGs
[2026-08-26T18:53:52.237+0000] {logging_mixin.py:188} INFO - [2026-08-26T18:53:52.236+0000] {dag.py:3834} INFO - Setting next_dagrun for example_external_task_marker_child to None, run_after=None
[2026-08-26T18:53:52.245+0000] {logging_mixin.py:188} INFO - [2026-08-26T18:53:52.244+0000] {dag.py:3834} INFO - Setting next_dagrun for example_external_task_marker_parent to None, run_after=None
[2026-08-26T18:53:52.274+0000] {processor.py:183} INFO - Processing /home/airflow/.local/lib/python3.8/site-packages/airflow/example_dags/example_external_task_marker_dag.py took 0.109 seconds
[2026-08-26T18:54:22.439+0000] {processor.py:161} INFO - Started process (PID=7515) to work on /home/airflow/.local/lib/python3.8/site-packages/airflow/example_dags/example_external_task_marker_dag.py
[2026-08-26T18:54:22.441+0000] {processor.py:830} INFO - Processing file /home/airflow/.local/lib/python3.8/site-packages/airflow/example_dags/example_external_task_marker_dag.py for tasks to queue
[2026-08-26T18:54:22.445+0000] {logging_mixin.py:188} INFO - [2026-08-26T18:54:22.445+0000] {dagbag.py:540} INFO - Filling up the DagBag from /home/airflow/.local/lib/python3.8/site-packages/airflow/example_dags/example_external_task_marker_dag.py
[2026-08-26T18:54:22.455+0000] {processor.py:840} INFO - DAG(s) 'example_external_task_marker_parent', 'example_external_task_marker_child' retrieved from /home/airflow/.local/lib/python3.8/site-packages/airflow/example_dags/example_external_task_marker_dag.py
[2026-08-26T18:54:22.511+0000] {logging_mixin.py:188} INFO - [2026-08-26T18:54:22.511+0000] {dag.py:3047} INFO - Sync 2 DAGs
[2026-08-26T18:54:22.528+0000] {logging_mixin.py:188} INFO - [2026-08-26T18:54:22.528+0000] {dag.py:3834} INFO - Setting next_dagrun for example_external_task_marker_child to None, run_after=None
[2026-08-26T18:54:22.533+0000] {logging_mixin.py:188} INFO - [2026-08-26T18:54:22.533+0000] {dag.py:3834} INFO - Setting next_dagrun for example_external_task_marker_parent to None, run_after=None
[2026-08-26T18:54:22.555+0000] {processor.py:183} INFO - Processing /home/airflow/.local/lib/python3.8/site-packages/airflow/example_dags/example_external_task_marker_dag.py took 0.121 seconds
[2026-08-26T18:54:52.665+0000] {processor.py:161} INFO - Started process (PID=7572) to work on /home/airflow/.local/lib/python3.8/site-packages/airflow/example_dags/example_external_task_marker_dag.py
[2026-08-26T18:54:52.667+0000] {processor.py:830} INFO - Processing file /home/airflow/.local/lib/python3.8/site-packages/airflow/example_dags/example_external_task_marker_dag.py for tasks to queue
[2026-08-26T18:54:52.670+0000] {logging_mixin.py:188} INFO - [2026-08-26T18:54:52.670+0000] {dagbag.py:540} INFO - Filling up the DagBag from /home/airflow/.local/lib/python3.8/site-packages/airflow/example_dags/example_external_task_marker_dag.py
[2026-08-26T18:54:52.685+0000] {processor.py:840} INFO - DAG(s) 'example_external_task_marker_parent', 'example_external_task_marker_child' retrieved from /home/airflow/.local/lib/python3.8/site-packages/airflow/example_dags/example_external_task_marker_dag.py
[2026-08-26T18:54:52.741+0000] {logging_mixin.py:188} INFO - [2026-08-26T18:54:52.741+0000] {dag.py:3047} INFO - Sync 2 DAGs
[2026-08-26T18:54:52.768+0000] {logging_mixin.py:188} INFO - [2026-08-26T18:54:52.767+0000] {dag.py:3834} INFO - Setting next_dagrun for example_external_task_marker_child to None, run_after=None
[2026-08-26T18:54:52.775+0000] {logging_mixin.py:188} INFO - [2026-08-26T18:54:52.774+0000] {dag.py:3834} INFO - Setting next_dagrun for example_external_task_marker_parent to None, run_after=None
[2026-08-26T18:54:52.812+0000] {processor.py:183} INFO - Processing /home/airflow/.local/lib/python3.8/site-packages/airflow/example_dags/example_external_task_marker_dag.py took 0.151 seconds
[2026-08-26T18:55:22.957+0000] {processor.py:161} INFO - Started process (PID=7629) to work on /home/airflow/.local/lib/python3.8/site-packages/airflow/example_dags/example_external_task_marker_dag.py
[2026-08-26T18:55:22.959+0000] {processor.py:830} INFO - Processing file /home/airflow/.local/lib/python3.8/site-packages/airflow/example_dags/example_external_task_marker_dag.py for tasks to queue
[2026-08-26T18:55:22.965+0000] {logging_mixin.py:188} INFO - [2026-08-26T18:55:22.964+0000] {dagbag.py:540} INFO - Filling up the DagBag from /home/airflow/.local/lib/python3.8/site-packages/airflow/example_dags/example_external_task_marker_dag.py
[2026-08-26T18:55:22.977+0000] {processor.py:840} INFO - DAG(s) 'example_external_task_marker_parent', 'example_external_task_marker_child' retrieved from /home/airflow/.local/lib/python3.8/site-packages/airflow/example_dags/example_external_task_marker_dag.py
[2026-08-26T18:55:23.011+0000] {logging_mixin.py:188} INFO - [2026-08-26T18:55:23.011+0000] {dag.py:3047} INFO - Sync 2 DAGs
[2026-08-26T18:55:23.028+0000] {logging_mixin.py:188} INFO - [2026-08-26T18:55:23.028+0000] {dag.py:3834} INFO - Setting next_dagrun for example_external_task_marker_child to None, run_after=None
[2026-08-26T18:55:23.038+0000] {logging_mixin.py:188} INFO - [2026-08-26T18:55:23.038+0000] {dag.py:3834} INFO - Setting next_dagrun for example_external_task_marker_parent to None, run_after=None
[2026-08-26T18:55:23.063+0000] {processor.py:183} INFO - Processing /home/airflow/.local/lib/python3.8/site-packages/airflow/example_dags/example_external_task_marker_dag.py took 0.110 seconds
[2026-08-26T18:55:53.140+0000] {processor.py:161} INFO - Started process (PID=7686) to work on /home/airflow/.local/lib/python3.8/site-packages/airflow/example_dags/example_external_task_marker_dag.py
[2026-08-26T18:55:53.142+0000] {processor.py:830} INFO - Processing file /home/airflow/.local/lib/python3.8/site-packages/airflow/example_dags/example_external_task_marker_dag.py for tasks to queue
[2026-08-26T18:55:53.146+0000] {logging_mixin.py:188} INFO - [2026-08-26T18:55:53.145+0000] {dagbag.py:540} INFO - Filling up the DagBag from /home/airflow/.local/lib/python3.8/site-packages/airflow/example_dags/example_external_task_marker_dag.py
[2026-08-26T18:55:53.158+0000] {processor.py:840} INFO - DAG(s) 'example_external_task_marker_child', 'example_external_task_marker_parent' retrieved from /home/airflow/.local/lib/python3.8/site-packages/airflow/example_dags/example_external_task_marker_dag.py
[2026-08-26T18:55:53.196+0000] {logging_mixin.py:188} INFO - [2026-08-26T18:55:53.196+0000] {dag.py:3047} INFO - Sync 2 DAGs
[2026-08-26T18:55:53.213+0000] {logging_mixin.py:188} INFO - [2026-08-26T18:55:53.212+0000] {dag.py:3834} INFO - Setting next_dagrun for example_external_task_marker_child to None, run_after=None
[2026-08-26T18:55:53.221+0000] {logging_mixin.py:188} INFO - [2026-08-26T18:55:53.221+0000] {dag.py:3834} INFO - Setting next_dagrun for example_external_task_marker_parent to None, run_after=None
[2026-08-26T18:55:53.243+0000] {processor.py:183} INFO - Processing /home/airflow/.local/lib/python3.8/site-packages/airflow/example_dags/example_external_task_marker_dag.py took 0.107 seconds
[2026-08-26T18:56:23.690+0000] {processor.py:161} INFO - Started process (PID=7743) to work on /home/airflow/.local/lib/python3.8/site-packages/airflow/example_dags/example_external_task_marker_dag.py
[2026-08-26T18:56:23.692+0000] {processor.py:830} INFO - Processing file /home/airflow/.local/lib/python3.8/site-packages/airflow/example_dags/example_external_task_marker_dag.py for tasks to queue
[2026-08-26T18:56:23.696+0000] {logging_mixin.py:188} INFO - [2026-08-26T18:56:23.696+0000] {dagbag.py:540} INFO - Filling up the DagBag from /home/airflow/.local/lib/python3.8/site-packages/airflow/example_dags/example_external_task_marker_dag.py
[2026-08-26T18:56:23.705+0000] {processor.py:840} INFO - DAG(s) 'example_external_task_marker_child', 'example_external_task_marker_parent' retrieved from /home/airflow/.local/lib/python3.8/site-packages/airflow/example_dags/example_external_task_marker_dag.py
[2026-08-26T18:56:23.738+0000] {logging_mixin.py:188} INFO - [2026-08-26T18:56:23.738+0000] {dag.py:3047} INFO - Sync 2 DAGs
[2026-08-26T18:56:23.757+0000] {logging_mixin.py:188} INFO - [2026-08-26T18:56:23.757+0000] {dag.py:3834} INFO - Setting next_dagrun for example_external_task_marker_child to None, run_after=None
[2026-08-26T18:56:23.763+0000] {logging_mixin.py:188} INFO - [2026-08-26T18:56:23.762+0000] {dag.py:3834} INFO - Setting next_dagrun for example_external_task_marker_parent to None, run_after=None
[2026-08-26T18:56:23.785+0000] {processor.py:183} INFO - Processing /home/airflow/.local/lib/python3.8/site-packages/airflow/example_dags/example_external_task_marker_dag.py took 0.099 seconds
[2026-08-26T18:56:54.120+0000] {processor.py:161} INFO - Started process (PID=7800) to work on /home/airflow/.local/lib/python3.8/site-packages/airflow/example_dags/example_external_task_marker_dag.py
[2026-08-26T18:56:54.122+0000] {processor.py:830} INFO - Processing file /home/airflow/.local/lib/python3.8/site-packages/airflow/example_dags/example_external_task_marker_dag.py for tasks to queue
[2026-08-26T18:56:54.125+0000] {logging_mixin.py:188} INFO - [2026-08-26T18:56:54.125+0000] {dagbag.py:540} INFO - Filling up the DagBag from /home/airflow/.local/lib/python3.8/site-packages/airflow/example_dags/example_external_task_marker_dag.py
[2026-08-26T18:56:54.134+0000] {processor.py:840} INFO - DAG(s) 'example_external_task_marker_child', 'example_external_task_marker_parent' retrieved from /home/airflow/.local/lib/python3.8/site-packages/airflow/example_dags/example_external_task_marker_dag.py
[2026-08-26T18:56:54.165+0000] {logging_mixin.py:188} INFO - [2026-08-26T18:56:54.165+0000] {dag.py:3047} INFO - Sync 2 DAGs
[2026-08-26T18:56:54.182+0000] {logging_mixin.py:188} INFO - [2026-08-26T18:56:54.181+0000] {dag.py:3834} INFO - Setting next_dagrun for example_external_task_marker_child to None, run_after=None
[2026-08-26T18:56:54.186+0000] {logging_mixin.py:188} INFO - [2026-08-26T18:56:54.186+0000] {dag.py:3834} INFO - Setting next_dagrun for example_external_task_marker_parent to None, run_after=None
[2026-08-26T18:56:54.208+0000] {processor.py:183} INFO - Processing /home/airflow/.local/lib/python3.8/site-packages/airflow/example_dags/example_external_task_marker_dag.py took 0.093 seconds
[2026-08-26T18:57:24.568+0000] {processor.py:161} INFO - Started process (PID=7857) to work on /home/airflow/.local/lib/python3.8/site-packages/airflow/example_dags/example_external_task_marker_dag.py
[2026-08-26T18:57:24.570+0000] {processor.py:830} INFO - Processing file /home/airflow/.local/lib/python3.8/site-packages/airflow/example_dags/example_external_task_marker_dag.py for tasks to queue
[2026-08-26T18:57:24.574+0000] {logging_mixin.py:188} INFO - [2026-08-26T18:57:24.573+0000] {dagbag.py:540} INFO - Filling up the DagBag from /home/airflow/.local/lib/python3.8/site-packages/airflow/example_dags/example_external_task_marker_dag.py
[2026-08-26T18:57:24.581+0000] {processor.py:840} INFO - DAG(s) 'example_external_task_marker_parent', 'example_external_task_marker_child' retrieved from /home/airflow/.local/lib/python3.8/site-packages/airflow/example_dags/example_external_task_marker_dag.py
[2026-08-26T18:57:24.611+0000] {logging_mixin.py:188} INFO - [2026-08-26T18:57:24.610+0000] {dag.py:3047} INFO - Sync 2 DAGs
[2026-08-26T18:57:24.627+0000] {logging_mixin.py:188} INFO - [2026-08-26T18:57:24.626+0000] {dag.py:3834} INFO - Setting next_dagrun for example_external_task_marker_child to None, run_after=None
[2026-08-26T18:57:24.631+0000] {logging_mixin.py:188} INFO - [2026-08-26T18:57:24.631+0000] {dag.py:3834} INFO - Setting next_dagrun for example_external_task_marker_parent to None, run_after=None
[2026-08-26T18:57:24.653+0000] {processor.py:183} INFO - Processing /home/airflow/.local/lib/python3.8/site-packages/airflow/example_dags/example_external_task_marker_dag.py took 0.088 seconds
[2026-08-26T18:57:54.844+0000] {processor.py:161} INFO - Started process (PID=7913) to work on /home/airflow/.local/lib/python3.8/site-packages/airflow/example_dags/example_external_task_marker_dag.py
[2026-08-26T18:57:54.847+0000] {processor.py:830} INFO - Processing file /home/airflow/.local/lib/python3.8/site-packages/airflow/example_dags/example_external_task_marker_dag.py for tasks to queue
[2026-08-26T18:57:54.850+0000] {logging_mixin.py:188} INFO - [2026-08-26T18:57:54.849+0000] {dagbag.py:540} INFO - Filling up the DagBag from /home/airflow/.local/lib/python3.8/site-packages/airflow/example_dags/example_external_task_marker_dag.py
[2026-08-26T18:57:54.859+0000] {processor.py:840} INFO - DAG(s) 'example_external_task_marker_parent', 'example_external_task_marker_child' retrieved from /home/airflow/.local/lib/python3.8/site-packages/airflow/example_dags/example_external_task_marker_dag.py
[2026-08-26T18:57:54.894+0000] {logging_mixin.py:188} INFO - [2026-08-26T18:57:54.893+0000] {dag.py:3047} INFO - Sync 2 DAGs
[2026-08-26T18:57:54.910+0000] {logging_mixin.py:188} INFO - [2026-08-26T18:57:54.910+0000] {dag.py:3834} INFO - Setting next_dagrun for example_external_task_marker_child to None, run_after=None
[2026-08-26T18:57:54.916+0000] {logging_mixin.py:188} INFO - [2026-08-26T18:57:54.916+0000] {dag.py:3834} INFO - Setting next_dagrun for example_external_task_marker_parent to None, run_after=None
[2026-08-26T18:57:54.940+0000] {processor.py:183} INFO - Processing /home/airflow/.local/lib/python3.8/site-packages/airflow/example_dags/example_external_task_marker_dag.py took 0.101 seconds
[2026-08-26T18:58:25.821+0000] {processor.py:161} INFO - Started process (PID=7970) to work on /home/airflow/.local/lib/python3.8/site-packages/airflow/example_dags/example_external_task_marker_dag.py
[2026-08-26T18:58:25.823+0000] {processor.py:830} INFO - Processing file /home/airflow/.local/lib/python3.8/site-packages/airflow/example_dags/example_external_task_marker_dag.py for tasks to queue
[2026-08-26T18:58:25.827+0000] {logging_mixin.py:188} INFO - [2026-08-26T18:58:25.826+0000] {dagbag.py:540} INFO - Filling up the DagBag from /home/airflow/.local/lib/python3.8/site-packages/airflow/example_dags/example_external_task_marker_dag.py
[2026-08-26T18:58:25.836+0000] {processor.py:840} INFO - DAG(s) 'example_external_task_marker_child', 'example_external_task_marker_parent' retrieved from /home/airflow/.local/lib/python3.8/site-packages/airflow/example_dags/example_external_task_marker_dag.py
[2026-08-26T18:58:25.871+0000] {logging_mixin.py:188} INFO - [2026-08-26T18:58:25.871+0000] {dag.py:3047} INFO - Sync 2 DAGs
[2026-08-26T18:58:25.890+0000] {logging_mixin.py:188} INFO - [2026-08-26T18:58:25.889+0000] {dag.py:3834} INFO - Setting next_dagrun for example_external_task_marker_child to None, run_after=None
[2026-08-26T18:58:25.894+0000] {logging_mixin.py:188} INFO - [2026-08-26T18:58:25.894+0000] {dag.py:3834} INFO - Setting next_dagrun for example_external_task_marker_parent to None, run_after=None
[2026-08-26T18:58:25.919+0000] {processor.py:183} INFO - Processing /home/airflow/.local/lib/python3.8/site-packages/airflow/example_dags/example_external_task_marker_dag.py took 0.105 seconds
[2026-08-26T18:58:56.718+0000] {processor.py:161} INFO - Started process (PID=8027) to work on /home/airflow/.local/lib/python3.8/site-packages/airflow/example_dags/example_external_task_marker_dag.py
[2026-08-26T18:58:56.720+0000] {processor.py:830} INFO - Processing file /home/airflow/.local/lib/python3.8/site-packages/airflow/example_dags/example_external_task_marker_dag.py for tasks to queue
[2026-08-26T18:58:56.724+0000] {logging_mixin.py:188} INFO - [2026-08-26T18:58:56.723+0000] {dagbag.py:540} INFO - Filling up the DagBag from /home/airflow/.local/lib/python3.8/site-packages/airflow/example_dags/example_external_task_marker_dag.py
[2026-08-26T18:58:56.735+0000] {processor.py:840} INFO - DAG(s) 'example_external_task_marker_child', 'example_external_task_marker_parent' retrieved from /home/airflow/.local/lib/python3.8/site-packages/airflow/example_dags/example_external_task_marker_dag.py
[2026-08-26T18:58:56.769+0000] {logging_mixin.py:188} INFO - [2026-08-26T18:58:56.768+0000] {dag.py:3047} INFO - Sync 2 DAGs
[2026-08-26T18:58:56.785+0000] {logging_mixin.py:188} INFO - [2026-08-26T18:58:56.785+0000] {dag.py:3834} INFO - Setting next_dagrun for example_external_task_marker_child to None, run_after=None
[2026-08-26T18:58:56.790+0000] {logging_mixin.py:188} INFO - [2026-08-26T18:58:56.790+0000] {dag.py:3834} INFO - Setting next_dagrun for example_external_task_marker_parent to None, run_after=None
[2026-08-26T18:58:56.812+0000] {processor.py:183} INFO - Processing /home/airflow/.local/lib/python3.8/site-packages/airflow/example_dags/example_external_task_marker_dag.py took 0.100 seconds
[2026-08-26T18:59:27.713+0000] {processor.py:161} INFO - Started process (PID=8084) to work on /home/airflow/.local/lib/python3.8/site-packages/airflow/example_dags/example_external_task_marker_dag.py
[2026-08-26T18:59:27.716+0000] {processor.py:830} INFO - Processing file /home/airflow/.local/lib/python3.8/site-packages/airflow/example_dags/example_external_task_marker_dag.py for tasks to queue
[2026-08-26T18:59:27.719+0000] {logging_mixin.py:188} INFO - [2026-08-26T18:59:27.719+0000] {dagbag.py:540} INFO - Filling up the DagBag from /home/airflow/.local/lib/python3.8/site-packages/airflow/example_dags/example_external_task_marker_dag.py
[2026-08-26T18:59:27.729+0000] {processor.py:840} INFO - DAG(s) 'example_external_task_marker_parent', 'example_external_task_marker_child' retrieved from /home/airflow/.local/lib/python3.8/site-packages/airflow/example_dags/example_external_task_marker_dag.py
[2026-08-26T18:59:27.767+0000] {logging_mixin.py:188} INFO - [2026-08-26T18:59:27.767+0000] {dag.py:3047} INFO - Sync 2 DAGs
[2026-08-26T18:59:27.785+0000] {logging_mixin.py:188} INFO - [2026-08-26T18:59:27.784+0000] {dag.py:3834} INFO - Setting next_dagrun for example_external_task_marker_child to None, run_after=None
[2026-08-26T18:59:27.790+0000] {logging_mixin.py:188} INFO - [2026-08-26T18:59:27.790+0000] {dag.py:3834} INFO - Setting next_dagrun for example_external_task_marker_parent to None, run_after=None
[2026-08-26T18:59:27.816+0000] {processor.py:183} INFO - Processing /home/airflow/.local/lib/python3.8/site-packages/airflow/example_dags/example_external_task_marker_dag.py took 0.110 seconds
[2026-08-26T18:59:58.783+0000] {processor.py:161} INFO - Started process (PID=8141) to work on /home/airflow/.local/lib/python3.8/site-packages/airflow/example_dags/example_external_task_marker_dag.py
[2026-08-26T18:59:58.786+0000] {processor.py:830} INFO - Processing file /home/airflow/.local/lib/python3.8/site-packages/airflow/example_dags/example_external_task_marker_dag.py for tasks to queue
[2026-08-26T18:59:58.788+0000] {logging_mixin.py:188} INFO - [2026-08-26T18:59:58.788+0000] {dagbag.py:540} INFO - Filling up the DagBag from /home/airflow/.local/lib/python3.8/site-packages/airflow/example_dags/example_external_task_marker_dag.py
[2026-08-26T18:59:58.797+0000] {processor.py:840} INFO - DAG(s) 'example_external_task_marker_child', 'example_external_task_marker_parent' retrieved from /home/airflow/.local/lib/python3.8/site-packages/airflow/example_dags/example_external_task_marker_dag.py
[2026-08-26T18:59:58.829+0000] {logging_mixin.py:188} INFO - [2026-08-26T18:59:58.829+0000] {dag.py:3047} INFO - Sync 2 DAGs
[2026-08-26T18:59:58.845+0000] {logging_mixin.py:188} INFO - [2026-08-26T18:59:58.845+0000] {dag.py:3834} INFO - Setting next_dagrun for example_external_task_marker_child to None, run_after=None
[2026-08-26T18:59:58.850+0000] {logging_mixin.py:188} INFO - [2026-08-26T18:59:58.850+0000] {dag.py:3834} INFO - Setting next_dagrun for example_external_task_marker_parent to None, run_after=None
[2026-08-26T18:59:58.871+0000] {processor.py:183} INFO - Processing /home/airflow/.local/lib/python3.8/site-packages/airflow/example_dags/example_external_task_marker_dag.py took 0.093 seconds
[2026-08-26T19:00:29.503+0000] {processor.py:161} INFO - Started process (PID=8198) to work on /home/airflow/.local/lib/python3.8/site-packages/airflow/example_dags/example_external_task_marker_dag.py
[2026-08-26T19:00:29.505+0000] {processor.py:830} INFO - Processing file /home/airflow/.local/lib/python3.8/site-packages/airflow/example_dags/example_external_task_marker_dag.py for tasks to queue
[2026-08-26T19:00:29.508+0000] {logging_mixin.py:188} INFO - [2026-08-26T19:00:29.508+0000] {dagbag.py:540} INFO - Filling up the DagBag from /home/airflow/.local/lib/python3.8/site-packages/airflow/example_dags/example_external_task_marker_dag.py
[2026-08-26T19:00:29.521+0000] {processor.py:840} INFO - DAG(s) 'example_external_task_marker_child', 'example_external_task_marker_parent' retrieved from /home/airflow/.local/lib/python3.8/site-packages/airflow/example_dags/example_external_task_marker_dag.py
[2026-08-26T19:00:29.556+0000] {logging_mixin.py:188} INFO - [2026-08-26T19:00:29.556+0000] {dag.py:3047} INFO - Sync 2 DAGs
[2026-08-26T19:00:29.575+0000] {logging_mixin.py:188} INFO - [2026-08-26T19:00:29.575+0000] {dag.py:3834} INFO - Setting next_dagrun for example_external_task_marker_child to None, run_after=None
[2026-08-26T19:00:29.582+0000] {logging_mixin.py:188} INFO - [2026-08-26T19:00:29.582+0000] {dag.py:3834} INFO - Setting next_dagrun for example_external_task_marker_parent to None, run_after=None
[2026-08-26T19:00:29.609+0000] {processor.py:183} INFO - Processing /home/airflow/.local/lib/python3.8/site-packages/airflow/example_dags/example_external_task_marker_dag.py took 0.111 seconds
[2026-08-26T19:01:00.600+0000] {processor.py:161} INFO - Started process (PID=8255) to work on /home/airflow/.local/lib/python3.8/site-packages/airflow/example_dags/example_external_task_marker_dag.py
[2026-08-26T19:01:00.603+0000] {processor.py:830} INFO - Processing file /home/airflow/.local/lib/python3.8/site-packages/airflow/example_dags/example_external_task_marker_dag.py for tasks to queue
[2026-08-26T19:01:00.608+0000] {logging_mixin.py:188} INFO - [2026-08-26T19:01:00.607+0000] {dagbag.py:540} INFO - Filling up the DagBag from /home/airflow/.local/lib/python3.8/site-packages/airflow/example_dags/example_external_task_marker_dag.py
[2026-08-26T19:01:00.617+0000] {processor.py:840} INFO - DAG(s) 'example_external_task_marker_child', 'example_external_task_marker_parent' retrieved from /home/airflow/.local/lib/python3.8/site-packages/airflow/example_dags/example_external_task_marker_dag.py
[2026-08-26T19:01:00.652+0000] {logging_mixin.py:188} INFO - [2026-08-26T19:01:00.652+0000] {dag.py:3047} INFO - Sync 2 DAGs
[2026-08-26T19:01:00.668+0000] {logging_mixin.py:188} INFO - [2026-08-26T19:01:00.668+0000] {dag.py:3834} INFO - Setting next_dagrun for example_external_task_marker_child to None, run_after=None
[2026-08-26T19:01:00.673+0000] {logging_mixin.py:188} INFO - [2026-08-26T19:01:00.673+0000] {dag.py:3834} INFO - Setting next_dagrun for example_external_task_marker_parent to None, run_after=None
[2026-08-26T19:01:00.697+0000] {processor.py:183} INFO - Processing /home/airflow/.local/lib/python3.8/site-packages/airflow/example_dags/example_external_task_marker_dag.py took 0.104 seconds
[2026-08-26T19:01:30.774+0000] {processor.py:161} INFO - Started process (PID=8312) to work on /home/airflow/.local/lib/python3.8/site-packages/airflow/example_dags/example_external_task_marker_dag.py
[2026-08-26T19:01:30.777+0000] {processor.py:830} INFO - Processing file /home/airflow/.local/lib/python3.8/site-packages/airflow/example_dags/example_external_task_marker_dag.py for tasks to queue
[2026-08-26T19:01:30.780+0000] {logging_mixin.py:188} INFO - [2026-08-26T19:01:30.780+0000] {dagbag.py:540} INFO - Filling up the DagBag from /home/airflow/.local/lib/python3.8/site-packages/airflow/example_dags/example_external_task_marker_dag.py
[2026-08-26T19:01:30.791+0000] {processor.py:840} INFO - DAG(s) 'example_external_task_marker_child', 'example_external_task_marker_parent' retrieved from /home/airflow/.local/lib/python3.8/site-packages/airflow/example_dags/example_external_task_marker_dag.py
[2026-08-26T19:01:30.824+0000] {logging_mixin.py:188} INFO - [2026-08-26T19:01:30.824+0000] {dag.py:3047} INFO - Sync 2 DAGs
[2026-08-26T19:01:30.841+0000] {logging_mixin.py:188} INFO - [2026-08-26T19:01:30.841+0000] {dag.py:3834} INFO - Setting next_dagrun for example_external_task_marker_child to None, run_after=None
[2026-08-26T19:01:30.848+0000] {logging_mixin.py:188} INFO - [2026-08-26T19:01:30.848+0000] {dag.py:3834} INFO - Setting next_dagrun for example_external_task_marker_parent to None, run_after=None
[2026-08-26T19:01:30.875+0000] {processor.py:183} INFO - Processing /home/airflow/.local/lib/python3.8/site-packages/airflow/example_dags/example_external_task_marker_dag.py took 0.108 seconds
[2026-08-26T19:02:01.191+0000] {processor.py:161} INFO - Started process (PID=8370) to work on /home/airflow/.local/lib/python3.8/site-packages/airflow/example_dags/example_external_task_marker_dag.py
[2026-08-26T19:02:01.192+0000] {processor.py:830} INFO - Processing file /home/airflow/.local/lib/python3.8/site-packages/airflow/example_dags/example_external_task_marker_dag.py for tasks to queue
[2026-08-26T19:02:01.195+0000] {logging_mixin.py:188} INFO - [2026-08-26T19:02:01.195+0000] {dagbag.py:540} INFO - Filling up the DagBag from /home/airflow/.local/lib/python3.8/site-packages/airflow/example_dags/example_external_task_marker_dag.py
[2026-08-26T19:02:01.204+0000] {processor.py:840} INFO - DAG(s) 'example_external_task_marker_parent', 'example_external_task_marker_child' retrieved from /home/airflow/.local/lib/python3.8/site-packages/airflow/example_dags/example_external_task_marker_dag.py
[2026-08-26T19:02:01.233+0000] {logging_mixin.py:188} INFO - [2026-08-26T19:02:01.232+0000] {dag.py:3047} INFO - Sync 2 DAGs
[2026-08-26T19:02:01.250+0000] {logging_mixin.py:188} INFO - [2026-08-26T19:02:01.249+0000] {dag.py:3834} INFO - Setting next_dagrun for example_external_task_marker_child to None, run_after=None
[2026-08-26T19:02:01.255+0000] {logging_mixin.py:188} INFO - [2026-08-26T19:02:01.254+0000] {dag.py:3834} INFO - Setting next_dagrun for example_external_task_marker_parent to None, run_after=None
[2026-08-26T19:02:01.275+0000] {processor.py:183} INFO - Processing /home/airflow/.local/lib/python3.8/site-packages/airflow/example_dags/example_external_task_marker_dag.py took 0.089 seconds
[2026-08-26T19:02:31.402+0000] {processor.py:161} INFO - Started process (PID=8427) to work on /home/airflow/.local/lib/python3.8/site-packages/airflow/example_dags/example_external_task_marker_dag.py
[2026-08-26T19:02:31.403+0000] {processor.py:830} INFO - Processing file /home/airflow/.local/lib/python3.8/site-packages/airflow/example_dags/example_external_task_marker_dag.py for tasks to queue
[2026-08-26T19:02:31.406+0000] {logging_mixin.py:188} INFO - [2026-08-26T19:02:31.406+0000] {dagbag.py:540} INFO - Filling up the DagBag from /home/airflow/.local/lib/python3.8/site-packages/airflow/example_dags/example_external_task_marker_dag.py
[2026-08-26T19:02:31.415+0000] {processor.py:840} INFO - DAG(s) 'example_external_task_marker_parent', 'example_external_task_marker_child' retrieved from /home/airflow/.local/lib/python3.8/site-packages/airflow/example_dags/example_external_task_marker_dag.py
[2026-08-26T19:02:31.444+0000] {logging_mixin.py:188} INFO - [2026-08-26T19:02:31.443+0000] {dag.py:3047} INFO - Sync 2 DAGs
[2026-08-26T19:02:31.459+0000] {logging_mixin.py:188} INFO - [2026-08-26T19:02:31.459+0000] {dag.py:3834} INFO - Setting next_dagrun for example_external_task_marker_child to None, run_after=None
[2026-08-26T19:02:31.466+0000] {logging_mixin.py:188} INFO - [2026-08-26T19:02:31.466+0000] {dag.py:3834} INFO - Setting next_dagrun for example_external_task_marker_parent to None, run_after=None
[2026-08-26T19:02:31.525+0000] {processor.py:183} INFO - Processing /home/airflow/.local/lib/python3.8/site-packages/airflow/example_dags/example_external_task_marker_dag.py took 0.131 seconds
[2026-08-26T19:03:01.671+0000] {processor.py:161} INFO - Started process (PID=8481) to work on /home/airflow/.local/lib/python3.8/site-packages/airflow/example_dags/example_external_task_marker_dag.py
[2026-08-26T19:03:01.674+0000] {processor.py:830} INFO - Processing file /home/airflow/.local/lib/python3.8/site-packages/airflow/example_dags/example_external_task_marker_dag.py for tasks to queue
[2026-08-26T19:03:01.678+0000] {logging_mixin.py:188} INFO - [2026-08-26T19:03:01.677+0000] {dagbag.py:540} INFO - Filling up the DagBag from /home/airflow/.local/lib/python3.8/site-packages/airflow/example_dags/example_external_task_marker_dag.py
[2026-08-26T19:03:01.687+0000] {processor.py:840} INFO - DAG(s) 'example_external_task_marker_child', 'example_external_task_marker_parent' retrieved from /home/airflow/.local/lib/python3.8/site-packages/airflow/example_dags/example_external_task_marker_dag.py
[2026-08-26T19:03:01.720+0000] {logging_mixin.py:188} INFO - [2026-08-26T19:03:01.719+0000] {dag.py:3047} INFO - Sync 2 DAGs
[2026-08-26T19:03:01.738+0000] {logging_mixin.py:188} INFO - [2026-08-26T19:03:01.738+0000] {dag.py:3834} INFO - Setting next_dagrun for example_external_task_marker_child to None, run_after=None
[2026-08-26T19:03:01.745+0000] {logging_mixin.py:188} INFO - [2026-08-26T19:03:01.745+0000] {dag.py:3834} INFO - Setting next_dagrun for example_external_task_marker_parent to None, run_after=None
[2026-08-26T19:03:01.770+0000] {processor.py:183} INFO - Processing /home/airflow/.local/lib/python3.8/site-packages/airflow/example_dags/example_external_task_marker_dag.py took 0.104 seconds
[2026-08-26T19:03:32.252+0000] {processor.py:161} INFO - Started process (PID=8537) to work on /home/airflow/.local/lib/python3.8/site-packages/airflow/example_dags/example_external_task_marker_dag.py
[2026-08-26T19:03:32.254+0000] {processor.py:830} INFO - Processing file /home/airflow/.local/lib/python3.8/site-packages/airflow/example_dags/example_external_task_marker_dag.py for tasks to queue
[2026-08-26T19:03:32.256+0000] {logging_mixin.py:188} INFO - [2026-08-26T19:03:32.256+0000] {dagbag.py:540} INFO - Filling up the DagBag from /home/airflow/.local/lib/python3.8/site-packages/airflow/example_dags/example_external_task_marker_dag.py
[2026-08-26T19:03:32.264+0000] {processor.py:840} INFO - DAG(s) 'example_external_task_marker_child', 'example_external_task_marker_parent' retrieved from /home/airflow/.local/lib/python3.8/site-packages/airflow/example_dags/example_external_task_marker_dag.py
[2026-08-26T19:03:32.288+0000] {logging_mixin.py:188} INFO - [2026-08-26T19:03:32.288+0000] {dag.py:3047} INFO - Sync 2 DAGs
[2026-08-26T19:03:32.303+0000] {logging_mixin.py:188} INFO - [2026-08-26T19:03:32.303+0000] {dag.py:3834} INFO - Setting next_dagrun for example_external_task_marker_child to None, run_after=None
[2026-08-26T19:03:32.309+0000] {logging_mixin.py:188} INFO - [2026-08-26T19:03:32.309+0000] {dag.py:3834} INFO - Setting next_dagrun for example_external_task_marker_parent to None, run_after=None
[2026-08-26T19:03:32.330+0000] {processor.py:183} INFO - Processing /home/airflow/.local/lib/python3.8/site-packages/airflow/example_dags/example_external_task_marker_dag.py took 0.081 seconds
[2026-08-26T19:04:03.200+0000] {processor.py:161} INFO - Started process (PID=8594) to work on /home/airflow/.local/lib/python3.8/site-packages/airflow/example_dags/example_external_task_marker_dag.py
[2026-08-26T19:04:03.202+0000] {processor.py:830} INFO - Processing file /home/airflow/.local/lib/python3.8/site-packages/airflow/example_dags/example_external_task_marker_dag.py for tasks to queue
[2026-08-26T19:04:03.207+0000] {logging_mixin.py:188} INFO - [2026-08-26T19:04:03.206+0000] {dagbag.py:540} INFO - Filling up the DagBag from /home/airflow/.local/lib/python3.8/site-packages/airflow/example_dags/example_external_task_marker_dag.py
[2026-08-26T19:04:03.223+0000] {processor.py:840} INFO - DAG(s) 'example_external_task_marker_child', 'example_external_task_marker_parent' retrieved from /home/airflow/.local/lib/python3.8/site-packages/airflow/example_dags/example_external_task_marker_dag.py
[2026-08-26T19:04:03.262+0000] {logging_mixin.py:188} INFO - [2026-08-26T19:04:03.262+0000] {dag.py:3047} INFO - Sync 2 DAGs
[2026-08-26T19:04:03.282+0000] {logging_mixin.py:188} INFO - [2026-08-26T19:04:03.282+0000] {dag.py:3834} INFO - Setting next_dagrun for example_external_task_marker_child to None, run_after=None
[2026-08-26T19:04:03.289+0000] {logging_mixin.py:188} INFO - [2026-08-26T19:04:03.288+0000] {dag.py:3834} INFO - Setting next_dagrun for example_external_task_marker_parent to None, run_after=None
[2026-08-26T19:04:03.315+0000] {processor.py:183} INFO - Processing /home/airflow/.local/lib/python3.8/site-packages/airflow/example_dags/example_external_task_marker_dag.py took 0.123 seconds
[2026-08-26T19:04:33.782+0000] {processor.py:161} INFO - Started process (PID=8651) to work on /home/airflow/.local/lib/python3.8/site-packages/airflow/example_dags/example_external_task_marker_dag.py
[2026-08-26T19:04:33.784+0000] {processor.py:830} INFO - Processing file /home/airflow/.local/lib/python3.8/site-packages/airflow/example_dags/example_external_task_marker_dag.py for tasks to queue
[2026-08-26T19:04:33.789+0000] {logging_mixin.py:188} INFO - [2026-08-26T19:04:33.788+0000] {dagbag.py:540} INFO - Filling up the DagBag from /home/airflow/.local/lib/python3.8/site-packages/airflow/example_dags/example_external_task_marker_dag.py
[2026-08-26T19:04:33.797+0000] {processor.py:840} INFO - DAG(s) 'example_external_task_marker_parent', 'example_external_task_marker_child' retrieved from /home/airflow/.local/lib/python3.8/site-packages/airflow/example_dags/example_external_task_marker_dag.py
[2026-08-26T19:04:33.826+0000] {logging_mixin.py:188} INFO - [2026-08-26T19:04:33.826+0000] {dag.py:3047} INFO - Sync 2 DAGs
[2026-08-26T19:04:33.844+0000] {logging_mixin.py:188} INFO - [2026-08-26T19:04:33.843+0000] {dag.py:3834} INFO - Setting next_dagrun for example_external_task_marker_child to None, run_after=None
[2026-08-26T19:04:33.848+0000] {logging_mixin.py:188} INFO - [2026-08-26T19:04:33.848+0000] {dag.py:3834} INFO - Setting next_dagrun for example_external_task_marker_parent to None, run_after=None
[2026-08-26T19:04:33.873+0000] {processor.py:183} INFO - Processing /home/airflow/.local/lib/python3.8/site-packages/airflow/example_dags/example_external_task_marker_dag.py took 0.094 seconds
[2026-08-26T19:05:04.602+0000] {processor.py:161} INFO - Started process (PID=8708) to work on /home/airflow/.local/lib/python3.8/site-packages/airflow/example_dags/example_external_task_marker_dag.py
[2026-08-26T19:05:04.604+0000] {processor.py:830} INFO - Processing file /home/airflow/.local/lib/python3.8/site-packages/airflow/example_dags/example_external_task_marker_dag.py for tasks to queue
[2026-08-26T19:05:04.607+0000] {logging_mixin.py:188} INFO - [2026-08-26T19:05:04.606+0000] {dagbag.py:540} INFO - Filling up the DagBag from /home/airflow/.local/lib/python3.8/site-packages/airflow/example_dags/example_external_task_marker_dag.py
[2026-08-26T19:05:04.618+0000] {processor.py:840} INFO - DAG(s) 'example_external_task_marker_child', 'example_external_task_marker_parent' retrieved from /home/airflow/.local/lib/python3.8/site-packages/airflow/example_dags/example_external_task_marker_dag.py
[2026-08-26T19:05:04.655+0000] {logging_mixin.py:188} INFO - [2026-08-26T19:05:04.654+0000] {dag.py:3047} INFO - Sync 2 DAGs
[2026-08-26T19:05:04.674+0000] {logging_mixin.py:188} INFO - [2026-08-26T19:05:04.674+0000] {dag.py:3834} INFO - Setting next_dagrun for example_external_task_marker_child to None, run_after=None
[2026-08-26T19:05:04.679+0000] {logging_mixin.py:188} INFO - [2026-08-26T19:05:04.678+0000] {dag.py:3834} INFO - Setting next_dagrun for example_external_task_marker_parent to None, run_after=None
[2026-08-26T19:05:04.704+0000] {processor.py:183} INFO - Processing /home/airflow/.local/lib/python3.8/site-packages/airflow/example_dags/example_external_task_marker_dag.py took 0.107 seconds
[2026-08-26T19:05:34.972+0000] {processor.py:161} INFO - Started process (PID=8765) to work on /home/airflow/.local/lib/python3.8/site-packages/airflow/example_dags/example_external_task_marker_dag.py
[2026-08-26T19:05:34.974+0000] {processor.py:830} INFO - Processing file /home/airflow/.local/lib/python3.8/site-packages/airflow/example_dags/example_external_task_marker_dag.py for tasks to queue
[2026-08-26T19:05:34.976+0000] {logging_mixin.py:188} INFO - [2026-08-26T19:05:34.976+0000] {dagbag.py:540} INFO - Filling up the DagBag from /home/airflow/.local/lib/python3.8/site-packages/airflow/example_dags/example_external_task_marker_dag.py
[2026-08-26T19:05:34.985+0000] {processor.py:840} INFO - DAG(s) 'example_external_task_marker_child', 'example_external_task_marker_parent' retrieved from /home/airflow/.local/lib/python3.8/site-packages/airflow/example_dags/example_external_task_marker_dag.py
[2026-08-26T19:05:35.017+0000] {logging_mixin.py:188} INFO - [2026-08-26T19:05:35.017+0000] {dag.py:3047} INFO - Sync 2 DAGs
[2026-08-26T19:05:35.035+0000] {logging_mixin.py:188} INFO - [2026-08-26T19:05:35.035+0000] {dag.py:3834} INFO - Setting next_dagrun for example_external_task_marker_child to None, run_after=None
[2026-08-26T19:05:35.040+0000] {logging_mixin.py:188} INFO - [2026-08-26T19:05:35.040+0000] {dag.py:3834} INFO - Setting next_dagrun for example_external_task_marker_parent to None, run_after=None
[2026-08-26T19:05:35.065+0000] {processor.py:183} INFO - Processing /home/airflow/.local/lib/python3.8/site-packages/airflow/example_dags/example_external_task_marker_dag.py took 0.096 seconds
[2026-08-26T19:06:05.400+0000] {processor.py:161} INFO - Started process (PID=8822) to work on /home/airflow/.local/lib/python3.8/site-packages/airflow/example_dags/example_external_task_marker_dag.py
[2026-08-26T19:06:05.402+0000] {processor.py:830} INFO - Processing file /home/airflow/.local/lib/python3.8/site-packages/airflow/example_dags/example_external_task_marker_dag.py for tasks to queue
[2026-08-26T19:06:05.406+0000] {logging_mixin.py:188} INFO - [2026-08-26T19:06:05.406+0000] {dagbag.py:540} INFO - Filling up the DagBag from /home/airflow/.local/lib/python3.8/site-packages/airflow/example_dags/example_external_task_marker_dag.py
[2026-08-26T19:06:05.418+0000] {processor.py:840} INFO - DAG(s) 'example_external_task_marker_child', 'example_external_task_marker_parent' retrieved from /home/airflow/.local/lib/python3.8/site-packages/airflow/example_dags/example_external_task_marker_dag.py
[2026-08-26T19:06:05.452+0000] {logging_mixin.py:188} INFO - [2026-08-26T19:06:05.452+0000] {dag.py:3047} INFO - Sync 2 DAGs
[2026-08-26T19:06:05.470+0000] {logging_mixin.py:188} INFO - [2026-08-26T19:06:05.469+0000] {dag.py:3834} INFO - Setting next_dagrun for example_external_task_marker_child to None, run_after=None
[2026-08-26T19:06:05.476+0000] {logging_mixin.py:188} INFO - [2026-08-26T19:06:05.476+0000] {dag.py:3834} INFO - Setting next_dagrun for example_external_task_marker_parent to None, run_after=None
[2026-08-26T19:06:05.500+0000] {processor.py:183} INFO - Processing /home/airflow/.local/lib/python3.8/site-packages/airflow/example_dags/example_external_task_marker_dag.py took 0.107 seconds
[2026-08-26T19:06:36.076+0000] {processor.py:161} INFO - Started process (PID=8879) to work on /home/airflow/.local/lib/python3.8/site-packages/airflow/example_dags/example_external_task_marker_dag.py
[2026-08-26T19:06:36.078+0000] {processor.py:830} INFO - Processing file /home/airflow/.local/lib/python3.8/site-packages/airflow/example_dags/example_external_task_marker_dag.py for tasks to queue
[2026-08-26T19:06:36.084+0000] {logging_mixin.py:188} INFO - [2026-08-26T19:06:36.083+0000] {dagbag.py:540} INFO - Filling up the DagBag from /home/airflow/.local/lib/python3.8/site-packages/airflow/example_dags/example_external_task_marker_dag.py
[2026-08-26T19:06:36.091+0000] {processor.py:840} INFO - DAG(s) 'example_external_task_marker_child', 'example_external_task_marker_parent' retrieved from /home/airflow/.local/lib/python3.8/site-packages/airflow/example_dags/example_external_task_marker_dag.py
[2026-08-26T19:06:36.122+0000] {logging_mixin.py:188} INFO - [2026-08-26T19:06:36.121+0000] {dag.py:3047} INFO - Sync 2 DAGs
[2026-08-26T19:06:36.138+0000] {logging_mixin.py:188} INFO - [2026-08-26T19:06:36.138+0000] {dag.py:3834} INFO - Setting next_dagrun for example_external_task_marker_child to None, run_after=None
[2026-08-26T19:06:36.144+0000] {logging_mixin.py:188} INFO - [2026-08-26T19:06:36.144+0000] {dag.py:3834} INFO - Setting next_dagrun for example_external_task_marker_parent to None, run_after=None
[2026-08-26T19:06:36.167+0000] {processor.py:183} INFO - Processing /home/airflow/.local/lib/python3.8/site-packages/airflow/example_dags/example_external_task_marker_dag.py took 0.096 seconds
[2026-08-26T19:07:06.618+0000] {processor.py:161} INFO - Started process (PID=8936) to work on /home/airflow/.local/lib/python3.8/site-packages/airflow/example_dags/example_external_task_marker_dag.py
[2026-08-26T19:07:06.623+0000] {processor.py:830} INFO - Processing file /home/airflow/.local/lib/python3.8/site-packages/airflow/example_dags/example_external_task_marker_dag.py for tasks to queue
[2026-08-26T19:07:06.626+0000] {logging_mixin.py:188} INFO - [2026-08-26T19:07:06.626+0000] {dagbag.py:540} INFO - Filling up the DagBag from /home/airflow/.local/lib/python3.8/site-packages/airflow/example_dags/example_external_task_marker_dag.py
[2026-08-26T19:07:06.637+0000] {processor.py:840} INFO - DAG(s) 'example_external_task_marker_parent', 'example_external_task_marker_child' retrieved from /home/airflow/.local/lib/python3.8/site-packages/airflow/example_dags/example_external_task_marker_dag.py
[2026-08-26T19:07:06.668+0000] {logging_mixin.py:188} INFO - [2026-08-26T19:07:06.667+0000] {dag.py:3047} INFO - Sync 2 DAGs
[2026-08-26T19:07:06.684+0000] {logging_mixin.py:188} INFO - [2026-08-26T19:07:06.684+0000] {dag.py:3834} INFO - Setting next_dagrun for example_external_task_marker_child to None, run_after=None
[2026-08-26T19:07:06.688+0000] {logging_mixin.py:188} INFO - [2026-08-26T19:07:06.688+0000] {dag.py:3834} INFO - Setting next_dagrun for example_external_task_marker_parent to None, run_after=None
[2026-08-26T19:07:06.709+0000] {processor.py:183} INFO - Processing /home/airflow/.local/lib/python3.8/site-packages/airflow/example_dags/example_external_task_marker_dag.py took 0.099 seconds
[2026-08-26T19:07:36.861+0000] {processor.py:161} INFO - Started process (PID=8993) to work on /home/airflow/.local/lib/python3.8/site-packages/airflow/example_dags/example_external_task_marker_dag.py
[2026-08-26T19:07:36.862+0000] {processor.py:830} INFO - Processing file /home/airflow/.local/lib/python3.8/site-packages/airflow/example_dags/example_external_task_marker_dag.py for tasks to queue
[2026-08-26T19:07:36.865+0000] {logging_mixin.py:188} INFO - [2026-08-26T19:07:36.865+0000] {dagbag.py:540} INFO - Filling up the DagBag from /home/airflow/.local/lib/python3.8/site-packages/airflow/example_dags/example_external_task_marker_dag.py
[2026-08-26T19:07:36.874+0000] {processor.py:840} INFO - DAG(s) 'example_external_task_marker_parent', 'example_external_task_marker_child' retrieved from /home/airflow/.local/lib/python3.8/site-packages/airflow/example_dags/example_external_task_marker_dag.py
[2026-08-26T19:07:36.907+0000] {logging_mixin.py:188} INFO - [2026-08-26T19:07:36.907+0000] {dag.py:3047} INFO - Sync 2 DAGs
[2026-08-26T19:07:36.924+0000] {logging_mixin.py:188} INFO - [2026-08-26T19:07:36.924+0000] {dag.py:3834} INFO - Setting next_dagrun for example_external_task_marker_child to None, run_after=None
[2026-08-26T19:07:36.929+0000] {logging_mixin.py:188} INFO - [2026-08-26T19:07:36.929+0000] {dag.py:3834} INFO - Setting next_dagrun for example_external_task_marker_parent to None, run_after=None
[2026-08-26T19:07:36.952+0000] {processor.py:183} INFO - Processing /home/airflow/.local/lib/python3.8/site-packages/airflow/example_dags/example_external_task_marker_dag.py took 0.095 seconds
[2026-08-26T19:08:07.280+0000] {processor.py:161} INFO - Started process (PID=9050) to work on /home/airflow/.local/lib/python3.8/site-packages/airflow/example_dags/example_external_task_marker_dag.py
[2026-08-26T19:08:07.282+0000] {processor.py:830} INFO - Processing file /home/airflow/.local/lib/python3.8/site-packages/airflow/example_dags/example_external_task_marker_dag.py for tasks to queue
[2026-08-26T19:08:07.285+0000] {logging_mixin.py:188} INFO - [2026-08-26T19:08:07.285+0000] {dagbag.py:540} INFO - Filling up the DagBag from /home/airflow/.local/lib/python3.8/site-packages/airflow/example_dags/example_external_task_marker_dag.py
[2026-08-26T19:08:07.292+0000] {processor.py:840} INFO - DAG(s) 'example_external_task_marker_child', 'example_external_task_marker_parent' retrieved from /home/airflow/.local/lib/python3.8/site-packages/airflow/example_dags/example_external_task_marker_dag.py
[2026-08-26T19:08:07.322+0000] {logging_mixin.py:188} INFO - [2026-08-26T19:08:07.322+0000] {dag.py:3047} INFO - Sync 2 DAGs
[2026-08-26T19:08:07.341+0000] {logging_mixin.py:188} INFO - [2026-08-26T19:08:07.340+0000] {dag.py:3834} INFO - Setting next_dagrun for example_external_task_marker_child to None, run_after=None
[2026-08-26T19:08:07.344+0000] {logging_mixin.py:188} INFO - [2026-08-26T19:08:07.344+0000] {dag.py:3834} INFO - Setting next_dagrun for example_external_task_marker_parent to None, run_after=None
[2026-08-26T19:08:07.363+0000] {processor.py:183} INFO - Processing /home/airflow/.local/lib/python3.8/site-packages/airflow/example_dags/example_external_task_marker_dag.py took 0.087 seconds
[2026-08-26T19:08:37.455+0000] {processor.py:161} INFO - Started process (PID=9107) to work on /home/airflow/.local/lib/python3.8/site-packages/airflow/example_dags/example_external_task_marker_dag.py
[2026-08-26T19:08:37.456+0000] {processor.py:830} INFO - Processing file /home/airflow/.local/lib/python3.8/site-packages/airflow/example_dags/example_external_task_marker_dag.py for tasks to queue
[2026-08-26T19:08:37.459+0000] {logging_mixin.py:188} INFO - [2026-08-26T19:08:37.458+0000] {dagbag.py:540} INFO - Filling up the DagBag from /home/airflow/.local/lib/python3.8/site-packages/airflow/example_dags/example_external_task_marker_dag.py
[2026-08-26T19:08:37.467+0000] {processor.py:840} INFO - DAG(s) 'example_external_task_marker_child', 'example_external_task_marker_parent' retrieved from /home/airflow/.local/lib/python3.8/site-packages/airflow/example_dags/example_external_task_marker_dag.py
[2026-08-26T19:08:37.493+0000] {logging_mixin.py:188} INFO - [2026-08-26T19:08:37.493+0000] {dag.py:3047} INFO - Sync 2 DAGs
[2026-08-26T19:08:37.507+0000] {logging_mixin.py:188} INFO - [2026-08-26T19:08:37.507+0000] {dag.py:3834} INFO - Setting next_dagrun for example_external_task_marker_child to None, run_after=None
[2026-08-26T19:08:37.512+0000] {logging_mixin.py:188} INFO - [2026-08-26T19:08:37.512+0000] {dag.py:3834} INFO - Setting next_dagrun for example_external_task_marker_parent to None, run_after=None
[2026-08-26T19:08:37.533+0000] {processor.py:183} INFO - Processing /home/airflow/.local/lib/python3.8/site-packages/airflow/example_dags/example_external_task_marker_dag.py took 0.082 seconds
[2026-08-26T19:09:08.068+0000] {processor.py:161} INFO - Started process (PID=9164) to work on /home/airflow/.local/lib/python3.8/site-packages/airflow/example_dags/example_external_task_marker_dag.py
[2026-08-26T19:09:08.070+0000] {processor.py:830} INFO - Processing file /home/airflow/.local/lib/python3.8/site-packages/airflow/example_dags/example_external_task_marker_dag.py for tasks to queue
[2026-08-26T19:09:08.073+0000] {logging_mixin.py:188} INFO - [2026-08-26T19:09:08.073+0000] {dagbag.py:540} INFO - Filling up the DagBag from /home/airflow/.local/lib/python3.8/site-packages/airflow/example_dags/example_external_task_marker_dag.py
[2026-08-26T19:09:08.081+0000] {processor.py:840} INFO - DAG(s) 'example_external_task_marker_parent', 'example_external_task_marker_child' retrieved from /home/airflow/.local/lib/python3.8/site-packages/airflow/example_dags/example_external_task_marker_dag.py
[2026-08-26T19:09:08.113+0000] {logging_mixin.py:188} INFO - [2026-08-26T19:09:08.113+0000] {dag.py:3047} INFO - Sync 2 DAGs
[2026-08-26T19:09:08.129+0000] {logging_mixin.py:188} INFO - [2026-08-26T19:09:08.128+0000] {dag.py:3834} INFO - Setting next_dagrun for example_external_task_marker_child to None, run_after=None
[2026-08-26T19:09:08.133+0000] {logging_mixin.py:188} INFO - [2026-08-26T19:09:08.133+0000] {dag.py:3834} INFO - Setting next_dagrun for example_external_task_marker_parent to None, run_after=None
[2026-08-26T19:09:08.155+0000] {processor.py:183} INFO - Processing /home/airflow/.local/lib/python3.8/site-packages/airflow/example_dags/example_external_task_marker_dag.py took 0.091 seconds
