[2026-08-20T14:31:03.937+0000] {processor.py:161} INFO - Started process (PID=97) to work on /home/airflow/.local/lib/python3.8/site-packages/airflow/example_dags/example_sla_dag.py
[2026-08-20T14:31:03.939+0000] {processor.py:830} INFO - Processing file /home/airflow/.local/lib/python3.8/site-packages/airflow/example_dags/example_sla_dag.py for tasks to queue
[2026-08-20T14:31:03.942+0000] {logging_mixin.py:188} INFO - [2026-08-20T14:31:03.942+0000] {dagbag.py:540} INFO - Filling up the DagBag from /home/airflow/.local/lib/python3.8/site-packages/airflow/example_dags/example_sla_dag.py
[2026-08-20T14:31:03.956+0000] {processor.py:840} INFO - DAG(s) 'example_sla_dag' retrieved from /home/airflow/.local/lib/python3.8/site-packages/airflow/example_dags/example_sla_dag.py
[2026-08-20T14:31:04.136+0000] {logging_mixin.py:188} INFO - [2026-08-20T14:31:04.136+0000] {dag.py:3047} INFO - Sync 1 DAGs
[2026-08-20T14:31:04.202+0000] {logging_mixin.py:188} INFO - [2026-08-20T14:31:04.202+0000] {dag.py:3834} INFO - Setting next_dagrun for example_sla_dag to 2026-08-20 14:28:00+00:00, run_after=2026-08-20 14:30:00+00:00
[2026-08-20T14:31:04.255+0000] {processor.py:183} INFO - Processing /home/airflow/.local/lib/python3.8/site-packages/airflow/example_dags/example_sla_dag.py took 0.323 seconds
[2026-08-20T14:31:34.475+0000] {processor.py:161} INFO - Started process (PID=152) to work on /home/airflow/.local/lib/python3.8/site-packages/airflow/example_dags/example_sla_dag.py
[2026-08-20T14:31:34.477+0000] {processor.py:830} INFO - Processing file /home/airflow/.local/lib/python3.8/site-packages/airflow/example_dags/example_sla_dag.py for tasks to queue
[2026-08-20T14:31:34.481+0000] {logging_mixin.py:188} INFO - [2026-08-20T14:31:34.480+0000] {dagbag.py:540} INFO - Filling up the DagBag from /home/airflow/.local/lib/python3.8/site-packages/airflow/example_dags/example_sla_dag.py
[2026-08-20T14:31:34.495+0000] {processor.py:840} INFO - DAG(s) 'example_sla_dag' retrieved from /home/airflow/.local/lib/python3.8/site-packages/airflow/example_dags/example_sla_dag.py
[2026-08-20T14:31:34.523+0000] {logging_mixin.py:188} INFO - [2026-08-20T14:31:34.522+0000] {dag.py:3047} INFO - Sync 1 DAGs
[2026-08-20T14:31:34.552+0000] {logging_mixin.py:188} INFO - [2026-08-20T14:31:34.552+0000] {dag.py:3834} INFO - Setting next_dagrun for example_sla_dag to 2026-08-20 14:28:00+00:00, run_after=2026-08-20 14:30:00+00:00
[2026-08-20T14:31:34.575+0000] {processor.py:183} INFO - Processing /home/airflow/.local/lib/python3.8/site-packages/airflow/example_dags/example_sla_dag.py took 0.106 seconds
[2026-08-20T14:32:04.944+0000] {processor.py:161} INFO - Started process (PID=207) to work on /home/airflow/.local/lib/python3.8/site-packages/airflow/example_dags/example_sla_dag.py
[2026-08-20T14:32:04.948+0000] {processor.py:830} INFO - Processing file /home/airflow/.local/lib/python3.8/site-packages/airflow/example_dags/example_sla_dag.py for tasks to queue
[2026-08-20T14:32:04.955+0000] {logging_mixin.py:188} INFO - [2026-08-20T14:32:04.953+0000] {dagbag.py:540} INFO - Filling up the DagBag from /home/airflow/.local/lib/python3.8/site-packages/airflow/example_dags/example_sla_dag.py
[2026-08-20T14:32:04.973+0000] {processor.py:840} INFO - DAG(s) 'example_sla_dag' retrieved from /home/airflow/.local/lib/python3.8/site-packages/airflow/example_dags/example_sla_dag.py
[2026-08-20T14:32:05.008+0000] {logging_mixin.py:188} INFO - [2026-08-20T14:32:05.008+0000] {dag.py:3047} INFO - Sync 1 DAGs
[2026-08-20T14:32:05.073+0000] {logging_mixin.py:188} INFO - [2026-08-20T14:32:05.072+0000] {dag.py:3834} INFO - Setting next_dagrun for example_sla_dag to 2026-08-20 14:30:00+00:00, run_after=2026-08-20 14:32:00+00:00
[2026-08-20T14:32:05.113+0000] {processor.py:183} INFO - Processing /home/airflow/.local/lib/python3.8/site-packages/airflow/example_dags/example_sla_dag.py took 0.178 seconds
[2026-08-20T14:32:35.915+0000] {processor.py:161} INFO - Started process (PID=262) to work on /home/airflow/.local/lib/python3.8/site-packages/airflow/example_dags/example_sla_dag.py
[2026-08-20T14:32:35.920+0000] {processor.py:830} INFO - Processing file /home/airflow/.local/lib/python3.8/site-packages/airflow/example_dags/example_sla_dag.py for tasks to queue
[2026-08-20T14:32:35.930+0000] {logging_mixin.py:188} INFO - [2026-08-20T14:32:35.930+0000] {dagbag.py:540} INFO - Filling up the DagBag from /home/airflow/.local/lib/python3.8/site-packages/airflow/example_dags/example_sla_dag.py
[2026-08-20T14:32:35.957+0000] {processor.py:840} INFO - DAG(s) 'example_sla_dag' retrieved from /home/airflow/.local/lib/python3.8/site-packages/airflow/example_dags/example_sla_dag.py
[2026-08-20T14:32:36.008+0000] {logging_mixin.py:188} INFO - [2026-08-20T14:32:36.008+0000] {dag.py:3047} INFO - Sync 1 DAGs
[2026-08-20T14:32:36.053+0000] {logging_mixin.py:188} INFO - [2026-08-20T14:32:36.052+0000] {dag.py:3834} INFO - Setting next_dagrun for example_sla_dag to 2026-08-20 14:30:00+00:00, run_after=2026-08-20 14:32:00+00:00
[2026-08-20T14:32:36.079+0000] {processor.py:183} INFO - Processing /home/airflow/.local/lib/python3.8/site-packages/airflow/example_dags/example_sla_dag.py took 0.173 seconds
[2026-08-20T14:33:06.894+0000] {processor.py:161} INFO - Started process (PID=317) to work on /home/airflow/.local/lib/python3.8/site-packages/airflow/example_dags/example_sla_dag.py
[2026-08-20T14:33:06.896+0000] {processor.py:830} INFO - Processing file /home/airflow/.local/lib/python3.8/site-packages/airflow/example_dags/example_sla_dag.py for tasks to queue
[2026-08-20T14:33:06.902+0000] {logging_mixin.py:188} INFO - [2026-08-20T14:33:06.902+0000] {dagbag.py:540} INFO - Filling up the DagBag from /home/airflow/.local/lib/python3.8/site-packages/airflow/example_dags/example_sla_dag.py
[2026-08-20T14:33:06.917+0000] {processor.py:840} INFO - DAG(s) 'example_sla_dag' retrieved from /home/airflow/.local/lib/python3.8/site-packages/airflow/example_dags/example_sla_dag.py
[2026-08-20T14:33:06.946+0000] {logging_mixin.py:188} INFO - [2026-08-20T14:33:06.945+0000] {dag.py:3047} INFO - Sync 1 DAGs
[2026-08-20T14:33:06.986+0000] {logging_mixin.py:188} INFO - [2026-08-20T14:33:06.986+0000] {dag.py:3834} INFO - Setting next_dagrun for example_sla_dag to 2026-08-20 14:30:00+00:00, run_after=2026-08-20 14:32:00+00:00
[2026-08-20T14:33:07.021+0000] {processor.py:183} INFO - Processing /home/airflow/.local/lib/python3.8/site-packages/airflow/example_dags/example_sla_dag.py took 0.133 seconds
[2026-08-20T14:33:37.518+0000] {processor.py:161} INFO - Started process (PID=372) to work on /home/airflow/.local/lib/python3.8/site-packages/airflow/example_dags/example_sla_dag.py
[2026-08-20T14:33:37.520+0000] {processor.py:830} INFO - Processing file /home/airflow/.local/lib/python3.8/site-packages/airflow/example_dags/example_sla_dag.py for tasks to queue
[2026-08-20T14:33:37.523+0000] {logging_mixin.py:188} INFO - [2026-08-20T14:33:37.522+0000] {dagbag.py:540} INFO - Filling up the DagBag from /home/airflow/.local/lib/python3.8/site-packages/airflow/example_dags/example_sla_dag.py
[2026-08-20T14:33:37.539+0000] {processor.py:840} INFO - DAG(s) 'example_sla_dag' retrieved from /home/airflow/.local/lib/python3.8/site-packages/airflow/example_dags/example_sla_dag.py
[2026-08-20T14:33:37.573+0000] {logging_mixin.py:188} INFO - [2026-08-20T14:33:37.572+0000] {dag.py:3047} INFO - Sync 1 DAGs
[2026-08-20T14:33:37.618+0000] {logging_mixin.py:188} INFO - [2026-08-20T14:33:37.618+0000] {dag.py:3834} INFO - Setting next_dagrun for example_sla_dag to 2026-08-20 14:30:00+00:00, run_after=2026-08-20 14:32:00+00:00
[2026-08-20T14:33:37.644+0000] {processor.py:183} INFO - Processing /home/airflow/.local/lib/python3.8/site-packages/airflow/example_dags/example_sla_dag.py took 0.133 seconds
[2026-08-20T14:34:08.498+0000] {processor.py:161} INFO - Started process (PID=427) to work on /home/airflow/.local/lib/python3.8/site-packages/airflow/example_dags/example_sla_dag.py
[2026-08-20T14:34:08.499+0000] {processor.py:830} INFO - Processing file /home/airflow/.local/lib/python3.8/site-packages/airflow/example_dags/example_sla_dag.py for tasks to queue
[2026-08-20T14:34:08.502+0000] {logging_mixin.py:188} INFO - [2026-08-20T14:34:08.502+0000] {dagbag.py:540} INFO - Filling up the DagBag from /home/airflow/.local/lib/python3.8/site-packages/airflow/example_dags/example_sla_dag.py
[2026-08-20T14:34:08.516+0000] {processor.py:840} INFO - DAG(s) 'example_sla_dag' retrieved from /home/airflow/.local/lib/python3.8/site-packages/airflow/example_dags/example_sla_dag.py
[2026-08-20T14:34:08.542+0000] {logging_mixin.py:188} INFO - [2026-08-20T14:34:08.542+0000] {dag.py:3047} INFO - Sync 1 DAGs
[2026-08-20T14:34:08.572+0000] {logging_mixin.py:188} INFO - [2026-08-20T14:34:08.571+0000] {dag.py:3834} INFO - Setting next_dagrun for example_sla_dag to 2026-08-20 14:32:00+00:00, run_after=2026-08-20 14:34:00+00:00
[2026-08-20T14:34:08.601+0000] {processor.py:183} INFO - Processing /home/airflow/.local/lib/python3.8/site-packages/airflow/example_dags/example_sla_dag.py took 0.108 seconds
[2026-08-20T14:34:38.763+0000] {processor.py:161} INFO - Started process (PID=482) to work on /home/airflow/.local/lib/python3.8/site-packages/airflow/example_dags/example_sla_dag.py
[2026-08-20T14:34:38.765+0000] {processor.py:830} INFO - Processing file /home/airflow/.local/lib/python3.8/site-packages/airflow/example_dags/example_sla_dag.py for tasks to queue
[2026-08-20T14:34:38.768+0000] {logging_mixin.py:188} INFO - [2026-08-20T14:34:38.767+0000] {dagbag.py:540} INFO - Filling up the DagBag from /home/airflow/.local/lib/python3.8/site-packages/airflow/example_dags/example_sla_dag.py
[2026-08-20T14:34:38.780+0000] {processor.py:840} INFO - DAG(s) 'example_sla_dag' retrieved from /home/airflow/.local/lib/python3.8/site-packages/airflow/example_dags/example_sla_dag.py
[2026-08-20T14:34:38.810+0000] {logging_mixin.py:188} INFO - [2026-08-20T14:34:38.810+0000] {dag.py:3047} INFO - Sync 1 DAGs
[2026-08-20T14:34:38.851+0000] {logging_mixin.py:188} INFO - [2026-08-20T14:34:38.850+0000] {dag.py:3834} INFO - Setting next_dagrun for example_sla_dag to 2026-08-20 14:32:00+00:00, run_after=2026-08-20 14:34:00+00:00
[2026-08-20T14:34:38.882+0000] {processor.py:183} INFO - Processing /home/airflow/.local/lib/python3.8/site-packages/airflow/example_dags/example_sla_dag.py took 0.124 seconds
[2026-08-20T14:35:09.223+0000] {processor.py:161} INFO - Started process (PID=537) to work on /home/airflow/.local/lib/python3.8/site-packages/airflow/example_dags/example_sla_dag.py
[2026-08-20T14:35:09.226+0000] {processor.py:830} INFO - Processing file /home/airflow/.local/lib/python3.8/site-packages/airflow/example_dags/example_sla_dag.py for tasks to queue
[2026-08-20T14:35:09.230+0000] {logging_mixin.py:188} INFO - [2026-08-20T14:35:09.230+0000] {dagbag.py:540} INFO - Filling up the DagBag from /home/airflow/.local/lib/python3.8/site-packages/airflow/example_dags/example_sla_dag.py
[2026-08-20T14:35:09.243+0000] {processor.py:840} INFO - DAG(s) 'example_sla_dag' retrieved from /home/airflow/.local/lib/python3.8/site-packages/airflow/example_dags/example_sla_dag.py
[2026-08-20T14:35:09.273+0000] {logging_mixin.py:188} INFO - [2026-08-20T14:35:09.273+0000] {dag.py:3047} INFO - Sync 1 DAGs
[2026-08-20T14:35:09.303+0000] {logging_mixin.py:188} INFO - [2026-08-20T14:35:09.303+0000] {dag.py:3834} INFO - Setting next_dagrun for example_sla_dag to 2026-08-20 14:32:00+00:00, run_after=2026-08-20 14:34:00+00:00
[2026-08-20T14:35:09.326+0000] {processor.py:183} INFO - Processing /home/airflow/.local/lib/python3.8/site-packages/airflow/example_dags/example_sla_dag.py took 0.108 seconds
[2026-08-20T14:35:39.673+0000] {processor.py:161} INFO - Started process (PID=592) to work on /home/airflow/.local/lib/python3.8/site-packages/airflow/example_dags/example_sla_dag.py
[2026-08-20T14:35:39.676+0000] {processor.py:830} INFO - Processing file /home/airflow/.local/lib/python3.8/site-packages/airflow/example_dags/example_sla_dag.py for tasks to queue
[2026-08-20T14:35:39.679+0000] {logging_mixin.py:188} INFO - [2026-08-20T14:35:39.679+0000] {dagbag.py:540} INFO - Filling up the DagBag from /home/airflow/.local/lib/python3.8/site-packages/airflow/example_dags/example_sla_dag.py
[2026-08-20T14:35:39.692+0000] {processor.py:840} INFO - DAG(s) 'example_sla_dag' retrieved from /home/airflow/.local/lib/python3.8/site-packages/airflow/example_dags/example_sla_dag.py
[2026-08-20T14:35:39.719+0000] {logging_mixin.py:188} INFO - [2026-08-20T14:35:39.719+0000] {dag.py:3047} INFO - Sync 1 DAGs
[2026-08-20T14:35:39.752+0000] {logging_mixin.py:188} INFO - [2026-08-20T14:35:39.751+0000] {dag.py:3834} INFO - Setting next_dagrun for example_sla_dag to 2026-08-20 14:32:00+00:00, run_after=2026-08-20 14:34:00+00:00
[2026-08-20T14:35:39.772+0000] {processor.py:183} INFO - Processing /home/airflow/.local/lib/python3.8/site-packages/airflow/example_dags/example_sla_dag.py took 0.105 seconds
[2026-08-20T14:36:10.089+0000] {processor.py:161} INFO - Started process (PID=649) to work on /home/airflow/.local/lib/python3.8/site-packages/airflow/example_dags/example_sla_dag.py
[2026-08-20T14:36:10.091+0000] {processor.py:830} INFO - Processing file /home/airflow/.local/lib/python3.8/site-packages/airflow/example_dags/example_sla_dag.py for tasks to queue
[2026-08-20T14:36:10.094+0000] {logging_mixin.py:188} INFO - [2026-08-20T14:36:10.094+0000] {dagbag.py:540} INFO - Filling up the DagBag from /home/airflow/.local/lib/python3.8/site-packages/airflow/example_dags/example_sla_dag.py
[2026-08-20T14:36:10.105+0000] {processor.py:840} INFO - DAG(s) 'example_sla_dag' retrieved from /home/airflow/.local/lib/python3.8/site-packages/airflow/example_dags/example_sla_dag.py
[2026-08-20T14:36:10.130+0000] {logging_mixin.py:188} INFO - [2026-08-20T14:36:10.130+0000] {dag.py:3047} INFO - Sync 1 DAGs
[2026-08-20T14:36:10.162+0000] {logging_mixin.py:188} INFO - [2026-08-20T14:36:10.161+0000] {dag.py:3834} INFO - Setting next_dagrun for example_sla_dag to 2026-08-20 14:34:00+00:00, run_after=2026-08-20 14:36:00+00:00
[2026-08-20T14:36:10.190+0000] {processor.py:183} INFO - Processing /home/airflow/.local/lib/python3.8/site-packages/airflow/example_dags/example_sla_dag.py took 0.107 seconds
[2026-08-20T14:36:40.873+0000] {processor.py:161} INFO - Started process (PID=706) to work on /home/airflow/.local/lib/python3.8/site-packages/airflow/example_dags/example_sla_dag.py
[2026-08-20T14:36:40.875+0000] {processor.py:830} INFO - Processing file /home/airflow/.local/lib/python3.8/site-packages/airflow/example_dags/example_sla_dag.py for tasks to queue
[2026-08-20T14:36:40.878+0000] {logging_mixin.py:188} INFO - [2026-08-20T14:36:40.878+0000] {dagbag.py:540} INFO - Filling up the DagBag from /home/airflow/.local/lib/python3.8/site-packages/airflow/example_dags/example_sla_dag.py
[2026-08-20T14:36:40.891+0000] {processor.py:840} INFO - DAG(s) 'example_sla_dag' retrieved from /home/airflow/.local/lib/python3.8/site-packages/airflow/example_dags/example_sla_dag.py
[2026-08-20T14:36:40.925+0000] {logging_mixin.py:188} INFO - [2026-08-20T14:36:40.925+0000] {dag.py:3047} INFO - Sync 1 DAGs
[2026-08-20T14:36:40.959+0000] {logging_mixin.py:188} INFO - [2026-08-20T14:36:40.958+0000] {dag.py:3834} INFO - Setting next_dagrun for example_sla_dag to 2026-08-20 14:34:00+00:00, run_after=2026-08-20 14:36:00+00:00
[2026-08-20T14:36:40.990+0000] {processor.py:183} INFO - Processing /home/airflow/.local/lib/python3.8/site-packages/airflow/example_dags/example_sla_dag.py took 0.121 seconds
[2026-08-20T14:37:11.353+0000] {processor.py:161} INFO - Started process (PID=763) to work on /home/airflow/.local/lib/python3.8/site-packages/airflow/example_dags/example_sla_dag.py
[2026-08-20T14:37:11.355+0000] {processor.py:830} INFO - Processing file /home/airflow/.local/lib/python3.8/site-packages/airflow/example_dags/example_sla_dag.py for tasks to queue
[2026-08-20T14:37:11.359+0000] {logging_mixin.py:188} INFO - [2026-08-20T14:37:11.358+0000] {dagbag.py:540} INFO - Filling up the DagBag from /home/airflow/.local/lib/python3.8/site-packages/airflow/example_dags/example_sla_dag.py
[2026-08-20T14:37:11.372+0000] {processor.py:840} INFO - DAG(s) 'example_sla_dag' retrieved from /home/airflow/.local/lib/python3.8/site-packages/airflow/example_dags/example_sla_dag.py
[2026-08-20T14:37:11.399+0000] {logging_mixin.py:188} INFO - [2026-08-20T14:37:11.398+0000] {dag.py:3047} INFO - Sync 1 DAGs
[2026-08-20T14:37:11.430+0000] {logging_mixin.py:188} INFO - [2026-08-20T14:37:11.429+0000] {dag.py:3834} INFO - Setting next_dagrun for example_sla_dag to 2026-08-20 14:34:00+00:00, run_after=2026-08-20 14:36:00+00:00
[2026-08-20T14:37:11.450+0000] {processor.py:183} INFO - Processing /home/airflow/.local/lib/python3.8/site-packages/airflow/example_dags/example_sla_dag.py took 0.103 seconds
[2026-08-20T14:37:42.719+0000] {processor.py:161} INFO - Started process (PID=820) to work on /home/airflow/.local/lib/python3.8/site-packages/airflow/example_dags/example_sla_dag.py
[2026-08-20T14:37:42.721+0000] {processor.py:830} INFO - Processing file /home/airflow/.local/lib/python3.8/site-packages/airflow/example_dags/example_sla_dag.py for tasks to queue
[2026-08-20T14:37:42.725+0000] {logging_mixin.py:188} INFO - [2026-08-20T14:37:42.724+0000] {dagbag.py:540} INFO - Filling up the DagBag from /home/airflow/.local/lib/python3.8/site-packages/airflow/example_dags/example_sla_dag.py
[2026-08-20T14:37:42.739+0000] {processor.py:840} INFO - DAG(s) 'example_sla_dag' retrieved from /home/airflow/.local/lib/python3.8/site-packages/airflow/example_dags/example_sla_dag.py
[2026-08-20T14:37:42.770+0000] {logging_mixin.py:188} INFO - [2026-08-20T14:37:42.770+0000] {dag.py:3047} INFO - Sync 1 DAGs
[2026-08-20T14:37:42.806+0000] {logging_mixin.py:188} INFO - [2026-08-20T14:37:42.806+0000] {dag.py:3834} INFO - Setting next_dagrun for example_sla_dag to 2026-08-20 14:34:00+00:00, run_after=2026-08-20 14:36:00+00:00
[2026-08-20T14:37:42.836+0000] {processor.py:183} INFO - Processing /home/airflow/.local/lib/python3.8/site-packages/airflow/example_dags/example_sla_dag.py took 0.123 seconds
[2026-08-20T14:38:13.532+0000] {processor.py:161} INFO - Started process (PID=877) to work on /home/airflow/.local/lib/python3.8/site-packages/airflow/example_dags/example_sla_dag.py
[2026-08-20T14:38:13.534+0000] {processor.py:830} INFO - Processing file /home/airflow/.local/lib/python3.8/site-packages/airflow/example_dags/example_sla_dag.py for tasks to queue
[2026-08-20T14:38:13.537+0000] {logging_mixin.py:188} INFO - [2026-08-20T14:38:13.536+0000] {dagbag.py:540} INFO - Filling up the DagBag from /home/airflow/.local/lib/python3.8/site-packages/airflow/example_dags/example_sla_dag.py
[2026-08-20T14:38:13.548+0000] {processor.py:840} INFO - DAG(s) 'example_sla_dag' retrieved from /home/airflow/.local/lib/python3.8/site-packages/airflow/example_dags/example_sla_dag.py
[2026-08-20T14:38:13.575+0000] {logging_mixin.py:188} INFO - [2026-08-20T14:38:13.574+0000] {dag.py:3047} INFO - Sync 1 DAGs
[2026-08-20T14:38:13.606+0000] {logging_mixin.py:188} INFO - [2026-08-20T14:38:13.606+0000] {dag.py:3834} INFO - Setting next_dagrun for example_sla_dag to 2026-08-20 14:36:00+00:00, run_after=2026-08-20 14:38:00+00:00
[2026-08-20T14:38:13.632+0000] {processor.py:183} INFO - Processing /home/airflow/.local/lib/python3.8/site-packages/airflow/example_dags/example_sla_dag.py took 0.105 seconds
[2026-08-20T14:38:44.195+0000] {processor.py:161} INFO - Started process (PID=934) to work on /home/airflow/.local/lib/python3.8/site-packages/airflow/example_dags/example_sla_dag.py
[2026-08-20T14:38:44.197+0000] {processor.py:830} INFO - Processing file /home/airflow/.local/lib/python3.8/site-packages/airflow/example_dags/example_sla_dag.py for tasks to queue
[2026-08-20T14:38:44.199+0000] {logging_mixin.py:188} INFO - [2026-08-20T14:38:44.199+0000] {dagbag.py:540} INFO - Filling up the DagBag from /home/airflow/.local/lib/python3.8/site-packages/airflow/example_dags/example_sla_dag.py
[2026-08-20T14:38:44.209+0000] {processor.py:840} INFO - DAG(s) 'example_sla_dag' retrieved from /home/airflow/.local/lib/python3.8/site-packages/airflow/example_dags/example_sla_dag.py
[2026-08-20T14:38:44.247+0000] {logging_mixin.py:188} INFO - [2026-08-20T14:38:44.247+0000] {dag.py:3047} INFO - Sync 1 DAGs
[2026-08-20T14:38:44.279+0000] {logging_mixin.py:188} INFO - [2026-08-20T14:38:44.278+0000] {dag.py:3834} INFO - Setting next_dagrun for example_sla_dag to 2026-08-20 14:36:00+00:00, run_after=2026-08-20 14:38:00+00:00
[2026-08-20T14:38:44.315+0000] {processor.py:183} INFO - Processing /home/airflow/.local/lib/python3.8/site-packages/airflow/example_dags/example_sla_dag.py took 0.123 seconds
[2026-08-20T14:39:14.758+0000] {processor.py:161} INFO - Started process (PID=991) to work on /home/airflow/.local/lib/python3.8/site-packages/airflow/example_dags/example_sla_dag.py
[2026-08-20T14:39:14.760+0000] {processor.py:830} INFO - Processing file /home/airflow/.local/lib/python3.8/site-packages/airflow/example_dags/example_sla_dag.py for tasks to queue
[2026-08-20T14:39:14.764+0000] {logging_mixin.py:188} INFO - [2026-08-20T14:39:14.763+0000] {dagbag.py:540} INFO - Filling up the DagBag from /home/airflow/.local/lib/python3.8/site-packages/airflow/example_dags/example_sla_dag.py
[2026-08-20T14:39:14.778+0000] {processor.py:840} INFO - DAG(s) 'example_sla_dag' retrieved from /home/airflow/.local/lib/python3.8/site-packages/airflow/example_dags/example_sla_dag.py
[2026-08-20T14:39:14.812+0000] {logging_mixin.py:188} INFO - [2026-08-20T14:39:14.812+0000] {dag.py:3047} INFO - Sync 1 DAGs
[2026-08-20T14:39:14.860+0000] {logging_mixin.py:188} INFO - [2026-08-20T14:39:14.860+0000] {dag.py:3834} INFO - Setting next_dagrun for example_sla_dag to 2026-08-20 14:36:00+00:00, run_after=2026-08-20 14:38:00+00:00
[2026-08-20T14:39:14.890+0000] {processor.py:183} INFO - Processing /home/airflow/.local/lib/python3.8/site-packages/airflow/example_dags/example_sla_dag.py took 0.137 seconds
[2026-08-20T14:39:45.017+0000] {processor.py:161} INFO - Started process (PID=1048) to work on /home/airflow/.local/lib/python3.8/site-packages/airflow/example_dags/example_sla_dag.py
[2026-08-20T14:39:45.019+0000] {processor.py:830} INFO - Processing file /home/airflow/.local/lib/python3.8/site-packages/airflow/example_dags/example_sla_dag.py for tasks to queue
[2026-08-20T14:39:45.024+0000] {logging_mixin.py:188} INFO - [2026-08-20T14:39:45.023+0000] {dagbag.py:540} INFO - Filling up the DagBag from /home/airflow/.local/lib/python3.8/site-packages/airflow/example_dags/example_sla_dag.py
[2026-08-20T14:39:45.042+0000] {processor.py:840} INFO - DAG(s) 'example_sla_dag' retrieved from /home/airflow/.local/lib/python3.8/site-packages/airflow/example_dags/example_sla_dag.py
[2026-08-20T14:39:45.073+0000] {logging_mixin.py:188} INFO - [2026-08-20T14:39:45.072+0000] {dag.py:3047} INFO - Sync 1 DAGs
[2026-08-20T14:39:45.111+0000] {logging_mixin.py:188} INFO - [2026-08-20T14:39:45.110+0000] {dag.py:3834} INFO - Setting next_dagrun for example_sla_dag to 2026-08-20 14:36:00+00:00, run_after=2026-08-20 14:38:00+00:00
[2026-08-20T14:39:45.143+0000] {processor.py:183} INFO - Processing /home/airflow/.local/lib/python3.8/site-packages/airflow/example_dags/example_sla_dag.py took 0.129 seconds
[2026-08-20T14:40:15.689+0000] {processor.py:161} INFO - Started process (PID=1105) to work on /home/airflow/.local/lib/python3.8/site-packages/airflow/example_dags/example_sla_dag.py
[2026-08-20T14:40:15.692+0000] {processor.py:830} INFO - Processing file /home/airflow/.local/lib/python3.8/site-packages/airflow/example_dags/example_sla_dag.py for tasks to queue
[2026-08-20T14:40:15.695+0000] {logging_mixin.py:188} INFO - [2026-08-20T14:40:15.695+0000] {dagbag.py:540} INFO - Filling up the DagBag from /home/airflow/.local/lib/python3.8/site-packages/airflow/example_dags/example_sla_dag.py
[2026-08-20T14:40:15.707+0000] {processor.py:840} INFO - DAG(s) 'example_sla_dag' retrieved from /home/airflow/.local/lib/python3.8/site-packages/airflow/example_dags/example_sla_dag.py
[2026-08-20T14:40:15.737+0000] {logging_mixin.py:188} INFO - [2026-08-20T14:40:15.736+0000] {dag.py:3047} INFO - Sync 1 DAGs
[2026-08-20T14:40:15.771+0000] {logging_mixin.py:188} INFO - [2026-08-20T14:40:15.770+0000] {dag.py:3834} INFO - Setting next_dagrun for example_sla_dag to 2026-08-20 14:38:00+00:00, run_after=2026-08-20 14:40:00+00:00
[2026-08-20T14:40:15.797+0000] {processor.py:183} INFO - Processing /home/airflow/.local/lib/python3.8/site-packages/airflow/example_dags/example_sla_dag.py took 0.114 seconds
[2026-08-20T14:40:46.048+0000] {processor.py:161} INFO - Started process (PID=1162) to work on /home/airflow/.local/lib/python3.8/site-packages/airflow/example_dags/example_sla_dag.py
[2026-08-20T14:40:46.052+0000] {processor.py:830} INFO - Processing file /home/airflow/.local/lib/python3.8/site-packages/airflow/example_dags/example_sla_dag.py for tasks to queue
[2026-08-20T14:40:46.056+0000] {logging_mixin.py:188} INFO - [2026-08-20T14:40:46.055+0000] {dagbag.py:540} INFO - Filling up the DagBag from /home/airflow/.local/lib/python3.8/site-packages/airflow/example_dags/example_sla_dag.py
[2026-08-20T14:40:46.070+0000] {processor.py:840} INFO - DAG(s) 'example_sla_dag' retrieved from /home/airflow/.local/lib/python3.8/site-packages/airflow/example_dags/example_sla_dag.py
[2026-08-20T14:40:46.100+0000] {logging_mixin.py:188} INFO - [2026-08-20T14:40:46.099+0000] {dag.py:3047} INFO - Sync 1 DAGs
[2026-08-20T14:40:46.131+0000] {logging_mixin.py:188} INFO - [2026-08-20T14:40:46.131+0000] {dag.py:3834} INFO - Setting next_dagrun for example_sla_dag to 2026-08-20 14:38:00+00:00, run_after=2026-08-20 14:40:00+00:00
[2026-08-20T14:40:46.158+0000] {processor.py:183} INFO - Processing /home/airflow/.local/lib/python3.8/site-packages/airflow/example_dags/example_sla_dag.py took 0.115 seconds
[2026-08-20T14:41:16.700+0000] {processor.py:161} INFO - Started process (PID=1219) to work on /home/airflow/.local/lib/python3.8/site-packages/airflow/example_dags/example_sla_dag.py
[2026-08-20T14:41:16.701+0000] {processor.py:830} INFO - Processing file /home/airflow/.local/lib/python3.8/site-packages/airflow/example_dags/example_sla_dag.py for tasks to queue
[2026-08-20T14:41:16.705+0000] {logging_mixin.py:188} INFO - [2026-08-20T14:41:16.704+0000] {dagbag.py:540} INFO - Filling up the DagBag from /home/airflow/.local/lib/python3.8/site-packages/airflow/example_dags/example_sla_dag.py
[2026-08-20T14:41:16.720+0000] {processor.py:840} INFO - DAG(s) 'example_sla_dag' retrieved from /home/airflow/.local/lib/python3.8/site-packages/airflow/example_dags/example_sla_dag.py
[2026-08-20T14:41:16.747+0000] {logging_mixin.py:188} INFO - [2026-08-20T14:41:16.747+0000] {dag.py:3047} INFO - Sync 1 DAGs
[2026-08-20T14:41:16.782+0000] {logging_mixin.py:188} INFO - [2026-08-20T14:41:16.782+0000] {dag.py:3834} INFO - Setting next_dagrun for example_sla_dag to 2026-08-20 14:38:00+00:00, run_after=2026-08-20 14:40:00+00:00
[2026-08-20T14:41:16.808+0000] {processor.py:183} INFO - Processing /home/airflow/.local/lib/python3.8/site-packages/airflow/example_dags/example_sla_dag.py took 0.117 seconds
[2026-08-20T14:41:46.930+0000] {processor.py:161} INFO - Started process (PID=1276) to work on /home/airflow/.local/lib/python3.8/site-packages/airflow/example_dags/example_sla_dag.py
[2026-08-20T14:41:46.932+0000] {processor.py:830} INFO - Processing file /home/airflow/.local/lib/python3.8/site-packages/airflow/example_dags/example_sla_dag.py for tasks to queue
[2026-08-20T14:41:46.935+0000] {logging_mixin.py:188} INFO - [2026-08-20T14:41:46.935+0000] {dagbag.py:540} INFO - Filling up the DagBag from /home/airflow/.local/lib/python3.8/site-packages/airflow/example_dags/example_sla_dag.py
[2026-08-20T14:41:46.947+0000] {processor.py:840} INFO - DAG(s) 'example_sla_dag' retrieved from /home/airflow/.local/lib/python3.8/site-packages/airflow/example_dags/example_sla_dag.py
[2026-08-20T14:41:46.975+0000] {logging_mixin.py:188} INFO - [2026-08-20T14:41:46.974+0000] {dag.py:3047} INFO - Sync 1 DAGs
[2026-08-20T14:41:47.004+0000] {logging_mixin.py:188} INFO - [2026-08-20T14:41:47.004+0000] {dag.py:3834} INFO - Setting next_dagrun for example_sla_dag to 2026-08-20 14:38:00+00:00, run_after=2026-08-20 14:40:00+00:00
[2026-08-20T14:41:47.029+0000] {processor.py:183} INFO - Processing /home/airflow/.local/lib/python3.8/site-packages/airflow/example_dags/example_sla_dag.py took 0.103 seconds
[2026-08-20T14:42:17.133+0000] {processor.py:161} INFO - Started process (PID=1333) to work on /home/airflow/.local/lib/python3.8/site-packages/airflow/example_dags/example_sla_dag.py
[2026-08-20T14:42:17.135+0000] {processor.py:830} INFO - Processing file /home/airflow/.local/lib/python3.8/site-packages/airflow/example_dags/example_sla_dag.py for tasks to queue
[2026-08-20T14:42:17.137+0000] {logging_mixin.py:188} INFO - [2026-08-20T14:42:17.137+0000] {dagbag.py:540} INFO - Filling up the DagBag from /home/airflow/.local/lib/python3.8/site-packages/airflow/example_dags/example_sla_dag.py
[2026-08-20T14:42:17.149+0000] {processor.py:840} INFO - DAG(s) 'example_sla_dag' retrieved from /home/airflow/.local/lib/python3.8/site-packages/airflow/example_dags/example_sla_dag.py
[2026-08-20T14:42:17.173+0000] {logging_mixin.py:188} INFO - [2026-08-20T14:42:17.172+0000] {dag.py:3047} INFO - Sync 1 DAGs
[2026-08-20T14:42:17.203+0000] {logging_mixin.py:188} INFO - [2026-08-20T14:42:17.202+0000] {dag.py:3834} INFO - Setting next_dagrun for example_sla_dag to 2026-08-20 14:40:00+00:00, run_after=2026-08-20 14:42:00+00:00
[2026-08-20T14:42:17.227+0000] {processor.py:183} INFO - Processing /home/airflow/.local/lib/python3.8/site-packages/airflow/example_dags/example_sla_dag.py took 0.099 seconds
[2026-08-20T14:42:47.586+0000] {processor.py:161} INFO - Started process (PID=1390) to work on /home/airflow/.local/lib/python3.8/site-packages/airflow/example_dags/example_sla_dag.py
[2026-08-20T14:42:47.589+0000] {processor.py:830} INFO - Processing file /home/airflow/.local/lib/python3.8/site-packages/airflow/example_dags/example_sla_dag.py for tasks to queue
[2026-08-20T14:42:47.592+0000] {logging_mixin.py:188} INFO - [2026-08-20T14:42:47.591+0000] {dagbag.py:540} INFO - Filling up the DagBag from /home/airflow/.local/lib/python3.8/site-packages/airflow/example_dags/example_sla_dag.py
[2026-08-20T14:42:47.604+0000] {processor.py:840} INFO - DAG(s) 'example_sla_dag' retrieved from /home/airflow/.local/lib/python3.8/site-packages/airflow/example_dags/example_sla_dag.py
[2026-08-20T14:42:47.629+0000] {logging_mixin.py:188} INFO - [2026-08-20T14:42:47.629+0000] {dag.py:3047} INFO - Sync 1 DAGs
[2026-08-20T14:42:47.666+0000] {logging_mixin.py:188} INFO - [2026-08-20T14:42:47.666+0000] {dag.py:3834} INFO - Setting next_dagrun for example_sla_dag to 2026-08-20 14:40:00+00:00, run_after=2026-08-20 14:42:00+00:00
[2026-08-20T14:42:47.696+0000] {processor.py:183} INFO - Processing /home/airflow/.local/lib/python3.8/site-packages/airflow/example_dags/example_sla_dag.py took 0.114 seconds
[2026-08-20T14:43:17.856+0000] {processor.py:161} INFO - Started process (PID=1447) to work on /home/airflow/.local/lib/python3.8/site-packages/airflow/example_dags/example_sla_dag.py
[2026-08-20T14:43:17.858+0000] {processor.py:830} INFO - Processing file /home/airflow/.local/lib/python3.8/site-packages/airflow/example_dags/example_sla_dag.py for tasks to queue
[2026-08-20T14:43:17.860+0000] {logging_mixin.py:188} INFO - [2026-08-20T14:43:17.860+0000] {dagbag.py:540} INFO - Filling up the DagBag from /home/airflow/.local/lib/python3.8/site-packages/airflow/example_dags/example_sla_dag.py
[2026-08-20T14:43:17.872+0000] {processor.py:840} INFO - DAG(s) 'example_sla_dag' retrieved from /home/airflow/.local/lib/python3.8/site-packages/airflow/example_dags/example_sla_dag.py
[2026-08-20T14:43:17.899+0000] {logging_mixin.py:188} INFO - [2026-08-20T14:43:17.899+0000] {dag.py:3047} INFO - Sync 1 DAGs
[2026-08-20T14:43:17.930+0000] {logging_mixin.py:188} INFO - [2026-08-20T14:43:17.930+0000] {dag.py:3834} INFO - Setting next_dagrun for example_sla_dag to 2026-08-20 14:40:00+00:00, run_after=2026-08-20 14:42:00+00:00
[2026-08-20T14:43:17.958+0000] {processor.py:183} INFO - Processing /home/airflow/.local/lib/python3.8/site-packages/airflow/example_dags/example_sla_dag.py took 0.108 seconds
[2026-08-20T14:43:48.027+0000] {processor.py:161} INFO - Started process (PID=1504) to work on /home/airflow/.local/lib/python3.8/site-packages/airflow/example_dags/example_sla_dag.py
[2026-08-20T14:43:48.029+0000] {processor.py:830} INFO - Processing file /home/airflow/.local/lib/python3.8/site-packages/airflow/example_dags/example_sla_dag.py for tasks to queue
[2026-08-20T14:43:48.032+0000] {logging_mixin.py:188} INFO - [2026-08-20T14:43:48.032+0000] {dagbag.py:540} INFO - Filling up the DagBag from /home/airflow/.local/lib/python3.8/site-packages/airflow/example_dags/example_sla_dag.py
[2026-08-20T14:43:48.047+0000] {processor.py:840} INFO - DAG(s) 'example_sla_dag' retrieved from /home/airflow/.local/lib/python3.8/site-packages/airflow/example_dags/example_sla_dag.py
[2026-08-20T14:43:48.074+0000] {logging_mixin.py:188} INFO - [2026-08-20T14:43:48.074+0000] {dag.py:3047} INFO - Sync 1 DAGs
[2026-08-20T14:43:48.107+0000] {logging_mixin.py:188} INFO - [2026-08-20T14:43:48.107+0000] {dag.py:3834} INFO - Setting next_dagrun for example_sla_dag to 2026-08-20 14:40:00+00:00, run_after=2026-08-20 14:42:00+00:00
[2026-08-20T14:43:48.133+0000] {processor.py:183} INFO - Processing /home/airflow/.local/lib/python3.8/site-packages/airflow/example_dags/example_sla_dag.py took 0.111 seconds
[2026-08-20T14:44:18.280+0000] {processor.py:161} INFO - Started process (PID=1561) to work on /home/airflow/.local/lib/python3.8/site-packages/airflow/example_dags/example_sla_dag.py
[2026-08-20T14:44:18.282+0000] {processor.py:830} INFO - Processing file /home/airflow/.local/lib/python3.8/site-packages/airflow/example_dags/example_sla_dag.py for tasks to queue
[2026-08-20T14:44:18.285+0000] {logging_mixin.py:188} INFO - [2026-08-20T14:44:18.285+0000] {dagbag.py:540} INFO - Filling up the DagBag from /home/airflow/.local/lib/python3.8/site-packages/airflow/example_dags/example_sla_dag.py
[2026-08-20T14:44:18.298+0000] {processor.py:840} INFO - DAG(s) 'example_sla_dag' retrieved from /home/airflow/.local/lib/python3.8/site-packages/airflow/example_dags/example_sla_dag.py
[2026-08-20T14:44:18.323+0000] {logging_mixin.py:188} INFO - [2026-08-20T14:44:18.323+0000] {dag.py:3047} INFO - Sync 1 DAGs
[2026-08-20T14:44:18.351+0000] {logging_mixin.py:188} INFO - [2026-08-20T14:44:18.351+0000] {dag.py:3834} INFO - Setting next_dagrun for example_sla_dag to 2026-08-20 14:42:00+00:00, run_after=2026-08-20 14:44:00+00:00
[2026-08-20T14:44:18.376+0000] {processor.py:183} INFO - Processing /home/airflow/.local/lib/python3.8/site-packages/airflow/example_dags/example_sla_dag.py took 0.101 seconds
[2026-08-20T14:44:49.180+0000] {processor.py:161} INFO - Started process (PID=1618) to work on /home/airflow/.local/lib/python3.8/site-packages/airflow/example_dags/example_sla_dag.py
[2026-08-20T14:44:49.182+0000] {processor.py:830} INFO - Processing file /home/airflow/.local/lib/python3.8/site-packages/airflow/example_dags/example_sla_dag.py for tasks to queue
[2026-08-20T14:44:49.185+0000] {logging_mixin.py:188} INFO - [2026-08-20T14:44:49.184+0000] {dagbag.py:540} INFO - Filling up the DagBag from /home/airflow/.local/lib/python3.8/site-packages/airflow/example_dags/example_sla_dag.py
[2026-08-20T14:44:49.196+0000] {processor.py:840} INFO - DAG(s) 'example_sla_dag' retrieved from /home/airflow/.local/lib/python3.8/site-packages/airflow/example_dags/example_sla_dag.py
[2026-08-20T14:44:49.223+0000] {logging_mixin.py:188} INFO - [2026-08-20T14:44:49.223+0000] {dag.py:3047} INFO - Sync 1 DAGs
[2026-08-20T14:44:49.253+0000] {logging_mixin.py:188} INFO - [2026-08-20T14:44:49.253+0000] {dag.py:3834} INFO - Setting next_dagrun for example_sla_dag to 2026-08-20 14:42:00+00:00, run_after=2026-08-20 14:44:00+00:00
[2026-08-20T14:44:49.283+0000] {processor.py:183} INFO - Processing /home/airflow/.local/lib/python3.8/site-packages/airflow/example_dags/example_sla_dag.py took 0.108 seconds
[2026-08-20T14:45:19.901+0000] {processor.py:161} INFO - Started process (PID=1675) to work on /home/airflow/.local/lib/python3.8/site-packages/airflow/example_dags/example_sla_dag.py
[2026-08-20T14:45:19.903+0000] {processor.py:830} INFO - Processing file /home/airflow/.local/lib/python3.8/site-packages/airflow/example_dags/example_sla_dag.py for tasks to queue
[2026-08-20T14:45:19.906+0000] {logging_mixin.py:188} INFO - [2026-08-20T14:45:19.905+0000] {dagbag.py:540} INFO - Filling up the DagBag from /home/airflow/.local/lib/python3.8/site-packages/airflow/example_dags/example_sla_dag.py
[2026-08-20T14:45:19.919+0000] {processor.py:840} INFO - DAG(s) 'example_sla_dag' retrieved from /home/airflow/.local/lib/python3.8/site-packages/airflow/example_dags/example_sla_dag.py
[2026-08-20T14:45:19.946+0000] {logging_mixin.py:188} INFO - [2026-08-20T14:45:19.946+0000] {dag.py:3047} INFO - Sync 1 DAGs
[2026-08-20T14:45:19.985+0000] {logging_mixin.py:188} INFO - [2026-08-20T14:45:19.984+0000] {dag.py:3834} INFO - Setting next_dagrun for example_sla_dag to 2026-08-20 14:42:00+00:00, run_after=2026-08-20 14:44:00+00:00
[2026-08-20T14:45:20.011+0000] {processor.py:183} INFO - Processing /home/airflow/.local/lib/python3.8/site-packages/airflow/example_dags/example_sla_dag.py took 0.115 seconds
[2026-08-20T14:45:50.108+0000] {processor.py:161} INFO - Started process (PID=1732) to work on /home/airflow/.local/lib/python3.8/site-packages/airflow/example_dags/example_sla_dag.py
[2026-08-20T14:45:50.109+0000] {processor.py:830} INFO - Processing file /home/airflow/.local/lib/python3.8/site-packages/airflow/example_dags/example_sla_dag.py for tasks to queue
[2026-08-20T14:45:50.112+0000] {logging_mixin.py:188} INFO - [2026-08-20T14:45:50.112+0000] {dagbag.py:540} INFO - Filling up the DagBag from /home/airflow/.local/lib/python3.8/site-packages/airflow/example_dags/example_sla_dag.py
[2026-08-20T14:45:50.122+0000] {processor.py:840} INFO - DAG(s) 'example_sla_dag' retrieved from /home/airflow/.local/lib/python3.8/site-packages/airflow/example_dags/example_sla_dag.py
[2026-08-20T14:45:50.149+0000] {logging_mixin.py:188} INFO - [2026-08-20T14:45:50.148+0000] {dag.py:3047} INFO - Sync 1 DAGs
[2026-08-20T14:45:50.181+0000] {logging_mixin.py:188} INFO - [2026-08-20T14:45:50.180+0000] {dag.py:3834} INFO - Setting next_dagrun for example_sla_dag to 2026-08-20 14:42:00+00:00, run_after=2026-08-20 14:44:00+00:00
[2026-08-20T14:45:50.206+0000] {processor.py:183} INFO - Processing /home/airflow/.local/lib/python3.8/site-packages/airflow/example_dags/example_sla_dag.py took 0.103 seconds
[2026-08-20T14:46:20.524+0000] {processor.py:161} INFO - Started process (PID=1789) to work on /home/airflow/.local/lib/python3.8/site-packages/airflow/example_dags/example_sla_dag.py
[2026-08-20T14:46:20.526+0000] {processor.py:830} INFO - Processing file /home/airflow/.local/lib/python3.8/site-packages/airflow/example_dags/example_sla_dag.py for tasks to queue
[2026-08-20T14:46:20.528+0000] {logging_mixin.py:188} INFO - [2026-08-20T14:46:20.528+0000] {dagbag.py:540} INFO - Filling up the DagBag from /home/airflow/.local/lib/python3.8/site-packages/airflow/example_dags/example_sla_dag.py
[2026-08-20T14:46:20.539+0000] {processor.py:840} INFO - DAG(s) 'example_sla_dag' retrieved from /home/airflow/.local/lib/python3.8/site-packages/airflow/example_dags/example_sla_dag.py
[2026-08-20T14:46:20.564+0000] {logging_mixin.py:188} INFO - [2026-08-20T14:46:20.564+0000] {dag.py:3047} INFO - Sync 1 DAGs
[2026-08-20T14:46:20.597+0000] {logging_mixin.py:188} INFO - [2026-08-20T14:46:20.597+0000] {dag.py:3834} INFO - Setting next_dagrun for example_sla_dag to 2026-08-20 14:44:00+00:00, run_after=2026-08-20 14:46:00+00:00
[2026-08-20T14:46:20.622+0000] {processor.py:183} INFO - Processing /home/airflow/.local/lib/python3.8/site-packages/airflow/example_dags/example_sla_dag.py took 0.102 seconds
[2026-08-20T14:46:50.887+0000] {processor.py:161} INFO - Started process (PID=1847) to work on /home/airflow/.local/lib/python3.8/site-packages/airflow/example_dags/example_sla_dag.py
[2026-08-20T14:46:50.889+0000] {processor.py:830} INFO - Processing file /home/airflow/.local/lib/python3.8/site-packages/airflow/example_dags/example_sla_dag.py for tasks to queue
[2026-08-20T14:46:50.891+0000] {logging_mixin.py:188} INFO - [2026-08-20T14:46:50.891+0000] {dagbag.py:540} INFO - Filling up the DagBag from /home/airflow/.local/lib/python3.8/site-packages/airflow/example_dags/example_sla_dag.py
[2026-08-20T14:46:50.901+0000] {processor.py:840} INFO - DAG(s) 'example_sla_dag' retrieved from /home/airflow/.local/lib/python3.8/site-packages/airflow/example_dags/example_sla_dag.py
[2026-08-20T14:46:50.930+0000] {logging_mixin.py:188} INFO - [2026-08-20T14:46:50.930+0000] {dag.py:3047} INFO - Sync 1 DAGs
[2026-08-20T14:46:50.962+0000] {logging_mixin.py:188} INFO - [2026-08-20T14:46:50.961+0000] {dag.py:3834} INFO - Setting next_dagrun for example_sla_dag to 2026-08-20 14:44:00+00:00, run_after=2026-08-20 14:46:00+00:00
[2026-08-20T14:46:50.986+0000] {processor.py:183} INFO - Processing /home/airflow/.local/lib/python3.8/site-packages/airflow/example_dags/example_sla_dag.py took 0.103 seconds
[2026-08-20T14:47:21.608+0000] {processor.py:161} INFO - Started process (PID=1904) to work on /home/airflow/.local/lib/python3.8/site-packages/airflow/example_dags/example_sla_dag.py
[2026-08-20T14:47:21.610+0000] {processor.py:830} INFO - Processing file /home/airflow/.local/lib/python3.8/site-packages/airflow/example_dags/example_sla_dag.py for tasks to queue
[2026-08-20T14:47:21.613+0000] {logging_mixin.py:188} INFO - [2026-08-20T14:47:21.612+0000] {dagbag.py:540} INFO - Filling up the DagBag from /home/airflow/.local/lib/python3.8/site-packages/airflow/example_dags/example_sla_dag.py
[2026-08-20T14:47:21.627+0000] {processor.py:840} INFO - DAG(s) 'example_sla_dag' retrieved from /home/airflow/.local/lib/python3.8/site-packages/airflow/example_dags/example_sla_dag.py
[2026-08-20T14:47:21.656+0000] {logging_mixin.py:188} INFO - [2026-08-20T14:47:21.656+0000] {dag.py:3047} INFO - Sync 1 DAGs
[2026-08-20T14:47:21.684+0000] {logging_mixin.py:188} INFO - [2026-08-20T14:47:21.684+0000] {dag.py:3834} INFO - Setting next_dagrun for example_sla_dag to 2026-08-20 14:44:00+00:00, run_after=2026-08-20 14:46:00+00:00
[2026-08-20T14:47:21.707+0000] {processor.py:183} INFO - Processing /home/airflow/.local/lib/python3.8/site-packages/airflow/example_dags/example_sla_dag.py took 0.105 seconds
[2026-08-20T14:47:52.220+0000] {processor.py:161} INFO - Started process (PID=1962) to work on /home/airflow/.local/lib/python3.8/site-packages/airflow/example_dags/example_sla_dag.py
[2026-08-20T14:47:52.222+0000] {processor.py:830} INFO - Processing file /home/airflow/.local/lib/python3.8/site-packages/airflow/example_dags/example_sla_dag.py for tasks to queue
[2026-08-20T14:47:52.226+0000] {logging_mixin.py:188} INFO - [2026-08-20T14:47:52.225+0000] {dagbag.py:540} INFO - Filling up the DagBag from /home/airflow/.local/lib/python3.8/site-packages/airflow/example_dags/example_sla_dag.py
[2026-08-20T14:47:52.237+0000] {processor.py:840} INFO - DAG(s) 'example_sla_dag' retrieved from /home/airflow/.local/lib/python3.8/site-packages/airflow/example_dags/example_sla_dag.py
[2026-08-20T14:47:52.264+0000] {logging_mixin.py:188} INFO - [2026-08-20T14:47:52.264+0000] {dag.py:3047} INFO - Sync 1 DAGs
[2026-08-20T14:47:52.296+0000] {logging_mixin.py:188} INFO - [2026-08-20T14:47:52.295+0000] {dag.py:3834} INFO - Setting next_dagrun for example_sla_dag to 2026-08-20 14:44:00+00:00, run_after=2026-08-20 14:46:00+00:00
[2026-08-20T14:47:52.322+0000] {processor.py:183} INFO - Processing /home/airflow/.local/lib/python3.8/site-packages/airflow/example_dags/example_sla_dag.py took 0.106 seconds
[2026-08-20T14:48:22.607+0000] {processor.py:161} INFO - Started process (PID=2019) to work on /home/airflow/.local/lib/python3.8/site-packages/airflow/example_dags/example_sla_dag.py
[2026-08-20T14:48:22.611+0000] {processor.py:830} INFO - Processing file /home/airflow/.local/lib/python3.8/site-packages/airflow/example_dags/example_sla_dag.py for tasks to queue
[2026-08-20T14:48:22.615+0000] {logging_mixin.py:188} INFO - [2026-08-20T14:48:22.615+0000] {dagbag.py:540} INFO - Filling up the DagBag from /home/airflow/.local/lib/python3.8/site-packages/airflow/example_dags/example_sla_dag.py
[2026-08-20T14:48:22.633+0000] {processor.py:840} INFO - DAG(s) 'example_sla_dag' retrieved from /home/airflow/.local/lib/python3.8/site-packages/airflow/example_dags/example_sla_dag.py
[2026-08-20T14:48:22.669+0000] {logging_mixin.py:188} INFO - [2026-08-20T14:48:22.669+0000] {dag.py:3047} INFO - Sync 1 DAGs
[2026-08-20T14:48:22.716+0000] {logging_mixin.py:188} INFO - [2026-08-20T14:48:22.716+0000] {dag.py:3834} INFO - Setting next_dagrun for example_sla_dag to 2026-08-20 14:46:00+00:00, run_after=2026-08-20 14:48:00+00:00
[2026-08-20T14:48:22.750+0000] {processor.py:183} INFO - Processing /home/airflow/.local/lib/python3.8/site-packages/airflow/example_dags/example_sla_dag.py took 0.148 seconds
[2026-08-20T14:48:53.395+0000] {processor.py:161} INFO - Started process (PID=2076) to work on /home/airflow/.local/lib/python3.8/site-packages/airflow/example_dags/example_sla_dag.py
[2026-08-20T14:48:53.396+0000] {processor.py:830} INFO - Processing file /home/airflow/.local/lib/python3.8/site-packages/airflow/example_dags/example_sla_dag.py for tasks to queue
[2026-08-20T14:48:53.399+0000] {logging_mixin.py:188} INFO - [2026-08-20T14:48:53.398+0000] {dagbag.py:540} INFO - Filling up the DagBag from /home/airflow/.local/lib/python3.8/site-packages/airflow/example_dags/example_sla_dag.py
[2026-08-20T14:48:53.408+0000] {processor.py:840} INFO - DAG(s) 'example_sla_dag' retrieved from /home/airflow/.local/lib/python3.8/site-packages/airflow/example_dags/example_sla_dag.py
[2026-08-20T14:48:53.431+0000] {logging_mixin.py:188} INFO - [2026-08-20T14:48:53.431+0000] {dag.py:3047} INFO - Sync 1 DAGs
[2026-08-20T14:48:53.459+0000] {logging_mixin.py:188} INFO - [2026-08-20T14:48:53.459+0000] {dag.py:3834} INFO - Setting next_dagrun for example_sla_dag to 2026-08-20 14:46:00+00:00, run_after=2026-08-20 14:48:00+00:00
[2026-08-20T14:48:53.482+0000] {processor.py:183} INFO - Processing /home/airflow/.local/lib/python3.8/site-packages/airflow/example_dags/example_sla_dag.py took 0.092 seconds
[2026-08-20T14:49:24.091+0000] {processor.py:161} INFO - Started process (PID=2133) to work on /home/airflow/.local/lib/python3.8/site-packages/airflow/example_dags/example_sla_dag.py
[2026-08-20T14:49:24.094+0000] {processor.py:830} INFO - Processing file /home/airflow/.local/lib/python3.8/site-packages/airflow/example_dags/example_sla_dag.py for tasks to queue
[2026-08-20T14:49:24.096+0000] {logging_mixin.py:188} INFO - [2026-08-20T14:49:24.096+0000] {dagbag.py:540} INFO - Filling up the DagBag from /home/airflow/.local/lib/python3.8/site-packages/airflow/example_dags/example_sla_dag.py
[2026-08-20T14:49:24.115+0000] {processor.py:840} INFO - DAG(s) 'example_sla_dag' retrieved from /home/airflow/.local/lib/python3.8/site-packages/airflow/example_dags/example_sla_dag.py
[2026-08-20T14:49:24.145+0000] {logging_mixin.py:188} INFO - [2026-08-20T14:49:24.145+0000] {dag.py:3047} INFO - Sync 1 DAGs
[2026-08-20T14:49:24.182+0000] {logging_mixin.py:188} INFO - [2026-08-20T14:49:24.181+0000] {dag.py:3834} INFO - Setting next_dagrun for example_sla_dag to 2026-08-20 14:46:00+00:00, run_after=2026-08-20 14:48:00+00:00
[2026-08-20T14:49:24.205+0000] {processor.py:183} INFO - Processing /home/airflow/.local/lib/python3.8/site-packages/airflow/example_dags/example_sla_dag.py took 0.121 seconds
[2026-08-20T14:49:54.492+0000] {processor.py:161} INFO - Started process (PID=2190) to work on /home/airflow/.local/lib/python3.8/site-packages/airflow/example_dags/example_sla_dag.py
[2026-08-20T14:49:54.493+0000] {processor.py:830} INFO - Processing file /home/airflow/.local/lib/python3.8/site-packages/airflow/example_dags/example_sla_dag.py for tasks to queue
[2026-08-20T14:49:54.497+0000] {logging_mixin.py:188} INFO - [2026-08-20T14:49:54.496+0000] {dagbag.py:540} INFO - Filling up the DagBag from /home/airflow/.local/lib/python3.8/site-packages/airflow/example_dags/example_sla_dag.py
[2026-08-20T14:49:54.508+0000] {processor.py:840} INFO - DAG(s) 'example_sla_dag' retrieved from /home/airflow/.local/lib/python3.8/site-packages/airflow/example_dags/example_sla_dag.py
[2026-08-20T14:49:54.536+0000] {logging_mixin.py:188} INFO - [2026-08-20T14:49:54.535+0000] {dag.py:3047} INFO - Sync 1 DAGs
[2026-08-20T14:49:54.568+0000] {logging_mixin.py:188} INFO - [2026-08-20T14:49:54.567+0000] {dag.py:3834} INFO - Setting next_dagrun for example_sla_dag to 2026-08-20 14:46:00+00:00, run_after=2026-08-20 14:48:00+00:00
[2026-08-20T14:49:54.594+0000] {processor.py:183} INFO - Processing /home/airflow/.local/lib/python3.8/site-packages/airflow/example_dags/example_sla_dag.py took 0.107 seconds
[2026-08-20T14:50:24.775+0000] {processor.py:161} INFO - Started process (PID=2247) to work on /home/airflow/.local/lib/python3.8/site-packages/airflow/example_dags/example_sla_dag.py
[2026-08-20T14:50:24.776+0000] {processor.py:830} INFO - Processing file /home/airflow/.local/lib/python3.8/site-packages/airflow/example_dags/example_sla_dag.py for tasks to queue
[2026-08-20T14:50:24.778+0000] {logging_mixin.py:188} INFO - [2026-08-20T14:50:24.778+0000] {dagbag.py:540} INFO - Filling up the DagBag from /home/airflow/.local/lib/python3.8/site-packages/airflow/example_dags/example_sla_dag.py
[2026-08-20T14:50:24.788+0000] {processor.py:840} INFO - DAG(s) 'example_sla_dag' retrieved from /home/airflow/.local/lib/python3.8/site-packages/airflow/example_dags/example_sla_dag.py
[2026-08-20T14:50:24.813+0000] {logging_mixin.py:188} INFO - [2026-08-20T14:50:24.812+0000] {dag.py:3047} INFO - Sync 1 DAGs
[2026-08-20T14:50:24.858+0000] {logging_mixin.py:188} INFO - [2026-08-20T14:50:24.857+0000] {dag.py:3834} INFO - Setting next_dagrun for example_sla_dag to 2026-08-20 14:48:00+00:00, run_after=2026-08-20 14:50:00+00:00
[2026-08-20T14:50:24.887+0000] {processor.py:183} INFO - Processing /home/airflow/.local/lib/python3.8/site-packages/airflow/example_dags/example_sla_dag.py took 0.116 seconds
[2026-08-20T14:50:55.045+0000] {processor.py:161} INFO - Started process (PID=2304) to work on /home/airflow/.local/lib/python3.8/site-packages/airflow/example_dags/example_sla_dag.py
[2026-08-20T14:50:55.047+0000] {processor.py:830} INFO - Processing file /home/airflow/.local/lib/python3.8/site-packages/airflow/example_dags/example_sla_dag.py for tasks to queue
[2026-08-20T14:50:55.050+0000] {logging_mixin.py:188} INFO - [2026-08-20T14:50:55.050+0000] {dagbag.py:540} INFO - Filling up the DagBag from /home/airflow/.local/lib/python3.8/site-packages/airflow/example_dags/example_sla_dag.py
[2026-08-20T14:50:55.060+0000] {processor.py:840} INFO - DAG(s) 'example_sla_dag' retrieved from /home/airflow/.local/lib/python3.8/site-packages/airflow/example_dags/example_sla_dag.py
[2026-08-20T14:50:55.084+0000] {logging_mixin.py:188} INFO - [2026-08-20T14:50:55.084+0000] {dag.py:3047} INFO - Sync 1 DAGs
[2026-08-20T14:50:55.111+0000] {logging_mixin.py:188} INFO - [2026-08-20T14:50:55.111+0000] {dag.py:3834} INFO - Setting next_dagrun for example_sla_dag to 2026-08-20 14:48:00+00:00, run_after=2026-08-20 14:50:00+00:00
[2026-08-20T14:50:55.134+0000] {processor.py:183} INFO - Processing /home/airflow/.local/lib/python3.8/site-packages/airflow/example_dags/example_sla_dag.py took 0.093 seconds
[2026-08-20T14:51:25.743+0000] {processor.py:161} INFO - Started process (PID=2361) to work on /home/airflow/.local/lib/python3.8/site-packages/airflow/example_dags/example_sla_dag.py
[2026-08-20T14:51:25.745+0000] {processor.py:830} INFO - Processing file /home/airflow/.local/lib/python3.8/site-packages/airflow/example_dags/example_sla_dag.py for tasks to queue
[2026-08-20T14:51:25.748+0000] {logging_mixin.py:188} INFO - [2026-08-20T14:51:25.748+0000] {dagbag.py:540} INFO - Filling up the DagBag from /home/airflow/.local/lib/python3.8/site-packages/airflow/example_dags/example_sla_dag.py
[2026-08-20T14:51:25.760+0000] {processor.py:840} INFO - DAG(s) 'example_sla_dag' retrieved from /home/airflow/.local/lib/python3.8/site-packages/airflow/example_dags/example_sla_dag.py
[2026-08-20T14:51:25.787+0000] {logging_mixin.py:188} INFO - [2026-08-20T14:51:25.787+0000] {dag.py:3047} INFO - Sync 1 DAGs
[2026-08-20T14:51:25.816+0000] {logging_mixin.py:188} INFO - [2026-08-20T14:51:25.816+0000] {dag.py:3834} INFO - Setting next_dagrun for example_sla_dag to 2026-08-20 14:48:00+00:00, run_after=2026-08-20 14:50:00+00:00
[2026-08-20T14:51:25.846+0000] {processor.py:183} INFO - Processing /home/airflow/.local/lib/python3.8/site-packages/airflow/example_dags/example_sla_dag.py took 0.107 seconds
[2026-08-20T14:51:56.466+0000] {processor.py:161} INFO - Started process (PID=2418) to work on /home/airflow/.local/lib/python3.8/site-packages/airflow/example_dags/example_sla_dag.py
[2026-08-20T14:51:56.469+0000] {processor.py:830} INFO - Processing file /home/airflow/.local/lib/python3.8/site-packages/airflow/example_dags/example_sla_dag.py for tasks to queue
[2026-08-20T14:51:56.473+0000] {logging_mixin.py:188} INFO - [2026-08-20T14:51:56.472+0000] {dagbag.py:540} INFO - Filling up the DagBag from /home/airflow/.local/lib/python3.8/site-packages/airflow/example_dags/example_sla_dag.py
[2026-08-20T14:51:56.488+0000] {processor.py:840} INFO - DAG(s) 'example_sla_dag' retrieved from /home/airflow/.local/lib/python3.8/site-packages/airflow/example_dags/example_sla_dag.py
[2026-08-20T14:51:56.526+0000] {logging_mixin.py:188} INFO - [2026-08-20T14:51:56.525+0000] {dag.py:3047} INFO - Sync 1 DAGs
[2026-08-20T14:51:56.571+0000] {logging_mixin.py:188} INFO - [2026-08-20T14:51:56.571+0000] {dag.py:3834} INFO - Setting next_dagrun for example_sla_dag to 2026-08-20 14:48:00+00:00, run_after=2026-08-20 14:50:00+00:00
[2026-08-20T14:51:56.598+0000] {processor.py:183} INFO - Processing /home/airflow/.local/lib/python3.8/site-packages/airflow/example_dags/example_sla_dag.py took 0.140 seconds
[2026-08-20T14:52:26.827+0000] {processor.py:161} INFO - Started process (PID=2475) to work on /home/airflow/.local/lib/python3.8/site-packages/airflow/example_dags/example_sla_dag.py
[2026-08-20T14:52:26.830+0000] {processor.py:830} INFO - Processing file /home/airflow/.local/lib/python3.8/site-packages/airflow/example_dags/example_sla_dag.py for tasks to queue
[2026-08-20T14:52:26.834+0000] {logging_mixin.py:188} INFO - [2026-08-20T14:52:26.834+0000] {dagbag.py:540} INFO - Filling up the DagBag from /home/airflow/.local/lib/python3.8/site-packages/airflow/example_dags/example_sla_dag.py
[2026-08-20T14:52:26.852+0000] {processor.py:840} INFO - DAG(s) 'example_sla_dag' retrieved from /home/airflow/.local/lib/python3.8/site-packages/airflow/example_dags/example_sla_dag.py
[2026-08-20T14:52:26.895+0000] {logging_mixin.py:188} INFO - [2026-08-20T14:52:26.894+0000] {dag.py:3047} INFO - Sync 1 DAGs
[2026-08-20T14:52:26.937+0000] {logging_mixin.py:188} INFO - [2026-08-20T14:52:26.936+0000] {dag.py:3834} INFO - Setting next_dagrun for example_sla_dag to 2026-08-20 14:50:00+00:00, run_after=2026-08-20 14:52:00+00:00
[2026-08-20T14:52:26.968+0000] {processor.py:183} INFO - Processing /home/airflow/.local/lib/python3.8/site-packages/airflow/example_dags/example_sla_dag.py took 0.148 seconds
[2026-08-20T14:52:57.292+0000] {processor.py:161} INFO - Started process (PID=2530) to work on /home/airflow/.local/lib/python3.8/site-packages/airflow/example_dags/example_sla_dag.py
[2026-08-20T14:52:57.294+0000] {processor.py:830} INFO - Processing file /home/airflow/.local/lib/python3.8/site-packages/airflow/example_dags/example_sla_dag.py for tasks to queue
[2026-08-20T14:52:57.301+0000] {logging_mixin.py:188} INFO - [2026-08-20T14:52:57.299+0000] {dagbag.py:540} INFO - Filling up the DagBag from /home/airflow/.local/lib/python3.8/site-packages/airflow/example_dags/example_sla_dag.py
[2026-08-20T14:52:57.317+0000] {processor.py:840} INFO - DAG(s) 'example_sla_dag' retrieved from /home/airflow/.local/lib/python3.8/site-packages/airflow/example_dags/example_sla_dag.py
[2026-08-20T14:52:57.351+0000] {logging_mixin.py:188} INFO - [2026-08-20T14:52:57.351+0000] {dag.py:3047} INFO - Sync 1 DAGs
[2026-08-20T14:52:57.387+0000] {logging_mixin.py:188} INFO - [2026-08-20T14:52:57.387+0000] {dag.py:3834} INFO - Setting next_dagrun for example_sla_dag to 2026-08-20 14:50:00+00:00, run_after=2026-08-20 14:52:00+00:00
[2026-08-20T14:52:57.420+0000] {processor.py:183} INFO - Processing /home/airflow/.local/lib/python3.8/site-packages/airflow/example_dags/example_sla_dag.py took 0.133 seconds
[2026-08-20T14:53:27.625+0000] {processor.py:161} INFO - Started process (PID=2587) to work on /home/airflow/.local/lib/python3.8/site-packages/airflow/example_dags/example_sla_dag.py
[2026-08-20T14:53:27.627+0000] {processor.py:830} INFO - Processing file /home/airflow/.local/lib/python3.8/site-packages/airflow/example_dags/example_sla_dag.py for tasks to queue
[2026-08-20T14:53:27.630+0000] {logging_mixin.py:188} INFO - [2026-08-20T14:53:27.629+0000] {dagbag.py:540} INFO - Filling up the DagBag from /home/airflow/.local/lib/python3.8/site-packages/airflow/example_dags/example_sla_dag.py
[2026-08-20T14:53:27.642+0000] {processor.py:840} INFO - DAG(s) 'example_sla_dag' retrieved from /home/airflow/.local/lib/python3.8/site-packages/airflow/example_dags/example_sla_dag.py
[2026-08-20T14:53:27.667+0000] {logging_mixin.py:188} INFO - [2026-08-20T14:53:27.667+0000] {dag.py:3047} INFO - Sync 1 DAGs
[2026-08-20T14:53:27.696+0000] {logging_mixin.py:188} INFO - [2026-08-20T14:53:27.695+0000] {dag.py:3834} INFO - Setting next_dagrun for example_sla_dag to 2026-08-20 14:50:00+00:00, run_after=2026-08-20 14:52:00+00:00
[2026-08-20T14:53:27.716+0000] {processor.py:183} INFO - Processing /home/airflow/.local/lib/python3.8/site-packages/airflow/example_dags/example_sla_dag.py took 0.096 seconds
[2026-08-20T14:53:57.985+0000] {processor.py:161} INFO - Started process (PID=2644) to work on /home/airflow/.local/lib/python3.8/site-packages/airflow/example_dags/example_sla_dag.py
[2026-08-20T14:53:57.987+0000] {processor.py:830} INFO - Processing file /home/airflow/.local/lib/python3.8/site-packages/airflow/example_dags/example_sla_dag.py for tasks to queue
[2026-08-20T14:53:57.990+0000] {logging_mixin.py:188} INFO - [2026-08-20T14:53:57.989+0000] {dagbag.py:540} INFO - Filling up the DagBag from /home/airflow/.local/lib/python3.8/site-packages/airflow/example_dags/example_sla_dag.py
[2026-08-20T14:53:58.000+0000] {processor.py:840} INFO - DAG(s) 'example_sla_dag' retrieved from /home/airflow/.local/lib/python3.8/site-packages/airflow/example_dags/example_sla_dag.py
[2026-08-20T14:53:58.024+0000] {logging_mixin.py:188} INFO - [2026-08-20T14:53:58.024+0000] {dag.py:3047} INFO - Sync 1 DAGs
[2026-08-20T14:53:58.059+0000] {logging_mixin.py:188} INFO - [2026-08-20T14:53:58.059+0000] {dag.py:3834} INFO - Setting next_dagrun for example_sla_dag to 2026-08-20 14:50:00+00:00, run_after=2026-08-20 14:52:00+00:00
[2026-08-20T14:53:58.083+0000] {processor.py:183} INFO - Processing /home/airflow/.local/lib/python3.8/site-packages/airflow/example_dags/example_sla_dag.py took 0.103 seconds
[2026-08-20T14:54:28.916+0000] {processor.py:161} INFO - Started process (PID=2701) to work on /home/airflow/.local/lib/python3.8/site-packages/airflow/example_dags/example_sla_dag.py
[2026-08-20T14:54:28.918+0000] {processor.py:830} INFO - Processing file /home/airflow/.local/lib/python3.8/site-packages/airflow/example_dags/example_sla_dag.py for tasks to queue
[2026-08-20T14:54:28.921+0000] {logging_mixin.py:188} INFO - [2026-08-20T14:54:28.921+0000] {dagbag.py:540} INFO - Filling up the DagBag from /home/airflow/.local/lib/python3.8/site-packages/airflow/example_dags/example_sla_dag.py
[2026-08-20T14:54:28.933+0000] {processor.py:840} INFO - DAG(s) 'example_sla_dag' retrieved from /home/airflow/.local/lib/python3.8/site-packages/airflow/example_dags/example_sla_dag.py
[2026-08-20T14:54:28.966+0000] {logging_mixin.py:188} INFO - [2026-08-20T14:54:28.965+0000] {dag.py:3047} INFO - Sync 1 DAGs
[2026-08-20T14:54:29.006+0000] {logging_mixin.py:188} INFO - [2026-08-20T14:54:29.005+0000] {dag.py:3834} INFO - Setting next_dagrun for example_sla_dag to 2026-08-20 14:52:00+00:00, run_after=2026-08-20 14:54:00+00:00
[2026-08-20T14:54:29.035+0000] {processor.py:183} INFO - Processing /home/airflow/.local/lib/python3.8/site-packages/airflow/example_dags/example_sla_dag.py took 0.122 seconds
[2026-08-20T14:54:59.870+0000] {processor.py:161} INFO - Started process (PID=2758) to work on /home/airflow/.local/lib/python3.8/site-packages/airflow/example_dags/example_sla_dag.py
[2026-08-20T14:54:59.872+0000] {processor.py:830} INFO - Processing file /home/airflow/.local/lib/python3.8/site-packages/airflow/example_dags/example_sla_dag.py for tasks to queue
[2026-08-20T14:54:59.875+0000] {logging_mixin.py:188} INFO - [2026-08-20T14:54:59.875+0000] {dagbag.py:540} INFO - Filling up the DagBag from /home/airflow/.local/lib/python3.8/site-packages/airflow/example_dags/example_sla_dag.py
[2026-08-20T14:54:59.891+0000] {processor.py:840} INFO - DAG(s) 'example_sla_dag' retrieved from /home/airflow/.local/lib/python3.8/site-packages/airflow/example_dags/example_sla_dag.py
[2026-08-20T14:54:59.920+0000] {logging_mixin.py:188} INFO - [2026-08-20T14:54:59.920+0000] {dag.py:3047} INFO - Sync 1 DAGs
[2026-08-20T14:54:59.949+0000] {logging_mixin.py:188} INFO - [2026-08-20T14:54:59.949+0000] {dag.py:3834} INFO - Setting next_dagrun for example_sla_dag to 2026-08-20 14:52:00+00:00, run_after=2026-08-20 14:54:00+00:00
[2026-08-20T14:54:59.974+0000] {processor.py:183} INFO - Processing /home/airflow/.local/lib/python3.8/site-packages/airflow/example_dags/example_sla_dag.py took 0.110 seconds
[2026-08-20T14:55:30.123+0000] {processor.py:161} INFO - Started process (PID=2815) to work on /home/airflow/.local/lib/python3.8/site-packages/airflow/example_dags/example_sla_dag.py
[2026-08-20T14:55:30.125+0000] {processor.py:830} INFO - Processing file /home/airflow/.local/lib/python3.8/site-packages/airflow/example_dags/example_sla_dag.py for tasks to queue
[2026-08-20T14:55:30.128+0000] {logging_mixin.py:188} INFO - [2026-08-20T14:55:30.127+0000] {dagbag.py:540} INFO - Filling up the DagBag from /home/airflow/.local/lib/python3.8/site-packages/airflow/example_dags/example_sla_dag.py
[2026-08-20T14:55:30.139+0000] {processor.py:840} INFO - DAG(s) 'example_sla_dag' retrieved from /home/airflow/.local/lib/python3.8/site-packages/airflow/example_dags/example_sla_dag.py
[2026-08-20T14:55:30.164+0000] {logging_mixin.py:188} INFO - [2026-08-20T14:55:30.164+0000] {dag.py:3047} INFO - Sync 1 DAGs
[2026-08-20T14:55:30.199+0000] {logging_mixin.py:188} INFO - [2026-08-20T14:55:30.199+0000] {dag.py:3834} INFO - Setting next_dagrun for example_sla_dag to 2026-08-20 14:52:00+00:00, run_after=2026-08-20 14:54:00+00:00
[2026-08-20T14:55:30.223+0000] {processor.py:183} INFO - Processing /home/airflow/.local/lib/python3.8/site-packages/airflow/example_dags/example_sla_dag.py took 0.104 seconds
[2026-08-20T14:56:00.835+0000] {processor.py:161} INFO - Started process (PID=2872) to work on /home/airflow/.local/lib/python3.8/site-packages/airflow/example_dags/example_sla_dag.py
[2026-08-20T14:56:00.837+0000] {processor.py:830} INFO - Processing file /home/airflow/.local/lib/python3.8/site-packages/airflow/example_dags/example_sla_dag.py for tasks to queue
[2026-08-20T14:56:00.840+0000] {logging_mixin.py:188} INFO - [2026-08-20T14:56:00.840+0000] {dagbag.py:540} INFO - Filling up the DagBag from /home/airflow/.local/lib/python3.8/site-packages/airflow/example_dags/example_sla_dag.py
[2026-08-20T14:56:00.851+0000] {processor.py:840} INFO - DAG(s) 'example_sla_dag' retrieved from /home/airflow/.local/lib/python3.8/site-packages/airflow/example_dags/example_sla_dag.py
[2026-08-20T14:56:00.874+0000] {logging_mixin.py:188} INFO - [2026-08-20T14:56:00.873+0000] {dag.py:3047} INFO - Sync 1 DAGs
[2026-08-20T14:56:00.901+0000] {logging_mixin.py:188} INFO - [2026-08-20T14:56:00.901+0000] {dag.py:3834} INFO - Setting next_dagrun for example_sla_dag to 2026-08-20 14:54:00+00:00, run_after=2026-08-20 14:56:00+00:00
[2026-08-20T14:56:00.930+0000] {processor.py:183} INFO - Processing /home/airflow/.local/lib/python3.8/site-packages/airflow/example_dags/example_sla_dag.py took 0.098 seconds
[2026-08-20T14:56:31.205+0000] {processor.py:161} INFO - Started process (PID=2929) to work on /home/airflow/.local/lib/python3.8/site-packages/airflow/example_dags/example_sla_dag.py
[2026-08-20T14:56:31.206+0000] {processor.py:830} INFO - Processing file /home/airflow/.local/lib/python3.8/site-packages/airflow/example_dags/example_sla_dag.py for tasks to queue
[2026-08-20T14:56:31.211+0000] {logging_mixin.py:188} INFO - [2026-08-20T14:56:31.210+0000] {dagbag.py:540} INFO - Filling up the DagBag from /home/airflow/.local/lib/python3.8/site-packages/airflow/example_dags/example_sla_dag.py
[2026-08-20T14:56:31.225+0000] {processor.py:840} INFO - DAG(s) 'example_sla_dag' retrieved from /home/airflow/.local/lib/python3.8/site-packages/airflow/example_dags/example_sla_dag.py
[2026-08-20T14:56:31.251+0000] {logging_mixin.py:188} INFO - [2026-08-20T14:56:31.250+0000] {dag.py:3047} INFO - Sync 1 DAGs
[2026-08-20T14:56:31.283+0000] {logging_mixin.py:188} INFO - [2026-08-20T14:56:31.282+0000] {dag.py:3834} INFO - Setting next_dagrun for example_sla_dag to 2026-08-20 14:54:00+00:00, run_after=2026-08-20 14:56:00+00:00
[2026-08-20T14:56:31.309+0000] {processor.py:183} INFO - Processing /home/airflow/.local/lib/python3.8/site-packages/airflow/example_dags/example_sla_dag.py took 0.108 seconds
[2026-08-20T14:57:01.656+0000] {processor.py:161} INFO - Started process (PID=2986) to work on /home/airflow/.local/lib/python3.8/site-packages/airflow/example_dags/example_sla_dag.py
[2026-08-20T14:57:01.658+0000] {processor.py:830} INFO - Processing file /home/airflow/.local/lib/python3.8/site-packages/airflow/example_dags/example_sla_dag.py for tasks to queue
[2026-08-20T14:57:01.661+0000] {logging_mixin.py:188} INFO - [2026-08-20T14:57:01.661+0000] {dagbag.py:540} INFO - Filling up the DagBag from /home/airflow/.local/lib/python3.8/site-packages/airflow/example_dags/example_sla_dag.py
[2026-08-20T14:57:01.671+0000] {processor.py:840} INFO - DAG(s) 'example_sla_dag' retrieved from /home/airflow/.local/lib/python3.8/site-packages/airflow/example_dags/example_sla_dag.py
[2026-08-20T14:57:01.701+0000] {logging_mixin.py:188} INFO - [2026-08-20T14:57:01.701+0000] {dag.py:3047} INFO - Sync 1 DAGs
[2026-08-20T14:57:01.734+0000] {logging_mixin.py:188} INFO - [2026-08-20T14:57:01.734+0000] {dag.py:3834} INFO - Setting next_dagrun for example_sla_dag to 2026-08-20 14:54:00+00:00, run_after=2026-08-20 14:56:00+00:00
[2026-08-20T14:57:01.762+0000] {processor.py:183} INFO - Processing /home/airflow/.local/lib/python3.8/site-packages/airflow/example_dags/example_sla_dag.py took 0.110 seconds
[2026-08-20T14:57:32.019+0000] {processor.py:161} INFO - Started process (PID=3044) to work on /home/airflow/.local/lib/python3.8/site-packages/airflow/example_dags/example_sla_dag.py
[2026-08-20T14:57:32.021+0000] {processor.py:830} INFO - Processing file /home/airflow/.local/lib/python3.8/site-packages/airflow/example_dags/example_sla_dag.py for tasks to queue
[2026-08-20T14:57:32.023+0000] {logging_mixin.py:188} INFO - [2026-08-20T14:57:32.023+0000] {dagbag.py:540} INFO - Filling up the DagBag from /home/airflow/.local/lib/python3.8/site-packages/airflow/example_dags/example_sla_dag.py
[2026-08-20T14:57:32.033+0000] {processor.py:840} INFO - DAG(s) 'example_sla_dag' retrieved from /home/airflow/.local/lib/python3.8/site-packages/airflow/example_dags/example_sla_dag.py
[2026-08-20T14:57:32.059+0000] {logging_mixin.py:188} INFO - [2026-08-20T14:57:32.058+0000] {dag.py:3047} INFO - Sync 1 DAGs
[2026-08-20T14:57:32.090+0000] {logging_mixin.py:188} INFO - [2026-08-20T14:57:32.090+0000] {dag.py:3834} INFO - Setting next_dagrun for example_sla_dag to 2026-08-20 14:54:00+00:00, run_after=2026-08-20 14:56:00+00:00
[2026-08-20T14:57:32.112+0000] {processor.py:183} INFO - Processing /home/airflow/.local/lib/python3.8/site-packages/airflow/example_dags/example_sla_dag.py took 0.097 seconds
[2026-08-20T14:58:02.747+0000] {processor.py:161} INFO - Started process (PID=3101) to work on /home/airflow/.local/lib/python3.8/site-packages/airflow/example_dags/example_sla_dag.py
[2026-08-20T14:58:02.749+0000] {processor.py:830} INFO - Processing file /home/airflow/.local/lib/python3.8/site-packages/airflow/example_dags/example_sla_dag.py for tasks to queue
[2026-08-20T14:58:02.752+0000] {logging_mixin.py:188} INFO - [2026-08-20T14:58:02.752+0000] {dagbag.py:540} INFO - Filling up the DagBag from /home/airflow/.local/lib/python3.8/site-packages/airflow/example_dags/example_sla_dag.py
[2026-08-20T14:58:02.764+0000] {processor.py:840} INFO - DAG(s) 'example_sla_dag' retrieved from /home/airflow/.local/lib/python3.8/site-packages/airflow/example_dags/example_sla_dag.py
[2026-08-20T14:58:02.789+0000] {logging_mixin.py:188} INFO - [2026-08-20T14:58:02.789+0000] {dag.py:3047} INFO - Sync 1 DAGs
[2026-08-20T14:58:02.824+0000] {logging_mixin.py:188} INFO - [2026-08-20T14:58:02.824+0000] {dag.py:3834} INFO - Setting next_dagrun for example_sla_dag to 2026-08-20 14:56:00+00:00, run_after=2026-08-20 14:58:00+00:00
[2026-08-20T14:58:02.856+0000] {processor.py:183} INFO - Processing /home/airflow/.local/lib/python3.8/site-packages/airflow/example_dags/example_sla_dag.py took 0.117 seconds
[2026-08-20T14:58:33.347+0000] {processor.py:161} INFO - Started process (PID=3164) to work on /home/airflow/.local/lib/python3.8/site-packages/airflow/example_dags/example_sla_dag.py
[2026-08-20T14:58:33.350+0000] {processor.py:830} INFO - Processing file /home/airflow/.local/lib/python3.8/site-packages/airflow/example_dags/example_sla_dag.py for tasks to queue
[2026-08-20T14:58:33.355+0000] {logging_mixin.py:188} INFO - [2026-08-20T14:58:33.354+0000] {dagbag.py:540} INFO - Filling up the DagBag from /home/airflow/.local/lib/python3.8/site-packages/airflow/example_dags/example_sla_dag.py
[2026-08-20T14:58:33.369+0000] {processor.py:840} INFO - DAG(s) 'example_sla_dag' retrieved from /home/airflow/.local/lib/python3.8/site-packages/airflow/example_dags/example_sla_dag.py
[2026-08-20T14:58:33.395+0000] {logging_mixin.py:188} INFO - [2026-08-20T14:58:33.395+0000] {dag.py:3047} INFO - Sync 1 DAGs
[2026-08-20T14:58:33.427+0000] {logging_mixin.py:188} INFO - [2026-08-20T14:58:33.427+0000] {dag.py:3834} INFO - Setting next_dagrun for example_sla_dag to 2026-08-20 14:56:00+00:00, run_after=2026-08-20 14:58:00+00:00
[2026-08-20T14:58:33.454+0000] {processor.py:183} INFO - Processing /home/airflow/.local/lib/python3.8/site-packages/airflow/example_dags/example_sla_dag.py took 0.112 seconds
[2026-08-20T14:59:04.090+0000] {processor.py:161} INFO - Started process (PID=3221) to work on /home/airflow/.local/lib/python3.8/site-packages/airflow/example_dags/example_sla_dag.py
[2026-08-20T14:59:04.092+0000] {processor.py:830} INFO - Processing file /home/airflow/.local/lib/python3.8/site-packages/airflow/example_dags/example_sla_dag.py for tasks to queue
[2026-08-20T14:59:04.101+0000] {logging_mixin.py:188} INFO - [2026-08-20T14:59:04.100+0000] {dagbag.py:540} INFO - Filling up the DagBag from /home/airflow/.local/lib/python3.8/site-packages/airflow/example_dags/example_sla_dag.py
[2026-08-20T14:59:04.128+0000] {processor.py:840} INFO - DAG(s) 'example_sla_dag' retrieved from /home/airflow/.local/lib/python3.8/site-packages/airflow/example_dags/example_sla_dag.py
[2026-08-20T14:59:04.164+0000] {logging_mixin.py:188} INFO - [2026-08-20T14:59:04.164+0000] {dag.py:3047} INFO - Sync 1 DAGs
[2026-08-20T14:59:04.232+0000] {logging_mixin.py:188} INFO - [2026-08-20T14:59:04.232+0000] {dag.py:3834} INFO - Setting next_dagrun for example_sla_dag to 2026-08-20 14:56:00+00:00, run_after=2026-08-20 14:58:00+00:00
[2026-08-20T14:59:04.292+0000] {processor.py:183} INFO - Processing /home/airflow/.local/lib/python3.8/site-packages/airflow/example_dags/example_sla_dag.py took 0.212 seconds
[2026-08-20T14:59:34.467+0000] {processor.py:161} INFO - Started process (PID=3278) to work on /home/airflow/.local/lib/python3.8/site-packages/airflow/example_dags/example_sla_dag.py
[2026-08-20T14:59:34.469+0000] {processor.py:830} INFO - Processing file /home/airflow/.local/lib/python3.8/site-packages/airflow/example_dags/example_sla_dag.py for tasks to queue
[2026-08-20T14:59:34.472+0000] {logging_mixin.py:188} INFO - [2026-08-20T14:59:34.472+0000] {dagbag.py:540} INFO - Filling up the DagBag from /home/airflow/.local/lib/python3.8/site-packages/airflow/example_dags/example_sla_dag.py
[2026-08-20T14:59:34.485+0000] {processor.py:840} INFO - DAG(s) 'example_sla_dag' retrieved from /home/airflow/.local/lib/python3.8/site-packages/airflow/example_dags/example_sla_dag.py
[2026-08-20T14:59:34.518+0000] {logging_mixin.py:188} INFO - [2026-08-20T14:59:34.517+0000] {dag.py:3047} INFO - Sync 1 DAGs
[2026-08-20T14:59:34.552+0000] {logging_mixin.py:188} INFO - [2026-08-20T14:59:34.552+0000] {dag.py:3834} INFO - Setting next_dagrun for example_sla_dag to 2026-08-20 14:56:00+00:00, run_after=2026-08-20 14:58:00+00:00
[2026-08-20T14:59:34.575+0000] {processor.py:183} INFO - Processing /home/airflow/.local/lib/python3.8/site-packages/airflow/example_dags/example_sla_dag.py took 0.112 seconds
[2026-08-20T15:00:04.960+0000] {processor.py:161} INFO - Started process (PID=3335) to work on /home/airflow/.local/lib/python3.8/site-packages/airflow/example_dags/example_sla_dag.py
[2026-08-20T15:00:04.962+0000] {processor.py:830} INFO - Processing file /home/airflow/.local/lib/python3.8/site-packages/airflow/example_dags/example_sla_dag.py for tasks to queue
[2026-08-20T15:00:04.965+0000] {logging_mixin.py:188} INFO - [2026-08-20T15:00:04.964+0000] {dagbag.py:540} INFO - Filling up the DagBag from /home/airflow/.local/lib/python3.8/site-packages/airflow/example_dags/example_sla_dag.py
[2026-08-20T15:00:04.978+0000] {processor.py:840} INFO - DAG(s) 'example_sla_dag' retrieved from /home/airflow/.local/lib/python3.8/site-packages/airflow/example_dags/example_sla_dag.py
[2026-08-20T15:00:05.005+0000] {logging_mixin.py:188} INFO - [2026-08-20T15:00:05.005+0000] {dag.py:3047} INFO - Sync 1 DAGs
[2026-08-20T15:00:05.040+0000] {logging_mixin.py:188} INFO - [2026-08-20T15:00:05.040+0000] {dag.py:3834} INFO - Setting next_dagrun for example_sla_dag to 2026-08-20 14:58:00+00:00, run_after=2026-08-20 15:00:00+00:00
[2026-08-20T15:00:05.063+0000] {processor.py:183} INFO - Processing /home/airflow/.local/lib/python3.8/site-packages/airflow/example_dags/example_sla_dag.py took 0.107 seconds
[2026-08-20T15:00:35.368+0000] {processor.py:161} INFO - Started process (PID=3392) to work on /home/airflow/.local/lib/python3.8/site-packages/airflow/example_dags/example_sla_dag.py
[2026-08-20T15:00:35.370+0000] {processor.py:830} INFO - Processing file /home/airflow/.local/lib/python3.8/site-packages/airflow/example_dags/example_sla_dag.py for tasks to queue
[2026-08-20T15:00:35.372+0000] {logging_mixin.py:188} INFO - [2026-08-20T15:00:35.372+0000] {dagbag.py:540} INFO - Filling up the DagBag from /home/airflow/.local/lib/python3.8/site-packages/airflow/example_dags/example_sla_dag.py
[2026-08-20T15:00:35.383+0000] {processor.py:840} INFO - DAG(s) 'example_sla_dag' retrieved from /home/airflow/.local/lib/python3.8/site-packages/airflow/example_dags/example_sla_dag.py
[2026-08-20T15:00:35.404+0000] {logging_mixin.py:188} INFO - [2026-08-20T15:00:35.404+0000] {dag.py:3047} INFO - Sync 1 DAGs
[2026-08-20T15:00:35.431+0000] {logging_mixin.py:188} INFO - [2026-08-20T15:00:35.430+0000] {dag.py:3834} INFO - Setting next_dagrun for example_sla_dag to 2026-08-20 14:58:00+00:00, run_after=2026-08-20 15:00:00+00:00
[2026-08-20T15:00:35.451+0000] {processor.py:183} INFO - Processing /home/airflow/.local/lib/python3.8/site-packages/airflow/example_dags/example_sla_dag.py took 0.087 seconds
[2026-08-20T15:01:05.861+0000] {processor.py:161} INFO - Started process (PID=3449) to work on /home/airflow/.local/lib/python3.8/site-packages/airflow/example_dags/example_sla_dag.py
[2026-08-20T15:01:05.862+0000] {processor.py:830} INFO - Processing file /home/airflow/.local/lib/python3.8/site-packages/airflow/example_dags/example_sla_dag.py for tasks to queue
[2026-08-20T15:01:05.865+0000] {logging_mixin.py:188} INFO - [2026-08-20T15:01:05.865+0000] {dagbag.py:540} INFO - Filling up the DagBag from /home/airflow/.local/lib/python3.8/site-packages/airflow/example_dags/example_sla_dag.py
[2026-08-20T15:01:05.876+0000] {processor.py:840} INFO - DAG(s) 'example_sla_dag' retrieved from /home/airflow/.local/lib/python3.8/site-packages/airflow/example_dags/example_sla_dag.py
[2026-08-20T15:01:05.902+0000] {logging_mixin.py:188} INFO - [2026-08-20T15:01:05.902+0000] {dag.py:3047} INFO - Sync 1 DAGs
[2026-08-20T15:01:05.932+0000] {logging_mixin.py:188} INFO - [2026-08-20T15:01:05.932+0000] {dag.py:3834} INFO - Setting next_dagrun for example_sla_dag to 2026-08-20 14:58:00+00:00, run_after=2026-08-20 15:00:00+00:00
[2026-08-20T15:01:05.955+0000] {processor.py:183} INFO - Processing /home/airflow/.local/lib/python3.8/site-packages/airflow/example_dags/example_sla_dag.py took 0.098 seconds
[2026-08-20T15:01:37.037+0000] {processor.py:161} INFO - Started process (PID=3506) to work on /home/airflow/.local/lib/python3.8/site-packages/airflow/example_dags/example_sla_dag.py
[2026-08-20T15:01:37.039+0000] {processor.py:830} INFO - Processing file /home/airflow/.local/lib/python3.8/site-packages/airflow/example_dags/example_sla_dag.py for tasks to queue
[2026-08-20T15:01:37.042+0000] {logging_mixin.py:188} INFO - [2026-08-20T15:01:37.042+0000] {dagbag.py:540} INFO - Filling up the DagBag from /home/airflow/.local/lib/python3.8/site-packages/airflow/example_dags/example_sla_dag.py
[2026-08-20T15:01:37.054+0000] {processor.py:840} INFO - DAG(s) 'example_sla_dag' retrieved from /home/airflow/.local/lib/python3.8/site-packages/airflow/example_dags/example_sla_dag.py
[2026-08-20T15:01:37.078+0000] {logging_mixin.py:188} INFO - [2026-08-20T15:01:37.078+0000] {dag.py:3047} INFO - Sync 1 DAGs
[2026-08-20T15:01:37.106+0000] {logging_mixin.py:188} INFO - [2026-08-20T15:01:37.106+0000] {dag.py:3834} INFO - Setting next_dagrun for example_sla_dag to 2026-08-20 14:58:00+00:00, run_after=2026-08-20 15:00:00+00:00
[2026-08-20T15:01:37.130+0000] {processor.py:183} INFO - Processing /home/airflow/.local/lib/python3.8/site-packages/airflow/example_dags/example_sla_dag.py took 0.099 seconds
[2026-08-20T15:02:07.391+0000] {processor.py:161} INFO - Started process (PID=3563) to work on /home/airflow/.local/lib/python3.8/site-packages/airflow/example_dags/example_sla_dag.py
[2026-08-20T15:02:07.393+0000] {processor.py:830} INFO - Processing file /home/airflow/.local/lib/python3.8/site-packages/airflow/example_dags/example_sla_dag.py for tasks to queue
[2026-08-20T15:02:07.395+0000] {logging_mixin.py:188} INFO - [2026-08-20T15:02:07.395+0000] {dagbag.py:540} INFO - Filling up the DagBag from /home/airflow/.local/lib/python3.8/site-packages/airflow/example_dags/example_sla_dag.py
[2026-08-20T15:02:07.408+0000] {processor.py:840} INFO - DAG(s) 'example_sla_dag' retrieved from /home/airflow/.local/lib/python3.8/site-packages/airflow/example_dags/example_sla_dag.py
[2026-08-20T15:02:07.438+0000] {logging_mixin.py:188} INFO - [2026-08-20T15:02:07.438+0000] {dag.py:3047} INFO - Sync 1 DAGs
[2026-08-20T15:02:07.470+0000] {logging_mixin.py:188} INFO - [2026-08-20T15:02:07.470+0000] {dag.py:3834} INFO - Setting next_dagrun for example_sla_dag to 2026-08-20 15:00:00+00:00, run_after=2026-08-20 15:02:00+00:00
[2026-08-20T15:02:07.495+0000] {processor.py:183} INFO - Processing /home/airflow/.local/lib/python3.8/site-packages/airflow/example_dags/example_sla_dag.py took 0.107 seconds
[2026-08-20T15:02:37.731+0000] {processor.py:161} INFO - Started process (PID=3620) to work on /home/airflow/.local/lib/python3.8/site-packages/airflow/example_dags/example_sla_dag.py
[2026-08-20T15:02:37.732+0000] {processor.py:830} INFO - Processing file /home/airflow/.local/lib/python3.8/site-packages/airflow/example_dags/example_sla_dag.py for tasks to queue
[2026-08-20T15:02:37.735+0000] {logging_mixin.py:188} INFO - [2026-08-20T15:02:37.735+0000] {dagbag.py:540} INFO - Filling up the DagBag from /home/airflow/.local/lib/python3.8/site-packages/airflow/example_dags/example_sla_dag.py
[2026-08-20T15:02:37.745+0000] {processor.py:840} INFO - DAG(s) 'example_sla_dag' retrieved from /home/airflow/.local/lib/python3.8/site-packages/airflow/example_dags/example_sla_dag.py
[2026-08-20T15:02:37.771+0000] {logging_mixin.py:188} INFO - [2026-08-20T15:02:37.771+0000] {dag.py:3047} INFO - Sync 1 DAGs
[2026-08-20T15:02:37.799+0000] {logging_mixin.py:188} INFO - [2026-08-20T15:02:37.799+0000] {dag.py:3834} INFO - Setting next_dagrun for example_sla_dag to 2026-08-20 15:00:00+00:00, run_after=2026-08-20 15:02:00+00:00
[2026-08-20T15:02:37.822+0000] {processor.py:183} INFO - Processing /home/airflow/.local/lib/python3.8/site-packages/airflow/example_dags/example_sla_dag.py took 0.095 seconds
[2026-08-20T15:03:08.415+0000] {processor.py:161} INFO - Started process (PID=3677) to work on /home/airflow/.local/lib/python3.8/site-packages/airflow/example_dags/example_sla_dag.py
[2026-08-20T15:03:08.417+0000] {processor.py:830} INFO - Processing file /home/airflow/.local/lib/python3.8/site-packages/airflow/example_dags/example_sla_dag.py for tasks to queue
[2026-08-20T15:03:08.421+0000] {logging_mixin.py:188} INFO - [2026-08-20T15:03:08.420+0000] {dagbag.py:540} INFO - Filling up the DagBag from /home/airflow/.local/lib/python3.8/site-packages/airflow/example_dags/example_sla_dag.py
[2026-08-20T15:03:08.433+0000] {processor.py:840} INFO - DAG(s) 'example_sla_dag' retrieved from /home/airflow/.local/lib/python3.8/site-packages/airflow/example_dags/example_sla_dag.py
[2026-08-20T15:03:08.461+0000] {logging_mixin.py:188} INFO - [2026-08-20T15:03:08.460+0000] {dag.py:3047} INFO - Sync 1 DAGs
[2026-08-20T15:03:08.494+0000] {logging_mixin.py:188} INFO - [2026-08-20T15:03:08.494+0000] {dag.py:3834} INFO - Setting next_dagrun for example_sla_dag to 2026-08-20 15:00:00+00:00, run_after=2026-08-20 15:02:00+00:00
[2026-08-20T15:03:08.528+0000] {processor.py:183} INFO - Processing /home/airflow/.local/lib/python3.8/site-packages/airflow/example_dags/example_sla_dag.py took 0.120 seconds
[2026-08-20T15:03:39.197+0000] {processor.py:161} INFO - Started process (PID=3734) to work on /home/airflow/.local/lib/python3.8/site-packages/airflow/example_dags/example_sla_dag.py
[2026-08-20T15:03:39.199+0000] {processor.py:830} INFO - Processing file /home/airflow/.local/lib/python3.8/site-packages/airflow/example_dags/example_sla_dag.py for tasks to queue
[2026-08-20T15:03:39.202+0000] {logging_mixin.py:188} INFO - [2026-08-20T15:03:39.202+0000] {dagbag.py:540} INFO - Filling up the DagBag from /home/airflow/.local/lib/python3.8/site-packages/airflow/example_dags/example_sla_dag.py
[2026-08-20T15:03:39.212+0000] {processor.py:840} INFO - DAG(s) 'example_sla_dag' retrieved from /home/airflow/.local/lib/python3.8/site-packages/airflow/example_dags/example_sla_dag.py
[2026-08-20T15:03:39.248+0000] {logging_mixin.py:188} INFO - [2026-08-20T15:03:39.247+0000] {dag.py:3047} INFO - Sync 1 DAGs
[2026-08-20T15:03:39.436+0000] {logging_mixin.py:188} INFO - [2026-08-20T15:03:39.436+0000] {dag.py:3834} INFO - Setting next_dagrun for example_sla_dag to 2026-08-20 15:00:00+00:00, run_after=2026-08-20 15:02:00+00:00
[2026-08-20T15:03:39.460+0000] {processor.py:183} INFO - Processing /home/airflow/.local/lib/python3.8/site-packages/airflow/example_dags/example_sla_dag.py took 0.268 seconds
[2026-08-20T15:04:09.936+0000] {processor.py:161} INFO - Started process (PID=3791) to work on /home/airflow/.local/lib/python3.8/site-packages/airflow/example_dags/example_sla_dag.py
[2026-08-20T15:04:09.938+0000] {processor.py:830} INFO - Processing file /home/airflow/.local/lib/python3.8/site-packages/airflow/example_dags/example_sla_dag.py for tasks to queue
[2026-08-20T15:04:09.941+0000] {logging_mixin.py:188} INFO - [2026-08-20T15:04:09.940+0000] {dagbag.py:540} INFO - Filling up the DagBag from /home/airflow/.local/lib/python3.8/site-packages/airflow/example_dags/example_sla_dag.py
[2026-08-20T15:04:09.958+0000] {processor.py:840} INFO - DAG(s) 'example_sla_dag' retrieved from /home/airflow/.local/lib/python3.8/site-packages/airflow/example_dags/example_sla_dag.py
[2026-08-20T15:04:09.987+0000] {logging_mixin.py:188} INFO - [2026-08-20T15:04:09.987+0000] {dag.py:3047} INFO - Sync 1 DAGs
[2026-08-20T15:04:10.178+0000] {logging_mixin.py:188} INFO - [2026-08-20T15:04:10.178+0000] {dag.py:3834} INFO - Setting next_dagrun for example_sla_dag to 2026-08-20 15:02:00+00:00, run_after=2026-08-20 15:04:00+00:00
[2026-08-20T15:04:10.201+0000] {processor.py:183} INFO - Processing /home/airflow/.local/lib/python3.8/site-packages/airflow/example_dags/example_sla_dag.py took 0.270 seconds
[2026-08-20T15:04:40.623+0000] {processor.py:161} INFO - Started process (PID=3846) to work on /home/airflow/.local/lib/python3.8/site-packages/airflow/example_dags/example_sla_dag.py
[2026-08-20T15:04:40.626+0000] {processor.py:830} INFO - Processing file /home/airflow/.local/lib/python3.8/site-packages/airflow/example_dags/example_sla_dag.py for tasks to queue
[2026-08-20T15:04:40.629+0000] {logging_mixin.py:188} INFO - [2026-08-20T15:04:40.629+0000] {dagbag.py:540} INFO - Filling up the DagBag from /home/airflow/.local/lib/python3.8/site-packages/airflow/example_dags/example_sla_dag.py
[2026-08-20T15:04:40.646+0000] {processor.py:840} INFO - DAG(s) 'example_sla_dag' retrieved from /home/airflow/.local/lib/python3.8/site-packages/airflow/example_dags/example_sla_dag.py
[2026-08-20T15:04:40.674+0000] {logging_mixin.py:188} INFO - [2026-08-20T15:04:40.674+0000] {dag.py:3047} INFO - Sync 1 DAGs
[2026-08-20T15:04:40.702+0000] {logging_mixin.py:188} INFO - [2026-08-20T15:04:40.702+0000] {dag.py:3834} INFO - Setting next_dagrun for example_sla_dag to 2026-08-20 15:02:00+00:00, run_after=2026-08-20 15:04:00+00:00
[2026-08-20T15:04:40.724+0000] {processor.py:183} INFO - Processing /home/airflow/.local/lib/python3.8/site-packages/airflow/example_dags/example_sla_dag.py took 0.106 seconds
[2026-08-20T15:05:11.668+0000] {processor.py:161} INFO - Started process (PID=3904) to work on /home/airflow/.local/lib/python3.8/site-packages/airflow/example_dags/example_sla_dag.py
[2026-08-20T15:05:11.671+0000] {processor.py:830} INFO - Processing file /home/airflow/.local/lib/python3.8/site-packages/airflow/example_dags/example_sla_dag.py for tasks to queue
[2026-08-20T15:05:11.676+0000] {logging_mixin.py:188} INFO - [2026-08-20T15:05:11.675+0000] {dagbag.py:540} INFO - Filling up the DagBag from /home/airflow/.local/lib/python3.8/site-packages/airflow/example_dags/example_sla_dag.py
[2026-08-20T15:05:11.698+0000] {processor.py:840} INFO - DAG(s) 'example_sla_dag' retrieved from /home/airflow/.local/lib/python3.8/site-packages/airflow/example_dags/example_sla_dag.py
[2026-08-20T15:05:11.730+0000] {logging_mixin.py:188} INFO - [2026-08-20T15:05:11.730+0000] {dag.py:3047} INFO - Sync 1 DAGs
[2026-08-20T15:05:11.761+0000] {logging_mixin.py:188} INFO - [2026-08-20T15:05:11.761+0000] {dag.py:3834} INFO - Setting next_dagrun for example_sla_dag to 2026-08-20 15:02:00+00:00, run_after=2026-08-20 15:04:00+00:00
[2026-08-20T15:05:11.785+0000] {processor.py:183} INFO - Processing /home/airflow/.local/lib/python3.8/site-packages/airflow/example_dags/example_sla_dag.py took 0.127 seconds
[2026-08-20T15:05:42.077+0000] {processor.py:161} INFO - Started process (PID=3962) to work on /home/airflow/.local/lib/python3.8/site-packages/airflow/example_dags/example_sla_dag.py
[2026-08-20T15:05:42.115+0000] {processor.py:830} INFO - Processing file /home/airflow/.local/lib/python3.8/site-packages/airflow/example_dags/example_sla_dag.py for tasks to queue
[2026-08-20T15:05:42.130+0000] {logging_mixin.py:188} INFO - [2026-08-20T15:05:42.129+0000] {dagbag.py:540} INFO - Filling up the DagBag from /home/airflow/.local/lib/python3.8/site-packages/airflow/example_dags/example_sla_dag.py
[2026-08-20T15:05:42.164+0000] {processor.py:840} INFO - DAG(s) 'example_sla_dag' retrieved from /home/airflow/.local/lib/python3.8/site-packages/airflow/example_dags/example_sla_dag.py
[2026-08-20T15:05:42.198+0000] {logging_mixin.py:188} INFO - [2026-08-20T15:05:42.198+0000] {dag.py:3047} INFO - Sync 1 DAGs
[2026-08-20T15:05:42.250+0000] {logging_mixin.py:188} INFO - [2026-08-20T15:05:42.250+0000] {dag.py:3834} INFO - Setting next_dagrun for example_sla_dag to 2026-08-20 15:02:00+00:00, run_after=2026-08-20 15:04:00+00:00
[2026-08-20T15:05:42.273+0000] {processor.py:183} INFO - Processing /home/airflow/.local/lib/python3.8/site-packages/airflow/example_dags/example_sla_dag.py took 0.201 seconds
[2026-08-20T15:06:12.320+0000] {processor.py:161} INFO - Started process (PID=4019) to work on /home/airflow/.local/lib/python3.8/site-packages/airflow/example_dags/example_sla_dag.py
[2026-08-20T15:06:12.322+0000] {processor.py:830} INFO - Processing file /home/airflow/.local/lib/python3.8/site-packages/airflow/example_dags/example_sla_dag.py for tasks to queue
[2026-08-20T15:06:12.325+0000] {logging_mixin.py:188} INFO - [2026-08-20T15:06:12.325+0000] {dagbag.py:540} INFO - Filling up the DagBag from /home/airflow/.local/lib/python3.8/site-packages/airflow/example_dags/example_sla_dag.py
[2026-08-20T15:06:12.337+0000] {processor.py:840} INFO - DAG(s) 'example_sla_dag' retrieved from /home/airflow/.local/lib/python3.8/site-packages/airflow/example_dags/example_sla_dag.py
[2026-08-20T15:06:12.365+0000] {logging_mixin.py:188} INFO - [2026-08-20T15:06:12.364+0000] {dag.py:3047} INFO - Sync 1 DAGs
[2026-08-20T15:06:12.406+0000] {logging_mixin.py:188} INFO - [2026-08-20T15:06:12.405+0000] {dag.py:3834} INFO - Setting next_dagrun for example_sla_dag to 2026-08-20 15:04:00+00:00, run_after=2026-08-20 15:06:00+00:00
[2026-08-20T15:06:12.432+0000] {processor.py:183} INFO - Processing /home/airflow/.local/lib/python3.8/site-packages/airflow/example_dags/example_sla_dag.py took 0.116 seconds
[2026-08-20T15:06:42.509+0000] {processor.py:161} INFO - Started process (PID=4076) to work on /home/airflow/.local/lib/python3.8/site-packages/airflow/example_dags/example_sla_dag.py
[2026-08-20T15:06:42.511+0000] {processor.py:830} INFO - Processing file /home/airflow/.local/lib/python3.8/site-packages/airflow/example_dags/example_sla_dag.py for tasks to queue
[2026-08-20T15:06:42.513+0000] {logging_mixin.py:188} INFO - [2026-08-20T15:06:42.513+0000] {dagbag.py:540} INFO - Filling up the DagBag from /home/airflow/.local/lib/python3.8/site-packages/airflow/example_dags/example_sla_dag.py
[2026-08-20T15:06:42.524+0000] {processor.py:840} INFO - DAG(s) 'example_sla_dag' retrieved from /home/airflow/.local/lib/python3.8/site-packages/airflow/example_dags/example_sla_dag.py
[2026-08-20T15:06:42.551+0000] {logging_mixin.py:188} INFO - [2026-08-20T15:06:42.550+0000] {dag.py:3047} INFO - Sync 1 DAGs
[2026-08-20T15:06:42.579+0000] {logging_mixin.py:188} INFO - [2026-08-20T15:06:42.579+0000] {dag.py:3834} INFO - Setting next_dagrun for example_sla_dag to 2026-08-20 15:04:00+00:00, run_after=2026-08-20 15:06:00+00:00
[2026-08-20T15:06:42.604+0000] {processor.py:183} INFO - Processing /home/airflow/.local/lib/python3.8/site-packages/airflow/example_dags/example_sla_dag.py took 0.099 seconds
[2026-08-20T15:07:12.679+0000] {processor.py:161} INFO - Started process (PID=4133) to work on /home/airflow/.local/lib/python3.8/site-packages/airflow/example_dags/example_sla_dag.py
[2026-08-20T15:07:12.681+0000] {processor.py:830} INFO - Processing file /home/airflow/.local/lib/python3.8/site-packages/airflow/example_dags/example_sla_dag.py for tasks to queue
[2026-08-20T15:07:12.684+0000] {logging_mixin.py:188} INFO - [2026-08-20T15:07:12.683+0000] {dagbag.py:540} INFO - Filling up the DagBag from /home/airflow/.local/lib/python3.8/site-packages/airflow/example_dags/example_sla_dag.py
[2026-08-20T15:07:12.695+0000] {processor.py:840} INFO - DAG(s) 'example_sla_dag' retrieved from /home/airflow/.local/lib/python3.8/site-packages/airflow/example_dags/example_sla_dag.py
[2026-08-20T15:07:12.727+0000] {logging_mixin.py:188} INFO - [2026-08-20T15:07:12.727+0000] {dag.py:3047} INFO - Sync 1 DAGs
[2026-08-20T15:07:12.767+0000] {logging_mixin.py:188} INFO - [2026-08-20T15:07:12.767+0000] {dag.py:3834} INFO - Setting next_dagrun for example_sla_dag to 2026-08-20 15:04:00+00:00, run_after=2026-08-20 15:06:00+00:00
[2026-08-20T15:07:12.790+0000] {processor.py:183} INFO - Processing /home/airflow/.local/lib/python3.8/site-packages/airflow/example_dags/example_sla_dag.py took 0.115 seconds
[2026-08-20T15:07:42.847+0000] {processor.py:161} INFO - Started process (PID=4190) to work on /home/airflow/.local/lib/python3.8/site-packages/airflow/example_dags/example_sla_dag.py
[2026-08-20T15:07:42.850+0000] {processor.py:830} INFO - Processing file /home/airflow/.local/lib/python3.8/site-packages/airflow/example_dags/example_sla_dag.py for tasks to queue
[2026-08-20T15:07:42.853+0000] {logging_mixin.py:188} INFO - [2026-08-20T15:07:42.853+0000] {dagbag.py:540} INFO - Filling up the DagBag from /home/airflow/.local/lib/python3.8/site-packages/airflow/example_dags/example_sla_dag.py
[2026-08-20T15:07:42.869+0000] {processor.py:840} INFO - DAG(s) 'example_sla_dag' retrieved from /home/airflow/.local/lib/python3.8/site-packages/airflow/example_dags/example_sla_dag.py
[2026-08-20T15:07:42.899+0000] {logging_mixin.py:188} INFO - [2026-08-20T15:07:42.899+0000] {dag.py:3047} INFO - Sync 1 DAGs
[2026-08-20T15:07:42.935+0000] {logging_mixin.py:188} INFO - [2026-08-20T15:07:42.935+0000] {dag.py:3834} INFO - Setting next_dagrun for example_sla_dag to 2026-08-20 15:04:00+00:00, run_after=2026-08-20 15:06:00+00:00
[2026-08-20T15:07:42.959+0000] {processor.py:183} INFO - Processing /home/airflow/.local/lib/python3.8/site-packages/airflow/example_dags/example_sla_dag.py took 0.120 seconds
[2026-08-20T15:08:13.050+0000] {processor.py:161} INFO - Started process (PID=4247) to work on /home/airflow/.local/lib/python3.8/site-packages/airflow/example_dags/example_sla_dag.py
[2026-08-20T15:08:13.052+0000] {processor.py:830} INFO - Processing file /home/airflow/.local/lib/python3.8/site-packages/airflow/example_dags/example_sla_dag.py for tasks to queue
[2026-08-20T15:08:13.054+0000] {logging_mixin.py:188} INFO - [2026-08-20T15:08:13.054+0000] {dagbag.py:540} INFO - Filling up the DagBag from /home/airflow/.local/lib/python3.8/site-packages/airflow/example_dags/example_sla_dag.py
[2026-08-20T15:08:13.064+0000] {processor.py:840} INFO - DAG(s) 'example_sla_dag' retrieved from /home/airflow/.local/lib/python3.8/site-packages/airflow/example_dags/example_sla_dag.py
[2026-08-20T15:08:13.089+0000] {logging_mixin.py:188} INFO - [2026-08-20T15:08:13.089+0000] {dag.py:3047} INFO - Sync 1 DAGs
[2026-08-20T15:08:13.120+0000] {logging_mixin.py:188} INFO - [2026-08-20T15:08:13.119+0000] {dag.py:3834} INFO - Setting next_dagrun for example_sla_dag to 2026-08-20 15:06:00+00:00, run_after=2026-08-20 15:08:00+00:00
[2026-08-20T15:08:13.142+0000] {processor.py:183} INFO - Processing /home/airflow/.local/lib/python3.8/site-packages/airflow/example_dags/example_sla_dag.py took 0.096 seconds
[2026-08-20T15:08:43.560+0000] {processor.py:161} INFO - Started process (PID=4304) to work on /home/airflow/.local/lib/python3.8/site-packages/airflow/example_dags/example_sla_dag.py
[2026-08-20T15:08:43.563+0000] {processor.py:830} INFO - Processing file /home/airflow/.local/lib/python3.8/site-packages/airflow/example_dags/example_sla_dag.py for tasks to queue
[2026-08-20T15:08:43.566+0000] {logging_mixin.py:188} INFO - [2026-08-20T15:08:43.565+0000] {dagbag.py:540} INFO - Filling up the DagBag from /home/airflow/.local/lib/python3.8/site-packages/airflow/example_dags/example_sla_dag.py
[2026-08-20T15:08:43.577+0000] {processor.py:840} INFO - DAG(s) 'example_sla_dag' retrieved from /home/airflow/.local/lib/python3.8/site-packages/airflow/example_dags/example_sla_dag.py
[2026-08-20T15:08:43.600+0000] {logging_mixin.py:188} INFO - [2026-08-20T15:08:43.600+0000] {dag.py:3047} INFO - Sync 1 DAGs
[2026-08-20T15:08:43.630+0000] {logging_mixin.py:188} INFO - [2026-08-20T15:08:43.630+0000] {dag.py:3834} INFO - Setting next_dagrun for example_sla_dag to 2026-08-20 15:06:00+00:00, run_after=2026-08-20 15:08:00+00:00
[2026-08-20T15:08:43.651+0000] {processor.py:183} INFO - Processing /home/airflow/.local/lib/python3.8/site-packages/airflow/example_dags/example_sla_dag.py took 0.095 seconds
[2026-08-20T15:09:13.741+0000] {processor.py:161} INFO - Started process (PID=4361) to work on /home/airflow/.local/lib/python3.8/site-packages/airflow/example_dags/example_sla_dag.py
[2026-08-20T15:09:13.742+0000] {processor.py:830} INFO - Processing file /home/airflow/.local/lib/python3.8/site-packages/airflow/example_dags/example_sla_dag.py for tasks to queue
[2026-08-20T15:09:13.745+0000] {logging_mixin.py:188} INFO - [2026-08-20T15:09:13.745+0000] {dagbag.py:540} INFO - Filling up the DagBag from /home/airflow/.local/lib/python3.8/site-packages/airflow/example_dags/example_sla_dag.py
[2026-08-20T15:09:13.754+0000] {processor.py:840} INFO - DAG(s) 'example_sla_dag' retrieved from /home/airflow/.local/lib/python3.8/site-packages/airflow/example_dags/example_sla_dag.py
[2026-08-20T15:09:13.778+0000] {logging_mixin.py:188} INFO - [2026-08-20T15:09:13.778+0000] {dag.py:3047} INFO - Sync 1 DAGs
[2026-08-20T15:09:13.803+0000] {logging_mixin.py:188} INFO - [2026-08-20T15:09:13.803+0000] {dag.py:3834} INFO - Setting next_dagrun for example_sla_dag to 2026-08-20 15:06:00+00:00, run_after=2026-08-20 15:08:00+00:00
[2026-08-20T15:09:13.823+0000] {processor.py:183} INFO - Processing /home/airflow/.local/lib/python3.8/site-packages/airflow/example_dags/example_sla_dag.py took 0.086 seconds
[2026-08-20T15:09:44.467+0000] {processor.py:161} INFO - Started process (PID=4418) to work on /home/airflow/.local/lib/python3.8/site-packages/airflow/example_dags/example_sla_dag.py
[2026-08-20T15:09:44.470+0000] {processor.py:830} INFO - Processing file /home/airflow/.local/lib/python3.8/site-packages/airflow/example_dags/example_sla_dag.py for tasks to queue
[2026-08-20T15:09:44.475+0000] {logging_mixin.py:188} INFO - [2026-08-20T15:09:44.474+0000] {dagbag.py:540} INFO - Filling up the DagBag from /home/airflow/.local/lib/python3.8/site-packages/airflow/example_dags/example_sla_dag.py
[2026-08-20T15:09:44.490+0000] {processor.py:840} INFO - DAG(s) 'example_sla_dag' retrieved from /home/airflow/.local/lib/python3.8/site-packages/airflow/example_dags/example_sla_dag.py
[2026-08-20T15:09:44.522+0000] {logging_mixin.py:188} INFO - [2026-08-20T15:09:44.522+0000] {dag.py:3047} INFO - Sync 1 DAGs
[2026-08-20T15:09:44.562+0000] {logging_mixin.py:188} INFO - [2026-08-20T15:09:44.562+0000] {dag.py:3834} INFO - Setting next_dagrun for example_sla_dag to 2026-08-20 15:06:00+00:00, run_after=2026-08-20 15:08:00+00:00
[2026-08-20T15:09:44.588+0000] {processor.py:183} INFO - Processing /home/airflow/.local/lib/python3.8/site-packages/airflow/example_dags/example_sla_dag.py took 0.128 seconds
[2026-08-20T15:10:15.336+0000] {processor.py:161} INFO - Started process (PID=4475) to work on /home/airflow/.local/lib/python3.8/site-packages/airflow/example_dags/example_sla_dag.py
[2026-08-20T15:10:15.338+0000] {processor.py:830} INFO - Processing file /home/airflow/.local/lib/python3.8/site-packages/airflow/example_dags/example_sla_dag.py for tasks to queue
[2026-08-20T15:10:15.342+0000] {logging_mixin.py:188} INFO - [2026-08-20T15:10:15.341+0000] {dagbag.py:540} INFO - Filling up the DagBag from /home/airflow/.local/lib/python3.8/site-packages/airflow/example_dags/example_sla_dag.py
[2026-08-20T15:10:15.356+0000] {processor.py:840} INFO - DAG(s) 'example_sla_dag' retrieved from /home/airflow/.local/lib/python3.8/site-packages/airflow/example_dags/example_sla_dag.py
[2026-08-20T15:10:15.384+0000] {logging_mixin.py:188} INFO - [2026-08-20T15:10:15.384+0000] {dag.py:3047} INFO - Sync 1 DAGs
[2026-08-20T15:10:15.418+0000] {logging_mixin.py:188} INFO - [2026-08-20T15:10:15.417+0000] {dag.py:3834} INFO - Setting next_dagrun for example_sla_dag to 2026-08-20 15:08:00+00:00, run_after=2026-08-20 15:10:00+00:00
[2026-08-20T15:10:15.443+0000] {processor.py:183} INFO - Processing /home/airflow/.local/lib/python3.8/site-packages/airflow/example_dags/example_sla_dag.py took 0.114 seconds
[2026-08-20T15:10:46.776+0000] {processor.py:161} INFO - Started process (PID=4532) to work on /home/airflow/.local/lib/python3.8/site-packages/airflow/example_dags/example_sla_dag.py
[2026-08-20T15:10:46.778+0000] {processor.py:830} INFO - Processing file /home/airflow/.local/lib/python3.8/site-packages/airflow/example_dags/example_sla_dag.py for tasks to queue
[2026-08-20T15:10:46.782+0000] {logging_mixin.py:188} INFO - [2026-08-20T15:10:46.781+0000] {dagbag.py:540} INFO - Filling up the DagBag from /home/airflow/.local/lib/python3.8/site-packages/airflow/example_dags/example_sla_dag.py
[2026-08-20T15:10:46.795+0000] {processor.py:840} INFO - DAG(s) 'example_sla_dag' retrieved from /home/airflow/.local/lib/python3.8/site-packages/airflow/example_dags/example_sla_dag.py
[2026-08-20T15:10:46.824+0000] {logging_mixin.py:188} INFO - [2026-08-20T15:10:46.824+0000] {dag.py:3047} INFO - Sync 1 DAGs
[2026-08-20T15:10:46.862+0000] {logging_mixin.py:188} INFO - [2026-08-20T15:10:46.861+0000] {dag.py:3834} INFO - Setting next_dagrun for example_sla_dag to 2026-08-20 15:08:00+00:00, run_after=2026-08-20 15:10:00+00:00
[2026-08-20T15:10:46.890+0000] {processor.py:183} INFO - Processing /home/airflow/.local/lib/python3.8/site-packages/airflow/example_dags/example_sla_dag.py took 0.120 seconds
[2026-08-20T15:11:17.685+0000] {processor.py:161} INFO - Started process (PID=4589) to work on /home/airflow/.local/lib/python3.8/site-packages/airflow/example_dags/example_sla_dag.py
[2026-08-20T15:11:17.686+0000] {processor.py:830} INFO - Processing file /home/airflow/.local/lib/python3.8/site-packages/airflow/example_dags/example_sla_dag.py for tasks to queue
[2026-08-20T15:11:17.688+0000] {logging_mixin.py:188} INFO - [2026-08-20T15:11:17.688+0000] {dagbag.py:540} INFO - Filling up the DagBag from /home/airflow/.local/lib/python3.8/site-packages/airflow/example_dags/example_sla_dag.py
[2026-08-20T15:11:17.698+0000] {processor.py:840} INFO - DAG(s) 'example_sla_dag' retrieved from /home/airflow/.local/lib/python3.8/site-packages/airflow/example_dags/example_sla_dag.py
[2026-08-20T15:11:17.721+0000] {logging_mixin.py:188} INFO - [2026-08-20T15:11:17.721+0000] {dag.py:3047} INFO - Sync 1 DAGs
[2026-08-20T15:11:17.752+0000] {logging_mixin.py:188} INFO - [2026-08-20T15:11:17.752+0000] {dag.py:3834} INFO - Setting next_dagrun for example_sla_dag to 2026-08-20 15:08:00+00:00, run_after=2026-08-20 15:10:00+00:00
[2026-08-20T15:11:17.773+0000] {processor.py:183} INFO - Processing /home/airflow/.local/lib/python3.8/site-packages/airflow/example_dags/example_sla_dag.py took 0.092 seconds
[2026-08-20T15:11:48.053+0000] {processor.py:161} INFO - Started process (PID=4646) to work on /home/airflow/.local/lib/python3.8/site-packages/airflow/example_dags/example_sla_dag.py
[2026-08-20T15:11:48.055+0000] {processor.py:830} INFO - Processing file /home/airflow/.local/lib/python3.8/site-packages/airflow/example_dags/example_sla_dag.py for tasks to queue
[2026-08-20T15:11:48.059+0000] {logging_mixin.py:188} INFO - [2026-08-20T15:11:48.058+0000] {dagbag.py:540} INFO - Filling up the DagBag from /home/airflow/.local/lib/python3.8/site-packages/airflow/example_dags/example_sla_dag.py
[2026-08-20T15:11:48.071+0000] {processor.py:840} INFO - DAG(s) 'example_sla_dag' retrieved from /home/airflow/.local/lib/python3.8/site-packages/airflow/example_dags/example_sla_dag.py
[2026-08-20T15:11:48.096+0000] {logging_mixin.py:188} INFO - [2026-08-20T15:11:48.096+0000] {dag.py:3047} INFO - Sync 1 DAGs
[2026-08-20T15:11:48.123+0000] {logging_mixin.py:188} INFO - [2026-08-20T15:11:48.123+0000] {dag.py:3834} INFO - Setting next_dagrun for example_sla_dag to 2026-08-20 15:08:00+00:00, run_after=2026-08-20 15:10:00+00:00
[2026-08-20T15:11:48.145+0000] {processor.py:183} INFO - Processing /home/airflow/.local/lib/python3.8/site-packages/airflow/example_dags/example_sla_dag.py took 0.097 seconds
[2026-08-20T15:12:18.282+0000] {processor.py:161} INFO - Started process (PID=4703) to work on /home/airflow/.local/lib/python3.8/site-packages/airflow/example_dags/example_sla_dag.py
[2026-08-20T15:12:18.285+0000] {processor.py:830} INFO - Processing file /home/airflow/.local/lib/python3.8/site-packages/airflow/example_dags/example_sla_dag.py for tasks to queue
[2026-08-20T15:12:18.288+0000] {logging_mixin.py:188} INFO - [2026-08-20T15:12:18.288+0000] {dagbag.py:540} INFO - Filling up the DagBag from /home/airflow/.local/lib/python3.8/site-packages/airflow/example_dags/example_sla_dag.py
[2026-08-20T15:12:18.301+0000] {processor.py:840} INFO - DAG(s) 'example_sla_dag' retrieved from /home/airflow/.local/lib/python3.8/site-packages/airflow/example_dags/example_sla_dag.py
[2026-08-20T15:12:18.328+0000] {logging_mixin.py:188} INFO - [2026-08-20T15:12:18.327+0000] {dag.py:3047} INFO - Sync 1 DAGs
[2026-08-20T15:12:18.359+0000] {logging_mixin.py:188} INFO - [2026-08-20T15:12:18.359+0000] {dag.py:3834} INFO - Setting next_dagrun for example_sla_dag to 2026-08-20 15:10:00+00:00, run_after=2026-08-20 15:12:00+00:00
[2026-08-20T15:12:18.384+0000] {processor.py:183} INFO - Processing /home/airflow/.local/lib/python3.8/site-packages/airflow/example_dags/example_sla_dag.py took 0.106 seconds
[2026-08-20T15:12:49.309+0000] {processor.py:161} INFO - Started process (PID=4760) to work on /home/airflow/.local/lib/python3.8/site-packages/airflow/example_dags/example_sla_dag.py
[2026-08-20T15:12:49.311+0000] {processor.py:830} INFO - Processing file /home/airflow/.local/lib/python3.8/site-packages/airflow/example_dags/example_sla_dag.py for tasks to queue
[2026-08-20T15:12:49.314+0000] {logging_mixin.py:188} INFO - [2026-08-20T15:12:49.313+0000] {dagbag.py:540} INFO - Filling up the DagBag from /home/airflow/.local/lib/python3.8/site-packages/airflow/example_dags/example_sla_dag.py
[2026-08-20T15:12:49.324+0000] {processor.py:840} INFO - DAG(s) 'example_sla_dag' retrieved from /home/airflow/.local/lib/python3.8/site-packages/airflow/example_dags/example_sla_dag.py
[2026-08-20T15:12:49.348+0000] {logging_mixin.py:188} INFO - [2026-08-20T15:12:49.348+0000] {dag.py:3047} INFO - Sync 1 DAGs
[2026-08-20T15:12:49.376+0000] {logging_mixin.py:188} INFO - [2026-08-20T15:12:49.376+0000] {dag.py:3834} INFO - Setting next_dagrun for example_sla_dag to 2026-08-20 15:10:00+00:00, run_after=2026-08-20 15:12:00+00:00
[2026-08-20T15:12:49.399+0000] {processor.py:183} INFO - Processing /home/airflow/.local/lib/python3.8/site-packages/airflow/example_dags/example_sla_dag.py took 0.095 seconds
[2026-08-20T15:13:20.019+0000] {processor.py:161} INFO - Started process (PID=4818) to work on /home/airflow/.local/lib/python3.8/site-packages/airflow/example_dags/example_sla_dag.py
[2026-08-20T15:13:20.021+0000] {processor.py:830} INFO - Processing file /home/airflow/.local/lib/python3.8/site-packages/airflow/example_dags/example_sla_dag.py for tasks to queue
[2026-08-20T15:13:20.024+0000] {logging_mixin.py:188} INFO - [2026-08-20T15:13:20.023+0000] {dagbag.py:540} INFO - Filling up the DagBag from /home/airflow/.local/lib/python3.8/site-packages/airflow/example_dags/example_sla_dag.py
[2026-08-20T15:13:20.035+0000] {processor.py:840} INFO - DAG(s) 'example_sla_dag' retrieved from /home/airflow/.local/lib/python3.8/site-packages/airflow/example_dags/example_sla_dag.py
[2026-08-20T15:13:20.058+0000] {logging_mixin.py:188} INFO - [2026-08-20T15:13:20.058+0000] {dag.py:3047} INFO - Sync 1 DAGs
[2026-08-20T15:13:20.088+0000] {logging_mixin.py:188} INFO - [2026-08-20T15:13:20.088+0000] {dag.py:3834} INFO - Setting next_dagrun for example_sla_dag to 2026-08-20 15:10:00+00:00, run_after=2026-08-20 15:12:00+00:00
[2026-08-20T15:13:20.111+0000] {processor.py:183} INFO - Processing /home/airflow/.local/lib/python3.8/site-packages/airflow/example_dags/example_sla_dag.py took 0.096 seconds
[2026-08-20T15:13:50.502+0000] {processor.py:161} INFO - Started process (PID=4875) to work on /home/airflow/.local/lib/python3.8/site-packages/airflow/example_dags/example_sla_dag.py
[2026-08-20T15:13:50.505+0000] {processor.py:830} INFO - Processing file /home/airflow/.local/lib/python3.8/site-packages/airflow/example_dags/example_sla_dag.py for tasks to queue
[2026-08-20T15:13:50.508+0000] {logging_mixin.py:188} INFO - [2026-08-20T15:13:50.508+0000] {dagbag.py:540} INFO - Filling up the DagBag from /home/airflow/.local/lib/python3.8/site-packages/airflow/example_dags/example_sla_dag.py
[2026-08-20T15:13:50.521+0000] {processor.py:840} INFO - DAG(s) 'example_sla_dag' retrieved from /home/airflow/.local/lib/python3.8/site-packages/airflow/example_dags/example_sla_dag.py
[2026-08-20T15:13:50.551+0000] {logging_mixin.py:188} INFO - [2026-08-20T15:13:50.551+0000] {dag.py:3047} INFO - Sync 1 DAGs
[2026-08-20T15:13:50.583+0000] {logging_mixin.py:188} INFO - [2026-08-20T15:13:50.582+0000] {dag.py:3834} INFO - Setting next_dagrun for example_sla_dag to 2026-08-20 15:10:00+00:00, run_after=2026-08-20 15:12:00+00:00
[2026-08-20T15:13:50.605+0000] {processor.py:183} INFO - Processing /home/airflow/.local/lib/python3.8/site-packages/airflow/example_dags/example_sla_dag.py took 0.110 seconds
[2026-08-20T15:14:20.764+0000] {processor.py:161} INFO - Started process (PID=4932) to work on /home/airflow/.local/lib/python3.8/site-packages/airflow/example_dags/example_sla_dag.py
[2026-08-20T15:14:20.766+0000] {processor.py:830} INFO - Processing file /home/airflow/.local/lib/python3.8/site-packages/airflow/example_dags/example_sla_dag.py for tasks to queue
[2026-08-20T15:14:20.768+0000] {logging_mixin.py:188} INFO - [2026-08-20T15:14:20.768+0000] {dagbag.py:540} INFO - Filling up the DagBag from /home/airflow/.local/lib/python3.8/site-packages/airflow/example_dags/example_sla_dag.py
[2026-08-20T15:14:20.779+0000] {processor.py:840} INFO - DAG(s) 'example_sla_dag' retrieved from /home/airflow/.local/lib/python3.8/site-packages/airflow/example_dags/example_sla_dag.py
[2026-08-20T15:14:20.801+0000] {logging_mixin.py:188} INFO - [2026-08-20T15:14:20.801+0000] {dag.py:3047} INFO - Sync 1 DAGs
[2026-08-20T15:14:20.831+0000] {logging_mixin.py:188} INFO - [2026-08-20T15:14:20.830+0000] {dag.py:3834} INFO - Setting next_dagrun for example_sla_dag to 2026-08-20 15:12:00+00:00, run_after=2026-08-20 15:14:00+00:00
[2026-08-20T15:14:20.854+0000] {processor.py:183} INFO - Processing /home/airflow/.local/lib/python3.8/site-packages/airflow/example_dags/example_sla_dag.py took 0.095 seconds
[2026-08-20T15:14:51.656+0000] {processor.py:161} INFO - Started process (PID=4989) to work on /home/airflow/.local/lib/python3.8/site-packages/airflow/example_dags/example_sla_dag.py
[2026-08-20T15:14:51.659+0000] {processor.py:830} INFO - Processing file /home/airflow/.local/lib/python3.8/site-packages/airflow/example_dags/example_sla_dag.py for tasks to queue
[2026-08-20T15:14:51.662+0000] {logging_mixin.py:188} INFO - [2026-08-20T15:14:51.661+0000] {dagbag.py:540} INFO - Filling up the DagBag from /home/airflow/.local/lib/python3.8/site-packages/airflow/example_dags/example_sla_dag.py
[2026-08-20T15:14:51.676+0000] {processor.py:840} INFO - DAG(s) 'example_sla_dag' retrieved from /home/airflow/.local/lib/python3.8/site-packages/airflow/example_dags/example_sla_dag.py
[2026-08-20T15:14:51.703+0000] {logging_mixin.py:188} INFO - [2026-08-20T15:14:51.703+0000] {dag.py:3047} INFO - Sync 1 DAGs
[2026-08-20T15:14:51.732+0000] {logging_mixin.py:188} INFO - [2026-08-20T15:14:51.732+0000] {dag.py:3834} INFO - Setting next_dagrun for example_sla_dag to 2026-08-20 15:12:00+00:00, run_after=2026-08-20 15:14:00+00:00
[2026-08-20T15:14:51.760+0000] {processor.py:183} INFO - Processing /home/airflow/.local/lib/python3.8/site-packages/airflow/example_dags/example_sla_dag.py took 0.111 seconds
[2026-08-20T15:15:21.984+0000] {processor.py:161} INFO - Started process (PID=5046) to work on /home/airflow/.local/lib/python3.8/site-packages/airflow/example_dags/example_sla_dag.py
[2026-08-20T15:15:21.986+0000] {processor.py:830} INFO - Processing file /home/airflow/.local/lib/python3.8/site-packages/airflow/example_dags/example_sla_dag.py for tasks to queue
[2026-08-20T15:15:21.990+0000] {logging_mixin.py:188} INFO - [2026-08-20T15:15:21.989+0000] {dagbag.py:540} INFO - Filling up the DagBag from /home/airflow/.local/lib/python3.8/site-packages/airflow/example_dags/example_sla_dag.py
[2026-08-20T15:15:22.000+0000] {processor.py:840} INFO - DAG(s) 'example_sla_dag' retrieved from /home/airflow/.local/lib/python3.8/site-packages/airflow/example_dags/example_sla_dag.py
[2026-08-20T15:15:22.024+0000] {logging_mixin.py:188} INFO - [2026-08-20T15:15:22.024+0000] {dag.py:3047} INFO - Sync 1 DAGs
[2026-08-20T15:15:22.051+0000] {logging_mixin.py:188} INFO - [2026-08-20T15:15:22.051+0000] {dag.py:3834} INFO - Setting next_dagrun for example_sla_dag to 2026-08-20 15:12:00+00:00, run_after=2026-08-20 15:14:00+00:00
[2026-08-20T15:15:22.073+0000] {processor.py:183} INFO - Processing /home/airflow/.local/lib/python3.8/site-packages/airflow/example_dags/example_sla_dag.py took 0.093 seconds
[2026-08-20T15:15:52.692+0000] {processor.py:161} INFO - Started process (PID=5103) to work on /home/airflow/.local/lib/python3.8/site-packages/airflow/example_dags/example_sla_dag.py
[2026-08-20T15:15:52.694+0000] {processor.py:830} INFO - Processing file /home/airflow/.local/lib/python3.8/site-packages/airflow/example_dags/example_sla_dag.py for tasks to queue
[2026-08-20T15:15:52.696+0000] {logging_mixin.py:188} INFO - [2026-08-20T15:15:52.696+0000] {dagbag.py:540} INFO - Filling up the DagBag from /home/airflow/.local/lib/python3.8/site-packages/airflow/example_dags/example_sla_dag.py
[2026-08-20T15:15:52.708+0000] {processor.py:840} INFO - DAG(s) 'example_sla_dag' retrieved from /home/airflow/.local/lib/python3.8/site-packages/airflow/example_dags/example_sla_dag.py
[2026-08-20T15:15:52.733+0000] {logging_mixin.py:188} INFO - [2026-08-20T15:15:52.732+0000] {dag.py:3047} INFO - Sync 1 DAGs
[2026-08-20T15:15:52.761+0000] {logging_mixin.py:188} INFO - [2026-08-20T15:15:52.761+0000] {dag.py:3834} INFO - Setting next_dagrun for example_sla_dag to 2026-08-20 15:12:00+00:00, run_after=2026-08-20 15:14:00+00:00
[2026-08-20T15:15:52.783+0000] {processor.py:183} INFO - Processing /home/airflow/.local/lib/python3.8/site-packages/airflow/example_dags/example_sla_dag.py took 0.094 seconds
[2026-08-20T15:16:23.525+0000] {processor.py:161} INFO - Started process (PID=5160) to work on /home/airflow/.local/lib/python3.8/site-packages/airflow/example_dags/example_sla_dag.py
[2026-08-20T15:16:23.527+0000] {processor.py:830} INFO - Processing file /home/airflow/.local/lib/python3.8/site-packages/airflow/example_dags/example_sla_dag.py for tasks to queue
[2026-08-20T15:16:23.530+0000] {logging_mixin.py:188} INFO - [2026-08-20T15:16:23.530+0000] {dagbag.py:540} INFO - Filling up the DagBag from /home/airflow/.local/lib/python3.8/site-packages/airflow/example_dags/example_sla_dag.py
[2026-08-20T15:16:23.543+0000] {processor.py:840} INFO - DAG(s) 'example_sla_dag' retrieved from /home/airflow/.local/lib/python3.8/site-packages/airflow/example_dags/example_sla_dag.py
[2026-08-20T15:16:23.567+0000] {logging_mixin.py:188} INFO - [2026-08-20T15:16:23.566+0000] {dag.py:3047} INFO - Sync 1 DAGs
[2026-08-20T15:16:23.595+0000] {logging_mixin.py:188} INFO - [2026-08-20T15:16:23.595+0000] {dag.py:3834} INFO - Setting next_dagrun for example_sla_dag to 2026-08-20 15:14:00+00:00, run_after=2026-08-20 15:16:00+00:00
[2026-08-20T15:16:23.617+0000] {processor.py:183} INFO - Processing /home/airflow/.local/lib/python3.8/site-packages/airflow/example_dags/example_sla_dag.py took 0.096 seconds
[2026-08-20T15:16:53.932+0000] {processor.py:161} INFO - Started process (PID=5217) to work on /home/airflow/.local/lib/python3.8/site-packages/airflow/example_dags/example_sla_dag.py
[2026-08-20T15:16:53.934+0000] {processor.py:830} INFO - Processing file /home/airflow/.local/lib/python3.8/site-packages/airflow/example_dags/example_sla_dag.py for tasks to queue
[2026-08-20T15:16:53.937+0000] {logging_mixin.py:188} INFO - [2026-08-20T15:16:53.937+0000] {dagbag.py:540} INFO - Filling up the DagBag from /home/airflow/.local/lib/python3.8/site-packages/airflow/example_dags/example_sla_dag.py
[2026-08-20T15:16:53.954+0000] {processor.py:840} INFO - DAG(s) 'example_sla_dag' retrieved from /home/airflow/.local/lib/python3.8/site-packages/airflow/example_dags/example_sla_dag.py
[2026-08-20T15:16:53.986+0000] {logging_mixin.py:188} INFO - [2026-08-20T15:16:53.985+0000] {dag.py:3047} INFO - Sync 1 DAGs
[2026-08-20T15:16:54.022+0000] {logging_mixin.py:188} INFO - [2026-08-20T15:16:54.022+0000] {dag.py:3834} INFO - Setting next_dagrun for example_sla_dag to 2026-08-20 15:14:00+00:00, run_after=2026-08-20 15:16:00+00:00
[2026-08-20T15:16:54.056+0000] {processor.py:183} INFO - Processing /home/airflow/.local/lib/python3.8/site-packages/airflow/example_dags/example_sla_dag.py took 0.131 seconds
[2026-08-20T15:17:24.307+0000] {processor.py:161} INFO - Started process (PID=5274) to work on /home/airflow/.local/lib/python3.8/site-packages/airflow/example_dags/example_sla_dag.py
[2026-08-20T15:17:24.309+0000] {processor.py:830} INFO - Processing file /home/airflow/.local/lib/python3.8/site-packages/airflow/example_dags/example_sla_dag.py for tasks to queue
[2026-08-20T15:17:24.313+0000] {logging_mixin.py:188} INFO - [2026-08-20T15:17:24.312+0000] {dagbag.py:540} INFO - Filling up the DagBag from /home/airflow/.local/lib/python3.8/site-packages/airflow/example_dags/example_sla_dag.py
[2026-08-20T15:17:24.323+0000] {processor.py:840} INFO - DAG(s) 'example_sla_dag' retrieved from /home/airflow/.local/lib/python3.8/site-packages/airflow/example_dags/example_sla_dag.py
[2026-08-20T15:17:24.349+0000] {logging_mixin.py:188} INFO - [2026-08-20T15:17:24.348+0000] {dag.py:3047} INFO - Sync 1 DAGs
[2026-08-20T15:17:24.378+0000] {logging_mixin.py:188} INFO - [2026-08-20T15:17:24.378+0000] {dag.py:3834} INFO - Setting next_dagrun for example_sla_dag to 2026-08-20 15:14:00+00:00, run_after=2026-08-20 15:16:00+00:00
[2026-08-20T15:17:24.400+0000] {processor.py:183} INFO - Processing /home/airflow/.local/lib/python3.8/site-packages/airflow/example_dags/example_sla_dag.py took 0.097 seconds
[2026-08-20T15:17:54.632+0000] {processor.py:161} INFO - Started process (PID=5331) to work on /home/airflow/.local/lib/python3.8/site-packages/airflow/example_dags/example_sla_dag.py
[2026-08-20T15:17:54.634+0000] {processor.py:830} INFO - Processing file /home/airflow/.local/lib/python3.8/site-packages/airflow/example_dags/example_sla_dag.py for tasks to queue
[2026-08-20T15:17:54.637+0000] {logging_mixin.py:188} INFO - [2026-08-20T15:17:54.637+0000] {dagbag.py:540} INFO - Filling up the DagBag from /home/airflow/.local/lib/python3.8/site-packages/airflow/example_dags/example_sla_dag.py
[2026-08-20T15:17:54.649+0000] {processor.py:840} INFO - DAG(s) 'example_sla_dag' retrieved from /home/airflow/.local/lib/python3.8/site-packages/airflow/example_dags/example_sla_dag.py
[2026-08-20T15:17:54.680+0000] {logging_mixin.py:188} INFO - [2026-08-20T15:17:54.680+0000] {dag.py:3047} INFO - Sync 1 DAGs
[2026-08-20T15:17:54.715+0000] {logging_mixin.py:188} INFO - [2026-08-20T15:17:54.714+0000] {dag.py:3834} INFO - Setting next_dagrun for example_sla_dag to 2026-08-20 15:14:00+00:00, run_after=2026-08-20 15:16:00+00:00
[2026-08-20T15:17:54.736+0000] {processor.py:183} INFO - Processing /home/airflow/.local/lib/python3.8/site-packages/airflow/example_dags/example_sla_dag.py took 0.110 seconds
[2026-08-20T15:18:25.516+0000] {processor.py:161} INFO - Started process (PID=5388) to work on /home/airflow/.local/lib/python3.8/site-packages/airflow/example_dags/example_sla_dag.py
[2026-08-20T15:18:25.517+0000] {processor.py:830} INFO - Processing file /home/airflow/.local/lib/python3.8/site-packages/airflow/example_dags/example_sla_dag.py for tasks to queue
[2026-08-20T15:18:25.520+0000] {logging_mixin.py:188} INFO - [2026-08-20T15:18:25.519+0000] {dagbag.py:540} INFO - Filling up the DagBag from /home/airflow/.local/lib/python3.8/site-packages/airflow/example_dags/example_sla_dag.py
[2026-08-20T15:18:25.531+0000] {processor.py:840} INFO - DAG(s) 'example_sla_dag' retrieved from /home/airflow/.local/lib/python3.8/site-packages/airflow/example_dags/example_sla_dag.py
[2026-08-20T15:18:25.553+0000] {logging_mixin.py:188} INFO - [2026-08-20T15:18:25.553+0000] {dag.py:3047} INFO - Sync 1 DAGs
[2026-08-20T15:18:25.581+0000] {logging_mixin.py:188} INFO - [2026-08-20T15:18:25.581+0000] {dag.py:3834} INFO - Setting next_dagrun for example_sla_dag to 2026-08-20 15:16:00+00:00, run_after=2026-08-20 15:18:00+00:00
[2026-08-20T15:18:25.603+0000] {processor.py:183} INFO - Processing /home/airflow/.local/lib/python3.8/site-packages/airflow/example_dags/example_sla_dag.py took 0.091 seconds
[2026-08-20T15:18:56.019+0000] {processor.py:161} INFO - Started process (PID=5445) to work on /home/airflow/.local/lib/python3.8/site-packages/airflow/example_dags/example_sla_dag.py
[2026-08-20T15:18:56.023+0000] {processor.py:830} INFO - Processing file /home/airflow/.local/lib/python3.8/site-packages/airflow/example_dags/example_sla_dag.py for tasks to queue
[2026-08-20T15:18:56.026+0000] {logging_mixin.py:188} INFO - [2026-08-20T15:18:56.026+0000] {dagbag.py:540} INFO - Filling up the DagBag from /home/airflow/.local/lib/python3.8/site-packages/airflow/example_dags/example_sla_dag.py
[2026-08-20T15:18:56.039+0000] {processor.py:840} INFO - DAG(s) 'example_sla_dag' retrieved from /home/airflow/.local/lib/python3.8/site-packages/airflow/example_dags/example_sla_dag.py
[2026-08-20T15:18:56.078+0000] {logging_mixin.py:188} INFO - [2026-08-20T15:18:56.078+0000] {dag.py:3047} INFO - Sync 1 DAGs
[2026-08-20T15:18:56.122+0000] {logging_mixin.py:188} INFO - [2026-08-20T15:18:56.122+0000] {dag.py:3834} INFO - Setting next_dagrun for example_sla_dag to 2026-08-20 15:16:00+00:00, run_after=2026-08-20 15:18:00+00:00
[2026-08-20T15:18:56.147+0000] {processor.py:183} INFO - Processing /home/airflow/.local/lib/python3.8/site-packages/airflow/example_dags/example_sla_dag.py took 0.136 seconds
[2026-08-20T15:19:27.033+0000] {processor.py:161} INFO - Started process (PID=5502) to work on /home/airflow/.local/lib/python3.8/site-packages/airflow/example_dags/example_sla_dag.py
[2026-08-20T15:19:27.035+0000] {processor.py:830} INFO - Processing file /home/airflow/.local/lib/python3.8/site-packages/airflow/example_dags/example_sla_dag.py for tasks to queue
[2026-08-20T15:19:27.038+0000] {logging_mixin.py:188} INFO - [2026-08-20T15:19:27.038+0000] {dagbag.py:540} INFO - Filling up the DagBag from /home/airflow/.local/lib/python3.8/site-packages/airflow/example_dags/example_sla_dag.py
[2026-08-20T15:19:27.049+0000] {processor.py:840} INFO - DAG(s) 'example_sla_dag' retrieved from /home/airflow/.local/lib/python3.8/site-packages/airflow/example_dags/example_sla_dag.py
[2026-08-20T15:19:27.078+0000] {logging_mixin.py:188} INFO - [2026-08-20T15:19:27.077+0000] {dag.py:3047} INFO - Sync 1 DAGs
[2026-08-20T15:19:27.116+0000] {logging_mixin.py:188} INFO - [2026-08-20T15:19:27.116+0000] {dag.py:3834} INFO - Setting next_dagrun for example_sla_dag to 2026-08-20 15:16:00+00:00, run_after=2026-08-20 15:18:00+00:00
[2026-08-20T15:19:27.147+0000] {processor.py:183} INFO - Processing /home/airflow/.local/lib/python3.8/site-packages/airflow/example_dags/example_sla_dag.py took 0.118 seconds
[2026-08-20T15:19:57.374+0000] {processor.py:161} INFO - Started process (PID=5559) to work on /home/airflow/.local/lib/python3.8/site-packages/airflow/example_dags/example_sla_dag.py
[2026-08-20T15:19:57.376+0000] {processor.py:830} INFO - Processing file /home/airflow/.local/lib/python3.8/site-packages/airflow/example_dags/example_sla_dag.py for tasks to queue
[2026-08-20T15:19:57.380+0000] {logging_mixin.py:188} INFO - [2026-08-20T15:19:57.379+0000] {dagbag.py:540} INFO - Filling up the DagBag from /home/airflow/.local/lib/python3.8/site-packages/airflow/example_dags/example_sla_dag.py
[2026-08-20T15:19:57.394+0000] {processor.py:840} INFO - DAG(s) 'example_sla_dag' retrieved from /home/airflow/.local/lib/python3.8/site-packages/airflow/example_dags/example_sla_dag.py
[2026-08-20T15:19:57.425+0000] {logging_mixin.py:188} INFO - [2026-08-20T15:19:57.424+0000] {dag.py:3047} INFO - Sync 1 DAGs
[2026-08-20T15:19:57.461+0000] {logging_mixin.py:188} INFO - [2026-08-20T15:19:57.461+0000] {dag.py:3834} INFO - Setting next_dagrun for example_sla_dag to 2026-08-20 15:16:00+00:00, run_after=2026-08-20 15:18:00+00:00
[2026-08-20T15:19:57.485+0000] {processor.py:183} INFO - Processing /home/airflow/.local/lib/python3.8/site-packages/airflow/example_dags/example_sla_dag.py took 0.116 seconds
[2026-08-20T15:20:27.553+0000] {processor.py:161} INFO - Started process (PID=5616) to work on /home/airflow/.local/lib/python3.8/site-packages/airflow/example_dags/example_sla_dag.py
[2026-08-20T15:20:27.555+0000] {processor.py:830} INFO - Processing file /home/airflow/.local/lib/python3.8/site-packages/airflow/example_dags/example_sla_dag.py for tasks to queue
[2026-08-20T15:20:27.557+0000] {logging_mixin.py:188} INFO - [2026-08-20T15:20:27.557+0000] {dagbag.py:540} INFO - Filling up the DagBag from /home/airflow/.local/lib/python3.8/site-packages/airflow/example_dags/example_sla_dag.py
[2026-08-20T15:20:27.573+0000] {processor.py:840} INFO - DAG(s) 'example_sla_dag' retrieved from /home/airflow/.local/lib/python3.8/site-packages/airflow/example_dags/example_sla_dag.py
[2026-08-20T15:20:27.601+0000] {logging_mixin.py:188} INFO - [2026-08-20T15:20:27.601+0000] {dag.py:3047} INFO - Sync 1 DAGs
[2026-08-20T15:20:27.627+0000] {logging_mixin.py:188} INFO - [2026-08-20T15:20:27.627+0000] {dag.py:3834} INFO - Setting next_dagrun for example_sla_dag to 2026-08-20 15:18:00+00:00, run_after=2026-08-20 15:20:00+00:00
[2026-08-20T15:20:27.651+0000] {processor.py:183} INFO - Processing /home/airflow/.local/lib/python3.8/site-packages/airflow/example_dags/example_sla_dag.py took 0.102 seconds
[2026-08-20T15:20:58.012+0000] {processor.py:161} INFO - Started process (PID=5674) to work on /home/airflow/.local/lib/python3.8/site-packages/airflow/example_dags/example_sla_dag.py
[2026-08-20T15:20:58.014+0000] {processor.py:830} INFO - Processing file /home/airflow/.local/lib/python3.8/site-packages/airflow/example_dags/example_sla_dag.py for tasks to queue
[2026-08-20T15:20:58.017+0000] {logging_mixin.py:188} INFO - [2026-08-20T15:20:58.017+0000] {dagbag.py:540} INFO - Filling up the DagBag from /home/airflow/.local/lib/python3.8/site-packages/airflow/example_dags/example_sla_dag.py
[2026-08-20T15:20:58.028+0000] {processor.py:840} INFO - DAG(s) 'example_sla_dag' retrieved from /home/airflow/.local/lib/python3.8/site-packages/airflow/example_dags/example_sla_dag.py
[2026-08-20T15:20:58.051+0000] {logging_mixin.py:188} INFO - [2026-08-20T15:20:58.051+0000] {dag.py:3047} INFO - Sync 1 DAGs
[2026-08-20T15:20:58.078+0000] {logging_mixin.py:188} INFO - [2026-08-20T15:20:58.078+0000] {dag.py:3834} INFO - Setting next_dagrun for example_sla_dag to 2026-08-20 15:18:00+00:00, run_after=2026-08-20 15:20:00+00:00
[2026-08-20T15:20:58.098+0000] {processor.py:183} INFO - Processing /home/airflow/.local/lib/python3.8/site-packages/airflow/example_dags/example_sla_dag.py took 0.091 seconds
[2026-08-20T15:21:28.730+0000] {processor.py:161} INFO - Started process (PID=5731) to work on /home/airflow/.local/lib/python3.8/site-packages/airflow/example_dags/example_sla_dag.py
[2026-08-20T15:21:28.732+0000] {processor.py:830} INFO - Processing file /home/airflow/.local/lib/python3.8/site-packages/airflow/example_dags/example_sla_dag.py for tasks to queue
[2026-08-20T15:21:28.734+0000] {logging_mixin.py:188} INFO - [2026-08-20T15:21:28.734+0000] {dagbag.py:540} INFO - Filling up the DagBag from /home/airflow/.local/lib/python3.8/site-packages/airflow/example_dags/example_sla_dag.py
[2026-08-20T15:21:28.747+0000] {processor.py:840} INFO - DAG(s) 'example_sla_dag' retrieved from /home/airflow/.local/lib/python3.8/site-packages/airflow/example_dags/example_sla_dag.py
[2026-08-20T15:21:28.773+0000] {logging_mixin.py:188} INFO - [2026-08-20T15:21:28.772+0000] {dag.py:3047} INFO - Sync 1 DAGs
[2026-08-20T15:21:28.804+0000] {logging_mixin.py:188} INFO - [2026-08-20T15:21:28.804+0000] {dag.py:3834} INFO - Setting next_dagrun for example_sla_dag to 2026-08-20 15:18:00+00:00, run_after=2026-08-20 15:20:00+00:00
[2026-08-20T15:21:28.827+0000] {processor.py:183} INFO - Processing /home/airflow/.local/lib/python3.8/site-packages/airflow/example_dags/example_sla_dag.py took 0.101 seconds
[2026-08-20T15:21:58.970+0000] {processor.py:161} INFO - Started process (PID=5788) to work on /home/airflow/.local/lib/python3.8/site-packages/airflow/example_dags/example_sla_dag.py
[2026-08-20T15:21:58.971+0000] {processor.py:830} INFO - Processing file /home/airflow/.local/lib/python3.8/site-packages/airflow/example_dags/example_sla_dag.py for tasks to queue
[2026-08-20T15:21:58.975+0000] {logging_mixin.py:188} INFO - [2026-08-20T15:21:58.974+0000] {dagbag.py:540} INFO - Filling up the DagBag from /home/airflow/.local/lib/python3.8/site-packages/airflow/example_dags/example_sla_dag.py
[2026-08-20T15:21:58.986+0000] {processor.py:840} INFO - DAG(s) 'example_sla_dag' retrieved from /home/airflow/.local/lib/python3.8/site-packages/airflow/example_dags/example_sla_dag.py
[2026-08-20T15:21:59.012+0000] {logging_mixin.py:188} INFO - [2026-08-20T15:21:59.012+0000] {dag.py:3047} INFO - Sync 1 DAGs
[2026-08-20T15:21:59.043+0000] {logging_mixin.py:188} INFO - [2026-08-20T15:21:59.042+0000] {dag.py:3834} INFO - Setting next_dagrun for example_sla_dag to 2026-08-20 15:18:00+00:00, run_after=2026-08-20 15:20:00+00:00
[2026-08-20T15:21:59.067+0000] {processor.py:183} INFO - Processing /home/airflow/.local/lib/python3.8/site-packages/airflow/example_dags/example_sla_dag.py took 0.101 seconds
[2026-08-20T15:22:29.649+0000] {processor.py:161} INFO - Started process (PID=5846) to work on /home/airflow/.local/lib/python3.8/site-packages/airflow/example_dags/example_sla_dag.py
[2026-08-20T15:22:29.651+0000] {processor.py:830} INFO - Processing file /home/airflow/.local/lib/python3.8/site-packages/airflow/example_dags/example_sla_dag.py for tasks to queue
[2026-08-20T15:22:29.654+0000] {logging_mixin.py:188} INFO - [2026-08-20T15:22:29.653+0000] {dagbag.py:540} INFO - Filling up the DagBag from /home/airflow/.local/lib/python3.8/site-packages/airflow/example_dags/example_sla_dag.py
[2026-08-20T15:22:29.665+0000] {processor.py:840} INFO - DAG(s) 'example_sla_dag' retrieved from /home/airflow/.local/lib/python3.8/site-packages/airflow/example_dags/example_sla_dag.py
[2026-08-20T15:22:29.688+0000] {logging_mixin.py:188} INFO - [2026-08-20T15:22:29.688+0000] {dag.py:3047} INFO - Sync 1 DAGs
[2026-08-20T15:22:29.718+0000] {logging_mixin.py:188} INFO - [2026-08-20T15:22:29.717+0000] {dag.py:3834} INFO - Setting next_dagrun for example_sla_dag to 2026-08-20 15:20:00+00:00, run_after=2026-08-20 15:22:00+00:00
[2026-08-20T15:22:29.746+0000] {processor.py:183} INFO - Processing /home/airflow/.local/lib/python3.8/site-packages/airflow/example_dags/example_sla_dag.py took 0.101 seconds
[2026-08-20T15:23:00.072+0000] {processor.py:161} INFO - Started process (PID=5903) to work on /home/airflow/.local/lib/python3.8/site-packages/airflow/example_dags/example_sla_dag.py
[2026-08-20T15:23:00.073+0000] {processor.py:830} INFO - Processing file /home/airflow/.local/lib/python3.8/site-packages/airflow/example_dags/example_sla_dag.py for tasks to queue
[2026-08-20T15:23:00.076+0000] {logging_mixin.py:188} INFO - [2026-08-20T15:23:00.076+0000] {dagbag.py:540} INFO - Filling up the DagBag from /home/airflow/.local/lib/python3.8/site-packages/airflow/example_dags/example_sla_dag.py
[2026-08-20T15:23:00.088+0000] {processor.py:840} INFO - DAG(s) 'example_sla_dag' retrieved from /home/airflow/.local/lib/python3.8/site-packages/airflow/example_dags/example_sla_dag.py
[2026-08-20T15:23:00.117+0000] {logging_mixin.py:188} INFO - [2026-08-20T15:23:00.117+0000] {dag.py:3047} INFO - Sync 1 DAGs
[2026-08-20T15:23:00.152+0000] {logging_mixin.py:188} INFO - [2026-08-20T15:23:00.152+0000] {dag.py:3834} INFO - Setting next_dagrun for example_sla_dag to 2026-08-20 15:20:00+00:00, run_after=2026-08-20 15:22:00+00:00
[2026-08-20T15:23:00.176+0000] {processor.py:183} INFO - Processing /home/airflow/.local/lib/python3.8/site-packages/airflow/example_dags/example_sla_dag.py took 0.111 seconds
[2026-08-20T15:23:30.953+0000] {processor.py:161} INFO - Started process (PID=5960) to work on /home/airflow/.local/lib/python3.8/site-packages/airflow/example_dags/example_sla_dag.py
[2026-08-20T15:23:30.955+0000] {processor.py:830} INFO - Processing file /home/airflow/.local/lib/python3.8/site-packages/airflow/example_dags/example_sla_dag.py for tasks to queue
[2026-08-20T15:23:30.959+0000] {logging_mixin.py:188} INFO - [2026-08-20T15:23:30.958+0000] {dagbag.py:540} INFO - Filling up the DagBag from /home/airflow/.local/lib/python3.8/site-packages/airflow/example_dags/example_sla_dag.py
[2026-08-20T15:23:30.973+0000] {processor.py:840} INFO - DAG(s) 'example_sla_dag' retrieved from /home/airflow/.local/lib/python3.8/site-packages/airflow/example_dags/example_sla_dag.py
[2026-08-20T15:23:30.996+0000] {logging_mixin.py:188} INFO - [2026-08-20T15:23:30.996+0000] {dag.py:3047} INFO - Sync 1 DAGs
[2026-08-20T15:23:31.025+0000] {logging_mixin.py:188} INFO - [2026-08-20T15:23:31.024+0000] {dag.py:3834} INFO - Setting next_dagrun for example_sla_dag to 2026-08-20 15:20:00+00:00, run_after=2026-08-20 15:22:00+00:00
[2026-08-20T15:23:31.045+0000] {processor.py:183} INFO - Processing /home/airflow/.local/lib/python3.8/site-packages/airflow/example_dags/example_sla_dag.py took 0.097 seconds
[2026-08-20T15:24:01.493+0000] {processor.py:161} INFO - Started process (PID=6017) to work on /home/airflow/.local/lib/python3.8/site-packages/airflow/example_dags/example_sla_dag.py
[2026-08-20T15:24:01.495+0000] {processor.py:830} INFO - Processing file /home/airflow/.local/lib/python3.8/site-packages/airflow/example_dags/example_sla_dag.py for tasks to queue
[2026-08-20T15:24:01.498+0000] {logging_mixin.py:188} INFO - [2026-08-20T15:24:01.498+0000] {dagbag.py:540} INFO - Filling up the DagBag from /home/airflow/.local/lib/python3.8/site-packages/airflow/example_dags/example_sla_dag.py
[2026-08-20T15:24:01.509+0000] {processor.py:840} INFO - DAG(s) 'example_sla_dag' retrieved from /home/airflow/.local/lib/python3.8/site-packages/airflow/example_dags/example_sla_dag.py
[2026-08-20T15:24:01.535+0000] {logging_mixin.py:188} INFO - [2026-08-20T15:24:01.535+0000] {dag.py:3047} INFO - Sync 1 DAGs
[2026-08-20T15:24:01.567+0000] {logging_mixin.py:188} INFO - [2026-08-20T15:24:01.566+0000] {dag.py:3834} INFO - Setting next_dagrun for example_sla_dag to 2026-08-20 15:22:00+00:00, run_after=2026-08-20 15:24:00+00:00
[2026-08-20T15:24:01.589+0000] {processor.py:183} INFO - Processing /home/airflow/.local/lib/python3.8/site-packages/airflow/example_dags/example_sla_dag.py took 0.100 seconds
[2026-08-20T15:24:31.999+0000] {processor.py:161} INFO - Started process (PID=6074) to work on /home/airflow/.local/lib/python3.8/site-packages/airflow/example_dags/example_sla_dag.py
[2026-08-20T15:24:32.001+0000] {processor.py:830} INFO - Processing file /home/airflow/.local/lib/python3.8/site-packages/airflow/example_dags/example_sla_dag.py for tasks to queue
[2026-08-20T15:24:32.003+0000] {logging_mixin.py:188} INFO - [2026-08-20T15:24:32.003+0000] {dagbag.py:540} INFO - Filling up the DagBag from /home/airflow/.local/lib/python3.8/site-packages/airflow/example_dags/example_sla_dag.py
[2026-08-20T15:24:32.014+0000] {processor.py:840} INFO - DAG(s) 'example_sla_dag' retrieved from /home/airflow/.local/lib/python3.8/site-packages/airflow/example_dags/example_sla_dag.py
[2026-08-20T15:24:32.040+0000] {logging_mixin.py:188} INFO - [2026-08-20T15:24:32.039+0000] {dag.py:3047} INFO - Sync 1 DAGs
[2026-08-20T15:24:32.068+0000] {logging_mixin.py:188} INFO - [2026-08-20T15:24:32.068+0000] {dag.py:3834} INFO - Setting next_dagrun for example_sla_dag to 2026-08-20 15:22:00+00:00, run_after=2026-08-20 15:24:00+00:00
[2026-08-20T15:24:32.090+0000] {processor.py:183} INFO - Processing /home/airflow/.local/lib/python3.8/site-packages/airflow/example_dags/example_sla_dag.py took 0.095 seconds
[2026-08-20T15:25:02.419+0000] {processor.py:161} INFO - Started process (PID=6131) to work on /home/airflow/.local/lib/python3.8/site-packages/airflow/example_dags/example_sla_dag.py
[2026-08-20T15:25:02.421+0000] {processor.py:830} INFO - Processing file /home/airflow/.local/lib/python3.8/site-packages/airflow/example_dags/example_sla_dag.py for tasks to queue
[2026-08-20T15:25:02.424+0000] {logging_mixin.py:188} INFO - [2026-08-20T15:25:02.424+0000] {dagbag.py:540} INFO - Filling up the DagBag from /home/airflow/.local/lib/python3.8/site-packages/airflow/example_dags/example_sla_dag.py
[2026-08-20T15:25:02.435+0000] {processor.py:840} INFO - DAG(s) 'example_sla_dag' retrieved from /home/airflow/.local/lib/python3.8/site-packages/airflow/example_dags/example_sla_dag.py
[2026-08-20T15:25:02.457+0000] {logging_mixin.py:188} INFO - [2026-08-20T15:25:02.457+0000] {dag.py:3047} INFO - Sync 1 DAGs
[2026-08-20T15:25:02.489+0000] {logging_mixin.py:188} INFO - [2026-08-20T15:25:02.489+0000] {dag.py:3834} INFO - Setting next_dagrun for example_sla_dag to 2026-08-20 15:22:00+00:00, run_after=2026-08-20 15:24:00+00:00
[2026-08-20T15:25:02.510+0000] {processor.py:183} INFO - Processing /home/airflow/.local/lib/python3.8/site-packages/airflow/example_dags/example_sla_dag.py took 0.095 seconds
[2026-08-20T15:25:33.081+0000] {processor.py:161} INFO - Started process (PID=6188) to work on /home/airflow/.local/lib/python3.8/site-packages/airflow/example_dags/example_sla_dag.py
[2026-08-20T15:25:33.085+0000] {processor.py:830} INFO - Processing file /home/airflow/.local/lib/python3.8/site-packages/airflow/example_dags/example_sla_dag.py for tasks to queue
[2026-08-20T15:25:33.090+0000] {logging_mixin.py:188} INFO - [2026-08-20T15:25:33.089+0000] {dagbag.py:540} INFO - Filling up the DagBag from /home/airflow/.local/lib/python3.8/site-packages/airflow/example_dags/example_sla_dag.py
[2026-08-20T15:25:33.109+0000] {processor.py:840} INFO - DAG(s) 'example_sla_dag' retrieved from /home/airflow/.local/lib/python3.8/site-packages/airflow/example_dags/example_sla_dag.py
[2026-08-20T15:25:33.148+0000] {logging_mixin.py:188} INFO - [2026-08-20T15:25:33.147+0000] {dag.py:3047} INFO - Sync 1 DAGs
[2026-08-20T15:25:33.200+0000] {logging_mixin.py:188} INFO - [2026-08-20T15:25:33.200+0000] {dag.py:3834} INFO - Setting next_dagrun for example_sla_dag to 2026-08-20 15:22:00+00:00, run_after=2026-08-20 15:24:00+00:00
[2026-08-20T15:25:33.231+0000] {processor.py:183} INFO - Processing /home/airflow/.local/lib/python3.8/site-packages/airflow/example_dags/example_sla_dag.py took 0.157 seconds
[2026-08-20T15:26:03.523+0000] {processor.py:161} INFO - Started process (PID=6245) to work on /home/airflow/.local/lib/python3.8/site-packages/airflow/example_dags/example_sla_dag.py
[2026-08-20T15:26:03.527+0000] {processor.py:830} INFO - Processing file /home/airflow/.local/lib/python3.8/site-packages/airflow/example_dags/example_sla_dag.py for tasks to queue
[2026-08-20T15:26:03.532+0000] {logging_mixin.py:188} INFO - [2026-08-20T15:26:03.531+0000] {dagbag.py:540} INFO - Filling up the DagBag from /home/airflow/.local/lib/python3.8/site-packages/airflow/example_dags/example_sla_dag.py
[2026-08-20T15:26:03.551+0000] {processor.py:840} INFO - DAG(s) 'example_sla_dag' retrieved from /home/airflow/.local/lib/python3.8/site-packages/airflow/example_dags/example_sla_dag.py
[2026-08-20T15:26:03.585+0000] {logging_mixin.py:188} INFO - [2026-08-20T15:26:03.584+0000] {dag.py:3047} INFO - Sync 1 DAGs
[2026-08-20T15:26:03.628+0000] {logging_mixin.py:188} INFO - [2026-08-20T15:26:03.628+0000] {dag.py:3834} INFO - Setting next_dagrun for example_sla_dag to 2026-08-20 15:24:00+00:00, run_after=2026-08-20 15:26:00+00:00
[2026-08-20T15:26:03.674+0000] {processor.py:183} INFO - Processing /home/airflow/.local/lib/python3.8/site-packages/airflow/example_dags/example_sla_dag.py took 0.157 seconds
[2026-08-20T15:26:34.027+0000] {processor.py:161} INFO - Started process (PID=6303) to work on /home/airflow/.local/lib/python3.8/site-packages/airflow/example_dags/example_sla_dag.py
[2026-08-20T15:26:34.029+0000] {processor.py:830} INFO - Processing file /home/airflow/.local/lib/python3.8/site-packages/airflow/example_dags/example_sla_dag.py for tasks to queue
[2026-08-20T15:26:34.032+0000] {logging_mixin.py:188} INFO - [2026-08-20T15:26:34.032+0000] {dagbag.py:540} INFO - Filling up the DagBag from /home/airflow/.local/lib/python3.8/site-packages/airflow/example_dags/example_sla_dag.py
[2026-08-20T15:26:34.042+0000] {processor.py:840} INFO - DAG(s) 'example_sla_dag' retrieved from /home/airflow/.local/lib/python3.8/site-packages/airflow/example_dags/example_sla_dag.py
[2026-08-20T15:26:34.067+0000] {logging_mixin.py:188} INFO - [2026-08-20T15:26:34.067+0000] {dag.py:3047} INFO - Sync 1 DAGs
[2026-08-20T15:26:34.095+0000] {logging_mixin.py:188} INFO - [2026-08-20T15:26:34.095+0000] {dag.py:3834} INFO - Setting next_dagrun for example_sla_dag to 2026-08-20 15:24:00+00:00, run_after=2026-08-20 15:26:00+00:00
[2026-08-20T15:26:34.115+0000] {processor.py:183} INFO - Processing /home/airflow/.local/lib/python3.8/site-packages/airflow/example_dags/example_sla_dag.py took 0.092 seconds
[2026-08-20T15:27:04.236+0000] {processor.py:161} INFO - Started process (PID=6360) to work on /home/airflow/.local/lib/python3.8/site-packages/airflow/example_dags/example_sla_dag.py
[2026-08-20T15:27:04.238+0000] {processor.py:830} INFO - Processing file /home/airflow/.local/lib/python3.8/site-packages/airflow/example_dags/example_sla_dag.py for tasks to queue
[2026-08-20T15:27:04.240+0000] {logging_mixin.py:188} INFO - [2026-08-20T15:27:04.240+0000] {dagbag.py:540} INFO - Filling up the DagBag from /home/airflow/.local/lib/python3.8/site-packages/airflow/example_dags/example_sla_dag.py
[2026-08-20T15:27:04.251+0000] {processor.py:840} INFO - DAG(s) 'example_sla_dag' retrieved from /home/airflow/.local/lib/python3.8/site-packages/airflow/example_dags/example_sla_dag.py
[2026-08-20T15:27:04.273+0000] {logging_mixin.py:188} INFO - [2026-08-20T15:27:04.273+0000] {dag.py:3047} INFO - Sync 1 DAGs
[2026-08-20T15:27:04.301+0000] {logging_mixin.py:188} INFO - [2026-08-20T15:27:04.300+0000] {dag.py:3834} INFO - Setting next_dagrun for example_sla_dag to 2026-08-20 15:24:00+00:00, run_after=2026-08-20 15:26:00+00:00
[2026-08-20T15:27:04.321+0000] {processor.py:183} INFO - Processing /home/airflow/.local/lib/python3.8/site-packages/airflow/example_dags/example_sla_dag.py took 0.091 seconds
[2026-08-20T15:27:34.826+0000] {processor.py:161} INFO - Started process (PID=6417) to work on /home/airflow/.local/lib/python3.8/site-packages/airflow/example_dags/example_sla_dag.py
[2026-08-20T15:27:34.828+0000] {processor.py:830} INFO - Processing file /home/airflow/.local/lib/python3.8/site-packages/airflow/example_dags/example_sla_dag.py for tasks to queue
[2026-08-20T15:27:34.832+0000] {logging_mixin.py:188} INFO - [2026-08-20T15:27:34.831+0000] {dagbag.py:540} INFO - Filling up the DagBag from /home/airflow/.local/lib/python3.8/site-packages/airflow/example_dags/example_sla_dag.py
[2026-08-20T15:27:34.845+0000] {processor.py:840} INFO - DAG(s) 'example_sla_dag' retrieved from /home/airflow/.local/lib/python3.8/site-packages/airflow/example_dags/example_sla_dag.py
[2026-08-20T15:27:34.871+0000] {logging_mixin.py:188} INFO - [2026-08-20T15:27:34.871+0000] {dag.py:3047} INFO - Sync 1 DAGs
[2026-08-20T15:27:34.902+0000] {logging_mixin.py:188} INFO - [2026-08-20T15:27:34.902+0000] {dag.py:3834} INFO - Setting next_dagrun for example_sla_dag to 2026-08-20 15:24:00+00:00, run_after=2026-08-20 15:26:00+00:00
[2026-08-20T15:27:34.924+0000] {processor.py:183} INFO - Processing /home/airflow/.local/lib/python3.8/site-packages/airflow/example_dags/example_sla_dag.py took 0.104 seconds
[2026-08-20T15:28:05.148+0000] {processor.py:161} INFO - Started process (PID=6474) to work on /home/airflow/.local/lib/python3.8/site-packages/airflow/example_dags/example_sla_dag.py
[2026-08-20T15:28:05.150+0000] {processor.py:830} INFO - Processing file /home/airflow/.local/lib/python3.8/site-packages/airflow/example_dags/example_sla_dag.py for tasks to queue
[2026-08-20T15:28:05.153+0000] {logging_mixin.py:188} INFO - [2026-08-20T15:28:05.152+0000] {dagbag.py:540} INFO - Filling up the DagBag from /home/airflow/.local/lib/python3.8/site-packages/airflow/example_dags/example_sla_dag.py
[2026-08-20T15:28:05.169+0000] {processor.py:840} INFO - DAG(s) 'example_sla_dag' retrieved from /home/airflow/.local/lib/python3.8/site-packages/airflow/example_dags/example_sla_dag.py
[2026-08-20T15:28:05.196+0000] {logging_mixin.py:188} INFO - [2026-08-20T15:28:05.196+0000] {dag.py:3047} INFO - Sync 1 DAGs
[2026-08-20T15:28:05.227+0000] {logging_mixin.py:188} INFO - [2026-08-20T15:28:05.227+0000] {dag.py:3834} INFO - Setting next_dagrun for example_sla_dag to 2026-08-20 15:26:00+00:00, run_after=2026-08-20 15:28:00+00:00
[2026-08-20T15:28:05.250+0000] {processor.py:183} INFO - Processing /home/airflow/.local/lib/python3.8/site-packages/airflow/example_dags/example_sla_dag.py took 0.105 seconds
[2026-08-20T15:28:36.089+0000] {processor.py:161} INFO - Started process (PID=6532) to work on /home/airflow/.local/lib/python3.8/site-packages/airflow/example_dags/example_sla_dag.py
[2026-08-20T15:28:36.091+0000] {processor.py:830} INFO - Processing file /home/airflow/.local/lib/python3.8/site-packages/airflow/example_dags/example_sla_dag.py for tasks to queue
[2026-08-20T15:28:36.094+0000] {logging_mixin.py:188} INFO - [2026-08-20T15:28:36.094+0000] {dagbag.py:540} INFO - Filling up the DagBag from /home/airflow/.local/lib/python3.8/site-packages/airflow/example_dags/example_sla_dag.py
[2026-08-20T15:28:36.112+0000] {processor.py:840} INFO - DAG(s) 'example_sla_dag' retrieved from /home/airflow/.local/lib/python3.8/site-packages/airflow/example_dags/example_sla_dag.py
[2026-08-20T15:28:36.151+0000] {logging_mixin.py:188} INFO - [2026-08-20T15:28:36.151+0000] {dag.py:3047} INFO - Sync 1 DAGs
[2026-08-20T15:28:36.181+0000] {logging_mixin.py:188} INFO - [2026-08-20T15:28:36.181+0000] {dag.py:3834} INFO - Setting next_dagrun for example_sla_dag to 2026-08-20 15:26:00+00:00, run_after=2026-08-20 15:28:00+00:00
[2026-08-20T15:28:36.203+0000] {processor.py:183} INFO - Processing /home/airflow/.local/lib/python3.8/site-packages/airflow/example_dags/example_sla_dag.py took 0.118 seconds
[2026-08-20T15:29:06.956+0000] {processor.py:161} INFO - Started process (PID=6589) to work on /home/airflow/.local/lib/python3.8/site-packages/airflow/example_dags/example_sla_dag.py
[2026-08-20T15:29:06.958+0000] {processor.py:830} INFO - Processing file /home/airflow/.local/lib/python3.8/site-packages/airflow/example_dags/example_sla_dag.py for tasks to queue
[2026-08-20T15:29:06.961+0000] {logging_mixin.py:188} INFO - [2026-08-20T15:29:06.961+0000] {dagbag.py:540} INFO - Filling up the DagBag from /home/airflow/.local/lib/python3.8/site-packages/airflow/example_dags/example_sla_dag.py
[2026-08-20T15:29:06.971+0000] {processor.py:840} INFO - DAG(s) 'example_sla_dag' retrieved from /home/airflow/.local/lib/python3.8/site-packages/airflow/example_dags/example_sla_dag.py
[2026-08-20T15:29:06.998+0000] {logging_mixin.py:188} INFO - [2026-08-20T15:29:06.997+0000] {dag.py:3047} INFO - Sync 1 DAGs
[2026-08-20T15:29:07.025+0000] {logging_mixin.py:188} INFO - [2026-08-20T15:29:07.025+0000] {dag.py:3834} INFO - Setting next_dagrun for example_sla_dag to 2026-08-20 15:26:00+00:00, run_after=2026-08-20 15:28:00+00:00
[2026-08-20T15:29:07.046+0000] {processor.py:183} INFO - Processing /home/airflow/.local/lib/python3.8/site-packages/airflow/example_dags/example_sla_dag.py took 0.094 seconds
[2026-08-20T15:29:37.293+0000] {processor.py:161} INFO - Started process (PID=6646) to work on /home/airflow/.local/lib/python3.8/site-packages/airflow/example_dags/example_sla_dag.py
[2026-08-20T15:29:37.296+0000] {processor.py:830} INFO - Processing file /home/airflow/.local/lib/python3.8/site-packages/airflow/example_dags/example_sla_dag.py for tasks to queue
[2026-08-20T15:29:37.299+0000] {logging_mixin.py:188} INFO - [2026-08-20T15:29:37.299+0000] {dagbag.py:540} INFO - Filling up the DagBag from /home/airflow/.local/lib/python3.8/site-packages/airflow/example_dags/example_sla_dag.py
[2026-08-20T15:29:37.313+0000] {processor.py:840} INFO - DAG(s) 'example_sla_dag' retrieved from /home/airflow/.local/lib/python3.8/site-packages/airflow/example_dags/example_sla_dag.py
[2026-08-20T15:29:37.339+0000] {logging_mixin.py:188} INFO - [2026-08-20T15:29:37.339+0000] {dag.py:3047} INFO - Sync 1 DAGs
[2026-08-20T15:29:37.371+0000] {logging_mixin.py:188} INFO - [2026-08-20T15:29:37.371+0000] {dag.py:3834} INFO - Setting next_dagrun for example_sla_dag to 2026-08-20 15:26:00+00:00, run_after=2026-08-20 15:28:00+00:00
[2026-08-20T15:29:37.393+0000] {processor.py:183} INFO - Processing /home/airflow/.local/lib/python3.8/site-packages/airflow/example_dags/example_sla_dag.py took 0.105 seconds
[2026-08-20T15:30:07.462+0000] {processor.py:161} INFO - Started process (PID=6703) to work on /home/airflow/.local/lib/python3.8/site-packages/airflow/example_dags/example_sla_dag.py
[2026-08-20T15:30:07.464+0000] {processor.py:830} INFO - Processing file /home/airflow/.local/lib/python3.8/site-packages/airflow/example_dags/example_sla_dag.py for tasks to queue
[2026-08-20T15:30:07.466+0000] {logging_mixin.py:188} INFO - [2026-08-20T15:30:07.466+0000] {dagbag.py:540} INFO - Filling up the DagBag from /home/airflow/.local/lib/python3.8/site-packages/airflow/example_dags/example_sla_dag.py
[2026-08-20T15:30:07.478+0000] {processor.py:840} INFO - DAG(s) 'example_sla_dag' retrieved from /home/airflow/.local/lib/python3.8/site-packages/airflow/example_dags/example_sla_dag.py
[2026-08-20T15:30:07.506+0000] {logging_mixin.py:188} INFO - [2026-08-20T15:30:07.506+0000] {dag.py:3047} INFO - Sync 1 DAGs
[2026-08-20T15:30:07.537+0000] {logging_mixin.py:188} INFO - [2026-08-20T15:30:07.537+0000] {dag.py:3834} INFO - Setting next_dagrun for example_sla_dag to 2026-08-20 15:28:00+00:00, run_after=2026-08-20 15:30:00+00:00
[2026-08-20T15:30:07.560+0000] {processor.py:183} INFO - Processing /home/airflow/.local/lib/python3.8/site-packages/airflow/example_dags/example_sla_dag.py took 0.102 seconds
[2026-08-20T15:30:38.346+0000] {processor.py:161} INFO - Started process (PID=6760) to work on /home/airflow/.local/lib/python3.8/site-packages/airflow/example_dags/example_sla_dag.py
[2026-08-20T15:30:38.349+0000] {processor.py:830} INFO - Processing file /home/airflow/.local/lib/python3.8/site-packages/airflow/example_dags/example_sla_dag.py for tasks to queue
[2026-08-20T15:30:38.355+0000] {logging_mixin.py:188} INFO - [2026-08-20T15:30:38.354+0000] {dagbag.py:540} INFO - Filling up the DagBag from /home/airflow/.local/lib/python3.8/site-packages/airflow/example_dags/example_sla_dag.py
[2026-08-20T15:30:38.368+0000] {processor.py:840} INFO - DAG(s) 'example_sla_dag' retrieved from /home/airflow/.local/lib/python3.8/site-packages/airflow/example_dags/example_sla_dag.py
[2026-08-20T15:30:38.408+0000] {logging_mixin.py:188} INFO - [2026-08-20T15:30:38.408+0000] {dag.py:3047} INFO - Sync 1 DAGs
[2026-08-20T15:30:38.449+0000] {logging_mixin.py:188} INFO - [2026-08-20T15:30:38.449+0000] {dag.py:3834} INFO - Setting next_dagrun for example_sla_dag to 2026-08-20 15:28:00+00:00, run_after=2026-08-20 15:30:00+00:00
[2026-08-20T15:30:38.472+0000] {processor.py:183} INFO - Processing /home/airflow/.local/lib/python3.8/site-packages/airflow/example_dags/example_sla_dag.py took 0.130 seconds
[2026-08-20T15:31:09.071+0000] {processor.py:161} INFO - Started process (PID=6823) to work on /home/airflow/.local/lib/python3.8/site-packages/airflow/example_dags/example_sla_dag.py
[2026-08-20T15:31:09.072+0000] {processor.py:830} INFO - Processing file /home/airflow/.local/lib/python3.8/site-packages/airflow/example_dags/example_sla_dag.py for tasks to queue
[2026-08-20T15:31:09.075+0000] {logging_mixin.py:188} INFO - [2026-08-20T15:31:09.075+0000] {dagbag.py:540} INFO - Filling up the DagBag from /home/airflow/.local/lib/python3.8/site-packages/airflow/example_dags/example_sla_dag.py
[2026-08-20T15:31:09.085+0000] {processor.py:840} INFO - DAG(s) 'example_sla_dag' retrieved from /home/airflow/.local/lib/python3.8/site-packages/airflow/example_dags/example_sla_dag.py
[2026-08-20T15:31:09.110+0000] {logging_mixin.py:188} INFO - [2026-08-20T15:31:09.109+0000] {dag.py:3047} INFO - Sync 1 DAGs
[2026-08-20T15:31:09.138+0000] {logging_mixin.py:188} INFO - [2026-08-20T15:31:09.138+0000] {dag.py:3834} INFO - Setting next_dagrun for example_sla_dag to 2026-08-20 15:28:00+00:00, run_after=2026-08-20 15:30:00+00:00
[2026-08-20T15:31:09.156+0000] {processor.py:183} INFO - Processing /home/airflow/.local/lib/python3.8/site-packages/airflow/example_dags/example_sla_dag.py took 0.089 seconds
[2026-08-20T15:31:40.002+0000] {processor.py:161} INFO - Started process (PID=6880) to work on /home/airflow/.local/lib/python3.8/site-packages/airflow/example_dags/example_sla_dag.py
[2026-08-20T15:31:40.005+0000] {processor.py:830} INFO - Processing file /home/airflow/.local/lib/python3.8/site-packages/airflow/example_dags/example_sla_dag.py for tasks to queue
[2026-08-20T15:31:40.009+0000] {logging_mixin.py:188} INFO - [2026-08-20T15:31:40.008+0000] {dagbag.py:540} INFO - Filling up the DagBag from /home/airflow/.local/lib/python3.8/site-packages/airflow/example_dags/example_sla_dag.py
[2026-08-20T15:31:40.027+0000] {processor.py:840} INFO - DAG(s) 'example_sla_dag' retrieved from /home/airflow/.local/lib/python3.8/site-packages/airflow/example_dags/example_sla_dag.py
[2026-08-20T15:31:40.056+0000] {logging_mixin.py:188} INFO - [2026-08-20T15:31:40.056+0000] {dag.py:3047} INFO - Sync 1 DAGs
[2026-08-20T15:31:40.090+0000] {logging_mixin.py:188} INFO - [2026-08-20T15:31:40.090+0000] {dag.py:3834} INFO - Setting next_dagrun for example_sla_dag to 2026-08-20 15:28:00+00:00, run_after=2026-08-20 15:30:00+00:00
[2026-08-20T15:31:40.119+0000] {processor.py:183} INFO - Processing /home/airflow/.local/lib/python3.8/site-packages/airflow/example_dags/example_sla_dag.py took 0.124 seconds
[2026-08-20T15:32:10.397+0000] {processor.py:161} INFO - Started process (PID=6937) to work on /home/airflow/.local/lib/python3.8/site-packages/airflow/example_dags/example_sla_dag.py
[2026-08-20T15:32:10.399+0000] {processor.py:830} INFO - Processing file /home/airflow/.local/lib/python3.8/site-packages/airflow/example_dags/example_sla_dag.py for tasks to queue
[2026-08-20T15:32:10.402+0000] {logging_mixin.py:188} INFO - [2026-08-20T15:32:10.402+0000] {dagbag.py:540} INFO - Filling up the DagBag from /home/airflow/.local/lib/python3.8/site-packages/airflow/example_dags/example_sla_dag.py
[2026-08-20T15:32:10.413+0000] {processor.py:840} INFO - DAG(s) 'example_sla_dag' retrieved from /home/airflow/.local/lib/python3.8/site-packages/airflow/example_dags/example_sla_dag.py
[2026-08-20T15:32:10.437+0000] {logging_mixin.py:188} INFO - [2026-08-20T15:32:10.436+0000] {dag.py:3047} INFO - Sync 1 DAGs
[2026-08-20T15:32:10.463+0000] {logging_mixin.py:188} INFO - [2026-08-20T15:32:10.463+0000] {dag.py:3834} INFO - Setting next_dagrun for example_sla_dag to 2026-08-20 15:30:00+00:00, run_after=2026-08-20 15:32:00+00:00
[2026-08-20T15:32:10.486+0000] {processor.py:183} INFO - Processing /home/airflow/.local/lib/python3.8/site-packages/airflow/example_dags/example_sla_dag.py took 0.093 seconds
[2026-08-20T15:32:41.332+0000] {processor.py:161} INFO - Started process (PID=6994) to work on /home/airflow/.local/lib/python3.8/site-packages/airflow/example_dags/example_sla_dag.py
[2026-08-20T15:32:41.334+0000] {processor.py:830} INFO - Processing file /home/airflow/.local/lib/python3.8/site-packages/airflow/example_dags/example_sla_dag.py for tasks to queue
[2026-08-20T15:32:41.336+0000] {logging_mixin.py:188} INFO - [2026-08-20T15:32:41.335+0000] {dagbag.py:540} INFO - Filling up the DagBag from /home/airflow/.local/lib/python3.8/site-packages/airflow/example_dags/example_sla_dag.py
[2026-08-20T15:32:41.346+0000] {processor.py:840} INFO - DAG(s) 'example_sla_dag' retrieved from /home/airflow/.local/lib/python3.8/site-packages/airflow/example_dags/example_sla_dag.py
[2026-08-20T15:32:41.369+0000] {logging_mixin.py:188} INFO - [2026-08-20T15:32:41.368+0000] {dag.py:3047} INFO - Sync 1 DAGs
[2026-08-20T15:32:41.397+0000] {logging_mixin.py:188} INFO - [2026-08-20T15:32:41.396+0000] {dag.py:3834} INFO - Setting next_dagrun for example_sla_dag to 2026-08-20 15:30:00+00:00, run_after=2026-08-20 15:32:00+00:00
[2026-08-20T15:32:41.417+0000] {processor.py:183} INFO - Processing /home/airflow/.local/lib/python3.8/site-packages/airflow/example_dags/example_sla_dag.py took 0.089 seconds
[2026-08-20T15:33:11.707+0000] {processor.py:161} INFO - Started process (PID=7052) to work on /home/airflow/.local/lib/python3.8/site-packages/airflow/example_dags/example_sla_dag.py
[2026-08-20T15:33:11.709+0000] {processor.py:830} INFO - Processing file /home/airflow/.local/lib/python3.8/site-packages/airflow/example_dags/example_sla_dag.py for tasks to queue
[2026-08-20T15:33:11.712+0000] {logging_mixin.py:188} INFO - [2026-08-20T15:33:11.712+0000] {dagbag.py:540} INFO - Filling up the DagBag from /home/airflow/.local/lib/python3.8/site-packages/airflow/example_dags/example_sla_dag.py
[2026-08-20T15:33:11.725+0000] {processor.py:840} INFO - DAG(s) 'example_sla_dag' retrieved from /home/airflow/.local/lib/python3.8/site-packages/airflow/example_dags/example_sla_dag.py
[2026-08-20T15:33:11.761+0000] {logging_mixin.py:188} INFO - [2026-08-20T15:33:11.761+0000] {dag.py:3047} INFO - Sync 1 DAGs
[2026-08-20T15:33:11.796+0000] {logging_mixin.py:188} INFO - [2026-08-20T15:33:11.795+0000] {dag.py:3834} INFO - Setting next_dagrun for example_sla_dag to 2026-08-20 15:30:00+00:00, run_after=2026-08-20 15:32:00+00:00
[2026-08-20T15:33:11.822+0000] {processor.py:183} INFO - Processing /home/airflow/.local/lib/python3.8/site-packages/airflow/example_dags/example_sla_dag.py took 0.120 seconds
[2026-08-20T15:33:42.656+0000] {processor.py:161} INFO - Started process (PID=7109) to work on /home/airflow/.local/lib/python3.8/site-packages/airflow/example_dags/example_sla_dag.py
[2026-08-20T15:33:42.658+0000] {processor.py:830} INFO - Processing file /home/airflow/.local/lib/python3.8/site-packages/airflow/example_dags/example_sla_dag.py for tasks to queue
[2026-08-20T15:33:42.661+0000] {logging_mixin.py:188} INFO - [2026-08-20T15:33:42.661+0000] {dagbag.py:540} INFO - Filling up the DagBag from /home/airflow/.local/lib/python3.8/site-packages/airflow/example_dags/example_sla_dag.py
[2026-08-20T15:33:42.671+0000] {processor.py:840} INFO - DAG(s) 'example_sla_dag' retrieved from /home/airflow/.local/lib/python3.8/site-packages/airflow/example_dags/example_sla_dag.py
[2026-08-20T15:33:42.695+0000] {logging_mixin.py:188} INFO - [2026-08-20T15:33:42.694+0000] {dag.py:3047} INFO - Sync 1 DAGs
[2026-08-20T15:33:42.724+0000] {logging_mixin.py:188} INFO - [2026-08-20T15:33:42.724+0000] {dag.py:3834} INFO - Setting next_dagrun for example_sla_dag to 2026-08-20 15:30:00+00:00, run_after=2026-08-20 15:32:00+00:00
[2026-08-20T15:33:42.746+0000] {processor.py:183} INFO - Processing /home/airflow/.local/lib/python3.8/site-packages/airflow/example_dags/example_sla_dag.py took 0.094 seconds
[2026-08-20T15:34:12.846+0000] {processor.py:161} INFO - Started process (PID=7164) to work on /home/airflow/.local/lib/python3.8/site-packages/airflow/example_dags/example_sla_dag.py
[2026-08-20T15:34:12.848+0000] {processor.py:830} INFO - Processing file /home/airflow/.local/lib/python3.8/site-packages/airflow/example_dags/example_sla_dag.py for tasks to queue
[2026-08-20T15:34:12.853+0000] {logging_mixin.py:188} INFO - [2026-08-20T15:34:12.851+0000] {dagbag.py:540} INFO - Filling up the DagBag from /home/airflow/.local/lib/python3.8/site-packages/airflow/example_dags/example_sla_dag.py
[2026-08-20T15:34:12.864+0000] {processor.py:840} INFO - DAG(s) 'example_sla_dag' retrieved from /home/airflow/.local/lib/python3.8/site-packages/airflow/example_dags/example_sla_dag.py
[2026-08-20T15:34:12.897+0000] {logging_mixin.py:188} INFO - [2026-08-20T15:34:12.896+0000] {dag.py:3047} INFO - Sync 1 DAGs
[2026-08-20T15:34:12.936+0000] {logging_mixin.py:188} INFO - [2026-08-20T15:34:12.936+0000] {dag.py:3834} INFO - Setting next_dagrun for example_sla_dag to 2026-08-20 15:32:00+00:00, run_after=2026-08-20 15:34:00+00:00
[2026-08-20T15:34:12.959+0000] {processor.py:183} INFO - Processing /home/airflow/.local/lib/python3.8/site-packages/airflow/example_dags/example_sla_dag.py took 0.118 seconds
[2026-08-20T15:34:43.090+0000] {processor.py:161} INFO - Started process (PID=7221) to work on /home/airflow/.local/lib/python3.8/site-packages/airflow/example_dags/example_sla_dag.py
[2026-08-20T15:34:43.091+0000] {processor.py:830} INFO - Processing file /home/airflow/.local/lib/python3.8/site-packages/airflow/example_dags/example_sla_dag.py for tasks to queue
[2026-08-20T15:34:43.094+0000] {logging_mixin.py:188} INFO - [2026-08-20T15:34:43.093+0000] {dagbag.py:540} INFO - Filling up the DagBag from /home/airflow/.local/lib/python3.8/site-packages/airflow/example_dags/example_sla_dag.py
[2026-08-20T15:34:43.105+0000] {processor.py:840} INFO - DAG(s) 'example_sla_dag' retrieved from /home/airflow/.local/lib/python3.8/site-packages/airflow/example_dags/example_sla_dag.py
[2026-08-20T15:34:43.130+0000] {logging_mixin.py:188} INFO - [2026-08-20T15:34:43.130+0000] {dag.py:3047} INFO - Sync 1 DAGs
[2026-08-20T15:34:43.160+0000] {logging_mixin.py:188} INFO - [2026-08-20T15:34:43.160+0000] {dag.py:3834} INFO - Setting next_dagrun for example_sla_dag to 2026-08-20 15:32:00+00:00, run_after=2026-08-20 15:34:00+00:00
[2026-08-20T15:34:43.184+0000] {processor.py:183} INFO - Processing /home/airflow/.local/lib/python3.8/site-packages/airflow/example_dags/example_sla_dag.py took 0.098 seconds
[2026-08-20T15:35:13.286+0000] {processor.py:161} INFO - Started process (PID=7278) to work on /home/airflow/.local/lib/python3.8/site-packages/airflow/example_dags/example_sla_dag.py
[2026-08-20T15:35:13.287+0000] {processor.py:830} INFO - Processing file /home/airflow/.local/lib/python3.8/site-packages/airflow/example_dags/example_sla_dag.py for tasks to queue
[2026-08-20T15:35:13.290+0000] {logging_mixin.py:188} INFO - [2026-08-20T15:35:13.289+0000] {dagbag.py:540} INFO - Filling up the DagBag from /home/airflow/.local/lib/python3.8/site-packages/airflow/example_dags/example_sla_dag.py
[2026-08-20T15:35:13.299+0000] {processor.py:840} INFO - DAG(s) 'example_sla_dag' retrieved from /home/airflow/.local/lib/python3.8/site-packages/airflow/example_dags/example_sla_dag.py
[2026-08-20T15:35:13.326+0000] {logging_mixin.py:188} INFO - [2026-08-20T15:35:13.325+0000] {dag.py:3047} INFO - Sync 1 DAGs
[2026-08-20T15:35:13.363+0000] {logging_mixin.py:188} INFO - [2026-08-20T15:35:13.363+0000] {dag.py:3834} INFO - Setting next_dagrun for example_sla_dag to 2026-08-20 15:32:00+00:00, run_after=2026-08-20 15:34:00+00:00
[2026-08-20T15:35:13.387+0000] {processor.py:183} INFO - Processing /home/airflow/.local/lib/python3.8/site-packages/airflow/example_dags/example_sla_dag.py took 0.104 seconds
[2026-08-20T15:35:43.530+0000] {processor.py:161} INFO - Started process (PID=7335) to work on /home/airflow/.local/lib/python3.8/site-packages/airflow/example_dags/example_sla_dag.py
[2026-08-20T15:35:43.535+0000] {processor.py:830} INFO - Processing file /home/airflow/.local/lib/python3.8/site-packages/airflow/example_dags/example_sla_dag.py for tasks to queue
[2026-08-20T15:35:43.538+0000] {logging_mixin.py:188} INFO - [2026-08-20T15:35:43.537+0000] {dagbag.py:540} INFO - Filling up the DagBag from /home/airflow/.local/lib/python3.8/site-packages/airflow/example_dags/example_sla_dag.py
[2026-08-20T15:35:43.554+0000] {processor.py:840} INFO - DAG(s) 'example_sla_dag' retrieved from /home/airflow/.local/lib/python3.8/site-packages/airflow/example_dags/example_sla_dag.py
[2026-08-20T15:35:43.582+0000] {logging_mixin.py:188} INFO - [2026-08-20T15:35:43.581+0000] {dag.py:3047} INFO - Sync 1 DAGs
[2026-08-20T15:35:43.632+0000] {logging_mixin.py:188} INFO - [2026-08-20T15:35:43.631+0000] {dag.py:3834} INFO - Setting next_dagrun for example_sla_dag to 2026-08-20 15:32:00+00:00, run_after=2026-08-20 15:34:00+00:00
[2026-08-20T15:35:43.660+0000] {processor.py:183} INFO - Processing /home/airflow/.local/lib/python3.8/site-packages/airflow/example_dags/example_sla_dag.py took 0.135 seconds
[2026-08-20T15:36:14.078+0000] {processor.py:161} INFO - Started process (PID=7392) to work on /home/airflow/.local/lib/python3.8/site-packages/airflow/example_dags/example_sla_dag.py
[2026-08-20T15:36:14.080+0000] {processor.py:830} INFO - Processing file /home/airflow/.local/lib/python3.8/site-packages/airflow/example_dags/example_sla_dag.py for tasks to queue
[2026-08-20T15:36:14.083+0000] {logging_mixin.py:188} INFO - [2026-08-20T15:36:14.083+0000] {dagbag.py:540} INFO - Filling up the DagBag from /home/airflow/.local/lib/python3.8/site-packages/airflow/example_dags/example_sla_dag.py
[2026-08-20T15:36:14.097+0000] {processor.py:840} INFO - DAG(s) 'example_sla_dag' retrieved from /home/airflow/.local/lib/python3.8/site-packages/airflow/example_dags/example_sla_dag.py
[2026-08-20T15:36:14.124+0000] {logging_mixin.py:188} INFO - [2026-08-20T15:36:14.123+0000] {dag.py:3047} INFO - Sync 1 DAGs
[2026-08-20T15:36:14.159+0000] {logging_mixin.py:188} INFO - [2026-08-20T15:36:14.159+0000] {dag.py:3834} INFO - Setting next_dagrun for example_sla_dag to 2026-08-20 15:34:00+00:00, run_after=2026-08-20 15:36:00+00:00
[2026-08-20T15:36:14.181+0000] {processor.py:183} INFO - Processing /home/airflow/.local/lib/python3.8/site-packages/airflow/example_dags/example_sla_dag.py took 0.109 seconds
[2026-08-20T15:36:44.561+0000] {processor.py:161} INFO - Started process (PID=7449) to work on /home/airflow/.local/lib/python3.8/site-packages/airflow/example_dags/example_sla_dag.py
[2026-08-20T15:36:44.562+0000] {processor.py:830} INFO - Processing file /home/airflow/.local/lib/python3.8/site-packages/airflow/example_dags/example_sla_dag.py for tasks to queue
[2026-08-20T15:36:44.565+0000] {logging_mixin.py:188} INFO - [2026-08-20T15:36:44.565+0000] {dagbag.py:540} INFO - Filling up the DagBag from /home/airflow/.local/lib/python3.8/site-packages/airflow/example_dags/example_sla_dag.py
[2026-08-20T15:36:44.579+0000] {processor.py:840} INFO - DAG(s) 'example_sla_dag' retrieved from /home/airflow/.local/lib/python3.8/site-packages/airflow/example_dags/example_sla_dag.py
[2026-08-20T15:36:44.609+0000] {logging_mixin.py:188} INFO - [2026-08-20T15:36:44.608+0000] {dag.py:3047} INFO - Sync 1 DAGs
[2026-08-20T15:36:44.643+0000] {logging_mixin.py:188} INFO - [2026-08-20T15:36:44.643+0000] {dag.py:3834} INFO - Setting next_dagrun for example_sla_dag to 2026-08-20 15:34:00+00:00, run_after=2026-08-20 15:36:00+00:00
[2026-08-20T15:36:44.666+0000] {processor.py:183} INFO - Processing /home/airflow/.local/lib/python3.8/site-packages/airflow/example_dags/example_sla_dag.py took 0.111 seconds
[2026-08-20T15:37:15.366+0000] {processor.py:161} INFO - Started process (PID=7506) to work on /home/airflow/.local/lib/python3.8/site-packages/airflow/example_dags/example_sla_dag.py
[2026-08-20T15:37:15.367+0000] {processor.py:830} INFO - Processing file /home/airflow/.local/lib/python3.8/site-packages/airflow/example_dags/example_sla_dag.py for tasks to queue
[2026-08-20T15:37:15.372+0000] {logging_mixin.py:188} INFO - [2026-08-20T15:37:15.371+0000] {dagbag.py:540} INFO - Filling up the DagBag from /home/airflow/.local/lib/python3.8/site-packages/airflow/example_dags/example_sla_dag.py
[2026-08-20T15:37:15.384+0000] {processor.py:840} INFO - DAG(s) 'example_sla_dag' retrieved from /home/airflow/.local/lib/python3.8/site-packages/airflow/example_dags/example_sla_dag.py
[2026-08-20T15:37:15.412+0000] {logging_mixin.py:188} INFO - [2026-08-20T15:37:15.412+0000] {dag.py:3047} INFO - Sync 1 DAGs
[2026-08-20T15:37:15.444+0000] {logging_mixin.py:188} INFO - [2026-08-20T15:37:15.444+0000] {dag.py:3834} INFO - Setting next_dagrun for example_sla_dag to 2026-08-20 15:34:00+00:00, run_after=2026-08-20 15:36:00+00:00
[2026-08-20T15:37:15.466+0000] {processor.py:183} INFO - Processing /home/airflow/.local/lib/python3.8/site-packages/airflow/example_dags/example_sla_dag.py took 0.105 seconds
[2026-08-20T15:37:45.705+0000] {processor.py:161} INFO - Started process (PID=7563) to work on /home/airflow/.local/lib/python3.8/site-packages/airflow/example_dags/example_sla_dag.py
[2026-08-20T15:37:45.707+0000] {processor.py:830} INFO - Processing file /home/airflow/.local/lib/python3.8/site-packages/airflow/example_dags/example_sla_dag.py for tasks to queue
[2026-08-20T15:37:45.710+0000] {logging_mixin.py:188} INFO - [2026-08-20T15:37:45.710+0000] {dagbag.py:540} INFO - Filling up the DagBag from /home/airflow/.local/lib/python3.8/site-packages/airflow/example_dags/example_sla_dag.py
[2026-08-20T15:37:45.723+0000] {processor.py:840} INFO - DAG(s) 'example_sla_dag' retrieved from /home/airflow/.local/lib/python3.8/site-packages/airflow/example_dags/example_sla_dag.py
[2026-08-20T15:37:45.747+0000] {logging_mixin.py:188} INFO - [2026-08-20T15:37:45.746+0000] {dag.py:3047} INFO - Sync 1 DAGs
[2026-08-20T15:37:45.779+0000] {logging_mixin.py:188} INFO - [2026-08-20T15:37:45.779+0000] {dag.py:3834} INFO - Setting next_dagrun for example_sla_dag to 2026-08-20 15:34:00+00:00, run_after=2026-08-20 15:36:00+00:00
[2026-08-20T15:37:45.805+0000] {processor.py:183} INFO - Processing /home/airflow/.local/lib/python3.8/site-packages/airflow/example_dags/example_sla_dag.py took 0.104 seconds
[2026-08-20T15:38:16.346+0000] {processor.py:161} INFO - Started process (PID=7620) to work on /home/airflow/.local/lib/python3.8/site-packages/airflow/example_dags/example_sla_dag.py
[2026-08-20T15:38:16.349+0000] {processor.py:830} INFO - Processing file /home/airflow/.local/lib/python3.8/site-packages/airflow/example_dags/example_sla_dag.py for tasks to queue
[2026-08-20T15:38:16.352+0000] {logging_mixin.py:188} INFO - [2026-08-20T15:38:16.352+0000] {dagbag.py:540} INFO - Filling up the DagBag from /home/airflow/.local/lib/python3.8/site-packages/airflow/example_dags/example_sla_dag.py
[2026-08-20T15:38:16.369+0000] {processor.py:840} INFO - DAG(s) 'example_sla_dag' retrieved from /home/airflow/.local/lib/python3.8/site-packages/airflow/example_dags/example_sla_dag.py
[2026-08-20T15:38:16.406+0000] {logging_mixin.py:188} INFO - [2026-08-20T15:38:16.406+0000] {dag.py:3047} INFO - Sync 1 DAGs
[2026-08-20T15:38:16.441+0000] {logging_mixin.py:188} INFO - [2026-08-20T15:38:16.441+0000] {dag.py:3834} INFO - Setting next_dagrun for example_sla_dag to 2026-08-20 15:36:00+00:00, run_after=2026-08-20 15:38:00+00:00
[2026-08-20T15:38:16.471+0000] {processor.py:183} INFO - Processing /home/airflow/.local/lib/python3.8/site-packages/airflow/example_dags/example_sla_dag.py took 0.130 seconds
[2026-08-20T15:38:47.248+0000] {processor.py:161} INFO - Started process (PID=7678) to work on /home/airflow/.local/lib/python3.8/site-packages/airflow/example_dags/example_sla_dag.py
[2026-08-20T15:38:47.250+0000] {processor.py:830} INFO - Processing file /home/airflow/.local/lib/python3.8/site-packages/airflow/example_dags/example_sla_dag.py for tasks to queue
[2026-08-20T15:38:47.253+0000] {logging_mixin.py:188} INFO - [2026-08-20T15:38:47.252+0000] {dagbag.py:540} INFO - Filling up the DagBag from /home/airflow/.local/lib/python3.8/site-packages/airflow/example_dags/example_sla_dag.py
[2026-08-20T15:38:47.262+0000] {processor.py:840} INFO - DAG(s) 'example_sla_dag' retrieved from /home/airflow/.local/lib/python3.8/site-packages/airflow/example_dags/example_sla_dag.py
[2026-08-20T15:38:47.286+0000] {logging_mixin.py:188} INFO - [2026-08-20T15:38:47.286+0000] {dag.py:3047} INFO - Sync 1 DAGs
[2026-08-20T15:38:47.317+0000] {logging_mixin.py:188} INFO - [2026-08-20T15:38:47.317+0000] {dag.py:3834} INFO - Setting next_dagrun for example_sla_dag to 2026-08-20 15:36:00+00:00, run_after=2026-08-20 15:38:00+00:00
[2026-08-20T15:38:47.338+0000] {processor.py:183} INFO - Processing /home/airflow/.local/lib/python3.8/site-packages/airflow/example_dags/example_sla_dag.py took 0.094 seconds
[2026-08-20T15:41:40.682+0000] {processor.py:161} INFO - Started process (PID=7742) to work on /home/airflow/.local/lib/python3.8/site-packages/airflow/example_dags/example_sla_dag.py
[2026-08-20T15:41:40.688+0000] {processor.py:830} INFO - Processing file /home/airflow/.local/lib/python3.8/site-packages/airflow/example_dags/example_sla_dag.py for tasks to queue
[2026-08-20T15:41:40.696+0000] {logging_mixin.py:188} INFO - [2026-08-20T15:41:40.695+0000] {dagbag.py:540} INFO - Filling up the DagBag from /home/airflow/.local/lib/python3.8/site-packages/airflow/example_dags/example_sla_dag.py
[2026-08-20T15:41:40.732+0000] {processor.py:840} INFO - DAG(s) 'example_sla_dag' retrieved from /home/airflow/.local/lib/python3.8/site-packages/airflow/example_dags/example_sla_dag.py
[2026-08-20T15:41:40.813+0000] {logging_mixin.py:188} INFO - [2026-08-20T15:41:40.812+0000] {dag.py:3047} INFO - Sync 1 DAGs
[2026-08-20T15:41:40.912+0000] {logging_mixin.py:188} INFO - [2026-08-20T15:41:40.911+0000] {dag.py:3834} INFO - Setting next_dagrun for example_sla_dag to 2026-08-20 15:38:00+00:00, run_after=2026-08-20 15:40:00+00:00
[2026-08-20T15:41:41.029+0000] {processor.py:183} INFO - Processing /home/airflow/.local/lib/python3.8/site-packages/airflow/example_dags/example_sla_dag.py took 0.358 seconds
[2026-08-20T16:47:34.018+0000] {processor.py:161} INFO - Started process (PID=7796) to work on /home/airflow/.local/lib/python3.8/site-packages/airflow/example_dags/example_sla_dag.py
[2026-08-20T16:47:34.021+0000] {processor.py:830} INFO - Processing file /home/airflow/.local/lib/python3.8/site-packages/airflow/example_dags/example_sla_dag.py for tasks to queue
[2026-08-20T16:47:34.025+0000] {logging_mixin.py:188} INFO - [2026-08-20T16:47:34.024+0000] {dagbag.py:540} INFO - Filling up the DagBag from /home/airflow/.local/lib/python3.8/site-packages/airflow/example_dags/example_sla_dag.py
[2026-08-20T16:47:34.064+0000] {processor.py:840} INFO - DAG(s) 'example_sla_dag' retrieved from /home/airflow/.local/lib/python3.8/site-packages/airflow/example_dags/example_sla_dag.py
[2026-08-20T16:47:34.133+0000] {logging_mixin.py:188} INFO - [2026-08-20T16:47:34.132+0000] {dag.py:3047} INFO - Sync 1 DAGs
[2026-08-20T16:47:34.243+0000] {logging_mixin.py:188} INFO - [2026-08-20T16:47:34.243+0000] {dag.py:3834} INFO - Setting next_dagrun for example_sla_dag to 2026-08-20 16:44:00+00:00, run_after=2026-08-20 16:46:00+00:00
[2026-08-20T16:47:34.331+0000] {processor.py:183} INFO - Processing /home/airflow/.local/lib/python3.8/site-packages/airflow/example_dags/example_sla_dag.py took 0.331 seconds
