[2026-08-20T14:31:06.028+0000] {processor.py:161} INFO - Started process (PID=104) to work on /home/airflow/.local/lib/python3.8/site-packages/airflow/example_dags/example_dag_decorator.py
[2026-08-20T14:31:06.031+0000] {processor.py:830} INFO - Processing file /home/airflow/.local/lib/python3.8/site-packages/airflow/example_dags/example_dag_decorator.py for tasks to queue
[2026-08-20T14:31:06.035+0000] {logging_mixin.py:188} INFO - [2026-08-20T14:31:06.035+0000] {dagbag.py:540} INFO - Filling up the DagBag from /home/airflow/.local/lib/python3.8/site-packages/airflow/example_dags/example_dag_decorator.py
[2026-08-20T14:31:06.386+0000] {processor.py:840} INFO - DAG(s) 'example_dag_decorator' retrieved from /home/airflow/.local/lib/python3.8/site-packages/airflow/example_dags/example_dag_decorator.py
[2026-08-20T14:31:06.538+0000] {logging_mixin.py:188} INFO - [2026-08-20T14:31:06.538+0000] {dag.py:3047} INFO - Sync 1 DAGs
[2026-08-20T14:31:06.559+0000] {logging_mixin.py:188} INFO - [2026-08-20T14:31:06.559+0000] {dag.py:3834} INFO - Setting next_dagrun for example_dag_decorator to None, run_after=None
[2026-08-20T14:31:06.591+0000] {processor.py:183} INFO - Processing /home/airflow/.local/lib/python3.8/site-packages/airflow/example_dags/example_dag_decorator.py took 0.572 seconds
[2026-08-20T14:31:36.949+0000] {processor.py:161} INFO - Started process (PID=159) to work on /home/airflow/.local/lib/python3.8/site-packages/airflow/example_dags/example_dag_decorator.py
[2026-08-20T14:31:36.951+0000] {processor.py:830} INFO - Processing file /home/airflow/.local/lib/python3.8/site-packages/airflow/example_dags/example_dag_decorator.py for tasks to queue
[2026-08-20T14:31:36.955+0000] {logging_mixin.py:188} INFO - [2026-08-20T14:31:36.954+0000] {dagbag.py:540} INFO - Filling up the DagBag from /home/airflow/.local/lib/python3.8/site-packages/airflow/example_dags/example_dag_decorator.py
[2026-08-20T14:31:37.095+0000] {processor.py:840} INFO - DAG(s) 'example_dag_decorator' retrieved from /home/airflow/.local/lib/python3.8/site-packages/airflow/example_dags/example_dag_decorator.py
[2026-08-20T14:31:37.217+0000] {logging_mixin.py:188} INFO - [2026-08-20T14:31:37.217+0000] {dag.py:3047} INFO - Sync 1 DAGs
[2026-08-20T14:31:37.230+0000] {logging_mixin.py:188} INFO - [2026-08-20T14:31:37.230+0000] {dag.py:3834} INFO - Setting next_dagrun for example_dag_decorator to None, run_after=None
[2026-08-20T14:31:37.251+0000] {processor.py:183} INFO - Processing /home/airflow/.local/lib/python3.8/site-packages/airflow/example_dags/example_dag_decorator.py took 0.307 seconds
[2026-08-20T14:32:07.552+0000] {processor.py:161} INFO - Started process (PID=214) to work on /home/airflow/.local/lib/python3.8/site-packages/airflow/example_dags/example_dag_decorator.py
[2026-08-20T14:32:07.554+0000] {processor.py:830} INFO - Processing file /home/airflow/.local/lib/python3.8/site-packages/airflow/example_dags/example_dag_decorator.py for tasks to queue
[2026-08-20T14:32:07.558+0000] {logging_mixin.py:188} INFO - [2026-08-20T14:32:07.558+0000] {dagbag.py:540} INFO - Filling up the DagBag from /home/airflow/.local/lib/python3.8/site-packages/airflow/example_dags/example_dag_decorator.py
[2026-08-20T14:32:07.687+0000] {processor.py:840} INFO - DAG(s) 'example_dag_decorator' retrieved from /home/airflow/.local/lib/python3.8/site-packages/airflow/example_dags/example_dag_decorator.py
[2026-08-20T14:32:07.852+0000] {logging_mixin.py:188} INFO - [2026-08-20T14:32:07.851+0000] {dag.py:3047} INFO - Sync 1 DAGs
[2026-08-20T14:32:07.872+0000] {logging_mixin.py:188} INFO - [2026-08-20T14:32:07.871+0000] {dag.py:3834} INFO - Setting next_dagrun for example_dag_decorator to None, run_after=None
[2026-08-20T14:32:07.903+0000] {processor.py:183} INFO - Processing /home/airflow/.local/lib/python3.8/site-packages/airflow/example_dags/example_dag_decorator.py took 0.358 seconds
[2026-08-20T14:32:38.464+0000] {processor.py:161} INFO - Started process (PID=269) to work on /home/airflow/.local/lib/python3.8/site-packages/airflow/example_dags/example_dag_decorator.py
[2026-08-20T14:32:38.467+0000] {processor.py:830} INFO - Processing file /home/airflow/.local/lib/python3.8/site-packages/airflow/example_dags/example_dag_decorator.py for tasks to queue
[2026-08-20T14:32:38.471+0000] {logging_mixin.py:188} INFO - [2026-08-20T14:32:38.470+0000] {dagbag.py:540} INFO - Filling up the DagBag from /home/airflow/.local/lib/python3.8/site-packages/airflow/example_dags/example_dag_decorator.py
[2026-08-20T14:32:38.590+0000] {processor.py:840} INFO - DAG(s) 'example_dag_decorator' retrieved from /home/airflow/.local/lib/python3.8/site-packages/airflow/example_dags/example_dag_decorator.py
[2026-08-20T14:32:38.727+0000] {logging_mixin.py:188} INFO - [2026-08-20T14:32:38.727+0000] {dag.py:3047} INFO - Sync 1 DAGs
[2026-08-20T14:32:38.740+0000] {logging_mixin.py:188} INFO - [2026-08-20T14:32:38.739+0000] {dag.py:3834} INFO - Setting next_dagrun for example_dag_decorator to None, run_after=None
[2026-08-20T14:32:38.764+0000] {processor.py:183} INFO - Processing /home/airflow/.local/lib/python3.8/site-packages/airflow/example_dags/example_dag_decorator.py took 0.304 seconds
[2026-08-20T14:33:09.444+0000] {processor.py:161} INFO - Started process (PID=324) to work on /home/airflow/.local/lib/python3.8/site-packages/airflow/example_dags/example_dag_decorator.py
[2026-08-20T14:33:09.446+0000] {processor.py:830} INFO - Processing file /home/airflow/.local/lib/python3.8/site-packages/airflow/example_dags/example_dag_decorator.py for tasks to queue
[2026-08-20T14:33:09.450+0000] {logging_mixin.py:188} INFO - [2026-08-20T14:33:09.449+0000] {dagbag.py:540} INFO - Filling up the DagBag from /home/airflow/.local/lib/python3.8/site-packages/airflow/example_dags/example_dag_decorator.py
[2026-08-20T14:33:09.589+0000] {processor.py:840} INFO - DAG(s) 'example_dag_decorator' retrieved from /home/airflow/.local/lib/python3.8/site-packages/airflow/example_dags/example_dag_decorator.py
[2026-08-20T14:33:09.769+0000] {logging_mixin.py:188} INFO - [2026-08-20T14:33:09.767+0000] {dag.py:3047} INFO - Sync 1 DAGs
[2026-08-20T14:33:09.790+0000] {logging_mixin.py:188} INFO - [2026-08-20T14:33:09.790+0000] {dag.py:3834} INFO - Setting next_dagrun for example_dag_decorator to None, run_after=None
[2026-08-20T14:33:09.816+0000] {processor.py:183} INFO - Processing /home/airflow/.local/lib/python3.8/site-packages/airflow/example_dags/example_dag_decorator.py took 0.378 seconds
[2026-08-20T14:33:40.092+0000] {processor.py:161} INFO - Started process (PID=379) to work on /home/airflow/.local/lib/python3.8/site-packages/airflow/example_dags/example_dag_decorator.py
[2026-08-20T14:33:40.095+0000] {processor.py:830} INFO - Processing file /home/airflow/.local/lib/python3.8/site-packages/airflow/example_dags/example_dag_decorator.py for tasks to queue
[2026-08-20T14:33:40.100+0000] {logging_mixin.py:188} INFO - [2026-08-20T14:33:40.100+0000] {dagbag.py:540} INFO - Filling up the DagBag from /home/airflow/.local/lib/python3.8/site-packages/airflow/example_dags/example_dag_decorator.py
[2026-08-20T14:33:40.248+0000] {processor.py:840} INFO - DAG(s) 'example_dag_decorator' retrieved from /home/airflow/.local/lib/python3.8/site-packages/airflow/example_dags/example_dag_decorator.py
[2026-08-20T14:33:40.403+0000] {logging_mixin.py:188} INFO - [2026-08-20T14:33:40.403+0000] {dag.py:3047} INFO - Sync 1 DAGs
[2026-08-20T14:33:40.423+0000] {logging_mixin.py:188} INFO - [2026-08-20T14:33:40.422+0000] {dag.py:3834} INFO - Setting next_dagrun for example_dag_decorator to None, run_after=None
[2026-08-20T14:33:40.453+0000] {processor.py:183} INFO - Processing /home/airflow/.local/lib/python3.8/site-packages/airflow/example_dags/example_dag_decorator.py took 0.370 seconds
[2026-08-20T14:34:10.978+0000] {processor.py:161} INFO - Started process (PID=434) to work on /home/airflow/.local/lib/python3.8/site-packages/airflow/example_dags/example_dag_decorator.py
[2026-08-20T14:34:10.984+0000] {processor.py:830} INFO - Processing file /home/airflow/.local/lib/python3.8/site-packages/airflow/example_dags/example_dag_decorator.py for tasks to queue
[2026-08-20T14:34:10.988+0000] {logging_mixin.py:188} INFO - [2026-08-20T14:34:10.988+0000] {dagbag.py:540} INFO - Filling up the DagBag from /home/airflow/.local/lib/python3.8/site-packages/airflow/example_dags/example_dag_decorator.py
[2026-08-20T14:34:11.321+0000] {processor.py:840} INFO - DAG(s) 'example_dag_decorator' retrieved from /home/airflow/.local/lib/python3.8/site-packages/airflow/example_dags/example_dag_decorator.py
[2026-08-20T14:34:11.585+0000] {logging_mixin.py:188} INFO - [2026-08-20T14:34:11.585+0000] {dag.py:3047} INFO - Sync 1 DAGs
[2026-08-20T14:34:11.600+0000] {logging_mixin.py:188} INFO - [2026-08-20T14:34:11.600+0000] {dag.py:3834} INFO - Setting next_dagrun for example_dag_decorator to None, run_after=None
[2026-08-20T14:34:11.625+0000] {processor.py:183} INFO - Processing /home/airflow/.local/lib/python3.8/site-packages/airflow/example_dags/example_dag_decorator.py took 0.651 seconds
[2026-08-20T14:34:42.304+0000] {processor.py:161} INFO - Started process (PID=489) to work on /home/airflow/.local/lib/python3.8/site-packages/airflow/example_dags/example_dag_decorator.py
[2026-08-20T14:34:42.307+0000] {processor.py:830} INFO - Processing file /home/airflow/.local/lib/python3.8/site-packages/airflow/example_dags/example_dag_decorator.py for tasks to queue
[2026-08-20T14:34:42.312+0000] {logging_mixin.py:188} INFO - [2026-08-20T14:34:42.311+0000] {dagbag.py:540} INFO - Filling up the DagBag from /home/airflow/.local/lib/python3.8/site-packages/airflow/example_dags/example_dag_decorator.py
[2026-08-20T14:34:42.481+0000] {processor.py:840} INFO - DAG(s) 'example_dag_decorator' retrieved from /home/airflow/.local/lib/python3.8/site-packages/airflow/example_dags/example_dag_decorator.py
[2026-08-20T14:34:42.617+0000] {logging_mixin.py:188} INFO - [2026-08-20T14:34:42.617+0000] {dag.py:3047} INFO - Sync 1 DAGs
[2026-08-20T14:34:42.631+0000] {logging_mixin.py:188} INFO - [2026-08-20T14:34:42.630+0000] {dag.py:3834} INFO - Setting next_dagrun for example_dag_decorator to None, run_after=None
[2026-08-20T14:34:42.655+0000] {processor.py:183} INFO - Processing /home/airflow/.local/lib/python3.8/site-packages/airflow/example_dags/example_dag_decorator.py took 0.356 seconds
[2026-08-20T14:35:12.792+0000] {processor.py:161} INFO - Started process (PID=544) to work on /home/airflow/.local/lib/python3.8/site-packages/airflow/example_dags/example_dag_decorator.py
[2026-08-20T14:35:12.794+0000] {processor.py:830} INFO - Processing file /home/airflow/.local/lib/python3.8/site-packages/airflow/example_dags/example_dag_decorator.py for tasks to queue
[2026-08-20T14:35:12.798+0000] {logging_mixin.py:188} INFO - [2026-08-20T14:35:12.797+0000] {dagbag.py:540} INFO - Filling up the DagBag from /home/airflow/.local/lib/python3.8/site-packages/airflow/example_dags/example_dag_decorator.py
[2026-08-20T14:35:12.944+0000] {processor.py:840} INFO - DAG(s) 'example_dag_decorator' retrieved from /home/airflow/.local/lib/python3.8/site-packages/airflow/example_dags/example_dag_decorator.py
[2026-08-20T14:35:13.125+0000] {logging_mixin.py:188} INFO - [2026-08-20T14:35:13.124+0000] {dag.py:3047} INFO - Sync 1 DAGs
[2026-08-20T14:35:13.142+0000] {logging_mixin.py:188} INFO - [2026-08-20T14:35:13.141+0000] {dag.py:3834} INFO - Setting next_dagrun for example_dag_decorator to None, run_after=None
[2026-08-20T14:35:13.170+0000] {processor.py:183} INFO - Processing /home/airflow/.local/lib/python3.8/site-packages/airflow/example_dags/example_dag_decorator.py took 0.383 seconds
[2026-08-20T14:35:43.336+0000] {processor.py:161} INFO - Started process (PID=601) to work on /home/airflow/.local/lib/python3.8/site-packages/airflow/example_dags/example_dag_decorator.py
[2026-08-20T14:35:43.338+0000] {processor.py:830} INFO - Processing file /home/airflow/.local/lib/python3.8/site-packages/airflow/example_dags/example_dag_decorator.py for tasks to queue
[2026-08-20T14:35:43.341+0000] {logging_mixin.py:188} INFO - [2026-08-20T14:35:43.340+0000] {dagbag.py:540} INFO - Filling up the DagBag from /home/airflow/.local/lib/python3.8/site-packages/airflow/example_dags/example_dag_decorator.py
[2026-08-20T14:35:43.461+0000] {processor.py:840} INFO - DAG(s) 'example_dag_decorator' retrieved from /home/airflow/.local/lib/python3.8/site-packages/airflow/example_dags/example_dag_decorator.py
[2026-08-20T14:35:43.581+0000] {logging_mixin.py:188} INFO - [2026-08-20T14:35:43.581+0000] {dag.py:3047} INFO - Sync 1 DAGs
[2026-08-20T14:35:43.594+0000] {logging_mixin.py:188} INFO - [2026-08-20T14:35:43.594+0000] {dag.py:3834} INFO - Setting next_dagrun for example_dag_decorator to None, run_after=None
[2026-08-20T14:35:43.620+0000] {processor.py:183} INFO - Processing /home/airflow/.local/lib/python3.8/site-packages/airflow/example_dags/example_dag_decorator.py took 0.288 seconds
[2026-08-20T14:36:13.830+0000] {processor.py:161} INFO - Started process (PID=659) to work on /home/airflow/.local/lib/python3.8/site-packages/airflow/example_dags/example_dag_decorator.py
[2026-08-20T14:36:13.832+0000] {processor.py:830} INFO - Processing file /home/airflow/.local/lib/python3.8/site-packages/airflow/example_dags/example_dag_decorator.py for tasks to queue
[2026-08-20T14:36:13.834+0000] {logging_mixin.py:188} INFO - [2026-08-20T14:36:13.834+0000] {dagbag.py:540} INFO - Filling up the DagBag from /home/airflow/.local/lib/python3.8/site-packages/airflow/example_dags/example_dag_decorator.py
[2026-08-20T14:36:13.949+0000] {processor.py:840} INFO - DAG(s) 'example_dag_decorator' retrieved from /home/airflow/.local/lib/python3.8/site-packages/airflow/example_dags/example_dag_decorator.py
[2026-08-20T14:36:14.073+0000] {logging_mixin.py:188} INFO - [2026-08-20T14:36:14.073+0000] {dag.py:3047} INFO - Sync 1 DAGs
[2026-08-20T14:36:14.086+0000] {logging_mixin.py:188} INFO - [2026-08-20T14:36:14.086+0000] {dag.py:3834} INFO - Setting next_dagrun for example_dag_decorator to None, run_after=None
[2026-08-20T14:36:14.112+0000] {processor.py:183} INFO - Processing /home/airflow/.local/lib/python3.8/site-packages/airflow/example_dags/example_dag_decorator.py took 0.286 seconds
[2026-08-20T14:36:44.377+0000] {processor.py:161} INFO - Started process (PID=713) to work on /home/airflow/.local/lib/python3.8/site-packages/airflow/example_dags/example_dag_decorator.py
[2026-08-20T14:36:44.379+0000] {processor.py:830} INFO - Processing file /home/airflow/.local/lib/python3.8/site-packages/airflow/example_dags/example_dag_decorator.py for tasks to queue
[2026-08-20T14:36:44.383+0000] {logging_mixin.py:188} INFO - [2026-08-20T14:36:44.382+0000] {dagbag.py:540} INFO - Filling up the DagBag from /home/airflow/.local/lib/python3.8/site-packages/airflow/example_dags/example_dag_decorator.py
[2026-08-20T14:36:44.588+0000] {processor.py:840} INFO - DAG(s) 'example_dag_decorator' retrieved from /home/airflow/.local/lib/python3.8/site-packages/airflow/example_dags/example_dag_decorator.py
[2026-08-20T14:36:44.808+0000] {logging_mixin.py:188} INFO - [2026-08-20T14:36:44.808+0000] {dag.py:3047} INFO - Sync 1 DAGs
[2026-08-20T14:36:44.831+0000] {logging_mixin.py:188} INFO - [2026-08-20T14:36:44.831+0000] {dag.py:3834} INFO - Setting next_dagrun for example_dag_decorator to None, run_after=None
[2026-08-20T14:36:45.032+0000] {processor.py:183} INFO - Processing /home/airflow/.local/lib/python3.8/site-packages/airflow/example_dags/example_dag_decorator.py took 0.659 seconds
[2026-08-20T14:37:15.966+0000] {processor.py:161} INFO - Started process (PID=771) to work on /home/airflow/.local/lib/python3.8/site-packages/airflow/example_dags/example_dag_decorator.py
[2026-08-20T14:37:15.968+0000] {processor.py:830} INFO - Processing file /home/airflow/.local/lib/python3.8/site-packages/airflow/example_dags/example_dag_decorator.py for tasks to queue
[2026-08-20T14:37:15.971+0000] {logging_mixin.py:188} INFO - [2026-08-20T14:37:15.971+0000] {dagbag.py:540} INFO - Filling up the DagBag from /home/airflow/.local/lib/python3.8/site-packages/airflow/example_dags/example_dag_decorator.py
[2026-08-20T14:37:16.091+0000] {processor.py:840} INFO - DAG(s) 'example_dag_decorator' retrieved from /home/airflow/.local/lib/python3.8/site-packages/airflow/example_dags/example_dag_decorator.py
[2026-08-20T14:37:16.237+0000] {logging_mixin.py:188} INFO - [2026-08-20T14:37:16.237+0000] {dag.py:3047} INFO - Sync 1 DAGs
[2026-08-20T14:37:16.254+0000] {logging_mixin.py:188} INFO - [2026-08-20T14:37:16.253+0000] {dag.py:3834} INFO - Setting next_dagrun for example_dag_decorator to None, run_after=None
[2026-08-20T14:37:16.280+0000] {processor.py:183} INFO - Processing /home/airflow/.local/lib/python3.8/site-packages/airflow/example_dags/example_dag_decorator.py took 0.319 seconds
[2026-08-20T14:37:46.493+0000] {processor.py:161} INFO - Started process (PID=828) to work on /home/airflow/.local/lib/python3.8/site-packages/airflow/example_dags/example_dag_decorator.py
[2026-08-20T14:37:46.494+0000] {processor.py:830} INFO - Processing file /home/airflow/.local/lib/python3.8/site-packages/airflow/example_dags/example_dag_decorator.py for tasks to queue
[2026-08-20T14:37:46.497+0000] {logging_mixin.py:188} INFO - [2026-08-20T14:37:46.497+0000] {dagbag.py:540} INFO - Filling up the DagBag from /home/airflow/.local/lib/python3.8/site-packages/airflow/example_dags/example_dag_decorator.py
[2026-08-20T14:37:46.614+0000] {processor.py:840} INFO - DAG(s) 'example_dag_decorator' retrieved from /home/airflow/.local/lib/python3.8/site-packages/airflow/example_dags/example_dag_decorator.py
[2026-08-20T14:37:46.739+0000] {logging_mixin.py:188} INFO - [2026-08-20T14:37:46.739+0000] {dag.py:3047} INFO - Sync 1 DAGs
[2026-08-20T14:37:46.755+0000] {logging_mixin.py:188} INFO - [2026-08-20T14:37:46.755+0000] {dag.py:3834} INFO - Setting next_dagrun for example_dag_decorator to None, run_after=None
[2026-08-20T14:37:46.784+0000] {processor.py:183} INFO - Processing /home/airflow/.local/lib/python3.8/site-packages/airflow/example_dags/example_dag_decorator.py took 0.295 seconds
[2026-08-20T14:38:17.163+0000] {processor.py:161} INFO - Started process (PID=885) to work on /home/airflow/.local/lib/python3.8/site-packages/airflow/example_dags/example_dag_decorator.py
[2026-08-20T14:38:17.165+0000] {processor.py:830} INFO - Processing file /home/airflow/.local/lib/python3.8/site-packages/airflow/example_dags/example_dag_decorator.py for tasks to queue
[2026-08-20T14:38:17.168+0000] {logging_mixin.py:188} INFO - [2026-08-20T14:38:17.168+0000] {dagbag.py:540} INFO - Filling up the DagBag from /home/airflow/.local/lib/python3.8/site-packages/airflow/example_dags/example_dag_decorator.py
[2026-08-20T14:38:17.284+0000] {processor.py:840} INFO - DAG(s) 'example_dag_decorator' retrieved from /home/airflow/.local/lib/python3.8/site-packages/airflow/example_dags/example_dag_decorator.py
[2026-08-20T14:38:17.421+0000] {logging_mixin.py:188} INFO - [2026-08-20T14:38:17.421+0000] {dag.py:3047} INFO - Sync 1 DAGs
[2026-08-20T14:38:17.435+0000] {logging_mixin.py:188} INFO - [2026-08-20T14:38:17.435+0000] {dag.py:3834} INFO - Setting next_dagrun for example_dag_decorator to None, run_after=None
[2026-08-20T14:38:17.459+0000] {processor.py:183} INFO - Processing /home/airflow/.local/lib/python3.8/site-packages/airflow/example_dags/example_dag_decorator.py took 0.301 seconds
[2026-08-20T14:38:47.872+0000] {processor.py:161} INFO - Started process (PID=942) to work on /home/airflow/.local/lib/python3.8/site-packages/airflow/example_dags/example_dag_decorator.py
[2026-08-20T14:38:47.874+0000] {processor.py:830} INFO - Processing file /home/airflow/.local/lib/python3.8/site-packages/airflow/example_dags/example_dag_decorator.py for tasks to queue
[2026-08-20T14:38:47.877+0000] {logging_mixin.py:188} INFO - [2026-08-20T14:38:47.877+0000] {dagbag.py:540} INFO - Filling up the DagBag from /home/airflow/.local/lib/python3.8/site-packages/airflow/example_dags/example_dag_decorator.py
[2026-08-20T14:38:47.991+0000] {processor.py:840} INFO - DAG(s) 'example_dag_decorator' retrieved from /home/airflow/.local/lib/python3.8/site-packages/airflow/example_dags/example_dag_decorator.py
[2026-08-20T14:38:48.126+0000] {logging_mixin.py:188} INFO - [2026-08-20T14:38:48.126+0000] {dag.py:3047} INFO - Sync 1 DAGs
[2026-08-20T14:38:48.142+0000] {logging_mixin.py:188} INFO - [2026-08-20T14:38:48.142+0000] {dag.py:3834} INFO - Setting next_dagrun for example_dag_decorator to None, run_after=None
[2026-08-20T14:38:48.172+0000] {processor.py:183} INFO - Processing /home/airflow/.local/lib/python3.8/site-packages/airflow/example_dags/example_dag_decorator.py took 0.304 seconds
[2026-08-20T14:39:18.418+0000] {processor.py:161} INFO - Started process (PID=999) to work on /home/airflow/.local/lib/python3.8/site-packages/airflow/example_dags/example_dag_decorator.py
[2026-08-20T14:39:18.421+0000] {processor.py:830} INFO - Processing file /home/airflow/.local/lib/python3.8/site-packages/airflow/example_dags/example_dag_decorator.py for tasks to queue
[2026-08-20T14:39:18.427+0000] {logging_mixin.py:188} INFO - [2026-08-20T14:39:18.426+0000] {dagbag.py:540} INFO - Filling up the DagBag from /home/airflow/.local/lib/python3.8/site-packages/airflow/example_dags/example_dag_decorator.py
[2026-08-20T14:39:18.629+0000] {processor.py:840} INFO - DAG(s) 'example_dag_decorator' retrieved from /home/airflow/.local/lib/python3.8/site-packages/airflow/example_dags/example_dag_decorator.py
[2026-08-20T14:39:18.846+0000] {logging_mixin.py:188} INFO - [2026-08-20T14:39:18.845+0000] {dag.py:3047} INFO - Sync 1 DAGs
[2026-08-20T14:39:18.866+0000] {logging_mixin.py:188} INFO - [2026-08-20T14:39:18.866+0000] {dag.py:3834} INFO - Setting next_dagrun for example_dag_decorator to None, run_after=None
[2026-08-20T14:39:18.895+0000] {processor.py:183} INFO - Processing /home/airflow/.local/lib/python3.8/site-packages/airflow/example_dags/example_dag_decorator.py took 0.485 seconds
[2026-08-20T14:39:49.680+0000] {processor.py:161} INFO - Started process (PID=1056) to work on /home/airflow/.local/lib/python3.8/site-packages/airflow/example_dags/example_dag_decorator.py
[2026-08-20T14:39:49.683+0000] {processor.py:830} INFO - Processing file /home/airflow/.local/lib/python3.8/site-packages/airflow/example_dags/example_dag_decorator.py for tasks to queue
[2026-08-20T14:39:49.686+0000] {logging_mixin.py:188} INFO - [2026-08-20T14:39:49.685+0000] {dagbag.py:540} INFO - Filling up the DagBag from /home/airflow/.local/lib/python3.8/site-packages/airflow/example_dags/example_dag_decorator.py
[2026-08-20T14:39:49.810+0000] {processor.py:840} INFO - DAG(s) 'example_dag_decorator' retrieved from /home/airflow/.local/lib/python3.8/site-packages/airflow/example_dags/example_dag_decorator.py
[2026-08-20T14:39:49.946+0000] {logging_mixin.py:188} INFO - [2026-08-20T14:39:49.946+0000] {dag.py:3047} INFO - Sync 1 DAGs
[2026-08-20T14:39:49.959+0000] {logging_mixin.py:188} INFO - [2026-08-20T14:39:49.959+0000] {dag.py:3834} INFO - Setting next_dagrun for example_dag_decorator to None, run_after=None
[2026-08-20T14:39:49.983+0000] {processor.py:183} INFO - Processing /home/airflow/.local/lib/python3.8/site-packages/airflow/example_dags/example_dag_decorator.py took 0.309 seconds
[2026-08-20T14:40:20.319+0000] {processor.py:161} INFO - Started process (PID=1113) to work on /home/airflow/.local/lib/python3.8/site-packages/airflow/example_dags/example_dag_decorator.py
[2026-08-20T14:40:20.322+0000] {processor.py:830} INFO - Processing file /home/airflow/.local/lib/python3.8/site-packages/airflow/example_dags/example_dag_decorator.py for tasks to queue
[2026-08-20T14:40:20.325+0000] {logging_mixin.py:188} INFO - [2026-08-20T14:40:20.325+0000] {dagbag.py:540} INFO - Filling up the DagBag from /home/airflow/.local/lib/python3.8/site-packages/airflow/example_dags/example_dag_decorator.py
[2026-08-20T14:40:20.452+0000] {processor.py:840} INFO - DAG(s) 'example_dag_decorator' retrieved from /home/airflow/.local/lib/python3.8/site-packages/airflow/example_dags/example_dag_decorator.py
[2026-08-20T14:40:20.589+0000] {logging_mixin.py:188} INFO - [2026-08-20T14:40:20.588+0000] {dag.py:3047} INFO - Sync 1 DAGs
[2026-08-20T14:40:20.606+0000] {logging_mixin.py:188} INFO - [2026-08-20T14:40:20.606+0000] {dag.py:3834} INFO - Setting next_dagrun for example_dag_decorator to None, run_after=None
[2026-08-20T14:40:20.635+0000] {processor.py:183} INFO - Processing /home/airflow/.local/lib/python3.8/site-packages/airflow/example_dags/example_dag_decorator.py took 0.322 seconds
[2026-08-20T14:40:50.689+0000] {processor.py:161} INFO - Started process (PID=1171) to work on /home/airflow/.local/lib/python3.8/site-packages/airflow/example_dags/example_dag_decorator.py
[2026-08-20T14:40:50.691+0000] {processor.py:830} INFO - Processing file /home/airflow/.local/lib/python3.8/site-packages/airflow/example_dags/example_dag_decorator.py for tasks to queue
[2026-08-20T14:40:50.694+0000] {logging_mixin.py:188} INFO - [2026-08-20T14:40:50.693+0000] {dagbag.py:540} INFO - Filling up the DagBag from /home/airflow/.local/lib/python3.8/site-packages/airflow/example_dags/example_dag_decorator.py
[2026-08-20T14:40:50.877+0000] {processor.py:840} INFO - DAG(s) 'example_dag_decorator' retrieved from /home/airflow/.local/lib/python3.8/site-packages/airflow/example_dags/example_dag_decorator.py
[2026-08-20T14:40:51.034+0000] {logging_mixin.py:188} INFO - [2026-08-20T14:40:51.033+0000] {dag.py:3047} INFO - Sync 1 DAGs
[2026-08-20T14:40:51.050+0000] {logging_mixin.py:188} INFO - [2026-08-20T14:40:51.050+0000] {dag.py:3834} INFO - Setting next_dagrun for example_dag_decorator to None, run_after=None
[2026-08-20T14:40:51.073+0000] {processor.py:183} INFO - Processing /home/airflow/.local/lib/python3.8/site-packages/airflow/example_dags/example_dag_decorator.py took 0.390 seconds
[2026-08-20T14:41:21.391+0000] {processor.py:161} INFO - Started process (PID=1227) to work on /home/airflow/.local/lib/python3.8/site-packages/airflow/example_dags/example_dag_decorator.py
[2026-08-20T14:41:21.393+0000] {processor.py:830} INFO - Processing file /home/airflow/.local/lib/python3.8/site-packages/airflow/example_dags/example_dag_decorator.py for tasks to queue
[2026-08-20T14:41:21.396+0000] {logging_mixin.py:188} INFO - [2026-08-20T14:41:21.396+0000] {dagbag.py:540} INFO - Filling up the DagBag from /home/airflow/.local/lib/python3.8/site-packages/airflow/example_dags/example_dag_decorator.py
[2026-08-20T14:41:21.539+0000] {processor.py:840} INFO - DAG(s) 'example_dag_decorator' retrieved from /home/airflow/.local/lib/python3.8/site-packages/airflow/example_dags/example_dag_decorator.py
[2026-08-20T14:41:21.676+0000] {logging_mixin.py:188} INFO - [2026-08-20T14:41:21.676+0000] {dag.py:3047} INFO - Sync 1 DAGs
[2026-08-20T14:41:21.691+0000] {logging_mixin.py:188} INFO - [2026-08-20T14:41:21.690+0000] {dag.py:3834} INFO - Setting next_dagrun for example_dag_decorator to None, run_after=None
[2026-08-20T14:41:21.715+0000] {processor.py:183} INFO - Processing /home/airflow/.local/lib/python3.8/site-packages/airflow/example_dags/example_dag_decorator.py took 0.330 seconds
[2026-08-20T14:41:51.858+0000] {processor.py:161} INFO - Started process (PID=1285) to work on /home/airflow/.local/lib/python3.8/site-packages/airflow/example_dags/example_dag_decorator.py
[2026-08-20T14:41:51.860+0000] {processor.py:830} INFO - Processing file /home/airflow/.local/lib/python3.8/site-packages/airflow/example_dags/example_dag_decorator.py for tasks to queue
[2026-08-20T14:41:51.863+0000] {logging_mixin.py:188} INFO - [2026-08-20T14:41:51.863+0000] {dagbag.py:540} INFO - Filling up the DagBag from /home/airflow/.local/lib/python3.8/site-packages/airflow/example_dags/example_dag_decorator.py
[2026-08-20T14:41:51.977+0000] {processor.py:840} INFO - DAG(s) 'example_dag_decorator' retrieved from /home/airflow/.local/lib/python3.8/site-packages/airflow/example_dags/example_dag_decorator.py
[2026-08-20T14:41:52.160+0000] {logging_mixin.py:188} INFO - [2026-08-20T14:41:52.159+0000] {dag.py:3047} INFO - Sync 1 DAGs
[2026-08-20T14:41:52.173+0000] {logging_mixin.py:188} INFO - [2026-08-20T14:41:52.172+0000] {dag.py:3834} INFO - Setting next_dagrun for example_dag_decorator to None, run_after=None
[2026-08-20T14:41:52.207+0000] {processor.py:183} INFO - Processing /home/airflow/.local/lib/python3.8/site-packages/airflow/example_dags/example_dag_decorator.py took 0.353 seconds
[2026-08-20T14:42:22.267+0000] {processor.py:161} INFO - Started process (PID=1343) to work on /home/airflow/.local/lib/python3.8/site-packages/airflow/example_dags/example_dag_decorator.py
[2026-08-20T14:42:22.269+0000] {processor.py:830} INFO - Processing file /home/airflow/.local/lib/python3.8/site-packages/airflow/example_dags/example_dag_decorator.py for tasks to queue
[2026-08-20T14:42:22.272+0000] {logging_mixin.py:188} INFO - [2026-08-20T14:42:22.271+0000] {dagbag.py:540} INFO - Filling up the DagBag from /home/airflow/.local/lib/python3.8/site-packages/airflow/example_dags/example_dag_decorator.py
[2026-08-20T14:42:22.395+0000] {processor.py:840} INFO - DAG(s) 'example_dag_decorator' retrieved from /home/airflow/.local/lib/python3.8/site-packages/airflow/example_dags/example_dag_decorator.py
[2026-08-20T14:42:22.550+0000] {logging_mixin.py:188} INFO - [2026-08-20T14:42:22.549+0000] {dag.py:3047} INFO - Sync 1 DAGs
[2026-08-20T14:42:22.567+0000] {logging_mixin.py:188} INFO - [2026-08-20T14:42:22.566+0000] {dag.py:3834} INFO - Setting next_dagrun for example_dag_decorator to None, run_after=None
[2026-08-20T14:42:22.607+0000] {processor.py:183} INFO - Processing /home/airflow/.local/lib/python3.8/site-packages/airflow/example_dags/example_dag_decorator.py took 0.345 seconds
[2026-08-20T14:42:52.771+0000] {processor.py:161} INFO - Started process (PID=1403) to work on /home/airflow/.local/lib/python3.8/site-packages/airflow/example_dags/example_dag_decorator.py
[2026-08-20T14:42:52.772+0000] {processor.py:830} INFO - Processing file /home/airflow/.local/lib/python3.8/site-packages/airflow/example_dags/example_dag_decorator.py for tasks to queue
[2026-08-20T14:42:52.776+0000] {logging_mixin.py:188} INFO - [2026-08-20T14:42:52.775+0000] {dagbag.py:540} INFO - Filling up the DagBag from /home/airflow/.local/lib/python3.8/site-packages/airflow/example_dags/example_dag_decorator.py
[2026-08-20T14:42:52.928+0000] {processor.py:840} INFO - DAG(s) 'example_dag_decorator' retrieved from /home/airflow/.local/lib/python3.8/site-packages/airflow/example_dags/example_dag_decorator.py
[2026-08-20T14:42:53.062+0000] {logging_mixin.py:188} INFO - [2026-08-20T14:42:53.061+0000] {dag.py:3047} INFO - Sync 1 DAGs
[2026-08-20T14:42:53.072+0000] {logging_mixin.py:188} INFO - [2026-08-20T14:42:53.072+0000] {dag.py:3834} INFO - Setting next_dagrun for example_dag_decorator to None, run_after=None
[2026-08-20T14:42:53.095+0000] {processor.py:183} INFO - Processing /home/airflow/.local/lib/python3.8/site-packages/airflow/example_dags/example_dag_decorator.py took 0.328 seconds
[2026-08-20T14:43:23.805+0000] {processor.py:161} INFO - Started process (PID=1460) to work on /home/airflow/.local/lib/python3.8/site-packages/airflow/example_dags/example_dag_decorator.py
[2026-08-20T14:43:23.808+0000] {processor.py:830} INFO - Processing file /home/airflow/.local/lib/python3.8/site-packages/airflow/example_dags/example_dag_decorator.py for tasks to queue
[2026-08-20T14:43:23.810+0000] {logging_mixin.py:188} INFO - [2026-08-20T14:43:23.810+0000] {dagbag.py:540} INFO - Filling up the DagBag from /home/airflow/.local/lib/python3.8/site-packages/airflow/example_dags/example_dag_decorator.py
[2026-08-20T14:43:23.912+0000] {processor.py:840} INFO - DAG(s) 'example_dag_decorator' retrieved from /home/airflow/.local/lib/python3.8/site-packages/airflow/example_dags/example_dag_decorator.py
[2026-08-20T14:43:24.018+0000] {logging_mixin.py:188} INFO - [2026-08-20T14:43:24.018+0000] {dag.py:3047} INFO - Sync 1 DAGs
[2026-08-20T14:43:24.030+0000] {logging_mixin.py:188} INFO - [2026-08-20T14:43:24.030+0000] {dag.py:3834} INFO - Setting next_dagrun for example_dag_decorator to None, run_after=None
[2026-08-20T14:43:24.052+0000] {processor.py:183} INFO - Processing /home/airflow/.local/lib/python3.8/site-packages/airflow/example_dags/example_dag_decorator.py took 0.250 seconds
[2026-08-20T14:43:55.015+0000] {processor.py:161} INFO - Started process (PID=1517) to work on /home/airflow/.local/lib/python3.8/site-packages/airflow/example_dags/example_dag_decorator.py
[2026-08-20T14:43:55.017+0000] {processor.py:830} INFO - Processing file /home/airflow/.local/lib/python3.8/site-packages/airflow/example_dags/example_dag_decorator.py for tasks to queue
[2026-08-20T14:43:55.020+0000] {logging_mixin.py:188} INFO - [2026-08-20T14:43:55.020+0000] {dagbag.py:540} INFO - Filling up the DagBag from /home/airflow/.local/lib/python3.8/site-packages/airflow/example_dags/example_dag_decorator.py
[2026-08-20T14:43:55.127+0000] {processor.py:840} INFO - DAG(s) 'example_dag_decorator' retrieved from /home/airflow/.local/lib/python3.8/site-packages/airflow/example_dags/example_dag_decorator.py
[2026-08-20T14:43:55.260+0000] {logging_mixin.py:188} INFO - [2026-08-20T14:43:55.260+0000] {dag.py:3047} INFO - Sync 1 DAGs
[2026-08-20T14:43:55.271+0000] {logging_mixin.py:188} INFO - [2026-08-20T14:43:55.271+0000] {dag.py:3834} INFO - Setting next_dagrun for example_dag_decorator to None, run_after=None
[2026-08-20T14:43:55.294+0000] {processor.py:183} INFO - Processing /home/airflow/.local/lib/python3.8/site-packages/airflow/example_dags/example_dag_decorator.py took 0.284 seconds
[2026-08-20T14:44:26.272+0000] {processor.py:161} INFO - Started process (PID=1574) to work on /home/airflow/.local/lib/python3.8/site-packages/airflow/example_dags/example_dag_decorator.py
[2026-08-20T14:44:26.274+0000] {processor.py:830} INFO - Processing file /home/airflow/.local/lib/python3.8/site-packages/airflow/example_dags/example_dag_decorator.py for tasks to queue
[2026-08-20T14:44:26.277+0000] {logging_mixin.py:188} INFO - [2026-08-20T14:44:26.277+0000] {dagbag.py:540} INFO - Filling up the DagBag from /home/airflow/.local/lib/python3.8/site-packages/airflow/example_dags/example_dag_decorator.py
[2026-08-20T14:44:26.374+0000] {processor.py:840} INFO - DAG(s) 'example_dag_decorator' retrieved from /home/airflow/.local/lib/python3.8/site-packages/airflow/example_dags/example_dag_decorator.py
[2026-08-20T14:44:26.479+0000] {logging_mixin.py:188} INFO - [2026-08-20T14:44:26.479+0000] {dag.py:3047} INFO - Sync 1 DAGs
[2026-08-20T14:44:26.492+0000] {logging_mixin.py:188} INFO - [2026-08-20T14:44:26.492+0000] {dag.py:3834} INFO - Setting next_dagrun for example_dag_decorator to None, run_after=None
[2026-08-20T14:44:26.514+0000] {processor.py:183} INFO - Processing /home/airflow/.local/lib/python3.8/site-packages/airflow/example_dags/example_dag_decorator.py took 0.247 seconds
[2026-08-20T14:44:57.098+0000] {processor.py:161} INFO - Started process (PID=1631) to work on /home/airflow/.local/lib/python3.8/site-packages/airflow/example_dags/example_dag_decorator.py
[2026-08-20T14:44:57.100+0000] {processor.py:830} INFO - Processing file /home/airflow/.local/lib/python3.8/site-packages/airflow/example_dags/example_dag_decorator.py for tasks to queue
[2026-08-20T14:44:57.103+0000] {logging_mixin.py:188} INFO - [2026-08-20T14:44:57.103+0000] {dagbag.py:540} INFO - Filling up the DagBag from /home/airflow/.local/lib/python3.8/site-packages/airflow/example_dags/example_dag_decorator.py
[2026-08-20T14:44:57.203+0000] {processor.py:840} INFO - DAG(s) 'example_dag_decorator' retrieved from /home/airflow/.local/lib/python3.8/site-packages/airflow/example_dags/example_dag_decorator.py
[2026-08-20T14:44:57.230+0000] {logging_mixin.py:188} INFO - [2026-08-20T14:44:57.229+0000] {dag.py:3047} INFO - Sync 1 DAGs
[2026-08-20T14:44:57.243+0000] {logging_mixin.py:188} INFO - [2026-08-20T14:44:57.242+0000] {dag.py:3834} INFO - Setting next_dagrun for example_dag_decorator to None, run_after=None
[2026-08-20T14:44:57.264+0000] {processor.py:183} INFO - Processing /home/airflow/.local/lib/python3.8/site-packages/airflow/example_dags/example_dag_decorator.py took 0.169 seconds
[2026-08-20T14:45:27.789+0000] {processor.py:161} INFO - Started process (PID=1688) to work on /home/airflow/.local/lib/python3.8/site-packages/airflow/example_dags/example_dag_decorator.py
[2026-08-20T14:45:27.791+0000] {processor.py:830} INFO - Processing file /home/airflow/.local/lib/python3.8/site-packages/airflow/example_dags/example_dag_decorator.py for tasks to queue
[2026-08-20T14:45:27.795+0000] {logging_mixin.py:188} INFO - [2026-08-20T14:45:27.794+0000] {dagbag.py:540} INFO - Filling up the DagBag from /home/airflow/.local/lib/python3.8/site-packages/airflow/example_dags/example_dag_decorator.py
[2026-08-20T14:45:27.930+0000] {processor.py:840} INFO - DAG(s) 'example_dag_decorator' retrieved from /home/airflow/.local/lib/python3.8/site-packages/airflow/example_dags/example_dag_decorator.py
[2026-08-20T14:45:27.963+0000] {logging_mixin.py:188} INFO - [2026-08-20T14:45:27.962+0000] {dag.py:3047} INFO - Sync 1 DAGs
[2026-08-20T14:45:27.982+0000] {logging_mixin.py:188} INFO - [2026-08-20T14:45:27.981+0000] {dag.py:3834} INFO - Setting next_dagrun for example_dag_decorator to None, run_after=None
[2026-08-20T14:45:28.008+0000] {processor.py:183} INFO - Processing /home/airflow/.local/lib/python3.8/site-packages/airflow/example_dags/example_dag_decorator.py took 0.224 seconds
[2026-08-20T14:45:58.247+0000] {processor.py:161} INFO - Started process (PID=1745) to work on /home/airflow/.local/lib/python3.8/site-packages/airflow/example_dags/example_dag_decorator.py
[2026-08-20T14:45:58.249+0000] {processor.py:830} INFO - Processing file /home/airflow/.local/lib/python3.8/site-packages/airflow/example_dags/example_dag_decorator.py for tasks to queue
[2026-08-20T14:45:58.253+0000] {logging_mixin.py:188} INFO - [2026-08-20T14:45:58.252+0000] {dagbag.py:540} INFO - Filling up the DagBag from /home/airflow/.local/lib/python3.8/site-packages/airflow/example_dags/example_dag_decorator.py
[2026-08-20T14:45:58.361+0000] {processor.py:840} INFO - DAG(s) 'example_dag_decorator' retrieved from /home/airflow/.local/lib/python3.8/site-packages/airflow/example_dags/example_dag_decorator.py
[2026-08-20T14:45:58.469+0000] {logging_mixin.py:188} INFO - [2026-08-20T14:45:58.469+0000] {dag.py:3047} INFO - Sync 1 DAGs
[2026-08-20T14:45:58.481+0000] {logging_mixin.py:188} INFO - [2026-08-20T14:45:58.481+0000] {dag.py:3834} INFO - Setting next_dagrun for example_dag_decorator to None, run_after=None
[2026-08-20T14:45:58.504+0000] {processor.py:183} INFO - Processing /home/airflow/.local/lib/python3.8/site-packages/airflow/example_dags/example_dag_decorator.py took 0.261 seconds
[2026-08-20T14:46:29.454+0000] {processor.py:161} INFO - Started process (PID=1802) to work on /home/airflow/.local/lib/python3.8/site-packages/airflow/example_dags/example_dag_decorator.py
[2026-08-20T14:46:29.456+0000] {processor.py:830} INFO - Processing file /home/airflow/.local/lib/python3.8/site-packages/airflow/example_dags/example_dag_decorator.py for tasks to queue
[2026-08-20T14:46:29.459+0000] {logging_mixin.py:188} INFO - [2026-08-20T14:46:29.458+0000] {dagbag.py:540} INFO - Filling up the DagBag from /home/airflow/.local/lib/python3.8/site-packages/airflow/example_dags/example_dag_decorator.py
[2026-08-20T14:46:29.572+0000] {processor.py:840} INFO - DAG(s) 'example_dag_decorator' retrieved from /home/airflow/.local/lib/python3.8/site-packages/airflow/example_dags/example_dag_decorator.py
[2026-08-20T14:46:29.692+0000] {logging_mixin.py:188} INFO - [2026-08-20T14:46:29.692+0000] {dag.py:3047} INFO - Sync 1 DAGs
[2026-08-20T14:46:29.707+0000] {logging_mixin.py:188} INFO - [2026-08-20T14:46:29.706+0000] {dag.py:3834} INFO - Setting next_dagrun for example_dag_decorator to None, run_after=None
[2026-08-20T14:46:29.731+0000] {processor.py:183} INFO - Processing /home/airflow/.local/lib/python3.8/site-packages/airflow/example_dags/example_dag_decorator.py took 0.282 seconds
[2026-08-20T14:46:59.825+0000] {processor.py:161} INFO - Started process (PID=1860) to work on /home/airflow/.local/lib/python3.8/site-packages/airflow/example_dags/example_dag_decorator.py
[2026-08-20T14:46:59.827+0000] {processor.py:830} INFO - Processing file /home/airflow/.local/lib/python3.8/site-packages/airflow/example_dags/example_dag_decorator.py for tasks to queue
[2026-08-20T14:46:59.829+0000] {logging_mixin.py:188} INFO - [2026-08-20T14:46:59.829+0000] {dagbag.py:540} INFO - Filling up the DagBag from /home/airflow/.local/lib/python3.8/site-packages/airflow/example_dags/example_dag_decorator.py
[2026-08-20T14:46:59.927+0000] {processor.py:840} INFO - DAG(s) 'example_dag_decorator' retrieved from /home/airflow/.local/lib/python3.8/site-packages/airflow/example_dags/example_dag_decorator.py
[2026-08-20T14:46:59.955+0000] {logging_mixin.py:188} INFO - [2026-08-20T14:46:59.955+0000] {dag.py:3047} INFO - Sync 1 DAGs
[2026-08-20T14:46:59.971+0000] {logging_mixin.py:188} INFO - [2026-08-20T14:46:59.970+0000] {dag.py:3834} INFO - Setting next_dagrun for example_dag_decorator to None, run_after=None
[2026-08-20T14:46:59.994+0000] {processor.py:183} INFO - Processing /home/airflow/.local/lib/python3.8/site-packages/airflow/example_dags/example_dag_decorator.py took 0.174 seconds
[2026-08-20T14:47:30.557+0000] {processor.py:161} INFO - Started process (PID=1917) to work on /home/airflow/.local/lib/python3.8/site-packages/airflow/example_dags/example_dag_decorator.py
[2026-08-20T14:47:30.559+0000] {processor.py:830} INFO - Processing file /home/airflow/.local/lib/python3.8/site-packages/airflow/example_dags/example_dag_decorator.py for tasks to queue
[2026-08-20T14:47:30.562+0000] {logging_mixin.py:188} INFO - [2026-08-20T14:47:30.562+0000] {dagbag.py:540} INFO - Filling up the DagBag from /home/airflow/.local/lib/python3.8/site-packages/airflow/example_dags/example_dag_decorator.py
[2026-08-20T14:47:30.671+0000] {processor.py:840} INFO - DAG(s) 'example_dag_decorator' retrieved from /home/airflow/.local/lib/python3.8/site-packages/airflow/example_dags/example_dag_decorator.py
[2026-08-20T14:47:30.699+0000] {logging_mixin.py:188} INFO - [2026-08-20T14:47:30.699+0000] {dag.py:3047} INFO - Sync 1 DAGs
[2026-08-20T14:47:30.714+0000] {logging_mixin.py:188} INFO - [2026-08-20T14:47:30.714+0000] {dag.py:3834} INFO - Setting next_dagrun for example_dag_decorator to None, run_after=None
[2026-08-20T14:47:30.736+0000] {processor.py:183} INFO - Processing /home/airflow/.local/lib/python3.8/site-packages/airflow/example_dags/example_dag_decorator.py took 0.183 seconds
[2026-08-20T14:48:01.157+0000] {processor.py:161} INFO - Started process (PID=1975) to work on /home/airflow/.local/lib/python3.8/site-packages/airflow/example_dags/example_dag_decorator.py
[2026-08-20T14:48:01.159+0000] {processor.py:830} INFO - Processing file /home/airflow/.local/lib/python3.8/site-packages/airflow/example_dags/example_dag_decorator.py for tasks to queue
[2026-08-20T14:48:01.163+0000] {logging_mixin.py:188} INFO - [2026-08-20T14:48:01.162+0000] {dagbag.py:540} INFO - Filling up the DagBag from /home/airflow/.local/lib/python3.8/site-packages/airflow/example_dags/example_dag_decorator.py
[2026-08-20T14:48:01.268+0000] {processor.py:840} INFO - DAG(s) 'example_dag_decorator' retrieved from /home/airflow/.local/lib/python3.8/site-packages/airflow/example_dags/example_dag_decorator.py
[2026-08-20T14:48:01.296+0000] {logging_mixin.py:188} INFO - [2026-08-20T14:48:01.296+0000] {dag.py:3047} INFO - Sync 1 DAGs
[2026-08-20T14:48:01.311+0000] {logging_mixin.py:188} INFO - [2026-08-20T14:48:01.311+0000] {dag.py:3834} INFO - Setting next_dagrun for example_dag_decorator to None, run_after=None
[2026-08-20T14:48:01.334+0000] {processor.py:183} INFO - Processing /home/airflow/.local/lib/python3.8/site-packages/airflow/example_dags/example_dag_decorator.py took 0.183 seconds
[2026-08-20T14:48:31.834+0000] {processor.py:161} INFO - Started process (PID=2038) to work on /home/airflow/.local/lib/python3.8/site-packages/airflow/example_dags/example_dag_decorator.py
[2026-08-20T14:48:31.835+0000] {processor.py:830} INFO - Processing file /home/airflow/.local/lib/python3.8/site-packages/airflow/example_dags/example_dag_decorator.py for tasks to queue
[2026-08-20T14:48:31.838+0000] {logging_mixin.py:188} INFO - [2026-08-20T14:48:31.838+0000] {dagbag.py:540} INFO - Filling up the DagBag from /home/airflow/.local/lib/python3.8/site-packages/airflow/example_dags/example_dag_decorator.py
[2026-08-20T14:48:31.975+0000] {processor.py:840} INFO - DAG(s) 'example_dag_decorator' retrieved from /home/airflow/.local/lib/python3.8/site-packages/airflow/example_dags/example_dag_decorator.py
[2026-08-20T14:48:32.027+0000] {logging_mixin.py:188} INFO - [2026-08-20T14:48:32.026+0000] {dag.py:3047} INFO - Sync 1 DAGs
[2026-08-20T14:48:32.049+0000] {logging_mixin.py:188} INFO - [2026-08-20T14:48:32.048+0000] {dag.py:3834} INFO - Setting next_dagrun for example_dag_decorator to None, run_after=None
[2026-08-20T14:48:32.082+0000] {processor.py:183} INFO - Processing /home/airflow/.local/lib/python3.8/site-packages/airflow/example_dags/example_dag_decorator.py took 0.252 seconds
[2026-08-20T14:49:02.522+0000] {processor.py:161} INFO - Started process (PID=2095) to work on /home/airflow/.local/lib/python3.8/site-packages/airflow/example_dags/example_dag_decorator.py
[2026-08-20T14:49:02.524+0000] {processor.py:830} INFO - Processing file /home/airflow/.local/lib/python3.8/site-packages/airflow/example_dags/example_dag_decorator.py for tasks to queue
[2026-08-20T14:49:02.528+0000] {logging_mixin.py:188} INFO - [2026-08-20T14:49:02.527+0000] {dagbag.py:540} INFO - Filling up the DagBag from /home/airflow/.local/lib/python3.8/site-packages/airflow/example_dags/example_dag_decorator.py
[2026-08-20T14:49:02.655+0000] {processor.py:840} INFO - DAG(s) 'example_dag_decorator' retrieved from /home/airflow/.local/lib/python3.8/site-packages/airflow/example_dags/example_dag_decorator.py
[2026-08-20T14:49:02.685+0000] {logging_mixin.py:188} INFO - [2026-08-20T14:49:02.685+0000] {dag.py:3047} INFO - Sync 1 DAGs
[2026-08-20T14:49:02.700+0000] {logging_mixin.py:188} INFO - [2026-08-20T14:49:02.700+0000] {dag.py:3834} INFO - Setting next_dagrun for example_dag_decorator to None, run_after=None
[2026-08-20T14:49:02.723+0000] {processor.py:183} INFO - Processing /home/airflow/.local/lib/python3.8/site-packages/airflow/example_dags/example_dag_decorator.py took 0.207 seconds
[2026-08-20T14:49:33.156+0000] {processor.py:161} INFO - Started process (PID=2152) to work on /home/airflow/.local/lib/python3.8/site-packages/airflow/example_dags/example_dag_decorator.py
[2026-08-20T14:49:33.159+0000] {processor.py:830} INFO - Processing file /home/airflow/.local/lib/python3.8/site-packages/airflow/example_dags/example_dag_decorator.py for tasks to queue
[2026-08-20T14:49:33.171+0000] {logging_mixin.py:188} INFO - [2026-08-20T14:49:33.164+0000] {dagbag.py:540} INFO - Filling up the DagBag from /home/airflow/.local/lib/python3.8/site-packages/airflow/example_dags/example_dag_decorator.py
[2026-08-20T14:49:33.355+0000] {processor.py:840} INFO - DAG(s) 'example_dag_decorator' retrieved from /home/airflow/.local/lib/python3.8/site-packages/airflow/example_dags/example_dag_decorator.py
[2026-08-20T14:49:33.390+0000] {logging_mixin.py:188} INFO - [2026-08-20T14:49:33.390+0000] {dag.py:3047} INFO - Sync 1 DAGs
[2026-08-20T14:49:33.410+0000] {logging_mixin.py:188} INFO - [2026-08-20T14:49:33.410+0000] {dag.py:3834} INFO - Setting next_dagrun for example_dag_decorator to None, run_after=None
[2026-08-20T14:49:33.452+0000] {processor.py:183} INFO - Processing /home/airflow/.local/lib/python3.8/site-packages/airflow/example_dags/example_dag_decorator.py took 0.303 seconds
[2026-08-20T14:50:03.507+0000] {processor.py:161} INFO - Started process (PID=2209) to work on /home/airflow/.local/lib/python3.8/site-packages/airflow/example_dags/example_dag_decorator.py
[2026-08-20T14:50:03.508+0000] {processor.py:830} INFO - Processing file /home/airflow/.local/lib/python3.8/site-packages/airflow/example_dags/example_dag_decorator.py for tasks to queue
[2026-08-20T14:50:03.512+0000] {logging_mixin.py:188} INFO - [2026-08-20T14:50:03.511+0000] {dagbag.py:540} INFO - Filling up the DagBag from /home/airflow/.local/lib/python3.8/site-packages/airflow/example_dags/example_dag_decorator.py
[2026-08-20T14:50:03.609+0000] {processor.py:840} INFO - DAG(s) 'example_dag_decorator' retrieved from /home/airflow/.local/lib/python3.8/site-packages/airflow/example_dags/example_dag_decorator.py
[2026-08-20T14:50:03.637+0000] {logging_mixin.py:188} INFO - [2026-08-20T14:50:03.636+0000] {dag.py:3047} INFO - Sync 1 DAGs
[2026-08-20T14:50:03.653+0000] {logging_mixin.py:188} INFO - [2026-08-20T14:50:03.653+0000] {dag.py:3834} INFO - Setting next_dagrun for example_dag_decorator to None, run_after=None
[2026-08-20T14:50:03.682+0000] {processor.py:183} INFO - Processing /home/airflow/.local/lib/python3.8/site-packages/airflow/example_dags/example_dag_decorator.py took 0.179 seconds
[2026-08-20T14:50:33.852+0000] {processor.py:161} INFO - Started process (PID=2266) to work on /home/airflow/.local/lib/python3.8/site-packages/airflow/example_dags/example_dag_decorator.py
[2026-08-20T14:50:33.856+0000] {processor.py:830} INFO - Processing file /home/airflow/.local/lib/python3.8/site-packages/airflow/example_dags/example_dag_decorator.py for tasks to queue
[2026-08-20T14:50:33.862+0000] {logging_mixin.py:188} INFO - [2026-08-20T14:50:33.861+0000] {dagbag.py:540} INFO - Filling up the DagBag from /home/airflow/.local/lib/python3.8/site-packages/airflow/example_dags/example_dag_decorator.py
[2026-08-20T14:50:33.972+0000] {processor.py:840} INFO - DAG(s) 'example_dag_decorator' retrieved from /home/airflow/.local/lib/python3.8/site-packages/airflow/example_dags/example_dag_decorator.py
[2026-08-20T14:50:34.005+0000] {logging_mixin.py:188} INFO - [2026-08-20T14:50:34.005+0000] {dag.py:3047} INFO - Sync 1 DAGs
[2026-08-20T14:50:34.020+0000] {logging_mixin.py:188} INFO - [2026-08-20T14:50:34.020+0000] {dag.py:3834} INFO - Setting next_dagrun for example_dag_decorator to None, run_after=None
[2026-08-20T14:50:34.044+0000] {processor.py:183} INFO - Processing /home/airflow/.local/lib/python3.8/site-packages/airflow/example_dags/example_dag_decorator.py took 0.200 seconds
[2026-08-20T14:51:04.103+0000] {processor.py:161} INFO - Started process (PID=2323) to work on /home/airflow/.local/lib/python3.8/site-packages/airflow/example_dags/example_dag_decorator.py
[2026-08-20T14:51:04.105+0000] {processor.py:830} INFO - Processing file /home/airflow/.local/lib/python3.8/site-packages/airflow/example_dags/example_dag_decorator.py for tasks to queue
[2026-08-20T14:51:04.109+0000] {logging_mixin.py:188} INFO - [2026-08-20T14:51:04.108+0000] {dagbag.py:540} INFO - Filling up the DagBag from /home/airflow/.local/lib/python3.8/site-packages/airflow/example_dags/example_dag_decorator.py
[2026-08-20T14:51:04.210+0000] {processor.py:840} INFO - DAG(s) 'example_dag_decorator' retrieved from /home/airflow/.local/lib/python3.8/site-packages/airflow/example_dags/example_dag_decorator.py
[2026-08-20T14:51:04.318+0000] {logging_mixin.py:188} INFO - [2026-08-20T14:51:04.318+0000] {dag.py:3047} INFO - Sync 1 DAGs
[2026-08-20T14:51:04.477+0000] {logging_mixin.py:188} INFO - [2026-08-20T14:51:04.476+0000] {dag.py:3834} INFO - Setting next_dagrun for example_dag_decorator to None, run_after=None
[2026-08-20T14:51:04.499+0000] {processor.py:183} INFO - Processing /home/airflow/.local/lib/python3.8/site-packages/airflow/example_dags/example_dag_decorator.py took 0.400 seconds
[2026-08-20T14:51:34.657+0000] {processor.py:161} INFO - Started process (PID=2380) to work on /home/airflow/.local/lib/python3.8/site-packages/airflow/example_dags/example_dag_decorator.py
[2026-08-20T14:51:34.658+0000] {processor.py:830} INFO - Processing file /home/airflow/.local/lib/python3.8/site-packages/airflow/example_dags/example_dag_decorator.py for tasks to queue
[2026-08-20T14:51:34.661+0000] {logging_mixin.py:188} INFO - [2026-08-20T14:51:34.661+0000] {dagbag.py:540} INFO - Filling up the DagBag from /home/airflow/.local/lib/python3.8/site-packages/airflow/example_dags/example_dag_decorator.py
[2026-08-20T14:51:34.759+0000] {processor.py:840} INFO - DAG(s) 'example_dag_decorator' retrieved from /home/airflow/.local/lib/python3.8/site-packages/airflow/example_dags/example_dag_decorator.py
[2026-08-20T14:51:34.874+0000] {logging_mixin.py:188} INFO - [2026-08-20T14:51:34.873+0000] {dag.py:3047} INFO - Sync 1 DAGs
[2026-08-20T14:51:34.886+0000] {logging_mixin.py:188} INFO - [2026-08-20T14:51:34.886+0000] {dag.py:3834} INFO - Setting next_dagrun for example_dag_decorator to None, run_after=None
[2026-08-20T14:51:35.093+0000] {processor.py:183} INFO - Processing /home/airflow/.local/lib/python3.8/site-packages/airflow/example_dags/example_dag_decorator.py took 0.440 seconds
[2026-08-20T14:52:05.414+0000] {processor.py:161} INFO - Started process (PID=2437) to work on /home/airflow/.local/lib/python3.8/site-packages/airflow/example_dags/example_dag_decorator.py
[2026-08-20T14:52:05.415+0000] {processor.py:830} INFO - Processing file /home/airflow/.local/lib/python3.8/site-packages/airflow/example_dags/example_dag_decorator.py for tasks to queue
[2026-08-20T14:52:05.418+0000] {logging_mixin.py:188} INFO - [2026-08-20T14:52:05.418+0000] {dagbag.py:540} INFO - Filling up the DagBag from /home/airflow/.local/lib/python3.8/site-packages/airflow/example_dags/example_dag_decorator.py
[2026-08-20T14:52:05.555+0000] {processor.py:840} INFO - DAG(s) 'example_dag_decorator' retrieved from /home/airflow/.local/lib/python3.8/site-packages/airflow/example_dags/example_dag_decorator.py
[2026-08-20T14:52:05.588+0000] {logging_mixin.py:188} INFO - [2026-08-20T14:52:05.588+0000] {dag.py:3047} INFO - Sync 1 DAGs
[2026-08-20T14:52:05.604+0000] {logging_mixin.py:188} INFO - [2026-08-20T14:52:05.603+0000] {dag.py:3834} INFO - Setting next_dagrun for example_dag_decorator to None, run_after=None
[2026-08-20T14:52:05.627+0000] {processor.py:183} INFO - Processing /home/airflow/.local/lib/python3.8/site-packages/airflow/example_dags/example_dag_decorator.py took 0.217 seconds
[2026-08-20T14:52:36.019+0000] {processor.py:161} INFO - Started process (PID=2494) to work on /home/airflow/.local/lib/python3.8/site-packages/airflow/example_dags/example_dag_decorator.py
[2026-08-20T14:52:36.021+0000] {processor.py:830} INFO - Processing file /home/airflow/.local/lib/python3.8/site-packages/airflow/example_dags/example_dag_decorator.py for tasks to queue
[2026-08-20T14:52:36.024+0000] {logging_mixin.py:188} INFO - [2026-08-20T14:52:36.023+0000] {dagbag.py:540} INFO - Filling up the DagBag from /home/airflow/.local/lib/python3.8/site-packages/airflow/example_dags/example_dag_decorator.py
[2026-08-20T14:52:36.123+0000] {processor.py:840} INFO - DAG(s) 'example_dag_decorator' retrieved from /home/airflow/.local/lib/python3.8/site-packages/airflow/example_dags/example_dag_decorator.py
[2026-08-20T14:52:36.378+0000] {logging_mixin.py:188} INFO - [2026-08-20T14:52:36.378+0000] {dag.py:3047} INFO - Sync 1 DAGs
[2026-08-20T14:52:36.389+0000] {logging_mixin.py:188} INFO - [2026-08-20T14:52:36.389+0000] {dag.py:3834} INFO - Setting next_dagrun for example_dag_decorator to None, run_after=None
[2026-08-20T14:52:36.415+0000] {processor.py:183} INFO - Processing /home/airflow/.local/lib/python3.8/site-packages/airflow/example_dags/example_dag_decorator.py took 0.400 seconds
[2026-08-20T14:53:06.584+0000] {processor.py:161} INFO - Started process (PID=2551) to work on /home/airflow/.local/lib/python3.8/site-packages/airflow/example_dags/example_dag_decorator.py
[2026-08-20T14:53:06.587+0000] {processor.py:830} INFO - Processing file /home/airflow/.local/lib/python3.8/site-packages/airflow/example_dags/example_dag_decorator.py for tasks to queue
[2026-08-20T14:53:06.590+0000] {logging_mixin.py:188} INFO - [2026-08-20T14:53:06.590+0000] {dagbag.py:540} INFO - Filling up the DagBag from /home/airflow/.local/lib/python3.8/site-packages/airflow/example_dags/example_dag_decorator.py
[2026-08-20T14:53:06.707+0000] {processor.py:840} INFO - DAG(s) 'example_dag_decorator' retrieved from /home/airflow/.local/lib/python3.8/site-packages/airflow/example_dags/example_dag_decorator.py
[2026-08-20T14:53:06.836+0000] {logging_mixin.py:188} INFO - [2026-08-20T14:53:06.836+0000] {dag.py:3047} INFO - Sync 1 DAGs
[2026-08-20T14:53:06.851+0000] {logging_mixin.py:188} INFO - [2026-08-20T14:53:06.850+0000] {dag.py:3834} INFO - Setting next_dagrun for example_dag_decorator to None, run_after=None
[2026-08-20T14:53:07.017+0000] {processor.py:183} INFO - Processing /home/airflow/.local/lib/python3.8/site-packages/airflow/example_dags/example_dag_decorator.py took 0.440 seconds
[2026-08-20T14:53:37.338+0000] {processor.py:161} INFO - Started process (PID=2608) to work on /home/airflow/.local/lib/python3.8/site-packages/airflow/example_dags/example_dag_decorator.py
[2026-08-20T14:53:37.340+0000] {processor.py:830} INFO - Processing file /home/airflow/.local/lib/python3.8/site-packages/airflow/example_dags/example_dag_decorator.py for tasks to queue
[2026-08-20T14:53:37.343+0000] {logging_mixin.py:188} INFO - [2026-08-20T14:53:37.343+0000] {dagbag.py:540} INFO - Filling up the DagBag from /home/airflow/.local/lib/python3.8/site-packages/airflow/example_dags/example_dag_decorator.py
[2026-08-20T14:53:37.452+0000] {processor.py:840} INFO - DAG(s) 'example_dag_decorator' retrieved from /home/airflow/.local/lib/python3.8/site-packages/airflow/example_dags/example_dag_decorator.py
[2026-08-20T14:53:37.480+0000] {logging_mixin.py:188} INFO - [2026-08-20T14:53:37.479+0000] {dag.py:3047} INFO - Sync 1 DAGs
[2026-08-20T14:53:37.493+0000] {logging_mixin.py:188} INFO - [2026-08-20T14:53:37.493+0000] {dag.py:3834} INFO - Setting next_dagrun for example_dag_decorator to None, run_after=None
[2026-08-20T14:53:37.519+0000] {processor.py:183} INFO - Processing /home/airflow/.local/lib/python3.8/site-packages/airflow/example_dags/example_dag_decorator.py took 0.185 seconds
[2026-08-20T14:54:07.864+0000] {processor.py:161} INFO - Started process (PID=2665) to work on /home/airflow/.local/lib/python3.8/site-packages/airflow/example_dags/example_dag_decorator.py
[2026-08-20T14:54:07.866+0000] {processor.py:830} INFO - Processing file /home/airflow/.local/lib/python3.8/site-packages/airflow/example_dags/example_dag_decorator.py for tasks to queue
[2026-08-20T14:54:07.868+0000] {logging_mixin.py:188} INFO - [2026-08-20T14:54:07.868+0000] {dagbag.py:540} INFO - Filling up the DagBag from /home/airflow/.local/lib/python3.8/site-packages/airflow/example_dags/example_dag_decorator.py
[2026-08-20T14:54:07.968+0000] {processor.py:840} INFO - DAG(s) 'example_dag_decorator' retrieved from /home/airflow/.local/lib/python3.8/site-packages/airflow/example_dags/example_dag_decorator.py
[2026-08-20T14:54:08.195+0000] {logging_mixin.py:188} INFO - [2026-08-20T14:54:08.194+0000] {dag.py:3047} INFO - Sync 1 DAGs
[2026-08-20T14:54:08.205+0000] {logging_mixin.py:188} INFO - [2026-08-20T14:54:08.205+0000] {dag.py:3834} INFO - Setting next_dagrun for example_dag_decorator to None, run_after=None
[2026-08-20T14:54:08.225+0000] {processor.py:183} INFO - Processing /home/airflow/.local/lib/python3.8/site-packages/airflow/example_dags/example_dag_decorator.py took 0.366 seconds
[2026-08-20T14:54:38.994+0000] {processor.py:161} INFO - Started process (PID=2722) to work on /home/airflow/.local/lib/python3.8/site-packages/airflow/example_dags/example_dag_decorator.py
[2026-08-20T14:54:38.996+0000] {processor.py:830} INFO - Processing file /home/airflow/.local/lib/python3.8/site-packages/airflow/example_dags/example_dag_decorator.py for tasks to queue
[2026-08-20T14:54:39.000+0000] {logging_mixin.py:188} INFO - [2026-08-20T14:54:38.999+0000] {dagbag.py:540} INFO - Filling up the DagBag from /home/airflow/.local/lib/python3.8/site-packages/airflow/example_dags/example_dag_decorator.py
[2026-08-20T14:54:39.116+0000] {processor.py:840} INFO - DAG(s) 'example_dag_decorator' retrieved from /home/airflow/.local/lib/python3.8/site-packages/airflow/example_dags/example_dag_decorator.py
[2026-08-20T14:54:39.387+0000] {logging_mixin.py:188} INFO - [2026-08-20T14:54:39.386+0000] {dag.py:3047} INFO - Sync 1 DAGs
[2026-08-20T14:54:39.399+0000] {logging_mixin.py:188} INFO - [2026-08-20T14:54:39.399+0000] {dag.py:3834} INFO - Setting next_dagrun for example_dag_decorator to None, run_after=None
[2026-08-20T14:54:39.432+0000] {processor.py:183} INFO - Processing /home/airflow/.local/lib/python3.8/site-packages/airflow/example_dags/example_dag_decorator.py took 0.444 seconds
[2026-08-20T14:55:09.531+0000] {processor.py:161} INFO - Started process (PID=2779) to work on /home/airflow/.local/lib/python3.8/site-packages/airflow/example_dags/example_dag_decorator.py
[2026-08-20T14:55:09.533+0000] {processor.py:830} INFO - Processing file /home/airflow/.local/lib/python3.8/site-packages/airflow/example_dags/example_dag_decorator.py for tasks to queue
[2026-08-20T14:55:09.536+0000] {logging_mixin.py:188} INFO - [2026-08-20T14:55:09.535+0000] {dagbag.py:540} INFO - Filling up the DagBag from /home/airflow/.local/lib/python3.8/site-packages/airflow/example_dags/example_dag_decorator.py
[2026-08-20T14:55:09.637+0000] {processor.py:840} INFO - DAG(s) 'example_dag_decorator' retrieved from /home/airflow/.local/lib/python3.8/site-packages/airflow/example_dags/example_dag_decorator.py
[2026-08-20T14:55:09.665+0000] {logging_mixin.py:188} INFO - [2026-08-20T14:55:09.665+0000] {dag.py:3047} INFO - Sync 1 DAGs
[2026-08-20T14:55:09.679+0000] {logging_mixin.py:188} INFO - [2026-08-20T14:55:09.679+0000] {dag.py:3834} INFO - Setting next_dagrun for example_dag_decorator to None, run_after=None
[2026-08-20T14:55:09.709+0000] {processor.py:183} INFO - Processing /home/airflow/.local/lib/python3.8/site-packages/airflow/example_dags/example_dag_decorator.py took 0.182 seconds
[2026-08-20T14:55:40.183+0000] {processor.py:161} INFO - Started process (PID=2836) to work on /home/airflow/.local/lib/python3.8/site-packages/airflow/example_dags/example_dag_decorator.py
[2026-08-20T14:55:40.185+0000] {processor.py:830} INFO - Processing file /home/airflow/.local/lib/python3.8/site-packages/airflow/example_dags/example_dag_decorator.py for tasks to queue
[2026-08-20T14:55:40.189+0000] {logging_mixin.py:188} INFO - [2026-08-20T14:55:40.188+0000] {dagbag.py:540} INFO - Filling up the DagBag from /home/airflow/.local/lib/python3.8/site-packages/airflow/example_dags/example_dag_decorator.py
[2026-08-20T14:55:40.309+0000] {processor.py:840} INFO - DAG(s) 'example_dag_decorator' retrieved from /home/airflow/.local/lib/python3.8/site-packages/airflow/example_dags/example_dag_decorator.py
[2026-08-20T14:55:40.594+0000] {logging_mixin.py:188} INFO - [2026-08-20T14:55:40.593+0000] {dag.py:3047} INFO - Sync 1 DAGs
[2026-08-20T14:55:40.611+0000] {logging_mixin.py:188} INFO - [2026-08-20T14:55:40.611+0000] {dag.py:3834} INFO - Setting next_dagrun for example_dag_decorator to None, run_after=None
[2026-08-20T14:55:40.645+0000] {processor.py:183} INFO - Processing /home/airflow/.local/lib/python3.8/site-packages/airflow/example_dags/example_dag_decorator.py took 0.469 seconds
[2026-08-20T14:56:11.483+0000] {processor.py:161} INFO - Started process (PID=2893) to work on /home/airflow/.local/lib/python3.8/site-packages/airflow/example_dags/example_dag_decorator.py
[2026-08-20T14:56:11.485+0000] {processor.py:830} INFO - Processing file /home/airflow/.local/lib/python3.8/site-packages/airflow/example_dags/example_dag_decorator.py for tasks to queue
[2026-08-20T14:56:11.488+0000] {logging_mixin.py:188} INFO - [2026-08-20T14:56:11.487+0000] {dagbag.py:540} INFO - Filling up the DagBag from /home/airflow/.local/lib/python3.8/site-packages/airflow/example_dags/example_dag_decorator.py
[2026-08-20T14:56:11.592+0000] {processor.py:840} INFO - DAG(s) 'example_dag_decorator' retrieved from /home/airflow/.local/lib/python3.8/site-packages/airflow/example_dags/example_dag_decorator.py
[2026-08-20T14:56:11.856+0000] {logging_mixin.py:188} INFO - [2026-08-20T14:56:11.856+0000] {dag.py:3047} INFO - Sync 1 DAGs
[2026-08-20T14:56:11.866+0000] {logging_mixin.py:188} INFO - [2026-08-20T14:56:11.866+0000] {dag.py:3834} INFO - Setting next_dagrun for example_dag_decorator to None, run_after=None
[2026-08-20T14:56:11.887+0000] {processor.py:183} INFO - Processing /home/airflow/.local/lib/python3.8/site-packages/airflow/example_dags/example_dag_decorator.py took 0.408 seconds
[2026-08-20T14:56:42.791+0000] {processor.py:161} INFO - Started process (PID=2950) to work on /home/airflow/.local/lib/python3.8/site-packages/airflow/example_dags/example_dag_decorator.py
[2026-08-20T14:56:42.793+0000] {processor.py:830} INFO - Processing file /home/airflow/.local/lib/python3.8/site-packages/airflow/example_dags/example_dag_decorator.py for tasks to queue
[2026-08-20T14:56:42.796+0000] {logging_mixin.py:188} INFO - [2026-08-20T14:56:42.795+0000] {dagbag.py:540} INFO - Filling up the DagBag from /home/airflow/.local/lib/python3.8/site-packages/airflow/example_dags/example_dag_decorator.py
[2026-08-20T14:56:42.902+0000] {processor.py:840} INFO - DAG(s) 'example_dag_decorator' retrieved from /home/airflow/.local/lib/python3.8/site-packages/airflow/example_dags/example_dag_decorator.py
[2026-08-20T14:56:43.159+0000] {logging_mixin.py:188} INFO - [2026-08-20T14:56:43.159+0000] {dag.py:3047} INFO - Sync 1 DAGs
[2026-08-20T14:56:43.170+0000] {logging_mixin.py:188} INFO - [2026-08-20T14:56:43.169+0000] {dag.py:3834} INFO - Setting next_dagrun for example_dag_decorator to None, run_after=None
[2026-08-20T14:56:43.193+0000] {processor.py:183} INFO - Processing /home/airflow/.local/lib/python3.8/site-packages/airflow/example_dags/example_dag_decorator.py took 0.406 seconds
[2026-08-20T14:57:14.101+0000] {processor.py:161} INFO - Started process (PID=3008) to work on /home/airflow/.local/lib/python3.8/site-packages/airflow/example_dags/example_dag_decorator.py
[2026-08-20T14:57:14.105+0000] {processor.py:830} INFO - Processing file /home/airflow/.local/lib/python3.8/site-packages/airflow/example_dags/example_dag_decorator.py for tasks to queue
[2026-08-20T14:57:14.110+0000] {logging_mixin.py:188} INFO - [2026-08-20T14:57:14.110+0000] {dagbag.py:540} INFO - Filling up the DagBag from /home/airflow/.local/lib/python3.8/site-packages/airflow/example_dags/example_dag_decorator.py
[2026-08-20T14:57:14.258+0000] {processor.py:840} INFO - DAG(s) 'example_dag_decorator' retrieved from /home/airflow/.local/lib/python3.8/site-packages/airflow/example_dags/example_dag_decorator.py
[2026-08-20T14:57:14.286+0000] {logging_mixin.py:188} INFO - [2026-08-20T14:57:14.285+0000] {dag.py:3047} INFO - Sync 1 DAGs
[2026-08-20T14:57:14.300+0000] {logging_mixin.py:188} INFO - [2026-08-20T14:57:14.300+0000] {dag.py:3834} INFO - Setting next_dagrun for example_dag_decorator to None, run_after=None
[2026-08-20T14:57:14.321+0000] {processor.py:183} INFO - Processing /home/airflow/.local/lib/python3.8/site-packages/airflow/example_dags/example_dag_decorator.py took 0.226 seconds
[2026-08-20T14:57:44.817+0000] {processor.py:161} INFO - Started process (PID=3065) to work on /home/airflow/.local/lib/python3.8/site-packages/airflow/example_dags/example_dag_decorator.py
[2026-08-20T14:57:44.819+0000] {processor.py:830} INFO - Processing file /home/airflow/.local/lib/python3.8/site-packages/airflow/example_dags/example_dag_decorator.py for tasks to queue
[2026-08-20T14:57:44.822+0000] {logging_mixin.py:188} INFO - [2026-08-20T14:57:44.822+0000] {dagbag.py:540} INFO - Filling up the DagBag from /home/airflow/.local/lib/python3.8/site-packages/airflow/example_dags/example_dag_decorator.py
[2026-08-20T14:57:45.098+0000] {processor.py:840} INFO - DAG(s) 'example_dag_decorator' retrieved from /home/airflow/.local/lib/python3.8/site-packages/airflow/example_dags/example_dag_decorator.py
[2026-08-20T14:57:45.237+0000] {logging_mixin.py:188} INFO - [2026-08-20T14:57:45.237+0000] {dag.py:3047} INFO - Sync 1 DAGs
[2026-08-20T14:57:45.249+0000] {logging_mixin.py:188} INFO - [2026-08-20T14:57:45.249+0000] {dag.py:3834} INFO - Setting next_dagrun for example_dag_decorator to None, run_after=None
[2026-08-20T14:57:45.280+0000] {processor.py:183} INFO - Processing /home/airflow/.local/lib/python3.8/site-packages/airflow/example_dags/example_dag_decorator.py took 0.467 seconds
[2026-08-20T14:58:15.363+0000] {processor.py:161} INFO - Started process (PID=3122) to work on /home/airflow/.local/lib/python3.8/site-packages/airflow/example_dags/example_dag_decorator.py
[2026-08-20T14:58:15.365+0000] {processor.py:830} INFO - Processing file /home/airflow/.local/lib/python3.8/site-packages/airflow/example_dags/example_dag_decorator.py for tasks to queue
[2026-08-20T14:58:15.369+0000] {logging_mixin.py:188} INFO - [2026-08-20T14:58:15.368+0000] {dagbag.py:540} INFO - Filling up the DagBag from /home/airflow/.local/lib/python3.8/site-packages/airflow/example_dags/example_dag_decorator.py
[2026-08-20T14:58:15.468+0000] {processor.py:840} INFO - DAG(s) 'example_dag_decorator' retrieved from /home/airflow/.local/lib/python3.8/site-packages/airflow/example_dags/example_dag_decorator.py
[2026-08-20T14:58:15.743+0000] {logging_mixin.py:188} INFO - [2026-08-20T14:58:15.742+0000] {dag.py:3047} INFO - Sync 1 DAGs
[2026-08-20T14:58:15.757+0000] {logging_mixin.py:188} INFO - [2026-08-20T14:58:15.757+0000] {dag.py:3834} INFO - Setting next_dagrun for example_dag_decorator to None, run_after=None
[2026-08-20T14:58:15.779+0000] {processor.py:183} INFO - Processing /home/airflow/.local/lib/python3.8/site-packages/airflow/example_dags/example_dag_decorator.py took 0.420 seconds
[2026-08-20T14:58:46.205+0000] {processor.py:161} INFO - Started process (PID=3179) to work on /home/airflow/.local/lib/python3.8/site-packages/airflow/example_dags/example_dag_decorator.py
[2026-08-20T14:58:46.207+0000] {processor.py:830} INFO - Processing file /home/airflow/.local/lib/python3.8/site-packages/airflow/example_dags/example_dag_decorator.py for tasks to queue
[2026-08-20T14:58:46.210+0000] {logging_mixin.py:188} INFO - [2026-08-20T14:58:46.210+0000] {dagbag.py:540} INFO - Filling up the DagBag from /home/airflow/.local/lib/python3.8/site-packages/airflow/example_dags/example_dag_decorator.py
[2026-08-20T14:58:46.319+0000] {processor.py:840} INFO - DAG(s) 'example_dag_decorator' retrieved from /home/airflow/.local/lib/python3.8/site-packages/airflow/example_dags/example_dag_decorator.py
[2026-08-20T14:58:46.348+0000] {logging_mixin.py:188} INFO - [2026-08-20T14:58:46.348+0000] {dag.py:3047} INFO - Sync 1 DAGs
[2026-08-20T14:58:46.363+0000] {logging_mixin.py:188} INFO - [2026-08-20T14:58:46.362+0000] {dag.py:3834} INFO - Setting next_dagrun for example_dag_decorator to None, run_after=None
[2026-08-20T14:58:46.528+0000] {processor.py:183} INFO - Processing /home/airflow/.local/lib/python3.8/site-packages/airflow/example_dags/example_dag_decorator.py took 0.326 seconds
[2026-08-20T14:59:16.605+0000] {processor.py:161} INFO - Started process (PID=3236) to work on /home/airflow/.local/lib/python3.8/site-packages/airflow/example_dags/example_dag_decorator.py
[2026-08-20T14:59:16.606+0000] {processor.py:830} INFO - Processing file /home/airflow/.local/lib/python3.8/site-packages/airflow/example_dags/example_dag_decorator.py for tasks to queue
[2026-08-20T14:59:16.610+0000] {logging_mixin.py:188} INFO - [2026-08-20T14:59:16.610+0000] {dagbag.py:540} INFO - Filling up the DagBag from /home/airflow/.local/lib/python3.8/site-packages/airflow/example_dags/example_dag_decorator.py
[2026-08-20T14:59:16.858+0000] {processor.py:840} INFO - DAG(s) 'example_dag_decorator' retrieved from /home/airflow/.local/lib/python3.8/site-packages/airflow/example_dags/example_dag_decorator.py
[2026-08-20T14:59:16.990+0000] {logging_mixin.py:188} INFO - [2026-08-20T14:59:16.990+0000] {dag.py:3047} INFO - Sync 1 DAGs
[2026-08-20T14:59:17.004+0000] {logging_mixin.py:188} INFO - [2026-08-20T14:59:17.004+0000] {dag.py:3834} INFO - Setting next_dagrun for example_dag_decorator to None, run_after=None
[2026-08-20T14:59:17.029+0000] {processor.py:183} INFO - Processing /home/airflow/.local/lib/python3.8/site-packages/airflow/example_dags/example_dag_decorator.py took 0.429 seconds
[2026-08-20T14:59:47.179+0000] {processor.py:161} INFO - Started process (PID=3293) to work on /home/airflow/.local/lib/python3.8/site-packages/airflow/example_dags/example_dag_decorator.py
[2026-08-20T14:59:47.181+0000] {processor.py:830} INFO - Processing file /home/airflow/.local/lib/python3.8/site-packages/airflow/example_dags/example_dag_decorator.py for tasks to queue
[2026-08-20T14:59:47.184+0000] {logging_mixin.py:188} INFO - [2026-08-20T14:59:47.184+0000] {dagbag.py:540} INFO - Filling up the DagBag from /home/airflow/.local/lib/python3.8/site-packages/airflow/example_dags/example_dag_decorator.py
[2026-08-20T14:59:47.281+0000] {processor.py:840} INFO - DAG(s) 'example_dag_decorator' retrieved from /home/airflow/.local/lib/python3.8/site-packages/airflow/example_dags/example_dag_decorator.py
[2026-08-20T14:59:47.507+0000] {logging_mixin.py:188} INFO - [2026-08-20T14:59:47.506+0000] {dag.py:3047} INFO - Sync 1 DAGs
[2026-08-20T14:59:47.518+0000] {logging_mixin.py:188} INFO - [2026-08-20T14:59:47.518+0000] {dag.py:3834} INFO - Setting next_dagrun for example_dag_decorator to None, run_after=None
[2026-08-20T14:59:47.540+0000] {processor.py:183} INFO - Processing /home/airflow/.local/lib/python3.8/site-packages/airflow/example_dags/example_dag_decorator.py took 0.364 seconds
[2026-08-20T15:00:17.828+0000] {processor.py:161} INFO - Started process (PID=3350) to work on /home/airflow/.local/lib/python3.8/site-packages/airflow/example_dags/example_dag_decorator.py
[2026-08-20T15:00:17.830+0000] {processor.py:830} INFO - Processing file /home/airflow/.local/lib/python3.8/site-packages/airflow/example_dags/example_dag_decorator.py for tasks to queue
[2026-08-20T15:00:17.833+0000] {logging_mixin.py:188} INFO - [2026-08-20T15:00:17.832+0000] {dagbag.py:540} INFO - Filling up the DagBag from /home/airflow/.local/lib/python3.8/site-packages/airflow/example_dags/example_dag_decorator.py
[2026-08-20T15:00:17.932+0000] {processor.py:840} INFO - DAG(s) 'example_dag_decorator' retrieved from /home/airflow/.local/lib/python3.8/site-packages/airflow/example_dags/example_dag_decorator.py
[2026-08-20T15:00:18.206+0000] {logging_mixin.py:188} INFO - [2026-08-20T15:00:18.206+0000] {dag.py:3047} INFO - Sync 1 DAGs
[2026-08-20T15:00:18.220+0000] {logging_mixin.py:188} INFO - [2026-08-20T15:00:18.219+0000] {dag.py:3834} INFO - Setting next_dagrun for example_dag_decorator to None, run_after=None
[2026-08-20T15:00:18.263+0000] {processor.py:183} INFO - Processing /home/airflow/.local/lib/python3.8/site-packages/airflow/example_dags/example_dag_decorator.py took 0.439 seconds
[2026-08-20T15:00:48.425+0000] {processor.py:161} INFO - Started process (PID=3407) to work on /home/airflow/.local/lib/python3.8/site-packages/airflow/example_dags/example_dag_decorator.py
[2026-08-20T15:00:48.427+0000] {processor.py:830} INFO - Processing file /home/airflow/.local/lib/python3.8/site-packages/airflow/example_dags/example_dag_decorator.py for tasks to queue
[2026-08-20T15:00:48.430+0000] {logging_mixin.py:188} INFO - [2026-08-20T15:00:48.430+0000] {dagbag.py:540} INFO - Filling up the DagBag from /home/airflow/.local/lib/python3.8/site-packages/airflow/example_dags/example_dag_decorator.py
[2026-08-20T15:00:48.674+0000] {processor.py:840} INFO - DAG(s) 'example_dag_decorator' retrieved from /home/airflow/.local/lib/python3.8/site-packages/airflow/example_dags/example_dag_decorator.py
[2026-08-20T15:00:48.814+0000] {logging_mixin.py:188} INFO - [2026-08-20T15:00:48.814+0000] {dag.py:3047} INFO - Sync 1 DAGs
[2026-08-20T15:00:48.836+0000] {logging_mixin.py:188} INFO - [2026-08-20T15:00:48.835+0000] {dag.py:3834} INFO - Setting next_dagrun for example_dag_decorator to None, run_after=None
[2026-08-20T15:00:48.887+0000] {processor.py:183} INFO - Processing /home/airflow/.local/lib/python3.8/site-packages/airflow/example_dags/example_dag_decorator.py took 0.466 seconds
[2026-08-20T15:01:19.372+0000] {processor.py:161} INFO - Started process (PID=3464) to work on /home/airflow/.local/lib/python3.8/site-packages/airflow/example_dags/example_dag_decorator.py
[2026-08-20T15:01:19.374+0000] {processor.py:830} INFO - Processing file /home/airflow/.local/lib/python3.8/site-packages/airflow/example_dags/example_dag_decorator.py for tasks to queue
[2026-08-20T15:01:19.377+0000] {logging_mixin.py:188} INFO - [2026-08-20T15:01:19.376+0000] {dagbag.py:540} INFO - Filling up the DagBag from /home/airflow/.local/lib/python3.8/site-packages/airflow/example_dags/example_dag_decorator.py
[2026-08-20T15:01:19.605+0000] {processor.py:840} INFO - DAG(s) 'example_dag_decorator' retrieved from /home/airflow/.local/lib/python3.8/site-packages/airflow/example_dags/example_dag_decorator.py
[2026-08-20T15:01:19.699+0000] {logging_mixin.py:188} INFO - [2026-08-20T15:01:19.699+0000] {dag.py:3047} INFO - Sync 1 DAGs
[2026-08-20T15:01:19.710+0000] {logging_mixin.py:188} INFO - [2026-08-20T15:01:19.709+0000] {dag.py:3834} INFO - Setting next_dagrun for example_dag_decorator to None, run_after=None
[2026-08-20T15:01:19.732+0000] {processor.py:183} INFO - Processing /home/airflow/.local/lib/python3.8/site-packages/airflow/example_dags/example_dag_decorator.py took 0.364 seconds
[2026-08-20T15:01:49.861+0000] {processor.py:161} INFO - Started process (PID=3521) to work on /home/airflow/.local/lib/python3.8/site-packages/airflow/example_dags/example_dag_decorator.py
[2026-08-20T15:01:49.863+0000] {processor.py:830} INFO - Processing file /home/airflow/.local/lib/python3.8/site-packages/airflow/example_dags/example_dag_decorator.py for tasks to queue
[2026-08-20T15:01:49.866+0000] {logging_mixin.py:188} INFO - [2026-08-20T15:01:49.866+0000] {dagbag.py:540} INFO - Filling up the DagBag from /home/airflow/.local/lib/python3.8/site-packages/airflow/example_dags/example_dag_decorator.py
[2026-08-20T15:01:49.984+0000] {processor.py:840} INFO - DAG(s) 'example_dag_decorator' retrieved from /home/airflow/.local/lib/python3.8/site-packages/airflow/example_dags/example_dag_decorator.py
[2026-08-20T15:01:50.295+0000] {logging_mixin.py:188} INFO - [2026-08-20T15:01:50.295+0000] {dag.py:3047} INFO - Sync 1 DAGs
[2026-08-20T15:01:50.307+0000] {logging_mixin.py:188} INFO - [2026-08-20T15:01:50.307+0000] {dag.py:3834} INFO - Setting next_dagrun for example_dag_decorator to None, run_after=None
[2026-08-20T15:01:50.337+0000] {processor.py:183} INFO - Processing /home/airflow/.local/lib/python3.8/site-packages/airflow/example_dags/example_dag_decorator.py took 0.480 seconds
[2026-08-20T15:02:20.820+0000] {processor.py:161} INFO - Started process (PID=3578) to work on /home/airflow/.local/lib/python3.8/site-packages/airflow/example_dags/example_dag_decorator.py
[2026-08-20T15:02:20.823+0000] {processor.py:830} INFO - Processing file /home/airflow/.local/lib/python3.8/site-packages/airflow/example_dags/example_dag_decorator.py for tasks to queue
[2026-08-20T15:02:20.826+0000] {logging_mixin.py:188} INFO - [2026-08-20T15:02:20.826+0000] {dagbag.py:540} INFO - Filling up the DagBag from /home/airflow/.local/lib/python3.8/site-packages/airflow/example_dags/example_dag_decorator.py
[2026-08-20T15:02:20.949+0000] {processor.py:840} INFO - DAG(s) 'example_dag_decorator' retrieved from /home/airflow/.local/lib/python3.8/site-packages/airflow/example_dags/example_dag_decorator.py
[2026-08-20T15:02:20.982+0000] {logging_mixin.py:188} INFO - [2026-08-20T15:02:20.982+0000] {dag.py:3047} INFO - Sync 1 DAGs
[2026-08-20T15:02:21.151+0000] {logging_mixin.py:188} INFO - [2026-08-20T15:02:21.150+0000] {dag.py:3834} INFO - Setting next_dagrun for example_dag_decorator to None, run_after=None
[2026-08-20T15:02:21.174+0000] {processor.py:183} INFO - Processing /home/airflow/.local/lib/python3.8/site-packages/airflow/example_dags/example_dag_decorator.py took 0.360 seconds
[2026-08-20T15:02:51.445+0000] {processor.py:161} INFO - Started process (PID=3635) to work on /home/airflow/.local/lib/python3.8/site-packages/airflow/example_dags/example_dag_decorator.py
[2026-08-20T15:02:51.448+0000] {processor.py:830} INFO - Processing file /home/airflow/.local/lib/python3.8/site-packages/airflow/example_dags/example_dag_decorator.py for tasks to queue
[2026-08-20T15:02:51.452+0000] {logging_mixin.py:188} INFO - [2026-08-20T15:02:51.451+0000] {dagbag.py:540} INFO - Filling up the DagBag from /home/airflow/.local/lib/python3.8/site-packages/airflow/example_dags/example_dag_decorator.py
[2026-08-20T15:02:51.686+0000] {processor.py:840} INFO - DAG(s) 'example_dag_decorator' retrieved from /home/airflow/.local/lib/python3.8/site-packages/airflow/example_dags/example_dag_decorator.py
[2026-08-20T15:02:51.790+0000] {logging_mixin.py:188} INFO - [2026-08-20T15:02:51.789+0000] {dag.py:3047} INFO - Sync 1 DAGs
[2026-08-20T15:02:51.802+0000] {logging_mixin.py:188} INFO - [2026-08-20T15:02:51.802+0000] {dag.py:3834} INFO - Setting next_dagrun for example_dag_decorator to None, run_after=None
[2026-08-20T15:02:51.825+0000] {processor.py:183} INFO - Processing /home/airflow/.local/lib/python3.8/site-packages/airflow/example_dags/example_dag_decorator.py took 0.384 seconds
[2026-08-20T15:03:22.227+0000] {processor.py:161} INFO - Started process (PID=3692) to work on /home/airflow/.local/lib/python3.8/site-packages/airflow/example_dags/example_dag_decorator.py
[2026-08-20T15:03:22.229+0000] {processor.py:830} INFO - Processing file /home/airflow/.local/lib/python3.8/site-packages/airflow/example_dags/example_dag_decorator.py for tasks to queue
[2026-08-20T15:03:22.232+0000] {logging_mixin.py:188} INFO - [2026-08-20T15:03:22.232+0000] {dagbag.py:540} INFO - Filling up the DagBag from /home/airflow/.local/lib/python3.8/site-packages/airflow/example_dags/example_dag_decorator.py
[2026-08-20T15:03:22.481+0000] {processor.py:840} INFO - DAG(s) 'example_dag_decorator' retrieved from /home/airflow/.local/lib/python3.8/site-packages/airflow/example_dags/example_dag_decorator.py
[2026-08-20T15:03:22.583+0000] {logging_mixin.py:188} INFO - [2026-08-20T15:03:22.583+0000] {dag.py:3047} INFO - Sync 1 DAGs
[2026-08-20T15:03:22.594+0000] {logging_mixin.py:188} INFO - [2026-08-20T15:03:22.594+0000] {dag.py:3834} INFO - Setting next_dagrun for example_dag_decorator to None, run_after=None
[2026-08-20T15:03:22.615+0000] {processor.py:183} INFO - Processing /home/airflow/.local/lib/python3.8/site-packages/airflow/example_dags/example_dag_decorator.py took 0.391 seconds
[2026-08-20T15:03:53.013+0000] {processor.py:161} INFO - Started process (PID=3749) to work on /home/airflow/.local/lib/python3.8/site-packages/airflow/example_dags/example_dag_decorator.py
[2026-08-20T15:03:53.015+0000] {processor.py:830} INFO - Processing file /home/airflow/.local/lib/python3.8/site-packages/airflow/example_dags/example_dag_decorator.py for tasks to queue
[2026-08-20T15:03:53.019+0000] {logging_mixin.py:188} INFO - [2026-08-20T15:03:53.018+0000] {dagbag.py:540} INFO - Filling up the DagBag from /home/airflow/.local/lib/python3.8/site-packages/airflow/example_dags/example_dag_decorator.py
[2026-08-20T15:03:53.274+0000] {processor.py:840} INFO - DAG(s) 'example_dag_decorator' retrieved from /home/airflow/.local/lib/python3.8/site-packages/airflow/example_dags/example_dag_decorator.py
[2026-08-20T15:03:53.373+0000] {logging_mixin.py:188} INFO - [2026-08-20T15:03:53.373+0000] {dag.py:3047} INFO - Sync 1 DAGs
[2026-08-20T15:03:53.386+0000] {logging_mixin.py:188} INFO - [2026-08-20T15:03:53.386+0000] {dag.py:3834} INFO - Setting next_dagrun for example_dag_decorator to None, run_after=None
[2026-08-20T15:03:53.414+0000] {processor.py:183} INFO - Processing /home/airflow/.local/lib/python3.8/site-packages/airflow/example_dags/example_dag_decorator.py took 0.405 seconds
[2026-08-20T15:04:23.927+0000] {processor.py:161} INFO - Started process (PID=3806) to work on /home/airflow/.local/lib/python3.8/site-packages/airflow/example_dags/example_dag_decorator.py
[2026-08-20T15:04:23.929+0000] {processor.py:830} INFO - Processing file /home/airflow/.local/lib/python3.8/site-packages/airflow/example_dags/example_dag_decorator.py for tasks to queue
[2026-08-20T15:04:23.932+0000] {logging_mixin.py:188} INFO - [2026-08-20T15:04:23.931+0000] {dagbag.py:540} INFO - Filling up the DagBag from /home/airflow/.local/lib/python3.8/site-packages/airflow/example_dags/example_dag_decorator.py
[2026-08-20T15:04:24.027+0000] {processor.py:840} INFO - DAG(s) 'example_dag_decorator' retrieved from /home/airflow/.local/lib/python3.8/site-packages/airflow/example_dags/example_dag_decorator.py
[2026-08-20T15:04:24.270+0000] {logging_mixin.py:188} INFO - [2026-08-20T15:04:24.269+0000] {dag.py:3047} INFO - Sync 1 DAGs
[2026-08-20T15:04:24.281+0000] {logging_mixin.py:188} INFO - [2026-08-20T15:04:24.281+0000] {dag.py:3834} INFO - Setting next_dagrun for example_dag_decorator to None, run_after=None
[2026-08-20T15:04:24.308+0000] {processor.py:183} INFO - Processing /home/airflow/.local/lib/python3.8/site-packages/airflow/example_dags/example_dag_decorator.py took 0.385 seconds
[2026-08-20T15:04:54.370+0000] {processor.py:161} INFO - Started process (PID=3862) to work on /home/airflow/.local/lib/python3.8/site-packages/airflow/example_dags/example_dag_decorator.py
[2026-08-20T15:04:54.372+0000] {processor.py:830} INFO - Processing file /home/airflow/.local/lib/python3.8/site-packages/airflow/example_dags/example_dag_decorator.py for tasks to queue
[2026-08-20T15:04:54.378+0000] {logging_mixin.py:188} INFO - [2026-08-20T15:04:54.377+0000] {dagbag.py:540} INFO - Filling up the DagBag from /home/airflow/.local/lib/python3.8/site-packages/airflow/example_dags/example_dag_decorator.py
[2026-08-20T15:04:55.175+0000] {processor.py:840} INFO - DAG(s) 'example_dag_decorator' retrieved from /home/airflow/.local/lib/python3.8/site-packages/airflow/example_dags/example_dag_decorator.py
[2026-08-20T15:04:55.290+0000] {logging_mixin.py:188} INFO - [2026-08-20T15:04:55.290+0000] {dag.py:3047} INFO - Sync 1 DAGs
[2026-08-20T15:04:55.302+0000] {logging_mixin.py:188} INFO - [2026-08-20T15:04:55.302+0000] {dag.py:3834} INFO - Setting next_dagrun for example_dag_decorator to None, run_after=None
[2026-08-20T15:04:55.326+0000] {processor.py:183} INFO - Processing /home/airflow/.local/lib/python3.8/site-packages/airflow/example_dags/example_dag_decorator.py took 0.963 seconds
[2026-08-20T15:05:25.873+0000] {processor.py:161} INFO - Started process (PID=3920) to work on /home/airflow/.local/lib/python3.8/site-packages/airflow/example_dags/example_dag_decorator.py
[2026-08-20T15:05:25.875+0000] {processor.py:830} INFO - Processing file /home/airflow/.local/lib/python3.8/site-packages/airflow/example_dags/example_dag_decorator.py for tasks to queue
[2026-08-20T15:05:25.878+0000] {logging_mixin.py:188} INFO - [2026-08-20T15:05:25.877+0000] {dagbag.py:540} INFO - Filling up the DagBag from /home/airflow/.local/lib/python3.8/site-packages/airflow/example_dags/example_dag_decorator.py
[2026-08-20T15:05:25.998+0000] {processor.py:840} INFO - DAG(s) 'example_dag_decorator' retrieved from /home/airflow/.local/lib/python3.8/site-packages/airflow/example_dags/example_dag_decorator.py
[2026-08-20T15:05:26.111+0000] {logging_mixin.py:188} INFO - [2026-08-20T15:05:26.110+0000] {dag.py:3047} INFO - Sync 1 DAGs
[2026-08-20T15:05:26.121+0000] {logging_mixin.py:188} INFO - [2026-08-20T15:05:26.121+0000] {dag.py:3834} INFO - Setting next_dagrun for example_dag_decorator to None, run_after=None
[2026-08-20T15:05:26.144+0000] {processor.py:183} INFO - Processing /home/airflow/.local/lib/python3.8/site-packages/airflow/example_dags/example_dag_decorator.py took 0.276 seconds
[2026-08-20T15:05:57.176+0000] {processor.py:161} INFO - Started process (PID=3978) to work on /home/airflow/.local/lib/python3.8/site-packages/airflow/example_dags/example_dag_decorator.py
[2026-08-20T15:05:57.179+0000] {processor.py:830} INFO - Processing file /home/airflow/.local/lib/python3.8/site-packages/airflow/example_dags/example_dag_decorator.py for tasks to queue
[2026-08-20T15:05:57.183+0000] {logging_mixin.py:188} INFO - [2026-08-20T15:05:57.182+0000] {dagbag.py:540} INFO - Filling up the DagBag from /home/airflow/.local/lib/python3.8/site-packages/airflow/example_dags/example_dag_decorator.py
[2026-08-20T15:05:57.302+0000] {processor.py:840} INFO - DAG(s) 'example_dag_decorator' retrieved from /home/airflow/.local/lib/python3.8/site-packages/airflow/example_dags/example_dag_decorator.py
[2026-08-20T15:05:57.426+0000] {logging_mixin.py:188} INFO - [2026-08-20T15:05:57.425+0000] {dag.py:3047} INFO - Sync 1 DAGs
[2026-08-20T15:05:57.438+0000] {logging_mixin.py:188} INFO - [2026-08-20T15:05:57.438+0000] {dag.py:3834} INFO - Setting next_dagrun for example_dag_decorator to None, run_after=None
[2026-08-20T15:05:57.461+0000] {processor.py:183} INFO - Processing /home/airflow/.local/lib/python3.8/site-packages/airflow/example_dags/example_dag_decorator.py took 0.291 seconds
[2026-08-20T15:06:28.454+0000] {processor.py:161} INFO - Started process (PID=4035) to work on /home/airflow/.local/lib/python3.8/site-packages/airflow/example_dags/example_dag_decorator.py
[2026-08-20T15:06:28.456+0000] {processor.py:830} INFO - Processing file /home/airflow/.local/lib/python3.8/site-packages/airflow/example_dags/example_dag_decorator.py for tasks to queue
[2026-08-20T15:06:28.459+0000] {logging_mixin.py:188} INFO - [2026-08-20T15:06:28.459+0000] {dagbag.py:540} INFO - Filling up the DagBag from /home/airflow/.local/lib/python3.8/site-packages/airflow/example_dags/example_dag_decorator.py
[2026-08-20T15:06:28.587+0000] {processor.py:840} INFO - DAG(s) 'example_dag_decorator' retrieved from /home/airflow/.local/lib/python3.8/site-packages/airflow/example_dags/example_dag_decorator.py
[2026-08-20T15:06:28.622+0000] {logging_mixin.py:188} INFO - [2026-08-20T15:06:28.622+0000] {dag.py:3047} INFO - Sync 1 DAGs
[2026-08-20T15:06:28.642+0000] {logging_mixin.py:188} INFO - [2026-08-20T15:06:28.642+0000] {dag.py:3834} INFO - Setting next_dagrun for example_dag_decorator to None, run_after=None
[2026-08-20T15:06:28.666+0000] {processor.py:183} INFO - Processing /home/airflow/.local/lib/python3.8/site-packages/airflow/example_dags/example_dag_decorator.py took 0.217 seconds
[2026-08-20T15:06:58.731+0000] {processor.py:161} INFO - Started process (PID=4091) to work on /home/airflow/.local/lib/python3.8/site-packages/airflow/example_dags/example_dag_decorator.py
[2026-08-20T15:06:58.733+0000] {processor.py:830} INFO - Processing file /home/airflow/.local/lib/python3.8/site-packages/airflow/example_dags/example_dag_decorator.py for tasks to queue
[2026-08-20T15:06:58.736+0000] {logging_mixin.py:188} INFO - [2026-08-20T15:06:58.736+0000] {dagbag.py:540} INFO - Filling up the DagBag from /home/airflow/.local/lib/python3.8/site-packages/airflow/example_dags/example_dag_decorator.py
[2026-08-20T15:06:58.840+0000] {processor.py:840} INFO - DAG(s) 'example_dag_decorator' retrieved from /home/airflow/.local/lib/python3.8/site-packages/airflow/example_dags/example_dag_decorator.py
[2026-08-20T15:06:58.961+0000] {logging_mixin.py:188} INFO - [2026-08-20T15:06:58.960+0000] {dag.py:3047} INFO - Sync 1 DAGs
[2026-08-20T15:06:58.974+0000] {logging_mixin.py:188} INFO - [2026-08-20T15:06:58.973+0000] {dag.py:3834} INFO - Setting next_dagrun for example_dag_decorator to None, run_after=None
[2026-08-20T15:06:58.998+0000] {processor.py:183} INFO - Processing /home/airflow/.local/lib/python3.8/site-packages/airflow/example_dags/example_dag_decorator.py took 0.270 seconds
[2026-08-20T15:07:29.943+0000] {processor.py:161} INFO - Started process (PID=4149) to work on /home/airflow/.local/lib/python3.8/site-packages/airflow/example_dags/example_dag_decorator.py
[2026-08-20T15:07:29.945+0000] {processor.py:830} INFO - Processing file /home/airflow/.local/lib/python3.8/site-packages/airflow/example_dags/example_dag_decorator.py for tasks to queue
[2026-08-20T15:07:29.948+0000] {logging_mixin.py:188} INFO - [2026-08-20T15:07:29.948+0000] {dagbag.py:540} INFO - Filling up the DagBag from /home/airflow/.local/lib/python3.8/site-packages/airflow/example_dags/example_dag_decorator.py
[2026-08-20T15:07:30.075+0000] {processor.py:840} INFO - DAG(s) 'example_dag_decorator' retrieved from /home/airflow/.local/lib/python3.8/site-packages/airflow/example_dags/example_dag_decorator.py
[2026-08-20T15:07:30.194+0000] {logging_mixin.py:188} INFO - [2026-08-20T15:07:30.194+0000] {dag.py:3047} INFO - Sync 1 DAGs
[2026-08-20T15:07:30.209+0000] {logging_mixin.py:188} INFO - [2026-08-20T15:07:30.208+0000] {dag.py:3834} INFO - Setting next_dagrun for example_dag_decorator to None, run_after=None
[2026-08-20T15:07:30.234+0000] {processor.py:183} INFO - Processing /home/airflow/.local/lib/python3.8/site-packages/airflow/example_dags/example_dag_decorator.py took 0.297 seconds
[2026-08-20T15:08:01.183+0000] {processor.py:161} INFO - Started process (PID=4206) to work on /home/airflow/.local/lib/python3.8/site-packages/airflow/example_dags/example_dag_decorator.py
[2026-08-20T15:08:01.185+0000] {processor.py:830} INFO - Processing file /home/airflow/.local/lib/python3.8/site-packages/airflow/example_dags/example_dag_decorator.py for tasks to queue
[2026-08-20T15:08:01.188+0000] {logging_mixin.py:188} INFO - [2026-08-20T15:08:01.188+0000] {dagbag.py:540} INFO - Filling up the DagBag from /home/airflow/.local/lib/python3.8/site-packages/airflow/example_dags/example_dag_decorator.py
[2026-08-20T15:08:01.291+0000] {processor.py:840} INFO - DAG(s) 'example_dag_decorator' retrieved from /home/airflow/.local/lib/python3.8/site-packages/airflow/example_dags/example_dag_decorator.py
[2026-08-20T15:08:01.332+0000] {logging_mixin.py:188} INFO - [2026-08-20T15:08:01.332+0000] {dag.py:3047} INFO - Sync 1 DAGs
[2026-08-20T15:08:01.347+0000] {logging_mixin.py:188} INFO - [2026-08-20T15:08:01.347+0000] {dag.py:3834} INFO - Setting next_dagrun for example_dag_decorator to None, run_after=None
[2026-08-20T15:08:01.371+0000] {processor.py:183} INFO - Processing /home/airflow/.local/lib/python3.8/site-packages/airflow/example_dags/example_dag_decorator.py took 0.193 seconds
[2026-08-20T15:08:31.477+0000] {processor.py:161} INFO - Started process (PID=4262) to work on /home/airflow/.local/lib/python3.8/site-packages/airflow/example_dags/example_dag_decorator.py
[2026-08-20T15:08:31.480+0000] {processor.py:830} INFO - Processing file /home/airflow/.local/lib/python3.8/site-packages/airflow/example_dags/example_dag_decorator.py for tasks to queue
[2026-08-20T15:08:31.483+0000] {logging_mixin.py:188} INFO - [2026-08-20T15:08:31.482+0000] {dagbag.py:540} INFO - Filling up the DagBag from /home/airflow/.local/lib/python3.8/site-packages/airflow/example_dags/example_dag_decorator.py
[2026-08-20T15:08:31.589+0000] {processor.py:840} INFO - DAG(s) 'example_dag_decorator' retrieved from /home/airflow/.local/lib/python3.8/site-packages/airflow/example_dags/example_dag_decorator.py
[2026-08-20T15:08:31.699+0000] {logging_mixin.py:188} INFO - [2026-08-20T15:08:31.699+0000] {dag.py:3047} INFO - Sync 1 DAGs
[2026-08-20T15:08:31.710+0000] {logging_mixin.py:188} INFO - [2026-08-20T15:08:31.709+0000] {dag.py:3834} INFO - Setting next_dagrun for example_dag_decorator to None, run_after=None
[2026-08-20T15:08:31.732+0000] {processor.py:183} INFO - Processing /home/airflow/.local/lib/python3.8/site-packages/airflow/example_dags/example_dag_decorator.py took 0.260 seconds
[2026-08-20T15:09:01.773+0000] {processor.py:161} INFO - Started process (PID=4319) to work on /home/airflow/.local/lib/python3.8/site-packages/airflow/example_dags/example_dag_decorator.py
[2026-08-20T15:09:01.775+0000] {processor.py:830} INFO - Processing file /home/airflow/.local/lib/python3.8/site-packages/airflow/example_dags/example_dag_decorator.py for tasks to queue
[2026-08-20T15:09:01.778+0000] {logging_mixin.py:188} INFO - [2026-08-20T15:09:01.777+0000] {dagbag.py:540} INFO - Filling up the DagBag from /home/airflow/.local/lib/python3.8/site-packages/airflow/example_dags/example_dag_decorator.py
[2026-08-20T15:09:01.874+0000] {processor.py:840} INFO - DAG(s) 'example_dag_decorator' retrieved from /home/airflow/.local/lib/python3.8/site-packages/airflow/example_dags/example_dag_decorator.py
[2026-08-20T15:09:01.905+0000] {logging_mixin.py:188} INFO - [2026-08-20T15:09:01.905+0000] {dag.py:3047} INFO - Sync 1 DAGs
[2026-08-20T15:09:01.921+0000] {logging_mixin.py:188} INFO - [2026-08-20T15:09:01.920+0000] {dag.py:3834} INFO - Setting next_dagrun for example_dag_decorator to None, run_after=None
[2026-08-20T15:09:01.943+0000] {processor.py:183} INFO - Processing /home/airflow/.local/lib/python3.8/site-packages/airflow/example_dags/example_dag_decorator.py took 0.174 seconds
[2026-08-20T15:09:31.990+0000] {processor.py:161} INFO - Started process (PID=4376) to work on /home/airflow/.local/lib/python3.8/site-packages/airflow/example_dags/example_dag_decorator.py
[2026-08-20T15:09:31.992+0000] {processor.py:830} INFO - Processing file /home/airflow/.local/lib/python3.8/site-packages/airflow/example_dags/example_dag_decorator.py for tasks to queue
[2026-08-20T15:09:31.995+0000] {logging_mixin.py:188} INFO - [2026-08-20T15:09:31.994+0000] {dagbag.py:540} INFO - Filling up the DagBag from /home/airflow/.local/lib/python3.8/site-packages/airflow/example_dags/example_dag_decorator.py
[2026-08-20T15:09:32.099+0000] {processor.py:840} INFO - DAG(s) 'example_dag_decorator' retrieved from /home/airflow/.local/lib/python3.8/site-packages/airflow/example_dags/example_dag_decorator.py
[2026-08-20T15:09:32.128+0000] {logging_mixin.py:188} INFO - [2026-08-20T15:09:32.128+0000] {dag.py:3047} INFO - Sync 1 DAGs
[2026-08-20T15:09:32.143+0000] {logging_mixin.py:188} INFO - [2026-08-20T15:09:32.143+0000] {dag.py:3834} INFO - Setting next_dagrun for example_dag_decorator to None, run_after=None
[2026-08-20T15:09:32.177+0000] {processor.py:183} INFO - Processing /home/airflow/.local/lib/python3.8/site-packages/airflow/example_dags/example_dag_decorator.py took 0.190 seconds
[2026-08-20T15:10:02.375+0000] {processor.py:161} INFO - Started process (PID=4433) to work on /home/airflow/.local/lib/python3.8/site-packages/airflow/example_dags/example_dag_decorator.py
[2026-08-20T15:10:02.377+0000] {processor.py:830} INFO - Processing file /home/airflow/.local/lib/python3.8/site-packages/airflow/example_dags/example_dag_decorator.py for tasks to queue
[2026-08-20T15:10:02.379+0000] {logging_mixin.py:188} INFO - [2026-08-20T15:10:02.379+0000] {dagbag.py:540} INFO - Filling up the DagBag from /home/airflow/.local/lib/python3.8/site-packages/airflow/example_dags/example_dag_decorator.py
[2026-08-20T15:10:02.493+0000] {processor.py:840} INFO - DAG(s) 'example_dag_decorator' retrieved from /home/airflow/.local/lib/python3.8/site-packages/airflow/example_dags/example_dag_decorator.py
[2026-08-20T15:10:02.603+0000] {logging_mixin.py:188} INFO - [2026-08-20T15:10:02.603+0000] {dag.py:3047} INFO - Sync 1 DAGs
[2026-08-20T15:10:02.617+0000] {logging_mixin.py:188} INFO - [2026-08-20T15:10:02.617+0000] {dag.py:3834} INFO - Setting next_dagrun for example_dag_decorator to None, run_after=None
[2026-08-20T15:10:02.640+0000] {processor.py:183} INFO - Processing /home/airflow/.local/lib/python3.8/site-packages/airflow/example_dags/example_dag_decorator.py took 0.269 seconds
[2026-08-20T15:10:33.289+0000] {processor.py:161} INFO - Started process (PID=4490) to work on /home/airflow/.local/lib/python3.8/site-packages/airflow/example_dags/example_dag_decorator.py
[2026-08-20T15:10:33.291+0000] {processor.py:830} INFO - Processing file /home/airflow/.local/lib/python3.8/site-packages/airflow/example_dags/example_dag_decorator.py for tasks to queue
[2026-08-20T15:10:33.293+0000] {logging_mixin.py:188} INFO - [2026-08-20T15:10:33.293+0000] {dagbag.py:540} INFO - Filling up the DagBag from /home/airflow/.local/lib/python3.8/site-packages/airflow/example_dags/example_dag_decorator.py
[2026-08-20T15:10:33.383+0000] {processor.py:840} INFO - DAG(s) 'example_dag_decorator' retrieved from /home/airflow/.local/lib/python3.8/site-packages/airflow/example_dags/example_dag_decorator.py
[2026-08-20T15:10:33.489+0000] {logging_mixin.py:188} INFO - [2026-08-20T15:10:33.489+0000] {dag.py:3047} INFO - Sync 1 DAGs
[2026-08-20T15:10:33.499+0000] {logging_mixin.py:188} INFO - [2026-08-20T15:10:33.499+0000] {dag.py:3834} INFO - Setting next_dagrun for example_dag_decorator to None, run_after=None
[2026-08-20T15:10:33.521+0000] {processor.py:183} INFO - Processing /home/airflow/.local/lib/python3.8/site-packages/airflow/example_dags/example_dag_decorator.py took 0.236 seconds
[2026-08-20T15:11:03.932+0000] {processor.py:161} INFO - Started process (PID=4548) to work on /home/airflow/.local/lib/python3.8/site-packages/airflow/example_dags/example_dag_decorator.py
[2026-08-20T15:11:03.933+0000] {processor.py:830} INFO - Processing file /home/airflow/.local/lib/python3.8/site-packages/airflow/example_dags/example_dag_decorator.py for tasks to queue
[2026-08-20T15:11:03.937+0000] {logging_mixin.py:188} INFO - [2026-08-20T15:11:03.937+0000] {dagbag.py:540} INFO - Filling up the DagBag from /home/airflow/.local/lib/python3.8/site-packages/airflow/example_dags/example_dag_decorator.py
[2026-08-20T15:11:04.037+0000] {processor.py:840} INFO - DAG(s) 'example_dag_decorator' retrieved from /home/airflow/.local/lib/python3.8/site-packages/airflow/example_dags/example_dag_decorator.py
[2026-08-20T15:11:04.149+0000] {logging_mixin.py:188} INFO - [2026-08-20T15:11:04.149+0000] {dag.py:3047} INFO - Sync 1 DAGs
[2026-08-20T15:11:04.160+0000] {logging_mixin.py:188} INFO - [2026-08-20T15:11:04.159+0000] {dag.py:3834} INFO - Setting next_dagrun for example_dag_decorator to None, run_after=None
[2026-08-20T15:11:04.180+0000] {processor.py:183} INFO - Processing /home/airflow/.local/lib/python3.8/site-packages/airflow/example_dags/example_dag_decorator.py took 0.253 seconds
[2026-08-20T15:11:34.305+0000] {processor.py:161} INFO - Started process (PID=4605) to work on /home/airflow/.local/lib/python3.8/site-packages/airflow/example_dags/example_dag_decorator.py
[2026-08-20T15:11:34.307+0000] {processor.py:830} INFO - Processing file /home/airflow/.local/lib/python3.8/site-packages/airflow/example_dags/example_dag_decorator.py for tasks to queue
[2026-08-20T15:11:34.309+0000] {logging_mixin.py:188} INFO - [2026-08-20T15:11:34.308+0000] {dagbag.py:540} INFO - Filling up the DagBag from /home/airflow/.local/lib/python3.8/site-packages/airflow/example_dags/example_dag_decorator.py
[2026-08-20T15:11:34.410+0000] {processor.py:840} INFO - DAG(s) 'example_dag_decorator' retrieved from /home/airflow/.local/lib/python3.8/site-packages/airflow/example_dags/example_dag_decorator.py
[2026-08-20T15:11:34.535+0000] {logging_mixin.py:188} INFO - [2026-08-20T15:11:34.535+0000] {dag.py:3047} INFO - Sync 1 DAGs
[2026-08-20T15:11:34.548+0000] {logging_mixin.py:188} INFO - [2026-08-20T15:11:34.548+0000] {dag.py:3834} INFO - Setting next_dagrun for example_dag_decorator to None, run_after=None
[2026-08-20T15:11:34.571+0000] {processor.py:183} INFO - Processing /home/airflow/.local/lib/python3.8/site-packages/airflow/example_dags/example_dag_decorator.py took 0.270 seconds
[2026-08-20T15:12:04.611+0000] {processor.py:161} INFO - Started process (PID=4662) to work on /home/airflow/.local/lib/python3.8/site-packages/airflow/example_dags/example_dag_decorator.py
[2026-08-20T15:12:04.613+0000] {processor.py:830} INFO - Processing file /home/airflow/.local/lib/python3.8/site-packages/airflow/example_dags/example_dag_decorator.py for tasks to queue
[2026-08-20T15:12:04.616+0000] {logging_mixin.py:188} INFO - [2026-08-20T15:12:04.616+0000] {dagbag.py:540} INFO - Filling up the DagBag from /home/airflow/.local/lib/python3.8/site-packages/airflow/example_dags/example_dag_decorator.py
[2026-08-20T15:12:04.707+0000] {processor.py:840} INFO - DAG(s) 'example_dag_decorator' retrieved from /home/airflow/.local/lib/python3.8/site-packages/airflow/example_dags/example_dag_decorator.py
[2026-08-20T15:12:04.871+0000] {logging_mixin.py:188} INFO - [2026-08-20T15:12:04.871+0000] {dag.py:3047} INFO - Sync 1 DAGs
[2026-08-20T15:12:04.892+0000] {logging_mixin.py:188} INFO - [2026-08-20T15:12:04.892+0000] {dag.py:3834} INFO - Setting next_dagrun for example_dag_decorator to None, run_after=None
[2026-08-20T15:12:04.914+0000] {processor.py:183} INFO - Processing /home/airflow/.local/lib/python3.8/site-packages/airflow/example_dags/example_dag_decorator.py took 0.306 seconds
[2026-08-20T15:12:34.992+0000] {processor.py:161} INFO - Started process (PID=4719) to work on /home/airflow/.local/lib/python3.8/site-packages/airflow/example_dags/example_dag_decorator.py
[2026-08-20T15:12:34.995+0000] {processor.py:830} INFO - Processing file /home/airflow/.local/lib/python3.8/site-packages/airflow/example_dags/example_dag_decorator.py for tasks to queue
[2026-08-20T15:12:34.998+0000] {logging_mixin.py:188} INFO - [2026-08-20T15:12:34.998+0000] {dagbag.py:540} INFO - Filling up the DagBag from /home/airflow/.local/lib/python3.8/site-packages/airflow/example_dags/example_dag_decorator.py
[2026-08-20T15:12:35.101+0000] {processor.py:840} INFO - DAG(s) 'example_dag_decorator' retrieved from /home/airflow/.local/lib/python3.8/site-packages/airflow/example_dags/example_dag_decorator.py
[2026-08-20T15:12:35.205+0000] {logging_mixin.py:188} INFO - [2026-08-20T15:12:35.205+0000] {dag.py:3047} INFO - Sync 1 DAGs
[2026-08-20T15:12:35.216+0000] {logging_mixin.py:188} INFO - [2026-08-20T15:12:35.216+0000] {dag.py:3834} INFO - Setting next_dagrun for example_dag_decorator to None, run_after=None
[2026-08-20T15:12:35.237+0000] {processor.py:183} INFO - Processing /home/airflow/.local/lib/python3.8/site-packages/airflow/example_dags/example_dag_decorator.py took 0.250 seconds
[2026-08-20T15:13:05.421+0000] {processor.py:161} INFO - Started process (PID=4776) to work on /home/airflow/.local/lib/python3.8/site-packages/airflow/example_dags/example_dag_decorator.py
[2026-08-20T15:13:05.423+0000] {processor.py:830} INFO - Processing file /home/airflow/.local/lib/python3.8/site-packages/airflow/example_dags/example_dag_decorator.py for tasks to queue
[2026-08-20T15:13:05.427+0000] {logging_mixin.py:188} INFO - [2026-08-20T15:13:05.426+0000] {dagbag.py:540} INFO - Filling up the DagBag from /home/airflow/.local/lib/python3.8/site-packages/airflow/example_dags/example_dag_decorator.py
[2026-08-20T15:13:05.527+0000] {processor.py:840} INFO - DAG(s) 'example_dag_decorator' retrieved from /home/airflow/.local/lib/python3.8/site-packages/airflow/example_dags/example_dag_decorator.py
[2026-08-20T15:13:05.703+0000] {logging_mixin.py:188} INFO - [2026-08-20T15:13:05.703+0000] {dag.py:3047} INFO - Sync 1 DAGs
[2026-08-20T15:13:05.724+0000] {logging_mixin.py:188} INFO - [2026-08-20T15:13:05.724+0000] {dag.py:3834} INFO - Setting next_dagrun for example_dag_decorator to None, run_after=None
[2026-08-20T15:13:05.747+0000] {processor.py:183} INFO - Processing /home/airflow/.local/lib/python3.8/site-packages/airflow/example_dags/example_dag_decorator.py took 0.330 seconds
[2026-08-20T15:13:36.054+0000] {processor.py:161} INFO - Started process (PID=4840) to work on /home/airflow/.local/lib/python3.8/site-packages/airflow/example_dags/example_dag_decorator.py
[2026-08-20T15:13:36.055+0000] {processor.py:830} INFO - Processing file /home/airflow/.local/lib/python3.8/site-packages/airflow/example_dags/example_dag_decorator.py for tasks to queue
[2026-08-20T15:13:36.060+0000] {logging_mixin.py:188} INFO - [2026-08-20T15:13:36.059+0000] {dagbag.py:540} INFO - Filling up the DagBag from /home/airflow/.local/lib/python3.8/site-packages/airflow/example_dags/example_dag_decorator.py
[2026-08-20T15:13:36.168+0000] {processor.py:840} INFO - DAG(s) 'example_dag_decorator' retrieved from /home/airflow/.local/lib/python3.8/site-packages/airflow/example_dags/example_dag_decorator.py
[2026-08-20T15:13:36.268+0000] {logging_mixin.py:188} INFO - [2026-08-20T15:13:36.268+0000] {dag.py:3047} INFO - Sync 1 DAGs
[2026-08-20T15:13:36.280+0000] {logging_mixin.py:188} INFO - [2026-08-20T15:13:36.280+0000] {dag.py:3834} INFO - Setting next_dagrun for example_dag_decorator to None, run_after=None
[2026-08-20T15:13:36.301+0000] {processor.py:183} INFO - Processing /home/airflow/.local/lib/python3.8/site-packages/airflow/example_dags/example_dag_decorator.py took 0.252 seconds
[2026-08-20T15:14:06.493+0000] {processor.py:161} INFO - Started process (PID=4897) to work on /home/airflow/.local/lib/python3.8/site-packages/airflow/example_dags/example_dag_decorator.py
[2026-08-20T15:14:06.495+0000] {processor.py:830} INFO - Processing file /home/airflow/.local/lib/python3.8/site-packages/airflow/example_dags/example_dag_decorator.py for tasks to queue
[2026-08-20T15:14:06.498+0000] {logging_mixin.py:188} INFO - [2026-08-20T15:14:06.497+0000] {dagbag.py:540} INFO - Filling up the DagBag from /home/airflow/.local/lib/python3.8/site-packages/airflow/example_dags/example_dag_decorator.py
[2026-08-20T15:14:06.604+0000] {processor.py:840} INFO - DAG(s) 'example_dag_decorator' retrieved from /home/airflow/.local/lib/python3.8/site-packages/airflow/example_dags/example_dag_decorator.py
[2026-08-20T15:14:06.708+0000] {logging_mixin.py:188} INFO - [2026-08-20T15:14:06.708+0000] {dag.py:3047} INFO - Sync 1 DAGs
[2026-08-20T15:14:06.719+0000] {logging_mixin.py:188} INFO - [2026-08-20T15:14:06.718+0000] {dag.py:3834} INFO - Setting next_dagrun for example_dag_decorator to None, run_after=None
[2026-08-20T15:14:06.741+0000] {processor.py:183} INFO - Processing /home/airflow/.local/lib/python3.8/site-packages/airflow/example_dags/example_dag_decorator.py took 0.252 seconds
[2026-08-20T15:14:36.794+0000] {processor.py:161} INFO - Started process (PID=4954) to work on /home/airflow/.local/lib/python3.8/site-packages/airflow/example_dags/example_dag_decorator.py
[2026-08-20T15:14:36.796+0000] {processor.py:830} INFO - Processing file /home/airflow/.local/lib/python3.8/site-packages/airflow/example_dags/example_dag_decorator.py for tasks to queue
[2026-08-20T15:14:36.799+0000] {logging_mixin.py:188} INFO - [2026-08-20T15:14:36.799+0000] {dagbag.py:540} INFO - Filling up the DagBag from /home/airflow/.local/lib/python3.8/site-packages/airflow/example_dags/example_dag_decorator.py
[2026-08-20T15:14:36.932+0000] {processor.py:840} INFO - DAG(s) 'example_dag_decorator' retrieved from /home/airflow/.local/lib/python3.8/site-packages/airflow/example_dags/example_dag_decorator.py
[2026-08-20T15:14:37.071+0000] {logging_mixin.py:188} INFO - [2026-08-20T15:14:37.071+0000] {dag.py:3047} INFO - Sync 1 DAGs
[2026-08-20T15:14:37.089+0000] {logging_mixin.py:188} INFO - [2026-08-20T15:14:37.089+0000] {dag.py:3834} INFO - Setting next_dagrun for example_dag_decorator to None, run_after=None
[2026-08-20T15:14:37.115+0000] {processor.py:183} INFO - Processing /home/airflow/.local/lib/python3.8/site-packages/airflow/example_dags/example_dag_decorator.py took 0.324 seconds
[2026-08-20T15:15:07.296+0000] {processor.py:161} INFO - Started process (PID=5011) to work on /home/airflow/.local/lib/python3.8/site-packages/airflow/example_dags/example_dag_decorator.py
[2026-08-20T15:15:07.298+0000] {processor.py:830} INFO - Processing file /home/airflow/.local/lib/python3.8/site-packages/airflow/example_dags/example_dag_decorator.py for tasks to queue
[2026-08-20T15:15:07.302+0000] {logging_mixin.py:188} INFO - [2026-08-20T15:15:07.301+0000] {dagbag.py:540} INFO - Filling up the DagBag from /home/airflow/.local/lib/python3.8/site-packages/airflow/example_dags/example_dag_decorator.py
[2026-08-20T15:15:07.414+0000] {processor.py:840} INFO - DAG(s) 'example_dag_decorator' retrieved from /home/airflow/.local/lib/python3.8/site-packages/airflow/example_dags/example_dag_decorator.py
[2026-08-20T15:15:07.537+0000] {logging_mixin.py:188} INFO - [2026-08-20T15:15:07.537+0000] {dag.py:3047} INFO - Sync 1 DAGs
[2026-08-20T15:15:07.549+0000] {logging_mixin.py:188} INFO - [2026-08-20T15:15:07.549+0000] {dag.py:3834} INFO - Setting next_dagrun for example_dag_decorator to None, run_after=None
[2026-08-20T15:15:07.573+0000] {processor.py:183} INFO - Processing /home/airflow/.local/lib/python3.8/site-packages/airflow/example_dags/example_dag_decorator.py took 0.281 seconds
[2026-08-20T15:15:38.137+0000] {processor.py:161} INFO - Started process (PID=5068) to work on /home/airflow/.local/lib/python3.8/site-packages/airflow/example_dags/example_dag_decorator.py
[2026-08-20T15:15:38.139+0000] {processor.py:830} INFO - Processing file /home/airflow/.local/lib/python3.8/site-packages/airflow/example_dags/example_dag_decorator.py for tasks to queue
[2026-08-20T15:15:38.142+0000] {logging_mixin.py:188} INFO - [2026-08-20T15:15:38.141+0000] {dagbag.py:540} INFO - Filling up the DagBag from /home/airflow/.local/lib/python3.8/site-packages/airflow/example_dags/example_dag_decorator.py
[2026-08-20T15:15:38.251+0000] {processor.py:840} INFO - DAG(s) 'example_dag_decorator' retrieved from /home/airflow/.local/lib/python3.8/site-packages/airflow/example_dags/example_dag_decorator.py
[2026-08-20T15:15:38.360+0000] {logging_mixin.py:188} INFO - [2026-08-20T15:15:38.360+0000] {dag.py:3047} INFO - Sync 1 DAGs
[2026-08-20T15:15:38.372+0000] {logging_mixin.py:188} INFO - [2026-08-20T15:15:38.372+0000] {dag.py:3834} INFO - Setting next_dagrun for example_dag_decorator to None, run_after=None
[2026-08-20T15:15:38.395+0000] {processor.py:183} INFO - Processing /home/airflow/.local/lib/python3.8/site-packages/airflow/example_dags/example_dag_decorator.py took 0.263 seconds
[2026-08-20T15:16:08.658+0000] {processor.py:161} INFO - Started process (PID=5125) to work on /home/airflow/.local/lib/python3.8/site-packages/airflow/example_dags/example_dag_decorator.py
[2026-08-20T15:16:08.660+0000] {processor.py:830} INFO - Processing file /home/airflow/.local/lib/python3.8/site-packages/airflow/example_dags/example_dag_decorator.py for tasks to queue
[2026-08-20T15:16:08.663+0000] {logging_mixin.py:188} INFO - [2026-08-20T15:16:08.663+0000] {dagbag.py:540} INFO - Filling up the DagBag from /home/airflow/.local/lib/python3.8/site-packages/airflow/example_dags/example_dag_decorator.py
[2026-08-20T15:16:08.795+0000] {processor.py:840} INFO - DAG(s) 'example_dag_decorator' retrieved from /home/airflow/.local/lib/python3.8/site-packages/airflow/example_dags/example_dag_decorator.py
[2026-08-20T15:16:08.910+0000] {logging_mixin.py:188} INFO - [2026-08-20T15:16:08.910+0000] {dag.py:3047} INFO - Sync 1 DAGs
[2026-08-20T15:16:08.925+0000] {logging_mixin.py:188} INFO - [2026-08-20T15:16:08.925+0000] {dag.py:3834} INFO - Setting next_dagrun for example_dag_decorator to None, run_after=None
[2026-08-20T15:16:08.957+0000] {processor.py:183} INFO - Processing /home/airflow/.local/lib/python3.8/site-packages/airflow/example_dags/example_dag_decorator.py took 0.303 seconds
[2026-08-20T15:16:39.876+0000] {processor.py:161} INFO - Started process (PID=5182) to work on /home/airflow/.local/lib/python3.8/site-packages/airflow/example_dags/example_dag_decorator.py
[2026-08-20T15:16:39.877+0000] {processor.py:830} INFO - Processing file /home/airflow/.local/lib/python3.8/site-packages/airflow/example_dags/example_dag_decorator.py for tasks to queue
[2026-08-20T15:16:39.880+0000] {logging_mixin.py:188} INFO - [2026-08-20T15:16:39.880+0000] {dagbag.py:540} INFO - Filling up the DagBag from /home/airflow/.local/lib/python3.8/site-packages/airflow/example_dags/example_dag_decorator.py
[2026-08-20T15:16:39.978+0000] {processor.py:840} INFO - DAG(s) 'example_dag_decorator' retrieved from /home/airflow/.local/lib/python3.8/site-packages/airflow/example_dags/example_dag_decorator.py
[2026-08-20T15:16:40.108+0000] {logging_mixin.py:188} INFO - [2026-08-20T15:16:40.107+0000] {dag.py:3047} INFO - Sync 1 DAGs
[2026-08-20T15:16:40.123+0000] {logging_mixin.py:188} INFO - [2026-08-20T15:16:40.123+0000] {dag.py:3834} INFO - Setting next_dagrun for example_dag_decorator to None, run_after=None
[2026-08-20T15:16:40.150+0000] {processor.py:183} INFO - Processing /home/airflow/.local/lib/python3.8/site-packages/airflow/example_dags/example_dag_decorator.py took 0.278 seconds
[2026-08-20T15:17:10.288+0000] {processor.py:161} INFO - Started process (PID=5240) to work on /home/airflow/.local/lib/python3.8/site-packages/airflow/example_dags/example_dag_decorator.py
[2026-08-20T15:17:10.290+0000] {processor.py:830} INFO - Processing file /home/airflow/.local/lib/python3.8/site-packages/airflow/example_dags/example_dag_decorator.py for tasks to queue
[2026-08-20T15:17:10.293+0000] {logging_mixin.py:188} INFO - [2026-08-20T15:17:10.292+0000] {dagbag.py:540} INFO - Filling up the DagBag from /home/airflow/.local/lib/python3.8/site-packages/airflow/example_dags/example_dag_decorator.py
[2026-08-20T15:17:10.405+0000] {processor.py:840} INFO - DAG(s) 'example_dag_decorator' retrieved from /home/airflow/.local/lib/python3.8/site-packages/airflow/example_dags/example_dag_decorator.py
[2026-08-20T15:17:10.556+0000] {logging_mixin.py:188} INFO - [2026-08-20T15:17:10.556+0000] {dag.py:3047} INFO - Sync 1 DAGs
[2026-08-20T15:17:10.570+0000] {logging_mixin.py:188} INFO - [2026-08-20T15:17:10.570+0000] {dag.py:3834} INFO - Setting next_dagrun for example_dag_decorator to None, run_after=None
[2026-08-20T15:17:10.598+0000] {processor.py:183} INFO - Processing /home/airflow/.local/lib/python3.8/site-packages/airflow/example_dags/example_dag_decorator.py took 0.313 seconds
[2026-08-20T15:17:40.865+0000] {processor.py:161} INFO - Started process (PID=5298) to work on /home/airflow/.local/lib/python3.8/site-packages/airflow/example_dags/example_dag_decorator.py
[2026-08-20T15:17:40.867+0000] {processor.py:830} INFO - Processing file /home/airflow/.local/lib/python3.8/site-packages/airflow/example_dags/example_dag_decorator.py for tasks to queue
[2026-08-20T15:17:40.871+0000] {logging_mixin.py:188} INFO - [2026-08-20T15:17:40.871+0000] {dagbag.py:540} INFO - Filling up the DagBag from /home/airflow/.local/lib/python3.8/site-packages/airflow/example_dags/example_dag_decorator.py
[2026-08-20T15:17:41.005+0000] {processor.py:840} INFO - DAG(s) 'example_dag_decorator' retrieved from /home/airflow/.local/lib/python3.8/site-packages/airflow/example_dags/example_dag_decorator.py
[2026-08-20T15:17:41.138+0000] {logging_mixin.py:188} INFO - [2026-08-20T15:17:41.138+0000] {dag.py:3047} INFO - Sync 1 DAGs
[2026-08-20T15:17:41.155+0000] {logging_mixin.py:188} INFO - [2026-08-20T15:17:41.155+0000] {dag.py:3834} INFO - Setting next_dagrun for example_dag_decorator to None, run_after=None
[2026-08-20T15:17:41.182+0000] {processor.py:183} INFO - Processing /home/airflow/.local/lib/python3.8/site-packages/airflow/example_dags/example_dag_decorator.py took 0.324 seconds
[2026-08-20T15:18:12.250+0000] {processor.py:161} INFO - Started process (PID=5357) to work on /home/airflow/.local/lib/python3.8/site-packages/airflow/example_dags/example_dag_decorator.py
[2026-08-20T15:18:12.252+0000] {processor.py:830} INFO - Processing file /home/airflow/.local/lib/python3.8/site-packages/airflow/example_dags/example_dag_decorator.py for tasks to queue
[2026-08-20T15:18:12.255+0000] {logging_mixin.py:188} INFO - [2026-08-20T15:18:12.254+0000] {dagbag.py:540} INFO - Filling up the DagBag from /home/airflow/.local/lib/python3.8/site-packages/airflow/example_dags/example_dag_decorator.py
[2026-08-20T15:18:12.350+0000] {processor.py:840} INFO - DAG(s) 'example_dag_decorator' retrieved from /home/airflow/.local/lib/python3.8/site-packages/airflow/example_dags/example_dag_decorator.py
[2026-08-20T15:18:12.377+0000] {logging_mixin.py:188} INFO - [2026-08-20T15:18:12.377+0000] {dag.py:3047} INFO - Sync 1 DAGs
[2026-08-20T15:18:12.391+0000] {logging_mixin.py:188} INFO - [2026-08-20T15:18:12.391+0000] {dag.py:3834} INFO - Setting next_dagrun for example_dag_decorator to None, run_after=None
[2026-08-20T15:18:12.412+0000] {processor.py:183} INFO - Processing /home/airflow/.local/lib/python3.8/site-packages/airflow/example_dags/example_dag_decorator.py took 0.165 seconds
[2026-08-20T15:18:42.778+0000] {processor.py:161} INFO - Started process (PID=5414) to work on /home/airflow/.local/lib/python3.8/site-packages/airflow/example_dags/example_dag_decorator.py
[2026-08-20T15:18:42.780+0000] {processor.py:830} INFO - Processing file /home/airflow/.local/lib/python3.8/site-packages/airflow/example_dags/example_dag_decorator.py for tasks to queue
[2026-08-20T15:18:42.783+0000] {logging_mixin.py:188} INFO - [2026-08-20T15:18:42.783+0000] {dagbag.py:540} INFO - Filling up the DagBag from /home/airflow/.local/lib/python3.8/site-packages/airflow/example_dags/example_dag_decorator.py
[2026-08-20T15:18:42.882+0000] {processor.py:840} INFO - DAG(s) 'example_dag_decorator' retrieved from /home/airflow/.local/lib/python3.8/site-packages/airflow/example_dags/example_dag_decorator.py
[2026-08-20T15:18:42.910+0000] {logging_mixin.py:188} INFO - [2026-08-20T15:18:42.910+0000] {dag.py:3047} INFO - Sync 1 DAGs
[2026-08-20T15:18:42.926+0000] {logging_mixin.py:188} INFO - [2026-08-20T15:18:42.926+0000] {dag.py:3834} INFO - Setting next_dagrun for example_dag_decorator to None, run_after=None
[2026-08-20T15:18:42.946+0000] {processor.py:183} INFO - Processing /home/airflow/.local/lib/python3.8/site-packages/airflow/example_dags/example_dag_decorator.py took 0.172 seconds
[2026-08-20T15:19:13.449+0000] {processor.py:161} INFO - Started process (PID=5471) to work on /home/airflow/.local/lib/python3.8/site-packages/airflow/example_dags/example_dag_decorator.py
[2026-08-20T15:19:13.451+0000] {processor.py:830} INFO - Processing file /home/airflow/.local/lib/python3.8/site-packages/airflow/example_dags/example_dag_decorator.py for tasks to queue
[2026-08-20T15:19:13.454+0000] {logging_mixin.py:188} INFO - [2026-08-20T15:19:13.454+0000] {dagbag.py:540} INFO - Filling up the DagBag from /home/airflow/.local/lib/python3.8/site-packages/airflow/example_dags/example_dag_decorator.py
[2026-08-20T15:19:13.546+0000] {processor.py:840} INFO - DAG(s) 'example_dag_decorator' retrieved from /home/airflow/.local/lib/python3.8/site-packages/airflow/example_dags/example_dag_decorator.py
[2026-08-20T15:19:13.572+0000] {logging_mixin.py:188} INFO - [2026-08-20T15:19:13.572+0000] {dag.py:3047} INFO - Sync 1 DAGs
[2026-08-20T15:19:13.585+0000] {logging_mixin.py:188} INFO - [2026-08-20T15:19:13.584+0000] {dag.py:3834} INFO - Setting next_dagrun for example_dag_decorator to None, run_after=None
[2026-08-20T15:19:13.606+0000] {processor.py:183} INFO - Processing /home/airflow/.local/lib/python3.8/site-packages/airflow/example_dags/example_dag_decorator.py took 0.160 seconds
[2026-08-20T15:19:43.783+0000] {processor.py:161} INFO - Started process (PID=5528) to work on /home/airflow/.local/lib/python3.8/site-packages/airflow/example_dags/example_dag_decorator.py
[2026-08-20T15:19:43.785+0000] {processor.py:830} INFO - Processing file /home/airflow/.local/lib/python3.8/site-packages/airflow/example_dags/example_dag_decorator.py for tasks to queue
[2026-08-20T15:19:43.788+0000] {logging_mixin.py:188} INFO - [2026-08-20T15:19:43.788+0000] {dagbag.py:540} INFO - Filling up the DagBag from /home/airflow/.local/lib/python3.8/site-packages/airflow/example_dags/example_dag_decorator.py
[2026-08-20T15:19:43.881+0000] {processor.py:840} INFO - DAG(s) 'example_dag_decorator' retrieved from /home/airflow/.local/lib/python3.8/site-packages/airflow/example_dags/example_dag_decorator.py
[2026-08-20T15:19:43.906+0000] {logging_mixin.py:188} INFO - [2026-08-20T15:19:43.906+0000] {dag.py:3047} INFO - Sync 1 DAGs
[2026-08-20T15:19:43.919+0000] {logging_mixin.py:188} INFO - [2026-08-20T15:19:43.919+0000] {dag.py:3834} INFO - Setting next_dagrun for example_dag_decorator to None, run_after=None
[2026-08-20T15:19:43.940+0000] {processor.py:183} INFO - Processing /home/airflow/.local/lib/python3.8/site-packages/airflow/example_dags/example_dag_decorator.py took 0.160 seconds
[2026-08-20T15:20:14.063+0000] {processor.py:161} INFO - Started process (PID=5585) to work on /home/airflow/.local/lib/python3.8/site-packages/airflow/example_dags/example_dag_decorator.py
[2026-08-20T15:20:14.065+0000] {processor.py:830} INFO - Processing file /home/airflow/.local/lib/python3.8/site-packages/airflow/example_dags/example_dag_decorator.py for tasks to queue
[2026-08-20T15:20:14.070+0000] {logging_mixin.py:188} INFO - [2026-08-20T15:20:14.069+0000] {dagbag.py:540} INFO - Filling up the DagBag from /home/airflow/.local/lib/python3.8/site-packages/airflow/example_dags/example_dag_decorator.py
[2026-08-20T15:20:14.174+0000] {processor.py:840} INFO - DAG(s) 'example_dag_decorator' retrieved from /home/airflow/.local/lib/python3.8/site-packages/airflow/example_dags/example_dag_decorator.py
[2026-08-20T15:20:14.207+0000] {logging_mixin.py:188} INFO - [2026-08-20T15:20:14.207+0000] {dag.py:3047} INFO - Sync 1 DAGs
[2026-08-20T15:20:14.222+0000] {logging_mixin.py:188} INFO - [2026-08-20T15:20:14.222+0000] {dag.py:3834} INFO - Setting next_dagrun for example_dag_decorator to None, run_after=None
[2026-08-20T15:20:14.246+0000] {processor.py:183} INFO - Processing /home/airflow/.local/lib/python3.8/site-packages/airflow/example_dags/example_dag_decorator.py took 0.187 seconds
[2026-08-20T15:20:45.108+0000] {processor.py:161} INFO - Started process (PID=5643) to work on /home/airflow/.local/lib/python3.8/site-packages/airflow/example_dags/example_dag_decorator.py
[2026-08-20T15:20:45.116+0000] {processor.py:830} INFO - Processing file /home/airflow/.local/lib/python3.8/site-packages/airflow/example_dags/example_dag_decorator.py for tasks to queue
[2026-08-20T15:20:45.162+0000] {logging_mixin.py:188} INFO - [2026-08-20T15:20:45.161+0000] {dagbag.py:540} INFO - Filling up the DagBag from /home/airflow/.local/lib/python3.8/site-packages/airflow/example_dags/example_dag_decorator.py
[2026-08-20T15:20:45.432+0000] {processor.py:840} INFO - DAG(s) 'example_dag_decorator' retrieved from /home/airflow/.local/lib/python3.8/site-packages/airflow/example_dags/example_dag_decorator.py
[2026-08-20T15:20:45.533+0000] {logging_mixin.py:188} INFO - [2026-08-20T15:20:45.533+0000] {dag.py:3047} INFO - Sync 1 DAGs
[2026-08-20T15:20:45.606+0000] {logging_mixin.py:188} INFO - [2026-08-20T15:20:45.605+0000] {dag.py:3834} INFO - Setting next_dagrun for example_dag_decorator to None, run_after=None
[2026-08-20T15:20:45.653+0000] {processor.py:183} INFO - Processing /home/airflow/.local/lib/python3.8/site-packages/airflow/example_dags/example_dag_decorator.py took 0.559 seconds
[2026-08-20T15:21:16.315+0000] {processor.py:161} INFO - Started process (PID=5700) to work on /home/airflow/.local/lib/python3.8/site-packages/airflow/example_dags/example_dag_decorator.py
[2026-08-20T15:21:16.317+0000] {processor.py:830} INFO - Processing file /home/airflow/.local/lib/python3.8/site-packages/airflow/example_dags/example_dag_decorator.py for tasks to queue
[2026-08-20T15:21:16.320+0000] {logging_mixin.py:188} INFO - [2026-08-20T15:21:16.319+0000] {dagbag.py:540} INFO - Filling up the DagBag from /home/airflow/.local/lib/python3.8/site-packages/airflow/example_dags/example_dag_decorator.py
[2026-08-20T15:21:16.424+0000] {processor.py:840} INFO - DAG(s) 'example_dag_decorator' retrieved from /home/airflow/.local/lib/python3.8/site-packages/airflow/example_dags/example_dag_decorator.py
[2026-08-20T15:21:16.524+0000] {logging_mixin.py:188} INFO - [2026-08-20T15:21:16.524+0000] {dag.py:3047} INFO - Sync 1 DAGs
[2026-08-20T15:21:16.536+0000] {logging_mixin.py:188} INFO - [2026-08-20T15:21:16.535+0000] {dag.py:3834} INFO - Setting next_dagrun for example_dag_decorator to None, run_after=None
[2026-08-20T15:21:16.555+0000] {processor.py:183} INFO - Processing /home/airflow/.local/lib/python3.8/site-packages/airflow/example_dags/example_dag_decorator.py took 0.243 seconds
[2026-08-20T15:21:46.801+0000] {processor.py:161} INFO - Started process (PID=5757) to work on /home/airflow/.local/lib/python3.8/site-packages/airflow/example_dags/example_dag_decorator.py
[2026-08-20T15:21:46.803+0000] {processor.py:830} INFO - Processing file /home/airflow/.local/lib/python3.8/site-packages/airflow/example_dags/example_dag_decorator.py for tasks to queue
[2026-08-20T15:21:46.805+0000] {logging_mixin.py:188} INFO - [2026-08-20T15:21:46.805+0000] {dagbag.py:540} INFO - Filling up the DagBag from /home/airflow/.local/lib/python3.8/site-packages/airflow/example_dags/example_dag_decorator.py
[2026-08-20T15:21:46.906+0000] {processor.py:840} INFO - DAG(s) 'example_dag_decorator' retrieved from /home/airflow/.local/lib/python3.8/site-packages/airflow/example_dags/example_dag_decorator.py
[2026-08-20T15:21:47.020+0000] {logging_mixin.py:188} INFO - [2026-08-20T15:21:47.020+0000] {dag.py:3047} INFO - Sync 1 DAGs
[2026-08-20T15:21:47.037+0000] {logging_mixin.py:188} INFO - [2026-08-20T15:21:47.037+0000] {dag.py:3834} INFO - Setting next_dagrun for example_dag_decorator to None, run_after=None
[2026-08-20T15:21:47.069+0000] {processor.py:183} INFO - Processing /home/airflow/.local/lib/python3.8/site-packages/airflow/example_dags/example_dag_decorator.py took 0.272 seconds
[2026-08-20T15:22:17.138+0000] {processor.py:161} INFO - Started process (PID=5815) to work on /home/airflow/.local/lib/python3.8/site-packages/airflow/example_dags/example_dag_decorator.py
[2026-08-20T15:22:17.140+0000] {processor.py:830} INFO - Processing file /home/airflow/.local/lib/python3.8/site-packages/airflow/example_dags/example_dag_decorator.py for tasks to queue
[2026-08-20T15:22:17.144+0000] {logging_mixin.py:188} INFO - [2026-08-20T15:22:17.144+0000] {dagbag.py:540} INFO - Filling up the DagBag from /home/airflow/.local/lib/python3.8/site-packages/airflow/example_dags/example_dag_decorator.py
[2026-08-20T15:22:17.262+0000] {processor.py:840} INFO - DAG(s) 'example_dag_decorator' retrieved from /home/airflow/.local/lib/python3.8/site-packages/airflow/example_dags/example_dag_decorator.py
[2026-08-20T15:22:17.387+0000] {logging_mixin.py:188} INFO - [2026-08-20T15:22:17.387+0000] {dag.py:3047} INFO - Sync 1 DAGs
[2026-08-20T15:22:17.399+0000] {logging_mixin.py:188} INFO - [2026-08-20T15:22:17.399+0000] {dag.py:3834} INFO - Setting next_dagrun for example_dag_decorator to None, run_after=None
[2026-08-20T15:22:17.426+0000] {processor.py:183} INFO - Processing /home/airflow/.local/lib/python3.8/site-packages/airflow/example_dags/example_dag_decorator.py took 0.292 seconds
[2026-08-20T15:22:48.403+0000] {processor.py:161} INFO - Started process (PID=5872) to work on /home/airflow/.local/lib/python3.8/site-packages/airflow/example_dags/example_dag_decorator.py
[2026-08-20T15:22:48.405+0000] {processor.py:830} INFO - Processing file /home/airflow/.local/lib/python3.8/site-packages/airflow/example_dags/example_dag_decorator.py for tasks to queue
[2026-08-20T15:22:48.409+0000] {logging_mixin.py:188} INFO - [2026-08-20T15:22:48.408+0000] {dagbag.py:540} INFO - Filling up the DagBag from /home/airflow/.local/lib/python3.8/site-packages/airflow/example_dags/example_dag_decorator.py
[2026-08-20T15:22:48.539+0000] {processor.py:840} INFO - DAG(s) 'example_dag_decorator' retrieved from /home/airflow/.local/lib/python3.8/site-packages/airflow/example_dags/example_dag_decorator.py
[2026-08-20T15:22:48.663+0000] {logging_mixin.py:188} INFO - [2026-08-20T15:22:48.662+0000] {dag.py:3047} INFO - Sync 1 DAGs
[2026-08-20T15:22:48.678+0000] {logging_mixin.py:188} INFO - [2026-08-20T15:22:48.677+0000] {dag.py:3834} INFO - Setting next_dagrun for example_dag_decorator to None, run_after=None
[2026-08-20T15:22:48.706+0000] {processor.py:183} INFO - Processing /home/airflow/.local/lib/python3.8/site-packages/airflow/example_dags/example_dag_decorator.py took 0.307 seconds
[2026-08-20T15:23:19.857+0000] {processor.py:161} INFO - Started process (PID=5931) to work on /home/airflow/.local/lib/python3.8/site-packages/airflow/example_dags/example_dag_decorator.py
[2026-08-20T15:23:19.858+0000] {processor.py:830} INFO - Processing file /home/airflow/.local/lib/python3.8/site-packages/airflow/example_dags/example_dag_decorator.py for tasks to queue
[2026-08-20T15:23:19.861+0000] {logging_mixin.py:188} INFO - [2026-08-20T15:23:19.861+0000] {dagbag.py:540} INFO - Filling up the DagBag from /home/airflow/.local/lib/python3.8/site-packages/airflow/example_dags/example_dag_decorator.py
[2026-08-20T15:23:19.963+0000] {processor.py:840} INFO - DAG(s) 'example_dag_decorator' retrieved from /home/airflow/.local/lib/python3.8/site-packages/airflow/example_dags/example_dag_decorator.py
[2026-08-20T15:23:20.079+0000] {logging_mixin.py:188} INFO - [2026-08-20T15:23:20.079+0000] {dag.py:3047} INFO - Sync 1 DAGs
[2026-08-20T15:23:20.099+0000] {logging_mixin.py:188} INFO - [2026-08-20T15:23:20.099+0000] {dag.py:3834} INFO - Setting next_dagrun for example_dag_decorator to None, run_after=None
[2026-08-20T15:23:20.130+0000] {processor.py:183} INFO - Processing /home/airflow/.local/lib/python3.8/site-packages/airflow/example_dags/example_dag_decorator.py took 0.277 seconds
[2026-08-20T15:23:50.373+0000] {processor.py:161} INFO - Started process (PID=5988) to work on /home/airflow/.local/lib/python3.8/site-packages/airflow/example_dags/example_dag_decorator.py
[2026-08-20T15:23:50.375+0000] {processor.py:830} INFO - Processing file /home/airflow/.local/lib/python3.8/site-packages/airflow/example_dags/example_dag_decorator.py for tasks to queue
[2026-08-20T15:23:50.377+0000] {logging_mixin.py:188} INFO - [2026-08-20T15:23:50.377+0000] {dagbag.py:540} INFO - Filling up the DagBag from /home/airflow/.local/lib/python3.8/site-packages/airflow/example_dags/example_dag_decorator.py
[2026-08-20T15:23:50.473+0000] {processor.py:840} INFO - DAG(s) 'example_dag_decorator' retrieved from /home/airflow/.local/lib/python3.8/site-packages/airflow/example_dags/example_dag_decorator.py
[2026-08-20T15:23:50.499+0000] {logging_mixin.py:188} INFO - [2026-08-20T15:23:50.499+0000] {dag.py:3047} INFO - Sync 1 DAGs
[2026-08-20T15:23:50.512+0000] {logging_mixin.py:188} INFO - [2026-08-20T15:23:50.512+0000] {dag.py:3834} INFO - Setting next_dagrun for example_dag_decorator to None, run_after=None
[2026-08-20T15:23:50.533+0000] {processor.py:183} INFO - Processing /home/airflow/.local/lib/python3.8/site-packages/airflow/example_dags/example_dag_decorator.py took 0.163 seconds
[2026-08-20T15:24:20.999+0000] {processor.py:161} INFO - Started process (PID=6045) to work on /home/airflow/.local/lib/python3.8/site-packages/airflow/example_dags/example_dag_decorator.py
[2026-08-20T15:24:21.001+0000] {processor.py:830} INFO - Processing file /home/airflow/.local/lib/python3.8/site-packages/airflow/example_dags/example_dag_decorator.py for tasks to queue
[2026-08-20T15:24:21.004+0000] {logging_mixin.py:188} INFO - [2026-08-20T15:24:21.004+0000] {dagbag.py:540} INFO - Filling up the DagBag from /home/airflow/.local/lib/python3.8/site-packages/airflow/example_dags/example_dag_decorator.py
[2026-08-20T15:24:21.118+0000] {processor.py:840} INFO - DAG(s) 'example_dag_decorator' retrieved from /home/airflow/.local/lib/python3.8/site-packages/airflow/example_dags/example_dag_decorator.py
[2026-08-20T15:24:21.150+0000] {logging_mixin.py:188} INFO - [2026-08-20T15:24:21.150+0000] {dag.py:3047} INFO - Sync 1 DAGs
[2026-08-20T15:24:21.165+0000] {logging_mixin.py:188} INFO - [2026-08-20T15:24:21.165+0000] {dag.py:3834} INFO - Setting next_dagrun for example_dag_decorator to None, run_after=None
[2026-08-20T15:24:21.192+0000] {processor.py:183} INFO - Processing /home/airflow/.local/lib/python3.8/site-packages/airflow/example_dags/example_dag_decorator.py took 0.197 seconds
[2026-08-20T15:24:51.290+0000] {processor.py:161} INFO - Started process (PID=6102) to work on /home/airflow/.local/lib/python3.8/site-packages/airflow/example_dags/example_dag_decorator.py
[2026-08-20T15:24:51.291+0000] {processor.py:830} INFO - Processing file /home/airflow/.local/lib/python3.8/site-packages/airflow/example_dags/example_dag_decorator.py for tasks to queue
[2026-08-20T15:24:51.294+0000] {logging_mixin.py:188} INFO - [2026-08-20T15:24:51.293+0000] {dagbag.py:540} INFO - Filling up the DagBag from /home/airflow/.local/lib/python3.8/site-packages/airflow/example_dags/example_dag_decorator.py
[2026-08-20T15:24:51.390+0000] {processor.py:840} INFO - DAG(s) 'example_dag_decorator' retrieved from /home/airflow/.local/lib/python3.8/site-packages/airflow/example_dags/example_dag_decorator.py
[2026-08-20T15:24:51.415+0000] {logging_mixin.py:188} INFO - [2026-08-20T15:24:51.415+0000] {dag.py:3047} INFO - Sync 1 DAGs
[2026-08-20T15:24:51.429+0000] {logging_mixin.py:188} INFO - [2026-08-20T15:24:51.429+0000] {dag.py:3834} INFO - Setting next_dagrun for example_dag_decorator to None, run_after=None
[2026-08-20T15:24:51.450+0000] {processor.py:183} INFO - Processing /home/airflow/.local/lib/python3.8/site-packages/airflow/example_dags/example_dag_decorator.py took 0.163 seconds
[2026-08-20T15:25:21.647+0000] {processor.py:161} INFO - Started process (PID=6159) to work on /home/airflow/.local/lib/python3.8/site-packages/airflow/example_dags/example_dag_decorator.py
[2026-08-20T15:25:21.649+0000] {processor.py:830} INFO - Processing file /home/airflow/.local/lib/python3.8/site-packages/airflow/example_dags/example_dag_decorator.py for tasks to queue
[2026-08-20T15:25:21.652+0000] {logging_mixin.py:188} INFO - [2026-08-20T15:25:21.652+0000] {dagbag.py:540} INFO - Filling up the DagBag from /home/airflow/.local/lib/python3.8/site-packages/airflow/example_dags/example_dag_decorator.py
[2026-08-20T15:25:21.743+0000] {processor.py:840} INFO - DAG(s) 'example_dag_decorator' retrieved from /home/airflow/.local/lib/python3.8/site-packages/airflow/example_dags/example_dag_decorator.py
[2026-08-20T15:25:21.768+0000] {logging_mixin.py:188} INFO - [2026-08-20T15:25:21.768+0000] {dag.py:3047} INFO - Sync 1 DAGs
[2026-08-20T15:25:21.782+0000] {logging_mixin.py:188} INFO - [2026-08-20T15:25:21.781+0000] {dag.py:3834} INFO - Setting next_dagrun for example_dag_decorator to None, run_after=None
[2026-08-20T15:25:21.803+0000] {processor.py:183} INFO - Processing /home/airflow/.local/lib/python3.8/site-packages/airflow/example_dags/example_dag_decorator.py took 0.159 seconds
[2026-08-20T15:25:52.304+0000] {processor.py:161} INFO - Started process (PID=6216) to work on /home/airflow/.local/lib/python3.8/site-packages/airflow/example_dags/example_dag_decorator.py
[2026-08-20T15:25:52.305+0000] {processor.py:830} INFO - Processing file /home/airflow/.local/lib/python3.8/site-packages/airflow/example_dags/example_dag_decorator.py for tasks to queue
[2026-08-20T15:25:52.308+0000] {logging_mixin.py:188} INFO - [2026-08-20T15:25:52.308+0000] {dagbag.py:540} INFO - Filling up the DagBag from /home/airflow/.local/lib/python3.8/site-packages/airflow/example_dags/example_dag_decorator.py
[2026-08-20T15:25:52.405+0000] {processor.py:840} INFO - DAG(s) 'example_dag_decorator' retrieved from /home/airflow/.local/lib/python3.8/site-packages/airflow/example_dags/example_dag_decorator.py
[2026-08-20T15:25:52.434+0000] {logging_mixin.py:188} INFO - [2026-08-20T15:25:52.433+0000] {dag.py:3047} INFO - Sync 1 DAGs
[2026-08-20T15:25:52.447+0000] {logging_mixin.py:188} INFO - [2026-08-20T15:25:52.447+0000] {dag.py:3834} INFO - Setting next_dagrun for example_dag_decorator to None, run_after=None
[2026-08-20T15:25:52.467+0000] {processor.py:183} INFO - Processing /home/airflow/.local/lib/python3.8/site-packages/airflow/example_dags/example_dag_decorator.py took 0.168 seconds
[2026-08-20T15:26:22.926+0000] {processor.py:161} INFO - Started process (PID=6274) to work on /home/airflow/.local/lib/python3.8/site-packages/airflow/example_dags/example_dag_decorator.py
[2026-08-20T15:26:22.928+0000] {processor.py:830} INFO - Processing file /home/airflow/.local/lib/python3.8/site-packages/airflow/example_dags/example_dag_decorator.py for tasks to queue
[2026-08-20T15:26:22.931+0000] {logging_mixin.py:188} INFO - [2026-08-20T15:26:22.931+0000] {dagbag.py:540} INFO - Filling up the DagBag from /home/airflow/.local/lib/python3.8/site-packages/airflow/example_dags/example_dag_decorator.py
[2026-08-20T15:26:23.039+0000] {processor.py:840} INFO - DAG(s) 'example_dag_decorator' retrieved from /home/airflow/.local/lib/python3.8/site-packages/airflow/example_dags/example_dag_decorator.py
[2026-08-20T15:26:23.077+0000] {logging_mixin.py:188} INFO - [2026-08-20T15:26:23.076+0000] {dag.py:3047} INFO - Sync 1 DAGs
[2026-08-20T15:26:23.099+0000] {logging_mixin.py:188} INFO - [2026-08-20T15:26:23.099+0000] {dag.py:3834} INFO - Setting next_dagrun for example_dag_decorator to None, run_after=None
[2026-08-20T15:26:23.134+0000] {processor.py:183} INFO - Processing /home/airflow/.local/lib/python3.8/site-packages/airflow/example_dags/example_dag_decorator.py took 0.212 seconds
[2026-08-20T15:26:53.288+0000] {processor.py:161} INFO - Started process (PID=6331) to work on /home/airflow/.local/lib/python3.8/site-packages/airflow/example_dags/example_dag_decorator.py
[2026-08-20T15:26:53.290+0000] {processor.py:830} INFO - Processing file /home/airflow/.local/lib/python3.8/site-packages/airflow/example_dags/example_dag_decorator.py for tasks to queue
[2026-08-20T15:26:53.293+0000] {logging_mixin.py:188} INFO - [2026-08-20T15:26:53.293+0000] {dagbag.py:540} INFO - Filling up the DagBag from /home/airflow/.local/lib/python3.8/site-packages/airflow/example_dags/example_dag_decorator.py
[2026-08-20T15:26:53.390+0000] {processor.py:840} INFO - DAG(s) 'example_dag_decorator' retrieved from /home/airflow/.local/lib/python3.8/site-packages/airflow/example_dags/example_dag_decorator.py
[2026-08-20T15:26:53.416+0000] {logging_mixin.py:188} INFO - [2026-08-20T15:26:53.416+0000] {dag.py:3047} INFO - Sync 1 DAGs
[2026-08-20T15:26:53.431+0000] {logging_mixin.py:188} INFO - [2026-08-20T15:26:53.431+0000] {dag.py:3834} INFO - Setting next_dagrun for example_dag_decorator to None, run_after=None
[2026-08-20T15:26:53.453+0000] {processor.py:183} INFO - Processing /home/airflow/.local/lib/python3.8/site-packages/airflow/example_dags/example_dag_decorator.py took 0.170 seconds
[2026-08-20T15:27:23.792+0000] {processor.py:161} INFO - Started process (PID=6388) to work on /home/airflow/.local/lib/python3.8/site-packages/airflow/example_dags/example_dag_decorator.py
[2026-08-20T15:27:23.794+0000] {processor.py:830} INFO - Processing file /home/airflow/.local/lib/python3.8/site-packages/airflow/example_dags/example_dag_decorator.py for tasks to queue
[2026-08-20T15:27:23.796+0000] {logging_mixin.py:188} INFO - [2026-08-20T15:27:23.796+0000] {dagbag.py:540} INFO - Filling up the DagBag from /home/airflow/.local/lib/python3.8/site-packages/airflow/example_dags/example_dag_decorator.py
[2026-08-20T15:27:23.912+0000] {processor.py:840} INFO - DAG(s) 'example_dag_decorator' retrieved from /home/airflow/.local/lib/python3.8/site-packages/airflow/example_dags/example_dag_decorator.py
[2026-08-20T15:27:23.949+0000] {logging_mixin.py:188} INFO - [2026-08-20T15:27:23.949+0000] {dag.py:3047} INFO - Sync 1 DAGs
[2026-08-20T15:27:23.966+0000] {logging_mixin.py:188} INFO - [2026-08-20T15:27:23.965+0000] {dag.py:3834} INFO - Setting next_dagrun for example_dag_decorator to None, run_after=None
[2026-08-20T15:27:23.992+0000] {processor.py:183} INFO - Processing /home/airflow/.local/lib/python3.8/site-packages/airflow/example_dags/example_dag_decorator.py took 0.204 seconds
[2026-08-20T15:27:54.211+0000] {processor.py:161} INFO - Started process (PID=6445) to work on /home/airflow/.local/lib/python3.8/site-packages/airflow/example_dags/example_dag_decorator.py
[2026-08-20T15:27:54.213+0000] {processor.py:830} INFO - Processing file /home/airflow/.local/lib/python3.8/site-packages/airflow/example_dags/example_dag_decorator.py for tasks to queue
[2026-08-20T15:27:54.215+0000] {logging_mixin.py:188} INFO - [2026-08-20T15:27:54.215+0000] {dagbag.py:540} INFO - Filling up the DagBag from /home/airflow/.local/lib/python3.8/site-packages/airflow/example_dags/example_dag_decorator.py
[2026-08-20T15:27:54.305+0000] {processor.py:840} INFO - DAG(s) 'example_dag_decorator' retrieved from /home/airflow/.local/lib/python3.8/site-packages/airflow/example_dags/example_dag_decorator.py
[2026-08-20T15:27:54.330+0000] {logging_mixin.py:188} INFO - [2026-08-20T15:27:54.330+0000] {dag.py:3047} INFO - Sync 1 DAGs
[2026-08-20T15:27:54.344+0000] {logging_mixin.py:188} INFO - [2026-08-20T15:27:54.344+0000] {dag.py:3834} INFO - Setting next_dagrun for example_dag_decorator to None, run_after=None
[2026-08-20T15:27:54.364+0000] {processor.py:183} INFO - Processing /home/airflow/.local/lib/python3.8/site-packages/airflow/example_dags/example_dag_decorator.py took 0.157 seconds
[2026-08-20T15:28:24.586+0000] {processor.py:161} INFO - Started process (PID=6503) to work on /home/airflow/.local/lib/python3.8/site-packages/airflow/example_dags/example_dag_decorator.py
[2026-08-20T15:28:24.587+0000] {processor.py:830} INFO - Processing file /home/airflow/.local/lib/python3.8/site-packages/airflow/example_dags/example_dag_decorator.py for tasks to queue
[2026-08-20T15:28:24.590+0000] {logging_mixin.py:188} INFO - [2026-08-20T15:28:24.589+0000] {dagbag.py:540} INFO - Filling up the DagBag from /home/airflow/.local/lib/python3.8/site-packages/airflow/example_dags/example_dag_decorator.py
[2026-08-20T15:28:24.728+0000] {processor.py:840} INFO - DAG(s) 'example_dag_decorator' retrieved from /home/airflow/.local/lib/python3.8/site-packages/airflow/example_dags/example_dag_decorator.py
[2026-08-20T15:28:24.758+0000] {logging_mixin.py:188} INFO - [2026-08-20T15:28:24.757+0000] {dag.py:3047} INFO - Sync 1 DAGs
[2026-08-20T15:28:24.776+0000] {logging_mixin.py:188} INFO - [2026-08-20T15:28:24.776+0000] {dag.py:3834} INFO - Setting next_dagrun for example_dag_decorator to None, run_after=None
[2026-08-20T15:28:24.795+0000] {processor.py:183} INFO - Processing /home/airflow/.local/lib/python3.8/site-packages/airflow/example_dags/example_dag_decorator.py took 0.213 seconds
[2026-08-20T15:28:54.928+0000] {processor.py:161} INFO - Started process (PID=6560) to work on /home/airflow/.local/lib/python3.8/site-packages/airflow/example_dags/example_dag_decorator.py
[2026-08-20T15:28:54.938+0000] {processor.py:830} INFO - Processing file /home/airflow/.local/lib/python3.8/site-packages/airflow/example_dags/example_dag_decorator.py for tasks to queue
[2026-08-20T15:28:54.959+0000] {logging_mixin.py:188} INFO - [2026-08-20T15:28:54.958+0000] {dagbag.py:540} INFO - Filling up the DagBag from /home/airflow/.local/lib/python3.8/site-packages/airflow/example_dags/example_dag_decorator.py
[2026-08-20T15:28:55.124+0000] {processor.py:840} INFO - DAG(s) 'example_dag_decorator' retrieved from /home/airflow/.local/lib/python3.8/site-packages/airflow/example_dags/example_dag_decorator.py
[2026-08-20T15:28:55.155+0000] {logging_mixin.py:188} INFO - [2026-08-20T15:28:55.155+0000] {dag.py:3047} INFO - Sync 1 DAGs
[2026-08-20T15:28:55.172+0000] {logging_mixin.py:188} INFO - [2026-08-20T15:28:55.172+0000] {dag.py:3834} INFO - Setting next_dagrun for example_dag_decorator to None, run_after=None
[2026-08-20T15:28:55.200+0000] {processor.py:183} INFO - Processing /home/airflow/.local/lib/python3.8/site-packages/airflow/example_dags/example_dag_decorator.py took 0.289 seconds
[2026-08-20T15:29:25.249+0000] {processor.py:161} INFO - Started process (PID=6617) to work on /home/airflow/.local/lib/python3.8/site-packages/airflow/example_dags/example_dag_decorator.py
[2026-08-20T15:29:25.251+0000] {processor.py:830} INFO - Processing file /home/airflow/.local/lib/python3.8/site-packages/airflow/example_dags/example_dag_decorator.py for tasks to queue
[2026-08-20T15:29:25.254+0000] {logging_mixin.py:188} INFO - [2026-08-20T15:29:25.254+0000] {dagbag.py:540} INFO - Filling up the DagBag from /home/airflow/.local/lib/python3.8/site-packages/airflow/example_dags/example_dag_decorator.py
[2026-08-20T15:29:25.354+0000] {processor.py:840} INFO - DAG(s) 'example_dag_decorator' retrieved from /home/airflow/.local/lib/python3.8/site-packages/airflow/example_dags/example_dag_decorator.py
[2026-08-20T15:29:25.457+0000] {logging_mixin.py:188} INFO - [2026-08-20T15:29:25.457+0000] {dag.py:3047} INFO - Sync 1 DAGs
[2026-08-20T15:29:25.469+0000] {logging_mixin.py:188} INFO - [2026-08-20T15:29:25.469+0000] {dag.py:3834} INFO - Setting next_dagrun for example_dag_decorator to None, run_after=None
[2026-08-20T15:29:25.492+0000] {processor.py:183} INFO - Processing /home/airflow/.local/lib/python3.8/site-packages/airflow/example_dags/example_dag_decorator.py took 0.248 seconds
[2026-08-20T15:29:55.561+0000] {processor.py:161} INFO - Started process (PID=6674) to work on /home/airflow/.local/lib/python3.8/site-packages/airflow/example_dags/example_dag_decorator.py
[2026-08-20T15:29:55.563+0000] {processor.py:830} INFO - Processing file /home/airflow/.local/lib/python3.8/site-packages/airflow/example_dags/example_dag_decorator.py for tasks to queue
[2026-08-20T15:29:55.565+0000] {logging_mixin.py:188} INFO - [2026-08-20T15:29:55.565+0000] {dagbag.py:540} INFO - Filling up the DagBag from /home/airflow/.local/lib/python3.8/site-packages/airflow/example_dags/example_dag_decorator.py
[2026-08-20T15:29:55.669+0000] {processor.py:840} INFO - DAG(s) 'example_dag_decorator' retrieved from /home/airflow/.local/lib/python3.8/site-packages/airflow/example_dags/example_dag_decorator.py
[2026-08-20T15:29:55.831+0000] {logging_mixin.py:188} INFO - [2026-08-20T15:29:55.830+0000] {dag.py:3047} INFO - Sync 1 DAGs
[2026-08-20T15:29:55.842+0000] {logging_mixin.py:188} INFO - [2026-08-20T15:29:55.842+0000] {dag.py:3834} INFO - Setting next_dagrun for example_dag_decorator to None, run_after=None
[2026-08-20T15:29:55.866+0000] {processor.py:183} INFO - Processing /home/airflow/.local/lib/python3.8/site-packages/airflow/example_dags/example_dag_decorator.py took 0.309 seconds
[2026-08-20T15:30:26.093+0000] {processor.py:161} INFO - Started process (PID=6731) to work on /home/airflow/.local/lib/python3.8/site-packages/airflow/example_dags/example_dag_decorator.py
[2026-08-20T15:30:26.095+0000] {processor.py:830} INFO - Processing file /home/airflow/.local/lib/python3.8/site-packages/airflow/example_dags/example_dag_decorator.py for tasks to queue
[2026-08-20T15:30:26.097+0000] {logging_mixin.py:188} INFO - [2026-08-20T15:30:26.097+0000] {dagbag.py:540} INFO - Filling up the DagBag from /home/airflow/.local/lib/python3.8/site-packages/airflow/example_dags/example_dag_decorator.py
[2026-08-20T15:30:26.202+0000] {processor.py:840} INFO - DAG(s) 'example_dag_decorator' retrieved from /home/airflow/.local/lib/python3.8/site-packages/airflow/example_dags/example_dag_decorator.py
[2026-08-20T15:30:26.437+0000] {logging_mixin.py:188} INFO - [2026-08-20T15:30:26.437+0000] {dag.py:3047} INFO - Sync 1 DAGs
[2026-08-20T15:30:26.497+0000] {logging_mixin.py:188} INFO - [2026-08-20T15:30:26.497+0000] {dag.py:3834} INFO - Setting next_dagrun for example_dag_decorator to None, run_after=None
[2026-08-20T15:30:26.533+0000] {processor.py:183} INFO - Processing /home/airflow/.local/lib/python3.8/site-packages/airflow/example_dags/example_dag_decorator.py took 0.445 seconds
[2026-08-20T15:30:56.759+0000] {processor.py:161} INFO - Started process (PID=6788) to work on /home/airflow/.local/lib/python3.8/site-packages/airflow/example_dags/example_dag_decorator.py
[2026-08-20T15:30:56.761+0000] {processor.py:830} INFO - Processing file /home/airflow/.local/lib/python3.8/site-packages/airflow/example_dags/example_dag_decorator.py for tasks to queue
[2026-08-20T15:30:56.763+0000] {logging_mixin.py:188} INFO - [2026-08-20T15:30:56.763+0000] {dagbag.py:540} INFO - Filling up the DagBag from /home/airflow/.local/lib/python3.8/site-packages/airflow/example_dags/example_dag_decorator.py
[2026-08-20T15:30:56.897+0000] {processor.py:840} INFO - DAG(s) 'example_dag_decorator' retrieved from /home/airflow/.local/lib/python3.8/site-packages/airflow/example_dags/example_dag_decorator.py
[2026-08-20T15:30:56.938+0000] {logging_mixin.py:188} INFO - [2026-08-20T15:30:56.938+0000] {dag.py:3047} INFO - Sync 1 DAGs
[2026-08-20T15:30:56.955+0000] {logging_mixin.py:188} INFO - [2026-08-20T15:30:56.955+0000] {dag.py:3834} INFO - Setting next_dagrun for example_dag_decorator to None, run_after=None
[2026-08-20T15:30:56.980+0000] {processor.py:183} INFO - Processing /home/airflow/.local/lib/python3.8/site-packages/airflow/example_dags/example_dag_decorator.py took 0.224 seconds
[2026-08-20T15:31:27.489+0000] {processor.py:161} INFO - Started process (PID=6845) to work on /home/airflow/.local/lib/python3.8/site-packages/airflow/example_dags/example_dag_decorator.py
[2026-08-20T15:31:27.490+0000] {processor.py:830} INFO - Processing file /home/airflow/.local/lib/python3.8/site-packages/airflow/example_dags/example_dag_decorator.py for tasks to queue
[2026-08-20T15:31:27.493+0000] {logging_mixin.py:188} INFO - [2026-08-20T15:31:27.492+0000] {dagbag.py:540} INFO - Filling up the DagBag from /home/airflow/.local/lib/python3.8/site-packages/airflow/example_dags/example_dag_decorator.py
[2026-08-20T15:31:27.594+0000] {processor.py:840} INFO - DAG(s) 'example_dag_decorator' retrieved from /home/airflow/.local/lib/python3.8/site-packages/airflow/example_dags/example_dag_decorator.py
[2026-08-20T15:31:27.623+0000] {logging_mixin.py:188} INFO - [2026-08-20T15:31:27.623+0000] {dag.py:3047} INFO - Sync 1 DAGs
[2026-08-20T15:31:27.636+0000] {logging_mixin.py:188} INFO - [2026-08-20T15:31:27.636+0000] {dag.py:3834} INFO - Setting next_dagrun for example_dag_decorator to None, run_after=None
[2026-08-20T15:31:27.657+0000] {processor.py:183} INFO - Processing /home/airflow/.local/lib/python3.8/site-packages/airflow/example_dags/example_dag_decorator.py took 0.172 seconds
[2026-08-20T15:31:58.685+0000] {processor.py:161} INFO - Started process (PID=6902) to work on /home/airflow/.local/lib/python3.8/site-packages/airflow/example_dags/example_dag_decorator.py
[2026-08-20T15:31:58.686+0000] {processor.py:830} INFO - Processing file /home/airflow/.local/lib/python3.8/site-packages/airflow/example_dags/example_dag_decorator.py for tasks to queue
[2026-08-20T15:31:58.689+0000] {logging_mixin.py:188} INFO - [2026-08-20T15:31:58.689+0000] {dagbag.py:540} INFO - Filling up the DagBag from /home/airflow/.local/lib/python3.8/site-packages/airflow/example_dags/example_dag_decorator.py
[2026-08-20T15:31:58.782+0000] {processor.py:840} INFO - DAG(s) 'example_dag_decorator' retrieved from /home/airflow/.local/lib/python3.8/site-packages/airflow/example_dags/example_dag_decorator.py
[2026-08-20T15:31:58.892+0000] {logging_mixin.py:188} INFO - [2026-08-20T15:31:58.892+0000] {dag.py:3047} INFO - Sync 1 DAGs
[2026-08-20T15:31:58.906+0000] {logging_mixin.py:188} INFO - [2026-08-20T15:31:58.906+0000] {dag.py:3834} INFO - Setting next_dagrun for example_dag_decorator to None, run_after=None
[2026-08-20T15:31:58.927+0000] {processor.py:183} INFO - Processing /home/airflow/.local/lib/python3.8/site-packages/airflow/example_dags/example_dag_decorator.py took 0.247 seconds
[2026-08-20T15:32:29.929+0000] {processor.py:161} INFO - Started process (PID=6959) to work on /home/airflow/.local/lib/python3.8/site-packages/airflow/example_dags/example_dag_decorator.py
[2026-08-20T15:32:29.931+0000] {processor.py:830} INFO - Processing file /home/airflow/.local/lib/python3.8/site-packages/airflow/example_dags/example_dag_decorator.py for tasks to queue
[2026-08-20T15:32:29.934+0000] {logging_mixin.py:188} INFO - [2026-08-20T15:32:29.933+0000] {dagbag.py:540} INFO - Filling up the DagBag from /home/airflow/.local/lib/python3.8/site-packages/airflow/example_dags/example_dag_decorator.py
[2026-08-20T15:32:30.034+0000] {processor.py:840} INFO - DAG(s) 'example_dag_decorator' retrieved from /home/airflow/.local/lib/python3.8/site-packages/airflow/example_dags/example_dag_decorator.py
[2026-08-20T15:32:30.141+0000] {logging_mixin.py:188} INFO - [2026-08-20T15:32:30.140+0000] {dag.py:3047} INFO - Sync 1 DAGs
[2026-08-20T15:32:30.152+0000] {logging_mixin.py:188} INFO - [2026-08-20T15:32:30.152+0000] {dag.py:3834} INFO - Setting next_dagrun for example_dag_decorator to None, run_after=None
[2026-08-20T15:32:30.173+0000] {processor.py:183} INFO - Processing /home/airflow/.local/lib/python3.8/site-packages/airflow/example_dags/example_dag_decorator.py took 0.248 seconds
[2026-08-20T15:33:01.005+0000] {processor.py:161} INFO - Started process (PID=7016) to work on /home/airflow/.local/lib/python3.8/site-packages/airflow/example_dags/example_dag_decorator.py
[2026-08-20T15:33:01.007+0000] {processor.py:830} INFO - Processing file /home/airflow/.local/lib/python3.8/site-packages/airflow/example_dags/example_dag_decorator.py for tasks to queue
[2026-08-20T15:33:01.012+0000] {logging_mixin.py:188} INFO - [2026-08-20T15:33:01.011+0000] {dagbag.py:540} INFO - Filling up the DagBag from /home/airflow/.local/lib/python3.8/site-packages/airflow/example_dags/example_dag_decorator.py
[2026-08-20T15:33:01.136+0000] {processor.py:840} INFO - DAG(s) 'example_dag_decorator' retrieved from /home/airflow/.local/lib/python3.8/site-packages/airflow/example_dags/example_dag_decorator.py
[2026-08-20T15:33:01.257+0000] {logging_mixin.py:188} INFO - [2026-08-20T15:33:01.257+0000] {dag.py:3047} INFO - Sync 1 DAGs
[2026-08-20T15:33:01.272+0000] {logging_mixin.py:188} INFO - [2026-08-20T15:33:01.271+0000] {dag.py:3834} INFO - Setting next_dagrun for example_dag_decorator to None, run_after=None
[2026-08-20T15:33:01.297+0000] {processor.py:183} INFO - Processing /home/airflow/.local/lib/python3.8/site-packages/airflow/example_dags/example_dag_decorator.py took 0.297 seconds
[2026-08-20T15:33:31.412+0000] {processor.py:161} INFO - Started process (PID=7074) to work on /home/airflow/.local/lib/python3.8/site-packages/airflow/example_dags/example_dag_decorator.py
[2026-08-20T15:33:31.414+0000] {processor.py:830} INFO - Processing file /home/airflow/.local/lib/python3.8/site-packages/airflow/example_dags/example_dag_decorator.py for tasks to queue
[2026-08-20T15:33:31.417+0000] {logging_mixin.py:188} INFO - [2026-08-20T15:33:31.416+0000] {dagbag.py:540} INFO - Filling up the DagBag from /home/airflow/.local/lib/python3.8/site-packages/airflow/example_dags/example_dag_decorator.py
[2026-08-20T15:33:31.524+0000] {processor.py:840} INFO - DAG(s) 'example_dag_decorator' retrieved from /home/airflow/.local/lib/python3.8/site-packages/airflow/example_dags/example_dag_decorator.py
[2026-08-20T15:33:31.627+0000] {logging_mixin.py:188} INFO - [2026-08-20T15:33:31.627+0000] {dag.py:3047} INFO - Sync 1 DAGs
[2026-08-20T15:33:31.638+0000] {logging_mixin.py:188} INFO - [2026-08-20T15:33:31.638+0000] {dag.py:3834} INFO - Setting next_dagrun for example_dag_decorator to None, run_after=None
[2026-08-20T15:33:31.661+0000] {processor.py:183} INFO - Processing /home/airflow/.local/lib/python3.8/site-packages/airflow/example_dags/example_dag_decorator.py took 0.253 seconds
[2026-08-20T15:34:01.817+0000] {processor.py:161} INFO - Started process (PID=7131) to work on /home/airflow/.local/lib/python3.8/site-packages/airflow/example_dags/example_dag_decorator.py
[2026-08-20T15:34:01.820+0000] {processor.py:830} INFO - Processing file /home/airflow/.local/lib/python3.8/site-packages/airflow/example_dags/example_dag_decorator.py for tasks to queue
[2026-08-20T15:34:01.827+0000] {logging_mixin.py:188} INFO - [2026-08-20T15:34:01.827+0000] {dagbag.py:540} INFO - Filling up the DagBag from /home/airflow/.local/lib/python3.8/site-packages/airflow/example_dags/example_dag_decorator.py
[2026-08-20T15:34:01.950+0000] {processor.py:840} INFO - DAG(s) 'example_dag_decorator' retrieved from /home/airflow/.local/lib/python3.8/site-packages/airflow/example_dags/example_dag_decorator.py
[2026-08-20T15:34:02.098+0000] {logging_mixin.py:188} INFO - [2026-08-20T15:34:02.097+0000] {dag.py:3047} INFO - Sync 1 DAGs
[2026-08-20T15:34:02.113+0000] {logging_mixin.py:188} INFO - [2026-08-20T15:34:02.113+0000] {dag.py:3834} INFO - Setting next_dagrun for example_dag_decorator to None, run_after=None
[2026-08-20T15:34:02.147+0000] {processor.py:183} INFO - Processing /home/airflow/.local/lib/python3.8/site-packages/airflow/example_dags/example_dag_decorator.py took 0.335 seconds
[2026-08-20T15:34:32.649+0000] {processor.py:161} INFO - Started process (PID=7188) to work on /home/airflow/.local/lib/python3.8/site-packages/airflow/example_dags/example_dag_decorator.py
[2026-08-20T15:34:32.651+0000] {processor.py:830} INFO - Processing file /home/airflow/.local/lib/python3.8/site-packages/airflow/example_dags/example_dag_decorator.py for tasks to queue
[2026-08-20T15:34:32.657+0000] {logging_mixin.py:188} INFO - [2026-08-20T15:34:32.656+0000] {dagbag.py:540} INFO - Filling up the DagBag from /home/airflow/.local/lib/python3.8/site-packages/airflow/example_dags/example_dag_decorator.py
[2026-08-20T15:34:32.806+0000] {processor.py:840} INFO - DAG(s) 'example_dag_decorator' retrieved from /home/airflow/.local/lib/python3.8/site-packages/airflow/example_dags/example_dag_decorator.py
[2026-08-20T15:34:32.947+0000] {logging_mixin.py:188} INFO - [2026-08-20T15:34:32.947+0000] {dag.py:3047} INFO - Sync 1 DAGs
[2026-08-20T15:34:32.962+0000] {logging_mixin.py:188} INFO - [2026-08-20T15:34:32.961+0000] {dag.py:3834} INFO - Setting next_dagrun for example_dag_decorator to None, run_after=None
[2026-08-20T15:34:32.990+0000] {processor.py:183} INFO - Processing /home/airflow/.local/lib/python3.8/site-packages/airflow/example_dags/example_dag_decorator.py took 0.347 seconds
[2026-08-20T15:35:03.147+0000] {processor.py:161} INFO - Started process (PID=7245) to work on /home/airflow/.local/lib/python3.8/site-packages/airflow/example_dags/example_dag_decorator.py
[2026-08-20T15:35:03.149+0000] {processor.py:830} INFO - Processing file /home/airflow/.local/lib/python3.8/site-packages/airflow/example_dags/example_dag_decorator.py for tasks to queue
[2026-08-20T15:35:03.153+0000] {logging_mixin.py:188} INFO - [2026-08-20T15:35:03.152+0000] {dagbag.py:540} INFO - Filling up the DagBag from /home/airflow/.local/lib/python3.8/site-packages/airflow/example_dags/example_dag_decorator.py
[2026-08-20T15:35:03.251+0000] {processor.py:840} INFO - DAG(s) 'example_dag_decorator' retrieved from /home/airflow/.local/lib/python3.8/site-packages/airflow/example_dags/example_dag_decorator.py
[2026-08-20T15:35:03.360+0000] {logging_mixin.py:188} INFO - [2026-08-20T15:35:03.360+0000] {dag.py:3047} INFO - Sync 1 DAGs
[2026-08-20T15:35:03.372+0000] {logging_mixin.py:188} INFO - [2026-08-20T15:35:03.371+0000] {dag.py:3834} INFO - Setting next_dagrun for example_dag_decorator to None, run_after=None
[2026-08-20T15:35:03.392+0000] {processor.py:183} INFO - Processing /home/airflow/.local/lib/python3.8/site-packages/airflow/example_dags/example_dag_decorator.py took 0.248 seconds
[2026-08-20T15:35:33.487+0000] {processor.py:161} INFO - Started process (PID=7302) to work on /home/airflow/.local/lib/python3.8/site-packages/airflow/example_dags/example_dag_decorator.py
[2026-08-20T15:35:33.489+0000] {processor.py:830} INFO - Processing file /home/airflow/.local/lib/python3.8/site-packages/airflow/example_dags/example_dag_decorator.py for tasks to queue
[2026-08-20T15:35:33.492+0000] {logging_mixin.py:188} INFO - [2026-08-20T15:35:33.492+0000] {dagbag.py:540} INFO - Filling up the DagBag from /home/airflow/.local/lib/python3.8/site-packages/airflow/example_dags/example_dag_decorator.py
[2026-08-20T15:35:33.596+0000] {processor.py:840} INFO - DAG(s) 'example_dag_decorator' retrieved from /home/airflow/.local/lib/python3.8/site-packages/airflow/example_dags/example_dag_decorator.py
[2026-08-20T15:35:33.705+0000] {logging_mixin.py:188} INFO - [2026-08-20T15:35:33.705+0000] {dag.py:3047} INFO - Sync 1 DAGs
[2026-08-20T15:35:33.717+0000] {logging_mixin.py:188} INFO - [2026-08-20T15:35:33.717+0000] {dag.py:3834} INFO - Setting next_dagrun for example_dag_decorator to None, run_after=None
[2026-08-20T15:35:33.740+0000] {processor.py:183} INFO - Processing /home/airflow/.local/lib/python3.8/site-packages/airflow/example_dags/example_dag_decorator.py took 0.257 seconds
[2026-08-20T15:36:04.595+0000] {processor.py:161} INFO - Started process (PID=7363) to work on /home/airflow/.local/lib/python3.8/site-packages/airflow/example_dags/example_dag_decorator.py
[2026-08-20T15:36:04.597+0000] {processor.py:830} INFO - Processing file /home/airflow/.local/lib/python3.8/site-packages/airflow/example_dags/example_dag_decorator.py for tasks to queue
[2026-08-20T15:36:04.600+0000] {logging_mixin.py:188} INFO - [2026-08-20T15:36:04.600+0000] {dagbag.py:540} INFO - Filling up the DagBag from /home/airflow/.local/lib/python3.8/site-packages/airflow/example_dags/example_dag_decorator.py
[2026-08-20T15:36:04.705+0000] {processor.py:840} INFO - DAG(s) 'example_dag_decorator' retrieved from /home/airflow/.local/lib/python3.8/site-packages/airflow/example_dags/example_dag_decorator.py
[2026-08-20T15:36:04.816+0000] {logging_mixin.py:188} INFO - [2026-08-20T15:36:04.816+0000] {dag.py:3047} INFO - Sync 1 DAGs
[2026-08-20T15:36:04.828+0000] {logging_mixin.py:188} INFO - [2026-08-20T15:36:04.828+0000] {dag.py:3834} INFO - Setting next_dagrun for example_dag_decorator to None, run_after=None
[2026-08-20T15:36:04.853+0000] {processor.py:183} INFO - Processing /home/airflow/.local/lib/python3.8/site-packages/airflow/example_dags/example_dag_decorator.py took 0.261 seconds
[2026-08-20T15:36:35.177+0000] {processor.py:161} INFO - Started process (PID=7420) to work on /home/airflow/.local/lib/python3.8/site-packages/airflow/example_dags/example_dag_decorator.py
[2026-08-20T15:36:35.179+0000] {processor.py:830} INFO - Processing file /home/airflow/.local/lib/python3.8/site-packages/airflow/example_dags/example_dag_decorator.py for tasks to queue
[2026-08-20T15:36:35.181+0000] {logging_mixin.py:188} INFO - [2026-08-20T15:36:35.181+0000] {dagbag.py:540} INFO - Filling up the DagBag from /home/airflow/.local/lib/python3.8/site-packages/airflow/example_dags/example_dag_decorator.py
[2026-08-20T15:36:35.272+0000] {processor.py:840} INFO - DAG(s) 'example_dag_decorator' retrieved from /home/airflow/.local/lib/python3.8/site-packages/airflow/example_dags/example_dag_decorator.py
[2026-08-20T15:36:35.368+0000] {logging_mixin.py:188} INFO - [2026-08-20T15:36:35.368+0000] {dag.py:3047} INFO - Sync 1 DAGs
[2026-08-20T15:36:35.379+0000] {logging_mixin.py:188} INFO - [2026-08-20T15:36:35.378+0000] {dag.py:3834} INFO - Setting next_dagrun for example_dag_decorator to None, run_after=None
[2026-08-20T15:36:35.400+0000] {processor.py:183} INFO - Processing /home/airflow/.local/lib/python3.8/site-packages/airflow/example_dags/example_dag_decorator.py took 0.227 seconds
[2026-08-20T15:37:05.847+0000] {processor.py:161} INFO - Started process (PID=7477) to work on /home/airflow/.local/lib/python3.8/site-packages/airflow/example_dags/example_dag_decorator.py
[2026-08-20T15:37:05.849+0000] {processor.py:830} INFO - Processing file /home/airflow/.local/lib/python3.8/site-packages/airflow/example_dags/example_dag_decorator.py for tasks to queue
[2026-08-20T15:37:05.852+0000] {logging_mixin.py:188} INFO - [2026-08-20T15:37:05.852+0000] {dagbag.py:540} INFO - Filling up the DagBag from /home/airflow/.local/lib/python3.8/site-packages/airflow/example_dags/example_dag_decorator.py
[2026-08-20T15:37:05.948+0000] {processor.py:840} INFO - DAG(s) 'example_dag_decorator' retrieved from /home/airflow/.local/lib/python3.8/site-packages/airflow/example_dags/example_dag_decorator.py
[2026-08-20T15:37:06.129+0000] {logging_mixin.py:188} INFO - [2026-08-20T15:37:06.129+0000] {dag.py:3047} INFO - Sync 1 DAGs
[2026-08-20T15:37:06.141+0000] {logging_mixin.py:188} INFO - [2026-08-20T15:37:06.141+0000] {dag.py:3834} INFO - Setting next_dagrun for example_dag_decorator to None, run_after=None
[2026-08-20T15:37:06.160+0000] {processor.py:183} INFO - Processing /home/airflow/.local/lib/python3.8/site-packages/airflow/example_dags/example_dag_decorator.py took 0.320 seconds
[2026-08-20T15:37:36.233+0000] {processor.py:161} INFO - Started process (PID=7534) to work on /home/airflow/.local/lib/python3.8/site-packages/airflow/example_dags/example_dag_decorator.py
[2026-08-20T15:37:36.234+0000] {processor.py:830} INFO - Processing file /home/airflow/.local/lib/python3.8/site-packages/airflow/example_dags/example_dag_decorator.py for tasks to queue
[2026-08-20T15:37:36.238+0000] {logging_mixin.py:188} INFO - [2026-08-20T15:37:36.237+0000] {dagbag.py:540} INFO - Filling up the DagBag from /home/airflow/.local/lib/python3.8/site-packages/airflow/example_dags/example_dag_decorator.py
[2026-08-20T15:37:36.346+0000] {processor.py:840} INFO - DAG(s) 'example_dag_decorator' retrieved from /home/airflow/.local/lib/python3.8/site-packages/airflow/example_dags/example_dag_decorator.py
[2026-08-20T15:37:36.460+0000] {logging_mixin.py:188} INFO - [2026-08-20T15:37:36.459+0000] {dag.py:3047} INFO - Sync 1 DAGs
[2026-08-20T15:37:36.470+0000] {logging_mixin.py:188} INFO - [2026-08-20T15:37:36.470+0000] {dag.py:3834} INFO - Setting next_dagrun for example_dag_decorator to None, run_after=None
[2026-08-20T15:37:36.493+0000] {processor.py:183} INFO - Processing /home/airflow/.local/lib/python3.8/site-packages/airflow/example_dags/example_dag_decorator.py took 0.265 seconds
[2026-08-20T15:38:06.831+0000] {processor.py:161} INFO - Started process (PID=7591) to work on /home/airflow/.local/lib/python3.8/site-packages/airflow/example_dags/example_dag_decorator.py
[2026-08-20T15:38:06.832+0000] {processor.py:830} INFO - Processing file /home/airflow/.local/lib/python3.8/site-packages/airflow/example_dags/example_dag_decorator.py for tasks to queue
[2026-08-20T15:38:06.834+0000] {logging_mixin.py:188} INFO - [2026-08-20T15:38:06.834+0000] {dagbag.py:540} INFO - Filling up the DagBag from /home/airflow/.local/lib/python3.8/site-packages/airflow/example_dags/example_dag_decorator.py
[2026-08-20T15:38:06.944+0000] {processor.py:840} INFO - DAG(s) 'example_dag_decorator' retrieved from /home/airflow/.local/lib/python3.8/site-packages/airflow/example_dags/example_dag_decorator.py
[2026-08-20T15:38:07.068+0000] {logging_mixin.py:188} INFO - [2026-08-20T15:38:07.067+0000] {dag.py:3047} INFO - Sync 1 DAGs
[2026-08-20T15:38:07.081+0000] {logging_mixin.py:188} INFO - [2026-08-20T15:38:07.081+0000] {dag.py:3834} INFO - Setting next_dagrun for example_dag_decorator to None, run_after=None
[2026-08-20T15:38:07.104+0000] {processor.py:183} INFO - Processing /home/airflow/.local/lib/python3.8/site-packages/airflow/example_dags/example_dag_decorator.py took 0.277 seconds
[2026-08-20T15:38:37.482+0000] {processor.py:161} INFO - Started process (PID=7648) to work on /home/airflow/.local/lib/python3.8/site-packages/airflow/example_dags/example_dag_decorator.py
[2026-08-20T15:38:37.484+0000] {processor.py:830} INFO - Processing file /home/airflow/.local/lib/python3.8/site-packages/airflow/example_dags/example_dag_decorator.py for tasks to queue
[2026-08-20T15:38:37.488+0000] {logging_mixin.py:188} INFO - [2026-08-20T15:38:37.487+0000] {dagbag.py:540} INFO - Filling up the DagBag from /home/airflow/.local/lib/python3.8/site-packages/airflow/example_dags/example_dag_decorator.py
[2026-08-20T15:38:37.666+0000] {processor.py:840} INFO - DAG(s) 'example_dag_decorator' retrieved from /home/airflow/.local/lib/python3.8/site-packages/airflow/example_dags/example_dag_decorator.py
[2026-08-20T15:38:37.694+0000] {logging_mixin.py:188} INFO - [2026-08-20T15:38:37.694+0000] {dag.py:3047} INFO - Sync 1 DAGs
[2026-08-20T15:38:37.711+0000] {logging_mixin.py:188} INFO - [2026-08-20T15:38:37.711+0000] {dag.py:3834} INFO - Setting next_dagrun for example_dag_decorator to None, run_after=None
[2026-08-20T15:38:37.732+0000] {processor.py:183} INFO - Processing /home/airflow/.local/lib/python3.8/site-packages/airflow/example_dags/example_dag_decorator.py took 0.254 seconds
[2026-08-20T15:41:29.157+0000] {processor.py:161} INFO - Started process (PID=7713) to work on /home/airflow/.local/lib/python3.8/site-packages/airflow/example_dags/example_dag_decorator.py
[2026-08-20T15:41:29.162+0000] {processor.py:830} INFO - Processing file /home/airflow/.local/lib/python3.8/site-packages/airflow/example_dags/example_dag_decorator.py for tasks to queue
[2026-08-20T15:41:29.167+0000] {logging_mixin.py:188} INFO - [2026-08-20T15:41:29.166+0000] {dagbag.py:540} INFO - Filling up the DagBag from /home/airflow/.local/lib/python3.8/site-packages/airflow/example_dags/example_dag_decorator.py
[2026-08-20T15:41:30.018+0000] {processor.py:840} INFO - DAG(s) 'example_dag_decorator' retrieved from /home/airflow/.local/lib/python3.8/site-packages/airflow/example_dags/example_dag_decorator.py
[2026-08-20T15:41:30.852+0000] {logging_mixin.py:188} INFO - [2026-08-20T15:41:30.852+0000] {dag.py:3047} INFO - Sync 1 DAGs
[2026-08-20T15:41:30.896+0000] {logging_mixin.py:188} INFO - [2026-08-20T15:41:30.896+0000] {dag.py:3834} INFO - Setting next_dagrun for example_dag_decorator to None, run_after=None
[2026-08-20T15:41:31.006+0000] {processor.py:183} INFO - Processing /home/airflow/.local/lib/python3.8/site-packages/airflow/example_dags/example_dag_decorator.py took 1.871 seconds
[2026-08-20T16:47:35.327+0000] {processor.py:161} INFO - Started process (PID=7803) to work on /home/airflow/.local/lib/python3.8/site-packages/airflow/example_dags/example_dag_decorator.py
[2026-08-20T16:47:35.330+0000] {processor.py:830} INFO - Processing file /home/airflow/.local/lib/python3.8/site-packages/airflow/example_dags/example_dag_decorator.py for tasks to queue
[2026-08-20T16:47:35.333+0000] {logging_mixin.py:188} INFO - [2026-08-20T16:47:35.332+0000] {dagbag.py:540} INFO - Filling up the DagBag from /home/airflow/.local/lib/python3.8/site-packages/airflow/example_dags/example_dag_decorator.py
[2026-08-20T16:47:35.629+0000] {processor.py:840} INFO - DAG(s) 'example_dag_decorator' retrieved from /home/airflow/.local/lib/python3.8/site-packages/airflow/example_dags/example_dag_decorator.py
[2026-08-20T16:47:35.927+0000] {logging_mixin.py:188} INFO - [2026-08-20T16:47:35.926+0000] {dag.py:3047} INFO - Sync 1 DAGs
[2026-08-20T16:47:35.968+0000] {logging_mixin.py:188} INFO - [2026-08-20T16:47:35.967+0000] {dag.py:3834} INFO - Setting next_dagrun for example_dag_decorator to None, run_after=None
[2026-08-20T16:47:36.042+0000] {processor.py:183} INFO - Processing /home/airflow/.local/lib/python3.8/site-packages/airflow/example_dags/example_dag_decorator.py took 0.721 seconds
