[2026-08-20T14:35:56.849+0000] {processor.py:161} INFO - Started process (PID=608) to work on /opt/airflow/dags/dag_vertex_pipeline.py
[2026-08-20T14:35:56.851+0000] {processor.py:830} INFO - Processing file /opt/airflow/dags/dag_vertex_pipeline.py for tasks to queue
[2026-08-20T14:35:56.854+0000] {logging_mixin.py:188} INFO - [2026-08-20T14:35:56.854+0000] {dagbag.py:540} INFO - Filling up the DagBag from /opt/airflow/dags/dag_vertex_pipeline.py
[2026-08-20T14:35:57.192+0000] {processor.py:840} INFO - DAG(s) 'pipeline_vertex_etl' retrieved from /opt/airflow/dags/dag_vertex_pipeline.py
[2026-08-20T14:35:57.445+0000] {logging_mixin.py:188} INFO - [2026-08-20T14:35:57.444+0000] {override.py:1769} INFO - Created Permission View: can delete on DAG:pipeline_vertex_etl
[2026-08-20T14:35:57.461+0000] {logging_mixin.py:188} INFO - [2026-08-20T14:35:57.460+0000] {override.py:1769} INFO - Created Permission View: can edit on DAG:pipeline_vertex_etl
[2026-08-20T14:35:57.471+0000] {logging_mixin.py:188} INFO - [2026-08-20T14:35:57.471+0000] {override.py:1769} INFO - Created Permission View: can read on DAG:pipeline_vertex_etl
[2026-08-20T14:35:57.473+0000] {logging_mixin.py:188} INFO - [2026-08-20T14:35:57.472+0000] {dag.py:3047} INFO - Sync 1 DAGs
[2026-08-20T14:35:57.489+0000] {logging_mixin.py:188} INFO - [2026-08-20T14:35:57.489+0000] {dag.py:3069} INFO - Creating ORM DAG for pipeline_vertex_etl
[2026-08-20T14:35:57.500+0000] {logging_mixin.py:188} INFO - [2026-08-20T14:35:57.500+0000] {dag.py:3834} INFO - Setting next_dagrun for pipeline_vertex_etl to 2026-08-20 00:00:00+00:00, run_after=2026-08-21 00:00:00+00:00
[2026-08-20T14:35:57.523+0000] {processor.py:183} INFO - Processing /opt/airflow/dags/dag_vertex_pipeline.py took 0.678 seconds
[2026-08-20T14:36:27.966+0000] {processor.py:161} INFO - Started process (PID=665) to work on /opt/airflow/dags/dag_vertex_pipeline.py
[2026-08-20T14:36:27.968+0000] {processor.py:830} INFO - Processing file /opt/airflow/dags/dag_vertex_pipeline.py for tasks to queue
[2026-08-20T14:36:27.972+0000] {logging_mixin.py:188} INFO - [2026-08-20T14:36:27.972+0000] {dagbag.py:540} INFO - Filling up the DagBag from /opt/airflow/dags/dag_vertex_pipeline.py
[2026-08-20T14:36:28.476+0000] {processor.py:840} INFO - DAG(s) 'pipeline_vertex_etl' retrieved from /opt/airflow/dags/dag_vertex_pipeline.py
[2026-08-20T14:36:28.499+0000] {logging_mixin.py:188} INFO - [2026-08-20T14:36:28.499+0000] {dag.py:3047} INFO - Sync 1 DAGs
[2026-08-20T14:36:28.527+0000] {logging_mixin.py:188} INFO - [2026-08-20T14:36:28.527+0000] {dag.py:3834} INFO - Setting next_dagrun for pipeline_vertex_etl to 2026-08-20 00:00:00+00:00, run_after=2026-08-21 00:00:00+00:00
[2026-08-20T14:36:28.549+0000] {processor.py:183} INFO - Processing /opt/airflow/dags/dag_vertex_pipeline.py took 0.587 seconds
[2026-08-20T14:36:59.030+0000] {processor.py:161} INFO - Started process (PID=722) to work on /opt/airflow/dags/dag_vertex_pipeline.py
[2026-08-20T14:36:59.032+0000] {processor.py:830} INFO - Processing file /opt/airflow/dags/dag_vertex_pipeline.py for tasks to queue
[2026-08-20T14:36:59.035+0000] {logging_mixin.py:188} INFO - [2026-08-20T14:36:59.035+0000] {dagbag.py:540} INFO - Filling up the DagBag from /opt/airflow/dags/dag_vertex_pipeline.py
[2026-08-20T14:36:59.533+0000] {processor.py:840} INFO - DAG(s) 'pipeline_vertex_etl' retrieved from /opt/airflow/dags/dag_vertex_pipeline.py
[2026-08-20T14:36:59.564+0000] {logging_mixin.py:188} INFO - [2026-08-20T14:36:59.564+0000] {dag.py:3047} INFO - Sync 1 DAGs
[2026-08-20T14:36:59.597+0000] {logging_mixin.py:188} INFO - [2026-08-20T14:36:59.596+0000] {dag.py:3834} INFO - Setting next_dagrun for pipeline_vertex_etl to 2026-08-20 00:00:00+00:00, run_after=2026-08-21 00:00:00+00:00
[2026-08-20T14:36:59.622+0000] {processor.py:183} INFO - Processing /opt/airflow/dags/dag_vertex_pipeline.py took 0.596 seconds
[2026-08-20T14:37:30.030+0000] {processor.py:161} INFO - Started process (PID=785) to work on /opt/airflow/dags/dag_vertex_pipeline.py
[2026-08-20T14:37:30.033+0000] {processor.py:830} INFO - Processing file /opt/airflow/dags/dag_vertex_pipeline.py for tasks to queue
[2026-08-20T14:37:30.037+0000] {logging_mixin.py:188} INFO - [2026-08-20T14:37:30.037+0000] {dagbag.py:540} INFO - Filling up the DagBag from /opt/airflow/dags/dag_vertex_pipeline.py
[2026-08-20T14:37:30.494+0000] {processor.py:840} INFO - DAG(s) 'pipeline_vertex_etl' retrieved from /opt/airflow/dags/dag_vertex_pipeline.py
[2026-08-20T14:37:30.514+0000] {logging_mixin.py:188} INFO - [2026-08-20T14:37:30.513+0000] {dag.py:3047} INFO - Sync 1 DAGs
[2026-08-20T14:37:30.535+0000] {logging_mixin.py:188} INFO - [2026-08-20T14:37:30.535+0000] {dag.py:3834} INFO - Setting next_dagrun for pipeline_vertex_etl to 2026-08-20 00:00:00+00:00, run_after=2026-08-21 00:00:00+00:00
[2026-08-20T14:37:30.559+0000] {processor.py:183} INFO - Processing /opt/airflow/dags/dag_vertex_pipeline.py took 0.536 seconds
[2026-08-20T14:38:00.664+0000] {processor.py:161} INFO - Started process (PID=842) to work on /opt/airflow/dags/dag_vertex_pipeline.py
[2026-08-20T14:38:00.665+0000] {processor.py:830} INFO - Processing file /opt/airflow/dags/dag_vertex_pipeline.py for tasks to queue
[2026-08-20T14:38:00.668+0000] {logging_mixin.py:188} INFO - [2026-08-20T14:38:00.668+0000] {dagbag.py:540} INFO - Filling up the DagBag from /opt/airflow/dags/dag_vertex_pipeline.py
[2026-08-20T14:38:01.227+0000] {processor.py:840} INFO - DAG(s) 'pipeline_vertex_etl' retrieved from /opt/airflow/dags/dag_vertex_pipeline.py
[2026-08-20T14:38:01.254+0000] {logging_mixin.py:188} INFO - [2026-08-20T14:38:01.254+0000] {dag.py:3047} INFO - Sync 1 DAGs
[2026-08-20T14:38:01.279+0000] {logging_mixin.py:188} INFO - [2026-08-20T14:38:01.279+0000] {dag.py:3834} INFO - Setting next_dagrun for pipeline_vertex_etl to 2026-08-20 00:00:00+00:00, run_after=2026-08-21 00:00:00+00:00
[2026-08-20T14:38:01.308+0000] {processor.py:183} INFO - Processing /opt/airflow/dags/dag_vertex_pipeline.py took 0.648 seconds
[2026-08-20T14:38:31.736+0000] {processor.py:161} INFO - Started process (PID=899) to work on /opt/airflow/dags/dag_vertex_pipeline.py
[2026-08-20T14:38:31.738+0000] {processor.py:830} INFO - Processing file /opt/airflow/dags/dag_vertex_pipeline.py for tasks to queue
[2026-08-20T14:38:31.741+0000] {logging_mixin.py:188} INFO - [2026-08-20T14:38:31.740+0000] {dagbag.py:540} INFO - Filling up the DagBag from /opt/airflow/dags/dag_vertex_pipeline.py
[2026-08-20T14:38:32.251+0000] {processor.py:840} INFO - DAG(s) 'pipeline_vertex_etl' retrieved from /opt/airflow/dags/dag_vertex_pipeline.py
[2026-08-20T14:38:32.275+0000] {logging_mixin.py:188} INFO - [2026-08-20T14:38:32.275+0000] {dag.py:3047} INFO - Sync 1 DAGs
[2026-08-20T14:38:32.301+0000] {logging_mixin.py:188} INFO - [2026-08-20T14:38:32.301+0000] {dag.py:3834} INFO - Setting next_dagrun for pipeline_vertex_etl to 2026-08-20 00:00:00+00:00, run_after=2026-08-21 00:00:00+00:00
[2026-08-20T14:38:32.323+0000] {processor.py:183} INFO - Processing /opt/airflow/dags/dag_vertex_pipeline.py took 0.590 seconds
[2026-08-20T14:39:02.457+0000] {processor.py:161} INFO - Started process (PID=956) to work on /opt/airflow/dags/dag_vertex_pipeline.py
[2026-08-20T14:39:02.459+0000] {processor.py:830} INFO - Processing file /opt/airflow/dags/dag_vertex_pipeline.py for tasks to queue
[2026-08-20T14:39:02.462+0000] {logging_mixin.py:188} INFO - [2026-08-20T14:39:02.462+0000] {dagbag.py:540} INFO - Filling up the DagBag from /opt/airflow/dags/dag_vertex_pipeline.py
[2026-08-20T14:39:02.983+0000] {processor.py:840} INFO - DAG(s) 'pipeline_vertex_etl' retrieved from /opt/airflow/dags/dag_vertex_pipeline.py
[2026-08-20T14:39:03.003+0000] {logging_mixin.py:188} INFO - [2026-08-20T14:39:03.002+0000] {dag.py:3047} INFO - Sync 1 DAGs
[2026-08-20T14:39:03.027+0000] {logging_mixin.py:188} INFO - [2026-08-20T14:39:03.026+0000] {dag.py:3834} INFO - Setting next_dagrun for pipeline_vertex_etl to 2026-08-20 00:00:00+00:00, run_after=2026-08-21 00:00:00+00:00
[2026-08-20T14:39:03.050+0000] {processor.py:183} INFO - Processing /opt/airflow/dags/dag_vertex_pipeline.py took 0.597 seconds
[2026-08-20T14:39:33.203+0000] {processor.py:161} INFO - Started process (PID=1013) to work on /opt/airflow/dags/dag_vertex_pipeline.py
[2026-08-20T14:39:33.207+0000] {processor.py:830} INFO - Processing file /opt/airflow/dags/dag_vertex_pipeline.py for tasks to queue
[2026-08-20T14:39:33.211+0000] {logging_mixin.py:188} INFO - [2026-08-20T14:39:33.211+0000] {dagbag.py:540} INFO - Filling up the DagBag from /opt/airflow/dags/dag_vertex_pipeline.py
[2026-08-20T14:39:33.739+0000] {processor.py:840} INFO - DAG(s) 'pipeline_vertex_etl' retrieved from /opt/airflow/dags/dag_vertex_pipeline.py
[2026-08-20T14:39:33.762+0000] {logging_mixin.py:188} INFO - [2026-08-20T14:39:33.761+0000] {dag.py:3047} INFO - Sync 1 DAGs
[2026-08-20T14:39:33.784+0000] {logging_mixin.py:188} INFO - [2026-08-20T14:39:33.784+0000] {dag.py:3834} INFO - Setting next_dagrun for pipeline_vertex_etl to 2026-08-20 00:00:00+00:00, run_after=2026-08-21 00:00:00+00:00
[2026-08-20T14:39:33.811+0000] {processor.py:183} INFO - Processing /opt/airflow/dags/dag_vertex_pipeline.py took 0.612 seconds
[2026-08-20T14:40:04.261+0000] {processor.py:161} INFO - Started process (PID=1070) to work on /opt/airflow/dags/dag_vertex_pipeline.py
[2026-08-20T14:40:04.262+0000] {processor.py:830} INFO - Processing file /opt/airflow/dags/dag_vertex_pipeline.py for tasks to queue
[2026-08-20T14:40:04.265+0000] {logging_mixin.py:188} INFO - [2026-08-20T14:40:04.265+0000] {dagbag.py:540} INFO - Filling up the DagBag from /opt/airflow/dags/dag_vertex_pipeline.py
[2026-08-20T14:40:04.877+0000] {processor.py:840} INFO - DAG(s) 'pipeline_vertex_etl' retrieved from /opt/airflow/dags/dag_vertex_pipeline.py
[2026-08-20T14:40:04.903+0000] {logging_mixin.py:188} INFO - [2026-08-20T14:40:04.902+0000] {dag.py:3047} INFO - Sync 1 DAGs
[2026-08-20T14:40:04.939+0000] {logging_mixin.py:188} INFO - [2026-08-20T14:40:04.939+0000] {dag.py:3834} INFO - Setting next_dagrun for pipeline_vertex_etl to 2026-08-20 00:00:00+00:00, run_after=2026-08-21 00:00:00+00:00
[2026-08-20T14:40:04.970+0000] {processor.py:183} INFO - Processing /opt/airflow/dags/dag_vertex_pipeline.py took 0.713 seconds
[2026-08-20T14:40:35.619+0000] {processor.py:161} INFO - Started process (PID=1127) to work on /opt/airflow/dags/dag_vertex_pipeline.py
[2026-08-20T14:40:35.622+0000] {processor.py:830} INFO - Processing file /opt/airflow/dags/dag_vertex_pipeline.py for tasks to queue
[2026-08-20T14:40:35.625+0000] {logging_mixin.py:188} INFO - [2026-08-20T14:40:35.625+0000] {dagbag.py:540} INFO - Filling up the DagBag from /opt/airflow/dags/dag_vertex_pipeline.py
[2026-08-20T14:40:36.144+0000] {processor.py:840} INFO - DAG(s) 'pipeline_vertex_etl' retrieved from /opt/airflow/dags/dag_vertex_pipeline.py
[2026-08-20T14:40:36.168+0000] {logging_mixin.py:188} INFO - [2026-08-20T14:40:36.167+0000] {dag.py:3047} INFO - Sync 1 DAGs
[2026-08-20T14:40:36.192+0000] {logging_mixin.py:188} INFO - [2026-08-20T14:40:36.191+0000] {dag.py:3834} INFO - Setting next_dagrun for pipeline_vertex_etl to 2026-08-20 00:00:00+00:00, run_after=2026-08-21 00:00:00+00:00
[2026-08-20T14:40:36.214+0000] {processor.py:183} INFO - Processing /opt/airflow/dags/dag_vertex_pipeline.py took 0.599 seconds
[2026-08-20T14:41:06.447+0000] {processor.py:161} INFO - Started process (PID=1184) to work on /opt/airflow/dags/dag_vertex_pipeline.py
[2026-08-20T14:41:06.448+0000] {processor.py:830} INFO - Processing file /opt/airflow/dags/dag_vertex_pipeline.py for tasks to queue
[2026-08-20T14:41:06.452+0000] {logging_mixin.py:188} INFO - [2026-08-20T14:41:06.451+0000] {dagbag.py:540} INFO - Filling up the DagBag from /opt/airflow/dags/dag_vertex_pipeline.py
[2026-08-20T14:41:06.949+0000] {processor.py:840} INFO - DAG(s) 'pipeline_vertex_etl' retrieved from /opt/airflow/dags/dag_vertex_pipeline.py
[2026-08-20T14:41:06.968+0000] {logging_mixin.py:188} INFO - [2026-08-20T14:41:06.967+0000] {dag.py:3047} INFO - Sync 1 DAGs
[2026-08-20T14:41:06.994+0000] {logging_mixin.py:188} INFO - [2026-08-20T14:41:06.993+0000] {dag.py:3834} INFO - Setting next_dagrun for pipeline_vertex_etl to 2026-08-20 00:00:00+00:00, run_after=2026-08-21 00:00:00+00:00
[2026-08-20T14:41:07.022+0000] {processor.py:183} INFO - Processing /opt/airflow/dags/dag_vertex_pipeline.py took 0.579 seconds
[2026-08-20T14:41:37.095+0000] {processor.py:161} INFO - Started process (PID=1241) to work on /opt/airflow/dags/dag_vertex_pipeline.py
[2026-08-20T14:41:37.097+0000] {processor.py:830} INFO - Processing file /opt/airflow/dags/dag_vertex_pipeline.py for tasks to queue
[2026-08-20T14:41:37.100+0000] {logging_mixin.py:188} INFO - [2026-08-20T14:41:37.100+0000] {dagbag.py:540} INFO - Filling up the DagBag from /opt/airflow/dags/dag_vertex_pipeline.py
[2026-08-20T14:41:37.602+0000] {processor.py:840} INFO - DAG(s) 'pipeline_vertex_etl' retrieved from /opt/airflow/dags/dag_vertex_pipeline.py
[2026-08-20T14:41:37.621+0000] {logging_mixin.py:188} INFO - [2026-08-20T14:41:37.621+0000] {dag.py:3047} INFO - Sync 1 DAGs
[2026-08-20T14:41:37.644+0000] {logging_mixin.py:188} INFO - [2026-08-20T14:41:37.644+0000] {dag.py:3834} INFO - Setting next_dagrun for pipeline_vertex_etl to 2026-08-20 00:00:00+00:00, run_after=2026-08-21 00:00:00+00:00
[2026-08-20T14:41:37.666+0000] {processor.py:183} INFO - Processing /opt/airflow/dags/dag_vertex_pipeline.py took 0.574 seconds
[2026-08-20T14:42:07.725+0000] {processor.py:161} INFO - Started process (PID=1300) to work on /opt/airflow/dags/dag_vertex_pipeline.py
[2026-08-20T14:42:07.727+0000] {processor.py:830} INFO - Processing file /opt/airflow/dags/dag_vertex_pipeline.py for tasks to queue
[2026-08-20T14:42:07.730+0000] {logging_mixin.py:188} INFO - [2026-08-20T14:42:07.730+0000] {dagbag.py:540} INFO - Filling up the DagBag from /opt/airflow/dags/dag_vertex_pipeline.py
[2026-08-20T14:42:08.201+0000] {processor.py:840} INFO - DAG(s) 'pipeline_vertex_etl' retrieved from /opt/airflow/dags/dag_vertex_pipeline.py
[2026-08-20T14:42:08.222+0000] {logging_mixin.py:188} INFO - [2026-08-20T14:42:08.221+0000] {dag.py:3047} INFO - Sync 1 DAGs
[2026-08-20T14:42:08.244+0000] {logging_mixin.py:188} INFO - [2026-08-20T14:42:08.244+0000] {dag.py:3834} INFO - Setting next_dagrun for pipeline_vertex_etl to 2026-08-20 00:00:00+00:00, run_after=2026-08-21 00:00:00+00:00
[2026-08-20T14:42:08.270+0000] {processor.py:183} INFO - Processing /opt/airflow/dags/dag_vertex_pipeline.py took 0.549 seconds
[2026-08-20T14:42:38.932+0000] {processor.py:161} INFO - Started process (PID=1357) to work on /opt/airflow/dags/dag_vertex_pipeline.py
[2026-08-20T14:42:38.935+0000] {processor.py:830} INFO - Processing file /opt/airflow/dags/dag_vertex_pipeline.py for tasks to queue
[2026-08-20T14:42:38.938+0000] {logging_mixin.py:188} INFO - [2026-08-20T14:42:38.937+0000] {dagbag.py:540} INFO - Filling up the DagBag from /opt/airflow/dags/dag_vertex_pipeline.py
[2026-08-20T14:42:39.497+0000] {processor.py:840} INFO - DAG(s) 'pipeline_vertex_etl' retrieved from /opt/airflow/dags/dag_vertex_pipeline.py
[2026-08-20T14:42:39.519+0000] {logging_mixin.py:188} INFO - [2026-08-20T14:42:39.519+0000] {dag.py:3047} INFO - Sync 1 DAGs
[2026-08-20T14:42:39.545+0000] {logging_mixin.py:188} INFO - [2026-08-20T14:42:39.544+0000] {dag.py:3834} INFO - Setting next_dagrun for pipeline_vertex_etl to 2026-08-20 00:00:00+00:00, run_after=2026-08-21 00:00:00+00:00
[2026-08-20T14:42:39.573+0000] {processor.py:183} INFO - Processing /opt/airflow/dags/dag_vertex_pipeline.py took 0.651 seconds
[2026-08-20T14:43:09.657+0000] {processor.py:161} INFO - Started process (PID=1417) to work on /opt/airflow/dags/dag_vertex_pipeline.py
[2026-08-20T14:43:09.659+0000] {processor.py:830} INFO - Processing file /opt/airflow/dags/dag_vertex_pipeline.py for tasks to queue
[2026-08-20T14:43:09.662+0000] {logging_mixin.py:188} INFO - [2026-08-20T14:43:09.661+0000] {dagbag.py:540} INFO - Filling up the DagBag from /opt/airflow/dags/dag_vertex_pipeline.py
[2026-08-20T14:43:10.113+0000] {processor.py:840} INFO - DAG(s) 'pipeline_vertex_etl' retrieved from /opt/airflow/dags/dag_vertex_pipeline.py
[2026-08-20T14:43:10.134+0000] {logging_mixin.py:188} INFO - [2026-08-20T14:43:10.134+0000] {dag.py:3047} INFO - Sync 1 DAGs
[2026-08-20T14:43:10.155+0000] {logging_mixin.py:188} INFO - [2026-08-20T14:43:10.155+0000] {dag.py:3834} INFO - Setting next_dagrun for pipeline_vertex_etl to 2026-08-20 00:00:00+00:00, run_after=2026-08-21 00:00:00+00:00
[2026-08-20T14:43:10.177+0000] {processor.py:183} INFO - Processing /opt/airflow/dags/dag_vertex_pipeline.py took 0.524 seconds
[2026-08-20T14:43:40.896+0000] {processor.py:161} INFO - Started process (PID=1474) to work on /opt/airflow/dags/dag_vertex_pipeline.py
[2026-08-20T14:43:40.898+0000] {processor.py:830} INFO - Processing file /opt/airflow/dags/dag_vertex_pipeline.py for tasks to queue
[2026-08-20T14:43:40.901+0000] {logging_mixin.py:188} INFO - [2026-08-20T14:43:40.900+0000] {dagbag.py:540} INFO - Filling up the DagBag from /opt/airflow/dags/dag_vertex_pipeline.py
[2026-08-20T14:43:41.375+0000] {processor.py:840} INFO - DAG(s) 'pipeline_vertex_etl' retrieved from /opt/airflow/dags/dag_vertex_pipeline.py
[2026-08-20T14:43:41.395+0000] {logging_mixin.py:188} INFO - [2026-08-20T14:43:41.394+0000] {dag.py:3047} INFO - Sync 1 DAGs
[2026-08-20T14:43:41.417+0000] {logging_mixin.py:188} INFO - [2026-08-20T14:43:41.417+0000] {dag.py:3834} INFO - Setting next_dagrun for pipeline_vertex_etl to 2026-08-20 00:00:00+00:00, run_after=2026-08-21 00:00:00+00:00
[2026-08-20T14:43:41.439+0000] {processor.py:183} INFO - Processing /opt/airflow/dags/dag_vertex_pipeline.py took 0.548 seconds
[2026-08-20T14:44:11.763+0000] {processor.py:161} INFO - Started process (PID=1531) to work on /opt/airflow/dags/dag_vertex_pipeline.py
[2026-08-20T14:44:11.765+0000] {processor.py:830} INFO - Processing file /opt/airflow/dags/dag_vertex_pipeline.py for tasks to queue
[2026-08-20T14:44:11.768+0000] {logging_mixin.py:188} INFO - [2026-08-20T14:44:11.768+0000] {dagbag.py:540} INFO - Filling up the DagBag from /opt/airflow/dags/dag_vertex_pipeline.py
[2026-08-20T14:44:12.245+0000] {processor.py:840} INFO - DAG(s) 'pipeline_vertex_etl' retrieved from /opt/airflow/dags/dag_vertex_pipeline.py
[2026-08-20T14:44:12.264+0000] {logging_mixin.py:188} INFO - [2026-08-20T14:44:12.263+0000] {dag.py:3047} INFO - Sync 1 DAGs
[2026-08-20T14:44:12.284+0000] {logging_mixin.py:188} INFO - [2026-08-20T14:44:12.284+0000] {dag.py:3834} INFO - Setting next_dagrun for pipeline_vertex_etl to 2026-08-20 00:00:00+00:00, run_after=2026-08-21 00:00:00+00:00
[2026-08-20T14:44:12.306+0000] {processor.py:183} INFO - Processing /opt/airflow/dags/dag_vertex_pipeline.py took 0.550 seconds
[2026-08-20T14:44:43.125+0000] {processor.py:161} INFO - Started process (PID=1590) to work on /opt/airflow/dags/dag_vertex_pipeline.py
[2026-08-20T14:44:43.128+0000] {processor.py:830} INFO - Processing file /opt/airflow/dags/dag_vertex_pipeline.py for tasks to queue
[2026-08-20T14:44:43.132+0000] {logging_mixin.py:188} INFO - [2026-08-20T14:44:43.131+0000] {dagbag.py:540} INFO - Filling up the DagBag from /opt/airflow/dags/dag_vertex_pipeline.py
[2026-08-20T14:44:43.691+0000] {processor.py:840} INFO - DAG(s) 'pipeline_vertex_etl' retrieved from /opt/airflow/dags/dag_vertex_pipeline.py
[2026-08-20T14:44:43.713+0000] {logging_mixin.py:188} INFO - [2026-08-20T14:44:43.712+0000] {dag.py:3047} INFO - Sync 1 DAGs
[2026-08-20T14:44:43.744+0000] {logging_mixin.py:188} INFO - [2026-08-20T14:44:43.744+0000] {dag.py:3834} INFO - Setting next_dagrun for pipeline_vertex_etl to 2026-08-20 00:00:00+00:00, run_after=2026-08-21 00:00:00+00:00
[2026-08-20T14:44:43.768+0000] {processor.py:183} INFO - Processing /opt/airflow/dags/dag_vertex_pipeline.py took 0.650 seconds
[2026-08-20T14:45:13.900+0000] {processor.py:161} INFO - Started process (PID=1651) to work on /opt/airflow/dags/dag_vertex_pipeline.py
[2026-08-20T14:45:13.903+0000] {processor.py:830} INFO - Processing file /opt/airflow/dags/dag_vertex_pipeline.py for tasks to queue
[2026-08-20T14:45:13.907+0000] {logging_mixin.py:188} INFO - [2026-08-20T14:45:13.906+0000] {dagbag.py:540} INFO - Filling up the DagBag from /opt/airflow/dags/dag_vertex_pipeline.py
[2026-08-20T14:45:14.461+0000] {processor.py:840} INFO - DAG(s) 'pipeline_vertex_etl' retrieved from /opt/airflow/dags/dag_vertex_pipeline.py
[2026-08-20T14:45:14.483+0000] {logging_mixin.py:188} INFO - [2026-08-20T14:45:14.482+0000] {dag.py:3047} INFO - Sync 1 DAGs
[2026-08-20T14:45:14.513+0000] {logging_mixin.py:188} INFO - [2026-08-20T14:45:14.513+0000] {dag.py:3834} INFO - Setting next_dagrun for pipeline_vertex_etl to 2026-08-20 00:00:00+00:00, run_after=2026-08-21 00:00:00+00:00
[2026-08-20T14:45:14.534+0000] {processor.py:183} INFO - Processing /opt/airflow/dags/dag_vertex_pipeline.py took 0.641 seconds
[2026-08-20T14:45:44.642+0000] {processor.py:161} INFO - Started process (PID=1712) to work on /opt/airflow/dags/dag_vertex_pipeline.py
[2026-08-20T14:45:44.644+0000] {processor.py:830} INFO - Processing file /opt/airflow/dags/dag_vertex_pipeline.py for tasks to queue
[2026-08-20T14:45:44.647+0000] {logging_mixin.py:188} INFO - [2026-08-20T14:45:44.647+0000] {dagbag.py:540} INFO - Filling up the DagBag from /opt/airflow/dags/dag_vertex_pipeline.py
[2026-08-20T14:45:45.190+0000] {processor.py:840} INFO - DAG(s) 'pipeline_vertex_etl' retrieved from /opt/airflow/dags/dag_vertex_pipeline.py
[2026-08-20T14:45:45.208+0000] {logging_mixin.py:188} INFO - [2026-08-20T14:45:45.207+0000] {dag.py:3047} INFO - Sync 1 DAGs
[2026-08-20T14:45:45.230+0000] {logging_mixin.py:188} INFO - [2026-08-20T14:45:45.230+0000] {dag.py:3834} INFO - Setting next_dagrun for pipeline_vertex_etl to 2026-08-20 00:00:00+00:00, run_after=2026-08-21 00:00:00+00:00
[2026-08-20T14:45:45.249+0000] {processor.py:183} INFO - Processing /opt/airflow/dags/dag_vertex_pipeline.py took 0.611 seconds
[2026-08-20T14:46:15.400+0000] {processor.py:161} INFO - Started process (PID=1771) to work on /opt/airflow/dags/dag_vertex_pipeline.py
[2026-08-20T14:46:15.402+0000] {processor.py:830} INFO - Processing file /opt/airflow/dags/dag_vertex_pipeline.py for tasks to queue
[2026-08-20T14:46:15.405+0000] {logging_mixin.py:188} INFO - [2026-08-20T14:46:15.405+0000] {dagbag.py:540} INFO - Filling up the DagBag from /opt/airflow/dags/dag_vertex_pipeline.py
[2026-08-20T14:46:15.923+0000] {processor.py:840} INFO - DAG(s) 'pipeline_vertex_etl' retrieved from /opt/airflow/dags/dag_vertex_pipeline.py
[2026-08-20T14:46:15.942+0000] {logging_mixin.py:188} INFO - [2026-08-20T14:46:15.942+0000] {dag.py:3047} INFO - Sync 1 DAGs
[2026-08-20T14:46:15.964+0000] {logging_mixin.py:188} INFO - [2026-08-20T14:46:15.964+0000] {dag.py:3834} INFO - Setting next_dagrun for pipeline_vertex_etl to 2026-08-20 00:00:00+00:00, run_after=2026-08-21 00:00:00+00:00
[2026-08-20T14:46:15.986+0000] {processor.py:183} INFO - Processing /opt/airflow/dags/dag_vertex_pipeline.py took 0.592 seconds
[2026-08-20T14:46:46.109+0000] {processor.py:161} INFO - Started process (PID=1830) to work on /opt/airflow/dags/dag_vertex_pipeline.py
[2026-08-20T14:46:46.111+0000] {processor.py:830} INFO - Processing file /opt/airflow/dags/dag_vertex_pipeline.py for tasks to queue
[2026-08-20T14:46:46.114+0000] {logging_mixin.py:188} INFO - [2026-08-20T14:46:46.114+0000] {dagbag.py:540} INFO - Filling up the DagBag from /opt/airflow/dags/dag_vertex_pipeline.py
[2026-08-20T14:46:46.593+0000] {processor.py:840} INFO - DAG(s) 'pipeline_vertex_etl' retrieved from /opt/airflow/dags/dag_vertex_pipeline.py
[2026-08-20T14:46:46.614+0000] {logging_mixin.py:188} INFO - [2026-08-20T14:46:46.613+0000] {dag.py:3047} INFO - Sync 1 DAGs
[2026-08-20T14:46:46.635+0000] {logging_mixin.py:188} INFO - [2026-08-20T14:46:46.635+0000] {dag.py:3834} INFO - Setting next_dagrun for pipeline_vertex_etl to 2026-08-20 00:00:00+00:00, run_after=2026-08-21 00:00:00+00:00
[2026-08-20T14:46:46.656+0000] {processor.py:183} INFO - Processing /opt/airflow/dags/dag_vertex_pipeline.py took 0.552 seconds
[2026-08-20T14:47:17.400+0000] {processor.py:161} INFO - Started process (PID=1887) to work on /opt/airflow/dags/dag_vertex_pipeline.py
[2026-08-20T14:47:17.402+0000] {processor.py:830} INFO - Processing file /opt/airflow/dags/dag_vertex_pipeline.py for tasks to queue
[2026-08-20T14:47:17.404+0000] {logging_mixin.py:188} INFO - [2026-08-20T14:47:17.404+0000] {dagbag.py:540} INFO - Filling up the DagBag from /opt/airflow/dags/dag_vertex_pipeline.py
[2026-08-20T14:47:17.886+0000] {processor.py:840} INFO - DAG(s) 'pipeline_vertex_etl' retrieved from /opt/airflow/dags/dag_vertex_pipeline.py
[2026-08-20T14:47:17.909+0000] {logging_mixin.py:188} INFO - [2026-08-20T14:47:17.908+0000] {dag.py:3047} INFO - Sync 1 DAGs
[2026-08-20T14:47:17.933+0000] {logging_mixin.py:188} INFO - [2026-08-20T14:47:17.933+0000] {dag.py:3834} INFO - Setting next_dagrun for pipeline_vertex_etl to 2026-08-20 00:00:00+00:00, run_after=2026-08-21 00:00:00+00:00
[2026-08-20T14:47:17.955+0000] {processor.py:183} INFO - Processing /opt/airflow/dags/dag_vertex_pipeline.py took 0.562 seconds
[2026-08-20T14:47:48.144+0000] {processor.py:161} INFO - Started process (PID=1945) to work on /opt/airflow/dags/dag_vertex_pipeline.py
[2026-08-20T14:47:48.146+0000] {processor.py:830} INFO - Processing file /opt/airflow/dags/dag_vertex_pipeline.py for tasks to queue
[2026-08-20T14:47:48.149+0000] {logging_mixin.py:188} INFO - [2026-08-20T14:47:48.149+0000] {dagbag.py:540} INFO - Filling up the DagBag from /opt/airflow/dags/dag_vertex_pipeline.py
[2026-08-20T14:47:48.683+0000] {processor.py:840} INFO - DAG(s) 'pipeline_vertex_etl' retrieved from /opt/airflow/dags/dag_vertex_pipeline.py
[2026-08-20T14:47:48.705+0000] {logging_mixin.py:188} INFO - [2026-08-20T14:47:48.704+0000] {dag.py:3047} INFO - Sync 1 DAGs
[2026-08-20T14:47:48.729+0000] {logging_mixin.py:188} INFO - [2026-08-20T14:47:48.729+0000] {dag.py:3834} INFO - Setting next_dagrun for pipeline_vertex_etl to 2026-08-20 00:00:00+00:00, run_after=2026-08-21 00:00:00+00:00
[2026-08-20T14:47:48.752+0000] {processor.py:183} INFO - Processing /opt/airflow/dags/dag_vertex_pipeline.py took 0.614 seconds
[2026-08-20T14:48:18.846+0000] {processor.py:161} INFO - Started process (PID=2004) to work on /opt/airflow/dags/dag_vertex_pipeline.py
[2026-08-20T14:48:18.848+0000] {processor.py:830} INFO - Processing file /opt/airflow/dags/dag_vertex_pipeline.py for tasks to queue
[2026-08-20T14:48:18.851+0000] {logging_mixin.py:188} INFO - [2026-08-20T14:48:18.850+0000] {dagbag.py:540} INFO - Filling up the DagBag from /opt/airflow/dags/dag_vertex_pipeline.py
[2026-08-20T14:48:19.343+0000] {processor.py:840} INFO - DAG(s) 'pipeline_vertex_etl' retrieved from /opt/airflow/dags/dag_vertex_pipeline.py
[2026-08-20T14:48:19.368+0000] {logging_mixin.py:188} INFO - [2026-08-20T14:48:19.367+0000] {dag.py:3047} INFO - Sync 1 DAGs
[2026-08-20T14:48:19.410+0000] {logging_mixin.py:188} INFO - [2026-08-20T14:48:19.410+0000] {dag.py:3834} INFO - Setting next_dagrun for pipeline_vertex_etl to 2026-08-20 00:00:00+00:00, run_after=2026-08-21 00:00:00+00:00
[2026-08-20T14:48:19.436+0000] {processor.py:183} INFO - Processing /opt/airflow/dags/dag_vertex_pipeline.py took 0.595 seconds
[2026-08-20T14:48:49.681+0000] {processor.py:161} INFO - Started process (PID=2059) to work on /opt/airflow/dags/dag_vertex_pipeline.py
[2026-08-20T14:48:49.682+0000] {processor.py:830} INFO - Processing file /opt/airflow/dags/dag_vertex_pipeline.py for tasks to queue
[2026-08-20T14:48:49.685+0000] {logging_mixin.py:188} INFO - [2026-08-20T14:48:49.685+0000] {dagbag.py:540} INFO - Filling up the DagBag from /opt/airflow/dags/dag_vertex_pipeline.py
[2026-08-20T14:48:50.221+0000] {processor.py:840} INFO - DAG(s) 'pipeline_vertex_etl' retrieved from /opt/airflow/dags/dag_vertex_pipeline.py
[2026-08-20T14:48:50.247+0000] {logging_mixin.py:188} INFO - [2026-08-20T14:48:50.247+0000] {dag.py:3047} INFO - Sync 1 DAGs
[2026-08-20T14:48:50.274+0000] {logging_mixin.py:188} INFO - [2026-08-20T14:48:50.274+0000] {dag.py:3834} INFO - Setting next_dagrun for pipeline_vertex_etl to 2026-08-20 00:00:00+00:00, run_after=2026-08-21 00:00:00+00:00
[2026-08-20T14:48:50.301+0000] {processor.py:183} INFO - Processing /opt/airflow/dags/dag_vertex_pipeline.py took 0.624 seconds
[2026-08-20T14:49:20.486+0000] {processor.py:161} INFO - Started process (PID=2116) to work on /opt/airflow/dags/dag_vertex_pipeline.py
[2026-08-20T14:49:20.488+0000] {processor.py:830} INFO - Processing file /opt/airflow/dags/dag_vertex_pipeline.py for tasks to queue
[2026-08-20T14:49:20.492+0000] {logging_mixin.py:188} INFO - [2026-08-20T14:49:20.491+0000] {dagbag.py:540} INFO - Filling up the DagBag from /opt/airflow/dags/dag_vertex_pipeline.py
[2026-08-20T14:49:21.159+0000] {processor.py:840} INFO - DAG(s) 'pipeline_vertex_etl' retrieved from /opt/airflow/dags/dag_vertex_pipeline.py
[2026-08-20T14:49:21.180+0000] {logging_mixin.py:188} INFO - [2026-08-20T14:49:21.179+0000] {dag.py:3047} INFO - Sync 1 DAGs
[2026-08-20T14:49:21.210+0000] {logging_mixin.py:188} INFO - [2026-08-20T14:49:21.210+0000] {dag.py:3834} INFO - Setting next_dagrun for pipeline_vertex_etl to 2026-08-20 00:00:00+00:00, run_after=2026-08-21 00:00:00+00:00
[2026-08-20T14:49:21.236+0000] {processor.py:183} INFO - Processing /opt/airflow/dags/dag_vertex_pipeline.py took 0.755 seconds
[2026-08-20T14:49:51.346+0000] {processor.py:161} INFO - Started process (PID=2177) to work on /opt/airflow/dags/dag_vertex_pipeline.py
[2026-08-20T14:49:51.348+0000] {processor.py:830} INFO - Processing file /opt/airflow/dags/dag_vertex_pipeline.py for tasks to queue
[2026-08-20T14:49:51.352+0000] {logging_mixin.py:188} INFO - [2026-08-20T14:49:51.351+0000] {dagbag.py:540} INFO - Filling up the DagBag from /opt/airflow/dags/dag_vertex_pipeline.py
[2026-08-20T14:49:51.888+0000] {processor.py:840} INFO - DAG(s) 'pipeline_vertex_etl' retrieved from /opt/airflow/dags/dag_vertex_pipeline.py
[2026-08-20T14:49:51.908+0000] {logging_mixin.py:188} INFO - [2026-08-20T14:49:51.908+0000] {dag.py:3047} INFO - Sync 1 DAGs
[2026-08-20T14:49:51.934+0000] {logging_mixin.py:188} INFO - [2026-08-20T14:49:51.934+0000] {dag.py:3834} INFO - Setting next_dagrun for pipeline_vertex_etl to 2026-08-20 00:00:00+00:00, run_after=2026-08-21 00:00:00+00:00
[2026-08-20T14:49:51.958+0000] {processor.py:183} INFO - Processing /opt/airflow/dags/dag_vertex_pipeline.py took 0.619 seconds
[2026-08-20T14:50:22.734+0000] {processor.py:161} INFO - Started process (PID=2236) to work on /opt/airflow/dags/dag_vertex_pipeline.py
[2026-08-20T14:50:22.736+0000] {processor.py:830} INFO - Processing file /opt/airflow/dags/dag_vertex_pipeline.py for tasks to queue
[2026-08-20T14:50:22.738+0000] {logging_mixin.py:188} INFO - [2026-08-20T14:50:22.738+0000] {dagbag.py:540} INFO - Filling up the DagBag from /opt/airflow/dags/dag_vertex_pipeline.py
[2026-08-20T14:50:23.349+0000] {processor.py:840} INFO - DAG(s) 'pipeline_vertex_etl' retrieved from /opt/airflow/dags/dag_vertex_pipeline.py
[2026-08-20T14:50:23.368+0000] {logging_mixin.py:188} INFO - [2026-08-20T14:50:23.367+0000] {dag.py:3047} INFO - Sync 1 DAGs
[2026-08-20T14:50:23.390+0000] {logging_mixin.py:188} INFO - [2026-08-20T14:50:23.390+0000] {dag.py:3834} INFO - Setting next_dagrun for pipeline_vertex_etl to 2026-08-20 00:00:00+00:00, run_after=2026-08-21 00:00:00+00:00
[2026-08-20T14:50:23.413+0000] {processor.py:183} INFO - Processing /opt/airflow/dags/dag_vertex_pipeline.py took 0.685 seconds
[2026-08-20T14:50:53.611+0000] {processor.py:161} INFO - Started process (PID=2296) to work on /opt/airflow/dags/dag_vertex_pipeline.py
[2026-08-20T14:50:53.613+0000] {processor.py:830} INFO - Processing file /opt/airflow/dags/dag_vertex_pipeline.py for tasks to queue
[2026-08-20T14:50:53.617+0000] {logging_mixin.py:188} INFO - [2026-08-20T14:50:53.616+0000] {dagbag.py:540} INFO - Filling up the DagBag from /opt/airflow/dags/dag_vertex_pipeline.py
[2026-08-20T14:50:54.163+0000] {processor.py:840} INFO - DAG(s) 'pipeline_vertex_etl' retrieved from /opt/airflow/dags/dag_vertex_pipeline.py
[2026-08-20T14:50:54.189+0000] {logging_mixin.py:188} INFO - [2026-08-20T14:50:54.188+0000] {dag.py:3047} INFO - Sync 1 DAGs
[2026-08-20T14:50:54.216+0000] {logging_mixin.py:188} INFO - [2026-08-20T14:50:54.215+0000] {dag.py:3834} INFO - Setting next_dagrun for pipeline_vertex_etl to 2026-08-20 00:00:00+00:00, run_after=2026-08-21 00:00:00+00:00
[2026-08-20T14:50:54.240+0000] {processor.py:183} INFO - Processing /opt/airflow/dags/dag_vertex_pipeline.py took 0.634 seconds
[2026-08-20T14:51:24.524+0000] {processor.py:161} INFO - Started process (PID=2352) to work on /opt/airflow/dags/dag_vertex_pipeline.py
[2026-08-20T14:51:24.527+0000] {processor.py:830} INFO - Processing file /opt/airflow/dags/dag_vertex_pipeline.py for tasks to queue
[2026-08-20T14:51:24.532+0000] {logging_mixin.py:188} INFO - [2026-08-20T14:51:24.531+0000] {dagbag.py:540} INFO - Filling up the DagBag from /opt/airflow/dags/dag_vertex_pipeline.py
[2026-08-20T14:51:25.052+0000] {processor.py:840} INFO - DAG(s) 'pipeline_vertex_etl' retrieved from /opt/airflow/dags/dag_vertex_pipeline.py
[2026-08-20T14:51:25.073+0000] {logging_mixin.py:188} INFO - [2026-08-20T14:51:25.072+0000] {dag.py:3047} INFO - Sync 1 DAGs
[2026-08-20T14:51:25.097+0000] {logging_mixin.py:188} INFO - [2026-08-20T14:51:25.097+0000] {dag.py:3834} INFO - Setting next_dagrun for pipeline_vertex_etl to 2026-08-20 00:00:00+00:00, run_after=2026-08-21 00:00:00+00:00
[2026-08-20T14:51:25.120+0000] {processor.py:183} INFO - Processing /opt/airflow/dags/dag_vertex_pipeline.py took 0.604 seconds
[2026-08-20T14:51:55.746+0000] {processor.py:161} INFO - Started process (PID=2410) to work on /opt/airflow/dags/dag_vertex_pipeline.py
[2026-08-20T14:51:55.748+0000] {processor.py:830} INFO - Processing file /opt/airflow/dags/dag_vertex_pipeline.py for tasks to queue
[2026-08-20T14:51:55.750+0000] {logging_mixin.py:188} INFO - [2026-08-20T14:51:55.750+0000] {dagbag.py:540} INFO - Filling up the DagBag from /opt/airflow/dags/dag_vertex_pipeline.py
[2026-08-20T14:51:56.280+0000] {processor.py:840} INFO - DAG(s) 'pipeline_vertex_etl' retrieved from /opt/airflow/dags/dag_vertex_pipeline.py
[2026-08-20T14:51:56.301+0000] {logging_mixin.py:188} INFO - [2026-08-20T14:51:56.301+0000] {dag.py:3047} INFO - Sync 1 DAGs
[2026-08-20T14:51:56.325+0000] {logging_mixin.py:188} INFO - [2026-08-20T14:51:56.325+0000] {dag.py:3834} INFO - Setting next_dagrun for pipeline_vertex_etl to 2026-08-20 00:00:00+00:00, run_after=2026-08-21 00:00:00+00:00
[2026-08-20T14:51:56.349+0000] {processor.py:183} INFO - Processing /opt/airflow/dags/dag_vertex_pipeline.py took 0.607 seconds
[2026-08-20T14:52:26.486+0000] {processor.py:161} INFO - Started process (PID=2471) to work on /opt/airflow/dags/dag_vertex_pipeline.py
[2026-08-20T14:52:26.488+0000] {processor.py:830} INFO - Processing file /opt/airflow/dags/dag_vertex_pipeline.py for tasks to queue
[2026-08-20T14:52:26.491+0000] {logging_mixin.py:188} INFO - [2026-08-20T14:52:26.490+0000] {dagbag.py:540} INFO - Filling up the DagBag from /opt/airflow/dags/dag_vertex_pipeline.py
[2026-08-20T14:52:27.071+0000] {processor.py:840} INFO - DAG(s) 'pipeline_vertex_etl' retrieved from /opt/airflow/dags/dag_vertex_pipeline.py
[2026-08-20T14:52:27.091+0000] {logging_mixin.py:188} INFO - [2026-08-20T14:52:27.091+0000] {dag.py:3047} INFO - Sync 1 DAGs
[2026-08-20T14:52:27.124+0000] {logging_mixin.py:188} INFO - [2026-08-20T14:52:27.123+0000] {dag.py:3834} INFO - Setting next_dagrun for pipeline_vertex_etl to 2026-08-20 00:00:00+00:00, run_after=2026-08-21 00:00:00+00:00
[2026-08-20T14:52:27.157+0000] {processor.py:183} INFO - Processing /opt/airflow/dags/dag_vertex_pipeline.py took 0.676 seconds
[2026-08-20T14:52:57.330+0000] {processor.py:161} INFO - Started process (PID=2531) to work on /opt/airflow/dags/dag_vertex_pipeline.py
[2026-08-20T14:52:57.332+0000] {processor.py:830} INFO - Processing file /opt/airflow/dags/dag_vertex_pipeline.py for tasks to queue
[2026-08-20T14:52:57.337+0000] {logging_mixin.py:188} INFO - [2026-08-20T14:52:57.337+0000] {dagbag.py:540} INFO - Filling up the DagBag from /opt/airflow/dags/dag_vertex_pipeline.py
[2026-08-20T14:52:57.925+0000] {processor.py:840} INFO - DAG(s) 'pipeline_vertex_etl' retrieved from /opt/airflow/dags/dag_vertex_pipeline.py
[2026-08-20T14:52:57.955+0000] {logging_mixin.py:188} INFO - [2026-08-20T14:52:57.955+0000] {dag.py:3047} INFO - Sync 1 DAGs
[2026-08-20T14:52:57.987+0000] {logging_mixin.py:188} INFO - [2026-08-20T14:52:57.987+0000] {dag.py:3834} INFO - Setting next_dagrun for pipeline_vertex_etl to 2026-08-20 00:00:00+00:00, run_after=2026-08-21 00:00:00+00:00
[2026-08-20T14:52:58.014+0000] {processor.py:183} INFO - Processing /opt/airflow/dags/dag_vertex_pipeline.py took 0.693 seconds
[2026-08-20T14:53:28.199+0000] {processor.py:161} INFO - Started process (PID=2591) to work on /opt/airflow/dags/dag_vertex_pipeline.py
[2026-08-20T14:53:28.201+0000] {processor.py:830} INFO - Processing file /opt/airflow/dags/dag_vertex_pipeline.py for tasks to queue
[2026-08-20T14:53:28.204+0000] {logging_mixin.py:188} INFO - [2026-08-20T14:53:28.203+0000] {dagbag.py:540} INFO - Filling up the DagBag from /opt/airflow/dags/dag_vertex_pipeline.py
[2026-08-20T14:53:28.727+0000] {processor.py:840} INFO - DAG(s) 'pipeline_vertex_etl' retrieved from /opt/airflow/dags/dag_vertex_pipeline.py
[2026-08-20T14:53:28.749+0000] {logging_mixin.py:188} INFO - [2026-08-20T14:53:28.748+0000] {dag.py:3047} INFO - Sync 1 DAGs
[2026-08-20T14:53:28.777+0000] {logging_mixin.py:188} INFO - [2026-08-20T14:53:28.777+0000] {dag.py:3834} INFO - Setting next_dagrun for pipeline_vertex_etl to 2026-08-20 00:00:00+00:00, run_after=2026-08-21 00:00:00+00:00
[2026-08-20T14:53:28.802+0000] {processor.py:183} INFO - Processing /opt/airflow/dags/dag_vertex_pipeline.py took 0.608 seconds
[2026-08-20T14:53:59.570+0000] {processor.py:161} INFO - Started process (PID=2650) to work on /opt/airflow/dags/dag_vertex_pipeline.py
[2026-08-20T14:53:59.572+0000] {processor.py:830} INFO - Processing file /opt/airflow/dags/dag_vertex_pipeline.py for tasks to queue
[2026-08-20T14:53:59.575+0000] {logging_mixin.py:188} INFO - [2026-08-20T14:53:59.575+0000] {dagbag.py:540} INFO - Filling up the DagBag from /opt/airflow/dags/dag_vertex_pipeline.py
[2026-08-20T14:54:00.038+0000] {processor.py:840} INFO - DAG(s) 'pipeline_vertex_etl' retrieved from /opt/airflow/dags/dag_vertex_pipeline.py
[2026-08-20T14:54:00.058+0000] {logging_mixin.py:188} INFO - [2026-08-20T14:54:00.057+0000] {dag.py:3047} INFO - Sync 1 DAGs
[2026-08-20T14:54:00.080+0000] {logging_mixin.py:188} INFO - [2026-08-20T14:54:00.080+0000] {dag.py:3834} INFO - Setting next_dagrun for pipeline_vertex_etl to 2026-08-20 00:00:00+00:00, run_after=2026-08-21 00:00:00+00:00
[2026-08-20T14:54:00.101+0000] {processor.py:183} INFO - Processing /opt/airflow/dags/dag_vertex_pipeline.py took 0.535 seconds
[2026-08-20T14:54:30.418+0000] {processor.py:161} INFO - Started process (PID=2707) to work on /opt/airflow/dags/dag_vertex_pipeline.py
[2026-08-20T14:54:30.421+0000] {processor.py:830} INFO - Processing file /opt/airflow/dags/dag_vertex_pipeline.py for tasks to queue
[2026-08-20T14:54:30.425+0000] {logging_mixin.py:188} INFO - [2026-08-20T14:54:30.424+0000] {dagbag.py:540} INFO - Filling up the DagBag from /opt/airflow/dags/dag_vertex_pipeline.py
[2026-08-20T14:54:30.944+0000] {processor.py:840} INFO - DAG(s) 'pipeline_vertex_etl' retrieved from /opt/airflow/dags/dag_vertex_pipeline.py
[2026-08-20T14:54:30.966+0000] {logging_mixin.py:188} INFO - [2026-08-20T14:54:30.966+0000] {dag.py:3047} INFO - Sync 1 DAGs
[2026-08-20T14:54:30.989+0000] {logging_mixin.py:188} INFO - [2026-08-20T14:54:30.989+0000] {dag.py:3834} INFO - Setting next_dagrun for pipeline_vertex_etl to 2026-08-20 00:00:00+00:00, run_after=2026-08-21 00:00:00+00:00
[2026-08-20T14:54:31.016+0000] {processor.py:183} INFO - Processing /opt/airflow/dags/dag_vertex_pipeline.py took 0.605 seconds
[2026-08-20T14:55:01.454+0000] {processor.py:161} INFO - Started process (PID=2764) to work on /opt/airflow/dags/dag_vertex_pipeline.py
[2026-08-20T14:55:01.456+0000] {processor.py:830} INFO - Processing file /opt/airflow/dags/dag_vertex_pipeline.py for tasks to queue
[2026-08-20T14:55:01.459+0000] {logging_mixin.py:188} INFO - [2026-08-20T14:55:01.459+0000] {dagbag.py:540} INFO - Filling up the DagBag from /opt/airflow/dags/dag_vertex_pipeline.py
[2026-08-20T14:55:01.975+0000] {processor.py:840} INFO - DAG(s) 'pipeline_vertex_etl' retrieved from /opt/airflow/dags/dag_vertex_pipeline.py
[2026-08-20T14:55:01.996+0000] {logging_mixin.py:188} INFO - [2026-08-20T14:55:01.995+0000] {dag.py:3047} INFO - Sync 1 DAGs
[2026-08-20T14:55:02.036+0000] {logging_mixin.py:188} INFO - [2026-08-20T14:55:02.036+0000] {dag.py:3834} INFO - Setting next_dagrun for pipeline_vertex_etl to 2026-08-20 00:00:00+00:00, run_after=2026-08-21 00:00:00+00:00
[2026-08-20T14:55:02.061+0000] {processor.py:183} INFO - Processing /opt/airflow/dags/dag_vertex_pipeline.py took 0.614 seconds
[2026-08-20T14:55:32.656+0000] {processor.py:161} INFO - Started process (PID=2822) to work on /opt/airflow/dags/dag_vertex_pipeline.py
[2026-08-20T14:55:32.658+0000] {processor.py:830} INFO - Processing file /opt/airflow/dags/dag_vertex_pipeline.py for tasks to queue
[2026-08-20T14:55:32.661+0000] {logging_mixin.py:188} INFO - [2026-08-20T14:55:32.661+0000] {dagbag.py:540} INFO - Filling up the DagBag from /opt/airflow/dags/dag_vertex_pipeline.py
[2026-08-20T14:55:33.248+0000] {processor.py:840} INFO - DAG(s) 'pipeline_vertex_etl' retrieved from /opt/airflow/dags/dag_vertex_pipeline.py
[2026-08-20T14:55:33.267+0000] {logging_mixin.py:188} INFO - [2026-08-20T14:55:33.266+0000] {dag.py:3047} INFO - Sync 1 DAGs
[2026-08-20T14:55:33.291+0000] {logging_mixin.py:188} INFO - [2026-08-20T14:55:33.291+0000] {dag.py:3834} INFO - Setting next_dagrun for pipeline_vertex_etl to 2026-08-20 00:00:00+00:00, run_after=2026-08-21 00:00:00+00:00
[2026-08-20T14:55:33.314+0000] {processor.py:183} INFO - Processing /opt/airflow/dags/dag_vertex_pipeline.py took 0.663 seconds
[2026-08-20T14:56:03.394+0000] {processor.py:161} INFO - Started process (PID=2885) to work on /opt/airflow/dags/dag_vertex_pipeline.py
[2026-08-20T14:56:03.399+0000] {processor.py:830} INFO - Processing file /opt/airflow/dags/dag_vertex_pipeline.py for tasks to queue
[2026-08-20T14:56:03.404+0000] {logging_mixin.py:188} INFO - [2026-08-20T14:56:03.403+0000] {dagbag.py:540} INFO - Filling up the DagBag from /opt/airflow/dags/dag_vertex_pipeline.py
[2026-08-20T14:56:03.983+0000] {processor.py:840} INFO - DAG(s) 'pipeline_vertex_etl' retrieved from /opt/airflow/dags/dag_vertex_pipeline.py
[2026-08-20T14:56:04.019+0000] {logging_mixin.py:188} INFO - [2026-08-20T14:56:04.018+0000] {dag.py:3047} INFO - Sync 1 DAGs
[2026-08-20T14:56:04.054+0000] {logging_mixin.py:188} INFO - [2026-08-20T14:56:04.054+0000] {dag.py:3834} INFO - Setting next_dagrun for pipeline_vertex_etl to 2026-08-20 00:00:00+00:00, run_after=2026-08-21 00:00:00+00:00
[2026-08-20T14:56:04.099+0000] {processor.py:183} INFO - Processing /opt/airflow/dags/dag_vertex_pipeline.py took 0.712 seconds
[2026-08-20T14:56:34.826+0000] {processor.py:161} INFO - Started process (PID=2943) to work on /opt/airflow/dags/dag_vertex_pipeline.py
[2026-08-20T14:56:34.829+0000] {processor.py:830} INFO - Processing file /opt/airflow/dags/dag_vertex_pipeline.py for tasks to queue
[2026-08-20T14:56:34.832+0000] {logging_mixin.py:188} INFO - [2026-08-20T14:56:34.831+0000] {dagbag.py:540} INFO - Filling up the DagBag from /opt/airflow/dags/dag_vertex_pipeline.py
[2026-08-20T14:56:35.355+0000] {processor.py:840} INFO - DAG(s) 'pipeline_vertex_etl' retrieved from /opt/airflow/dags/dag_vertex_pipeline.py
[2026-08-20T14:56:35.374+0000] {logging_mixin.py:188} INFO - [2026-08-20T14:56:35.373+0000] {dag.py:3047} INFO - Sync 1 DAGs
[2026-08-20T14:56:35.397+0000] {logging_mixin.py:188} INFO - [2026-08-20T14:56:35.397+0000] {dag.py:3834} INFO - Setting next_dagrun for pipeline_vertex_etl to 2026-08-20 00:00:00+00:00, run_after=2026-08-21 00:00:00+00:00
[2026-08-20T14:56:35.419+0000] {processor.py:183} INFO - Processing /opt/airflow/dags/dag_vertex_pipeline.py took 0.596 seconds
[2026-08-20T14:57:06.291+0000] {processor.py:161} INFO - Started process (PID=3001) to work on /opt/airflow/dags/dag_vertex_pipeline.py
[2026-08-20T14:57:06.292+0000] {processor.py:830} INFO - Processing file /opt/airflow/dags/dag_vertex_pipeline.py for tasks to queue
[2026-08-20T14:57:06.298+0000] {logging_mixin.py:188} INFO - [2026-08-20T14:57:06.297+0000] {dagbag.py:540} INFO - Filling up the DagBag from /opt/airflow/dags/dag_vertex_pipeline.py
[2026-08-20T14:57:06.976+0000] {processor.py:840} INFO - DAG(s) 'pipeline_vertex_etl' retrieved from /opt/airflow/dags/dag_vertex_pipeline.py
[2026-08-20T14:57:07.003+0000] {logging_mixin.py:188} INFO - [2026-08-20T14:57:07.003+0000] {dag.py:3047} INFO - Sync 1 DAGs
[2026-08-20T14:57:07.025+0000] {logging_mixin.py:188} INFO - [2026-08-20T14:57:07.025+0000] {dag.py:3834} INFO - Setting next_dagrun for pipeline_vertex_etl to 2026-08-20 00:00:00+00:00, run_after=2026-08-21 00:00:00+00:00
[2026-08-20T14:57:07.051+0000] {processor.py:183} INFO - Processing /opt/airflow/dags/dag_vertex_pipeline.py took 0.765 seconds
[2026-08-20T14:57:37.153+0000] {processor.py:161} INFO - Started process (PID=3063) to work on /opt/airflow/dags/dag_vertex_pipeline.py
[2026-08-20T14:57:37.155+0000] {processor.py:830} INFO - Processing file /opt/airflow/dags/dag_vertex_pipeline.py for tasks to queue
[2026-08-20T14:57:37.157+0000] {logging_mixin.py:188} INFO - [2026-08-20T14:57:37.157+0000] {dagbag.py:540} INFO - Filling up the DagBag from /opt/airflow/dags/dag_vertex_pipeline.py
[2026-08-20T14:57:37.638+0000] {processor.py:840} INFO - DAG(s) 'pipeline_vertex_etl' retrieved from /opt/airflow/dags/dag_vertex_pipeline.py
[2026-08-20T14:57:37.664+0000] {logging_mixin.py:188} INFO - [2026-08-20T14:57:37.664+0000] {dag.py:3047} INFO - Sync 1 DAGs
[2026-08-20T14:57:37.688+0000] {logging_mixin.py:188} INFO - [2026-08-20T14:57:37.688+0000] {dag.py:3834} INFO - Setting next_dagrun for pipeline_vertex_etl to 2026-08-20 00:00:00+00:00, run_after=2026-08-21 00:00:00+00:00
[2026-08-20T14:57:37.714+0000] {processor.py:183} INFO - Processing /opt/airflow/dags/dag_vertex_pipeline.py took 0.565 seconds
[2026-08-20T14:58:08.714+0000] {processor.py:161} INFO - Started process (PID=3120) to work on /opt/airflow/dags/dag_vertex_pipeline.py
[2026-08-20T14:58:08.716+0000] {processor.py:830} INFO - Processing file /opt/airflow/dags/dag_vertex_pipeline.py for tasks to queue
[2026-08-20T14:58:08.719+0000] {logging_mixin.py:188} INFO - [2026-08-20T14:58:08.718+0000] {dagbag.py:540} INFO - Filling up the DagBag from /opt/airflow/dags/dag_vertex_pipeline.py
[2026-08-20T14:58:09.203+0000] {processor.py:840} INFO - DAG(s) 'pipeline_vertex_etl' retrieved from /opt/airflow/dags/dag_vertex_pipeline.py
[2026-08-20T14:58:09.225+0000] {logging_mixin.py:188} INFO - [2026-08-20T14:58:09.225+0000] {dag.py:3047} INFO - Sync 1 DAGs
[2026-08-20T14:58:09.251+0000] {logging_mixin.py:188} INFO - [2026-08-20T14:58:09.251+0000] {dag.py:3834} INFO - Setting next_dagrun for pipeline_vertex_etl to 2026-08-20 00:00:00+00:00, run_after=2026-08-21 00:00:00+00:00
[2026-08-20T14:58:09.273+0000] {processor.py:183} INFO - Processing /opt/airflow/dags/dag_vertex_pipeline.py took 0.564 seconds
[2026-08-20T14:58:40.147+0000] {processor.py:161} INFO - Started process (PID=3177) to work on /opt/airflow/dags/dag_vertex_pipeline.py
[2026-08-20T14:58:40.149+0000] {processor.py:830} INFO - Processing file /opt/airflow/dags/dag_vertex_pipeline.py for tasks to queue
[2026-08-20T14:58:40.153+0000] {logging_mixin.py:188} INFO - [2026-08-20T14:58:40.152+0000] {dagbag.py:540} INFO - Filling up the DagBag from /opt/airflow/dags/dag_vertex_pipeline.py
[2026-08-20T14:58:40.637+0000] {processor.py:840} INFO - DAG(s) 'pipeline_vertex_etl' retrieved from /opt/airflow/dags/dag_vertex_pipeline.py
[2026-08-20T14:58:40.656+0000] {logging_mixin.py:188} INFO - [2026-08-20T14:58:40.655+0000] {dag.py:3047} INFO - Sync 1 DAGs
[2026-08-20T14:58:40.677+0000] {logging_mixin.py:188} INFO - [2026-08-20T14:58:40.676+0000] {dag.py:3834} INFO - Setting next_dagrun for pipeline_vertex_etl to 2026-08-20 00:00:00+00:00, run_after=2026-08-21 00:00:00+00:00
[2026-08-20T14:58:40.703+0000] {processor.py:183} INFO - Processing /opt/airflow/dags/dag_vertex_pipeline.py took 0.561 seconds
[2026-08-20T14:59:11.541+0000] {processor.py:161} INFO - Started process (PID=3234) to work on /opt/airflow/dags/dag_vertex_pipeline.py
[2026-08-20T14:59:11.544+0000] {processor.py:830} INFO - Processing file /opt/airflow/dags/dag_vertex_pipeline.py for tasks to queue
[2026-08-20T14:59:11.547+0000] {logging_mixin.py:188} INFO - [2026-08-20T14:59:11.547+0000] {dagbag.py:540} INFO - Filling up the DagBag from /opt/airflow/dags/dag_vertex_pipeline.py
[2026-08-20T14:59:12.076+0000] {processor.py:840} INFO - DAG(s) 'pipeline_vertex_etl' retrieved from /opt/airflow/dags/dag_vertex_pipeline.py
[2026-08-20T14:59:12.100+0000] {logging_mixin.py:188} INFO - [2026-08-20T14:59:12.100+0000] {dag.py:3047} INFO - Sync 1 DAGs
[2026-08-20T14:59:12.128+0000] {logging_mixin.py:188} INFO - [2026-08-20T14:59:12.127+0000] {dag.py:3834} INFO - Setting next_dagrun for pipeline_vertex_etl to 2026-08-20 00:00:00+00:00, run_after=2026-08-21 00:00:00+00:00
[2026-08-20T14:59:12.155+0000] {processor.py:183} INFO - Processing /opt/airflow/dags/dag_vertex_pipeline.py took 0.619 seconds
[2026-08-20T14:59:42.534+0000] {processor.py:161} INFO - Started process (PID=3291) to work on /opt/airflow/dags/dag_vertex_pipeline.py
[2026-08-20T14:59:42.536+0000] {processor.py:830} INFO - Processing file /opt/airflow/dags/dag_vertex_pipeline.py for tasks to queue
[2026-08-20T14:59:42.540+0000] {logging_mixin.py:188} INFO - [2026-08-20T14:59:42.540+0000] {dagbag.py:540} INFO - Filling up the DagBag from /opt/airflow/dags/dag_vertex_pipeline.py
[2026-08-20T14:59:43.041+0000] {processor.py:840} INFO - DAG(s) 'pipeline_vertex_etl' retrieved from /opt/airflow/dags/dag_vertex_pipeline.py
[2026-08-20T14:59:43.062+0000] {logging_mixin.py:188} INFO - [2026-08-20T14:59:43.061+0000] {dag.py:3047} INFO - Sync 1 DAGs
[2026-08-20T14:59:43.086+0000] {logging_mixin.py:188} INFO - [2026-08-20T14:59:43.086+0000] {dag.py:3834} INFO - Setting next_dagrun for pipeline_vertex_etl to 2026-08-20 00:00:00+00:00, run_after=2026-08-21 00:00:00+00:00
[2026-08-20T14:59:43.109+0000] {processor.py:183} INFO - Processing /opt/airflow/dags/dag_vertex_pipeline.py took 0.579 seconds
[2026-08-20T15:00:13.177+0000] {processor.py:161} INFO - Started process (PID=3348) to work on /opt/airflow/dags/dag_vertex_pipeline.py
[2026-08-20T15:00:13.180+0000] {processor.py:830} INFO - Processing file /opt/airflow/dags/dag_vertex_pipeline.py for tasks to queue
[2026-08-20T15:00:13.183+0000] {logging_mixin.py:188} INFO - [2026-08-20T15:00:13.183+0000] {dagbag.py:540} INFO - Filling up the DagBag from /opt/airflow/dags/dag_vertex_pipeline.py
[2026-08-20T15:00:13.676+0000] {processor.py:840} INFO - DAG(s) 'pipeline_vertex_etl' retrieved from /opt/airflow/dags/dag_vertex_pipeline.py
[2026-08-20T15:00:13.698+0000] {logging_mixin.py:188} INFO - [2026-08-20T15:00:13.697+0000] {dag.py:3047} INFO - Sync 1 DAGs
[2026-08-20T15:00:13.723+0000] {logging_mixin.py:188} INFO - [2026-08-20T15:00:13.722+0000] {dag.py:3834} INFO - Setting next_dagrun for pipeline_vertex_etl to 2026-08-20 00:00:00+00:00, run_after=2026-08-21 00:00:00+00:00
[2026-08-20T15:00:13.748+0000] {processor.py:183} INFO - Processing /opt/airflow/dags/dag_vertex_pipeline.py took 0.575 seconds
[2026-08-20T15:00:44.379+0000] {processor.py:161} INFO - Started process (PID=3405) to work on /opt/airflow/dags/dag_vertex_pipeline.py
[2026-08-20T15:00:44.381+0000] {processor.py:830} INFO - Processing file /opt/airflow/dags/dag_vertex_pipeline.py for tasks to queue
[2026-08-20T15:00:44.385+0000] {logging_mixin.py:188} INFO - [2026-08-20T15:00:44.384+0000] {dagbag.py:540} INFO - Filling up the DagBag from /opt/airflow/dags/dag_vertex_pipeline.py
[2026-08-20T15:00:44.860+0000] {processor.py:840} INFO - DAG(s) 'pipeline_vertex_etl' retrieved from /opt/airflow/dags/dag_vertex_pipeline.py
[2026-08-20T15:00:44.937+0000] {logging_mixin.py:188} INFO - [2026-08-20T15:00:44.936+0000] {dag.py:3047} INFO - Sync 1 DAGs
[2026-08-20T15:00:44.990+0000] {logging_mixin.py:188} INFO - [2026-08-20T15:00:44.989+0000] {dag.py:3834} INFO - Setting next_dagrun for pipeline_vertex_etl to 2026-08-20 00:00:00+00:00, run_after=2026-08-21 00:00:00+00:00
[2026-08-20T15:00:45.012+0000] {processor.py:183} INFO - Processing /opt/airflow/dags/dag_vertex_pipeline.py took 0.637 seconds
[2026-08-20T15:01:15.760+0000] {processor.py:161} INFO - Started process (PID=3462) to work on /opt/airflow/dags/dag_vertex_pipeline.py
[2026-08-20T15:01:15.761+0000] {processor.py:830} INFO - Processing file /opt/airflow/dags/dag_vertex_pipeline.py for tasks to queue
[2026-08-20T15:01:15.764+0000] {logging_mixin.py:188} INFO - [2026-08-20T15:01:15.764+0000] {dagbag.py:540} INFO - Filling up the DagBag from /opt/airflow/dags/dag_vertex_pipeline.py
[2026-08-20T15:01:16.240+0000] {processor.py:840} INFO - DAG(s) 'pipeline_vertex_etl' retrieved from /opt/airflow/dags/dag_vertex_pipeline.py
[2026-08-20T15:01:16.260+0000] {logging_mixin.py:188} INFO - [2026-08-20T15:01:16.260+0000] {dag.py:3047} INFO - Sync 1 DAGs
[2026-08-20T15:01:16.282+0000] {logging_mixin.py:188} INFO - [2026-08-20T15:01:16.282+0000] {dag.py:3834} INFO - Setting next_dagrun for pipeline_vertex_etl to 2026-08-20 00:00:00+00:00, run_after=2026-08-21 00:00:00+00:00
[2026-08-20T15:01:16.305+0000] {processor.py:183} INFO - Processing /opt/airflow/dags/dag_vertex_pipeline.py took 0.550 seconds
[2026-08-20T15:01:47.227+0000] {processor.py:161} INFO - Started process (PID=3519) to work on /opt/airflow/dags/dag_vertex_pipeline.py
[2026-08-20T15:01:47.229+0000] {processor.py:830} INFO - Processing file /opt/airflow/dags/dag_vertex_pipeline.py for tasks to queue
[2026-08-20T15:01:47.232+0000] {logging_mixin.py:188} INFO - [2026-08-20T15:01:47.232+0000] {dagbag.py:540} INFO - Filling up the DagBag from /opt/airflow/dags/dag_vertex_pipeline.py
[2026-08-20T15:01:47.721+0000] {processor.py:840} INFO - DAG(s) 'pipeline_vertex_etl' retrieved from /opt/airflow/dags/dag_vertex_pipeline.py
[2026-08-20T15:01:47.743+0000] {logging_mixin.py:188} INFO - [2026-08-20T15:01:47.743+0000] {dag.py:3047} INFO - Sync 1 DAGs
[2026-08-20T15:01:47.767+0000] {logging_mixin.py:188} INFO - [2026-08-20T15:01:47.767+0000] {dag.py:3834} INFO - Setting next_dagrun for pipeline_vertex_etl to 2026-08-20 00:00:00+00:00, run_after=2026-08-21 00:00:00+00:00
[2026-08-20T15:01:47.790+0000] {processor.py:183} INFO - Processing /opt/airflow/dags/dag_vertex_pipeline.py took 0.567 seconds
[2026-08-20T15:02:18.779+0000] {processor.py:161} INFO - Started process (PID=3576) to work on /opt/airflow/dags/dag_vertex_pipeline.py
[2026-08-20T15:02:18.781+0000] {processor.py:830} INFO - Processing file /opt/airflow/dags/dag_vertex_pipeline.py for tasks to queue
[2026-08-20T15:02:18.784+0000] {logging_mixin.py:188} INFO - [2026-08-20T15:02:18.784+0000] {dagbag.py:540} INFO - Filling up the DagBag from /opt/airflow/dags/dag_vertex_pipeline.py
[2026-08-20T15:02:19.198+0000] {processor.py:840} INFO - DAG(s) 'pipeline_vertex_etl' retrieved from /opt/airflow/dags/dag_vertex_pipeline.py
[2026-08-20T15:02:19.223+0000] {logging_mixin.py:188} INFO - [2026-08-20T15:02:19.223+0000] {dag.py:3047} INFO - Sync 1 DAGs
[2026-08-20T15:02:19.248+0000] {logging_mixin.py:188} INFO - [2026-08-20T15:02:19.247+0000] {dag.py:3834} INFO - Setting next_dagrun for pipeline_vertex_etl to 2026-08-20 00:00:00+00:00, run_after=2026-08-21 00:00:00+00:00
[2026-08-20T15:02:19.272+0000] {processor.py:183} INFO - Processing /opt/airflow/dags/dag_vertex_pipeline.py took 0.496 seconds
[2026-08-20T15:02:49.814+0000] {processor.py:161} INFO - Started process (PID=3633) to work on /opt/airflow/dags/dag_vertex_pipeline.py
[2026-08-20T15:02:49.816+0000] {processor.py:830} INFO - Processing file /opt/airflow/dags/dag_vertex_pipeline.py for tasks to queue
[2026-08-20T15:02:49.821+0000] {logging_mixin.py:188} INFO - [2026-08-20T15:02:49.820+0000] {dagbag.py:540} INFO - Filling up the DagBag from /opt/airflow/dags/dag_vertex_pipeline.py
[2026-08-20T15:02:50.309+0000] {processor.py:840} INFO - DAG(s) 'pipeline_vertex_etl' retrieved from /opt/airflow/dags/dag_vertex_pipeline.py
[2026-08-20T15:02:50.328+0000] {logging_mixin.py:188} INFO - [2026-08-20T15:02:50.327+0000] {dag.py:3047} INFO - Sync 1 DAGs
[2026-08-20T15:02:50.349+0000] {logging_mixin.py:188} INFO - [2026-08-20T15:02:50.348+0000] {dag.py:3834} INFO - Setting next_dagrun for pipeline_vertex_etl to 2026-08-20 00:00:00+00:00, run_after=2026-08-21 00:00:00+00:00
[2026-08-20T15:02:50.374+0000] {processor.py:183} INFO - Processing /opt/airflow/dags/dag_vertex_pipeline.py took 0.564 seconds
[2026-08-20T15:03:20.626+0000] {processor.py:161} INFO - Started process (PID=3690) to work on /opt/airflow/dags/dag_vertex_pipeline.py
[2026-08-20T15:03:20.628+0000] {processor.py:830} INFO - Processing file /opt/airflow/dags/dag_vertex_pipeline.py for tasks to queue
[2026-08-20T15:03:20.631+0000] {logging_mixin.py:188} INFO - [2026-08-20T15:03:20.631+0000] {dagbag.py:540} INFO - Filling up the DagBag from /opt/airflow/dags/dag_vertex_pipeline.py
[2026-08-20T15:03:21.108+0000] {processor.py:840} INFO - DAG(s) 'pipeline_vertex_etl' retrieved from /opt/airflow/dags/dag_vertex_pipeline.py
[2026-08-20T15:03:21.129+0000] {logging_mixin.py:188} INFO - [2026-08-20T15:03:21.129+0000] {dag.py:3047} INFO - Sync 1 DAGs
[2026-08-20T15:03:21.154+0000] {logging_mixin.py:188} INFO - [2026-08-20T15:03:21.153+0000] {dag.py:3834} INFO - Setting next_dagrun for pipeline_vertex_etl to 2026-08-20 00:00:00+00:00, run_after=2026-08-21 00:00:00+00:00
[2026-08-20T15:03:21.174+0000] {processor.py:183} INFO - Processing /opt/airflow/dags/dag_vertex_pipeline.py took 0.552 seconds
[2026-08-20T15:03:51.373+0000] {processor.py:161} INFO - Started process (PID=3747) to work on /opt/airflow/dags/dag_vertex_pipeline.py
[2026-08-20T15:03:51.375+0000] {processor.py:830} INFO - Processing file /opt/airflow/dags/dag_vertex_pipeline.py for tasks to queue
[2026-08-20T15:03:51.378+0000] {logging_mixin.py:188} INFO - [2026-08-20T15:03:51.378+0000] {dagbag.py:540} INFO - Filling up the DagBag from /opt/airflow/dags/dag_vertex_pipeline.py
[2026-08-20T15:03:51.896+0000] {processor.py:840} INFO - DAG(s) 'pipeline_vertex_etl' retrieved from /opt/airflow/dags/dag_vertex_pipeline.py
[2026-08-20T15:03:51.917+0000] {logging_mixin.py:188} INFO - [2026-08-20T15:03:51.917+0000] {dag.py:3047} INFO - Sync 1 DAGs
[2026-08-20T15:03:51.938+0000] {logging_mixin.py:188} INFO - [2026-08-20T15:03:51.938+0000] {dag.py:3834} INFO - Setting next_dagrun for pipeline_vertex_etl to 2026-08-20 00:00:00+00:00, run_after=2026-08-21 00:00:00+00:00
[2026-08-20T15:03:51.959+0000] {processor.py:183} INFO - Processing /opt/airflow/dags/dag_vertex_pipeline.py took 0.589 seconds
[2026-08-20T15:04:22.900+0000] {processor.py:161} INFO - Started process (PID=3804) to work on /opt/airflow/dags/dag_vertex_pipeline.py
[2026-08-20T15:04:22.902+0000] {processor.py:830} INFO - Processing file /opt/airflow/dags/dag_vertex_pipeline.py for tasks to queue
[2026-08-20T15:04:22.905+0000] {logging_mixin.py:188} INFO - [2026-08-20T15:04:22.905+0000] {dagbag.py:540} INFO - Filling up the DagBag from /opt/airflow/dags/dag_vertex_pipeline.py
[2026-08-20T15:04:23.315+0000] {processor.py:840} INFO - DAG(s) 'pipeline_vertex_etl' retrieved from /opt/airflow/dags/dag_vertex_pipeline.py
[2026-08-20T15:04:23.334+0000] {logging_mixin.py:188} INFO - [2026-08-20T15:04:23.334+0000] {dag.py:3047} INFO - Sync 1 DAGs
[2026-08-20T15:04:23.355+0000] {logging_mixin.py:188} INFO - [2026-08-20T15:04:23.355+0000] {dag.py:3834} INFO - Setting next_dagrun for pipeline_vertex_etl to 2026-08-20 00:00:00+00:00, run_after=2026-08-21 00:00:00+00:00
[2026-08-20T15:04:23.378+0000] {processor.py:183} INFO - Processing /opt/airflow/dags/dag_vertex_pipeline.py took 0.481 seconds
[2026-08-20T15:04:54.342+0000] {processor.py:161} INFO - Started process (PID=3861) to work on /opt/airflow/dags/dag_vertex_pipeline.py
[2026-08-20T15:04:54.349+0000] {processor.py:830} INFO - Processing file /opt/airflow/dags/dag_vertex_pipeline.py for tasks to queue
[2026-08-20T15:04:54.353+0000] {logging_mixin.py:188} INFO - [2026-08-20T15:04:54.353+0000] {dagbag.py:540} INFO - Filling up the DagBag from /opt/airflow/dags/dag_vertex_pipeline.py
[2026-08-20T15:04:55.376+0000] {processor.py:840} INFO - DAG(s) 'pipeline_vertex_etl' retrieved from /opt/airflow/dags/dag_vertex_pipeline.py
[2026-08-20T15:04:55.398+0000] {logging_mixin.py:188} INFO - [2026-08-20T15:04:55.397+0000] {dag.py:3047} INFO - Sync 1 DAGs
[2026-08-20T15:04:55.419+0000] {logging_mixin.py:188} INFO - [2026-08-20T15:04:55.419+0000] {dag.py:3834} INFO - Setting next_dagrun for pipeline_vertex_etl to 2026-08-20 00:00:00+00:00, run_after=2026-08-21 00:00:00+00:00
[2026-08-20T15:04:55.441+0000] {processor.py:183} INFO - Processing /opt/airflow/dags/dag_vertex_pipeline.py took 1.104 seconds
[2026-08-20T15:05:25.860+0000] {processor.py:161} INFO - Started process (PID=3919) to work on /opt/airflow/dags/dag_vertex_pipeline.py
[2026-08-20T15:05:25.862+0000] {processor.py:830} INFO - Processing file /opt/airflow/dags/dag_vertex_pipeline.py for tasks to queue
[2026-08-20T15:05:25.866+0000] {logging_mixin.py:188} INFO - [2026-08-20T15:05:25.866+0000] {dagbag.py:540} INFO - Filling up the DagBag from /opt/airflow/dags/dag_vertex_pipeline.py
[2026-08-20T15:05:26.203+0000] {processor.py:840} INFO - DAG(s) 'pipeline_vertex_etl' retrieved from /opt/airflow/dags/dag_vertex_pipeline.py
[2026-08-20T15:05:26.225+0000] {logging_mixin.py:188} INFO - [2026-08-20T15:05:26.225+0000] {dag.py:3047} INFO - Sync 1 DAGs
[2026-08-20T15:05:26.253+0000] {logging_mixin.py:188} INFO - [2026-08-20T15:05:26.253+0000] {dag.py:3834} INFO - Setting next_dagrun for pipeline_vertex_etl to 2026-08-20 00:00:00+00:00, run_after=2026-08-21 00:00:00+00:00
[2026-08-20T15:05:26.279+0000] {processor.py:183} INFO - Processing /opt/airflow/dags/dag_vertex_pipeline.py took 0.424 seconds
[2026-08-20T15:05:57.163+0000] {processor.py:161} INFO - Started process (PID=3977) to work on /opt/airflow/dags/dag_vertex_pipeline.py
[2026-08-20T15:05:57.165+0000] {processor.py:830} INFO - Processing file /opt/airflow/dags/dag_vertex_pipeline.py for tasks to queue
[2026-08-20T15:05:57.169+0000] {logging_mixin.py:188} INFO - [2026-08-20T15:05:57.169+0000] {dagbag.py:540} INFO - Filling up the DagBag from /opt/airflow/dags/dag_vertex_pipeline.py
[2026-08-20T15:05:57.504+0000] {processor.py:840} INFO - DAG(s) 'pipeline_vertex_etl' retrieved from /opt/airflow/dags/dag_vertex_pipeline.py
[2026-08-20T15:05:57.526+0000] {logging_mixin.py:188} INFO - [2026-08-20T15:05:57.526+0000] {dag.py:3047} INFO - Sync 1 DAGs
[2026-08-20T15:05:57.548+0000] {logging_mixin.py:188} INFO - [2026-08-20T15:05:57.548+0000] {dag.py:3834} INFO - Setting next_dagrun for pipeline_vertex_etl to 2026-08-20 00:00:00+00:00, run_after=2026-08-21 00:00:00+00:00
[2026-08-20T15:05:57.570+0000] {processor.py:183} INFO - Processing /opt/airflow/dags/dag_vertex_pipeline.py took 0.415 seconds
[2026-08-20T15:06:28.449+0000] {processor.py:161} INFO - Started process (PID=4034) to work on /opt/airflow/dags/dag_vertex_pipeline.py
[2026-08-20T15:06:28.451+0000] {processor.py:830} INFO - Processing file /opt/airflow/dags/dag_vertex_pipeline.py for tasks to queue
[2026-08-20T15:06:28.455+0000] {logging_mixin.py:188} INFO - [2026-08-20T15:06:28.454+0000] {dagbag.py:540} INFO - Filling up the DagBag from /opt/airflow/dags/dag_vertex_pipeline.py
[2026-08-20T15:06:28.797+0000] {processor.py:840} INFO - DAG(s) 'pipeline_vertex_etl' retrieved from /opt/airflow/dags/dag_vertex_pipeline.py
[2026-08-20T15:06:28.821+0000] {logging_mixin.py:188} INFO - [2026-08-20T15:06:28.820+0000] {dag.py:3047} INFO - Sync 1 DAGs
[2026-08-20T15:06:28.846+0000] {logging_mixin.py:188} INFO - [2026-08-20T15:06:28.845+0000] {dag.py:3834} INFO - Setting next_dagrun for pipeline_vertex_etl to 2026-08-20 00:00:00+00:00, run_after=2026-08-21 00:00:00+00:00
[2026-08-20T15:06:28.869+0000] {processor.py:183} INFO - Processing /opt/airflow/dags/dag_vertex_pipeline.py took 0.429 seconds
[2026-08-20T15:06:59.049+0000] {processor.py:161} INFO - Started process (PID=4092) to work on /opt/airflow/dags/dag_vertex_pipeline.py
[2026-08-20T15:06:59.050+0000] {processor.py:830} INFO - Processing file /opt/airflow/dags/dag_vertex_pipeline.py for tasks to queue
[2026-08-20T15:06:59.053+0000] {logging_mixin.py:188} INFO - [2026-08-20T15:06:59.053+0000] {dagbag.py:540} INFO - Filling up the DagBag from /opt/airflow/dags/dag_vertex_pipeline.py
[2026-08-20T15:06:59.418+0000] {processor.py:840} INFO - DAG(s) 'pipeline_vertex_etl' retrieved from /opt/airflow/dags/dag_vertex_pipeline.py
[2026-08-20T15:06:59.441+0000] {logging_mixin.py:188} INFO - [2026-08-20T15:06:59.441+0000] {dag.py:3047} INFO - Sync 1 DAGs
[2026-08-20T15:06:59.468+0000] {logging_mixin.py:188} INFO - [2026-08-20T15:06:59.468+0000] {dag.py:3834} INFO - Setting next_dagrun for pipeline_vertex_etl to 2026-08-20 00:00:00+00:00, run_after=2026-08-21 00:00:00+00:00
[2026-08-20T15:06:59.501+0000] {processor.py:183} INFO - Processing /opt/airflow/dags/dag_vertex_pipeline.py took 0.456 seconds
[2026-08-20T15:07:29.936+0000] {processor.py:161} INFO - Started process (PID=4148) to work on /opt/airflow/dags/dag_vertex_pipeline.py
[2026-08-20T15:07:29.938+0000] {processor.py:830} INFO - Processing file /opt/airflow/dags/dag_vertex_pipeline.py for tasks to queue
[2026-08-20T15:07:29.941+0000] {logging_mixin.py:188} INFO - [2026-08-20T15:07:29.940+0000] {dagbag.py:540} INFO - Filling up the DagBag from /opt/airflow/dags/dag_vertex_pipeline.py
[2026-08-20T15:07:30.274+0000] {processor.py:840} INFO - DAG(s) 'pipeline_vertex_etl' retrieved from /opt/airflow/dags/dag_vertex_pipeline.py
[2026-08-20T15:07:30.295+0000] {logging_mixin.py:188} INFO - [2026-08-20T15:07:30.294+0000] {dag.py:3047} INFO - Sync 1 DAGs
[2026-08-20T15:07:30.319+0000] {logging_mixin.py:188} INFO - [2026-08-20T15:07:30.319+0000] {dag.py:3834} INFO - Setting next_dagrun for pipeline_vertex_etl to 2026-08-20 00:00:00+00:00, run_after=2026-08-21 00:00:00+00:00
[2026-08-20T15:07:30.341+0000] {processor.py:183} INFO - Processing /opt/airflow/dags/dag_vertex_pipeline.py took 0.410 seconds
[2026-08-20T15:08:01.173+0000] {processor.py:161} INFO - Started process (PID=4205) to work on /opt/airflow/dags/dag_vertex_pipeline.py
[2026-08-20T15:08:01.174+0000] {processor.py:830} INFO - Processing file /opt/airflow/dags/dag_vertex_pipeline.py for tasks to queue
[2026-08-20T15:08:01.178+0000] {logging_mixin.py:188} INFO - [2026-08-20T15:08:01.177+0000] {dagbag.py:540} INFO - Filling up the DagBag from /opt/airflow/dags/dag_vertex_pipeline.py
[2026-08-20T15:08:01.486+0000] {processor.py:840} INFO - DAG(s) 'pipeline_vertex_etl' retrieved from /opt/airflow/dags/dag_vertex_pipeline.py
[2026-08-20T15:08:01.507+0000] {logging_mixin.py:188} INFO - [2026-08-20T15:08:01.507+0000] {dag.py:3047} INFO - Sync 1 DAGs
[2026-08-20T15:08:01.530+0000] {logging_mixin.py:188} INFO - [2026-08-20T15:08:01.530+0000] {dag.py:3834} INFO - Setting next_dagrun for pipeline_vertex_etl to 2026-08-20 00:00:00+00:00, run_after=2026-08-21 00:00:00+00:00
[2026-08-20T15:08:01.552+0000] {processor.py:183} INFO - Processing /opt/airflow/dags/dag_vertex_pipeline.py took 0.384 seconds
[2026-08-20T15:08:31.775+0000] {processor.py:161} INFO - Started process (PID=4263) to work on /opt/airflow/dags/dag_vertex_pipeline.py
[2026-08-20T15:08:31.776+0000] {processor.py:830} INFO - Processing file /opt/airflow/dags/dag_vertex_pipeline.py for tasks to queue
[2026-08-20T15:08:31.779+0000] {logging_mixin.py:188} INFO - [2026-08-20T15:08:31.778+0000] {dagbag.py:540} INFO - Filling up the DagBag from /opt/airflow/dags/dag_vertex_pipeline.py
[2026-08-20T15:08:32.076+0000] {processor.py:840} INFO - DAG(s) 'pipeline_vertex_etl' retrieved from /opt/airflow/dags/dag_vertex_pipeline.py
[2026-08-20T15:08:32.099+0000] {logging_mixin.py:188} INFO - [2026-08-20T15:08:32.098+0000] {dag.py:3047} INFO - Sync 1 DAGs
[2026-08-20T15:08:32.125+0000] {logging_mixin.py:188} INFO - [2026-08-20T15:08:32.125+0000] {dag.py:3834} INFO - Setting next_dagrun for pipeline_vertex_etl to 2026-08-20 00:00:00+00:00, run_after=2026-08-21 00:00:00+00:00
[2026-08-20T15:08:32.151+0000] {processor.py:183} INFO - Processing /opt/airflow/dags/dag_vertex_pipeline.py took 0.381 seconds
[2026-08-20T15:09:02.924+0000] {processor.py:161} INFO - Started process (PID=4320) to work on /opt/airflow/dags/dag_vertex_pipeline.py
[2026-08-20T15:09:02.926+0000] {processor.py:830} INFO - Processing file /opt/airflow/dags/dag_vertex_pipeline.py for tasks to queue
[2026-08-20T15:09:02.929+0000] {logging_mixin.py:188} INFO - [2026-08-20T15:09:02.928+0000] {dagbag.py:540} INFO - Filling up the DagBag from /opt/airflow/dags/dag_vertex_pipeline.py
[2026-08-20T15:09:03.304+0000] {processor.py:840} INFO - DAG(s) 'pipeline_vertex_etl' retrieved from /opt/airflow/dags/dag_vertex_pipeline.py
[2026-08-20T15:09:03.333+0000] {logging_mixin.py:188} INFO - [2026-08-20T15:09:03.332+0000] {dag.py:3047} INFO - Sync 1 DAGs
[2026-08-20T15:09:03.365+0000] {logging_mixin.py:188} INFO - [2026-08-20T15:09:03.364+0000] {dag.py:3834} INFO - Setting next_dagrun for pipeline_vertex_etl to 2026-08-20 00:00:00+00:00, run_after=2026-08-21 00:00:00+00:00
[2026-08-20T15:09:03.391+0000] {processor.py:183} INFO - Processing /opt/airflow/dags/dag_vertex_pipeline.py took 0.471 seconds
[2026-08-20T15:09:33.551+0000] {processor.py:161} INFO - Started process (PID=4379) to work on /opt/airflow/dags/dag_vertex_pipeline.py
[2026-08-20T15:09:33.553+0000] {processor.py:830} INFO - Processing file /opt/airflow/dags/dag_vertex_pipeline.py for tasks to queue
[2026-08-20T15:09:33.556+0000] {logging_mixin.py:188} INFO - [2026-08-20T15:09:33.556+0000] {dagbag.py:540} INFO - Filling up the DagBag from /opt/airflow/dags/dag_vertex_pipeline.py
[2026-08-20T15:09:33.860+0000] {processor.py:840} INFO - DAG(s) 'pipeline_vertex_etl' retrieved from /opt/airflow/dags/dag_vertex_pipeline.py
[2026-08-20T15:09:33.882+0000] {logging_mixin.py:188} INFO - [2026-08-20T15:09:33.882+0000] {dag.py:3047} INFO - Sync 1 DAGs
[2026-08-20T15:09:33.906+0000] {logging_mixin.py:188} INFO - [2026-08-20T15:09:33.905+0000] {dag.py:3834} INFO - Setting next_dagrun for pipeline_vertex_etl to 2026-08-20 00:00:00+00:00, run_after=2026-08-21 00:00:00+00:00
[2026-08-20T15:09:33.928+0000] {processor.py:183} INFO - Processing /opt/airflow/dags/dag_vertex_pipeline.py took 0.382 seconds
[2026-08-20T15:10:04.736+0000] {processor.py:161} INFO - Started process (PID=4437) to work on /opt/airflow/dags/dag_vertex_pipeline.py
[2026-08-20T15:10:04.739+0000] {processor.py:830} INFO - Processing file /opt/airflow/dags/dag_vertex_pipeline.py for tasks to queue
[2026-08-20T15:10:04.744+0000] {logging_mixin.py:188} INFO - [2026-08-20T15:10:04.743+0000] {dagbag.py:540} INFO - Filling up the DagBag from /opt/airflow/dags/dag_vertex_pipeline.py
[2026-08-20T15:10:05.080+0000] {processor.py:840} INFO - DAG(s) 'pipeline_vertex_etl' retrieved from /opt/airflow/dags/dag_vertex_pipeline.py
[2026-08-20T15:10:05.115+0000] {logging_mixin.py:188} INFO - [2026-08-20T15:10:05.114+0000] {dag.py:3047} INFO - Sync 1 DAGs
[2026-08-20T15:10:05.193+0000] {logging_mixin.py:188} INFO - [2026-08-20T15:10:05.192+0000] {dag.py:3834} INFO - Setting next_dagrun for pipeline_vertex_etl to 2026-08-20 00:00:00+00:00, run_after=2026-08-21 00:00:00+00:00
[2026-08-20T15:10:05.219+0000] {processor.py:183} INFO - Processing /opt/airflow/dags/dag_vertex_pipeline.py took 0.490 seconds
[2026-08-20T15:10:35.748+0000] {processor.py:161} INFO - Started process (PID=4500) to work on /opt/airflow/dags/dag_vertex_pipeline.py
[2026-08-20T15:10:35.750+0000] {processor.py:830} INFO - Processing file /opt/airflow/dags/dag_vertex_pipeline.py for tasks to queue
[2026-08-20T15:10:35.755+0000] {logging_mixin.py:188} INFO - [2026-08-20T15:10:35.754+0000] {dagbag.py:540} INFO - Filling up the DagBag from /opt/airflow/dags/dag_vertex_pipeline.py
[2026-08-20T15:10:36.077+0000] {processor.py:840} INFO - DAG(s) 'pipeline_vertex_etl' retrieved from /opt/airflow/dags/dag_vertex_pipeline.py
[2026-08-20T15:10:36.099+0000] {logging_mixin.py:188} INFO - [2026-08-20T15:10:36.099+0000] {dag.py:3047} INFO - Sync 1 DAGs
[2026-08-20T15:10:36.124+0000] {logging_mixin.py:188} INFO - [2026-08-20T15:10:36.124+0000] {dag.py:3834} INFO - Setting next_dagrun for pipeline_vertex_etl to 2026-08-20 00:00:00+00:00, run_after=2026-08-21 00:00:00+00:00
[2026-08-20T15:10:36.145+0000] {processor.py:183} INFO - Processing /opt/airflow/dags/dag_vertex_pipeline.py took 0.402 seconds
[2026-08-20T15:11:06.252+0000] {processor.py:161} INFO - Started process (PID=4557) to work on /opt/airflow/dags/dag_vertex_pipeline.py
[2026-08-20T15:11:06.254+0000] {processor.py:830} INFO - Processing file /opt/airflow/dags/dag_vertex_pipeline.py for tasks to queue
[2026-08-20T15:11:06.259+0000] {logging_mixin.py:188} INFO - [2026-08-20T15:11:06.259+0000] {dagbag.py:540} INFO - Filling up the DagBag from /opt/airflow/dags/dag_vertex_pipeline.py
[2026-08-20T15:11:06.587+0000] {processor.py:840} INFO - DAG(s) 'pipeline_vertex_etl' retrieved from /opt/airflow/dags/dag_vertex_pipeline.py
[2026-08-20T15:11:06.608+0000] {logging_mixin.py:188} INFO - [2026-08-20T15:11:06.607+0000] {dag.py:3047} INFO - Sync 1 DAGs
[2026-08-20T15:11:06.632+0000] {logging_mixin.py:188} INFO - [2026-08-20T15:11:06.631+0000] {dag.py:3834} INFO - Setting next_dagrun for pipeline_vertex_etl to 2026-08-20 00:00:00+00:00, run_after=2026-08-21 00:00:00+00:00
[2026-08-20T15:11:06.653+0000] {processor.py:183} INFO - Processing /opt/airflow/dags/dag_vertex_pipeline.py took 0.406 seconds
[2026-08-20T15:11:36.749+0000] {processor.py:161} INFO - Started process (PID=4616) to work on /opt/airflow/dags/dag_vertex_pipeline.py
[2026-08-20T15:11:36.751+0000] {processor.py:830} INFO - Processing file /opt/airflow/dags/dag_vertex_pipeline.py for tasks to queue
[2026-08-20T15:11:36.754+0000] {logging_mixin.py:188} INFO - [2026-08-20T15:11:36.754+0000] {dagbag.py:540} INFO - Filling up the DagBag from /opt/airflow/dags/dag_vertex_pipeline.py
[2026-08-20T15:11:37.072+0000] {processor.py:840} INFO - DAG(s) 'pipeline_vertex_etl' retrieved from /opt/airflow/dags/dag_vertex_pipeline.py
[2026-08-20T15:11:37.095+0000] {logging_mixin.py:188} INFO - [2026-08-20T15:11:37.094+0000] {dag.py:3047} INFO - Sync 1 DAGs
[2026-08-20T15:11:37.120+0000] {logging_mixin.py:188} INFO - [2026-08-20T15:11:37.120+0000] {dag.py:3834} INFO - Setting next_dagrun for pipeline_vertex_etl to 2026-08-20 00:00:00+00:00, run_after=2026-08-21 00:00:00+00:00
[2026-08-20T15:11:37.148+0000] {processor.py:183} INFO - Processing /opt/airflow/dags/dag_vertex_pipeline.py took 0.402 seconds
[2026-08-20T15:12:07.912+0000] {processor.py:161} INFO - Started process (PID=4673) to work on /opt/airflow/dags/dag_vertex_pipeline.py
[2026-08-20T15:12:07.913+0000] {processor.py:830} INFO - Processing file /opt/airflow/dags/dag_vertex_pipeline.py for tasks to queue
[2026-08-20T15:12:07.916+0000] {logging_mixin.py:188} INFO - [2026-08-20T15:12:07.915+0000] {dagbag.py:540} INFO - Filling up the DagBag from /opt/airflow/dags/dag_vertex_pipeline.py
[2026-08-20T15:12:08.213+0000] {processor.py:840} INFO - DAG(s) 'pipeline_vertex_etl' retrieved from /opt/airflow/dags/dag_vertex_pipeline.py
[2026-08-20T15:12:08.236+0000] {logging_mixin.py:188} INFO - [2026-08-20T15:12:08.236+0000] {dag.py:3047} INFO - Sync 1 DAGs
[2026-08-20T15:12:08.259+0000] {logging_mixin.py:188} INFO - [2026-08-20T15:12:08.258+0000] {dag.py:3834} INFO - Setting next_dagrun for pipeline_vertex_etl to 2026-08-20 00:00:00+00:00, run_after=2026-08-21 00:00:00+00:00
[2026-08-20T15:12:08.280+0000] {processor.py:183} INFO - Processing /opt/airflow/dags/dag_vertex_pipeline.py took 0.372 seconds
[2026-08-20T15:12:39.291+0000] {processor.py:161} INFO - Started process (PID=4730) to work on /opt/airflow/dags/dag_vertex_pipeline.py
[2026-08-20T15:12:39.292+0000] {processor.py:830} INFO - Processing file /opt/airflow/dags/dag_vertex_pipeline.py for tasks to queue
[2026-08-20T15:12:39.295+0000] {logging_mixin.py:188} INFO - [2026-08-20T15:12:39.295+0000] {dagbag.py:540} INFO - Filling up the DagBag from /opt/airflow/dags/dag_vertex_pipeline.py
[2026-08-20T15:12:39.582+0000] {processor.py:840} INFO - DAG(s) 'pipeline_vertex_etl' retrieved from /opt/airflow/dags/dag_vertex_pipeline.py
[2026-08-20T15:12:39.610+0000] {logging_mixin.py:188} INFO - [2026-08-20T15:12:39.609+0000] {dag.py:3047} INFO - Sync 1 DAGs
[2026-08-20T15:12:39.634+0000] {logging_mixin.py:188} INFO - [2026-08-20T15:12:39.634+0000] {dag.py:3834} INFO - Setting next_dagrun for pipeline_vertex_etl to 2026-08-20 00:00:00+00:00, run_after=2026-08-21 00:00:00+00:00
[2026-08-20T15:12:39.655+0000] {processor.py:183} INFO - Processing /opt/airflow/dags/dag_vertex_pipeline.py took 0.367 seconds
[2026-08-20T15:13:09.731+0000] {processor.py:161} INFO - Started process (PID=4788) to work on /opt/airflow/dags/dag_vertex_pipeline.py
[2026-08-20T15:13:09.733+0000] {processor.py:830} INFO - Processing file /opt/airflow/dags/dag_vertex_pipeline.py for tasks to queue
[2026-08-20T15:13:09.736+0000] {logging_mixin.py:188} INFO - [2026-08-20T15:13:09.736+0000] {dagbag.py:540} INFO - Filling up the DagBag from /opt/airflow/dags/dag_vertex_pipeline.py
[2026-08-20T15:13:10.059+0000] {processor.py:840} INFO - DAG(s) 'pipeline_vertex_etl' retrieved from /opt/airflow/dags/dag_vertex_pipeline.py
[2026-08-20T15:13:10.082+0000] {logging_mixin.py:188} INFO - [2026-08-20T15:13:10.082+0000] {dag.py:3047} INFO - Sync 1 DAGs
[2026-08-20T15:13:10.113+0000] {logging_mixin.py:188} INFO - [2026-08-20T15:13:10.112+0000] {dag.py:3834} INFO - Setting next_dagrun for pipeline_vertex_etl to 2026-08-20 00:00:00+00:00, run_after=2026-08-21 00:00:00+00:00
[2026-08-20T15:13:10.209+0000] {processor.py:183} INFO - Processing /opt/airflow/dags/dag_vertex_pipeline.py took 0.482 seconds
[2026-08-20T15:13:40.495+0000] {processor.py:161} INFO - Started process (PID=4845) to work on /opt/airflow/dags/dag_vertex_pipeline.py
[2026-08-20T15:13:40.497+0000] {processor.py:830} INFO - Processing file /opt/airflow/dags/dag_vertex_pipeline.py for tasks to queue
[2026-08-20T15:13:40.499+0000] {logging_mixin.py:188} INFO - [2026-08-20T15:13:40.499+0000] {dagbag.py:540} INFO - Filling up the DagBag from /opt/airflow/dags/dag_vertex_pipeline.py
[2026-08-20T15:13:40.792+0000] {processor.py:840} INFO - DAG(s) 'pipeline_vertex_etl' retrieved from /opt/airflow/dags/dag_vertex_pipeline.py
[2026-08-20T15:13:40.814+0000] {logging_mixin.py:188} INFO - [2026-08-20T15:13:40.814+0000] {dag.py:3047} INFO - Sync 1 DAGs
[2026-08-20T15:13:40.837+0000] {logging_mixin.py:188} INFO - [2026-08-20T15:13:40.836+0000] {dag.py:3834} INFO - Setting next_dagrun for pipeline_vertex_etl to 2026-08-20 00:00:00+00:00, run_after=2026-08-21 00:00:00+00:00
[2026-08-20T15:13:40.857+0000] {processor.py:183} INFO - Processing /opt/airflow/dags/dag_vertex_pipeline.py took 0.365 seconds
[2026-08-20T15:14:10.929+0000] {processor.py:161} INFO - Started process (PID=4902) to work on /opt/airflow/dags/dag_vertex_pipeline.py
[2026-08-20T15:14:10.931+0000] {processor.py:830} INFO - Processing file /opt/airflow/dags/dag_vertex_pipeline.py for tasks to queue
[2026-08-20T15:14:10.933+0000] {logging_mixin.py:188} INFO - [2026-08-20T15:14:10.933+0000] {dagbag.py:540} INFO - Filling up the DagBag from /opt/airflow/dags/dag_vertex_pipeline.py
[2026-08-20T15:14:11.243+0000] {processor.py:840} INFO - DAG(s) 'pipeline_vertex_etl' retrieved from /opt/airflow/dags/dag_vertex_pipeline.py
[2026-08-20T15:14:11.266+0000] {logging_mixin.py:188} INFO - [2026-08-20T15:14:11.265+0000] {dag.py:3047} INFO - Sync 1 DAGs
[2026-08-20T15:14:11.289+0000] {logging_mixin.py:188} INFO - [2026-08-20T15:14:11.288+0000] {dag.py:3834} INFO - Setting next_dagrun for pipeline_vertex_etl to 2026-08-20 00:00:00+00:00, run_after=2026-08-21 00:00:00+00:00
[2026-08-20T15:14:11.311+0000] {processor.py:183} INFO - Processing /opt/airflow/dags/dag_vertex_pipeline.py took 0.386 seconds
[2026-08-20T15:14:42.298+0000] {processor.py:161} INFO - Started process (PID=4959) to work on /opt/airflow/dags/dag_vertex_pipeline.py
[2026-08-20T15:14:42.300+0000] {processor.py:830} INFO - Processing file /opt/airflow/dags/dag_vertex_pipeline.py for tasks to queue
[2026-08-20T15:14:42.304+0000] {logging_mixin.py:188} INFO - [2026-08-20T15:14:42.303+0000] {dagbag.py:540} INFO - Filling up the DagBag from /opt/airflow/dags/dag_vertex_pipeline.py
[2026-08-20T15:14:42.656+0000] {processor.py:840} INFO - DAG(s) 'pipeline_vertex_etl' retrieved from /opt/airflow/dags/dag_vertex_pipeline.py
[2026-08-20T15:14:42.679+0000] {logging_mixin.py:188} INFO - [2026-08-20T15:14:42.679+0000] {dag.py:3047} INFO - Sync 1 DAGs
[2026-08-20T15:14:42.704+0000] {logging_mixin.py:188} INFO - [2026-08-20T15:14:42.704+0000] {dag.py:3834} INFO - Setting next_dagrun for pipeline_vertex_etl to 2026-08-20 00:00:00+00:00, run_after=2026-08-21 00:00:00+00:00
[2026-08-20T15:14:42.730+0000] {processor.py:183} INFO - Processing /opt/airflow/dags/dag_vertex_pipeline.py took 0.438 seconds
[2026-08-20T15:15:12.830+0000] {processor.py:161} INFO - Started process (PID=5016) to work on /opt/airflow/dags/dag_vertex_pipeline.py
[2026-08-20T15:15:12.831+0000] {processor.py:830} INFO - Processing file /opt/airflow/dags/dag_vertex_pipeline.py for tasks to queue
[2026-08-20T15:15:12.834+0000] {logging_mixin.py:188} INFO - [2026-08-20T15:15:12.834+0000] {dagbag.py:540} INFO - Filling up the DagBag from /opt/airflow/dags/dag_vertex_pipeline.py
[2026-08-20T15:15:13.167+0000] {processor.py:840} INFO - DAG(s) 'pipeline_vertex_etl' retrieved from /opt/airflow/dags/dag_vertex_pipeline.py
[2026-08-20T15:15:13.188+0000] {logging_mixin.py:188} INFO - [2026-08-20T15:15:13.188+0000] {dag.py:3047} INFO - Sync 1 DAGs
[2026-08-20T15:15:13.213+0000] {logging_mixin.py:188} INFO - [2026-08-20T15:15:13.213+0000] {dag.py:3834} INFO - Setting next_dagrun for pipeline_vertex_etl to 2026-08-20 00:00:00+00:00, run_after=2026-08-21 00:00:00+00:00
[2026-08-20T15:15:13.236+0000] {processor.py:183} INFO - Processing /opt/airflow/dags/dag_vertex_pipeline.py took 0.410 seconds
[2026-08-20T15:15:43.616+0000] {processor.py:161} INFO - Started process (PID=5073) to work on /opt/airflow/dags/dag_vertex_pipeline.py
[2026-08-20T15:15:43.619+0000] {processor.py:830} INFO - Processing file /opt/airflow/dags/dag_vertex_pipeline.py for tasks to queue
[2026-08-20T15:15:43.623+0000] {logging_mixin.py:188} INFO - [2026-08-20T15:15:43.623+0000] {dagbag.py:540} INFO - Filling up the DagBag from /opt/airflow/dags/dag_vertex_pipeline.py
[2026-08-20T15:15:43.980+0000] {processor.py:840} INFO - DAG(s) 'pipeline_vertex_etl' retrieved from /opt/airflow/dags/dag_vertex_pipeline.py
[2026-08-20T15:15:44.002+0000] {logging_mixin.py:188} INFO - [2026-08-20T15:15:44.001+0000] {dag.py:3047} INFO - Sync 1 DAGs
[2026-08-20T15:15:44.025+0000] {logging_mixin.py:188} INFO - [2026-08-20T15:15:44.025+0000] {dag.py:3834} INFO - Setting next_dagrun for pipeline_vertex_etl to 2026-08-20 00:00:00+00:00, run_after=2026-08-21 00:00:00+00:00
[2026-08-20T15:15:44.046+0000] {processor.py:183} INFO - Processing /opt/airflow/dags/dag_vertex_pipeline.py took 0.436 seconds
[2026-08-20T15:16:14.142+0000] {processor.py:161} INFO - Started process (PID=5130) to work on /opt/airflow/dags/dag_vertex_pipeline.py
[2026-08-20T15:16:14.145+0000] {processor.py:830} INFO - Processing file /opt/airflow/dags/dag_vertex_pipeline.py for tasks to queue
[2026-08-20T15:16:14.153+0000] {logging_mixin.py:188} INFO - [2026-08-20T15:16:14.151+0000] {dagbag.py:540} INFO - Filling up the DagBag from /opt/airflow/dags/dag_vertex_pipeline.py
[2026-08-20T15:16:14.552+0000] {processor.py:840} INFO - DAG(s) 'pipeline_vertex_etl' retrieved from /opt/airflow/dags/dag_vertex_pipeline.py
[2026-08-20T15:16:14.579+0000] {logging_mixin.py:188} INFO - [2026-08-20T15:16:14.578+0000] {dag.py:3047} INFO - Sync 1 DAGs
[2026-08-20T15:16:14.607+0000] {logging_mixin.py:188} INFO - [2026-08-20T15:16:14.607+0000] {dag.py:3834} INFO - Setting next_dagrun for pipeline_vertex_etl to 2026-08-20 00:00:00+00:00, run_after=2026-08-21 00:00:00+00:00
[2026-08-20T15:16:14.630+0000] {processor.py:183} INFO - Processing /opt/airflow/dags/dag_vertex_pipeline.py took 0.496 seconds
[2026-08-20T15:16:45.550+0000] {processor.py:161} INFO - Started process (PID=5189) to work on /opt/airflow/dags/dag_vertex_pipeline.py
[2026-08-20T15:16:45.552+0000] {processor.py:830} INFO - Processing file /opt/airflow/dags/dag_vertex_pipeline.py for tasks to queue
[2026-08-20T15:16:45.555+0000] {logging_mixin.py:188} INFO - [2026-08-20T15:16:45.555+0000] {dagbag.py:540} INFO - Filling up the DagBag from /opt/airflow/dags/dag_vertex_pipeline.py
[2026-08-20T15:16:45.932+0000] {processor.py:840} INFO - DAG(s) 'pipeline_vertex_etl' retrieved from /opt/airflow/dags/dag_vertex_pipeline.py
[2026-08-20T15:16:45.960+0000] {logging_mixin.py:188} INFO - [2026-08-20T15:16:45.960+0000] {dag.py:3047} INFO - Sync 1 DAGs
[2026-08-20T15:16:45.987+0000] {logging_mixin.py:188} INFO - [2026-08-20T15:16:45.987+0000] {dag.py:3834} INFO - Setting next_dagrun for pipeline_vertex_etl to 2026-08-20 00:00:00+00:00, run_after=2026-08-21 00:00:00+00:00
[2026-08-20T15:16:46.013+0000] {processor.py:183} INFO - Processing /opt/airflow/dags/dag_vertex_pipeline.py took 0.467 seconds
[2026-08-20T15:17:16.929+0000] {processor.py:161} INFO - Started process (PID=5246) to work on /opt/airflow/dags/dag_vertex_pipeline.py
[2026-08-20T15:17:16.930+0000] {processor.py:830} INFO - Processing file /opt/airflow/dags/dag_vertex_pipeline.py for tasks to queue
[2026-08-20T15:17:16.933+0000] {logging_mixin.py:188} INFO - [2026-08-20T15:17:16.932+0000] {dagbag.py:540} INFO - Filling up the DagBag from /opt/airflow/dags/dag_vertex_pipeline.py
[2026-08-20T15:17:17.227+0000] {processor.py:840} INFO - DAG(s) 'pipeline_vertex_etl' retrieved from /opt/airflow/dags/dag_vertex_pipeline.py
[2026-08-20T15:17:17.249+0000] {logging_mixin.py:188} INFO - [2026-08-20T15:17:17.249+0000] {dag.py:3047} INFO - Sync 1 DAGs
[2026-08-20T15:17:17.272+0000] {logging_mixin.py:188} INFO - [2026-08-20T15:17:17.272+0000] {dag.py:3834} INFO - Setting next_dagrun for pipeline_vertex_etl to 2026-08-20 00:00:00+00:00, run_after=2026-08-21 00:00:00+00:00
[2026-08-20T15:17:17.293+0000] {processor.py:183} INFO - Processing /opt/airflow/dags/dag_vertex_pipeline.py took 0.368 seconds
[2026-08-20T15:17:48.326+0000] {processor.py:161} INFO - Started process (PID=5303) to work on /opt/airflow/dags/dag_vertex_pipeline.py
[2026-08-20T15:17:48.329+0000] {processor.py:830} INFO - Processing file /opt/airflow/dags/dag_vertex_pipeline.py for tasks to queue
[2026-08-20T15:17:48.333+0000] {logging_mixin.py:188} INFO - [2026-08-20T15:17:48.332+0000] {dagbag.py:540} INFO - Filling up the DagBag from /opt/airflow/dags/dag_vertex_pipeline.py
[2026-08-20T15:17:48.695+0000] {processor.py:840} INFO - DAG(s) 'pipeline_vertex_etl' retrieved from /opt/airflow/dags/dag_vertex_pipeline.py
[2026-08-20T15:17:48.722+0000] {logging_mixin.py:188} INFO - [2026-08-20T15:17:48.721+0000] {dag.py:3047} INFO - Sync 1 DAGs
[2026-08-20T15:17:48.752+0000] {logging_mixin.py:188} INFO - [2026-08-20T15:17:48.752+0000] {dag.py:3834} INFO - Setting next_dagrun for pipeline_vertex_etl to 2026-08-20 00:00:00+00:00, run_after=2026-08-21 00:00:00+00:00
[2026-08-20T15:17:48.775+0000] {processor.py:183} INFO - Processing /opt/airflow/dags/dag_vertex_pipeline.py took 0.455 seconds
[2026-08-20T15:18:19.451+0000] {processor.py:161} INFO - Started process (PID=5360) to work on /opt/airflow/dags/dag_vertex_pipeline.py
[2026-08-20T15:18:19.453+0000] {processor.py:830} INFO - Processing file /opt/airflow/dags/dag_vertex_pipeline.py for tasks to queue
[2026-08-20T15:18:19.456+0000] {logging_mixin.py:188} INFO - [2026-08-20T15:18:19.456+0000] {dagbag.py:540} INFO - Filling up the DagBag from /opt/airflow/dags/dag_vertex_pipeline.py
[2026-08-20T15:18:19.778+0000] {processor.py:840} INFO - DAG(s) 'pipeline_vertex_etl' retrieved from /opt/airflow/dags/dag_vertex_pipeline.py
[2026-08-20T15:18:19.801+0000] {logging_mixin.py:188} INFO - [2026-08-20T15:18:19.800+0000] {dag.py:3047} INFO - Sync 1 DAGs
[2026-08-20T15:18:19.830+0000] {logging_mixin.py:188} INFO - [2026-08-20T15:18:19.829+0000] {dag.py:3834} INFO - Setting next_dagrun for pipeline_vertex_etl to 2026-08-20 00:00:00+00:00, run_after=2026-08-21 00:00:00+00:00
[2026-08-20T15:18:19.853+0000] {processor.py:183} INFO - Processing /opt/airflow/dags/dag_vertex_pipeline.py took 0.408 seconds
[2026-08-20T15:18:50.018+0000] {processor.py:161} INFO - Started process (PID=5417) to work on /opt/airflow/dags/dag_vertex_pipeline.py
[2026-08-20T15:18:50.020+0000] {processor.py:830} INFO - Processing file /opt/airflow/dags/dag_vertex_pipeline.py for tasks to queue
[2026-08-20T15:18:50.023+0000] {logging_mixin.py:188} INFO - [2026-08-20T15:18:50.022+0000] {dagbag.py:540} INFO - Filling up the DagBag from /opt/airflow/dags/dag_vertex_pipeline.py
[2026-08-20T15:18:50.358+0000] {processor.py:840} INFO - DAG(s) 'pipeline_vertex_etl' retrieved from /opt/airflow/dags/dag_vertex_pipeline.py
[2026-08-20T15:18:50.385+0000] {logging_mixin.py:188} INFO - [2026-08-20T15:18:50.385+0000] {dag.py:3047} INFO - Sync 1 DAGs
[2026-08-20T15:18:50.421+0000] {logging_mixin.py:188} INFO - [2026-08-20T15:18:50.420+0000] {dag.py:3834} INFO - Setting next_dagrun for pipeline_vertex_etl to 2026-08-20 00:00:00+00:00, run_after=2026-08-21 00:00:00+00:00
[2026-08-20T15:18:50.450+0000] {processor.py:183} INFO - Processing /opt/airflow/dags/dag_vertex_pipeline.py took 0.439 seconds
[2026-08-20T15:19:20.676+0000] {processor.py:161} INFO - Started process (PID=5474) to work on /opt/airflow/dags/dag_vertex_pipeline.py
[2026-08-20T15:19:20.681+0000] {processor.py:830} INFO - Processing file /opt/airflow/dags/dag_vertex_pipeline.py for tasks to queue
[2026-08-20T15:19:20.686+0000] {logging_mixin.py:188} INFO - [2026-08-20T15:19:20.685+0000] {dagbag.py:540} INFO - Filling up the DagBag from /opt/airflow/dags/dag_vertex_pipeline.py
[2026-08-20T15:19:21.126+0000] {processor.py:840} INFO - DAG(s) 'pipeline_vertex_etl' retrieved from /opt/airflow/dags/dag_vertex_pipeline.py
[2026-08-20T15:19:21.155+0000] {logging_mixin.py:188} INFO - [2026-08-20T15:19:21.154+0000] {dag.py:3047} INFO - Sync 1 DAGs
[2026-08-20T15:19:21.191+0000] {logging_mixin.py:188} INFO - [2026-08-20T15:19:21.191+0000] {dag.py:3834} INFO - Setting next_dagrun for pipeline_vertex_etl to 2026-08-20 00:00:00+00:00, run_after=2026-08-21 00:00:00+00:00
[2026-08-20T15:19:21.221+0000] {processor.py:183} INFO - Processing /opt/airflow/dags/dag_vertex_pipeline.py took 0.553 seconds
[2026-08-20T15:19:51.280+0000] {processor.py:161} INFO - Started process (PID=5533) to work on /opt/airflow/dags/dag_vertex_pipeline.py
[2026-08-20T15:19:51.281+0000] {processor.py:830} INFO - Processing file /opt/airflow/dags/dag_vertex_pipeline.py for tasks to queue
[2026-08-20T15:19:51.284+0000] {logging_mixin.py:188} INFO - [2026-08-20T15:19:51.283+0000] {dagbag.py:540} INFO - Filling up the DagBag from /opt/airflow/dags/dag_vertex_pipeline.py
[2026-08-20T15:19:51.602+0000] {processor.py:840} INFO - DAG(s) 'pipeline_vertex_etl' retrieved from /opt/airflow/dags/dag_vertex_pipeline.py
[2026-08-20T15:19:51.626+0000] {logging_mixin.py:188} INFO - [2026-08-20T15:19:51.624+0000] {dag.py:3047} INFO - Sync 1 DAGs
[2026-08-20T15:19:51.651+0000] {logging_mixin.py:188} INFO - [2026-08-20T15:19:51.651+0000] {dag.py:3834} INFO - Setting next_dagrun for pipeline_vertex_etl to 2026-08-20 00:00:00+00:00, run_after=2026-08-21 00:00:00+00:00
[2026-08-20T15:19:51.675+0000] {processor.py:183} INFO - Processing /opt/airflow/dags/dag_vertex_pipeline.py took 0.399 seconds
[2026-08-20T15:20:21.734+0000] {processor.py:161} INFO - Started process (PID=5592) to work on /opt/airflow/dags/dag_vertex_pipeline.py
[2026-08-20T15:20:21.735+0000] {processor.py:830} INFO - Processing file /opt/airflow/dags/dag_vertex_pipeline.py for tasks to queue
[2026-08-20T15:20:21.738+0000] {logging_mixin.py:188} INFO - [2026-08-20T15:20:21.737+0000] {dagbag.py:540} INFO - Filling up the DagBag from /opt/airflow/dags/dag_vertex_pipeline.py
[2026-08-20T15:20:22.119+0000] {processor.py:840} INFO - DAG(s) 'pipeline_vertex_etl' retrieved from /opt/airflow/dags/dag_vertex_pipeline.py
[2026-08-20T15:20:22.143+0000] {logging_mixin.py:188} INFO - [2026-08-20T15:20:22.142+0000] {dag.py:3047} INFO - Sync 1 DAGs
[2026-08-20T15:20:22.169+0000] {logging_mixin.py:188} INFO - [2026-08-20T15:20:22.169+0000] {dag.py:3834} INFO - Setting next_dagrun for pipeline_vertex_etl to 2026-08-20 00:00:00+00:00, run_after=2026-08-21 00:00:00+00:00
[2026-08-20T15:20:22.193+0000] {processor.py:183} INFO - Processing /opt/airflow/dags/dag_vertex_pipeline.py took 0.464 seconds
[2026-08-20T15:20:52.254+0000] {processor.py:161} INFO - Started process (PID=5652) to work on /opt/airflow/dags/dag_vertex_pipeline.py
[2026-08-20T15:20:52.256+0000] {processor.py:830} INFO - Processing file /opt/airflow/dags/dag_vertex_pipeline.py for tasks to queue
[2026-08-20T15:20:52.259+0000] {logging_mixin.py:188} INFO - [2026-08-20T15:20:52.258+0000] {dagbag.py:540} INFO - Filling up the DagBag from /opt/airflow/dags/dag_vertex_pipeline.py
[2026-08-20T15:20:52.600+0000] {processor.py:840} INFO - DAG(s) 'pipeline_vertex_etl' retrieved from /opt/airflow/dags/dag_vertex_pipeline.py
[2026-08-20T15:20:52.623+0000] {logging_mixin.py:188} INFO - [2026-08-20T15:20:52.623+0000] {dag.py:3047} INFO - Sync 1 DAGs
[2026-08-20T15:20:52.651+0000] {logging_mixin.py:188} INFO - [2026-08-20T15:20:52.650+0000] {dag.py:3834} INFO - Setting next_dagrun for pipeline_vertex_etl to 2026-08-20 00:00:00+00:00, run_after=2026-08-21 00:00:00+00:00
[2026-08-20T15:20:52.680+0000] {processor.py:183} INFO - Processing /opt/airflow/dags/dag_vertex_pipeline.py took 0.430 seconds
[2026-08-20T15:21:23.262+0000] {processor.py:161} INFO - Started process (PID=5710) to work on /opt/airflow/dags/dag_vertex_pipeline.py
[2026-08-20T15:21:23.263+0000] {processor.py:830} INFO - Processing file /opt/airflow/dags/dag_vertex_pipeline.py for tasks to queue
[2026-08-20T15:21:23.266+0000] {logging_mixin.py:188} INFO - [2026-08-20T15:21:23.265+0000] {dagbag.py:540} INFO - Filling up the DagBag from /opt/airflow/dags/dag_vertex_pipeline.py
[2026-08-20T15:21:23.604+0000] {processor.py:840} INFO - DAG(s) 'pipeline_vertex_etl' retrieved from /opt/airflow/dags/dag_vertex_pipeline.py
[2026-08-20T15:21:23.629+0000] {logging_mixin.py:188} INFO - [2026-08-20T15:21:23.628+0000] {dag.py:3047} INFO - Sync 1 DAGs
[2026-08-20T15:21:23.660+0000] {logging_mixin.py:188} INFO - [2026-08-20T15:21:23.660+0000] {dag.py:3834} INFO - Setting next_dagrun for pipeline_vertex_etl to 2026-08-20 00:00:00+00:00, run_after=2026-08-21 00:00:00+00:00
[2026-08-20T15:21:23.685+0000] {processor.py:183} INFO - Processing /opt/airflow/dags/dag_vertex_pipeline.py took 0.427 seconds
[2026-08-20T15:21:54.520+0000] {processor.py:161} INFO - Started process (PID=5768) to work on /opt/airflow/dags/dag_vertex_pipeline.py
[2026-08-20T15:21:54.522+0000] {processor.py:830} INFO - Processing file /opt/airflow/dags/dag_vertex_pipeline.py for tasks to queue
[2026-08-20T15:21:54.525+0000] {logging_mixin.py:188} INFO - [2026-08-20T15:21:54.525+0000] {dagbag.py:540} INFO - Filling up the DagBag from /opt/airflow/dags/dag_vertex_pipeline.py
[2026-08-20T15:21:54.863+0000] {processor.py:840} INFO - DAG(s) 'pipeline_vertex_etl' retrieved from /opt/airflow/dags/dag_vertex_pipeline.py
[2026-08-20T15:21:54.886+0000] {logging_mixin.py:188} INFO - [2026-08-20T15:21:54.886+0000] {dag.py:3047} INFO - Sync 1 DAGs
[2026-08-20T15:21:54.915+0000] {logging_mixin.py:188} INFO - [2026-08-20T15:21:54.914+0000] {dag.py:3834} INFO - Setting next_dagrun for pipeline_vertex_etl to 2026-08-20 00:00:00+00:00, run_after=2026-08-21 00:00:00+00:00
[2026-08-20T15:21:54.939+0000] {processor.py:183} INFO - Processing /opt/airflow/dags/dag_vertex_pipeline.py took 0.425 seconds
[2026-08-20T15:22:25.115+0000] {processor.py:161} INFO - Started process (PID=5829) to work on /opt/airflow/dags/dag_vertex_pipeline.py
[2026-08-20T15:22:25.117+0000] {processor.py:830} INFO - Processing file /opt/airflow/dags/dag_vertex_pipeline.py for tasks to queue
[2026-08-20T15:22:25.120+0000] {logging_mixin.py:188} INFO - [2026-08-20T15:22:25.120+0000] {dagbag.py:540} INFO - Filling up the DagBag from /opt/airflow/dags/dag_vertex_pipeline.py
[2026-08-20T15:22:25.596+0000] {processor.py:840} INFO - DAG(s) 'pipeline_vertex_etl' retrieved from /opt/airflow/dags/dag_vertex_pipeline.py
[2026-08-20T15:22:25.618+0000] {logging_mixin.py:188} INFO - [2026-08-20T15:22:25.617+0000] {dag.py:3047} INFO - Sync 1 DAGs
[2026-08-20T15:22:25.644+0000] {logging_mixin.py:188} INFO - [2026-08-20T15:22:25.644+0000] {dag.py:3834} INFO - Setting next_dagrun for pipeline_vertex_etl to 2026-08-20 00:00:00+00:00, run_after=2026-08-21 00:00:00+00:00
[2026-08-20T15:22:25.664+0000] {processor.py:183} INFO - Processing /opt/airflow/dags/dag_vertex_pipeline.py took 0.553 seconds
[2026-08-20T15:22:55.739+0000] {processor.py:161} INFO - Started process (PID=5888) to work on /opt/airflow/dags/dag_vertex_pipeline.py
[2026-08-20T15:22:55.741+0000] {processor.py:830} INFO - Processing file /opt/airflow/dags/dag_vertex_pipeline.py for tasks to queue
[2026-08-20T15:22:55.743+0000] {logging_mixin.py:188} INFO - [2026-08-20T15:22:55.743+0000] {dagbag.py:540} INFO - Filling up the DagBag from /opt/airflow/dags/dag_vertex_pipeline.py
[2026-08-20T15:22:56.319+0000] {processor.py:840} INFO - DAG(s) 'pipeline_vertex_etl' retrieved from /opt/airflow/dags/dag_vertex_pipeline.py
[2026-08-20T15:22:56.341+0000] {logging_mixin.py:188} INFO - [2026-08-20T15:22:56.340+0000] {dag.py:3047} INFO - Sync 1 DAGs
[2026-08-20T15:22:56.363+0000] {logging_mixin.py:188} INFO - [2026-08-20T15:22:56.363+0000] {dag.py:3834} INFO - Setting next_dagrun for pipeline_vertex_etl to 2026-08-20 00:00:00+00:00, run_after=2026-08-21 00:00:00+00:00
[2026-08-20T15:22:56.388+0000] {processor.py:183} INFO - Processing /opt/airflow/dags/dag_vertex_pipeline.py took 0.652 seconds
[2026-08-20T15:23:26.798+0000] {processor.py:161} INFO - Started process (PID=5945) to work on /opt/airflow/dags/dag_vertex_pipeline.py
[2026-08-20T15:23:26.800+0000] {processor.py:830} INFO - Processing file /opt/airflow/dags/dag_vertex_pipeline.py for tasks to queue
[2026-08-20T15:23:26.802+0000] {logging_mixin.py:188} INFO - [2026-08-20T15:23:26.802+0000] {dagbag.py:540} INFO - Filling up the DagBag from /opt/airflow/dags/dag_vertex_pipeline.py
[2026-08-20T15:23:27.113+0000] {processor.py:840} INFO - DAG(s) 'pipeline_vertex_etl' retrieved from /opt/airflow/dags/dag_vertex_pipeline.py
[2026-08-20T15:23:27.135+0000] {logging_mixin.py:188} INFO - [2026-08-20T15:23:27.134+0000] {dag.py:3047} INFO - Sync 1 DAGs
[2026-08-20T15:23:27.157+0000] {logging_mixin.py:188} INFO - [2026-08-20T15:23:27.157+0000] {dag.py:3834} INFO - Setting next_dagrun for pipeline_vertex_etl to 2026-08-20 00:00:00+00:00, run_after=2026-08-21 00:00:00+00:00
[2026-08-20T15:23:27.178+0000] {processor.py:183} INFO - Processing /opt/airflow/dags/dag_vertex_pipeline.py took 0.383 seconds
[2026-08-20T15:23:57.346+0000] {processor.py:161} INFO - Started process (PID=6002) to work on /opt/airflow/dags/dag_vertex_pipeline.py
[2026-08-20T15:23:57.348+0000] {processor.py:830} INFO - Processing file /opt/airflow/dags/dag_vertex_pipeline.py for tasks to queue
[2026-08-20T15:23:57.350+0000] {logging_mixin.py:188} INFO - [2026-08-20T15:23:57.350+0000] {dagbag.py:540} INFO - Filling up the DagBag from /opt/airflow/dags/dag_vertex_pipeline.py
[2026-08-20T15:23:57.716+0000] {processor.py:840} INFO - DAG(s) 'pipeline_vertex_etl' retrieved from /opt/airflow/dags/dag_vertex_pipeline.py
[2026-08-20T15:23:57.740+0000] {logging_mixin.py:188} INFO - [2026-08-20T15:23:57.740+0000] {dag.py:3047} INFO - Sync 1 DAGs
[2026-08-20T15:23:57.764+0000] {logging_mixin.py:188} INFO - [2026-08-20T15:23:57.764+0000] {dag.py:3834} INFO - Setting next_dagrun for pipeline_vertex_etl to 2026-08-20 00:00:00+00:00, run_after=2026-08-21 00:00:00+00:00
[2026-08-20T15:23:57.788+0000] {processor.py:183} INFO - Processing /opt/airflow/dags/dag_vertex_pipeline.py took 0.447 seconds
[2026-08-20T15:24:27.997+0000] {processor.py:161} INFO - Started process (PID=6059) to work on /opt/airflow/dags/dag_vertex_pipeline.py
[2026-08-20T15:24:28.000+0000] {processor.py:830} INFO - Processing file /opt/airflow/dags/dag_vertex_pipeline.py for tasks to queue
[2026-08-20T15:24:28.003+0000] {logging_mixin.py:188} INFO - [2026-08-20T15:24:28.002+0000] {dagbag.py:540} INFO - Filling up the DagBag from /opt/airflow/dags/dag_vertex_pipeline.py
[2026-08-20T15:24:28.348+0000] {processor.py:840} INFO - DAG(s) 'pipeline_vertex_etl' retrieved from /opt/airflow/dags/dag_vertex_pipeline.py
[2026-08-20T15:24:28.369+0000] {logging_mixin.py:188} INFO - [2026-08-20T15:24:28.369+0000] {dag.py:3047} INFO - Sync 1 DAGs
[2026-08-20T15:24:28.393+0000] {logging_mixin.py:188} INFO - [2026-08-20T15:24:28.393+0000] {dag.py:3834} INFO - Setting next_dagrun for pipeline_vertex_etl to 2026-08-20 00:00:00+00:00, run_after=2026-08-21 00:00:00+00:00
[2026-08-20T15:24:28.415+0000] {processor.py:183} INFO - Processing /opt/airflow/dags/dag_vertex_pipeline.py took 0.423 seconds
[2026-08-20T15:24:59.327+0000] {processor.py:161} INFO - Started process (PID=6118) to work on /opt/airflow/dags/dag_vertex_pipeline.py
[2026-08-20T15:24:59.329+0000] {processor.py:830} INFO - Processing file /opt/airflow/dags/dag_vertex_pipeline.py for tasks to queue
[2026-08-20T15:24:59.332+0000] {logging_mixin.py:188} INFO - [2026-08-20T15:24:59.331+0000] {dagbag.py:540} INFO - Filling up the DagBag from /opt/airflow/dags/dag_vertex_pipeline.py
[2026-08-20T15:24:59.739+0000] {processor.py:840} INFO - DAG(s) 'pipeline_vertex_etl' retrieved from /opt/airflow/dags/dag_vertex_pipeline.py
[2026-08-20T15:24:59.766+0000] {logging_mixin.py:188} INFO - [2026-08-20T15:24:59.765+0000] {dag.py:3047} INFO - Sync 1 DAGs
[2026-08-20T15:24:59.800+0000] {logging_mixin.py:188} INFO - [2026-08-20T15:24:59.800+0000] {dag.py:3834} INFO - Setting next_dagrun for pipeline_vertex_etl to 2026-08-20 00:00:00+00:00, run_after=2026-08-21 00:00:00+00:00
[2026-08-20T15:24:59.825+0000] {processor.py:183} INFO - Processing /opt/airflow/dags/dag_vertex_pipeline.py took 0.502 seconds
[2026-08-20T15:25:30.020+0000] {processor.py:161} INFO - Started process (PID=6177) to work on /opt/airflow/dags/dag_vertex_pipeline.py
[2026-08-20T15:25:30.021+0000] {processor.py:830} INFO - Processing file /opt/airflow/dags/dag_vertex_pipeline.py for tasks to queue
[2026-08-20T15:25:30.024+0000] {logging_mixin.py:188} INFO - [2026-08-20T15:25:30.024+0000] {dagbag.py:540} INFO - Filling up the DagBag from /opt/airflow/dags/dag_vertex_pipeline.py
[2026-08-20T15:25:30.335+0000] {processor.py:840} INFO - DAG(s) 'pipeline_vertex_etl' retrieved from /opt/airflow/dags/dag_vertex_pipeline.py
[2026-08-20T15:25:30.360+0000] {logging_mixin.py:188} INFO - [2026-08-20T15:25:30.359+0000] {dag.py:3047} INFO - Sync 1 DAGs
[2026-08-20T15:25:30.388+0000] {logging_mixin.py:188} INFO - [2026-08-20T15:25:30.388+0000] {dag.py:3834} INFO - Setting next_dagrun for pipeline_vertex_etl to 2026-08-20 00:00:00+00:00, run_after=2026-08-21 00:00:00+00:00
[2026-08-20T15:25:30.411+0000] {processor.py:183} INFO - Processing /opt/airflow/dags/dag_vertex_pipeline.py took 0.398 seconds
[2026-08-20T15:26:00.531+0000] {processor.py:161} INFO - Started process (PID=6234) to work on /opt/airflow/dags/dag_vertex_pipeline.py
[2026-08-20T15:26:00.533+0000] {processor.py:830} INFO - Processing file /opt/airflow/dags/dag_vertex_pipeline.py for tasks to queue
[2026-08-20T15:26:00.536+0000] {logging_mixin.py:188} INFO - [2026-08-20T15:26:00.535+0000] {dagbag.py:540} INFO - Filling up the DagBag from /opt/airflow/dags/dag_vertex_pipeline.py
[2026-08-20T15:26:00.810+0000] {processor.py:840} INFO - DAG(s) 'pipeline_vertex_etl' retrieved from /opt/airflow/dags/dag_vertex_pipeline.py
[2026-08-20T15:26:00.832+0000] {logging_mixin.py:188} INFO - [2026-08-20T15:26:00.832+0000] {dag.py:3047} INFO - Sync 1 DAGs
[2026-08-20T15:26:00.856+0000] {logging_mixin.py:188} INFO - [2026-08-20T15:26:00.856+0000] {dag.py:3834} INFO - Setting next_dagrun for pipeline_vertex_etl to 2026-08-20 00:00:00+00:00, run_after=2026-08-21 00:00:00+00:00
[2026-08-20T15:26:00.876+0000] {processor.py:183} INFO - Processing /opt/airflow/dags/dag_vertex_pipeline.py took 0.349 seconds
[2026-08-20T15:26:31.012+0000] {processor.py:161} INFO - Started process (PID=6290) to work on /opt/airflow/dags/dag_vertex_pipeline.py
[2026-08-20T15:26:31.014+0000] {processor.py:830} INFO - Processing file /opt/airflow/dags/dag_vertex_pipeline.py for tasks to queue
[2026-08-20T15:26:31.018+0000] {logging_mixin.py:188} INFO - [2026-08-20T15:26:31.017+0000] {dagbag.py:540} INFO - Filling up the DagBag from /opt/airflow/dags/dag_vertex_pipeline.py
[2026-08-20T15:26:31.384+0000] {processor.py:840} INFO - DAG(s) 'pipeline_vertex_etl' retrieved from /opt/airflow/dags/dag_vertex_pipeline.py
[2026-08-20T15:26:31.406+0000] {logging_mixin.py:188} INFO - [2026-08-20T15:26:31.406+0000] {dag.py:3047} INFO - Sync 1 DAGs
[2026-08-20T15:26:31.435+0000] {logging_mixin.py:188} INFO - [2026-08-20T15:26:31.435+0000] {dag.py:3834} INFO - Setting next_dagrun for pipeline_vertex_etl to 2026-08-20 00:00:00+00:00, run_after=2026-08-21 00:00:00+00:00
[2026-08-20T15:26:31.456+0000] {processor.py:183} INFO - Processing /opt/airflow/dags/dag_vertex_pipeline.py took 0.449 seconds
[2026-08-20T15:27:01.527+0000] {processor.py:161} INFO - Started process (PID=6349) to work on /opt/airflow/dags/dag_vertex_pipeline.py
[2026-08-20T15:27:01.528+0000] {processor.py:830} INFO - Processing file /opt/airflow/dags/dag_vertex_pipeline.py for tasks to queue
[2026-08-20T15:27:01.531+0000] {logging_mixin.py:188} INFO - [2026-08-20T15:27:01.531+0000] {dagbag.py:540} INFO - Filling up the DagBag from /opt/airflow/dags/dag_vertex_pipeline.py
[2026-08-20T15:27:01.825+0000] {processor.py:840} INFO - DAG(s) 'pipeline_vertex_etl' retrieved from /opt/airflow/dags/dag_vertex_pipeline.py
[2026-08-20T15:27:01.846+0000] {logging_mixin.py:188} INFO - [2026-08-20T15:27:01.846+0000] {dag.py:3047} INFO - Sync 1 DAGs
[2026-08-20T15:27:01.872+0000] {logging_mixin.py:188} INFO - [2026-08-20T15:27:01.871+0000] {dag.py:3834} INFO - Setting next_dagrun for pipeline_vertex_etl to 2026-08-20 00:00:00+00:00, run_after=2026-08-21 00:00:00+00:00
[2026-08-20T15:27:01.892+0000] {processor.py:183} INFO - Processing /opt/airflow/dags/dag_vertex_pipeline.py took 0.370 seconds
[2026-08-20T15:27:32.148+0000] {processor.py:161} INFO - Started process (PID=6407) to work on /opt/airflow/dags/dag_vertex_pipeline.py
[2026-08-20T15:27:32.150+0000] {processor.py:830} INFO - Processing file /opt/airflow/dags/dag_vertex_pipeline.py for tasks to queue
[2026-08-20T15:27:32.155+0000] {logging_mixin.py:188} INFO - [2026-08-20T15:27:32.154+0000] {dagbag.py:540} INFO - Filling up the DagBag from /opt/airflow/dags/dag_vertex_pipeline.py
[2026-08-20T15:27:32.564+0000] {processor.py:840} INFO - DAG(s) 'pipeline_vertex_etl' retrieved from /opt/airflow/dags/dag_vertex_pipeline.py
[2026-08-20T15:27:32.596+0000] {logging_mixin.py:188} INFO - [2026-08-20T15:27:32.595+0000] {dag.py:3047} INFO - Sync 1 DAGs
[2026-08-20T15:27:32.628+0000] {logging_mixin.py:188} INFO - [2026-08-20T15:27:32.628+0000] {dag.py:3834} INFO - Setting next_dagrun for pipeline_vertex_etl to 2026-08-20 00:00:00+00:00, run_after=2026-08-21 00:00:00+00:00
[2026-08-20T15:27:32.685+0000] {processor.py:183} INFO - Processing /opt/airflow/dags/dag_vertex_pipeline.py took 0.542 seconds
[2026-08-20T15:28:03.448+0000] {processor.py:161} INFO - Started process (PID=6464) to work on /opt/airflow/dags/dag_vertex_pipeline.py
[2026-08-20T15:28:03.450+0000] {processor.py:830} INFO - Processing file /opt/airflow/dags/dag_vertex_pipeline.py for tasks to queue
[2026-08-20T15:28:03.453+0000] {logging_mixin.py:188} INFO - [2026-08-20T15:28:03.452+0000] {dagbag.py:540} INFO - Filling up the DagBag from /opt/airflow/dags/dag_vertex_pipeline.py
[2026-08-20T15:28:03.776+0000] {processor.py:840} INFO - DAG(s) 'pipeline_vertex_etl' retrieved from /opt/airflow/dags/dag_vertex_pipeline.py
[2026-08-20T15:28:03.800+0000] {logging_mixin.py:188} INFO - [2026-08-20T15:28:03.799+0000] {dag.py:3047} INFO - Sync 1 DAGs
[2026-08-20T15:28:03.825+0000] {logging_mixin.py:188} INFO - [2026-08-20T15:28:03.825+0000] {dag.py:3834} INFO - Setting next_dagrun for pipeline_vertex_etl to 2026-08-20 00:00:00+00:00, run_after=2026-08-21 00:00:00+00:00
[2026-08-20T15:28:03.850+0000] {processor.py:183} INFO - Processing /opt/airflow/dags/dag_vertex_pipeline.py took 0.407 seconds
[2026-08-20T15:28:33.973+0000] {processor.py:161} INFO - Started process (PID=6524) to work on /opt/airflow/dags/dag_vertex_pipeline.py
[2026-08-20T15:28:33.975+0000] {processor.py:830} INFO - Processing file /opt/airflow/dags/dag_vertex_pipeline.py for tasks to queue
[2026-08-20T15:28:33.977+0000] {logging_mixin.py:188} INFO - [2026-08-20T15:28:33.977+0000] {dagbag.py:540} INFO - Filling up the DagBag from /opt/airflow/dags/dag_vertex_pipeline.py
[2026-08-20T15:28:34.332+0000] {processor.py:840} INFO - DAG(s) 'pipeline_vertex_etl' retrieved from /opt/airflow/dags/dag_vertex_pipeline.py
[2026-08-20T15:28:34.357+0000] {logging_mixin.py:188} INFO - [2026-08-20T15:28:34.356+0000] {dag.py:3047} INFO - Sync 1 DAGs
[2026-08-20T15:28:34.383+0000] {logging_mixin.py:188} INFO - [2026-08-20T15:28:34.383+0000] {dag.py:3834} INFO - Setting next_dagrun for pipeline_vertex_etl to 2026-08-20 00:00:00+00:00, run_after=2026-08-21 00:00:00+00:00
[2026-08-20T15:28:34.409+0000] {processor.py:183} INFO - Processing /opt/airflow/dags/dag_vertex_pipeline.py took 0.441 seconds
[2026-08-20T15:29:05.303+0000] {processor.py:161} INFO - Started process (PID=6581) to work on /opt/airflow/dags/dag_vertex_pipeline.py
[2026-08-20T15:29:05.305+0000] {processor.py:830} INFO - Processing file /opt/airflow/dags/dag_vertex_pipeline.py for tasks to queue
[2026-08-20T15:29:05.308+0000] {logging_mixin.py:188} INFO - [2026-08-20T15:29:05.308+0000] {dagbag.py:540} INFO - Filling up the DagBag from /opt/airflow/dags/dag_vertex_pipeline.py
[2026-08-20T15:29:05.644+0000] {processor.py:840} INFO - DAG(s) 'pipeline_vertex_etl' retrieved from /opt/airflow/dags/dag_vertex_pipeline.py
[2026-08-20T15:29:05.672+0000] {logging_mixin.py:188} INFO - [2026-08-20T15:29:05.671+0000] {dag.py:3047} INFO - Sync 1 DAGs
[2026-08-20T15:29:05.720+0000] {logging_mixin.py:188} INFO - [2026-08-20T15:29:05.720+0000] {dag.py:3834} INFO - Setting next_dagrun for pipeline_vertex_etl to 2026-08-20 00:00:00+00:00, run_after=2026-08-21 00:00:00+00:00
[2026-08-20T15:29:05.757+0000] {processor.py:183} INFO - Processing /opt/airflow/dags/dag_vertex_pipeline.py took 0.459 seconds
[2026-08-20T15:29:35.998+0000] {processor.py:161} INFO - Started process (PID=6641) to work on /opt/airflow/dags/dag_vertex_pipeline.py
[2026-08-20T15:29:36.000+0000] {processor.py:830} INFO - Processing file /opt/airflow/dags/dag_vertex_pipeline.py for tasks to queue
[2026-08-20T15:29:36.003+0000] {logging_mixin.py:188} INFO - [2026-08-20T15:29:36.002+0000] {dagbag.py:540} INFO - Filling up the DagBag from /opt/airflow/dags/dag_vertex_pipeline.py
[2026-08-20T15:29:36.307+0000] {processor.py:840} INFO - DAG(s) 'pipeline_vertex_etl' retrieved from /opt/airflow/dags/dag_vertex_pipeline.py
[2026-08-20T15:29:36.328+0000] {logging_mixin.py:188} INFO - [2026-08-20T15:29:36.328+0000] {dag.py:3047} INFO - Sync 1 DAGs
[2026-08-20T15:29:36.352+0000] {logging_mixin.py:188} INFO - [2026-08-20T15:29:36.352+0000] {dag.py:3834} INFO - Setting next_dagrun for pipeline_vertex_etl to 2026-08-20 00:00:00+00:00, run_after=2026-08-21 00:00:00+00:00
[2026-08-20T15:29:36.374+0000] {processor.py:183} INFO - Processing /opt/airflow/dags/dag_vertex_pipeline.py took 0.380 seconds
[2026-08-20T15:30:06.850+0000] {processor.py:161} INFO - Started process (PID=6695) to work on /opt/airflow/dags/dag_vertex_pipeline.py
[2026-08-20T15:30:06.852+0000] {processor.py:830} INFO - Processing file /opt/airflow/dags/dag_vertex_pipeline.py for tasks to queue
[2026-08-20T15:30:06.856+0000] {logging_mixin.py:188} INFO - [2026-08-20T15:30:06.855+0000] {dagbag.py:540} INFO - Filling up the DagBag from /opt/airflow/dags/dag_vertex_pipeline.py
[2026-08-20T15:30:07.180+0000] {processor.py:840} INFO - DAG(s) 'pipeline_vertex_etl' retrieved from /opt/airflow/dags/dag_vertex_pipeline.py
[2026-08-20T15:30:07.208+0000] {logging_mixin.py:188} INFO - [2026-08-20T15:30:07.207+0000] {dag.py:3047} INFO - Sync 1 DAGs
[2026-08-20T15:30:07.242+0000] {logging_mixin.py:188} INFO - [2026-08-20T15:30:07.242+0000] {dag.py:3834} INFO - Setting next_dagrun for pipeline_vertex_etl to 2026-08-20 00:00:00+00:00, run_after=2026-08-21 00:00:00+00:00
[2026-08-20T15:30:07.270+0000] {processor.py:183} INFO - Processing /opt/airflow/dags/dag_vertex_pipeline.py took 0.425 seconds
[2026-08-20T15:30:37.658+0000] {processor.py:161} INFO - Started process (PID=6752) to work on /opt/airflow/dags/dag_vertex_pipeline.py
[2026-08-20T15:30:37.660+0000] {processor.py:830} INFO - Processing file /opt/airflow/dags/dag_vertex_pipeline.py for tasks to queue
[2026-08-20T15:30:37.666+0000] {logging_mixin.py:188} INFO - [2026-08-20T15:30:37.664+0000] {dagbag.py:540} INFO - Filling up the DagBag from /opt/airflow/dags/dag_vertex_pipeline.py
[2026-08-20T15:30:38.067+0000] {processor.py:840} INFO - DAG(s) 'pipeline_vertex_etl' retrieved from /opt/airflow/dags/dag_vertex_pipeline.py
[2026-08-20T15:30:38.090+0000] {logging_mixin.py:188} INFO - [2026-08-20T15:30:38.090+0000] {dag.py:3047} INFO - Sync 1 DAGs
[2026-08-20T15:30:38.117+0000] {logging_mixin.py:188} INFO - [2026-08-20T15:30:38.117+0000] {dag.py:3834} INFO - Setting next_dagrun for pipeline_vertex_etl to 2026-08-20 00:00:00+00:00, run_after=2026-08-21 00:00:00+00:00
[2026-08-20T15:30:38.142+0000] {processor.py:183} INFO - Processing /opt/airflow/dags/dag_vertex_pipeline.py took 0.491 seconds
[2026-08-20T15:31:08.364+0000] {processor.py:161} INFO - Started process (PID=6809) to work on /opt/airflow/dags/dag_vertex_pipeline.py
[2026-08-20T15:31:08.365+0000] {processor.py:830} INFO - Processing file /opt/airflow/dags/dag_vertex_pipeline.py for tasks to queue
[2026-08-20T15:31:08.368+0000] {logging_mixin.py:188} INFO - [2026-08-20T15:31:08.368+0000] {dagbag.py:540} INFO - Filling up the DagBag from /opt/airflow/dags/dag_vertex_pipeline.py
[2026-08-20T15:31:08.820+0000] {processor.py:840} INFO - DAG(s) 'pipeline_vertex_etl' retrieved from /opt/airflow/dags/dag_vertex_pipeline.py
[2026-08-20T15:31:08.843+0000] {logging_mixin.py:188} INFO - [2026-08-20T15:31:08.843+0000] {dag.py:3047} INFO - Sync 1 DAGs
[2026-08-20T15:31:08.871+0000] {logging_mixin.py:188} INFO - [2026-08-20T15:31:08.871+0000] {dag.py:3834} INFO - Setting next_dagrun for pipeline_vertex_etl to 2026-08-20 00:00:00+00:00, run_after=2026-08-21 00:00:00+00:00
[2026-08-20T15:31:08.892+0000] {processor.py:183} INFO - Processing /opt/airflow/dags/dag_vertex_pipeline.py took 0.534 seconds
[2026-08-20T15:31:39.224+0000] {processor.py:161} INFO - Started process (PID=6872) to work on /opt/airflow/dags/dag_vertex_pipeline.py
[2026-08-20T15:31:39.231+0000] {processor.py:830} INFO - Processing file /opt/airflow/dags/dag_vertex_pipeline.py for tasks to queue
[2026-08-20T15:31:39.237+0000] {logging_mixin.py:188} INFO - [2026-08-20T15:31:39.236+0000] {dagbag.py:540} INFO - Filling up the DagBag from /opt/airflow/dags/dag_vertex_pipeline.py
[2026-08-20T15:31:39.673+0000] {processor.py:840} INFO - DAG(s) 'pipeline_vertex_etl' retrieved from /opt/airflow/dags/dag_vertex_pipeline.py
[2026-08-20T15:31:39.699+0000] {logging_mixin.py:188} INFO - [2026-08-20T15:31:39.698+0000] {dag.py:3047} INFO - Sync 1 DAGs
[2026-08-20T15:31:39.735+0000] {logging_mixin.py:188} INFO - [2026-08-20T15:31:39.734+0000] {dag.py:3834} INFO - Setting next_dagrun for pipeline_vertex_etl to 2026-08-20 00:00:00+00:00, run_after=2026-08-21 00:00:00+00:00
[2026-08-20T15:31:39.767+0000] {processor.py:183} INFO - Processing /opt/airflow/dags/dag_vertex_pipeline.py took 0.549 seconds
[2026-08-20T15:32:09.854+0000] {processor.py:161} INFO - Started process (PID=6932) to work on /opt/airflow/dags/dag_vertex_pipeline.py
[2026-08-20T15:32:09.856+0000] {processor.py:830} INFO - Processing file /opt/airflow/dags/dag_vertex_pipeline.py for tasks to queue
[2026-08-20T15:32:09.859+0000] {logging_mixin.py:188} INFO - [2026-08-20T15:32:09.859+0000] {dagbag.py:540} INFO - Filling up the DagBag from /opt/airflow/dags/dag_vertex_pipeline.py
[2026-08-20T15:32:10.133+0000] {processor.py:840} INFO - DAG(s) 'pipeline_vertex_etl' retrieved from /opt/airflow/dags/dag_vertex_pipeline.py
[2026-08-20T15:32:10.155+0000] {logging_mixin.py:188} INFO - [2026-08-20T15:32:10.154+0000] {dag.py:3047} INFO - Sync 1 DAGs
[2026-08-20T15:32:10.178+0000] {logging_mixin.py:188} INFO - [2026-08-20T15:32:10.178+0000] {dag.py:3834} INFO - Setting next_dagrun for pipeline_vertex_etl to 2026-08-20 00:00:00+00:00, run_after=2026-08-21 00:00:00+00:00
[2026-08-20T15:32:10.199+0000] {processor.py:183} INFO - Processing /opt/airflow/dags/dag_vertex_pipeline.py took 0.349 seconds
[2026-08-20T15:32:40.878+0000] {processor.py:161} INFO - Started process (PID=6989) to work on /opt/airflow/dags/dag_vertex_pipeline.py
[2026-08-20T15:32:40.879+0000] {processor.py:830} INFO - Processing file /opt/airflow/dags/dag_vertex_pipeline.py for tasks to queue
[2026-08-20T15:32:40.882+0000] {logging_mixin.py:188} INFO - [2026-08-20T15:32:40.882+0000] {dagbag.py:540} INFO - Filling up the DagBag from /opt/airflow/dags/dag_vertex_pipeline.py
[2026-08-20T15:32:41.261+0000] {processor.py:840} INFO - DAG(s) 'pipeline_vertex_etl' retrieved from /opt/airflow/dags/dag_vertex_pipeline.py
[2026-08-20T15:32:41.287+0000] {logging_mixin.py:188} INFO - [2026-08-20T15:32:41.287+0000] {dag.py:3047} INFO - Sync 1 DAGs
[2026-08-20T15:32:41.319+0000] {logging_mixin.py:188} INFO - [2026-08-20T15:32:41.319+0000] {dag.py:3834} INFO - Setting next_dagrun for pipeline_vertex_etl to 2026-08-20 00:00:00+00:00, run_after=2026-08-21 00:00:00+00:00
[2026-08-20T15:32:41.342+0000] {processor.py:183} INFO - Processing /opt/airflow/dags/dag_vertex_pipeline.py took 0.470 seconds
[2026-08-20T15:33:11.475+0000] {processor.py:161} INFO - Started process (PID=7049) to work on /opt/airflow/dags/dag_vertex_pipeline.py
[2026-08-20T15:33:11.477+0000] {processor.py:830} INFO - Processing file /opt/airflow/dags/dag_vertex_pipeline.py for tasks to queue
[2026-08-20T15:33:11.482+0000] {logging_mixin.py:188} INFO - [2026-08-20T15:33:11.481+0000] {dagbag.py:540} INFO - Filling up the DagBag from /opt/airflow/dags/dag_vertex_pipeline.py
[2026-08-20T15:33:11.983+0000] {processor.py:840} INFO - DAG(s) 'pipeline_vertex_etl' retrieved from /opt/airflow/dags/dag_vertex_pipeline.py
[2026-08-20T15:33:12.012+0000] {logging_mixin.py:188} INFO - [2026-08-20T15:33:12.012+0000] {dag.py:3047} INFO - Sync 1 DAGs
[2026-08-20T15:33:12.044+0000] {logging_mixin.py:188} INFO - [2026-08-20T15:33:12.043+0000] {dag.py:3834} INFO - Setting next_dagrun for pipeline_vertex_etl to 2026-08-20 00:00:00+00:00, run_after=2026-08-21 00:00:00+00:00
[2026-08-20T15:33:12.069+0000] {processor.py:183} INFO - Processing /opt/airflow/dags/dag_vertex_pipeline.py took 0.601 seconds
[2026-08-20T15:33:42.367+0000] {processor.py:161} INFO - Started process (PID=7105) to work on /opt/airflow/dags/dag_vertex_pipeline.py
[2026-08-20T15:33:42.369+0000] {processor.py:830} INFO - Processing file /opt/airflow/dags/dag_vertex_pipeline.py for tasks to queue
[2026-08-20T15:33:42.373+0000] {logging_mixin.py:188} INFO - [2026-08-20T15:33:42.372+0000] {dagbag.py:540} INFO - Filling up the DagBag from /opt/airflow/dags/dag_vertex_pipeline.py
[2026-08-20T15:33:42.712+0000] {processor.py:840} INFO - DAG(s) 'pipeline_vertex_etl' retrieved from /opt/airflow/dags/dag_vertex_pipeline.py
[2026-08-20T15:33:42.733+0000] {logging_mixin.py:188} INFO - [2026-08-20T15:33:42.732+0000] {dag.py:3047} INFO - Sync 1 DAGs
[2026-08-20T15:33:42.762+0000] {logging_mixin.py:188} INFO - [2026-08-20T15:33:42.762+0000] {dag.py:3834} INFO - Setting next_dagrun for pipeline_vertex_etl to 2026-08-20 00:00:00+00:00, run_after=2026-08-21 00:00:00+00:00
[2026-08-20T15:33:43.029+0000] {processor.py:183} INFO - Processing /opt/airflow/dags/dag_vertex_pipeline.py took 0.668 seconds
[2026-08-20T15:34:14.026+0000] {processor.py:161} INFO - Started process (PID=7166) to work on /opt/airflow/dags/dag_vertex_pipeline.py
[2026-08-20T15:34:14.029+0000] {processor.py:830} INFO - Processing file /opt/airflow/dags/dag_vertex_pipeline.py for tasks to queue
[2026-08-20T15:34:14.032+0000] {logging_mixin.py:188} INFO - [2026-08-20T15:34:14.032+0000] {dagbag.py:540} INFO - Filling up the DagBag from /opt/airflow/dags/dag_vertex_pipeline.py
[2026-08-20T15:34:14.411+0000] {processor.py:840} INFO - DAG(s) 'pipeline_vertex_etl' retrieved from /opt/airflow/dags/dag_vertex_pipeline.py
[2026-08-20T15:34:14.436+0000] {logging_mixin.py:188} INFO - [2026-08-20T15:34:14.435+0000] {dag.py:3047} INFO - Sync 1 DAGs
[2026-08-20T15:34:14.463+0000] {logging_mixin.py:188} INFO - [2026-08-20T15:34:14.463+0000] {dag.py:3834} INFO - Setting next_dagrun for pipeline_vertex_etl to 2026-08-20 00:00:00+00:00, run_after=2026-08-21 00:00:00+00:00
[2026-08-20T15:34:14.651+0000] {processor.py:183} INFO - Processing /opt/airflow/dags/dag_vertex_pipeline.py took 0.630 seconds
[2026-08-20T15:34:45.256+0000] {processor.py:161} INFO - Started process (PID=7223) to work on /opt/airflow/dags/dag_vertex_pipeline.py
[2026-08-20T15:34:45.259+0000] {processor.py:830} INFO - Processing file /opt/airflow/dags/dag_vertex_pipeline.py for tasks to queue
[2026-08-20T15:34:45.261+0000] {logging_mixin.py:188} INFO - [2026-08-20T15:34:45.261+0000] {dagbag.py:540} INFO - Filling up the DagBag from /opt/airflow/dags/dag_vertex_pipeline.py
[2026-08-20T15:34:45.624+0000] {processor.py:840} INFO - DAG(s) 'pipeline_vertex_etl' retrieved from /opt/airflow/dags/dag_vertex_pipeline.py
[2026-08-20T15:34:45.647+0000] {logging_mixin.py:188} INFO - [2026-08-20T15:34:45.647+0000] {dag.py:3047} INFO - Sync 1 DAGs
[2026-08-20T15:34:45.678+0000] {logging_mixin.py:188} INFO - [2026-08-20T15:34:45.678+0000] {dag.py:3834} INFO - Setting next_dagrun for pipeline_vertex_etl to 2026-08-20 00:00:00+00:00, run_after=2026-08-21 00:00:00+00:00
[2026-08-20T15:34:45.703+0000] {processor.py:183} INFO - Processing /opt/airflow/dags/dag_vertex_pipeline.py took 0.452 seconds
[2026-08-20T15:35:15.893+0000] {processor.py:161} INFO - Started process (PID=7283) to work on /opt/airflow/dags/dag_vertex_pipeline.py
[2026-08-20T15:35:15.894+0000] {processor.py:830} INFO - Processing file /opt/airflow/dags/dag_vertex_pipeline.py for tasks to queue
[2026-08-20T15:35:15.897+0000] {logging_mixin.py:188} INFO - [2026-08-20T15:35:15.897+0000] {dagbag.py:540} INFO - Filling up the DagBag from /opt/airflow/dags/dag_vertex_pipeline.py
[2026-08-20T15:35:16.230+0000] {processor.py:840} INFO - DAG(s) 'pipeline_vertex_etl' retrieved from /opt/airflow/dags/dag_vertex_pipeline.py
[2026-08-20T15:35:16.253+0000] {logging_mixin.py:188} INFO - [2026-08-20T15:35:16.252+0000] {dag.py:3047} INFO - Sync 1 DAGs
[2026-08-20T15:35:16.277+0000] {logging_mixin.py:188} INFO - [2026-08-20T15:35:16.276+0000] {dag.py:3834} INFO - Setting next_dagrun for pipeline_vertex_etl to 2026-08-20 00:00:00+00:00, run_after=2026-08-21 00:00:00+00:00
[2026-08-20T15:35:16.296+0000] {processor.py:183} INFO - Processing /opt/airflow/dags/dag_vertex_pipeline.py took 0.407 seconds
[2026-08-20T15:35:46.727+0000] {processor.py:161} INFO - Started process (PID=7337) to work on /opt/airflow/dags/dag_vertex_pipeline.py
[2026-08-20T15:35:46.729+0000] {processor.py:830} INFO - Processing file /opt/airflow/dags/dag_vertex_pipeline.py for tasks to queue
[2026-08-20T15:35:46.733+0000] {logging_mixin.py:188} INFO - [2026-08-20T15:35:46.732+0000] {dagbag.py:540} INFO - Filling up the DagBag from /opt/airflow/dags/dag_vertex_pipeline.py
[2026-08-20T15:35:47.069+0000] {processor.py:840} INFO - DAG(s) 'pipeline_vertex_etl' retrieved from /opt/airflow/dags/dag_vertex_pipeline.py
[2026-08-20T15:35:47.094+0000] {logging_mixin.py:188} INFO - [2026-08-20T15:35:47.094+0000] {dag.py:3047} INFO - Sync 1 DAGs
[2026-08-20T15:35:47.276+0000] {logging_mixin.py:188} INFO - [2026-08-20T15:35:47.276+0000] {dag.py:3834} INFO - Setting next_dagrun for pipeline_vertex_etl to 2026-08-20 00:00:00+00:00, run_after=2026-08-21 00:00:00+00:00
[2026-08-20T15:35:47.299+0000] {processor.py:183} INFO - Processing /opt/airflow/dags/dag_vertex_pipeline.py took 0.577 seconds
[2026-08-20T15:36:17.352+0000] {processor.py:161} INFO - Started process (PID=7397) to work on /opt/airflow/dags/dag_vertex_pipeline.py
[2026-08-20T15:36:17.354+0000] {processor.py:830} INFO - Processing file /opt/airflow/dags/dag_vertex_pipeline.py for tasks to queue
[2026-08-20T15:36:17.358+0000] {logging_mixin.py:188} INFO - [2026-08-20T15:36:17.357+0000] {dagbag.py:540} INFO - Filling up the DagBag from /opt/airflow/dags/dag_vertex_pipeline.py
[2026-08-20T15:36:17.749+0000] {processor.py:840} INFO - DAG(s) 'pipeline_vertex_etl' retrieved from /opt/airflow/dags/dag_vertex_pipeline.py
[2026-08-20T15:36:17.778+0000] {logging_mixin.py:188} INFO - [2026-08-20T15:36:17.777+0000] {dag.py:3047} INFO - Sync 1 DAGs
[2026-08-20T15:36:17.970+0000] {logging_mixin.py:188} INFO - [2026-08-20T15:36:17.970+0000] {dag.py:3834} INFO - Setting next_dagrun for pipeline_vertex_etl to 2026-08-20 00:00:00+00:00, run_after=2026-08-21 00:00:00+00:00
[2026-08-20T15:36:17.991+0000] {processor.py:183} INFO - Processing /opt/airflow/dags/dag_vertex_pipeline.py took 0.644 seconds
[2026-08-20T15:36:48.066+0000] {processor.py:161} INFO - Started process (PID=7457) to work on /opt/airflow/dags/dag_vertex_pipeline.py
[2026-08-20T15:36:48.068+0000] {processor.py:830} INFO - Processing file /opt/airflow/dags/dag_vertex_pipeline.py for tasks to queue
[2026-08-20T15:36:48.071+0000] {logging_mixin.py:188} INFO - [2026-08-20T15:36:48.070+0000] {dagbag.py:540} INFO - Filling up the DagBag from /opt/airflow/dags/dag_vertex_pipeline.py
[2026-08-20T15:36:48.397+0000] {processor.py:840} INFO - DAG(s) 'pipeline_vertex_etl' retrieved from /opt/airflow/dags/dag_vertex_pipeline.py
[2026-08-20T15:36:48.426+0000] {logging_mixin.py:188} INFO - [2026-08-20T15:36:48.425+0000] {dag.py:3047} INFO - Sync 1 DAGs
[2026-08-20T15:36:48.599+0000] {logging_mixin.py:188} INFO - [2026-08-20T15:36:48.598+0000] {dag.py:3834} INFO - Setting next_dagrun for pipeline_vertex_etl to 2026-08-20 00:00:00+00:00, run_after=2026-08-21 00:00:00+00:00
[2026-08-20T15:36:48.621+0000] {processor.py:183} INFO - Processing /opt/airflow/dags/dag_vertex_pipeline.py took 0.558 seconds
[2026-08-20T15:37:18.949+0000] {processor.py:161} INFO - Started process (PID=7514) to work on /opt/airflow/dags/dag_vertex_pipeline.py
[2026-08-20T15:37:18.951+0000] {processor.py:830} INFO - Processing file /opt/airflow/dags/dag_vertex_pipeline.py for tasks to queue
[2026-08-20T15:37:18.953+0000] {logging_mixin.py:188} INFO - [2026-08-20T15:37:18.953+0000] {dagbag.py:540} INFO - Filling up the DagBag from /opt/airflow/dags/dag_vertex_pipeline.py
[2026-08-20T15:37:19.245+0000] {processor.py:840} INFO - DAG(s) 'pipeline_vertex_etl' retrieved from /opt/airflow/dags/dag_vertex_pipeline.py
[2026-08-20T15:37:19.267+0000] {logging_mixin.py:188} INFO - [2026-08-20T15:37:19.267+0000] {dag.py:3047} INFO - Sync 1 DAGs
[2026-08-20T15:37:19.295+0000] {logging_mixin.py:188} INFO - [2026-08-20T15:37:19.295+0000] {dag.py:3834} INFO - Setting next_dagrun for pipeline_vertex_etl to 2026-08-20 00:00:00+00:00, run_after=2026-08-21 00:00:00+00:00
[2026-08-20T15:37:19.470+0000] {processor.py:183} INFO - Processing /opt/airflow/dags/dag_vertex_pipeline.py took 0.524 seconds
[2026-08-20T15:37:50.210+0000] {processor.py:161} INFO - Started process (PID=7571) to work on /opt/airflow/dags/dag_vertex_pipeline.py
[2026-08-20T15:37:50.212+0000] {processor.py:830} INFO - Processing file /opt/airflow/dags/dag_vertex_pipeline.py for tasks to queue
[2026-08-20T15:37:50.216+0000] {logging_mixin.py:188} INFO - [2026-08-20T15:37:50.216+0000] {dagbag.py:540} INFO - Filling up the DagBag from /opt/airflow/dags/dag_vertex_pipeline.py
[2026-08-20T15:37:50.745+0000] {processor.py:840} INFO - DAG(s) 'pipeline_vertex_etl' retrieved from /opt/airflow/dags/dag_vertex_pipeline.py
[2026-08-20T15:37:50.768+0000] {logging_mixin.py:188} INFO - [2026-08-20T15:37:50.767+0000] {dag.py:3047} INFO - Sync 1 DAGs
[2026-08-20T15:37:50.793+0000] {logging_mixin.py:188} INFO - [2026-08-20T15:37:50.793+0000] {dag.py:3834} INFO - Setting next_dagrun for pipeline_vertex_etl to 2026-08-20 00:00:00+00:00, run_after=2026-08-21 00:00:00+00:00
[2026-08-20T15:37:50.815+0000] {processor.py:183} INFO - Processing /opt/airflow/dags/dag_vertex_pipeline.py took 0.611 seconds
[2026-08-20T15:38:20.987+0000] {processor.py:161} INFO - Started process (PID=7628) to work on /opt/airflow/dags/dag_vertex_pipeline.py
[2026-08-20T15:38:20.989+0000] {processor.py:830} INFO - Processing file /opt/airflow/dags/dag_vertex_pipeline.py for tasks to queue
[2026-08-20T15:38:20.993+0000] {logging_mixin.py:188} INFO - [2026-08-20T15:38:20.993+0000] {dagbag.py:540} INFO - Filling up the DagBag from /opt/airflow/dags/dag_vertex_pipeline.py
[2026-08-20T15:38:21.524+0000] {processor.py:840} INFO - DAG(s) 'pipeline_vertex_etl' retrieved from /opt/airflow/dags/dag_vertex_pipeline.py
[2026-08-20T15:38:21.544+0000] {logging_mixin.py:188} INFO - [2026-08-20T15:38:21.543+0000] {dag.py:3047} INFO - Sync 1 DAGs
[2026-08-20T15:38:21.569+0000] {logging_mixin.py:188} INFO - [2026-08-20T15:38:21.569+0000] {dag.py:3834} INFO - Setting next_dagrun for pipeline_vertex_etl to 2026-08-20 00:00:00+00:00, run_after=2026-08-21 00:00:00+00:00
[2026-08-20T15:38:21.588+0000] {processor.py:183} INFO - Processing /opt/airflow/dags/dag_vertex_pipeline.py took 0.608 seconds
[2026-08-20T15:38:51.826+0000] {processor.py:161} INFO - Started process (PID=7686) to work on /opt/airflow/dags/dag_vertex_pipeline.py
[2026-08-20T15:38:51.828+0000] {processor.py:830} INFO - Processing file /opt/airflow/dags/dag_vertex_pipeline.py for tasks to queue
[2026-08-20T15:38:51.830+0000] {logging_mixin.py:188} INFO - [2026-08-20T15:38:51.830+0000] {dagbag.py:540} INFO - Filling up the DagBag from /opt/airflow/dags/dag_vertex_pipeline.py
[2026-08-20T15:38:52.340+0000] {processor.py:840} INFO - DAG(s) 'pipeline_vertex_etl' retrieved from /opt/airflow/dags/dag_vertex_pipeline.py
[2026-08-20T15:38:52.361+0000] {logging_mixin.py:188} INFO - [2026-08-20T15:38:52.360+0000] {dag.py:3047} INFO - Sync 1 DAGs
[2026-08-20T15:38:52.386+0000] {logging_mixin.py:188} INFO - [2026-08-20T15:38:52.386+0000] {dag.py:3834} INFO - Setting next_dagrun for pipeline_vertex_etl to 2026-08-20 00:00:00+00:00, run_after=2026-08-21 00:00:00+00:00
[2026-08-20T15:38:52.408+0000] {processor.py:183} INFO - Processing /opt/airflow/dags/dag_vertex_pipeline.py took 0.588 seconds
[2026-08-20T15:41:31.328+0000] {processor.py:161} INFO - Started process (PID=7716) to work on /opt/airflow/dags/dag_vertex_pipeline.py
[2026-08-20T15:41:31.353+0000] {processor.py:830} INFO - Processing file /opt/airflow/dags/dag_vertex_pipeline.py for tasks to queue
[2026-08-20T15:41:31.391+0000] {logging_mixin.py:188} INFO - [2026-08-20T15:41:31.390+0000] {dagbag.py:540} INFO - Filling up the DagBag from /opt/airflow/dags/dag_vertex_pipeline.py
[2026-08-20T15:41:33.171+0000] {processor.py:840} INFO - DAG(s) 'pipeline_vertex_etl' retrieved from /opt/airflow/dags/dag_vertex_pipeline.py
[2026-08-20T15:41:33.642+0000] {logging_mixin.py:188} INFO - [2026-08-20T15:41:33.641+0000] {dag.py:3047} INFO - Sync 1 DAGs
[2026-08-20T15:41:34.126+0000] {logging_mixin.py:188} INFO - [2026-08-20T15:41:34.126+0000] {dag.py:3834} INFO - Setting next_dagrun for pipeline_vertex_etl to 2026-08-20 00:00:00+00:00, run_after=2026-08-21 00:00:00+00:00
[2026-08-20T15:41:34.366+0000] {processor.py:183} INFO - Processing /opt/airflow/dags/dag_vertex_pipeline.py took 3.048 seconds
[2026-08-20T16:47:23.609+0000] {processor.py:161} INFO - Started process (PID=7761) to work on /opt/airflow/dags/dag_vertex_pipeline.py
[2026-08-20T16:47:23.614+0000] {processor.py:830} INFO - Processing file /opt/airflow/dags/dag_vertex_pipeline.py for tasks to queue
[2026-08-20T16:47:23.687+0000] {logging_mixin.py:188} INFO - [2026-08-20T16:47:23.687+0000] {dagbag.py:540} INFO - Filling up the DagBag from /opt/airflow/dags/dag_vertex_pipeline.py
[2026-08-20T16:47:26.070+0000] {processor.py:840} INFO - DAG(s) 'pipeline_vertex_etl' retrieved from /opt/airflow/dags/dag_vertex_pipeline.py
[2026-08-20T16:47:26.151+0000] {logging_mixin.py:188} INFO - [2026-08-20T16:47:26.150+0000] {dag.py:3047} INFO - Sync 1 DAGs
[2026-08-20T16:47:26.284+0000] {logging_mixin.py:188} INFO - [2026-08-20T16:47:26.284+0000] {dag.py:3834} INFO - Setting next_dagrun for pipeline_vertex_etl to 2026-08-20 00:00:00+00:00, run_after=2026-08-21 00:00:00+00:00
[2026-08-20T16:47:26.397+0000] {processor.py:183} INFO - Processing /opt/airflow/dags/dag_vertex_pipeline.py took 2.805 seconds
[2026-08-20T16:47:57.137+0000] {processor.py:161} INFO - Started process (PID=7821) to work on /opt/airflow/dags/dag_vertex_pipeline.py
[2026-08-20T16:47:57.139+0000] {processor.py:830} INFO - Processing file /opt/airflow/dags/dag_vertex_pipeline.py for tasks to queue
[2026-08-20T16:47:57.140+0000] {logging_mixin.py:188} INFO - [2026-08-20T16:47:57.140+0000] {dagbag.py:540} INFO - Filling up the DagBag from /opt/airflow/dags/dag_vertex_pipeline.py
[2026-08-20T16:47:57.713+0000] {processor.py:840} INFO - DAG(s) 'pipeline_vertex_etl' retrieved from /opt/airflow/dags/dag_vertex_pipeline.py
[2026-08-20T16:47:57.732+0000] {logging_mixin.py:188} INFO - [2026-08-20T16:47:57.732+0000] {dag.py:3047} INFO - Sync 1 DAGs
[2026-08-20T16:47:57.760+0000] {logging_mixin.py:188} INFO - [2026-08-20T16:47:57.759+0000] {dag.py:3834} INFO - Setting next_dagrun for pipeline_vertex_etl to 2026-08-20 00:00:00+00:00, run_after=2026-08-21 00:00:00+00:00
[2026-08-20T16:47:57.784+0000] {processor.py:183} INFO - Processing /opt/airflow/dags/dag_vertex_pipeline.py took 0.651 seconds
