id_municipio,ano,qtd_estabelecimentos,total_leitos,qtd_profissionais,populacao,EPC,PPC
3500105,2021,145,75,911,35153,4.124825761670412,25.915284612977555
3500105,2022,150,80,969,34687,4.324386657825698,27.93553780955401
3500105,2023,154,90,972,34687,4.439703635367717,28.022025542710526
3500105,2024,175,91,1011,35642,4.909937713933,28.365411593064362
3500204,2021,6,0,141,3545,1.692524682651622,39.77433004231312
3500204,2022,6,0,140,4351,1.378993334865548,32.176511146862794
3500204,2023,6,0,140,4351,1.378993334865548,32.176511146862794
3500204,2024,5,0,97,4478,1.1165698972755693,21.661456007146047
3500303,2021,66,0,396,36981,1.78470025148049,10.70820150888294
3500303,2022,68,0,408,32072,2.120229483661761,12.721376901970565
3500303,2023,69,24,432,32072,2.1514093290097285,13.469693190321776
3500303,2024,72,24,488,32888,2.1892483580637316,14.838238871320847
3500402,2021,5,0,80,8262,0.6051803437424352,9.682885499878964
3500402,2022,6,0,87,7369,0.8142217397204505,11.806215225946532
3500402,2023,6,0,108,7369,0.8142217397204505,14.655991314968109
3500402,2024,6,0,99,7470,0.8032128514056225,13.25301204819277
3500501,2021,42,19,216,18908,2.221281997038291,11.423735984768353
3500501,2022,48,19,227,17930,2.6770775237032907,12.660345789180145
3500501,2023,47,26,268,17930,2.6213050752928053,14.94701617401004
3500501,2024,49,26,283,18245,2.685667306111263,15.51109893121403
3500550,2021,11,0,102,6142,1.7909475740801042,16.60696841419733
3500550,2022,11,0,102,7177,1.5326738191444893,14.212066322976174
3500550,2023,10,0,107,7177,1.3933398355858995,14.908736240769123
3500550,2024,10,0,115,7407,1.3500742540839747,15.525853921965707
3500600,2021,6,0,85,3588,1.6722408026755853,23.690078037904126
3500600,2022,6,0,108,2780,2.158273381294964,38.84892086330935
3500600,2023,6,0,112,2780,2.158273381294964,40.28776978417266
3500600,2024,5,0,108,2829,1.7674089784376106,38.17603393425239
3500709,2021,47,41,597,37582,1.250598690862647,15.885264222234047
3500709,2022,37,41,613,37680,0.9819532908704883,16.268577494692146
3500709,2023,35,40,569,37680,0.9288747346072187,15.100849256900213
3500709,2024,38,40,582,38879,0.9773913938115693,14.969520821008771
3500758,2021,8,0,80,6231,1.2839030653185683,12.839030653185684
3500758,2022,8,0,86,6141,1.3027194268034523,14.004233838137111
3500758,2023,10,0,93,6141,1.6283992835043153,15.14411333659013
3500758,2024,10,0,95,6330,1.5797788309636651,15.007898894154819
3500808,2021,2,0,51,4201,0.47607712449416806,12.139966674601284
3500808,2022,2,0,53,4445,0.4499437570303712,11.923509561304837
3500808,2023,2,0,55,4445,0.4499437570303712,12.373453318335208
3500808,2024,8,0,68,4556,1.7559262510974538,14.925373134328359
3500907,2021,9,0,77,4211,2.1372595582996916,18.28544288767514
3500907,2022,8,0,75,3451,2.3181686467690525,21.732831063459866
3500907,2023,8,0,84,3451,2.3181686467690525,24.34077079107505
3500907,2024,8,0,84,3479,2.2995113538373095,24.14486921529175
3501004,2021,44,12,276,16221,2.712533136058196,17.014980580728686
3501004,2022,47,25,274,16818,2.7946248067546677,16.292068022356997
3501004,2023,45,25,283,16818,2.675704602211916,16.82720894279938
3501004,2024,49,19,293,17156,2.8561436232221964,17.078573093961296
3501103,2021,8,17,87,4078,1.96174595389897,21.3339872486513
3501103,2022,8,17,84,3841,2.0827909398594118,21.869304868523823
3501103,2023,8,17,82,3841,2.0827909398594118,21.348607133558968
3501103,2024,8,17,95,3883,2.0602626834921454,24.465619366469223
3501152,2021,12,0,172,18903,0.6348198698619266,9.099084801354282
3501152,2022,14,20,201,17301,0.8092017802439165,11.61782555921623
3501152,2023,16,20,172,17301,0.9248020345644761,9.941621871568117
3501152,2024,16,20,188,17591,0.9095560229662897,10.687283269853902
3501202,2021,4,0,62,3616,1.1061946902654867,17.146017699115042
3501202,2022,5,0,80,3915,1.277139208173691,20.434227330779056
3501202,2023,6,0,79,3915,1.5325670498084292,20.178799489144318
3501202,2024,6,0,97,3978,1.5082956259426847,24.384112619406736
3501301,2021,22,17,322,25078,0.8772629396283596,12.83993938910599
3501301,2022,23,17,392,27255,0.8438818565400844,14.382682076683178
3501301,2023,23,17,390,27255,0.8438818565400844,14.309301045679693
3501301,2024,26,18,400,28250,0.920353982300885,14.15929203539823
3501400,2021,3,0,44,5320,0.5639097744360902,8.270676691729323
3501400,2022,3,0,53,4808,0.6239600665557404,11.023294509151414
3501400,2023,3,0,62,4808,0.6239600665557404,12.895174708818637
3501400,2024,4,0,75,4896,0.8169934640522876,15.318627450980392
3501509,2021,3,0,37,3251,0.9227929867733006,11.381113503537373
3501509,2022,3,0,35,2885,1.0398613518197573,12.131715771230503
3501509,2023,3,0,37,2885,1.0398613518197573,12.824956672443674
3501509,2024,3,0,42,2923,1.0263427984946971,14.36879917892576
3501608,2021,950,317,4663,244370,3.8875475713058067,19.081720342104184
3501608,2022,997,319,5123,237240,4.202495363345136,21.594166245152586
3501608,2023,1026,319,5222,237240,4.324734446130501,22.011465182937112
3501608,2024,1057,331,5508,246655,4.285337820032028,22.33078591555006
3501707,2021,34,76,1162,41545,0.8183896979179203,27.96967144060657
3501707,2022,34,110,1212,33019,1.0297101668736184,36.706138889730155
3501707,2023,33,168,1180,33019,0.9994245737302765,35.736999909143215
3501707,2024,37,176,1286,33757,1.0960689634742424,38.09580235210475
3501806,2021,7,0,101,5993,1.1680293675955282,16.85299516102119
3501806,2022,8,0,136,5870,1.362862010221465,23.168654173764907
3501806,2023,10,0,134,5870,1.7035775127768313,22.827938671209537
3501806,2024,11,0,135,5975,1.8410041841004183,22.594142259414227
3501905,2021,297,94,1596,73145,4.060427917150865,21.8196732517602
3501905,2022,306,123,1640,68008,4.499470650511705,24.114810022350312
3501905,2023,304,87,1677,68008,4.470062345606399,24.658863663098458
3501905,2024,310,87,1745,69717,4.446548187673021,25.029763185449745
3502002,2021,7,0,64,5115,1.3685239491691104,12.512218963831867
3502002,2022,6,0,98,4589,1.3074743952930923,21.355415123120505
3502002,2023,6,0,75,4589,1.3074743952930923,16.343429941163652
3502002,2024,8,0,103,4684,1.7079419299743808,21.989752348420154
3502101,2021,231,103,1253,57245,4.0352869246222385,21.888374530526683
3502101,2022,263,141,1375,59783,4.399243932221535,22.99984945553084
3502101,2023,286,109,1405,59783,4.783968686750414,23.501664352742416
3502101,2024,311,97,1422,61473,5.059131651294065,23.13210677858572
3502200,2021,35,48,285,25724,1.3605971077592909,11.079147877468513
3502200,2022,41,42,395,24022,1.7067687952710016,16.443260344684038
3502200,2023,44,38,416,24022,1.8316543168761967,17.317458995920408
3502200,2024,46,38,410,24512,1.8766318537859008,16.72650130548303
3502309,2021,11,0,92,6911,1.5916654608594993,13.31211112718854
3502309,2022,9,0,108,5674,1.5861825872400424,19.03419104688051
3502309,2023,8,0,104,5674,1.4099400775467041,18.329221008107158
3502309,2024,9,0,116,5766,1.5608740894901143,20.117932708983695
3502408,2021,6,0,61,4172,1.4381591562799616,14.621284755512944
3502408,2022,7,0,62,4023,1.7399950285856327,15.411384538901318
3502408,2023,9,0,80,4023,2.237136465324385,19.885657469550086
3502408,2024,9,0,72,4108,2.1908471275559886,17.52677702044791
3502507,2021,43,103,605,36211,1.1874844660462291,16.707630278092292
3502507,2022,44,80,624,32569,1.3509779237925634,19.159323282876354
3502507,2023,46,66,643,32569,1.4123860112376798,19.74270011360496
3502507,2024,46,66,684,33223,1.3845829696294736,20.58814676579478
3502606,2021,7,12,82,4122,1.698204754973314,19.89325570111596
3502606,2022,7,12,89,4086,1.7131669114047967,21.78169358786099
3502606,2023,7,12,85,4086,1.7131669114047967,20.802741067058246
3502606,2024,7,12,97,4124,1.697381183317168,23.52085354025218
3502705,2021,47,31,342,24081,1.951746189942278,14.202068020431046
3502705,2022,48,41,347,24585,1.9524100061012812,14.114297335773847
3502705,2023,47,41,418,24585,1.9117347976408379,17.002237136465325
3502705,2024,49,28,468,24886,1.968978542152214,18.80575423933135
3502754,2021,20,0,276,23343,0.8567879021548216,11.823673049736538
3502754,2022,22,0,400,21522,1.0222098318000186,18.585633305454884
3502754,2023,22,0,349,21522,1.0222098318000186,16.21596505900939
3502754,2024,20,0,347,22168,0.9022013713460845,15.653193792854566
3502804,2021,851,423,4417,199210,4.271873901912555,22.172581697705937
3502804,2022,907,460,4887,200124,4.532190042173852,24.419859686994066
3502804,2023,674,384,4817,200124,3.3679118946253324,24.07007655253743
3502804,2024,510,384,4819,207775,2.454578269762965,23.193358199975936
3502903,2021,31,6,327,35389,0.8759784113707649,9.240159371556132
3502903,2022,36,41,332,32443,1.109638442807385,10.23333230589033
3502903,2023,37,41,342,32443,1.1404617328853681,10.541565206670159
3502903,2024,38,41,370,33656,1.129070596624673,10.993582125029713
3503000,2021,13,0,103,5689,2.2851116189136933,18.10511513447003
3503000,2022,13,0,105,5420,2.3985239852398523,19.37269372693727
3503000,2023,12,0,82,5420,2.214022140221402,15.129151291512915
3503000,2024,13,0,104,5526,2.352515381831343,18.820123054650743
3503109,2021,5,8,91,6373,0.7845598619174643,14.278989486897851
3503109,2022,6,6,100,6885,0.8714596949891067,14.524328249818447
3503109,2023,6,6,108,6885,0.8714596949891067,15.686274509803921
3503109,2024,5,6,111,7050,0.7092198581560284,15.744680851063832
3503158,2021,4,0,53,2452,1.6313213703099512,21.61500815660685
3503158,2022,3,0,47,2330,1.2875536480686696,20.17167381974249
3503158,2023,3,0,71,2330,1.2875536480686696,30.472103004291846
3503158,2024,3,0,76,2355,1.2738853503184713,32.27176220806794
3503208,2021,799,461,7480,240542,3.3216652393345028,31.096440538450665
3503208,2022,825,538,7765,242228,3.4058820615288075,32.05657479729841
3503208,2023,846,525,7827,242228,3.4925772412768135,32.31253199464967
3503208,2024,915,475,8029,252318,3.6263762395072883,31.82095609508636
3503307,2021,310,228,3036,136739,2.2670927826004283,22.202882864435168
3503307,2022,326,238,3084,130866,2.491097764125136,23.566090504791163
3503307,2023,333,238,3156,130866,2.544587593416166,24.11627160607033
3503307,2024,347,238,2811,135331,2.5640836172052226,20.77129408635124
3503356,2021,2,0,30,1755,1.1396011396011396,17.094017094017097
3503356,2022,2,0,30,2044,0.9784735812133072,14.677103718199607
3503356,2023,2,0,29,2044,0.9784735812133072,14.187866927592955
3503356,2024,2,0,26,2085,0.9592326139088729,12.470023980815348
3503406,2021,14,27,129,8665,1.6156953260242355,14.887478361223312
3503406,2022,14,27,129,8130,1.7220172201722017,15.867158671586717
3503406,2023,13,27,135,8130,1.5990159901599017,16.605166051660518
3503406,2024,13,27,146,8280,1.5700483091787438,17.632850241545892
3503505,2021,5,0,70,3906,1.2800819252432156,17.921146953405017
3503505,2022,5,0,68,3577,1.397819401733296,19.010343863572828
3503505,2023,5,0,69,3577,1.397819401733296,19.289907743919485
3503505,2024,5,0,77,3625,1.379310344827586,21.24137931034483
3503604,2021,14,0,124,11186,1.2515644555694618,11.085285177900948
3503604,2022,14,0,115,10130,1.3820335636722605,11.352418558736426
3503604,2023,12,0,128,10130,1.1846001974333662,12.635735439289238
3503604,2024,15,0,139,10257,1.4624159110851127,13.551720776055376
3503703,2021,14,0,117,9851,1.4211755151761243,11.876966805400468
3503703,2022,16,0,129,7602,2.104709287029729,16.96921862667719
3503703,2023,13,0,152,7602,1.7100762957116549,19.994738226782424
3503703,2024,17,0,168,7653,2.2213511041421667,21.95217561740494
3503802,2021,89,35,629,56247,1.5823066119081908,11.182818639216315
3503802,2022,94,95,694,51456,1.8268034825870647,13.487251243781095
3503802,2023,73,8,494,51456,1.4186878109452736,9.600435323383085
3503802,2024,102,8,584,53157,1.9188441785653818,10.986323532178265
3503901,2021,59,91,1037,92453,0.6381620931716656,11.216510010491819
3503901,2022,68,100,1287,86678,0.7845127944807218,14.84805833083366
3503901,2023,69,20,1322,86678,0.7960497473407323,15.251851680934031
3503901,2024,72,20,1442,89943,0.800506987758914,16.032376060393805
3503950,2021,2,0,46,1815,1.1019283746556472,25.344352617079892
3503950,2022,2,0,48,1842,1.0857763300760044,26.058631921824105
3503950,2023,2,0,46,1842,1.0857763300760044,24.9728555917481
3503950,2024,2,0,64,1873,1.0678056593699945,34.169781099839824
3504008,2021,434,256,2630,105768,4.103320475001891,24.865743892292567
3504008,2022,458,304,2690,101409,4.516364425248253,26.526245205060693
3504008,2023,487,248,2758,101409,4.802335098462661,27.19679712846
3504008,2024,539,248,2962,104642,5.150895433955773,28.30603390607978
3504107,2021,334,160,3423,145378,2.297459037818652,23.545515827704328
3504107,2022,380,160,3431,158647,2.3952548740285033,21.626630191557357
3504107,2023,406,160,3664,158647,2.559140733830454,23.095299627474837
3504107,2024,432,163,3937,166043,2.60173569497058,23.71072553495179
3504206,2021,31,32,206,15316,2.0240271611386786,13.449986941760251
3504206,2022,29,35,205,13692,2.1180251241600936,14.972246567338592
3504206,2023,32,30,207,13692,2.3371311714869996,15.118317265556529
3504206,2024,33,30,220,13873,2.378721257118143,15.858141714120956
3504305,2021,2,0,48,5467,0.3658313517468447,8.779952441924273
3504305,2022,2,0,56,4483,0.4461298237787196,12.49163506580415
3504305,2023,3,0,73,4483,0.6691947356680794,16.283738567923265
3504305,2024,4,0,72,4519,0.8851515822084532,15.932728479752159
3504404,2021,16,0,114,14063,1.137737324895115,8.106378439877693
3504404,2022,18,0,120,11263,1.5981532451389506,10.654354967593003
3504404,2023,20,0,118,11263,1.7757258279321673,10.476782384799787
3504404,2024,17,0,147,11438,1.4862738240951217,12.851897184822521
3504503,2021,265,147,1291,91792,2.8869618267387134,14.064406484225206
3504503,2022,270,157,1334,92805,2.9093260061419106,14.374225526641883
3504503,2023,285,157,1559,92805,3.07095522870535,16.798663865093474
3504503,2024,304,157,1679,96098,3.1634373243980103,17.471747591000852
3504602,2021,12,0,333,18013,0.6661855326708489,18.486648531616055
3504602,2022,13,0,428,27260,0.47688921496698455,15.700660308143801
3504602,2023,14,0,427,27260,0.5135730007336757,15.66397652237711
3504602,2024,16,0,410,28909,0.5534608599398112,14.182434535957661
3504701,2021,5,0,79,6127,0.8160600620205648,12.893748979924922
3504701,2022,5,0,81,3887,1.2863390789812195,20.838693079495755
3504701,2023,5,0,76,3887,1.2863390789812195,19.552354000514537
3504701,2024,5,0,71,3963,1.2616704516780217,17.91572041382791
3504800,2021,5,0,111,9209,0.542947116950809,12.05342599630796
3504800,2022,6,0,115,9596,0.6252605252188411,11.984160066694455
3504800,2023,6,0,123,9596,0.6252605252188411,12.817840766986244
3504800,2024,8,0,140,9854,0.8118530545971179,14.207428455449563
3504909,2021,11,7,148,11039,0.9964670712926896,13.407011504665277
3504909,2022,13,7,136,9969,1.3040425318487312,13.642291102417493
3504909,2023,14,7,150,9969,1.4043534958370951,15.04664459825459
3504909,2024,15,7,175,10109,1.483826293401919,17.311306756355723
3505005,2021,4,0,48,3525,1.1347517730496455,13.617021276595745
3505005,2022,4,0,50,3531,1.1328235627301046,14.16029453412631
3505005,2023,4,0,56,3531,1.1328235627301046,15.859529878221469
3505005,2024,4,0,55,3618,1.1055831951354338,15.201768933112216
3505104,2021,3,0,67,7532,0.3983005841741901,8.89537971322358
3505104,2022,3,0,76,5640,0.5319148936170213,13.47517730496454
3505104,2023,3,0,85,5640,0.5319148936170213,15.070921985815602
3505104,2024,3,0,91,5659,0.5301289980561937,16.08057960770454
3505203,2021,67,34,333,35844,1.8692110255551835,9.290257783729494
3505203,2022,78,55,387,31595,2.4687450545972465,12.248773540117107
3505203,2023,87,53,437,31595,2.753600253204621,13.831302421269188
3505203,2024,100,53,487,32405,3.0859435272334514,15.02854497762691
3505302,2021,100,72,635,36125,2.7681660899653977,17.577854671280278
3505302,2022,102,72,533,34346,2.969778140103651,15.518546555639666
3505302,2023,102,77,603,34346,2.969778140103651,17.556629592965702
3505302,2024,106,42,589,35159,3.014875280866919,16.752467362552974
3505351,2021,7,0,56,5794,1.2081463583016916,9.665170866413533
3505351,2022,7,0,69,5179,1.3516122803630044,13.32303533500676
3505351,2023,7,0,74,5179,1.3516122803630044,14.28847267812319
3505351,2024,6,0,92,5256,1.141552511415525,17.50380517503805
3505401,2021,8,0,115,7606,1.0518012095713911,15.119642387588746
3505401,2022,8,0,112,6876,1.1634671320535195,16.288539848749274
3505401,2023,8,0,101,6876,1.1634671320535195,14.688772542175684
3505401,2024,8,0,95,6922,1.1557353366079168,13.724357122219013
3505500,2021,338,478,6970,123546,2.735823094232108,56.41623362957927
3505500,2022,341,490,6802,122485,2.7840143691064214,55.533330611911666
3505500,2023,343,399,6404,122485,2.8003428991305057,52.28395313711883
3505500,2024,352,425,6675,126600,2.7804107424960502,52.725118483412324
3505609,2021,31,0,456,33537,0.9243522080090647,13.596922801681725
3505609,2022,33,0,579,32092,1.0282936557397484,18.04187959616104
3505609,2023,37,0,663,32092,1.15293531098093,20.65935435622585
3505609,2024,46,0,578,33181,1.3863355534794009,17.419607606762906
3505708,2021,402,454,7583,279704,1.4372336469982554,27.110802848725793
3505708,2022,428,417,8421,316473,1.352406050437162,26.60890502507323
3505708,2023,480,427,8772,316473,1.516717065910836,27.718004379520526
3505708,2024,501,441,9457,330339,1.5166238318817942,28.62816682256712
3505807,2021,37,26,361,20952,1.7659411989308895,17.229858724704087
3505807,2022,36,21,412,21503,1.6741849974422174,19.16011719294982
3505807,2023,36,21,410,21503,1.6741849974422174,19.06710691531414
3505807,2024,41,21,430,21900,1.8721461187214612,19.634703196347033
3505906,2021,271,80,1062,63438,4.271887512216652,16.7407547526719
3505906,2022,280,87,1042,58402,4.794356357658985,17.841854731002364
3505906,2023,290,73,1071,58402,4.96558337043252,18.338413068045615
3505906,2024,307,73,1155,59873,5.127519917157985,19.29083226162043
3506003,2021,870,1194,9964,381706,2.2792410913111136,26.10386003887809
3506003,2022,899,1223,10106,379146,2.3711182499617562,26.654639637501123
3506003,2023,942,1269,10481,379146,2.484531024987736,27.6437045359835
3506003,2024,972,1222,11009,391740,2.481237555521519,28.102823301169146
3506102,2021,300,137,1752,77612,3.865381642014121,22.57382878936247
3506102,2022,327,140,1716,76373,4.281617849239915,22.46867348408469
3506102,2023,346,113,1946,76373,4.53039686800309,25.48020897437576
3506102,2024,357,129,2381,78210,4.56463367855773,30.443677279120315
3506201,2021,4,0,40,3028,1.321003963011889,13.21003963011889
3506201,2022,3,0,40,2606,1.1511895625479662,15.349194167306216
3506201,2023,3,0,45,2606,1.1511895625479662,17.267843438219494
3506201,2024,3,0,39,2642,1.1355034065102196,14.761544284632853
3506300,2021,19,18,185,11168,1.7012893982808024,16.56518624641834
3506300,2022,19,23,202,11607,1.6369432239166022,17.403291117429138
3506300,2023,20,23,212,11607,1.7230981304385284,18.2648401826484
3506300,2024,21,18,247,11852,1.7718528518393521,20.840364495443808
3506359,2021,50,59,729,66154,0.7558121957855912,11.019741814553921
3506359,2022,52,56,734,64188,0.8101202717018757,11.435159219791862
3506359,2023,78,18,725,64188,1.2151804075528136,11.29494609584346
3506359,2024,98,18,842,66873,1.4654643877200066,12.591030759798423
3506409,2021,10,30,102,8197,1.2199585214102722,12.443576918384775
3506409,2022,11,30,97,7319,1.5029375597759256,13.253176663478618
3506409,2023,12,30,104,7319,1.6395682470282824,14.209591474245116
3506409,2024,13,30,126,7455,1.743796109993293,16.901408450704224
3506508,2021,228,132,1796,126094,1.8081748536805875,14.243342268466382
3506508,2022,244,132,1815,118979,2.050782070785601,15.254792862606005
3506508,2023,264,117,1882,118979,2.218878961833601,15.817917447616805
3506508,2024,290,118,1870,122988,2.3579536214915278,15.20473542134192
3506607,2021,21,0,295,33265,0.631294153013678,8.868179768525478
3506607,2022,21,10,335,29683,0.7074756594683826,11.28592123437658
3506607,2023,22,4,377,29683,0.7411649765859246,12.700872553313346
3506607,2024,24,13,359,30526,0.7862150298106533,11.760466487584354
3506706,2021,22,11,147,15111,1.4558930580371914,9.728012705975779
3506706,2022,21,12,169,12978,1.6181229773462784,13.022037293881954
3506706,2023,21,16,191,12978,1.6181229773462784,14.71721374633996
3506706,2024,19,16,186,13135,1.446516939474686,14.160639512752189
3506805,2021,20,22,128,12571,1.5909633282952829,10.182165301089809
3506805,2022,20,22,133,11259,1.7763566924238388,11.812772004618527
3506805,2023,21,17,152,11259,1.8651745270450306,13.500310862421173
3506805,2024,21,17,157,11467,1.8313421121479025,13.6914624574867
3506904,2021,3,0,117,12107,0.24779053440158588,9.663830841661849
3506904,2022,5,0,139,10460,0.4780114722753346,13.288718929254301
3506904,2023,6,0,155,10460,0.5736137667304015,14.818355640535373
3506904,2024,13,0,173,10688,1.2163173652694612,16.186377245508982
3507001,2021,109,35,824,63310,1.7216869372926868,13.015321434212606
3507001,2022,117,36,891,61081,1.9154892683485862,14.587187505116157
3507001,2023,125,31,922,61081,2.0464628935348146,15.094710302712791
3507001,2024,138,31,1052,63415,2.176141291492549,16.58913506268233
3507100,2021,20,10,211,26506,0.7545461404964913,7.960461782237983
3507100,2022,20,10,272,22006,0.9088430428065074,12.3602653821685
3507100,2023,21,10,263,22006,0.9542851949468327,11.951286012905571
3507100,2024,23,10,282,22501,1.0221767921425715,12.532776321052397
3507159,2021,5,0,49,4013,1.24595066035385,12.21031647146773
3507159,2022,6,0,58,3555,1.6877637130801688,16.31504922644163
3507159,2023,6,0,60,3555,1.6877637130801688,16.877637130801688
3507159,2024,7,0,58,3610,1.9390581717451525,16.066481994459835
3507209,2021,2,0,28,839,2.3837902264600714,33.373063170441
3507209,2022,2,0,26,907,2.205071664829107,28.665931642778393
3507209,2023,2,0,31,907,2.205071664829107,34.178610804851154
3507209,2024,2,0,40,928,2.155172413793103,43.10344827586207
3507308,2021,4,0,65,4913,0.8141664970486464,13.230205577040504
3507308,2022,5,0,67,4715,1.0604453870625663,14.209968186638388
3507308,2023,5,0,68,4715,1.0604453870625663,14.4220572640509
3507308,2024,6,0,78,4823,1.2440389798880365,16.172506738544474
3507407,2021,35,14,300,16278,2.1501412949993854,18.42978252856616
3507407,2022,36,14,310,14226,2.5305778152678196,21.791086742584003
3507407,2023,39,14,317,14226,2.741459299873471,22.283143539997187
3507407,2024,39,14,334,14415,2.705515088449532,23.17030870620881
3507456,2021,3,0,51,2713,1.1057869517139698,18.798378179137487
3507456,2022,4,0,56,2713,1.474382602285293,20.641356431994105
3507456,2023,4,0,65,2713,1.474382602285293,23.95871728713601
3507456,2024,4,0,67,2787,1.4352350197344816,24.040186580552565
3507506,2021,671,611,6394,149718,4.481759040329153,42.70695574346438
3507506,2022,708,648,6715,145155,4.877544693603389,46.26089352760842
3507506,2023,732,661,7077,145155,5.0428851916916395,48.75477937377286
3507506,2024,766,661,7532,150442,5.091663232342032,50.065806091384054
3507605,2021,417,385,4440,172346,2.4195513675977396,25.762129669386002
3507605,2022,441,366,4682,176811,2.4941887099784514,26.48025292544016
3507605,2023,465,344,4989,176811,2.6299268710657144,28.21657023601473
3507605,2024,499,344,5382,184634,2.7026441500482035,29.14956075262411
3507704,2021,3,0,56,5795,0.5176876617773943,9.663503019844693
3507704,2022,3,0,52,5356,0.5601194921583271,9.70873786407767
3507704,2023,3,0,65,5356,0.5601194921583271,12.135922330097086
3507704,2024,4,0,66,5466,0.7317965605561654,12.074643249176729
3507753,2021,4,0,50,2911,1.374098248024734,17.17622810030917
3507753,2022,4,0,54,2565,1.5594541910331383,21.052631578947366
3507753,2023,4,0,58,2565,1.5594541910331383,22.612085769980506
3507753,2024,4,0,65,2605,1.5355086372360844,24.95201535508637
3507803,2021,55,0,448,25605,2.1480179652411637,17.49658269869166
3507803,2022,54,0,471,25201,2.142772112217769,18.689734534343874
3507803,2023,57,0,431,25201,2.2618150073409784,17.102495932701082
3507803,2024,57,0,439,26167,2.178316199793633,16.776856345779034
3507902,2021,73,27,283,24862,2.9362078674282035,11.38283323948194
3507902,2022,76,27,301,23898,3.1801824420453593,12.595196250732279
3507902,2023,80,27,324,23898,3.3475604653109046,13.557619884509164
3507902,2024,81,27,338,24423,3.316545878884658,13.839413667444623
3508009,2021,22,0,237,20050,1.0972568578553616,11.820448877805488
3508009,2022,20,0,231,20250,0.9876543209876544,11.407407407407408
3508009,2023,22,0,277,20250,1.0864197530864197,13.679012345679013
3508009,2024,23,0,290,20674,1.1125084647383188,14.027280642352714
3508108,2021,26,27,407,17414,1.493051567704146,23.371999540599518
3508108,2022,29,28,392,17210,1.6850668216153397,22.777454968041837
3508108,2023,29,19,361,17210,1.6850668216153397,20.97617664148751
3508108,2024,32,19,314,17597,1.818491788373018,17.84395067341024
3508207,2021,6,0,54,4547,1.3195513525401363,11.875962172861227
3508207,2022,6,0,75,4356,1.3774104683195594,17.21763085399449
3508207,2023,6,0,81,4356,1.3774104683195594,18.59504132231405
3508207,2024,6,0,79,4447,1.3492241960872497,17.764785248482124
3508306,2021,4,0,50,4222,0.9474182851729038,11.842728564661297
3508306,2022,4,0,54,4299,0.9304489416143289,12.561060711793441
3508306,2023,4,0,58,4299,0.9304489416143289,13.49150965340777
3508306,2024,4,0,64,4362,0.9170105456212746,14.672168729940394
3508405,2021,40,8,512,51130,0.7823195775474281,10.01369059260708
3508405,2022,44,7,600,47011,0.9359511603667227,12.762970368637127
3508405,2023,45,7,561,47011,0.9572227776477846,11.933377294675715
3508405,2024,44,10,660,48473,0.9077218245208672,13.61582736781301
3508504,2021,317,73,1514,95752,3.3106358091736987,15.811680173782271
3508504,2022,325,85,1543,96202,3.3783081432818443,16.039167584873496
3508504,2023,346,94,1763,96202,3.5965988233092867,18.326022328018126
3508504,2024,347,93,1988,99678,3.4812094945725236,19.94422038965469
3508603,2021,60,21,534,33827,1.7737310432494753,15.78620628492033
3508603,2022,67,32,615,31564,2.1226713977949565,19.48422253199848
3508603,2023,77,32,636,31564,2.439488024331517,20.14953744772526
3508603,2024,80,32,679,32482,2.46290253063235,20.90388522874207
3508702,2021,38,20,242,19031,1.9967421575324469,12.716094792706636
3508702,2022,40,20,245,17101,2.3390445003216187,14.326647564469916
3508702,2023,43,20,239,17101,2.51447283784574,13.975790889421672
3508702,2024,46,9,247,17266,2.664195528784895,14.305571643692806
3508801,2021,46,33,252,17917,2.567394094993581,14.064854607356143
3508801,2022,54,33,268,16654,3.2424642728473643,16.092230094872104
3508801,2023,56,33,277,16654,3.3625555422120814,16.63264080701333
3508801,2024,46,29,247,16905,2.7210884353741496,14.61106181603076
3508900,2021,5,0,69,4195,1.1918951132300357,16.448152562574496
3508900,2022,5,0,76,3712,1.3469827586206897,20.47413793103448
3508900,2023,5,0,76,3712,1.3469827586206897,20.47413793103448
3508900,2024,5,0,71,3745,1.335113484646195,18.958611481975968
3509007,2021,79,129,1915,104044,0.7592941447848987,18.405674522317483
3509007,2022,87,129,2235,95032,0.9154811011027864,23.51839380419227
3509007,2023,92,120,2284,95032,0.968094957488004,24.034009596767405
3509007,2024,101,101,2488,98257,1.0279165860956472,25.321351150554158
3509106,2021,7,0,100,6017,1.16337045039056,16.619577862722284
3509106,2022,6,0,91,5466,1.0976948408342482,16.64837175265276
3509106,2023,7,0,87,5466,1.2806439809732895,15.916575192096598
3509106,2024,7,0,92,5585,1.2533572068039391,16.472694717994628
3509205,2021,84,32,1174,79034,1.0628337171343978,14.854366475187893
3509205,2022,99,32,1362,92689,1.0680879068713653,14.694300294533333
3509205,2023,104,34,1548,92689,1.1220317405517375,16.701010907443173
3509205,2024,111,34,1543,97363,1.1400634738042172,15.847909370089255
3509254,2021,38,0,378,28441,1.336099293273795,13.290671917302486
3509254,2022,40,0,387,28515,1.4027704716815712,13.5718043135192
3509254,2023,40,0,412,28515,1.4027704716815712,14.448535858320183
3509254,2024,46,0,407,29257,1.572273302115733,13.911200738284855
3509304,2021,11,20,169,10649,1.032960841393558,15.870034745046484
3509304,2022,11,20,176,9133,1.2044235191065367,19.270776305704587
3509304,2023,11,20,151,9133,1.2044235191065367,16.533450125917003
3509304,2024,12,20,159,9232,1.2998266897746968,17.22270363951473
3509403,2021,75,48,429,26613,2.8181715702851986,16.11994138203134
3509403,2022,77,57,447,23830,3.2312211498111623,18.757868233319346
3509403,2023,80,46,404,23830,3.357112882920688,16.953420058749476
3509403,2024,79,46,473,24217,3.262171202048148,19.531733905933848
3509452,2021,4,0,46,6088,0.657030223390276,7.555847568988174
3509452,2022,5,0,58,5954,0.8397715821296607,9.741350352704066
3509452,2023,5,0,67,5954,0.8397715821296607,11.252939200537453
3509452,2024,5,0,72,6077,0.8227743952608195,11.8479512917558
3509502,2021,1997,2793,36589,1223237,1.632553626157482,29.91161974335309
3509502,2022,2350,2906,39084,1139047,2.063128211566336,34.31289490249305
3509502,2023,2541,2602,39383,1139047,2.2308122491872595,34.57539504515617
3509502,2024,2830,2782,40673,1185977,2.38621828247934,34.29493152059442
3509601,2021,31,40,728,86407,0.3587672295068687,8.425243325193561
3509601,2022,29,60,768,77632,0.3735572959604287,9.892827699917559
3509601,2023,45,44,911,77632,0.5796578730420445,11.7348516075845
3509601,2024,53,44,950,79663,0.6653025871483624,11.925235052659328
3509700,2021,84,42,676,52713,1.5935348016618291,12.824161022897577
3509700,2022,86,43,753,46974,1.830800017030698,16.03014433516413
3509700,2023,89,36,798,46974,1.8946651339038618,16.98812108826159
3509700,2024,101,36,916,47983,2.104912156388721,19.09009440843632
3509809,2021,2,0,63,5028,0.3977724741447892,12.52983293556086
3509809,2022,4,0,72,4888,0.8183306055646482,14.729950900163667
3509809,2023,5,0,97,4888,1.0229132569558101,19.844517184942717
3509809,2024,5,0,83,4991,1.0018032458425166,16.629933880985774
3509908,2021,8,0,163,12542,0.6378568011481422,12.996332323393398
3509908,2022,9,0,163,12289,0.7323622752054683,13.26389453983237
3509908,2023,9,0,186,12289,0.7323622752054683,15.135487020913013
3509908,2024,9,0,162,12489,0.720634158059092,12.971414845063657
3509957,2021,4,0,68,5268,0.7593014426727411,12.908124525436598
3509957,2022,4,0,60,4931,0.8111944838775097,12.167917258162644
3509957,2023,4,0,58,4931,0.8111944838775097,11.76232001622389
3509957,2024,3,0,74,5049,0.5941770647653001,14.656367597544069
3510005,2021,83,19,545,31410,2.6424705507800064,17.351162050302452
3510005,2022,83,19,556,29449,2.818431865258583,18.88009779619002
3510005,2023,84,19,570,29449,2.852388875683385,19.355495942137253
3510005,2024,87,19,569,30172,2.883468116134164,18.858544345751028
3510104,2021,2,0,56,2805,0.7130124777183601,19.964349376114082
3510104,2022,2,0,57,2889,0.6922810661128419,19.73001038421599
3510104,2023,2,0,63,2889,0.6922810661128419,21.806853582554517
3510104,2024,2,0,66,2951,0.6777363605557438,22.365299898339547
3510153,2021,3,0,46,5365,0.5591798695246971,8.574091332712023
3510153,2022,3,0,52,6283,0.4774789113480821,8.276301130033422
3510153,2023,3,0,67,6283,0.4774789113480821,10.663695686773835
3510153,2024,5,0,76,6524,0.7664009809932557,11.649294911097487
3510203,2021,55,36,541,47098,1.1677778249607202,11.486687332795448
3510203,2022,56,43,570,46337,1.208537453870557,12.301184798325313
3510203,2023,52,43,606,46337,1.12221335002266,13.078101732956386
3510203,2024,60,43,726,47403,1.2657426745142712,15.315486361622684
3510302,2021,18,59,240,21257,0.8467798842734159,11.290398456978878
3510302,2022,18,59,208,22866,0.7871949619522435,9.096475115892591
3510302,2023,18,59,269,22866,0.7871949619522435,11.764191375841861
3510302,2024,20,59,330,23597,0.847565368479044,13.984828579904224
3510401,2021,145,95,989,56973,2.5450652063258037,17.359099924525655
3510401,2022,141,104,1019,50068,2.816170008788048,20.352320843652635
3510401,2023,144,87,1064,50068,2.876088519613326,21.251098506031795
3510401,2024,143,87,1099,51318,2.786546630811801,21.415487743092093
3510500,2021,213,252,3234,125194,1.701359490071409,25.83190887742224
3510500,2022,234,412,3591,134873,1.7349654860498396,26.625047266687922
3510500,2023,246,304,4122,134873,1.8239380750780365,30.562084331185634
3510500,2024,258,304,4419,141084,1.8286977970570726,31.32176575657055
3510609,2021,121,207,3947,405375,0.2984890533456676,9.736663583102066
3510609,2022,129,207,4175,386984,0.33334711512620674,10.788559733735761
3510609,2023,132,207,3755,386984,0.3410993736175139,9.703243544952764
3510609,2024,138,207,4124,398462,0.3463316451757006,10.349794961627458
3510708,2021,21,17,197,12371,1.6975183897825559,15.92433918034112
3510708,2022,20,17,214,11345,1.762891141472014,18.86293521375055
3510708,2023,22,17,185,11345,1.9391802556192155,16.30674305861613
3510708,2024,23,17,203,11491,2.001566443303455,17.665999477852232
3510807,2021,75,40,787,30655,2.4465829391616376,25.672810308269447
3510807,2022,87,92,891,28083,3.09795961969875,31.72737955346651
3510807,2023,91,82,869,28083,3.2403945447423705,30.943987465726597
3510807,2024,93,42,1026,28786,3.230737163899118,35.64232613075801
3510906,2021,5,0,72,2488,2.0096463022508035,28.938906752411576
3510906,2022,5,0,85,2799,1.7863522686673812,30.36798856734548
3510906,2023,5,0,120,2799,1.7863522686673812,42.87245444801715
3510906,2024,5,0,76,2855,1.7513134851138354,26.619964973730298
3511003,2021,32,18,299,21521,1.486919752799591,13.89340644022118
3511003,2022,36,21,330,19977,1.8020723832407268,16.51899684637333
3511003,2023,35,21,323,19977,1.7520148170395955,16.16859388296541
3511003,2024,36,21,361,20418,1.7631501616220981,17.680478009599373
3511102,2021,563,484,4083,123114,4.572997384537908,33.164384229250935
3511102,2022,587,479,4091,115791,5.069478629599883,35.330897910891174
3511102,2023,594,444,4349,115791,5.129932378164106,37.55905035797255
3511102,2024,630,445,4520,119172,5.286476689155171,37.92837243647837
3511201,2021,13,0,104,7905,1.644528779253637,13.156230234029096
3511201,2022,13,0,112,7003,1.8563472797372556,15.993145794659432
3511201,2023,14,0,119,7003,1.999143224332429,16.992717406825648
3511201,2024,16,0,124,7105,2.251935256861365,17.45249824067558
3511300,2021,19,30,145,9452,2.010156580617859,15.340668641557341
3511300,2022,18,30,153,12618,1.4265335235378032,12.125534950071328
3511300,2023,17,60,172,12618,1.3472816611190364,13.631320336027898
3511300,2024,18,60,222,13160,1.3677811550151975,16.869300911854104
3511409,2021,30,33,248,20391,1.4712373105781962,12.16222843411309
3511409,2022,31,33,258,21469,1.4439424286180074,12.017327309143415
3511409,2023,34,33,266,21469,1.5836787926778144,12.3899576133029
3511409,2024,36,27,299,22076,1.630730204747237,13.544120311650662
3511508,2021,130,47,681,50631,2.567596926783986,13.450257747229958
3511508,2022,137,31,681,44695,3.0652198232464483,15.236603646940374
3511508,2023,139,31,695,44695,3.1099675578923813,15.549837789461908
3511508,2024,148,31,739,46217,3.2022848735313847,15.989787307700631
3511607,2021,16,17,191,18595,0.860446356547459,10.271578381285291
3511607,2022,20,22,221,19048,1.0499790004199916,11.602267954640908
3511607,2023,21,22,230,19048,1.1024779504409912,12.074758504829903
3511607,2024,21,22,238,19588,1.072084949969369,12.150296099652849
3511706,2021,23,21,150,17539,1.3113632476195907,8.552369006214722
3511706,2022,24,21,181,15535,1.5448986160283233,11.65111039588027
3511706,2023,24,21,183,15535,1.5448986160283233,11.779851947215965
3511706,2024,24,21,203,15798,1.519179642992784,12.849727813647297
3511904,2021,10,16,90,8894,1.124353496739375,10.119181470654375
3511904,2022,11,16,83,6982,1.575479805213406,11.887711257519337
3511904,2023,11,16,84,6982,1.575479805213406,12.030936694356917
3511904,2024,12,16,107,7087,1.693241145759842,15.098066883025258
3512001,2021,43,27,390,18601,2.3117036718455997,20.96661469813451
3512001,2022,44,53,419,18486,2.3801795953694684,22.665801146813802
3512001,2023,45,51,504,18486,2.4342745861733204,27.26387536514119
3512001,2024,50,51,545,18842,2.653646109754803,28.924742596327356
3512100,2021,11,12,165,6223,1.7676361883336014,26.514542825004018
3512100,2022,11,12,169,6629,1.6593754714134863,25.49404133353447
3512100,2023,12,12,177,6629,1.8102277869965304,26.700859858198825
3512100,2024,13,12,191,6781,1.9171213685297153,28.166937029936587
3512209,2021,41,26,342,28491,1.4390509283633428,12.003790670738129
3512209,2022,44,27,346,28101,1.5657805772036582,12.31272908437422
3512209,2023,42,27,358,28101,1.4946087327853101,12.73976015088431
3512209,2024,44,27,407,29034,1.515464627677895,14.018047806020526
3512308,2021,42,10,177,18138,2.3155805491233874,9.75851802844856
3512308,2022,42,10,262,15232,2.7573529411764706,17.20063025210084
3512308,2023,44,11,266,15232,2.888655462184874,17.46323529411765
3512308,2024,45,11,264,15381,2.925687536571094,17.164033547883754
3512407,2021,41,0,371,25116,1.6324255454690237,14.771460423634336
3512407,2022,48,0,387,24514,1.9580647793097823,15.78689728318512
3512407,2023,51,0,429,24514,2.0804438280166435,17.500203965081177
3512407,2024,54,0,466,25130,2.1488261042578594,18.54357341822523
3512506,2021,2,0,53,6197,0.32273680813296757,8.55252541552364
3512506,2022,2,0,56,5400,0.37037037037037035,10.37037037037037
3512506,2023,2,0,59,5400,0.37037037037037035,10.925925925925926
3512506,2024,2,0,62,5498,0.3637686431429611,11.276827937431793
3512605,2021,4,6,68,4591,0.8712698758440427,14.811587889348726
3512605,2022,5,6,58,4280,1.1682242990654206,13.551401869158878
3512605,2023,5,2,63,4280,1.1682242990654206,14.719626168224298
3512605,2024,6,2,62,4295,1.3969732246798603,14.435389988358557
3512704,2021,6,0,79,4072,1.4734774066797642,19.400785854616895
3512704,2022,5,1,90,4195,1.1918951132300357,21.454112038140643
3512704,2023,5,2,82,4195,1.1918951132300357,19.547079856972584
3512704,2024,5,2,97,4285,1.1668611435239205,22.63710618436406
3512803,2021,82,75,768,74662,1.0982829283973106,10.286357183038227
3512803,2022,86,67,859,59773,1.4387767052013452,14.371037090325062
3512803,2023,83,67,932,59773,1.388586820136182,15.592324293577368
3512803,2024,79,67,937,61204,1.2907653094568983,15.309456898241946
3512902,2021,5,0,72,7289,0.6859651529702291,9.877898202771298
3512902,2022,5,0,80,8719,0.5734602592040372,9.175364147264595
3512902,2023,5,0,100,8719,0.5734602592040372,11.469205184080744
3512902,2024,7,0,91,8968,0.7805530776092774,10.147190008920607
3513009,2021,187,293,3284,257882,0.7251378537470625,12.734506479707774
3513009,2022,198,337,3394,274413,0.7215401602693751,12.368218706839691
3513009,2023,213,484,3919,274413,0.7762022936231155,14.28139337422061
3513009,2024,242,470,4114,287004,0.8431938230826052,14.334294992404287
3513108,2021,75,15,432,35858,2.0915834681242678,12.047520776395784
3513108,2022,99,15,457,33281,2.974670232264655,13.731558546918663
3513108,2023,103,15,549,33281,3.094858928517773,16.49589856074036
3513108,2024,104,15,534,34252,3.0363190470629453,15.590330491650123
3513207,2021,14,0,121,8803,1.5903669203680562,13.745314097466773
3513207,2022,14,0,116,9272,1.5099223468507335,12.510785159620362
3513207,2023,14,0,115,9272,1.5099223468507335,12.402933563416738
3513207,2024,14,0,143,9543,1.4670439065283454,14.984805616682385
3513306,2021,4,0,43,2021,1.9792182088075212,21.27659574468085
3513306,2022,3,0,58,2108,1.4231499051233396,27.514231499051235
3513306,2023,3,0,63,2108,1.4231499051233396,29.88614800759013
3513306,2024,3,0,66,2129,1.4091122592766556,31.000469704086424
3513405,2021,293,149,1201,82895,3.5345919536763377,14.48820797394294
3513405,2022,298,119,1380,74961,3.975400541614973,18.409572977948535
3513405,2023,307,115,1536,74961,4.095462974079855,20.49065514067315
3513405,2024,316,115,1577,76513,4.130017121273509,20.610876583064314
3513504,2021,168,151,2006,132521,1.2677236060699815,15.13722353438323
3513504,2022,173,125,2079,112476,1.538105907037946,18.483943241224797
3513504,2023,175,91,2152,112476,1.5558874782175753,19.132970589281268
3513504,2024,169,110,2555,115082,1.4685181001372936,22.201560626336004
3513603,2021,22,31,232,21373,1.029336078229542,10.854816824966077
3513603,2022,25,31,263,22110,1.1307100859339665,11.895070104025327
3513603,2023,22,31,258,22110,0.9950248756218905,11.668928086838536
3513603,2024,23,31,270,22456,1.0242251514071963,12.023512646954044
3513702,2021,123,37,480,34097,3.607355485819867,14.077484822711677
3513702,2022,127,33,489,31756,3.9992442373094845,15.398664819246756
3513702,2023,127,33,529,31756,3.9992442373094845,16.658269303438722
3513702,2024,130,33,543,32622,3.985040770032493,16.645208754828033
3513801,2021,186,481,5981,429550,0.43301129088581075,13.923873821441044
3513801,2022,193,528,6051,393237,0.49079817006029436,15.387666979455139
3513801,2023,207,505,6982,393237,0.5264001098574141,17.755195975963602
3513801,2024,213,488,7082,404118,0.5270737754814188,17.524584403565296
3513850,2021,3,0,33,1805,1.6620498614958448,18.282548476454295
3513850,2022,3,0,41,1620,1.8518518518518519,25.308641975308642
3513850,2023,3,0,35,1620,1.8518518518518519,21.604938271604937
3513850,2024,3,0,39,1641,1.8281535648994516,23.76599634369287
3513900,2021,31,28,681,11027,2.8112814001995106,61.7575043076086
3513900,2022,31,20,675,11158,2.77827567664456,60.49471231403478
3513900,2023,24,20,725,11158,2.1509231044990145,64.97580211507437
3513900,2024,14,20,756,11314,1.237404984974368,66.81986918861588
3514007,2021,10,0,95,9088,1.1003521126760565,10.453345070422536
3514007,2022,10,0,99,8759,1.141682840506907,11.302660121018382
3514007,2023,10,0,102,8759,1.141682840506907,11.645164973170454
3514007,2024,13,0,105,8958,1.4512167894619334,11.72136637642331
3514106,2021,47,36,361,27704,1.6965059197227836,13.030609298296275
3514106,2022,50,36,395,24510,2.039983680130559,16.115871073031414
3514106,2023,49,36,433,24510,1.9991840065279476,17.666258669930638
3514106,2024,51,36,413,24855,2.0519010259505133,16.616374974854157
3514205,2021,3,0,49,2108,1.4231499051233396,23.244781783681212
3514205,2022,3,0,54,2207,1.359311282283643,24.467603081105576
3514205,2023,3,0,58,2207,1.359311282283643,26.28001812415043
3514205,2024,3,0,62,2250,1.3333333333333333,27.555555555555557
3514304,2021,16,15,141,8883,1.8011932905549926,15.873015873015872
3514304,2022,16,16,134,8096,1.976284584980237,16.551383399209488
3514304,2023,18,16,146,8096,2.223320158102767,18.033596837944664
3514304,2024,18,14,155,8186,2.1988761299780113,18.934766674810653
3514403,2021,220,127,949,47287,4.652441474400998,20.068940723666124
3514403,2022,230,149,1013,45474,5.057835246514492,22.276465672692087
3514403,2023,247,134,1113,45474,5.431675242995998,24.475524475524477
3514403,2024,253,127,1286,46664,5.421738385050575,27.55871764100806
3514502,2021,47,50,240,12421,3.783914338620079,19.322115771676998
3514502,2022,48,50,243,12328,3.893575600259572,19.71122647631408
3514502,2023,48,50,252,12328,3.893575600259572,20.441271901362754
3514502,2024,50,50,249,12529,3.9907414797669407,19.873892569239363
3514601,2021,5,0,131,10174,0.49144879103597405,12.87595832514252
3514601,2022,5,0,124,9471,0.5279273571956499,13.092598458452118
3514601,2023,5,0,173,9471,0.5279273571956499,18.266286558969483
3514601,2024,5,0,166,9719,0.514456219775697,17.079946496553145
3514700,2021,6,0,96,6026,0.9956853634251577,15.930965814802523
3514700,2022,6,0,107,6205,0.9669621273166801,17.244157937147463
3514700,2023,6,0,118,6205,0.9669621273166801,19.016921837228043
3514700,2024,6,0,110,6295,0.9531374106433678,17.474185861795075
3514809,2021,10,2,191,15592,0.6413545407901488,12.249871729091842
3514809,2022,15,2,173,13069,1.1477542275614048,13.237432091208202
3514809,2023,16,2,213,13069,1.2242711760654985,16.298110031371948
3514809,2024,17,2,204,13162,1.2915970217292205,15.499164260750646
3514908,2021,14,6,200,18095,0.7736943907156673,11.052777010223817
3514908,2022,14,6,195,17699,0.7910051415334199,11.017571614215493
3514908,2023,13,6,258,17699,0.7345047742810328,14.577094751115881
3514908,2024,16,6,268,18103,0.883831409158703,14.804176103408276
3514924,2021,4,0,55,3742,1.0689470871191875,14.69802244788883
3514924,2022,4,0,57,3138,1.2746972594008923,18.164435946462717
3514924,2023,4,0,58,3138,1.2746972594008923,18.483110261312937
3514924,2024,4,0,60,3189,1.2543116964565695,18.81467544684854
3514957,2021,3,0,47,2446,1.2264922322158627,19.215044971381847
3514957,2022,3,0,57,2323,1.2914334911752046,24.537236332328884
3514957,2023,3,0,86,2323,1.2914334911752046,37.021093413689194
3514957,2024,5,0,81,2353,2.1249468763280914,34.42413939651508
3515004,2021,106,88,2208,279264,0.3795691532027043,7.906497078033689
3515004,2022,134,148,2780,250691,0.5345225795900131,11.089349039255499
3515004,2023,153,188,3016,250691,0.6103130946065076,12.03074701524985
3515004,2024,175,77,2930,259323,0.6748340872194136,11.298650717445039
3515103,2021,40,19,612,70402,0.5681656771114457,8.692934859805119
3515103,2022,41,21,608,66970,0.6122144243691205,9.078691951620128
3515103,2023,43,11,530,66970,0.6420785426310288,7.913991339405704
3515103,2024,47,11,649,68805,0.6830898917229853,9.432454036770583
3515129,2021,3,0,38,3238,0.9264978381717109,11.73563928350834
3515129,2022,3,0,44,3014,0.9953550099535502,14.598540145985401
3515129,2023,4,0,48,3014,1.3271400132714002,15.925680159256803
3515129,2024,4,0,61,3062,1.3063357282821686,19.921619856303067
3515152,2021,22,0,316,21712,1.013264554163596,14.554163596168017
3515152,2022,31,0,354,19566,1.5843810692016764,18.092609628948175
3515152,2023,39,0,345,19566,1.9932536031892056,17.632628028212203
3515152,2024,46,0,343,20139,2.2841253289637025,17.0316301703163
3515186,2021,169,75,888,44607,3.788643038088192,19.907189454569913
3515186,2022,171,75,1057,39816,4.294755877034358,26.547116736990155
3515186,2023,174,77,1116,39816,4.370102471368294,28.028933092224232
3515186,2024,176,76,1221,40681,4.326343993510484,30.01401145497898
3515194,2021,5,0,55,4926,1.0150223304912709,11.165245635403979
3515194,2022,5,0,60,4157,1.2027904738994466,14.433485686793361
3515194,2023,5,0,52,4157,1.2027904738994466,12.509020928554246
3515194,2024,5,0,61,4217,1.185677021579322,14.465259663267727
3515202,2021,27,33,182,8420,3.2066508313539193,21.61520190023753
3515202,2022,28,33,185,9417,2.9733460762450887,19.64532228947648
3515202,2023,28,33,193,9417,2.9733460762450887,20.49484973983222
3515202,2024,28,47,199,9655,2.900051786639047,20.611082340756084
3515301,2021,2,0,55,2774,0.7209805335255948,19.826964671953856
3515301,2022,2,0,63,2703,0.7399186089530152,23.307436182019977
3515301,2023,2,0,71,2703,0.7399186089530152,26.26711061783204
3515301,2024,2,0,74,2749,0.7275372862859222,26.91887959257912
3515350,2021,14,0,116,9280,1.5086206896551724,12.5
3515350,2022,14,0,128,7924,1.7667844522968197,16.153457849570923
3515350,2023,14,0,132,7924,1.7667844522968197,16.658253407370015
3515350,2024,17,0,132,7928,2.1442986881937434,16.64984863773966
3515400,2021,35,12,260,16102,2.173643025711092,16.147062476710968
3515400,2022,35,12,269,16641,2.1032389880415843,16.16489393666246
3515400,2023,39,12,268,16641,2.3436091581034795,16.10480139414699
3515400,2024,36,12,274,16984,2.119642016015073,16.132830899670278
3515509,2021,408,122,1856,69680,5.855338691159587,26.636050516647533
3515509,2022,429,122,1946,71186,6.026465878122103,27.336835894698396
3515509,2023,464,112,2022,71186,6.518135588458405,28.404461551428653
3515509,2024,495,112,2124,73286,6.7543596321261905,28.982343148759654
3515608,2021,7,0,103,5805,1.205857019810508,17.743324720068905
3515608,2022,9,0,126,5942,1.5146415348367555,21.204981487714576
3515608,2023,9,0,123,5942,1.5146415348367555,20.700100976102323
3515608,2024,9,0,132,6066,1.483679525222552,21.76063303659743
3515657,2021,2,0,43,1739,1.1500862564692351,24.726854514088554
3515657,2022,3,0,41,1656,1.8115942028985508,24.75845410628019
3515657,2023,3,0,57,1656,1.8115942028985508,34.42028985507246
3515657,2024,3,0,58,1689,1.7761989342806395,34.33984606275903
3515707,2021,58,207,1619,198661,0.29195463628996127,8.149561312990471
3515707,2022,59,191,1762,179198,0.329244746035112,9.83269902565877
3515707,2023,66,197,2118,179198,0.36830768200537956,11.819328340718087
3515707,2024,70,197,2515,185622,0.3771104718190732,13.549040523213844
3515806,2021,4,0,38,1397,2.863278453829635,27.20114531138153
3515806,2022,3,0,43,1487,2.017484868863484,28.917283120376595
3515806,2023,3,0,47,1487,2.017484868863484,31.60726294552791
3515806,2024,3,0,46,1492,2.0107238605898123,30.831099195710454
3515905,2021,3,0,35,2884,1.0402219140083218,12.135922330097086
3515905,2022,3,0,36,2733,1.0976948408342482,13.172338090010976
3515905,2023,3,0,43,2733,1.0976948408342482,15.733626051957557
3515905,2024,3,0,39,2756,1.0885341074020318,14.150943396226415
3516002,2021,16,28,144,14936,1.0712372790573113,9.6411355115158
3516002,2022,18,28,152,12958,1.389103256675413,11.730205278592376
3516002,2023,18,28,153,12958,1.389103256675413,11.80737768174101
3516002,2024,20,28,158,13171,1.5184875863639815,11.996051932275453
3516101,2021,7,0,58,2631,2.6605853287723296,22.044849866970733
3516101,2022,7,0,67,3851,1.8177096857958972,17.398078421189304
3516101,2023,7,0,78,3851,1.8177096857958972,20.254479356011423
3516101,2024,7,0,82,3987,1.7557060446450965,20.566842237271132
3516200,2021,314,391,5844,358539,0.875776414839111,16.299482064712624
3516200,2022,410,358,6322,352536,1.1630017927247147,17.93292032586743
3516200,2023,486,411,6786,352536,1.3785826128395398,19.249097964463203
3516200,2024,409,444,7057,364331,1.122605542761939,19.36974893709292
3516309,2021,72,160,1832,179372,0.4014004415404857,10.213411234752359
3516309,2022,78,170,2112,165139,0.4723293710147209,12.789226045937058
3516309,2023,82,160,2200,165139,0.4965513900411168,13.32211046451777
3516309,2024,85,160,2522,171107,0.49676518202060693,14.739315165364362
3516408,2021,107,229,3321,158438,0.6753430363927845,20.96088059682652
3516408,2022,119,253,3317,144849,0.8215451953413555,22.899709352498117
3516408,2023,120,210,3492,144849,0.8284489364786778,24.107864051529525
3516408,2024,123,199,3709,149786,0.821171538060967,24.761993777789648
3516507,2021,3,0,52,2776,1.080691642651297,18.731988472622476
3516507,2022,3,0,52,2763,1.0857763300760044,18.820123054650743
3516507,2023,3,0,48,2763,1.0857763300760044,17.37242128121607
3516507,2024,3,0,46,2811,1.0672358591248667,16.364283173247955
3516606,2021,11,34,106,6419,1.7136625642623462,16.513475619255335
3516606,2022,11,34,114,6380,1.7241379310344827,17.86833855799373
3516606,2023,12,34,131,6380,1.8808777429467085,20.53291536050157
3516606,2024,13,34,144,6435,2.0202020202020203,22.377622377622377
3516705,2021,75,64,836,44429,1.6880866100970087,18.816538747214654
3516705,2022,77,79,903,42110,1.8285442887675136,21.443837568273572
3516705,2023,79,65,960,42110,1.876038945618618,22.797435288530043
3516705,2024,82,65,1024,43115,1.9018902934013684,23.750434883451238
3516804,2021,2,0,45,4911,0.4072490327835471,9.16310323762981
3516804,2022,2,0,46,3252,0.6150061500615006,14.145141451414514
3516804,2023,2,0,48,3252,0.6150061500615006,14.760147601476014
3516804,2024,2,0,49,3235,0.6182380216383307,15.146831530139105
3516853,2021,8,0,92,4841,1.6525511258004544,19.004337946705228
3516853,2022,8,0,95,4702,1.7014036580178649,20.204168438962142
3516853,2023,8,0,114,4702,1.7014036580178649,24.245002126754574
3516853,2024,9,0,121,4797,1.876172607879925,25.224098394830104
3516903,2021,19,27,124,10855,1.7503454629203132,11.423307231690465
3516903,2022,21,27,134,10312,2.0364623739332814,12.994569433669511
3516903,2023,21,27,126,10312,2.0364623739332814,12.21877424359969
3516903,2024,21,27,129,10449,2.0097616996841805,12.345679012345679
3517000,2021,18,30,118,11485,1.567261645624728,10.274270787984328
3517000,2022,19,30,116,10232,1.8569194683346366,11.336982017200938
3517000,2023,18,30,125,10232,1.7591868647380766,12.216575449569977
3517000,2024,19,30,162,10355,1.834862385321101,15.644616127474649
3517109,2021,3,0,60,4842,0.6195786864931846,12.391573729863694
3517109,2022,3,0,70,4138,0.7249879168680522,16.916384726921216
3517109,2023,3,0,70,4138,0.7249879168680522,16.916384726921216
3517109,2024,3,0,64,4173,0.7189072609633358,15.336688233884496
3517208,2021,14,0,112,12416,1.1275773195876289,9.02061855670103
3517208,2022,14,0,163,11239,1.2456624254826942,14.50306966811994
3517208,2023,14,0,161,11239,1.2456624254826942,14.325117893050983
3517208,2024,15,0,164,11459,1.30901474823283,14.311894580678942
3517307,2021,7,0,64,5806,1.2056493282810885,11.023079572855668
3517307,2022,7,0,68,5512,1.269956458635704,12.336719883889696
3517307,2023,6,0,69,5512,1.0885341074020318,12.518142235123367
3517307,2024,6,0,77,5606,1.0702818408847663,13.735283624687833
3517406,2021,80,40,435,41283,1.9378436644623696,10.537024925514135
3517406,2022,86,60,503,39279,2.1894651085821937,12.805824995544693
3517406,2023,91,60,585,39279,2.3167595916392982,14.893454517681203
3517406,2024,95,60,631,40424,2.350089056006333,15.609538887789432
3517505,2021,21,0,266,22087,0.9507855299497442,12.043283379363427
3517505,2022,23,0,277,21711,1.059370825848648,12.758509511307633
3517505,2023,24,0,270,21711,1.1054304269725024,12.436092303440653
3517505,2024,23,0,310,22316,1.030650654239111,13.8913783832228
3517604,2021,21,19,262,16896,1.2428977272727273,15.506628787878787
3517604,2022,20,20,227,17071,1.171577529142991,13.297404955772947
3517604,2023,20,0,222,17071,1.171577529142991,13.0045105734872
3517604,2024,20,0,226,17256,1.1590171534538711,13.096893834028744
3517703,2021,57,34,306,21394,2.664298401420959,14.30307562868094
3517703,2022,57,34,313,18606,3.0635278942276685,16.822530366548424
3517703,2023,58,38,340,18606,3.1172739976351713,18.273675158551004
3517703,2024,60,38,378,18790,3.1931878658861095,20.11708355508249
3517802,2021,15,23,131,8258,1.8164204407846938,15.86340518285299
3517802,2022,13,23,137,7441,1.7470770057787932,18.41150383013036
3517802,2023,13,23,141,7441,1.7470770057787932,18.949065985754604
3517802,2024,13,23,160,7486,1.7365749398877905,21.37323002938819
3517901,2021,19,0,160,11382,1.6693024073097873,14.057283429977156
3517901,2022,19,0,165,10350,1.8357487922705313,15.942028985507246
3517901,2023,19,0,198,10350,1.8357487922705313,19.130434782608695
3517901,2024,19,0,191,10542,1.8023145513185355,18.118004173781067
3518008,2021,4,0,57,1996,2.004008016032064,28.557114228456914
3518008,2022,4,0,63,1968,2.032520325203252,32.01219512195122
3518008,2023,3,0,53,1968,1.524390243902439,26.930894308943092
3518008,2024,4,0,56,1999,2.0010005002501248,28.014007003501753
3518107,2021,6,0,90,6685,0.8975317875841436,13.462976813762154
3518107,2022,6,0,91,6427,0.9335615372646647,14.159016648514081
3518107,2023,6,0,96,6427,0.9335615372646647,14.936984596234636
3518107,2024,6,0,103,6531,0.9186954524575104,15.770938600520592
3518206,2021,65,62,366,33257,1.954475749466278,11.005201912379349
3518206,2022,67,62,411,31043,2.1582965563895242,13.239699771284991
3518206,2023,74,58,457,31043,2.3837902264600714,14.721515317462874
3518206,2024,76,58,481,31872,2.384538152610442,15.091616465863455
3518305,2021,27,26,441,30465,0.8862629246676514,14.47562776957164
3518305,2022,30,23,467,31236,0.9604302727621975,14.950697912664873
3518305,2023,22,21,471,31236,0.7043155333589448,15.078755282366501
3518305,2024,22,21,449,32436,0.6782587248735973,13.842643975829326
3518404,2021,371,284,2589,123192,3.011559192155335,21.0159750633158
3518404,2022,481,300,3798,118044,4.074751787469079,32.17444342787435
3518404,2023,473,315,3997,118044,4.006980447968554,33.860255497949915
3518404,2024,409,299,4111,121710,3.36044696409498,33.777010927614825
3518503,2021,13,0,171,19244,0.6755352317605486,8.885886510081065
3518503,2022,14,0,173,15013,0.9325251448744422,11.52334643309132
3518503,2023,16,0,188,15013,1.0657430227136482,12.522480516885366
3518503,2024,19,0,195,15268,1.2444328006287662,12.7718103222426
3518602,2021,48,23,538,40857,1.1748292826198692,13.16787820936437
3518602,2022,46,28,577,37498,1.22673209237826,15.387487332657741
3518602,2023,53,22,599,37498,1.4134087151314736,15.974185289882127
3518602,2024,58,18,557,38609,1.5022404102670361,14.426688077909295
3518701,2021,370,430,4941,324977,1.138542112211018,15.204152909282811
3518701,2022,380,377,4926,287634,1.321123372063108,17.125930870481238
3518701,2023,397,417,4896,287634,1.380226259760668,17.021631656897306
3518701,2024,428,417,5360,294973,1.450980259210165,18.171154648052532
3518800,2021,613,1457,18816,1404694,0.43639397619695103,13.39508818290674
3518800,2022,788,1306,19696,1291771,0.6100152426397558,15.247284541919582
3518800,2023,897,1252,19707,1291771,0.6943955236647982,15.255799983123945
3518800,2024,1011,1283,21379,1345364,0.7514694907846501,15.89086670967857
3518859,2021,10,0,125,7760,1.288659793814433,16.10824742268041
3518859,2022,10,0,175,7320,1.366120218579235,23.90710382513661
3518859,2023,10,0,157,7320,1.366120218579235,21.448087431693992
3518859,2024,11,0,156,7462,1.474135620477084,20.905923344947738
3518909,2021,3,0,43,5346,0.5611672278338945,8.043396932285821
3518909,2022,3,0,55,4246,0.7065473386716911,12.953367875647668
3518909,2023,3,0,55,4246,0.7065473386716911,12.953367875647668
3518909,2024,3,0,54,4276,0.7015902712815715,12.628624883068289
3519006,2021,16,56,117,9649,1.6582029225826511,12.125608871385635
3519006,2022,16,56,124,9125,1.7534246575342467,13.589041095890412
3519006,2023,16,56,139,9125,1.7534246575342467,15.232876712328766
3519006,2024,16,56,151,9302,1.7200602021070737,16.233068157385507
3519055,2021,26,0,138,15605,1.6661326497917335,8.843319448894585
3519055,2022,29,0,172,15094,1.9212932290976545,11.395256393268848
3519055,2023,28,0,146,15094,1.855041738439115,9.672717636146814
3519055,2024,37,0,171,15596,2.3724031803026415,10.964349833290587
3519071,2021,184,92,2202,237570,0.7745085658963673,9.268847076651092
3519071,2022,193,96,2213,236641,0.815581408124543,9.351718425801108
3519071,2023,201,93,2322,236641,0.8493878913628661,9.812331759923259
3519071,2024,208,80,2841,247331,0.8409782841617104,11.486631275497208
3519105,2021,17,22,132,12002,1.41643059490085,10.998166972171305
3519105,2022,18,22,134,10437,1.7246335153779822,12.838938392258312
3519105,2023,19,22,132,10437,1.8204464884545366,12.647312446105202
3519105,2024,20,22,151,10633,1.880936706479827,14.201072133922693
3519204,2021,5,0,72,6269,0.7975753708725474,11.485085340564684
3519204,2022,5,0,74,6131,0.8155276463872125,12.069809166530744
3519204,2023,7,0,87,6131,1.1417387049420975,14.190181047137498
3519204,2024,7,0,87,6207,1.127758981794748,14.01643305944901
3519253,2021,8,0,126,9786,0.8174943797261394,12.875536480686696
3519253,2022,8,0,126,8010,0.9987515605493134,15.730337078651687
3519253,2023,8,0,117,8010,0.9987515605493134,14.606741573033709
3519253,2024,9,0,116,8257,1.089984255782972,14.048685963424974
3519303,2021,49,14,236,35830,1.367569076193134,6.5866592241138715
3519303,2022,52,14,261,32178,1.6160109391509727,8.111131829200074
3519303,2023,53,14,252,32178,1.6470880725961838,7.831437628193175
3519303,2024,58,14,332,33110,1.7517366354575656,10.027182120205376
3519402,2021,21,19,147,12639,1.661523854735343,11.630666983147401
3519402,2022,21,19,151,11690,1.7964071856287425,12.917023096663815
3519402,2023,21,27,154,11690,1.7964071856287425,13.173652694610778
3519402,2024,22,27,162,11934,1.8434724317077258,13.574660633484163
3519501,2021,6,0,101,7926,0.757002271006813,12.742871561948018
3519501,2022,5,0,107,6385,0.7830853563038371,16.758026624902115
3519501,2023,7,0,108,6385,1.096319498825372,16.91464369616288
3519501,2024,7,0,102,6461,1.0834236186348862,15.787029871536912
3519600,2021,157,75,845,61150,2.567457072771872,13.818479149632052
3519600,2022,156,81,875,60033,2.598570786067663,14.575316909033365
3519600,2023,166,76,937,60033,2.7651458364566155,15.608082221444871
3519600,2024,169,76,921,61908,2.7298572074691476,14.876914130645474
3519709,2021,59,37,544,80062,0.7369288801179087,6.7947340810871575
3519709,2022,60,35,648,75605,0.7935983069902784,8.570861715495008
3519709,2023,59,38,669,75605,0.7803716685404404,8.848621122941603
3519709,2024,59,38,731,77651,0.7598099187389731,9.413916111833718
3519808,2021,21,0,182,8363,2.5110606241779267,21.76252540954203
3519808,2022,21,0,182,7819,2.6857654431512983,23.276633840644582
3519808,2023,20,0,184,7819,2.557871850620284,23.53242102570661
3519808,2024,21,0,200,7969,2.635211444346844,25.097251850922323
3519907,2021,21,13,154,8228,2.552260573650948,18.71657754010695
3519907,2022,22,13,148,7619,2.8875180469877937,19.425121407008795
3519907,2023,25,13,178,7619,3.2812705079406745,23.362646016537603
3519907,2024,25,13,176,7739,3.230391523452642,22.741956325106603
3520004,2021,15,0,188,24821,0.6043269811852866,7.574231497522259
3520004,2022,14,0,191,23106,0.6059032285986324,8.266251190167056
3520004,2023,14,0,206,23106,0.6059032285986324,8.915433220808449
3520004,2024,18,0,204,23430,0.7682458386683739,8.706786171574905
3520103,2021,64,54,486,30791,2.0785294404209025,15.783832938196227
3520103,2022,66,50,436,26212,2.517930718754769,16.633602929955746
3520103,2023,69,40,481,26212,2.632382115061804,18.35037387456127
3520103,2024,75,40,518,26755,2.8032143524574846,19.360867127639693
3520202,2021,8,8,144,9631,0.8306510227390718,14.951718409303291
3520202,2022,8,8,133,10605,0.7543611504007544,12.541254125412541
3520202,2023,9,8,145,10605,0.8486562942008486,13.672795851013673
3520202,2024,10,8,143,10904,0.917094644167278,13.114453411592077
3520301,2021,29,9,348,31117,0.9319664492078285,11.183597390493942
3520301,2022,32,9,316,29115,1.0990898162459213,10.853511935428473
3520301,2023,29,9,404,29115,0.9960501459728662,13.876008930104758
3520301,2024,31,0,449,29881,1.0374485458987317,15.026270874468727
3520400,2021,31,49,912,36194,0.8564955517489087,25.197546554677572
3520400,2022,34,50,1064,34934,0.9732638690101334,30.457434018434764
3520400,2023,38,30,1102,34934,1.0877655006583844,31.545199519093146
3520400,2024,44,30,1150,36329,1.211153623826695,31.65515153183407
3520426,2021,12,0,158,11552,1.0387811634349031,13.677285318559557
3520426,2022,12,0,171,13419,0.894254415381176,12.743125419181759
3520426,2023,13,0,191,13419,0.9687756166629407,14.23354944481705
3520426,2024,13,0,228,13955,0.9315657470440702,16.338230025080616
3520442,2021,111,89,628,26886,4.1285427359964295,23.357881425277096
3520442,2022,121,89,686,25549,4.735997495009589,26.850365963442794
3520442,2023,120,83,707,25549,4.69685701984422,27.672315941915535
3520442,2024,129,83,666,26240,4.916158536585366,25.38109756097561
3520509,2021,398,235,3645,260690,1.5267175572519083,13.982124362269362
3520509,2022,423,273,4222,255748,1.6539718785679653,16.50843799365
3520509,2023,418,257,4393,255748,1.6344213835494315,17.177064923283858
3520509,2024,335,330,4686,267796,1.2509522173594827,17.498394300138912
3520608,2021,8,0,75,4873,1.6416991586291811,15.390929612148573
3520608,2022,8,0,77,5090,1.5717092337917484,15.12770137524558
3520608,2023,9,0,80,5090,1.768172888015717,15.717092337917483
3520608,2024,9,0,82,5191,1.7337699865151224,15.796570988248892
3520707,2021,6,32,108,3876,1.5479876160990713,27.86377708978328
3520707,2022,6,32,116,4035,1.486988847583643,28.748451053283766
3520707,2023,6,32,112,4035,1.486988847583643,27.75712515489467
3520707,2024,7,32,119,4109,1.7035775127768313,28.960817717206133
3520806,2021,2,0,55,4045,0.4944375772558715,13.597033374536464
3520806,2022,2,0,61,3615,0.5532503457814661,16.874135546334717
3520806,2023,2,0,67,3615,0.5532503457814661,18.533886583679116
3520806,2024,2,0,61,3671,0.5448106782892945,16.616725687823482
3520905,2021,20,29,129,15165,1.3188262446422685,8.506429277942631
3520905,2022,20,35,165,13712,1.4585764294049008,12.033255542590432
3520905,2023,19,35,181,13712,1.3856476079346558,13.200116686114352
3520905,2024,20,35,188,13933,1.4354410392593124,13.493145769037536
3521002,2021,32,13,294,38771,0.8253591601970546,7.5829872843104384
3521002,2022,31,13,322,36459,0.8502701664883843,8.831838503524507
3521002,2023,31,13,336,36459,0.8502701664883843,9.215831481938617
3521002,2024,31,13,410,37999,0.8158109423932209,10.789757625200663
3521101,2021,8,0,123,7824,1.0224948875255624,15.72085889570552
3521101,2022,9,0,150,6831,1.3175230566534915,21.958717610891522
3521101,2023,8,0,203,6831,1.1711316059142145,29.7174645000732
3521101,2024,9,1,245,6999,1.2858979854264896,35.00500071438777
3521150,2021,4,0,97,5557,0.7198128486593486,17.455461579989205
3521150,2022,3,0,119,6761,0.44372134299659816,17.600946605531725
3521150,2023,3,0,106,6761,0.44372134299659816,15.678154119213136
3521150,2024,3,0,101,7037,0.4263180332528066,14.352707119511155
3521200,2021,5,0,72,4180,1.1961722488038278,17.22488038277512
3521200,2022,5,0,77,4046,1.235788433020267,19.031141868512112
3521200,2023,5,0,94,4046,1.235788433020267,23.23282254078102
3521200,2024,5,0,100,4091,1.2221950623319482,24.443901246638962
3521309,2021,46,44,325,16794,2.7390734786233177,19.352149577229966
3521309,2022,58,45,395,14454,4.012730040127301,27.328075273280753
3521309,2023,60,43,366,14454,4.151100041511,25.321710253217102
3521309,2024,62,43,394,14691,4.220270914165135,26.81914097066231
3521408,2021,32,2,233,24982,1.2809222640301017,9.326715234969177
3521408,2022,37,15,255,21967,1.6843446988664816,11.608321573268995
3521408,2023,29,2,255,21967,1.3201620612737288,11.608321573268995
3521408,2024,30,2,286,22435,1.337196344996657,12.74793848896813
3521507,2021,9,0,106,8101,1.11097395383286,13.084804345142574
3521507,2022,10,0,109,6867,1.4562399883500803,15.873015873015872
3521507,2023,11,0,115,6867,1.601863987185088,16.746759866025922
3521507,2024,11,0,124,6946,1.5836452634609846,17.852001151742012
3521606,2021,11,0,102,8356,1.3164193393968406,12.206797510770704
3521606,2022,6,0,105,7085,0.8468595624558928,14.820042342978123
3521606,2023,8,0,115,7085,1.1291460832745237,16.231474947071277
3521606,2024,9,0,125,7145,1.2596221133659902,17.49475157452764
3521705,2021,23,12,184,17405,1.3214593507612755,10.571674806090204
3521705,2022,24,12,214,17983,1.334593783017294,11.900127898570872
3521705,2023,24,12,232,17983,1.334593783017294,12.901073235833843
3521705,2024,27,12,276,18258,1.4788038120276044,15.116661189615511
3521804,2021,30,25,230,27632,1.0856977417486973,8.32368268674001
3521804,2022,31,25,247,25180,1.2311358220810167,9.809372517871326
3521804,2023,32,25,248,25180,1.2708498808578237,9.849086576648133
3521804,2024,24,21,246,25930,0.9255688391824142,9.487080601619745
3521903,2021,30,46,275,15331,1.9568195160133066,17.937512230121975
3521903,2022,30,50,243,16989,1.7658484901995408,14.303372770616281
3521903,2023,31,50,239,16989,1.8247101065395255,14.067926305256343
3521903,2024,35,35,276,17420,2.0091848450057403,15.843857634902411
3522000,2021,3,0,51,3937,0.762001524003048,12.954025908051815
3522000,2022,2,0,45,3618,0.5527915975677169,12.437810945273633
3522000,2023,2,0,43,3618,0.5527915975677169,11.885019347705915
3522000,2024,2,0,47,3702,0.5402485143165856,12.69584008643976
3522109,2021,85,127,2062,104351,0.8145585571772193,19.760232292934422
3522109,2022,91,125,2048,112476,0.8090614886731392,18.20832888794054
3522109,2023,96,118,2220,112476,0.8535154166222128,19.73754400938867
3522109,2024,100,118,2197,117435,0.851534891642185,18.708221569378804
3522158,2021,4,0,43,3332,1.2004801920768307,12.90516206482593
3522158,2022,4,0,44,3422,1.1689070718877848,12.857977790765634
3522158,2023,4,0,41,3422,1.1689070718877848,11.981297486849796
3522158,2024,4,0,44,3490,1.146131805157593,12.607449856733524
3522208,2021,72,284,2403,179574,0.40094891242607505,13.381669952220255
3522208,2022,75,247,2513,158522,0.47312045015833765,15.8526892166387
3522208,2023,80,247,2736,158522,0.5046618135022268,17.25943402177616
3522208,2024,89,199,3026,163928,0.5429212825142746,18.459323605485334
3522307,2021,415,143,2540,167106,2.4834536162675187,15.199932976673487
3522307,2022,435,153,2692,157790,2.756828696368591,17.06065023132011
3522307,2023,448,141,2785,157790,2.8392166803979975,17.650041193992013
3522307,2024,466,180,3009,163774,2.8453844932651093,18.372879700074492
3522406,2021,282,125,1985,95241,2.960909692254386,20.841864323138143
3522406,2022,294,158,2121,89728,3.2765691868758915,23.638106276747504
3522406,2023,315,135,2018,89728,3.5106098430813124,22.490192582025678
3522406,2024,339,135,2104,92324,3.671851306269226,22.78930722239071
3522505,2021,112,301,3656,244131,0.4587700865518922,14.975566396729624
3522505,2022,122,375,4271,232297,0.5251897355540537,18.38594557828986
3522505,2023,124,331,4382,232297,0.5337994033500217,18.86378214096609
3522505,2024,127,331,4603,241924,0.5249582513516642,19.026636464344175
3522604,2021,152,137,2306,75683,2.0083770463644415,30.469193874450006
3522604,2022,158,120,2212,72022,2.193774124573047,30.71283774402266
3522604,2023,160,110,2307,72022,2.221543417289162,32.0318791480381
3522604,2024,166,110,2420,73919,2.2457013758303006,32.738538129574266
3522653,2021,7,0,64,4294,1.6301816488122962,14.904517931998138
3522653,2022,7,0,72,4306,1.625638643752903,16.72085462145843
3522653,2023,7,0,78,4306,1.625638643752903,18.114259173246634
3522653,2024,7,0,88,4405,1.5891032917139616,19.977298524404087
3522703,2021,95,74,579,43536,2.1821021683204704,13.29933847850055
3522703,2022,97,79,604,39493,2.456131466335806,15.29384954295698
3522703,2023,101,79,654,39493,2.5574152381434683,16.559896690552755
3522703,2024,109,79,666,40464,2.6937524713325427,16.459074733096084
3522802,2021,19,37,243,15197,1.2502467592287951,15.98999802592617
3522802,2022,19,34,255,14085,1.348952786652467,18.104366347177848
3522802,2023,19,30,264,14085,1.348952786652467,18.743343982960596
3522802,2024,22,30,266,14260,1.5427769985974753,18.65357643758766
3522901,2021,14,21,193,14297,0.9792264111352033,13.4993355249353
3522901,2022,15,21,199,13659,1.098177026136613,14.569148546745737
3522901,2023,15,21,184,13659,1.098177026136613,13.470971520609123
3522901,2024,16,25,182,13984,1.1441647597254005,13.01487414187643
3523008,2021,5,0,68,4994,1.001201441730076,13.616339607529035
3523008,2022,5,0,65,3979,1.2565971349585323,16.33576275446092
3523008,2023,5,0,71,3979,1.2565971349585323,17.84367931641116
3523008,2024,5,0,71,4014,1.2456402590931739,17.68809167912307
3523107,2021,97,190,2930,379082,0.255881313277866,7.729198432001519
3523107,2022,100,199,3087,369275,0.270800893642949,8.359623586757836
3523107,2023,95,182,3053,369275,0.25726084896080154,8.267551282919232
3523107,2024,113,199,3325,382521,0.29540861808894153,8.692333231378147
3523206,2021,81,58,586,50778,1.5951790145338531,11.540430895269607
3523206,2022,81,58,578,44438,1.8227643008236194,13.006885998469778
3523206,2023,86,58,628,44438,1.9352806156892748,14.132049147126333
3523206,2024,88,58,668,45327,1.9414477022525205,14.737353012553225
3523305,2021,13,0,163,17754,0.7322293567646727,9.181029627126282
3523305,2022,12,0,169,15528,0.7727975270479134,10.883565172591448
3523305,2023,12,0,238,15528,0.7727975270479134,15.327150953116949
3523305,2024,12,0,236,15762,0.7613247049866768,14.97271919807131
3523404,2021,200,106,1617,124254,1.6096061293801407,13.013665556038438
3523404,2022,208,128,1636,121590,1.710666995641089,13.455053869561642
3523404,2023,215,106,1659,121590,1.7682375195328563,13.644214162348877
3523404,2024,230,106,1846,126403,1.819577066999992,14.60408376383472
3523503,2021,20,12,156,21139,0.9461185486541464,7.379724679502341
3523503,2022,21,12,162,19070,1.1012060828526482,8.495018353434714
3523503,2023,21,12,170,19070,1.1012060828526482,8.914525432616674
3523503,2024,22,12,192,19427,1.132444535955114,9.883152313790085
3523602,2021,27,17,300,18610,1.4508328855454056,16.12036539494895
3523602,2022,24,16,301,16148,1.4862521674510776,18.640079266782262
3523602,2023,28,11,342,16148,1.7339608620262572,21.179093386177854
3523602,2024,31,11,387,16433,1.8864480009736506,23.550173431509766
3523701,2021,6,0,72,6587,0.9108850766661606,10.930620919993927
3523701,2022,7,0,88,5779,1.211282228759301,15.227548018688355
3523701,2023,7,0,112,5779,1.211282228759301,19.380515660148816
3523701,2024,7,0,98,5861,1.1943354376386282,16.720696126940794
3523800,2021,6,0,67,7862,0.7631645891630628,8.522004578987534
3523800,2022,6,0,71,8046,0.7457121551081282,8.824260502112852
3523800,2023,8,0,73,8046,0.9942828734775043,9.072831220482229
3523800,2024,8,0,76,8210,0.97442143727162,9.25700365408039
3523909,2021,343,150,2678,177150,1.9362122495060683,15.11713237369461
3523909,2022,357,128,3183,168240,2.1219686162624822,18.919400855920117
3523909,2023,368,217,3474,168240,2.187351402757965,20.6490727532097
3523909,2024,374,246,3765,174561,2.1425175153671208,21.56839156512623
3524006,2021,59,35,767,64330,0.9171459661122338,11.92289755945904
3524006,2022,65,31,912,70616,0.9204712812960235,12.914920131414975
3524006,2023,65,31,898,70616,0.9204712812960235,12.716664778520448
3524006,2024,72,31,1069,74119,0.9714108393259488,14.422752600547769
3524105,2021,204,108,1036,42259,4.827374050498118,24.515487825078683
3524105,2022,219,120,1018,37571,5.828963828484735,27.095366106837723
3524105,2023,224,95,1026,37571,5.962045194431876,27.308296292353145
3524105,2024,230,95,1128,38451,5.981638969077528,29.336038074432395
3524204,2021,9,9,127,6963,1.2925463162429986,18.239264684762315
3524204,2022,11,10,129,6221,1.76820446873493,20.736216042436908
3524204,2023,12,9,132,6221,1.9289503295290145,21.21845362481916
3524204,2024,13,9,137,6293,2.0657873828062927,21.77022088034324
3524303,2021,186,116,1337,78029,2.383729126350459,17.13465506414282
3524303,2022,200,116,1532,71821,2.7847008535108118,21.330808537892818
3524303,2023,231,109,1704,71821,3.2163294858049873,23.725651271912113
3524303,2024,239,109,1780,73467,3.253161283297263,24.22856520614698
3524402,2021,433,408,5039,237119,1.82608732324276,21.250933075797384
3524402,2022,470,368,5613,240275,1.9560919779419415,23.36073249401727
3524402,2023,493,375,6057,240275,2.0518156279263344,25.208615128498593
3524402,2024,530,364,6194,249968,2.1202713947385265,24.77917173398195
3524501,2021,9,36,210,7322,1.229172357279432,28.680688336520074
3524501,2022,9,36,220,7613,1.1821883620123472,28.897937738079598
3524501,2023,9,36,236,7613,1.1821883620123472,30.99960593721266
3524501,2024,8,17,222,7878,1.0154861640010155,28.17974105102818
3524600,2021,21,0,235,17911,1.1724638490313215,13.120428786779074
3524600,2022,22,0,233,16097,1.3667142945890538,14.474746847238617
3524600,2023,22,0,247,16097,1.3667142945890538,15.344474125613468
3524600,2024,24,0,274,16254,1.4765596160944998,16.857388950412204
3524709,2021,104,67,1145,59921,1.7356185644431836,19.10849284891774
3524709,2022,112,74,1626,59347,1.887205755977556,27.39818356445987
3524709,2023,117,68,1767,59347,1.9714560129408394,29.77404081082447
3524709,2024,123,68,1825,61801,1.9902590572968073,29.530266500542062
3524808,2021,234,162,1612,49291,4.747316954413584,32.703739019293586
3524808,2022,233,163,1702,48776,4.776939478432015,34.89421026734459
3524808,2023,238,153,1733,48776,4.879448909299655,35.52976873872396
3524808,2024,233,153,1801,50017,4.658416138512905,36.00775736249675
3524907,2021,7,0,79,6828,1.0251903925014645,11.570005858230815
3524907,2022,7,0,81,6397,1.0942629357511333,12.66218539940597
3524907,2023,4,0,79,6397,0.6252931061435048,12.34953884633422
3524907,2024,7,0,90,6575,1.064638783269962,13.688212927756654
3525003,2021,57,30,920,127734,0.44623984217201373,7.2024676280395195
3525003,2022,62,18,875,118045,0.5252234317421323,7.412427464102673
3525003,2023,66,10,861,118045,0.559108814435173,7.2938286246770305
3525003,2024,70,10,949,121988,0.5738269337967669,7.779453716759026
3525102,2021,65,0,451,45544,1.4271912875461092,9.90251185666608
3525102,2022,70,0,527,45282,1.545868115365929,11.638178525683495
3525102,2023,70,0,508,45282,1.545868115365929,11.218585751512743
3525102,2024,72,0,508,46868,1.5362294102585987,10.838951950157892
3525201,2021,28,11,338,31173,0.8982131973181919,10.842716453341032
3525201,2022,28,11,356,37535,0.7459704276009058,9.484481150925802
3525201,2023,27,11,372,37535,0.7193286266151592,9.91074996669775
3525201,2024,30,11,359,39531,0.7588980799878576,9.081480357188031
3525300,2021,479,543,5346,153463,3.121273531730776,34.835758456435755
3525300,2022,480,699,5424,133497,3.5955864176723074,40.63012651969707
3525300,2023,478,624,5449,133497,3.5806048075986725,40.8173966456175
3525300,2024,500,625,5597,137323,3.6410506615789053,40.75792110571427
3525409,2021,3,0,65,3143,0.9545020680878142,20.680878141902642
3525409,2022,3,0,67,3863,0.7765984985762361,17.344033134869274
3525409,2023,3,0,71,3863,0.7765984985762361,18.379497799637587
3525409,2024,3,0,71,3976,0.7545271629778671,17.857142857142858
3525508,2021,11,9,150,13453,0.8176614881439085,11.149929383780568
3525508,2022,13,9,154,12815,1.0144362075692548,12.01716738197425
3525508,2023,13,9,149,12815,1.0144362075692548,11.626999609832227
3525508,2024,19,9,195,13095,1.4509354715540281,14.891179839633446
3525607,2021,7,0,69,4577,1.529386060738475,15.07537688442211
3525607,2022,6,0,76,4371,1.3726835964310227,17.38732555479295
3525607,2023,6,0,75,4371,1.3726835964310227,17.158544955387786
3525607,2024,6,0,80,4456,1.3464991023339319,17.953321364452425
3525706,2021,68,30,432,37707,1.803378683003156,11.456758692020049
3525706,2022,70,44,466,36633,1.9108454126061203,12.720770889635029
3525706,2023,75,44,424,36633,2.0473343706494145,11.574263642071356
3525706,2024,78,44,446,37859,2.060276288333025,11.780554161493965
3525805,2021,5,0,62,4824,1.0364842454394694,12.85240464344942
3525805,2022,5,0,76,4254,1.1753643629525152,17.865538316878233
3525805,2023,5,0,75,4254,1.1753643629525152,17.63046544428773
3525805,2024,4,0,66,4308,0.9285051067780873,15.32033426183844
3525854,2021,6,0,51,3467,1.7306028266512836,14.71012402653591
3525854,2022,6,0,52,3056,1.963350785340314,17.015706806282722
3525854,2023,5,0,55,3056,1.6361256544502618,17.99738219895288
3525854,2024,5,0,58,3123,1.601024655779699,18.57188600704451
3525904,2021,1686,767,9020,426935,3.9490788995982995,21.127337885158163
3525904,2022,1762,793,11105,443221,3.975443401824372,25.055220758944184
3525904,2023,1823,805,11712,443221,4.113072259662786,26.424740704975623
3525904,2024,1906,845,12687,460313,4.140660811230619,27.56168085628692
3526001,2021,36,32,349,20978,1.7160835160644485,16.636476308513682
3526001,2022,36,31,365,20448,1.7605633802816902,17.850156494522693
3526001,2023,37,31,399,20448,1.8094679186228484,19.512910798122068
3526001,2024,37,31,365,20878,1.7722004023373887,17.482517482517483
3526100,2021,15,0,241,18627,0.8052826542116283,12.938207977666828
3526100,2022,16,0,236,17154,0.9327270607438498,13.757724145971785
3526100,2023,16,0,241,17154,0.9327270607438498,14.049201352454238
3526100,2024,16,0,236,17255,0.927267458707621,13.677195015937409
3526209,2021,15,5,348,31844,0.47104635096093456,10.928275342293682
3526209,2022,17,20,363,27404,0.6203473945409429,13.246241424609545
3526209,2023,16,1,363,27404,0.5838563713326521,13.246241424609545
3526209,2024,18,1,362,28007,0.6426964687399579,12.92534009354804
3526308,2021,8,0,84,4882,1.6386726751331422,17.206063088897995
3526308,2022,8,0,89,5083,1.5738736966358449,17.509344875073776
3526308,2023,8,0,93,5083,1.5738736966358449,18.296281723391697
3526308,2024,9,0,96,5182,1.7367811655731378,18.52566576611347
3526407,2021,91,38,412,29047,3.132853650979447,14.183908837401452
3526407,2022,91,43,447,26261,3.465214576748791,17.021438635238567
3526407,2023,95,28,440,26261,3.617531701001485,16.754883667796353
3526407,2024,98,28,435,27009,3.6284201562442147,16.10574253026769
3526506,2021,8,0,89,12581,0.6358795008345918,7.074159446784834
3526506,2022,9,0,95,9689,0.928888430178553,9.804933429662503
3526506,2023,9,0,97,9689,0.928888430178553,10.011353080813294
3526506,2024,9,0,104,9909,0.9082652134423251,10.495509133111314
3526605,2021,5,0,81,7361,0.6792555359326179,11.003939682108408
3526605,2022,7,0,84,7171,0.9761539534235114,11.713847441082136
3526605,2023,9,0,79,7171,1.255055082973086,11.0165946172082
3526605,2024,11,0,80,7328,1.5010917030567685,10.91703056768559
3526704,2021,213,88,1639,105273,2.023310820438289,15.569044294358477
3526704,2022,221,88,1636,98161,2.2514033068122776,16.666496877578673
3526704,2023,217,93,1677,98161,2.2106539256935034,17.084178034046108
3526704,2024,230,93,1792,101316,2.270125152986695,17.687235974574598
3526803,2021,225,77,1060,69533,3.2358736139674686,15.244560136913408
3526803,2022,249,86,1153,66505,3.744079392526878,17.337042327644536
3526803,2023,264,68,1281,66505,3.969626343883918,19.261709645891287
3526803,2024,294,68,1411,68395,4.29855983624534,20.630163023612837
3526902,2021,836,445,6205,310783,2.6899798251513114,19.9656995395501
3526902,2022,1019,412,7810,291869,3.491292326351891,26.7585800478982
3526902,2023,1056,396,7647,291869,3.618061527603137,26.200110323467037
3526902,2024,1094,388,7790,300728,3.6378388444042455,25.903806762256924
3527009,2021,14,0,140,8201,1.7071088891598585,17.071088891598585
3527009,2022,14,0,135,7014,1.996007984031936,19.24721984602224
3527009,2023,15,0,155,7014,2.1385799828913603,22.09865982321072
3527009,2024,22,0,182,7147,3.078214635511403,25.465230166503428
3527108,2021,523,170,1878,78978,6.622097292917015,23.77877383575173
3527108,2022,549,180,1974,74779,7.341633346260314,26.39778547453162
3527108,2023,572,137,2053,74779,7.64920632797978,27.45423180304631
3527108,2024,576,127,2109,76729,7.506940009644333,27.486348056145655
3527207,2021,290,166,2523,89532,3.239065362105169,28.179868650314972
3527207,2022,340,163,2961,84855,4.00683518944081,34.894820576277176
3527207,2023,342,149,2911,84855,4.030404808202227,34.30558010724177
3527207,2024,344,157,2938,87370,3.9372782419594827,33.627103124642325
3527256,2021,5,0,35,2311,2.163565556036348,15.144958892254435
3527256,2022,5,0,37,1950,2.5641025641025643,18.974358974358974
3527256,2023,4,0,37,1950,2.051282051282051,18.974358974358974
3527256,2024,4,0,40,1968,2.032520325203252,20.32520325203252
3527306,2021,44,36,837,51007,0.8626266982963123,16.40951241986394
3527306,2022,46,35,929,51847,0.8872258761355527,17.91810519412888
3527306,2023,48,24,1006,51847,0.9258009142284028,19.40324416070361
3527306,2024,48,24,1022,54111,0.8870654765204856,18.88710243758201
3527405,2021,38,32,289,22022,1.7255471800926345,13.123240395967668
3527405,2022,42,36,315,20061,2.0936144758486614,15.702108568864961
3527405,2023,40,36,297,20061,1.9939185484272965,14.804845222072679
3527405,2024,41,36,312,20372,2.012566267425879,15.315138425289613
3527504,2021,3,0,39,2412,1.243781094527363,16.16915422885572
3527504,2022,3,0,42,2372,1.2647554806070826,17.706576728499158
3527504,2023,3,0,47,2372,1.2647554806070826,19.81450252951096
3527504,2024,3,0,56,2419,1.2401818933443571,23.15006200909467
3527603,2021,21,0,375,15628,1.343742001535705,23.995392884566165
3527603,2022,22,0,271,12265,1.7937219730941705,22.095393395841825
3527603,2023,26,0,315,12265,2.119853240929474,25.68283734203017
3527603,2024,24,0,294,12531,1.9152501795547043,23.461814699545126
3527702,2021,7,3,78,5918,1.1828320378506252,13.18012842176411
3527702,2022,7,0,101,4701,1.4890448840672197,21.484790470112742
3527702,2023,6,0,89,4701,1.2763241863433312,18.93214209742608
3527702,2024,7,0,92,4751,1.4733740265207325,19.3643443485582
3527801,2021,5,0,46,4608,1.0850694444444444,9.982638888888888
3527801,2022,5,0,50,3981,1.2559658377292138,12.559658377292138
3527801,2023,5,0,38,3981,1.2559658377292138,9.545340366742025
3527801,2024,4,0,46,4017,0.9957679860592482,11.451331839681353
3527900,2021,3,0,53,2623,1.143728555089592,20.205871139916127
3527900,2022,3,0,50,2661,1.1273957158962795,18.789928598271327
3527900,2023,3,0,70,2661,1.1273957158962795,26.305900037579857
3527900,2024,4,0,74,2699,1.4820303816228233,27.41756206002223
3528007,2021,32,24,251,17263,1.8536754909343685,14.539767132016452
3528007,2022,35,30,235,16829,2.0797433002555112,13.963990730287005
3528007,2023,35,24,267,16829,2.0797433002555112,15.865470319092044
3528007,2024,38,24,262,17120,2.2196261682242993,15.30373831775701
3528106,2021,11,17,110,8174,1.3457303645705898,13.457303645705897
3528106,2022,10,17,120,7481,1.336719689881032,16.040636278572386
3528106,2023,11,14,131,7481,1.4703916588691353,17.51102793744152
3528106,2024,10,14,130,7587,1.3180440226703571,17.13457229471464
3528205,2021,4,0,52,3686,1.0851871947911014,14.10743353228432
3528205,2022,4,0,69,3963,1.0093363613424173,17.4110522331567
3528205,2023,4,0,77,3963,1.0093363613424173,19.429724955841532
3528205,2024,4,0,92,4048,0.9881422924901185,22.727272727272727
3528304,2021,5,0,56,3086,1.6202203499675956,18.14646791963707
3528304,2022,4,0,54,3165,1.2638230647709319,17.061611374407583
3528304,2023,4,0,63,3165,1.2638230647709319,19.90521327014218
3528304,2024,4,0,70,3212,1.2453300124533002,21.793275217932752
3528403,2021,68,0,407,47723,1.4248894662950777,8.528382540913187
3528403,2022,70,0,414,50027,1.3992444080196693,8.275531213144902
3528403,2023,70,0,494,50027,1.3992444080196693,9.874667679453095
3528403,2024,71,0,527,51660,1.3743708865660085,10.201316298877273
3528502,2021,62,72,1025,103645,0.5981957643880554,9.889526749963819
3528502,2022,55,47,1011,93853,0.5860228229252128,10.772164981407094
3528502,2023,56,32,948,93853,0.5966777833420349,10.100902475147306
3528502,2024,54,32,1156,97399,0.554420476596269,11.868705017505313
3528601,2021,15,0,149,9972,1.5042117930204573,14.941837144003209
3528601,2022,15,0,147,9871,1.5196028771147807,14.89210819572485
3528601,2023,15,0,180,9871,1.5196028771147807,18.23523452537737
3528601,2024,15,0,228,10092,1.4863258026159334,22.592152199762186
3528700,2021,5,0,69,6039,0.8279516476237788,11.425732737208149
3528700,2022,5,0,68,4573,1.0933741526350316,14.869888475836431
3528700,2023,5,0,65,4573,1.0933741526350316,14.213863984255411
3528700,2024,5,0,66,4627,1.080613788631943,14.264102009941647
3528809,2021,15,17,200,14069,1.066173857417016,14.215651432226881
3528809,2022,15,17,204,12673,1.1836187169573107,16.097214550619427
3528809,2023,16,17,213,12673,1.2625266314211314,16.807385780793812
3528809,2024,17,17,220,12826,1.3254327147980665,17.152658662092627
3528858,2021,4,0,87,3097,1.2915724895059735,28.091701646754924
3528858,2022,4,0,96,3292,1.215066828675577,29.16160388821385
3528858,2023,4,0,121,3292,1.215066828675577,36.755771567436206
3528858,2024,4,0,87,3392,1.1792452830188678,25.64858490566038
3528908,2021,4,0,44,4098,0.9760858955588092,10.736944851146902
3528908,2022,4,0,46,3513,1.138627953316254,13.09422146313692
3528908,2023,4,0,50,3513,1.138627953316254,14.232849416453174
3528908,2024,4,0,48,3539,1.1302627860977679,13.563153433173213
3529005,2021,977,781,6667,242249,4.0330403840676325,27.521269437644737
3529005,2022,1008,780,7128,237627,4.241942203537477,29.996591296443583
3529005,2023,1033,712,7517,237627,4.347149103426799,31.633610658721445
3529005,2024,1075,671,8196,246627,4.358809051725886,33.232371151577084
3529104,2021,3,0,48,2101,1.4278914802475011,22.846263683960018
3529104,2022,3,0,46,1860,1.6129032258064515,24.731182795698924
3529104,2023,3,0,47,1860,1.6129032258064515,25.268817204301076
3529104,2024,3,0,55,1870,1.6042780748663101,29.41176470588235
3529203,2021,42,30,398,26791,1.5676906423799037,14.855735134933374
3529203,2022,44,38,492,24881,1.7684176681001569,19.774124834210845
3529203,2023,48,30,434,24881,1.9291829106547165,17.443028817169726
3529203,2024,45,30,451,25299,1.7787264318747777,17.82679157278944
3529302,2021,227,189,1386,84069,2.700162961376964,16.486457552724545
3529302,2022,237,166,1507,79033,2.9987473586982656,19.0679842597396
3529302,2023,256,166,1638,79033,3.2391532650917974,20.725519719610794
3529302,2024,274,167,1766,80998,3.3827995752981557,21.803007481666214
3529401,2021,304,391,5728,481725,0.6310654419014998,11.890601484249313
3529401,2022,310,612,5883,418261,0.7411640100320135,14.065380229091405
3529401,2023,316,473,6127,418261,0.7555091199036008,14.648748030535957
3529401,2024,354,463,6247,429380,0.8244445479528623,14.548884438026922
3529500,2021,8,0,103,5638,1.4189428875487762,18.268889677190494
3529500,2022,8,0,100,6159,1.298912161065108,16.23640201331385
3529500,2023,8,0,113,6159,1.298912161065108,18.347134275044652
3529500,2024,8,0,122,6369,1.2560841576385617,19.15528340398807
3529609,2021,6,0,62,3813,1.5735641227380015,16.260162601626018
3529609,2022,7,0,66,4572,1.5310586176727907,14.435695538057743
3529609,2023,7,0,67,4572,1.5310586176727907,14.654418197725285
3529609,2024,7,0,70,4697,1.4903129657228018,14.903129657228018
3529658,2021,2,0,49,1903,1.050972149238045,25.748817656332108
3529658,2022,2,0,51,1952,1.0245901639344264,26.12704918032787
3529658,2023,2,0,49,1952,1.0245901639344264,25.102459016393443
3529658,2024,3,0,49,1988,1.5090543259557343,24.64788732394366
3529708,2021,45,76,350,22480,2.0017793594306053,15.569395017793594
3529708,2022,48,76,416,19441,2.4690087958438354,21.398076230646573
3529708,2023,47,56,416,19441,2.4175711125970887,21.398076230646573
3529708,2024,59,56,449,19655,3.001780717374714,22.844060035614348
3529807,2021,11,6,150,13023,0.8446594486677418,11.51808339092375
3529807,2022,11,6,153,11230,0.9795191451469277,13.624220837043634
3529807,2023,11,6,169,11230,0.9795191451469277,15.048975957257348
3529807,2024,14,6,177,11349,1.233588862454842,15.596087761036214
3529906,2021,18,0,277,19511,0.9225565065860284,14.197119573573882
3529906,2022,19,0,308,18553,1.0240931385759715,16.60108877270522
3529906,2023,19,0,306,18553,1.0240931385759715,16.493289494960383
3529906,2024,19,0,304,18679,1.0171850741474382,16.27496118635901
3530003,2021,5,0,76,3125,1.6,24.32
3530003,2022,5,0,79,3126,1.599488163787588,25.27191298784389
3530003,2023,5,0,83,3126,1.599488163787588,26.55150351887396
3530003,2024,5,0,79,3199,1.5629884338855893,24.69521725539231
3530102,2021,61,58,620,29844,2.0439619353974,20.774695081088325
3530102,2022,65,62,598,27983,2.3228388664546333,21.370117571382625
3530102,2023,68,65,627,27983,2.430046814137155,22.406461065647
3530102,2024,70,75,695,28737,2.4358840519191287,24.184848801197063
3530201,2021,25,0,320,18415,1.3575889220743957,17.377138202552267
3530201,2022,24,23,347,15917,1.5078218257209273,21.800590563548408
3530201,2023,25,23,356,15917,1.5706477351259658,22.366023748193754
3530201,2024,25,23,366,16069,1.5557906528097578,22.776775157134857
3530300,2021,144,65,645,60768,2.3696682464454977,10.614139020537124
3530300,2022,148,65,681,63337,2.336706822236607,10.752009094210335
3530300,2023,149,61,732,63337,2.3524953818463143,11.557225634305382
3530300,2024,160,61,817,65485,2.443307627701,12.476139573948231
3530409,2021,2,0,65,4966,0.4027386226339106,13.089005235602095
3530409,2022,2,0,64,4669,0.42835724994645535,13.707431998286571
3530409,2023,2,0,68,4669,0.42835724994645535,14.564146498179483
3530409,2024,2,0,72,4771,0.4191993292810732,15.091175854118633
3530508,2021,250,105,1358,69072,3.61941162844568,19.660643965716933
3530508,2022,251,105,1348,67681,3.708574045891757,19.91696340184099
3530508,2023,256,117,1378,67681,3.782450022901553,20.360219263899765
3530508,2024,265,117,1431,69324,3.8226299694189603,20.642201834862387
3530607,2021,282,856,9926,455587,0.6189816654118753,21.78727663432012
3530607,2022,365,822,11201,451505,0.8084074373484236,24.8081416595608
3530607,2023,326,768,10998,451505,0.7220296563714688,24.35853423550127
3530607,2024,420,752,11651,468120,0.8972058446552166,24.888917371614113
3530706,2021,382,321,2346,154146,2.478170046579217,15.21933751119069
3530706,2022,391,335,2545,153658,2.544612060550053,16.562756250894843
3530706,2023,395,290,2875,153658,2.5706438974866264,18.71038279816215
3530706,2024,417,290,3246,159735,2.6105737627946284,20.32115691614236
3530805,2021,251,140,2312,94098,2.6674318263937598,24.57012901443176
3530805,2022,264,130,2357,92558,2.8522656064305627,25.465113766503165
3530805,2023,279,116,2357,92558,3.0143261522504807,25.465113766503165
3530805,2024,292,116,2521,95534,3.056503443800113,26.388510896644128
3530904,2021,4,0,48,3523,1.1353959693443088,13.624751632131705
3530904,2022,4,0,54,3722,1.0746910263299303,14.508328855454057
3530904,2023,4,0,60,3722,1.0746910263299303,16.12036539494895
3530904,2024,4,0,61,3815,1.0484927916120577,15.98951507208388
3531001,2021,7,0,79,2274,3.0782761653474053,34.740545294635
3531001,2022,7,0,82,1937,3.613835828600929,42.333505420753745
3531001,2023,7,0,82,1937,3.613835828600929,42.333505420753745
3531001,2024,7,0,78,1954,3.5823950870010237,39.91811668372569
3531100,2021,46,18,521,58567,0.7854252394693257,8.895794560076494
3531100,2022,45,72,539,61951,0.7263805265451728,8.700424529063291
3531100,2023,45,72,541,61951,0.7263805265451728,8.732708108020855
3531100,2024,44,18,584,64519,0.6819696523504705,9.051597203924425
3531209,2021,15,0,110,8181,1.8335166850018336,13.445789023346778
3531209,2022,15,0,108,8627,1.7387272516517909,12.518836211892895
3531209,2023,16,0,113,8627,1.8546424017619103,13.098411962443492
3531209,2024,18,0,130,8873,2.0286261692775835,14.651189000338105
3531308,2021,222,101,793,51039,4.349615000293893,15.537138266815573
3531308,2022,229,104,896,47574,4.813553621726153,18.833816790683986
3531308,2023,238,95,919,47574,5.002732585025433,19.317274141337705
3531308,2024,246,97,1049,48725,5.048742945100051,21.528989225243713
3531407,2021,52,57,273,25651,2.0272114147596585,10.642859927488207
3531407,2022,52,57,286,22280,2.333931777378815,12.836624775583482
3531407,2023,53,57,291,22280,2.378815080789946,13.061041292639137
3531407,2024,56,57,304,22650,2.4724061810154527,13.421633554083884
3531506,2021,41,40,271,18928,2.166103127641589,14.317413355874894
3531506,2022,45,40,292,18151,2.4792022478100377,16.08726791912291
3531506,2023,49,40,316,18151,2.699575780948708,17.409509117954933
3531506,2024,52,40,338,18363,2.8317812993519578,18.406578445787726
3531605,2021,5,0,62,4166,1.200192030724916,14.882381180988958
3531605,2022,5,0,61,4222,1.1842728564661298,14.448128848886784
3531605,2023,6,0,78,4222,1.4211274277593557,18.474656560871626
3531605,2024,6,0,84,4301,1.3950244129272262,19.530341780981168
3531704,2021,7,0,94,4739,1.4771048744460857,19.835408313990296
3531704,2022,7,0,92,4138,1.6916384726921219,22.232962783953603
3531704,2023,7,0,94,4138,1.6916384726921219,22.716288061865637
3531704,2024,10,0,104,4205,2.378121284185493,24.732461355529132
3531803,2021,66,22,615,61707,1.0695707132091983,9.96645437308571
3531803,2022,73,22,682,64662,1.1289474498159662,10.547152887321765
3531803,2023,77,22,662,64662,1.1908075840524572,10.237852216139308
3531803,2024,72,22,715,67296,1.0699001426533523,10.62470280551593
3531902,2021,76,35,535,33598,2.262039407107566,15.92356687898089
3531902,2022,79,53,580,27933,2.828196040525543,20.763970930440696
3531902,2023,83,53,636,27933,2.9713958400458242,22.768768123724627
3531902,2024,89,54,688,28561,3.116137390147404,24.08879240922937
3532009,2021,18,17,155,13936,1.2916188289322619,11.122273249138921
3532009,2022,21,17,169,13720,1.530612244897959,12.317784256559767
3532009,2023,21,19,176,13720,1.530612244897959,12.827988338192421
3532009,2024,24,11,188,14081,1.7044244016760173,13.351324479795469
3532058,2021,5,0,73,4831,1.03498240529911,15.110743117367004
3532058,2022,6,0,74,4034,1.487357461576599,18.34407535944472
3532058,2023,6,0,64,4034,1.487357461576599,15.865146256817054
3532058,2024,6,0,72,4079,1.4709487619514587,17.651385143417507
3532108,2021,6,0,67,4525,1.3259668508287294,14.806629834254144
3532108,2022,6,0,72,3737,1.6055659620016056,19.266791544019267
3532108,2023,6,0,86,3737,1.6055659620016056,23.013112122023013
3532108,2024,6,0,78,3763,1.5944724953494553,20.728142439542918
3532157,2021,4,0,73,3215,1.244167962674961,22.706065318818037
3532157,2022,4,0,70,2660,1.5037593984962407,26.31578947368421
3532157,2023,6,0,76,2660,2.255639097744361,28.57142857142857
3532157,2024,6,0,75,2699,2.223045572434235,27.788069655427936
3532207,2021,5,0,81,4950,1.0101010101010102,16.363636363636363
3532207,2022,5,0,80,5713,0.8751969193068441,14.003150708909505
3532207,2023,6,0,101,5713,1.050236303168213,17.67897776999825
3532207,2024,6,0,101,5908,1.015572105619499,17.095463777928234
3532306,2021,7,0,64,6624,1.0567632850241546,9.66183574879227
3532306,2022,6,0,73,6999,0.8572653236176596,10.430061437348193
3532306,2023,6,0,71,6999,0.8572653236176596,10.14430632947564
3532306,2024,6,0,74,7134,0.8410428931875525,10.372862349313149
3532405,2021,9,11,130,18866,0.47704865896321424,6.890702851690873
3532405,2022,10,11,135,18217,0.5489378053466543,7.410660372179833
3532405,2023,10,11,180,18217,0.5489378053466543,9.880880496239776
3532405,2024,10,11,198,18620,0.5370569280343717,10.633727175080558
3532504,2021,16,21,110,8917,1.794325445777728,12.33598743972188
3532504,2022,16,21,112,9699,1.649654603567378,11.547582224971647
3532504,2023,15,21,104,9699,1.546551190844417,10.722754923187958
3532504,2024,14,21,97,9921,1.4111480697510332,9.77724019756073
3532603,2021,39,39,267,11575,3.369330453563715,23.06695464362851
3532603,2022,41,39,269,9852,4.16159155501421,27.304100690215186
3532603,2023,43,39,298,9852,4.364596021112464,30.24766544863987
3532603,2024,46,39,310,9944,4.625905068382945,31.174577634754627
3532702,2021,4,0,50,5381,0.7433562534844824,9.29195316855603
3532702,2022,4,0,82,4750,0.8421052631578948,17.263157894736842
3532702,2023,4,0,93,4750,0.8421052631578948,19.578947368421055
3532702,2024,4,0,95,4860,0.823045267489712,19.54732510288066
3532801,2021,5,0,123,7161,0.6982265046781175,17.176372015081693
3532801,2022,5,0,142,6693,0.7470491558344539,21.21619602569849
3532801,2023,5,0,171,6693,0.7470491558344539,25.549081129538322
3532801,2024,5,0,168,6858,0.7290755322251385,24.49693788276465
3532827,2021,8,0,114,9962,0.8030515960650472,11.443485243926922
3532827,2022,9,0,101,8497,1.0591973637754502,11.886548193480051
3532827,2023,10,0,148,8497,1.1768859597505001,17.417912204307402
3532827,2024,10,0,131,8631,1.1586142973004288,15.177847294635615
3532843,2021,3,0,39,1824,1.644736842105263,21.38157894736842
3532843,2022,3,0,45,2032,1.4763779527559056,22.14566929133858
3532843,2023,3,0,44,2032,1.4763779527559056,21.653543307086615
3532843,2024,3,0,47,2058,1.4577259475218658,22.8377065111759
3532868,2021,4,0,49,1290,3.10077519379845,37.984496124031004
3532868,2022,4,0,46,1062,3.766478342749529,43.314500941619585
3532868,2023,4,0,52,1062,3.766478342749529,48.964218455743875
3532868,2024,4,0,57,1074,3.7243947858473,53.072625698324025
3532900,2021,20,14,165,11519,1.736261828283705,14.324160083340567
3532900,2022,21,14,167,9311,2.2553968424444206,17.935774889915155
3532900,2023,23,14,173,9311,2.4701965417248415,18.580173987756417
3532900,2024,24,14,191,9459,2.537266095781795,20.192409345596786
3533007,2021,30,56,297,21871,1.3716793928032553,13.579625988752229
3533007,2022,33,56,301,19419,1.6993665997219218,15.50028322776662
3533007,2023,35,56,312,19419,1.8023585148565837,16.06673876100726
3533007,2024,36,56,314,19725,1.8250950570342206,15.918884664131813
3533106,2021,4,0,53,2333,1.7145306472353192,22.71753107586798
3533106,2022,4,0,59,2156,1.8552875695732838,27.36549165120594
3533106,2023,6,0,57,2156,2.782931354359926,26.437847866419293
3533106,2024,6,0,58,2188,2.742230347349177,26.508226691042047
3533205,2021,8,0,71,4135,1.9347037484885128,17.17049576783555
3533205,2022,9,0,84,4609,1.9527012367107832,18.22521154263398
3533205,2023,9,0,91,4609,1.9527012367107832,19.74397917118681
3533205,2024,8,0,92,4795,1.6684045881126173,19.1866527632951
3533254,2021,3,0,74,6057,0.49529470034670625,12.217269275218754
3533254,2022,3,0,72,4412,0.6799637352674524,16.319129646418858
3533254,2023,4,0,67,4412,0.9066183136899365,15.185856754306437
3533254,2024,4,0,91,4469,0.895054822107854,20.362497202953683
3533304,2021,4,0,39,4217,0.9485416172634574,9.24828076831871
3533304,2022,4,0,49,2837,1.4099400775467041,17.271765949947127
3533304,2023,4,0,50,2837,1.4099400775467041,17.6242509693338
3533304,2024,5,0,44,2838,1.7618040873854828,15.503875968992247
3533403,2021,78,50,629,61716,1.2638537818393933,10.191846522781775
3533403,2022,75,36,699,62019,1.2093068253277222,11.27073961205437
3533403,2023,76,18,558,62019,1.2254309163320918,8.997242780438253
3533403,2024,81,18,627,64228,1.2611322164787941,9.762097527558074
3533502,2021,107,72,574,41765,2.5619537890578234,13.74356518616066
3533502,2022,112,71,626,38324,2.9224506836447133,16.334411856799917
3533502,2023,119,62,737,38324,3.105103851372508,19.230769230769234
3533502,2024,130,62,928,39435,3.2965639660200328,23.532395080512238
3533601,2021,24,0,114,7522,3.1906407870247273,15.155543738367456
3533601,2022,22,0,125,7391,2.976593153835746,16.912461101339467
3533601,2023,22,0,126,7391,2.976593153835746,17.047760790150182
3533601,2024,22,0,125,7550,2.9139072847682117,16.55629139072848
3533700,2021,4,0,44,4294,0.9315323707498836,10.246856078248719
3533700,2022,4,0,45,4331,0.9235742322789194,10.390210113137844
3533700,2023,4,0,50,4331,0.9235742322789194,11.544677903486493
3533700,2024,4,0,54,4412,0.9066183136899365,12.239347234814144
3533809,2021,4,0,29,2447,1.6346546791990193,11.851246424192889
3533809,2022,4,0,29,2512,1.5923566878980893,11.544585987261145
3533809,2023,4,0,36,2512,1.5923566878980893,14.331210191082803
3533809,2024,4,0,40,2540,1.574803149606299,15.748031496062993
3533908,2021,159,72,950,55477,2.866052598374101,17.12421363808425
3533908,2022,166,62,1008,55074,3.0141264480517123,18.30264734720558
3533908,2023,173,57,1064,55074,3.14122816574064,19.319461088717
3533908,2024,188,57,1099,56701,3.3156381721662758,19.38237420856775
3534005,2021,7,0,99,4462,1.568803227252353,22.187359928283282
3534005,2022,7,0,99,4771,1.467197652483756,20.750366799413122
3534005,2023,7,0,94,4771,1.467197652483756,19.702368476210438
3534005,2024,7,0,93,4912,1.4250814332247557,18.933224755700326
3534104,2021,12,0,63,6569,1.8267620642411326,9.590500837265946
3534104,2022,12,0,59,6085,1.9720624486442069,9.695973705834017
3534104,2023,12,0,125,6085,1.9720624486442069,20.542317173377157
3534104,2024,13,0,156,6180,2.103559870550162,25.24271844660194
3534203,2021,17,0,121,7318,2.323039081716316,16.534572287510247
3534203,2022,17,0,152,6024,2.8220451527224437,25.232403718459494
3534203,2023,17,0,146,6024,2.8220451527224437,24.236387782204513
3534203,2024,17,0,163,6145,2.7664768104149715,26.525630593978843
3534302,2021,191,56,647,44682,4.27465198513943,14.480103844948749
3534302,2022,200,56,671,38319,5.219342884730812,17.510895378271876
3534302,2023,214,56,700,38319,5.58469688666197,18.267700096557842
3534302,2024,227,56,730,39193,5.791850585563749,18.625775010843775
3534401,2021,1051,952,15658,701428,1.498371892767326,22.323032442388953
3534401,2022,1114,937,16903,728615,1.5289281719426584,23.19880869869547
3534401,2023,1162,924,16534,728615,1.5948065850963815,22.692368397576224
3534401,2024,1210,898,16997,756952,1.5985161542607722,22.45452816030607
3534500,2021,4,0,57,2603,1.536688436419516,21.897810218978105
3534500,2022,4,0,62,2470,1.6194331983805668,25.101214574898783
3534500,2023,4,0,72,2470,1.6194331983805668,29.1497975708502
3534500,2024,4,0,82,2504,1.5974440894568689,32.74760383386582
3534609,2021,84,63,467,33118,2.5363850474062444,14.101093061175192
3534609,2022,84,67,481,31272,2.686108979278588,15.381171655154771
3534609,2023,94,59,516,31272,3.005883857764134,16.500383729854182
3534609,2024,103,59,534,32099,3.2088227047571576,16.63603227514876
3534708,2021,448,227,2432,115139,3.8909492005315314,21.122295660028314
3534708,2022,471,173,2409,103970,4.530152928729441,23.170145234202174
3534708,2023,492,179,2540,103970,4.7321342695008175,24.430124074252188
3534708,2024,488,179,2704,106877,4.56599642579788,25.30011134294563
3534757,2021,30,22,257,10712,2.8005974607916353,23.991784914115012
3534757,2022,30,22,246,10294,2.914319020788809,23.897415970468234
3534757,2023,32,22,266,10294,3.1086069555080633,25.84029531766077
3534757,2024,34,22,281,10596,3.2087580218950547,26.519441298603248
3534807,2021,8,0,90,8676,0.9220839096357768,10.37344398340249
3534807,2022,8,0,107,7779,1.0284098213137935,13.754981360071989
3534807,2023,10,0,101,7779,1.285512276642242,12.983673994086644
3534807,2024,10,0,114,7901,1.2656625743576764,14.428553347677509
3534906,2021,28,22,190,14326,1.954488342873098,13.262599469496022
3534906,2022,29,22,245,14877,1.949317738791423,16.468374000134435
3534906,2023,30,0,227,14877,2.016535591853196,15.258452645022519
3534906,2024,32,0,251,15217,2.102911217717027,16.49470986396793
3535002,2021,18,0,179,13285,1.3549115543846444,13.473842679713965
3535002,2022,22,0,252,11476,1.9170442662948763,21.958870686650403
3535002,2023,23,0,214,11476,2.0041826420355524,18.647612408504706
3535002,2024,23,0,220,11689,1.9676619043545214,18.821113867738898
3535101,2021,18,0,149,13691,1.3147323058943832,10.883061865459062
3535101,2022,19,0,228,9650,1.9689119170984457,23.626943005181346
3535101,2023,20,0,200,9650,2.0725388601036268,20.72538860103627
3535101,2024,24,0,192,9709,2.471933257802039,19.775466062416314
3535200,2021,13,16,133,9173,1.4172026599803773,14.499073367491551
3535200,2022,13,21,136,8903,1.4601819611366955,15.2757497472762
3535200,2023,14,16,140,8903,1.5725036504549028,15.72503650454903
3535200,2024,16,16,140,8994,1.77896375361352,15.5659328441183
3535309,2021,51,36,450,22322,2.2847415106173283,20.15948391721172
3535309,2022,55,34,508,19594,2.806981729100745,25.926303970603247
3535309,2023,56,28,466,19594,2.8580177605389405,23.782790650199043
3535309,2024,47,28,500,19767,2.3777002074164013,25.294683057621288
3535408,2021,20,15,225,15944,1.2543903662819869,14.111891620672353
3535408,2022,20,15,232,14964,1.3365410318096766,15.503875968992247
3535408,2023,20,15,234,14964,1.3365410318096766,15.637530072173215
3535408,2024,19,0,199,15214,1.2488497436571577,13.08005784146181
3535507,2021,118,75,718,46180,2.555218709398008,15.547856214811606
3535507,2022,119,84,756,41120,2.8939688715953307,18.385214007782103
3535507,2023,122,80,791,41120,2.96692607003891,19.2363813229572
3535507,2024,128,80,855,42087,3.041319172190938,20.315061657994153
3535606,2021,16,0,212,18302,0.874221396568681,11.583433504535023
3535606,2022,18,0,213,17667,1.0188487009679064,12.056376294786892
3535606,2023,18,0,228,17667,1.0188487009679064,12.905416878926813
3535606,2024,20,0,228,17950,1.1142061281337048,12.701949860724234
3535705,2021,9,0,91,6536,1.3769889840881273,13.922888616891065
3535705,2022,11,0,115,6099,1.8035743564518774,18.855550090178717
3535705,2023,8,0,115,6099,1.311690441055911,18.855550090178717
3535705,2024,12,0,182,6211,1.9320560296248592,29.302849782643694
3535804,2021,51,16,233,20588,2.4771711676704875,11.317272197396541
3535804,2022,52,23,244,19395,2.6811033771590616,12.580562000515597
3535804,2023,52,17,227,19395,2.6811033771590616,11.704047434905902
3535804,2024,54,17,247,19799,2.727410475276529,12.47537754432042
3535903,2021,3,0,67,4112,0.7295719844357976,16.29377431906615
3535903,2022,2,0,75,4031,0.4961548002976929,18.605805011163483
3535903,2023,2,0,61,4031,0.4961548002976929,15.132721409079632
3535903,2024,2,0,62,4111,0.48649963512527367,15.081488688883484
3536000,2021,10,25,96,10934,0.9145783793671117,8.779952441924273
3536000,2022,11,25,97,10580,1.0396975425330812,9.168241965973534
3536000,2023,11,25,108,10580,1.0396975425330812,10.207939508506616
3536000,2024,11,25,122,10729,1.0252586447944823,11.371050424084258
3536109,2021,4,0,96,6579,0.6079951360389116,14.59188326493388
3536109,2022,4,0,95,7153,0.5592059275828324,13.281140780092269
3536109,2023,4,0,96,7153,0.5592059275828324,13.420942261987976
3536109,2024,4,0,100,7382,0.541858574911948,13.546464372798699
3536208,2021,29,146,1581,19797,1.4648684144062232,79.86058493711168
3536208,2022,31,156,1592,19233,1.6118130296885562,82.7743981698123
3536208,2023,31,146,1639,19233,1.6118130296885562,85.21811469869495
3536208,2024,33,146,1624,19576,1.6857376379239886,82.95872496935023
3536257,2021,2,0,64,2177,0.9186954524575104,29.398254478640332
3536257,2022,2,0,63,2892,0.6915629322268326,21.784232365145225
3536257,2023,2,0,62,2892,0.6915629322268326,21.43845089903181
3536257,2024,2,0,61,3001,0.6664445184938355,20.326557814061978
3536307,2021,18,22,260,14941,1.2047386386453383,17.40178033598822
3536307,2022,19,22,231,14512,1.3092613009922822,15.917861080485117
3536307,2023,19,22,290,14512,1.3092613009922822,19.983461962513783
3536307,2024,18,22,308,14837,1.2131832580710387,20.75891352699333
3536406,2021,6,0,98,7540,0.7957559681697612,12.9973474801061
3536406,2022,6,0,156,7955,0.754242614707731,19.610307982401004
3536406,2023,7,0,150,7955,0.8799497171590195,18.856065367693272
3536406,2024,8,0,154,8200,0.975609756097561,18.78048780487805
3536505,2021,192,76,2141,114508,1.6767387431445837,18.69738358891955
3536505,2022,198,135,2360,110537,1.7912554167382868,21.35031708839574
3536505,2023,220,119,2090,110537,1.9902837963758744,18.907696065570804
3536505,2024,224,80,2335,115690,1.9362088339528047,20.183248336070534
3536570,2021,3,0,39,1835,1.6348773841961854,21.25340599455041
3536570,2022,3,0,42,2090,1.4354066985645932,20.095693779904305
3536570,2023,2,0,44,2090,0.9569377990430622,21.052631578947366
3536570,2024,3,0,58,2146,1.3979496738117427,27.027027027027028
3536604,2021,8,15,112,8973,0.8915635796277721,12.481890114788811
3536604,2022,8,15,111,7400,1.0810810810810811,15.0
3536604,2023,8,11,110,7400,1.0810810810810811,14.864864864864865
3536604,2024,10,24,112,7430,1.3458950201884252,15.074024226110364
3536703,2021,86,35,685,47523,1.80965006417945,14.414073185615385
3536703,2022,88,35,759,44827,1.9631025944185425,16.93175987685993
3536703,2023,89,52,800,44827,1.9854105784460259,17.84638722198675
3536703,2024,96,49,882,46223,2.076888129286286,19.081409687817754
3536802,2021,5,0,96,6127,0.8160600620205648,15.668353190794841
3536802,2022,5,0,97,6557,0.7625438462711607,14.793350617660515
3536802,2023,5,0,100,6557,0.7625438462711607,15.250876925423212
3536802,2024,5,0,81,6718,0.7442691277165823,12.057159869008634
3536901,2021,5,0,56,2468,2.025931928687196,22.690437601296598
3536901,2022,5,0,53,2787,1.794043774668102,19.01686401148188
3536901,2023,5,0,55,2787,1.794043774668102,19.73448152134912
3536901,2024,6,0,54,2848,2.106741573033708,18.960674157303373
3537008,2021,25,55,276,16876,1.4813936951884332,16.354586394880304
3537008,2022,26,55,285,15525,1.674718196457327,18.357487922705314
3537008,2023,25,55,270,15525,1.6103059581320451,17.391304347826086
3537008,2024,25,55,293,15742,1.5881082454580104,18.61262863676788
3537107,2021,68,76,520,48992,1.387981711299804,10.61397779229262
3537107,2022,70,81,530,43112,1.6236778623121173,12.293560957506031
3537107,2023,75,76,647,43112,1.7396548524772684,15.00742252737057
3537107,2024,79,76,571,44332,1.782008481458089,12.88008661914644
3537156,2021,8,0,59,3109,2.5731746542296556,18.977163074943714
3537156,2022,9,0,68,2804,3.209700427960057,24.251069900142657
3537156,2023,9,0,74,2804,3.209700427960057,26.39087018544936
3537156,2024,9,0,80,2838,3.171247357293869,28.188865398167724
3537206,2021,12,0,199,11507,1.0428434865733902,17.29382115234205
3537206,2022,14,3,204,11281,1.2410247318500134,18.083503235528763
3537206,2023,14,3,209,11281,1.2410247318500134,18.526726354046627
3537206,2024,14,3,193,11539,1.2132767137533582,16.725886125314155
3537305,2021,197,99,1204,64098,3.0734188274205123,18.78373740210303
3537305,2022,208,69,1107,61679,3.372298513270319,17.947761798991554
3537305,2023,215,93,1120,61679,3.4857893286207626,18.15853045607095
3537305,2024,233,61,1209,63317,3.6798963943332756,19.09439802896536
3537404,2021,68,40,336,25685,2.647459606774382,13.081565115826358
3537404,2022,72,40,330,24095,2.9881718198796428,13.695787507781699
3537404,2023,80,40,349,24095,3.3201909109773813,14.484332849138825
3537404,2024,84,40,360,24389,3.444175652958301,14.76075279839272
3537503,2021,11,0,92,8875,1.23943661971831,10.36619718309859
3537503,2022,10,0,101,8737,1.1445576284765937,11.560032047613596
3537503,2023,12,0,114,8737,1.3734691541719126,13.047956964633169
3537503,2024,13,0,117,8969,1.449436949492697,13.044932545434273
3537602,2021,72,0,906,69697,1.0330430291117265,12.999124782989224
3537602,2022,79,4,931,68352,1.1557818352059925,13.620669475655431
3537602,2023,87,5,913,68352,1.2728230337078652,13.357326779026218
3537602,2024,93,5,981,70543,1.3183448393178627,13.906411692159393
3537701,2021,5,0,70,6093,0.8206138191367143,11.488593467913999
3537701,2022,5,0,66,5519,0.905961224859576,11.958688168146404
3537701,2023,5,0,66,5519,0.905961224859576,11.958688168146404
3537701,2024,8,0,71,5623,1.4227280810955005,12.626711719722568
3537800,2021,61,50,457,55731,1.0945434318422422,8.2001040713427
3537800,2022,65,40,407,52970,1.227109684727204,7.683594487445724
3537800,2023,73,40,417,52970,1.3781385690013215,7.87238059278837
3537800,2024,67,40,408,54237,1.2353190626325201,7.522539963493556
3537909,2021,30,22,255,29612,1.0131027961637176,8.611373767391598
3537909,2022,31,22,221,27619,1.1224157283029799,8.00173793403092
3537909,2023,33,22,229,27619,1.1948296462580108,8.291393605851043
3537909,2024,34,22,285,28417,1.1964669036140338,10.0292078685294
3538006,2021,435,249,2771,171885,2.530761846583472,16.12124385490299
3538006,2022,449,258,3089,165428,2.7141717242546606,18.67277607176536
3538006,2023,464,230,3166,165428,2.8048456125927896,19.138235365234422
3538006,2024,472,230,3534,172027,2.7437553407313966,20.54328680962872
3538105,2021,22,0,231,17378,1.2659684658763954,13.292668891702151
3538105,2022,23,0,251,14542,1.581625636088571,17.26034933296658
3538105,2023,21,0,263,14542,1.4440929720808693,18.085545317012787
3538105,2024,25,0,292,14721,1.6982541946878609,19.835608993954214
3538204,2021,18,0,99,15564,1.1565150346954511,6.360832690824981
3538204,2022,20,2,110,15224,1.3137151865475565,7.22543352601156
3538204,2023,21,0,138,15224,1.3794009458749343,9.064634787178141
3538204,2024,25,0,150,15605,1.6020506247997437,9.612303748798462
3538303,2021,3,0,54,3706,0.809498111171074,14.57096600107933
3538303,2022,3,0,49,3264,0.9191176470588235,15.012254901960786
3538303,2023,3,0,54,3264,0.9191176470588235,16.544117647058822
3538303,2024,3,0,53,3296,0.9101941747572816,16.08009708737864
3538501,2021,14,0,153,13495,1.0374212671359764,11.337532419414597
3538501,2022,15,0,162,12490,1.2009607686148918,12.970376301040833
3538501,2023,14,0,170,12490,1.120896717373899,13.610888710968775
3538501,2024,15,0,182,12570,1.1933174224343677,14.478918058870326
3538600,2021,21,0,143,27617,0.760401202158091,5.177970090886048
3538600,2022,28,21,290,26029,1.0757232317799377,11.141419186292213
3538600,2023,30,15,300,26029,1.1525606054785047,11.525606054785047
3538600,2024,30,15,331,26764,1.1209086833059334,12.367359139142131
3538709,2021,1110,674,8531,410275,2.7055024069221862,20.793370300408263
3538709,2022,1159,666,9584,423323,2.7378621052954837,22.639922706774733
3538709,2023,1204,665,10221,423323,2.844163912662435,24.144683846613578
3538709,2024,1273,651,11036,438827,2.9009153949050535,25.14886276368592
3538808,2021,87,48,472,29930,2.906782492482459,15.770130304042766
3538808,2022,89,48,516,29436,3.0235086288897945,17.529555646147575
3538808,2023,88,48,567,29436,2.9895366218236172,19.262128006522627
3538808,2024,92,48,603,30261,3.040216780674796,19.926638247248935
3538907,2021,60,31,336,25939,2.313119241296889,12.953467751262577
3538907,2022,59,31,375,22431,2.6302884401052116,16.717935000668717
3538907,2023,64,35,390,22431,2.8531942401141275,17.386652400695464
3538907,2024,71,35,622,22743,3.12183968693664,27.349074440487183
3539004,2021,25,21,168,11524,2.169385629989587,14.578271433530025
3539004,2022,26,28,188,10885,2.388608176389527,17.271474506201194
3539004,2023,26,25,212,10885,2.388608176389527,19.47634359209922
3539004,2024,25,27,241,11076,2.2571325388226797,21.75875767425063
3539103,2021,12,0,168,19453,0.6168714337120238,8.636200071968334
3539103,2022,15,0,190,18370,0.8165487207403375,10.342950462710942
3539103,2023,14,0,190,18370,0.7621121393576483,10.342950462710942
3539103,2024,14,0,191,18836,0.7432575918454024,10.140157145890846
3539202,2021,32,0,300,27974,1.1439193536855652,10.724243940802173
3539202,2022,33,0,316,25348,1.301877860186208,12.466466782389144
3539202,2023,36,0,347,25348,1.4202303929304088,13.689442954079219
3539202,2024,38,0,348,26065,1.4578937272204104,13.351237291386916
3539301,2021,278,101,1857,77330,3.594982542350963,24.013966119229277
3539301,2022,298,102,1903,73545,4.051940988510435,25.87531443334013
3539301,2023,304,95,1887,73545,4.133523692977089,25.65776055476239
3539301,2024,326,91,1891,75475,4.319311030142432,25.054653858893676
3539400,2021,12,28,188,13890,0.8639308855291576,13.53491720662347
3539400,2022,15,44,186,15108,0.9928514694201747,12.311358220810167
3539400,2023,15,23,191,15108,0.9928514694201747,12.642308710616891
3539400,2024,17,23,255,15554,1.092966439501093,16.394496592516393
3539509,2021,74,28,614,40430,1.8303240168191937,15.186742517932228
3539509,2022,69,28,587,33674,2.0490586208944586,17.431846528478946
3539509,2023,70,28,696,33674,2.078755122646552,20.66876521945715
3539509,2024,82,34,672,34416,2.382612738261274,19.525801952580196
3539608,2021,3,0,84,5370,0.5586592178770949,15.64245810055866
3539608,2022,3,0,78,4389,0.6835269993164731,17.7717019822283
3539608,2023,4,0,97,4389,0.9113693324219639,22.100706311232628
3539608,2024,4,0,103,4454,0.8980691513246519,23.125280646609788
3539707,2021,2,0,37,3606,0.5546311702717693,10.260676650027731
3539707,2022,2,0,45,3025,0.6611570247933884,14.87603305785124
3539707,2023,2,0,49,3025,0.6611570247933884,16.198347107438014
3539707,2024,2,0,81,3061,0.6533812479581835,26.461940542306436
3539806,2021,67,27,814,119221,0.561981530099563,6.827656201508123
3539806,2022,67,6,655,103765,0.6456897797908736,6.312340384522719
3539806,2023,74,6,772,103765,0.7131499060376814,7.439888208933649
3539806,2024,83,6,815,106431,0.7798479766233523,7.657543384916049
3539905,2021,9,0,88,6166,1.4596172559195588,14.271813168991242
3539905,2022,7,0,96,5592,1.251788268955651,17.167381974248926
3539905,2023,8,0,117,5592,1.4306151645207439,20.92274678111588
3539905,2024,11,0,123,5696,1.9311797752808988,21.594101123595507
3540002,2021,117,12,408,22326,5.240526740123623,18.274657350174685
3540002,2022,129,28,462,20196,6.387403446226975,22.87581699346405
3540002,2023,135,23,475,20196,6.684491978609626,23.51950881362646
3540002,2024,131,23,534,20512,6.386505460218408,26.033541341653667
3540101,2021,2,0,47,3385,0.5908419497784342,13.884785819793207
3540101,2022,2,0,51,3395,0.5891016200294551,15.022091310751104
3540101,2023,2,0,57,3395,0.5891016200294551,16.78939617083947
3540101,2024,2,0,59,3443,0.5808887598024979,17.136218414173687
3540200,2021,84,18,578,51717,1.6242241429317248,11.17620898350639
3540200,2022,84,31,589,37607,2.2336267184300795,15.661977823277581
3540200,2023,84,31,607,37607,2.2336267184300795,16.14061212008403
3540200,2024,89,29,699,38376,2.3191578069626853,18.214509068167605
3540259,2021,2,0,48,4719,0.42381860563678747,10.1716465352829
3540259,2022,2,0,50,4127,0.484613520717228,12.1153380179307
3540259,2023,2,0,50,4127,0.484613520717228,12.1153380179307
3540259,2024,2,0,49,4196,0.47664442326024786,11.677788369876072
3540309,2021,4,0,71,2576,1.5527950310559004,27.562111801242235
3540309,2022,4,0,72,2387,1.6757436112274822,30.163385002094678
3540309,2023,4,0,89,2387,1.6757436112274822,37.285295349811484
3540309,2024,4,0,116,2415,1.6563146997929608,48.033126293995856
3540408,2021,5,16,96,4136,1.2088974854932302,23.21083172147002
3540408,2022,5,16,98,4127,1.21153380179307,23.74606251514417
3540408,2023,6,16,90,4127,1.4538405621516841,21.80760843227526
3540408,2024,7,16,111,4185,1.6726403823178018,26.523297491039425
3540507,2021,14,0,103,10205,1.3718765311121999,10.093091621754043
3540507,2022,14,0,124,10451,1.3395847287340923,11.864893311644819
3540507,2023,17,0,157,10451,1.6266385991771122,15.022485886518037
3540507,2024,16,0,184,10773,1.485194467650608,17.07973637798199
3540606,2021,96,49,924,53698,1.7877760810458492,17.207344780066297
3540606,2022,97,39,908,56497,1.7169053224064994,16.07164982211445
3540606,2023,96,54,865,56497,1.6992052675363294,15.310547462697135
3540606,2024,96,54,941,58345,1.6453852086725511,16.128202930842406
3540705,2021,185,52,998,56848,3.254292147481002,17.55558682803265
3540705,2022,193,52,1047,52649,3.6657866246272484,19.886417595775796
3540705,2023,199,47,1085,52649,3.7797489031130693,20.608178692852665
3540705,2024,209,47,1228,53940,3.8746755654430847,22.766036336670375
3540754,2021,14,0,167,25603,0.5468109205952427,6.522673124243252
3540754,2022,21,0,183,20392,1.029815613966261,8.974107493134563
3540754,2023,21,0,187,20392,1.029815613966261,9.170262848175755
3540754,2024,21,0,197,20767,1.0112197235999423,9.486204073770887
3540804,2021,23,26,211,17668,1.3017885442608106,11.942494906044827
3540804,2022,22,26,220,18496,1.189446366782007,11.89446366782007
3540804,2023,21,28,229,18496,1.1353806228373702,12.3810553633218
3540804,2024,23,28,243,18994,1.2109087080130567,12.793513741181426
3540853,2021,3,0,63,4327,0.6933210076265311,14.559741160157152
3540853,2022,3,0,69,2578,1.1636927851047323,26.764934057408844
3540853,2023,3,0,69,2578,1.1636927851047323,26.764934057408844
3540853,2024,3,0,63,2599,1.1542901115813775,24.24009234320893
3540903,2021,24,0,238,22239,1.0791852151625523,10.701920050361977
3540903,2022,27,0,262,17078,1.5809813795526408,15.341374868251552
3540903,2023,28,0,270,17078,1.639536245461998,15.809813795526408
3540903,2024,31,0,263,17309,1.790975792940089,15.194407533653013
3541000,2021,269,419,4383,336454,0.7995149411212231,13.02704084362201
3541000,2022,284,313,4339,349935,0.8115792932973266,12.399445611327819
3541000,2023,308,293,4872,349935,0.8801634589280866,13.922585623044279
3541000,2024,334,360,6167,365577,0.9136242159654464,16.869223173230264
3541059,2021,6,0,66,5371,1.117110407745299,12.288214485198287
3541059,2022,6,0,68,5126,1.1705033164260632,13.265704252828716
3541059,2023,6,0,72,5126,1.1705033164260632,14.046039797112758
3541059,2024,4,0,63,5246,0.7624857033930614,12.009149828440718
3541109,2021,4,0,54,4067,0.9835259404966806,13.277600196705187
3541109,2022,4,0,50,3804,1.0515247108307044,13.144058885383807
3541109,2023,2,0,49,3804,0.5257623554153522,12.88117770767613
3541109,2024,3,0,55,3841,0.7810466024472793,14.319187711533454
3541208,2021,31,40,209,12943,2.395117051688171,16.147724638800895
3541208,2022,34,40,228,14490,2.346445824706694,15.734989648033125
3541208,2023,33,40,230,14490,2.2774327122153206,15.873015873015872
3541208,2024,34,40,257,14772,2.3016517736257787,17.397779582994858
3541307,2021,45,66,522,44572,1.009602440994346,11.711388315534416
3541307,2022,64,66,586,39505,1.6200480951778256,14.833565371471966
3541307,2023,42,56,550,39505,1.063156562460448,13.92228831793444
3541307,2024,76,56,695,40383,1.881980041106406,17.21021221801253
3541406,2021,926,891,7890,231953,3.99218807258367,34.01551176315892
3541406,2022,964,912,8312,225668,4.27176205753585,36.832869525143124
3541406,2023,1029,892,8401,225668,4.559795806228618,37.22725419643015
3541406,2024,1097,901,8950,234083,4.686371927905913,38.234301508439316
3541505,2021,100,69,567,39648,2.522195318805488,14.30084745762712
3541505,2022,104,83,655,35201,2.9544615209795175,18.60742592539985
3541505,2023,107,73,651,35201,3.0396863725462344,18.493792789977558
3541505,2024,114,73,708,35902,3.175310567656398,19.720349841234473
3541604,2021,88,57,889,41211,2.1353522117881147,21.57191041226857
3541604,2022,92,44,883,35131,2.6187697475164384,25.134496598445818
3541604,2023,90,71,1000,35131,2.561839970396516,28.464888559961285
3541604,2024,72,70,1048,35991,2.000500125031258,29.118390708788308
3541653,2021,5,0,58,3902,1.2813941568426448,14.86417221937468
3541653,2022,5,0,71,3405,1.4684287812041115,20.851688693098385
3541653,2023,5,0,74,3405,1.4684287812041115,21.732745961820854
3541653,2024,5,0,83,3472,1.4400921658986177,23.90552995391705
3541703,2021,32,0,270,14309,2.236354741770913,18.869243133692084
3541703,2022,32,0,240,13163,2.4310567499810074,18.232925624857554
3541703,2023,38,0,221,13163,2.886879890602446,16.789485679556332
3541703,2024,39,0,264,13399,2.9106649749981344,19.70296290767968
3541802,2021,2,0,62,3513,0.569313976658127,17.648733276401934
3541802,2022,2,0,65,3265,0.6125574272588055,19.90811638591118
3541802,2023,2,0,70,3265,0.6125574272588055,21.43950995405819
3541802,2024,3,0,76,3351,0.8952551477170994,22.679797075499852
3541901,2021,10,12,155,13788,0.725268349289237,11.241659413983173
3541901,2022,11,12,149,9159,1.2010044764712304,16.268151544928486
3541901,2023,11,12,169,9159,1.2010044764712304,18.451796047603448
3541901,2024,11,12,162,9146,1.2027115678985347,17.712661272687512
3542008,2021,26,0,109,6736,3.859857482185273,16.18171021377672
3542008,2022,30,0,141,7038,4.262574595055414,20.034100596760442
3542008,2023,29,0,163,7038,4.120488775220233,23.15998863313441
3542008,2024,22,0,135,7225,3.0449826989619377,18.685121107266433
3542107,2021,5,0,103,9126,0.5478851632697787,11.286434363357442
3542107,2022,5,0,85,8965,0.5577244841048522,9.481316229782488
3542107,2023,5,0,103,8965,0.5577244841048522,11.489124372559955
3542107,2024,5,0,135,9133,0.5474652359575167,14.781561370852952
3542206,2021,78,86,554,29743,2.6224657902699797,18.626231382173955
3542206,2022,79,91,612,28588,2.763397229606828,21.407583601511124
3542206,2023,78,81,605,28588,2.728417517839653,21.1627256191409
3542206,2024,81,81,627,29305,2.764033441392254,21.39566626855485
3542305,2021,5,0,56,3827,1.3065064018813692,14.632871701071336
3542305,2022,5,0,57,4494,1.1125945705384956,12.683578104138851
3542305,2023,5,0,61,4494,1.1125945705384956,13.573653760569648
3542305,2024,5,0,73,4611,1.0843634786380394,15.831706788115376
3542404,2021,34,28,296,20523,1.6566778736052234,14.422842664327828
3542404,2022,33,36,299,20145,1.6381236038719287,14.842392653263836
3542404,2023,35,33,308,20145,1.737403822288409,15.289153636138
3542404,2024,37,33,319,20565,1.799173352783856,15.51179187940676
3542503,2021,8,0,98,10047,0.7962575893301483,9.754155469294318
3542503,2022,8,0,98,7662,1.0441138084051163,12.790394152962673
3542503,2023,9,0,93,7662,1.1746280344557558,12.137823022709476
3542503,2024,10,0,109,7808,1.2807377049180326,13.960040983606557
3542602,2021,116,192,1952,56463,2.0544427324088343,34.571312186741764
3542602,2022,126,185,2032,59947,2.1018566400320284,33.896608670992705
3542602,2023,137,242,2257,59947,2.2853520609872056,37.64992409962133
3542602,2024,143,228,2239,61732,2.316464718460442,36.26968185057992
3542701,2021,4,0,110,7762,0.515331100231899,14.171605256377221
3542701,2022,4,0,143,6404,0.6246096189881324,22.329793878825736
3542701,2023,7,0,126,6404,1.0930668332292317,19.67520299812617
3542701,2024,6,0,117,6492,0.9242144177449169,18.022181146025876
3542800,2021,6,0,53,3320,1.8072289156626506,15.963855421686747
3542800,2022,6,0,68,3132,1.9157088122605364,21.711366538952745
3542800,2023,6,0,75,3132,1.9157088122605364,23.946360153256705
3542800,2024,8,0,86,3166,2.526847757422615,27.163613392293115
3542909,2021,25,19,125,13376,1.869019138755981,9.345095693779905
3542909,2022,28,19,124,10989,2.548002548002548,11.284011284011283
3542909,2023,28,19,124,10989,2.548002548002548,11.284011284011283
3542909,2024,30,7,133,11079,2.7078256160303273,12.00469356440112
3543006,2021,13,24,210,15984,0.8133133133133134,13.138138138138139
3543006,2022,14,26,236,18627,0.7515971439308531,12.669780426262951
3543006,2023,14,22,223,18627,0.7515971439308531,11.971868792612874
3543006,2024,17,22,232,18930,0.8980454305335447,12.25567881669308
3543105,2021,5,0,49,4786,1.0447137484329294,10.23819473464271
3543105,2022,5,0,52,4608,1.0850694444444444,11.284722222222221
3543105,2023,5,0,54,4608,1.0850694444444444,11.71875
3543105,2024,5,0,54,4706,1.0624734381640457,11.474713132171697
3543204,2021,3,0,62,4537,0.661229887590919,13.665417676878995
3543204,2022,3,0,83,4677,0.6414368184733803,17.74641864443019
3543204,2023,3,0,91,4677,0.6414368184733803,19.45691682702587
3543204,2024,3,0,98,4768,0.6291946308724832,20.553691275167786
3543238,2021,2,0,43,2222,0.9000900090009001,19.35193519351935
3543238,2022,2,0,44,2025,0.9876543209876544,21.728395061728396
3543238,2023,2,0,43,2025,0.9876543209876544,21.23456790123457
3543238,2024,2,0,59,2045,0.9779951100244498,28.850855745721272
3543253,2021,2,0,45,7686,0.2602133749674733,5.85480093676815
3543253,2022,2,0,47,7450,0.2684563758389262,6.308724832214765
3543253,2023,2,0,53,7450,0.2684563758389262,7.114093959731544
3543253,2024,4,0,55,7570,0.5284015852047556,7.265521796565389
3543303,2021,125,161,1730,125238,0.9980996183267059,13.81369871764161
3543303,2022,126,145,1913,115559,1.0903521145042792,16.55431424640227
3543303,2023,129,120,1999,115559,1.1163128791353334,17.29852283249249
3543303,2024,128,117,1978,118877,1.0767431883375254,16.63904708227832
3543402,2021,2483,1990,17761,720116,3.448055591043665,24.664081897916446
3543402,2022,2608,1971,19007,698642,3.732956220782604,27.205636076846226
3543402,2023,2693,1895,20106,698642,3.854620821536638,28.778687797183682
3543402,2024,2730,1885,21726,728400,3.747940691927512,29.82701812191104
3543501,2021,3,0,50,5364,0.5592841163310962,9.321401938851604
3543501,2022,4,0,78,5599,0.7144132880871584,13.931059117699588
3543501,2023,4,0,83,5599,0.7144132880871584,14.824075727808536
3543501,2024,4,0,81,5647,0.7083407118824154,14.343899415618912
3543600,2021,7,0,99,3651,1.917282936181868,27.115858668857847
3543600,2022,7,0,104,4049,1.728821931341072,25.685354408495925
3543600,2023,7,0,106,4049,1.728821931341072,26.17930353173623
3543600,2024,7,0,104,4158,1.6835016835016834,25.012025012025013
3543709,2021,13,0,137,10824,1.2010347376201036,12.657058388765705
3543709,2022,15,0,145,9098,1.6487140030775995,15.937568696416795
3543709,2023,13,0,137,9098,1.4288854693339195,15.058254561442075
3543709,2024,13,0,142,9145,1.4215418261344996,15.527610716238382
3543808,2021,11,16,176,9940,1.1066398390342052,17.706237424547282
3543808,2022,11,16,95,9259,1.1880332649314183,10.260287288044067
3543808,2023,10,16,141,9259,1.0800302408467437,15.228426395939087
3543808,2024,9,17,144,9357,0.9618467457518436,15.389547932029497
3543907,2021,622,296,4530,209548,2.968293660640999,21.61795865386451
3543907,2022,638,261,4699,201418,3.1675421263243604,23.32959318432315
3543907,2023,672,235,4809,201418,3.3363453117397652,23.875721137137692
3543907,2024,741,227,4986,208857,3.547882043694968,23.872793346643878
3544004,2021,86,35,322,36233,2.3735268953716226,8.886926282670494
3544004,2022,86,30,338,31328,2.7451481103166495,10.789070480081715
3544004,2023,91,60,372,31328,2.904749744637385,11.874361593462716
3544004,2024,91,60,387,32267,2.8202187993925683,11.9936777512629
3544103,2021,20,0,290,52009,0.3845488280874464,5.575958007267973
3544103,2022,21,0,328,44170,0.4754358161648178,7.4258546524790585
3544103,2023,20,0,273,44170,0.4527960153950645,6.180665610142631
3544103,2024,21,0,319,45317,0.4634022552243088,7.039300924597833
3544202,2021,11,23,146,12856,0.8556316116988177,11.35656502800249
3544202,2022,13,29,145,10309,1.2610340479192939,14.065379765253661
3544202,2023,13,23,158,10309,1.2610340479192939,15.326413813172955
3544202,2024,13,23,156,10453,1.243662106572276,14.923945278867311
3544251,2021,40,66,492,15929,2.5111431979408625,30.88706133467261
3544251,2022,41,66,501,17440,2.3509174311926606,28.727064220183486
3544251,2023,40,66,511,17440,2.293577981651376,29.30045871559633
3544251,2024,37,66,463,17533,2.1103062795870646,26.407346147265155
3544301,2021,13,49,234,10888,1.1939750183688465,21.491550330639235
3544301,2022,14,49,266,10832,1.292466765140325,24.556868537666176
3544301,2023,17,49,307,10832,1.569423929098966,28.34194977843427
3544301,2024,16,9,295,11095,1.4420910319963949,26.58855340243353
3544400,2021,5,0,45,3195,1.5649452269170578,14.084507042253522
3544400,2022,5,0,49,2700,1.8518518518518519,18.14814814814815
3544400,2023,5,0,52,2700,1.8518518518518519,19.25925925925926
3544400,2024,5,0,58,2741,1.8241517694272165,21.16016052535571
3544509,2021,3,0,61,3191,0.940144155437167,19.116264493889062
3544509,2022,3,0,61,3833,0.7826767545003913,15.914427341507956
3544509,2023,3,0,54,3833,0.7826767545003913,14.088181581007044
3544509,2024,3,0,72,3965,0.7566204287515763,18.15889029003783
3544608,2021,5,0,68,5638,0.886839304717985,12.061014544164598
3544608,2022,5,0,80,5112,0.9780907668231612,15.64945226917058
3544608,2023,7,0,78,5112,1.3693270735524257,15.258215962441314
3544608,2024,7,0,80,5185,1.3500482160077145,15.429122468659596
3544707,2021,2,0,37,2427,0.8240626287597858,15.245158632056036
3544707,2022,2,0,35,2474,0.8084074373484236,14.147130153597413
3544707,2023,2,0,36,2474,0.8084074373484236,14.551333872271625
3544707,2024,2,0,42,2519,0.7939658594680429,16.6732830488289
3544806,2021,4,0,134,6481,0.6171887054466902,20.675821632464128
3544806,2022,4,0,81,6437,0.6214074879602298,12.583501631194656
3544806,2023,5,0,103,6437,0.7767593599502873,16.001242814975917
3544806,2024,6,0,101,6612,0.9074410163339383,15.27525710828796
3544905,2021,40,21,213,12103,3.3049657109807486,17.598942410972484
3544905,2022,44,21,210,11411,3.8559284900534574,18.403295066164226
3544905,2023,46,21,216,11411,4.0311979668740685,18.929103496626063
3544905,2024,50,21,243,11654,4.290372404324695,20.85120988501802
3545001,2021,16,16,175,17363,0.921499740828198,10.078903415308414
3545001,2022,15,9,168,15202,0.9867122747006973,11.05117747664781
3545001,2023,15,9,180,15202,0.9867122747006973,11.840547296408367
3545001,2024,15,9,177,15396,0.9742790335151987,11.496492595479346
3545100,2021,3,0,49,5372,0.5584512285927029,9.121370067014148
3545100,2022,3,0,56,4808,0.6239600665557404,11.647254575707155
3545100,2023,3,0,55,4808,0.6239600665557404,11.43926788685524
3545100,2024,4,0,57,4883,0.8191685439279132,11.673151750972762
3545159,2021,5,0,88,8498,0.5883737349964697,10.355377735937866
3545159,2022,7,1,90,8161,0.8577380223011886,11.028060286729568
3545159,2023,6,0,146,8161,0.7352040191153045,17.889964465139077
3545159,2024,7,0,175,8371,0.8362202843148967,20.905507107872417
3545209,2021,203,114,1626,120779,1.6807557605212826,13.462605254224657
3545209,2022,204,136,1761,134319,1.518772474482389,13.110580037075918
3545209,2023,208,97,1339,134319,1.5485523269232202,9.96880560456823
3545209,2024,218,97,1722,140125,1.5557537912578057,12.289027653880465
3545308,2021,74,46,515,46285,1.5987901047855677,11.126714918440099
3545308,2022,85,44,530,43748,1.942945963244034,12.114839535521623
3545308,2023,87,43,580,43748,1.988662338849776,13.257748925665172
3545308,2024,86,43,632,45138,1.90526828836014,14.001506491204749
3545407,2021,8,25,130,9396,0.8514261387824607,13.835674755214985
3545407,2022,8,25,156,9050,0.8839779005524862,17.23756906077348
3545407,2023,9,25,166,9050,0.9944751381215471,18.34254143646409
3545407,2024,9,25,171,9212,0.9769865392965696,18.56274424663482
3545506,2021,4,0,90,4405,0.9080590238365494,20.43132803632236
3545506,2022,3,0,95,3645,0.823045267489712,26.06310013717421
3545506,2023,3,0,94,3645,0.823045267489712,25.78875171467764
3545506,2024,4,0,101,3699,1.0813733441470668,27.304676939713435
3545605,2021,37,17,212,15639,2.3658801713664555,13.555853954856449
3545605,2022,38,17,285,14018,2.7108003994863745,20.33100299614781
3545605,2023,38,15,296,14018,2.7108003994863745,21.115708374946497
3545605,2024,38,15,305,14203,2.6754910934309653,21.474336407801168
3545704,2021,8,0,72,6036,1.3253810470510272,11.928429423459244
3545704,2022,8,0,65,6393,1.2513686844986704,10.167370561551698
3545704,2023,9,0,73,6393,1.4077897700610043,11.418739246050368
3545704,2024,9,0,101,6543,1.375515818431912,15.43634418462479
3545803,2021,319,162,2268,195278,1.633568553549299,11.614211534325424
3545803,2022,336,171,2455,183347,1.832590661423421,13.3899109339122
3545803,2023,364,166,2445,183347,1.9853065498753728,13.33536954517936
3545803,2024,372,166,2658,189338,1.9647403056966906,14.038386377800547
3546009,2021,13,0,158,14925,0.8710217755443886,10.586264656616416
3546009,2022,13,0,167,13975,0.930232558139535,11.949910554561717
3546009,2023,13,0,190,13975,0.930232558139535,13.595706618962433
3546009,2024,13,0,185,14212,0.914719954967633,13.017168589924008
3546108,2021,5,0,61,2111,2.3685457129322596,28.896257697773567
3546108,2022,5,0,59,2598,1.924557351809084,22.70977675134719
3546108,2023,5,0,60,2598,1.924557351809084,23.094688221709006
3546108,2024,4,0,67,2677,1.4942099364960777,25.0280164363093
3546207,2021,4,0,46,4584,0.8726003490401396,10.034904013961604
3546207,2022,4,0,48,4277,0.9352349777881693,11.22281973345803
3546207,2023,4,0,47,4277,0.9352349777881693,10.989010989010989
3546207,2024,4,0,48,4365,0.9163802978235968,10.996563573883162
3546256,2021,7,0,71,2166,3.2317636195752537,32.77931671283472
3546256,2022,7,0,64,2116,3.3081285444234405,30.245746691871457
3546256,2023,7,0,66,2116,3.3081285444234405,31.19092627599244
3546256,2024,8,0,74,2162,3.700277520814061,34.22756706753007
3546306,2021,72,20,462,35102,2.0511651757734604,13.161643211213036
3546306,2022,73,20,445,28864,2.5291019955654104,15.417128603104214
3546306,2023,75,20,453,28864,2.598392461197339,15.694290465631928
3546306,2024,78,20,458,29525,2.6418289585097376,15.512277730736663
3546405,2021,154,90,931,48207,3.1945568071027033,19.312547970211796
3546405,2022,154,95,1043,46442,3.3159639981051634,22.458119805348606
3546405,2023,149,80,1117,46442,3.208302829335515,24.0515051031394
3546405,2024,158,84,1184,47677,3.3139669022799256,24.833777293034377
3546504,2021,3,0,50,5577,0.5379236148466917,8.965393580778196
3546504,2022,3,0,52,6118,0.4903563255966002,8.499509643674402
3546504,2023,7,0,59,6118,1.1441647597254005,9.643674403399805
3546504,2024,6,0,62,6256,0.9590792838874681,9.910485933503837
3546603,2021,120,56,769,32796,3.658982802780827,23.447981461153798
3546603,2022,125,55,734,34794,3.5925734322009544,21.095591193884005
3546603,2023,134,50,779,34794,3.851238719319423,22.388917629476346
3546603,2024,144,51,879,36098,3.989140672613441,24.350379522411213
3546702,2021,44,0,298,27850,1.5798922800718131,10.700179533213644
3546702,2022,49,0,317,23611,2.0753038837829827,13.425945533861336
3546702,2023,39,0,319,23611,1.6517724789293127,13.51065181483207
3546702,2024,46,0,365,24107,1.9081594557597379,15.140830464180528
3546801,2021,46,81,867,58529,0.7859351774334091,14.813169539886209
3546801,2022,47,54,895,53174,0.8838906232369204,16.83153420844774
3546801,2023,44,62,969,53174,0.8274720728175423,18.223191785459058
3546801,2024,50,58,943,54586,0.9159857839006339,17.275491884365955
3546900,2021,6,8,73,8889,0.6749915626054674,8.212397345033187
3546900,2022,6,8,79,7149,0.839278220730172,11.050496572947266
3546900,2023,5,8,77,7149,0.6993985172751433,10.770737166037208
3546900,2024,5,8,87,7181,0.6962818548948615,12.11530427517059
3547007,2021,8,6,55,6298,1.2702445220704985,8.732931089234677
3547007,2022,9,6,65,5243,1.7165744802593934,12.397482357428952
3547007,2023,9,6,77,5243,1.7165744802593934,14.686248331108143
3547007,2024,9,6,83,5314,1.6936394429808055,15.619119307489651
3547106,2021,5,0,64,2947,1.69664065151001,21.71700033932813
3547106,2022,7,0,71,2956,2.368064952638701,24.01894451962111
3547106,2023,8,0,73,2956,2.7063599458728014,24.69553450608931
3547106,2024,8,0,78,3012,2.6560424966799467,25.896414342629484
3547205,2021,2,0,52,1448,1.3812154696132597,35.91160220994475
3547205,2022,2,0,44,1670,1.1976047904191616,26.347305389221557
3547205,2023,3,0,44,1670,1.7964071856287425,26.347305389221557
3547205,2024,3,0,58,1698,1.7667844522968197,34.157832744405184
3547304,2021,49,74,3079,145073,0.3377609892950446,21.22379767427433
3547304,2022,55,42,3420,154105,0.3568995165633821,22.192660848123033
3547304,2023,59,40,3377,154105,0.38285584504071896,21.91363031699166
3547304,2024,66,40,2916,162341,0.4065516412982549,17.962190697359265
3547403,2021,4,0,41,2476,1.6155088852988693,16.558966074313407
3547403,2022,4,0,52,2733,1.4635931211123308,19.0267105744603
3547403,2023,4,0,53,2733,1.4635931211123308,19.392608854738384
3547403,2024,4,0,58,2790,1.4336917562724014,20.78853046594982
3547502,2021,76,44,644,27641,2.7495387287001196,23.2987229116168
3547502,2022,77,44,631,24833,3.1007127612451177,25.40973704345025
3547502,2023,78,44,668,24833,3.1409817581444046,26.899689928723877
3547502,2024,79,27,640,25060,3.15243415802075,25.538707102952916
3547601,2021,63,23,307,26960,2.336795252225519,11.387240356083087
3547601,2022,67,23,311,23411,2.861902524454316,13.284353509034215
3547601,2023,67,23,357,23411,2.861902524454316,15.249241809405834
3547601,2024,73,23,374,23725,3.076923076923077,15.763962065331928
3547650,2021,2,0,37,1558,1.2836970474967906,23.74839537869063
3547650,2022,2,0,38,1645,1.2158054711246202,23.10030395136778
3547650,2023,2,0,40,1645,1.2158054711246202,24.316109422492403
3547650,2024,2,0,40,1686,1.1862396204033216,23.724792408066428
3547700,2021,44,38,257,20855,2.109805801965955,12.323183888755693
3547700,2022,44,38,249,17963,2.449479485609308,13.861827089016312
3547700,2023,47,38,260,17963,2.616489450537215,14.474196960418638
3547700,2024,47,38,277,18045,2.604599612080909,15.350512607370463
3547809,2021,697,2038,15651,723889,0.9628548023246658,21.620718093519862
3547809,2022,773,1873,16109,748919,1.0321543451294464,21.50966926997446
3547809,2023,796,1593,16354,748919,1.062865276485174,21.836807451807207
3547809,2024,886,1591,17962,778711,1.137777686458776,23.066323706741013
3547908,2021,21,13,128,7024,2.989749430523918,18.223234624145785
3547908,2022,21,13,124,6775,3.0996309963099633,18.30258302583026
3547908,2023,21,12,142,6775,3.0996309963099633,20.95940959409594
3547908,2024,21,6,156,6917,3.0359982651438484,22.553129969640015
3548005,2021,28,0,324,23742,1.1793446213461376,13.646702047005308
3548005,2022,32,0,362,23244,1.3766993632765445,15.57391154706591
3548005,2023,42,0,429,23244,1.8069179143004646,18.456375838926174
3548005,2024,46,0,472,23779,1.934480003364313,19.849446991042516
3548054,2021,4,0,122,8541,0.46832923545252314,14.284041681301956
3548054,2022,4,0,143,8379,0.47738393603055257,17.066475713092252
3548054,2023,4,0,168,8379,0.47738393603055257,20.050125313283207
3548054,2024,5,0,166,8568,0.5835667600373483,19.374416433239965
3548104,2021,9,0,67,5926,1.5187310158623017,11.306108673641578
3548104,2022,9,0,72,6126,1.4691478942213516,11.753183153770813
3548104,2023,8,0,88,6126,1.3059092393078682,14.36500163238655
3548104,2024,8,0,93,6237,1.282667949334616,14.911014911014911
3548203,2021,16,0,99,6843,2.338155779628818,14.46733888645331
3548203,2022,18,0,101,7133,2.5234824057198937,14.159540165428291
3548203,2023,21,0,111,7133,2.944062806673209,15.561474835272676
3548203,2024,19,0,112,7294,2.6048807238826432,15.355086372360844
3548302,2021,2,0,43,3159,0.6331117442228553,13.61190250079139
3548302,2022,2,0,51,3000,0.6666666666666666,17.0
3548302,2023,2,0,53,3000,0.6666666666666666,17.666666666666668
3548302,2024,3,0,51,3063,0.9794319294809011,16.65034280117532
3548401,2021,3,0,63,4856,0.6177924217462932,12.973640856672159
3548401,2022,3,0,64,3899,0.7694280584765325,16.414465247499358
3548401,2023,3,0,71,3899,0.7694280584765325,18.2097973839446
3548401,2024,3,0,84,3933,0.7627765064836003,21.35774218154081
3548500,2021,1626,1784,16857,433991,3.746621473717197,38.84181930040024
3548500,2022,1666,1490,19215,418608,3.9798570500324884,45.902132782937734
3548500,2023,1703,1452,19357,418608,4.068245231815923,46.24135229140389
3548500,2024,1759,1468,19822,429567,4.094821064001658,46.14414049496354
3548609,2021,15,25,169,10907,1.3752635921885028,15.494636471990464
3548609,2022,15,25,166,11674,1.2849066301182115,14.219633373308206
3548609,2023,16,25,170,11674,1.3705670721260923,14.562275141339729
3548609,2024,16,25,183,11948,1.3391362571141614,15.316370940743221
3548708,2021,866,1662,18875,849874,1.0189745774079453,22.2091745364607
3548708,2022,907,1631,20155,810729,1.1187462148264093,24.860341741815084
3548708,2023,983,1356,21624,810729,1.2124890068074534,26.67229123418553
3548708,2024,990,1355,21406,840499,1.1778717166825898,25.46820400738133
3548807,2021,391,946,5220,162763,2.4022658712360916,32.071170966374424
3548807,2022,455,879,5686,165655,2.746672300866258,34.324348797199
3548807,2023,565,880,6414,165655,3.410702967009749,38.71902447858501
3548807,2024,657,880,7303,172109,3.8173483083394824,42.43241201796536
3548906,2021,821,477,4330,256915,3.1956094428118247,16.853823248934475
3548906,2022,895,533,4723,254857,3.5117732689312047,18.531961060516288
3548906,2023,948,387,5036,254857,3.719733026756181,19.76010076238832
3548906,2024,1025,396,5875,265294,3.8636380770013643,22.145242636471234
3549003,2021,5,0,60,2813,1.7774617845716318,21.32954141485958
3549003,2022,5,0,52,2602,1.921598770176787,19.984627209838585
3549003,2023,5,0,58,2602,1.921598770176787,22.29054573405073
3549003,2024,5,0,68,2629,1.901863826550019,25.865348041080257
3549102,2021,600,196,3108,92315,6.499485457401289,33.66733466933867
3549102,2022,629,196,3156,92547,6.796546619555469,34.101591623715514
3549102,2023,649,194,3254,92547,7.012653030352145,35.160513036619236
3549102,2024,680,194,3439,95762,7.100937741484096,35.9119483720056
3549201,2021,2,0,23,2555,0.7827788649706459,9.001956947162427
3549201,2022,2,0,28,2580,0.7751937984496124,10.852713178294573
3549201,2023,2,0,42,2580,0.7751937984496124,16.27906976744186
3549201,2024,2,0,44,2622,0.7627765064836003,16.781083142639208
3549250,2021,4,0,42,1942,2.059732234809475,21.627188465499486
3549250,2022,4,0,47,1846,2.1668472372697725,25.46045503791983
3549250,2023,4,0,48,1846,2.1668472372697725,26.00216684723727
3549250,2024,4,0,48,1880,2.127659574468085,25.53191489361702
3549300,2021,6,0,46,2095,2.863961813842482,21.957040572792362
3549300,2022,6,0,47,2242,2.676181980374665,20.96342551293488
3549300,2023,6,0,52,2242,2.676181980374665,23.1935771632471
3549300,2024,6,0,50,2288,2.6223776223776225,21.853146853146853
3549409,2021,192,91,1099,52737,3.640707662551909,20.83925896429452
3549409,2022,197,91,1159,48558,4.057003995222209,23.86836360640883
3549409,2023,202,89,1301,48558,4.159973639770996,26.792701511594384
3549409,2024,211,89,1294,49815,4.235671986349494,25.97611161296798
3549508,2021,8,0,110,8991,0.8897786675564454,12.234456678901124
3549508,2022,6,0,87,7626,0.7867820613690008,11.408339889850511
3549508,2023,6,0,88,7626,0.7867820613690008,11.539470233412011
3549508,2024,8,0,98,7690,1.0403120936280883,12.743823146944083
3549607,2021,5,0,62,4141,1.207437816952427,14.972228930210093
3549607,2022,5,0,58,3853,1.2976901116013497,15.053205294575655
3549607,2023,5,0,65,3853,1.2976901116013497,16.869971450817545
3549607,2024,5,0,66,3898,1.2827090815802975,16.93175987685993
3549706,2021,130,120,1281,55298,2.3508987666823393,23.165394770154435
3549706,2022,162,122,1336,52205,3.1031510391724932,25.591418446508957
3549706,2023,180,122,1360,52205,3.4479455990805477,26.05114452638636
3549706,2024,192,121,1396,53416,3.594428635614797,26.13449153811592
3549805,2021,1184,2043,14514,469173,2.5235893796105064,30.935283999718653
3549805,2022,1237,1949,15369,480393,2.57497507249273,31.992556094697463
3549805,2023,1265,1922,15795,480393,2.6332606844812476,32.879330048522775
3549805,2024,1339,1993,16285,501597,2.669473700999009,32.466302629401696
3549904,2021,1082,1237,17527,737310,1.4674967110170756,23.77154792421098
3549904,2022,1230,1232,18809,697054,1.764569172546173,26.983562249122734
3549904,2023,1398,1235,20411,697054,2.0055834985524794,29.281806000682874
3549904,2024,1499,1225,21155,724756,2.0682822908675473,29.189133998200774
3549953,2021,10,0,125,16127,0.6200781298443604,7.750976623054505
3549953,2022,11,13,162,16067,0.6846330988983631,10.082778365594075
3549953,2023,12,0,188,16067,0.7468724715254871,11.701002053899296
3549953,2024,12,0,215,16458,0.7291286912139993,13.063555717584153
3550001,2021,11,13,131,10693,1.028710371270925,12.251005330590106
3550001,2022,13,13,138,10337,1.257618264486795,13.350101576859823
3550001,2023,10,16,134,10337,0.9673986649898423,12.963142110863886
3550001,2024,9,16,136,10497,0.8573878250928837,12.956082690292465
3550100,2021,109,27,633,41287,2.640056192021702,15.331702472933369
3550100,2022,107,30,642,37289,2.8694789348065113,17.216873608839066
3550100,2023,110,44,601,37289,2.9499316152216473,16.117353643165547
3550100,2024,108,44,693,38166,2.82974375098255,18.15752240213803
3550209,2021,60,44,462,33071,1.814278370778023,13.969943454990778
3550209,2022,64,44,470,32039,1.9975654670869878,14.669621398920066
3550209,2023,63,51,474,32039,1.9663535066637536,14.794469240613003
3550209,2024,65,51,525,32904,1.975443715049842,15.955506929248724
3550308,2021,12590,28193,277418,12396372,1.01561973132139,22.37896700744379
3550308,2022,15015,29223,292867,11451999,1.311124808865247,25.57343918734188
3550308,2023,17524,27847,303188,11451999,1.5302131968401325,26.474679224124976
3550308,2024,19716,28137,319578,11895578,1.6574226153617757,26.865277164337872
3550407,2021,86,56,655,36298,2.369276544162213,18.0450713537936
3550407,2022,87,56,673,38256,2.2741530740276037,17.59201171058135
3550407,2023,92,57,798,38256,2.4048515265579256,20.8594730238394
3550407,2024,97,57,834,39725,2.4417872876022657,20.994336060415357
3550506,2021,6,0,96,7724,0.7767995857068876,12.428793371310201
3550506,2022,6,0,90,7217,0.8313703755022863,12.470555632534294
3550506,2023,6,0,97,7217,0.8313703755022863,13.440487737286961
3550506,2024,6,0,111,7333,0.818219009954998,15.137051684167462
3550605,2021,236,113,1636,93076,2.5355623361554,17.577033821823026
3550605,2022,249,128,1817,79484,3.132705953399426,22.859946655930752
3550605,2023,270,142,2136,79484,3.396910069951185,26.873332997836044
3550605,2024,288,141,2456,81342,3.540606328833813,30.193503970888347
3550704,2021,199,77,1755,91637,2.1716119034887655,19.151652716697406
3550704,2022,198,67,1847,81595,2.426619278142043,22.636190943072492
3550704,2023,205,84,2011,81595,2.512408848581408,24.64611802193762
3550704,2024,207,66,2003,84019,2.463728442376129,23.839845749175783
3550803,2021,30,25,191,12137,2.4717805058910765,15.73700255417319
3550803,2022,29,25,197,10441,2.7775117325926635,18.867924528301884
3550803,2023,32,25,196,10441,3.0648405325160426,18.77214826166076
3550803,2024,32,25,206,10484,3.052270125906143,19.64898893552079
3550902,2021,35,16,176,15446,2.265958824291079,11.394535802149424
3550902,2022,36,16,229,13442,2.678172890938848,17.036155334027676
3550902,2023,39,16,247,13442,2.9013539651837523,18.3752417794971
3550902,2024,39,16,254,13590,2.869757174392936,18.69021339220015
3551009,2021,232,229,2768,370839,0.6256084176691233,7.464155603914367
3551009,2022,232,249,2761,329911,0.7032199593223627,8.36892374003898
3551009,2023,245,238,2810,329911,0.7426245260085296,8.517448645240686
3551009,2024,247,246,3198,338407,0.7298903391478309,9.450159127914022
3551108,2021,9,0,134,10493,0.8577146669208043,12.770418374154197
3551108,2022,9,0,148,10369,0.8679718391358858,14.273314688012343
3551108,2023,10,0,146,10369,0.9644131545954286,14.08043205709326
3551108,2024,10,0,147,10632,0.9405568096313017,13.826185101580137
3551207,2021,2,0,38,3623,0.5520287054926857,10.488545404361027
3551207,2022,2,0,38,3704,0.5399568034557236,10.259179265658746
3551207,2023,2,0,40,3704,0.5399568034557236,10.79913606911447
3551207,2024,2,0,40,3769,0.5306447333510215,10.612894667020429
3551306,2021,4,0,70,3595,1.1126564673157164,19.471488178025034
3551306,2022,4,0,76,3130,1.2779552715654952,24.28115015974441
3551306,2023,4,0,78,3130,1.2779552715654952,24.920127795527154
3551306,2024,4,0,88,3187,1.2550988390335738,27.612174458738625
3551405,2021,17,0,142,15292,1.1116923881768246,9.285901124771122
3551405,2022,17,0,145,12746,1.3337517652596893,11.376117997803233
3551405,2023,17,0,194,12746,1.3337517652596893,15.220461321198808
3551405,2024,18,0,227,13058,1.3784653086230663,17.38397916985756
3551504,2021,54,111,883,46166,1.1696919811116406,19.12662998743664
3551504,2022,55,111,911,43909,1.2525905850736752,20.747454963674876
3551504,2023,57,98,996,43909,1.2981393336218088,22.68327677697055
3551504,2024,63,78,975,45408,1.3874207188160677,21.471987315010573
3551603,2021,76,29,346,29669,2.5615962789443527,11.662004112036133
3551603,2022,77,29,392,29894,2.575767712584465,13.112999264066367
3551603,2023,80,29,425,29894,2.6761222987890547,14.216899712316852
3551603,2024,81,29,499,30920,2.6196636481241913,16.138421733505822
3551702,2021,392,144,3025,128432,3.052198828952286,23.553320044848633
3551702,2022,420,144,3472,126887,3.310031760542845,27.362929220487523
3551702,2023,437,116,3453,126887,3.444009236564818,27.21318968846296
3551702,2024,469,122,3698,131600,3.5638297872340425,28.10030395136778
3551801,2021,10,0,142,12731,0.7854842510407667,11.153876364778887
3551801,2022,10,0,157,12730,0.7855459544383347,12.333071484681854
3551801,2023,10,0,158,12730,0.7855459544383347,12.411626080125687
3551801,2024,10,0,144,12912,0.7744733581164809,11.152416356877323
3551900,2021,16,0,174,17820,0.8978675645342312,9.764309764309763
3551900,2022,16,0,169,14576,1.0976948408342482,11.594401756311745
3551900,2023,16,0,187,14576,1.0976948408342482,12.829308452250276
3551900,2024,16,0,182,14724,1.0866612333605,12.360771529475686
3552007,2021,7,1,105,6375,1.0980392156862744,16.47058823529412
3552007,2022,12,1,120,6186,1.9398642095053347,19.398642095053347
3552007,2023,12,1,134,6186,1.9398642095053347,21.6618170061429
3552007,2024,12,1,131,6313,1.9008395374623792,20.750831617297642
3552106,2021,72,54,454,41690,1.7270328615975055,10.88990165507316
3552106,2022,79,54,446,40122,1.9689945665719555,11.11609590748218
3552106,2023,83,54,439,40122,2.0686904939933206,10.94162803449479
3552106,2024,87,54,503,41405,2.101195507788914,12.14829126917039
3552205,2021,1182,1430,13749,695328,1.699917161397211,19.773401905287866
3552205,2022,1259,1598,15713,723682,1.7397144049458186,21.712575412957623
3552205,2023,1359,1422,16852,723682,1.8778966452115708,23.28647112958454
3552205,2024,1454,1599,20313,757459,1.919575845029236,26.817293081209677
3552304,2021,9,18,173,7738,1.1630912380460068,22.357198242439907
3552304,2022,9,18,180,7355,1.2236573759347384,24.473147518694766
3552304,2023,10,18,179,7355,1.3596193065941535,24.33718558803535
3552304,2024,10,18,194,7466,1.339405304045004,25.984462898473076
3552403,2021,253,201,3734,289875,0.8727899956877965,12.88141440275981
3552403,2022,266,201,3820,279545,0.9515462626768498,13.665062870020927
3552403,2023,277,176,4204,279545,0.9908959201559678,15.03872364020104
3552403,2024,288,175,4401,289787,0.9938334017744067,15.187016670865154
3552502,2021,293,240,2458,303397,0.9657313684710132,8.10159625836775
3552502,2022,318,268,2772,307429,1.0343851751136033,9.016716054763865
3552502,2023,325,271,2871,307429,1.057154660100381,9.338741628148288
3552502,2024,341,271,3766,318765,1.069753580223676,11.814345991561181
3552551,2021,4,0,69,4063,0.9844942160964804,16.98252522766429
3552551,2022,5,0,78,3408,1.4671361502347418,22.887323943661972
3552551,2023,5,0,71,3408,1.4671361502347418,20.833333333333332
3552551,2024,4,0,80,3464,1.1547344110854503,23.094688221709006
3552601,2021,21,23,230,12561,1.6718414139001672,18.31064405700183
3552601,2022,20,23,255,11323,1.7663163472577939,22.520533427536872
3552601,2023,20,23,241,11323,1.7663163472577939,21.284111984456416
3552601,2024,23,23,279,11499,2.000173928167667,24.262979389512132
3552700,2021,45,28,197,16787,2.6806457377732773,11.735271340918567
3552700,2022,47,22,198,14769,3.1823413907508975,13.40645947592931
3552700,2023,48,22,208,14769,3.2500507820434694,14.083553388855034
3552700,2024,50,23,222,14994,3.334667200213419,14.805922368947579
3552809,2021,141,397,5869,297528,0.47390497701056705,19.725874539539138
3552809,2022,146,310,6103,273542,0.5337388773935995,22.311016224199577
3552809,2023,160,285,6260,273542,0.5849193176916159,22.884968304684474
3552809,2024,171,285,6282,284274,0.60153232444754,22.09839802444121
3552908,2021,5,0,97,6371,0.7848061528802386,15.225239365876629
3552908,2022,5,0,99,6260,0.7987220447284344,15.814696485623003
3552908,2023,5,0,91,6260,0.7987220447284344,14.536741214057509
3552908,2024,6,0,94,6399,0.9376465072667605,14.68979528051258
3553005,2021,15,17,187,14415,1.040582726326743,12.97259798820673
3553005,2022,15,17,184,12669,1.1839924224484963,14.52364038203489
3553005,2023,15,17,192,12669,1.1839924224484963,15.155103007340752
3553005,2024,15,17,186,13006,1.1533138551437798,14.301091803782871
3553104,2021,11,0,78,6346,1.7333753545540498,12.29120705956508
3553104,2022,11,0,93,5677,1.9376431213669192,16.381891844283956
3553104,2023,13,0,95,5677,2.2899418707063592,16.734190593623392
3553104,2024,12,0,97,5751,2.0865936358894106,16.866631890106067
3553203,2021,18,4,84,5562,3.236245954692557,15.102481121898599
3553203,2022,18,4,100,6548,2.748930971288943,15.271838729383017
3553203,2023,18,4,111,6548,2.748930971288943,16.95174098961515
3553203,2024,19,4,123,6733,2.8219218773206594,18.268231100549535
3553302,2021,83,33,467,23255,3.569124919372178,20.081702859600085
3553302,2022,86,27,457,21435,4.012129694425006,21.32027058549102
3553302,2023,78,27,436,21435,3.6389083275017495,20.34056449731747
3553302,2024,71,27,456,21682,3.274605663684162,21.031270178027857
3553401,2021,48,49,432,26231,1.8298959246692845,16.46906332202356
3553401,2022,50,49,468,25265,1.9790223629527013,18.523649317237286
3553401,2023,54,49,462,25265,2.137344151988917,18.28616663368296
3553401,2024,55,49,385,26021,2.1136774143960646,14.795741900772452
3553500,2021,11,0,89,7725,1.4239482200647249,11.5210355987055
3553500,2022,11,0,97,7996,1.3756878439219609,12.131065532766383
3553500,2023,11,0,96,7996,1.3756878439219609,12.00600300150075
3553500,2024,10,0,93,8122,1.2312238364934747,11.450381679389313
3553609,2021,18,20,186,12940,1.391035548686244,14.37403400309119
3553609,2022,19,20,182,11816,1.6079891672308735,15.402843601895734
3553609,2023,18,23,174,11816,1.5233581584292486,14.725795531482735
3553609,2024,19,23,180,11936,1.591823056300268,15.080428954423592
3553658,2021,3,0,73,2815,1.0657193605683837,25.932504440497336
3553658,2022,3,0,64,2619,1.1454753722794961,24.43680794196258
3553658,2023,3,0,69,2619,1.1454753722794961,26.345933562428407
3553658,2024,4,0,66,2652,1.5082956259426847,24.886877828054295
3553708,2021,154,114,825,57547,2.6760734703807323,14.336107877039638
3553708,2022,164,116,959,52260,3.1381553769613473,18.350554917719098
3553708,2023,174,104,990,52260,3.3295063145809416,18.94374282433984
3553708,2024,186,104,1003,53322,3.488241251265894,18.810247177525223
3553807,2021,19,40,291,23292,0.8157307229950197,12.493560020607935
3553807,2022,21,40,316,24350,0.8624229979466119,12.977412731006162
3553807,2023,25,37,354,24350,1.026694045174538,14.537987679671458
3553807,2024,28,37,364,24863,1.1261714193781927,14.640228451916503
3553856,2021,6,0,76,5968,1.0053619302949062,12.734584450402144
3553856,2022,6,0,83,6876,0.8726003490401396,12.070971495055264
3553856,2023,7,0,79,6876,1.0180337405468296,11.489237929028505
3553856,2024,7,0,96,7112,0.984251968503937,13.498312710911136
3553906,2021,7,0,88,7609,0.9199632014719411,11.565251675647259
3553906,2022,8,0,88,6536,1.2239902080783354,13.46389228886169
3553906,2023,8,0,93,6536,1.2239902080783354,14.228886168910648
3553906,2024,8,0,99,6635,1.205727204220045,14.920874152223059
3553955,2021,18,0,177,15361,1.1717987110214179,11.522687325043941
3553955,2022,23,0,192,14882,1.5454911974197016,12.901491734981859
3553955,2023,21,0,230,14882,1.4111006585136407,15.454911974197017
3553955,2024,22,0,245,15248,1.4428121720881426,16.067681007345225
3554003,2021,367,102,2322,124134,2.9564825108350656,18.705592343757555
3554003,2022,389,105,2506,123942,3.138564812573623,20.21913475657969
3554003,2023,403,92,2531,123942,3.251520872666247,20.420842006745094
3554003,2024,441,89,2595,128560,3.4303049159925325,20.185127566894835
3554102,2021,857,542,8036,320820,2.6712798453961724,25.048313696153606
3554102,2022,885,480,8149,310739,2.8480493275707266,26.224580757484574
3554102,2023,908,451,8883,310739,2.9220664287392313,28.586691725209903
3554102,2024,955,466,9092,321298,2.9723185329507187,28.29771738386171
3554201,2021,4,0,30,4452,0.8984725965858041,6.738544474393532
3554201,2022,4,0,29,4127,0.969227041434456,7.026896050399806
3554201,2023,4,0,34,4127,0.969227041434456,8.238429852192876
3554201,2024,4,0,37,4142,0.9657170449058425,8.932882665379044
3554300,2021,38,44,384,23395,1.6242786920282113,16.413763624706135
3554300,2022,40,44,374,22173,1.803995850809543,16.86736120506923
3554300,2023,48,44,409,22173,2.164795020971452,18.44585757452758
3554300,2024,52,44,436,22559,2.305066713950086,19.327097832350724
3554409,2021,17,24,119,9502,1.7890970322037465,12.523679225426225
3554409,2022,17,24,126,7904,2.1508097165991904,15.941295546558706
3554409,2023,17,24,113,7904,2.1508097165991904,14.29655870445344
3554409,2024,17,24,128,7985,2.128991859737007,16.030056355666876
3554508,2021,144,37,631,42946,3.3530480137847527,14.692870115959577
3554508,2022,149,37,604,37663,3.956137323102249,16.036959350025224
3554508,2023,158,37,648,37663,4.1950986379205055,17.20521466691448
3554508,2024,164,37,687,38690,4.23882140087878,17.756526234169037
3554607,2021,3,0,40,2647,1.1333585190782018,15.11144692104269
3554607,2022,3,0,47,2464,1.2175324675324675,19.074675324675326
3554607,2023,3,0,62,2464,1.2175324675324675,25.162337662337663
3554607,2024,3,0,63,2490,1.2048192771084338,25.30120481927711
3554656,2021,3,0,43,2432,1.2335526315789473,17.68092105263158
3554656,2022,4,0,40,2046,1.9550342130987293,19.550342130987293
3554656,2023,4,0,42,2046,1.9550342130987293,20.527859237536656
3554656,2024,4,0,48,2063,1.9389238972370335,23.2670867668444
3554706,2021,7,16,110,10100,0.693069306930693,10.89108910891089
3554706,2022,8,16,115,9335,0.8569898232458489,12.319228709159079
3554706,2023,8,16,107,9335,0.8569898232458489,11.46223888591323
3554706,2024,9,16,122,9484,0.9489666807254322,12.863770560944749
3554755,2021,2,0,45,1752,1.141552511415525,25.684931506849313
3554755,2022,2,0,47,1682,1.1890606420927465,27.94292508917955
3554755,2023,2,0,61,1682,1.1890606420927465,36.26634958382877
3554755,2024,2,0,61,1719,1.1634671320535195,35.48574752763235
3554805,2021,50,0,369,48228,1.0367421414945674,7.6511570042299075
3554805,2022,52,0,373,51173,1.0161608660817227,7.289000058624666
3554805,2023,47,0,361,51173,0.9184530904969417,7.054501397221191
3554805,2024,47,0,423,53083,0.8854058738202437,7.968652864382194
3554904,2021,4,0,54,5856,0.6830601092896175,9.221311475409836
3554904,2022,4,0,53,6804,0.5878894767783657,7.789535567313345
3554904,2023,6,0,52,6804,0.8818342151675485,7.642563198118753
3554904,2024,6,0,57,7013,0.8555539711963497,8.127762726365322
3554953,2021,6,0,59,7058,0.8500991782374611,8.3593085860017
3554953,2022,7,0,58,6778,1.0327530244910004,8.557096488639717
3554953,2023,7,0,63,6778,1.0327530244910004,9.294777220419004
3554953,2024,7,0,68,6947,1.0076291924571759,9.788397869583992
3555000,2021,235,132,1661,65615,3.5814981330488456,25.314333612740988
3555000,2022,244,139,1674,63928,3.8167938931297707,26.185708922537852
3555000,2023,249,129,1623,63928,3.895006882743086,25.387936428482043
3555000,2024,266,129,1684,65416,4.066283478048184,25.74293750764339
3555109,2021,45,35,360,15670,2.871729419272495,22.97383535417996
3555109,2022,56,35,368,15854,3.532231613472941,23.211807745679323
3555109,2023,57,35,366,15854,3.5953071779992434,23.085656616626718
3555109,2024,56,35,366,16206,3.4555103048253732,22.58422806368012
3555208,2021,2,0,42,2024,0.9881422924901185,20.750988142292492
3555208,2022,2,0,42,1818,1.1001100110011,23.1023102310231
3555208,2023,2,0,40,1818,1.1001100110011,22.002200220022004
3555208,2024,2,0,42,1839,1.087547580206634,22.838499184339316
3555307,2021,4,0,42,1667,2.3995200959808036,25.19496100779844
3555307,2022,4,0,45,1669,2.396644697423607,26.96225284601558
3555307,2023,4,0,52,1669,2.396644697423607,31.156381066506892
3555307,2024,4,0,62,1672,2.3923444976076556,37.08133971291866
3555356,2021,3,0,72,6488,0.4623921085080148,11.097410604192355
3555356,2022,3,0,63,5365,0.5591798695246971,11.74277726001864
3555356,2023,3,0,82,5365,0.5591798695246971,15.284249767008387
3555356,2024,3,0,114,5456,0.5498533724340177,20.89442815249267
3555406,2021,67,117,1607,92819,0.7218349691334748,17.313265602947673
3555406,2022,70,79,1603,92981,0.7528419784687195,17.240081306933675
3555406,2023,73,69,1714,92981,0.7851066346888074,18.433873587076928
3555406,2024,80,55,1942,96598,0.8281744963663844,20.103935899293983
3555505,2021,6,0,90,4828,1.2427506213753108,18.64125932062966
3555505,2022,7,0,71,5132,1.3639906469212784,13.834762275915821
3555505,2023,6,0,76,5132,1.1691348402182387,14.809041309431022
3555505,2024,5,0,68,5265,0.9496676163342831,12.915479582146249
3555604,2021,26,0,167,10191,2.551270729074674,16.38700814444117
3555604,2022,28,0,156,10394,2.6938618433711756,15.008658841639408
3555604,2023,28,0,156,10394,2.6938618433711756,15.008658841639408
3555604,2024,30,0,187,10627,2.822998023901383,17.59668768231862
3555703,2021,3,0,32,1886,1.5906680805938496,16.96712619300106
3555703,2022,3,0,40,1603,1.8714909544603868,24.953212726138492
3555703,2023,3,0,41,1603,1.8714909544603868,25.57704304429195
3555703,2024,3,0,59,1628,1.8427518427518428,36.24078624078624
3555802,2021,8,26,142,9125,0.8767123287671234,15.561643835616438
3555802,2022,8,26,143,8833,0.9056945545114911,16.1892901618929
3555802,2023,10,26,147,8833,1.1321181931393638,16.642137439148645
3555802,2024,10,26,150,8973,1.1144544745347154,16.71681711802073
3555901,2021,3,0,36,1142,2.626970227670753,31.523642732049037
3555901,2022,3,0,37,1387,2.1629416005767843,26.676279740447008
3555901,2023,3,0,37,1387,2.1629416005767843,26.676279740447008
3555901,2024,3,0,41,1419,2.1141649048625792,28.893587033121918
3556008,2021,27,29,205,13965,1.933404940923738,14.679556032939491
3556008,2022,28,29,208,13744,2.037252619324796,15.133876600698487
3556008,2023,31,29,219,13744,2.2555296856810245,15.934225844004658
3556008,2024,33,20,218,14038,2.350762216840006,15.529277674882461
3556107,2021,18,0,153,13732,1.3108068744538304,11.14185843285756
3556107,2022,22,0,171,14098,1.560505036175344,12.129380053908356
3556107,2023,22,0,201,14098,1.560505036175344,14.257341466874735
3556107,2024,23,0,202,14531,1.5828229302869727,13.90131443121602
3556206,2021,428,180,2537,133169,3.2139612071878587,19.050980333260743
3556206,2022,446,180,2725,126373,3.529234884033773,21.563150356484375
3556206,2023,468,163,3205,126373,3.703322703425574,25.361430052305476
3556206,2024,485,190,3312,131277,3.69447808831707,25.22909572887863
3556305,2021,39,35,359,27154,1.43625248582161,13.220888266922
3556305,2022,43,35,359,24241,1.7738542139350688,14.80962006517883
3556305,2023,46,35,348,24241,1.8976114846747245,14.355843405800092
3556305,2024,47,35,389,24723,1.9010637867572706,15.734336447842091
3556354,2021,3,0,90,10842,0.2767017155506364,8.301051466519093
3556354,2022,3,0,95,10512,0.28538812785388123,9.037290715372906
3556354,2023,3,0,93,10512,0.28538812785388123,8.84703196347032
3556354,2024,6,0,107,10805,0.5552984729291994,9.90282276723739
3556404,2021,119,46,540,43368,2.7439586792104778,12.451577199778638
3556404,2022,120,36,568,40133,2.990058056960606,14.152941469613534
3556404,2023,126,36,592,40133,3.139560959808636,14.750953081005656
3556404,2024,132,36,652,41226,3.201862902052103,15.81526221316645
3556453,2021,47,0,465,54315,0.8653226548835496,8.561170947252139
3556453,2022,49,0,553,50415,0.9719329564613706,10.96895765149261
3556453,2023,51,0,655,50415,1.0116036893781613,12.992165030248934
3556453,2024,56,0,594,52103,1.0747941577260427,11.400495173022668
3556503,2021,49,28,572,124269,0.39430590090851303,4.602917863666723
3556503,2022,55,28,643,115771,0.47507579618384566,5.554067944476596
3556503,2023,57,27,743,115771,0.49235127968144005,6.417842119356315
3556503,2024,59,27,771,119576,0.49341004883923195,6.447782163644879
3556602,2021,22,0,136,10804,2.0362828582006665,12.587930396149574
3556602,2022,22,0,120,10176,2.161949685534591,11.79245283018868
3556602,2023,18,0,147,10176,1.7688679245283019,14.445754716981133
3556602,2024,19,0,147,10294,1.8457353798329124,14.280163201865165
3556701,2021,298,72,1389,81516,3.6557240296383533,17.039599587810983
3556701,2022,310,72,1417,76540,4.050169845832245,18.513195714659002
3556701,2023,319,67,1624,76540,4.167755422001568,21.217663966553435
3556701,2024,336,67,1832,79235,4.2405502618792195,23.12109547548432
3556800,2021,42,32,249,19133,2.1951601944284747,13.014164009825956
3556800,2022,44,32,227,17414,2.526702653037786,13.03548868726312
3556800,2023,48,32,303,17414,2.7564028942230387,17.399793269782933
3556800,2024,48,32,346,17681,2.7147785758724057,19.569028901080255
3556909,2021,7,0,79,9163,0.7639419404125286,8.621630470369967
3556909,2022,8,0,83,8109,0.986558145270687,10.235540757183376
3556909,2023,9,0,89,8109,1.1098779134295227,10.975459366136391
3556909,2024,10,0,110,8327,1.2009126936471717,13.21003963011889
3556958,2021,3,0,32,1852,1.6198704103671706,17.278617710583156
3556958,2022,3,0,32,1794,1.6722408026755853,17.837235228539576
3556958,2023,3,0,36,1794,1.6722408026755853,20.066889632107024
3556958,2024,3,0,37,1826,1.6429353778751368,20.262869660460023
3557006,2021,108,222,1491,124468,0.867692900986599,11.978982549731658
3557006,2022,115,230,1703,127923,0.8989782916285578,13.312695918638555
3557006,2023,129,96,1802,127923,1.0084191271311647,14.086598969692705
3557006,2024,140,96,2209,132849,1.0538280303201377,16.627900849837033
3557105,2021,390,206,2879,96106,4.058019270388945,29.956506357563526
3557105,2022,425,223,2998,96634,4.3980379576546555,31.024277169526254
3557105,2023,461,204,3044,96634,4.770577643479521,31.50030010141358
3557105,2024,489,203,3310,100159,4.882237242783973,33.04745454726984
3557154,2021,3,0,49,2784,1.0775862068965516,17.600574712643677
3557154,2022,3,0,50,2692,1.1144130757800892,18.573551263001487
3557154,2023,3,0,60,2692,1.1144130757800892,22.288261515601782
3557154,2024,3,0,57,2761,1.0865628395508873,20.64469395146686
3557204,2021,20,41,152,12418,1.6105653084232565,12.24029634401675
3557204,2022,24,42,157,12211,1.9654409958234378,12.857259847678323
3557204,2023,25,42,152,12211,2.0473343706494145,12.44779297354844
3557204,2024,25,42,161,12411,2.0143421158649586,12.972363226170334
3557303,2021,13,0,146,11507,1.129747110454506,12.687929086642912
3557303,2022,16,0,153,11295,1.416555998229305,13.545816733067728
3557303,2023,17,0,166,11295,1.5050907481186366,14.69676848162904
3557303,2024,16,0,179,11566,1.3833650354487292,15.476396334082656
