id_municipio,nome_municipio,qtd_atendimentos_periodo,populacao,APC,EPC,PPC,leitos_per_1000,epc_x_ppc,variacao_epc_pct,variacao_ppc_pct,log_populacao,log_APC,APC_previsto,residuo
3525300,JAU,7616755.0,137323,55.46598166366887,3.641050661578905,40.75792110571427,4.551313326973632,148.40165560654174,16.652726028785683,17.00024030389503,11.83009837618904,4.033638362372405,137.3435090132866,-81.87752734961772
3518404,GUARATINGUETA,4524590.0,121710,37.17517048722373,3.36044696409498,33.777010927614825,2.456659272040095,113.5058538279062,11.584954825010445,60.720646202963515,11.709404661086595,3.642185317033787,106.49689979860977,-69.32172931138604
3548906,SAO CARLOS,4112759.0,265294,15.50264612090737,3.863638077001364,22.145242636471234,1.4926835887732102,85.56120267470433,20.904576924824052,31.395958705519778,12.488597693359464,2.8035207390125696,81.23340923424789,-65.73076311334052
3501806,AMERICO DE CAMPOS,79999.0,5975,13.388953974895395,1.8410041841004183,22.594142259414227,0.0,41.59591043574167,57.61625821876866,34.06603421848462,8.695506726812653,2.666460827144946,68.98523928284976,-55.59628530795437
3527207,LORENA,4183775.0,87370,47.88571592079661,3.9372782419594823,33.627103124642325,1.7969554767082523,132.39926147278194,21.55599846866082,19.33023372792219,11.377918698802924,3.889485245849817,99.35462158036087,-51.46890565956426
3552007,SILVEIRAS,111583.0,6313,17.675114842388723,1.9008395374623792,20.75083161729764,0.1584032947885316,39.44400117338376,73.11217216175241,25.987191962164218,8.750524669117937,2.9271918805254735,67.08996060277023,-49.41484576038151
3515608,FERNANDO PRESTES,130966.0,6066,21.590174744477416,1.483679525222552,21.76063303659743,0.0,32.28580569228106,23.039423484527365,22.64123764800785,8.710619527942297,3.1175150659292945,68.03276687356393,-46.44259212908651
3501608,AMERICANA,8670623.0,246655,35.15283695850479,4.285337820032028,22.33078591555006,1.3419553627536436,95.69496143494521,10.232421376971224,17.027110319171534,12.415749932333984,3.58775542293927,80.76888468658767,-45.616047728082876
3510807,CASA BRANCA,1804492.0,28786,62.68644479955534,3.230737163899118,35.64232613075801,1.4590425901479886,115.15098763845255,32.0509970124366,38.832974274255,10.267679175328517,4.153971742438311,108.266889255039,-45.580444455483665
3522604,ITAPIRA,4924025.0,73919,66.61379347664335,2.2457013758303006,32.738538129574266,1.488115369526103,73.52098012025769,11.816721859845165,7.447995718151317,11.210738706315565,4.21381200774694,111.01944130083488,-44.40564782419153
3507605,BRAGANCA PAULISTA,10083250.0,184634,54.61209744684078,2.7026441500482035,29.14956075262411,1.863145466165495,78.78088984455427,11.700217909881909,13.14887832143594,12.126136182212505,4.018400757568597,98.72846025624413,-44.116362809403356
3540002,POMPEIA,623118.0,20512,30.378217628705148,6.386505460218408,26.033541341653667,1.1212948517940717,166.2633539272928,21.86762470498818,42.45706960631366,9.928814110482136,3.446113946096609,74.32369895907479,-43.945481330369645
3501707,AMERICO BRASILIENSE,2183042.0,33757,64.66931303137127,1.0960689634742424,38.09580235210475,5.213733447877477,41.75562659679106,33.9299561398159,36.203968048037154,10.426972705248874,4.184631739227978,106.18675411281998,-41.51744108144871
3550605,SAO ROQUE,2736247.0,81342,33.638796685599075,3.540606328833813,30.193503970888347,1.733421848491554,106.90331124899615,39.637912992599986,71.77815254244523,11.306430061003852,3.5449743453772133,74.04218755783869,-40.40339087223961
3500501,AGUAS DE LINDOIA,216104.0,18245,11.844560153466704,2.685667306111263,15.51109893121403,1.425047958344752,41.65765128141888,20.90618434274228,35.77956416268282,9.81170115690542,2.5529203873493738,51.79726473591109,-39.95270458244439
3526308,LAGOINHA,72134.0,5182,13.920108066383635,1.7367811655731378,18.52566576611347,0.0,32.17502738228893,5.987070629100731,7.669405083530887,8.553139318189707,2.7027098378045875,53.87146286377252,-39.95135479738889
3526902,LIMEIRA,11466954.0,300728,38.13064962358011,3.6378388444042455,25.903806762256924,1.2902024420739007,94.2338744576796,35.23665904072782,29.741543545439075,12.613964805962608,3.6669060377604694,77.82476604367277,-39.694116420092655
3523305,ITARIRI,22217.0,15762,1.4095292475574166,0.7613247049866768,14.97271919807131,0.0,11.399101026319993,3.9735293256420063,63.08322493408467,9.665420700626543,0.8794313954588681,40.031754995078984,-38.62222574752157
3506300,BERNARDINO DE CAMPOS,269267.0,11852,22.7191191360108,1.771852851839352,20.840364495443808,1.5187310158623017,36.92605926462369,4.147645522852007,25.80821118114402,9.3803362790795,3.166281437521369,60.079979985413814,-37.36086084940301
3511201,CATIGUA,19956.0,7105,2.8087262491203377,2.251935256861365,17.45249824067558,0.0,39.301896108488286,36.93498619606993,32.65576787744276,8.868694776580972,1.3372948154257656,40.13472889133969,-37.32600264221935
3532603,NHANDEARA,479923.0,9944,48.262570394207565,4.625905068382945,31.174577634754627,3.921962992759453,144.21063668530903,37.29449017059637,35.14821577613663,9.204825191288073,3.897164571481432,85.40729755493052,-37.14472716072296
3536406,PAULICEIA,115177.0,8200,14.045975609756098,0.975609756097561,18.78048780487805,0.0,18.32242712671029,22.601626016260166,44.49477351916378,9.012011377036412,2.7111105540916607,50.5311761370859,-36.4852005273298
3538907,PIRAJUI,620882.0,22743,27.299916457811197,3.12183968693664,27.349074440487183,1.538935056940597,85.37942598929737,34.96233273241583,111.13322675946344,10.032056653330836,3.342858852624029,63.46741936623506,-36.16750290842387
3534302,ORLANDIA,761712.0,39193,19.434899089123057,5.791850585563749,18.62577501084377,1.4288265761743169,107.87770590313413,35.492915112125345,28.63012040719034,10.576278952838999,3.017244178864731,54.95149220386464,-35.51659311474158
3529708,MIGUELOPOLIS,636930.0,19655,32.405494785041974,3.001780717374714,22.844060035614348,2.8491477995421013,68.57285892145747,49.95562339240791,46.72413417160301,9.886137914201015,3.5087204009738393,67.78696358799024,-35.38146880294827
3537008,PEDREGULHO,297660.0,15742,18.90865201372125,1.5881082454580104,18.61262863676788,3.493838140007623,29.55886900769896,7.20365900139754,13.806782925396643,9.664151101014628,2.9911544118022313,53.02073887987945,-34.1120868661582
3521309,IPUA,406735.0,14691,27.68599823020897,4.220270914165135,26.81914097066231,2.926962085630658,113.18404058138066,54.076586374976685,38.584816449631596,9.595058406939557,3.3564091371767315,61.69350135780111,-34.007503127592145
3505351,BARRA DO CHAPEU,34324.0,5256,6.530441400304414,1.141552511415525,17.50380517503805,0.0,19.981512756892748,-5.512067840834993,81.10186997173294,8.567315800819449,2.0189536589921104,39.23236053763348,-32.70191913732907
3514700,ECHAPORA,53070.0,6295,8.430500397140587,0.9531374106433678,17.474185861795075,0.0,16.655300265412304,-4.273232724384422,9.686920836642818,8.74766979009724,2.243949159621445,40.711207847566726,-32.280707450426135
3544905,SALES OLIVEIRA,314994.0,11654,27.028831302557062,4.290372404324695,20.85120988501802,1.801956409816372,89.4594554874636,29.81594302385446,18.47990292881367,9.363490551469857,3.333233669785767,59.30808923906683,-32.279257936509765
3553906,TARABAI,15131.0,6635,2.280482290881688,1.205727204220045,14.92087415222306,0.0,17.990503876079046,31.06254709871889,29.014694800301427,8.800264651310336,1.187990451489699,33.722355113238386,-31.441872822356697
3528601,MANDURI,271704.0,10092,26.92271105826397,1.4863258026159334,22.592152199762182,0.0,33.57929875113285,-1.1890606420927474,51.20063203760302,9.219597393238859,3.329440374120867,58.20603158857978,-31.283320530315812
3542701,RESTINGA,123108.0,6492,18.963031423290204,0.9242144177449167,18.02218114602588,0.0,16.656359654367723,79.3438077634011,27.171063686775366,8.778479952508487,2.9938821342658297,49.914967628350006,-30.951936205059802
3551702,SERTAOZINHO,5183878.0,131600,39.39117021276596,3.5638297872340425,28.10030395136778,0.9270516717325228,100.14470025221496,16.76270082501085,19.305065688663365,11.787529896628678,3.6986112019896344,70.07324970363584,-30.68207949086988
3538105,PINDORAMA,371168.0,14721,25.21350451735616,1.6982541946878609,19.835608993954214,0.0,33.685906178171,34.14664270584385,49.222170171833916,9.59709825261865,3.26627471756744,55.88469674394937,-30.67119222659321
3527603,LUIS ANTONIO,422047.0,12531,33.68023302210518,1.9152501795547043,23.46181469954513,0.0,44.93524481598301,42.531094314671044,-2.2236693001356636,9.436040652072082,3.5461698710969523,64.17753971853678,-30.4973066964316
3505609,BARRINHA,672303.0,33181,20.26168590458395,1.3863355534794009,17.419607606762906,0.0,24.149421352915635,49.979146635608565,28.114337786843763,10.409762839203301,3.0569066691387263,49.794798293095276,-29.533112388511327
3548609,SAO BENTO DO SAPUCAI,216770.0,11948,18.1427854034148,1.3391362571141614,15.31637094074322,2.092400401740877,20.51070765415898,-2.6269389577056113,-1.1504983132033735,9.388402871849754,2.9519259033057668,47.59484771735557,-29.452062313940772
3508603,CACHOEIRA PAULISTA,936536.0,32482,28.832461055353733,2.46290253063235,20.90388522874207,0.98516101225294,51.48423182991705,38.85433983950085,32.418675212108226,10.388472154542294,3.395597097817219,58.240094175060776,-29.407633119707043
3529203,MARTINOPOLIS,582980.0,25299,23.043598561207958,1.7787264318747775,17.82679157278944,1.1858176212498517,31.708985366043112,13.461571038945644,19.9993902076889,10.138559674715612,3.1798687890305466,52.29345236691746,-29.2498538057095
3556909,VISTA ALEGRE DO ALTO,13192.0,8327,1.584244025459349,1.2009126936471717,13.21003963011889,0.0,15.864104275391965,57.19947159841479,53.219738140227065,9.027378610294805,0.9494330185587248,30.39559514252218,-28.81135111706283
3536000,PARAPUA,26160.0,10729,2.4382514679839686,1.0252586447944825,11.371050424084258,2.330133283623823,11.65826774768635,12.101780221828731,29.511526392642995,9.280798835624744,1.2349630479693166,31.24483656057509,-28.806585092591124
3532801,NOVA ALIANCA,275588.0,6858,40.1848935549723,0.7290755322251385,24.49693788276465,0.0,17.860118024762798,4.41819772528435,42.61997738087615,8.83331693749932,3.718071527831715,68.97768668011487,-28.792793125142573
3527108,LINS,2444986.0,76729,31.865213934757392,7.506940009644333,27.48634805614565,1.655176009070886,206.33836594168952,13.361970952522,15.591948710238086,11.24804804517171,3.4924147711955666,60.630882775840966,-28.765668841083574
3513207,CRISTAIS PAULISTA,116597.0,9543,12.218065597820392,1.4670439065283454,14.984805616682385,0.0,21.983367770465616,-7.7543749345069575,9.017556895582684,9.163667963777751,2.5815844998003885,40.86492288254414,-28.64685728472375
3532900,NOVA EUROPA,301062.0,9459,31.828100222010782,2.537266095781795,20.192409345596783,1.4800718892060472,51.23351562473018,46.13384078655251,40.96749287995718,9.154827662045925,3.4912848627057436,60.44028812145948,-28.6121878994487
3525904,JUNDIAI,26314171.0,460313,57.16582195158512,4.140660811230619,27.56168085628692,1.8357074425445294,114.12357181327242,4.851306254018041,30.455057831251175,13.039664144289581,4.063297930546604,85.59472906293901,-28.428907111353887
3529302,MATAO,2850875.0,80998,35.19685671251142,3.382799575298156,21.803007481666214,2.0617793031926714,73.75520444920299,25.281311672132468,32.247982393665026,11.302192087899355,3.5889722839155898,63.43530599804832,-28.238449285536902
3554508,TIETE,916548.0,38690,23.689532178857583,4.23882140087878,17.756526234169037,0.9563194623933833,75.2667434066612,26.41696102926395,20.851311513886458,10.563362293832501,3.2063793553791795,51.68854330079059,-27.99901112193301
3504107,ATIBAIA,6888171.0,166043,41.48426010129906,2.60173569497058,23.71072553495179,0.981673421944918,61.689040977934475,13.244051456117651,0.7016610230856474,12.020008092457385,3.749133656775997,69.23060405274218,-27.746343951443123
3538808,PIRAJU,895294.0,30261,29.585737417798487,3.040216780674796,19.92663824724893,1.5862000594825023,60.5812999817224,4.590446259306488,26.356839563593333,10.317648079011516,3.4205338028435848,57.02886081802157,-27.443123400223083
3522505,ITAPEVI,11602517.0,241924,47.95934673699178,0.5249582513516642,19.026636464344172,1.3681982771448886,9.988189807425927,14.42730612565458,27.051197666214637,12.396383039749143,3.8909902953248543,75.09721738802018,-27.1378706510284
3523206,ITARARE,997974.0,45327,22.017208286451783,1.9414477022525205,14.737353012553225,1.2795905310300704,28.611800143505718,21.707199290096906,27.70193025109683,10.721680222070297,3.1362421225447275,49.119311629040084,-27.1021033425883
3524105,ITUVERAVA,2117267.0,38451,55.064029544095085,5.981638969077528,29.336038074432395,2.470676965488544,175.47758854436688,23.91082411482709,19.663285037397536,10.557165989185707,4.026494422284662,82.15367784076456,-27.089648296669473
3524808,JALES,3762024.0,50017,75.21490693164324,4.658416138512905,36.00775736249675,3.0589599536157706,167.73911800911173,-1.8726538959659742,10.10287643640366,10.82013821962583,4.333557072583928,102.24281432749954,-27.027907395856303
3535507,PARAGUACU PAULISTA,1335215.0,42087,31.725117019507213,3.041319172190938,20.315061657994157,1.9008244826193361,61.78458650469865,19.02382997608264,30.661496847656018,10.647517943410643,3.4881428876339466,58.60365719787577,-26.878540178368556
3537404,PEREIRA BARRETO,562371.0,24389,23.058386977735864,3.444175652958301,14.76075279839272,1.6400836442658575,50.838625407560315,30.09360536210878,12.836290365094344,10.101928491209966,3.180483666642277,49.61736546950559,-26.55897849176973
3538501,PIQUETE,202761.0,12570,16.13054892601432,1.1933174224343677,14.478918058870326,0.0,17.277945177649556,15.027275826798503,27.707842617290897,9.43914785291483,2.8408633565403143,42.49834992396022,-26.3678009979459
3540507,PORANGABA,158557.0,10773,14.71799870045484,1.485194467650608,17.07973637798199,0.0,25.366729977509685,8.26006815981751,69.2220482886468,9.28489110324048,2.7548064697651937,40.9895822745904,-26.271583574135555
3553609,TAPIRATIBA,245500.0,11936,20.56802949061662,1.591823056300268,15.080428954423592,1.9269436997319034,24.005374508549618,14.434390825141502,4.914382080774887,9.387398099095039,3.0712121020609637,46.62788762471066,-26.05985813409404
3514601,DUMONT,88564.0,9719,9.112460129642969,0.514456219775697,17.079946496553145,0.0,8.786884708587891,4.681551599958836,32.649905080863896,9.181940897454485,2.3137683396962907,35.11326359764152,-26.00080346799855
3530706,MOGI GUACU,5022748.0,159735,31.444254546592795,2.6105737627946284,20.32115691614236,1.8155069333583749,53.04987907491385,5.342801895220109,33.52195456077069,11.981277731466733,3.4795233718989578,57.37711448680647,-25.932859940213675
3517604,GUAPIARA,315611.0,17256,18.289928140936485,1.1590171534538711,13.096893834028744,0.0,15.179524610603552,-6.748791310682828,-15.540031213836002,9.75597313724758,2.9595831017130054,44.20216376456404,-25.912235623627556
3524402,JACAREI,11330066.0,249968,45.326065736414265,2.1202713947385265,24.77917173398195,1.456186391858158,52.538569012875385,16.110076870439883,16.602747021037235,12.429092189155748,3.835704777549847,70.86445656673901,-25.538390830324744
3552106,SOCORRO,626795.0,41405,15.138147566718995,2.101195507788914,12.14829126917039,1.3041903151793262,25.525935042092108,21.665056555166412,11.555564540024996,10.631181076848657,2.7811858834369927,40.6516045490252,-25.513456982306206
3519808,ICEM,257922.0,7969,32.36566695946794,2.635211444346844,25.097251850922323,0.0,66.13656529920553,4.944158614631697,15.323251224869999,8.98343977178426,3.5075274359495108,57.21392919950277,-24.848262240034835
3502705,APIAI,656133.0,24886,26.36554689383589,1.968978542152214,18.80575423933135,1.1251305955155508,37.02812656623146,0.8829197309946042,32.41560463080065,10.122100857763806,3.3092848095537137,51.19373918414854,-24.82819229031265
3553401,TANABI,513090.0,26021,19.71830444640867,2.1136774143960646,14.795741900772452,1.8830944237346758,31.27342548489623,15.508067202131615,-10.160392176119856,10.166697613063421,3.0310175823058496,44.33266433048213,-24.614359884073462
3520608,INDIANA,108068.0,5191,20.81833943363514,1.7337699865151224,15.796570988248892,0.0,27.387620669281453,5.608264303602396,2.635587234315812,8.554874258383926,3.082750874559138,44.84505827482579,-24.02671884119065
3524501,JACI,436280.0,7878,55.37953795379538,1.0154861640010155,28.17974105102818,2.157908098502158,28.616137142450555,-17.384558968717386,-1.7466362020817467,8.971956271245688,4.032106290437689,79.35119313259186,-23.971655178796482
3544251,ROSANA,870982.0,17533,49.6767238920892,2.1103062795870646,26.407346147265155,3.764330120344493,55.72758840180293,-15.962328181144118,-14.503533174840108,9.771897132148531,3.9254667103502525,73.4636142874969,-23.786890395407696
3540200,PONTAL,1241311.0,38376,32.34602355638941,2.3191578069626853,18.214509068167605,0.7556806337294142,42.24232090543352,42.78557655082045,62.975737972045685,10.555213600795284,3.5069385315612593,54.696551550403996,-22.350527994014584
3506706,BOA ESPERANCA DO SUL,338757.0,13135,25.790407308717167,1.446516939474686,14.160639512752187,1.218119527978683,20.4836049289906,-0.6440114890819064,45.56559433823011,9.48311183169221,3.2880438872004474,47.79119734759536,-22.00079003887819
3550100,SAO MANUEL,1122014.0,38166,29.39826023161977,2.82974375098255,18.15752240213803,1.1528585652151129,51.38113555077575,7.18498187781333,18.43122076099098,10.549726546894638,3.4143853775514876,51.395672078498755,-21.997411846878986
3524907,JAMBEIRO,49800.0,6575,7.574144486692015,1.064638783269962,13.688212927756654,0.0,14.573002356547008,3.8479087452471554,18.30774414015496,8.791181936736017,2.148751219759014,29.414818095046847,-21.840673608354834
3552700,TABATINGA,415551.0,14994,27.714485794317728,3.334667200213419,14.80592236894758,1.5339469120981726,49.372823692635656,24.397907311072565,26.165999394681755,9.61547209118311,3.3574017269408003,49.433515092093536,-21.71902929777581
3543501,RIVERSUL,3298.0,5647,0.5840269169470516,0.7083407118824154,14.343899415618912,0.0,10.160367923229263,26.651319284575877,53.881352930759675,8.639056779173078,0.4599702862699829,22.284240054080872,-21.70021313713382
3526605,LAVRINHAS,16866.0,7328,2.301582969432314,1.5010917030567683,10.91703056768559,0.0,16.38746400716996,120.99072052401742,-0.7897999892177346,8.89959435992585,1.1944020411658274,23.42616255959463,-21.124579590162316
3514007,DOBRADA,42330.0,8958,4.725385130609511,1.4512167894619334,11.72136637642331,0.0,17.010243680900093,31.886581826300493,12.130292240984247,9.100413892597578,1.7449098188998478,25.401765267184995,-20.676380136575485
3542404,REGENTE FEIJO,498508.0,20565,24.240602966204715,1.799173352783856,15.51179187940676,1.6046681254558717,27.90840260335765,8.601278585832578,7.550170520630041,9.931394505789136,3.228453926698472,44.49124383581935,-20.25064086961463
3503307,ARARAS,5163794.0,135331,38.15677117585771,2.5640836172052226,20.77129408635124,1.7586510112243317,53.259334874964935,13.100074107427409,-6.44776080126542,11.815486297650478,3.6675733621653417,58.39347465316632,-20.23670347730861
3503000,ARAMINA,149855.0,5526,27.118168657256604,2.352515381831343,18.820123054650743,0.0,44.27462897402455,2.9496923633731424,3.9492039397165835,8.617400451833262,3.3364159388350676,47.32696753268502,-20.208798875428414
3556206,VALINHOS,5386549.0,131277,41.03193247865201,3.69447808831707,25.22909572887863,1.4473213129489553,93.20834135839587,14.950923491377551,32.42938309495619,11.785072491034883,3.7384296265146957,61.00507880226948,-19.97314632361747
3534203,ORINDIUVA,304207.0,6145,49.50480065093572,2.7664768104149715,26.525630593978843,0.0,73.38254191987637,19.0886899918633,60.42526007168363,8.72355674269043,3.9220683941579377,69.03188331032806,-19.527082659392335
3504800,BALSAMO,76052.0,9854,7.717881063527502,0.8118530545971179,14.207428455449564,0.0,11.534344189526742,49.52709559569717,17.870458239851388,9.19573421958682,2.165376211090368,27.018589536102006,-19.300708472574506
3554409,TERRA ROXA,185232.0,7985,23.197495303694428,2.128991859737007,16.030056355666876,3.0056355666875394,34.12785949234025,18.998121477770834,27.997979404661066,8.985445287623167,3.186249127958824,42.32863495982842,-19.131139656133993
3543709,RINCAO,243742.0,9145,26.65303444505194,1.4215418261344996,15.527610716238382,0.0,22.073148093067136,18.35975943138325,22.679458680703853,9.121071904218,3.31973546679499,45.45791610633409,-18.80488166128215
3515202,ESTRELA D'OESTE,396912.0,9655,41.10947695494563,2.900051786639047,20.611082340756084,4.86794407042983,59.773206166874196,-9.561347987034171,-4.645432247710863,9.175334762777368,3.7402728211740084,59.493938138364214,-18.384461183418587
3540705,PORTO FERREIRA,2125677.0,53940,39.40817575083426,3.8746755654430847,22.76603633667037,0.871338524286244,88.21100471568609,19.06354407800458,29.679722812328386,10.895646135639412,3.6990321345631987,57.70457475881151,-18.29639900797725
3519105,IACANGA,231828.0,10633,21.802689739490265,1.880936706479827,14.201072133922692,2.06903037712781,26.711317848062997,32.79413147747577,29.12217253889405,9.271811694064283,3.126878500032635,39.76423778821391,-17.961548048723646
3554953,TUIUTI,4949.0,6947,0.7123938390672233,1.007629192457176,9.788397869583992,0.0,9.863075440778461,18.530780672712478,17.095783328006483,8.846209127360996,0.5378922974471101,18.582672567887023,-17.870278728819798
3537800,PIEDADE,1049929.0,54237,19.35816877777163,1.23531906263252,7.522539963493556,0.7375039179895643,9.29273701631853,12.861584720611416,-8.262872055698173,10.901137048778104,3.0134822454846137,37.126364618475456,-17.768195840703825
3553203,TAIUVA,197893.0,6733,29.391504529927225,2.82192187732066,18.26823110054953,0.5940888162780336,51.5515210025904,-12.802613990791617,20.96178735863866,8.814924599721019,3.4141631131046073,46.77656062102822,-17.385056091100992
3539004,PIRANGI,483161.0,11076,43.62233658360419,2.25713253882268,21.75875767425063,2.437703141928494,49.1123999509088,4.04478150957027,49.254716332181125,9.312626165516933,3.7982345539175917,60.93672056012404,-17.31438397651985
3505807,BASTOS,972944.0,21900,44.42666666666667,1.8721461187214608,19.634703196347036,0.958904109589041,36.759033381288965,6.014068863383915,13.957424202178137,9.994287576862567,3.816099304124656,61.69262344565475,-17.265956778988084
3531407,MONTE APRAZIVEL,558282.0,22650,24.6482119205298,2.4724061810154527,13.421633554083884,2.5165562913907285,33.183729758441395,21.960944133129573,26.109275566229183,10.027959280046968,3.2444738584862822,41.88360481378737,-17.235392893257572
3521101,IPEUNA,481323.0,6999,68.77025289327047,1.2858979854264896,35.00500071438777,0.14287755393627663,45.01285989848406,25.760822974710678,122.6659557637154,8.85366542803745,4.245207742615215,85.98921073027377,-17.218957837003302
3512803,COSMOPOLIS,2107541.0,61204,34.43469381086204,1.2907653094568985,15.309456898241946,1.094699692830534,19.760915870876314,17.525755530086528,48.832639444861954,11.021984164509613,3.5676913913574406,51.63021245393487,-17.195518643072823
3534609,OSVALDO CRUZ,1104230.0,32099,34.400760148291226,3.2088227047571576,16.63603227514876,1.8380634910744884,53.382078081570214,26.511655162080412,17.976898691301212,10.376611309118108,3.566733293024756,51.43260089658208,-17.031840748290854
3512100,COLOMBIA,283846.0,6781,41.85901784397581,1.9171213685297157,28.166937029936587,1.7696504940274296,53.99943686612236,8.456784330549267,6.232029780179019,8.822027322685583,3.757916074336667,58.81743102107523,-16.958413177099416
3552403,SUMARE,8389699.0,289787,28.95126075358798,0.9938334017744068,15.187016670865154,0.6038918239948653,15.093364440810543,13.868560213184258,17.898673204794758,12.576904900143894,3.3995714189538737,45.8606654157272,-16.909404662139217
3543907,RIO CLARO,10817660.0,208857,51.794577150873565,3.547882043694968,23.87279334664388,1.0868680484733575,84.69785484739853,19.52597853572237,10.430377487914612,12.249409874195294,3.9664084799617676,68.69079876080458,-16.89622160993102
3546009,SANTA BRANCA,341948.0,14212,24.06051224317478,0.914719954967633,13.017168589924008,0.0,11.907063866381376,5.016887137630173,22.962810888997346,9.561912317739012,3.2212933899283995,40.730463130284434,-16.669950887109653
3556503,VARZEA PAULISTA,2382783.0,119576,19.926933498360874,0.4934100488392319,6.447782163644879,0.2257978189603265,3.1814005122687483,25.13382318204594,40.080321974472994,11.691715794312865,3.041037013462155,36.53138070804729,-16.604447209686413
3511409,CERQUEIRA CESAR,560903.0,22076,25.407818445370538,1.630730204747237,13.544120311650662,1.2230476535604278,22.086806088939294,10.840732016669701,11.362160191479292,10.00229162159471,3.27366011954129,41.78696955439789,-16.379151109027354
3515152,ENGENHEIRO COELHO,618942.0,20139,30.73350215998808,2.2841253289637025,17.0316301703163,0.0,38.90237786556184,125.4224051929996,17.02239058794544,9.910463166272553,3.4573729732827494,47.0711401172077,-16.337637957219616
3548203,SANTO ANTONIO DO PINHAL,179764.0,7294,24.645462023581025,2.6048807238826432,15.355086372360844,0.0,39.998168504915824,11.40749245955579,6.136218228348741,8.894944460956886,3.2443666368061037,40.89723659765382,-16.251774574072797
3535606,PARAIBUNA,381072.0,17950,21.22963788300836,1.1142061281337048,12.701949860724234,0.0,14.152590374066,27.451253481894156,9.656172807063635,9.79540110267107,3.101426438280152,37.453171866883324,-16.223533983874965
3521150,IPIGUA,33070.0,7037,4.699445786556772,0.4263180332528066,14.352707119511155,0.0,6.118817871043551,-40.77376723035385,-17.77526447100672,8.85907931788153,1.7403689396846833,20.865174976514034,-16.16572918995726
3555604,UCHOA,324099.0,10627,30.49769455161381,2.822998023901383,17.59668768231862,0.0,49.675414554395275,10.650664852226893,7.3819426170713065,9.271247306879705,3.449914354315497,46.57268290749241,-16.074988355878595
3544301,ROSEIRA,525849.0,11095,47.39513294276701,1.4420910319963949,26.58855340243353,0.8111762054979721,38.343114415406625,20.780670433667286,23.71631172893003,9.314339961994667,3.879399249632448,63.37370142701021,-15.978568484243198
3550001,SAO LUIS DO PARAITINGA,107819.0,10497,10.271410879298848,0.8573878250928837,12.956082690292464,1.5242450223873487,11.108387559553412,-16.654108966198134,5.755261226944514,9.258940041812245,2.422269509151328,26.046476468626913,-15.775065589328065
3537503,PEREIRAS,133313.0,8969,14.863752926747686,1.449436949492697,13.044932545434271,0.0,18.907807234992255,16.943208424978955,25.841061239923015,9.101640955052842,2.7640368166350218,30.472538256268603,-15.608785329520916
3520442,ILHA SOLTEIRA,1289551.0,26240,49.14447408536585,4.916158536585366,25.38109756097561,3.1631097560975614,124.77749944229626,19.077331905075802,8.66181353891565,10.175078352087965,3.9149083206073363,64.60211085312318,-15.457636767757329
3543006,RIBEIRAO BRANCO,415996.0,18930,21.975488642366614,0.8980454305335447,12.25567881669308,1.162176439513999,11.00615635941798,10.41813970498598,-6.716776092370397,9.84855606900991,3.134427936453736,37.33638381644225,-15.360895174075637
3553708,TAQUARITINGA,2197625.0,53322,41.2142267731893,3.488241251265894,18.810247177525223,1.950414463073403,65.61468015115133,30.34923330298597,31.208884160611394,10.884123036775899,3.7427572915540783,56.51123451125412,-15.29700773806482
3502101,ANDRADINA,2955901.0,61473,48.08454118068095,5.059131651294065,23.13210677858572,1.577928521464708,117.028373564657,25.372290639969098,5.6821590215594195,11.026369600176976,3.8935441416561796,63.21616087157202,-15.131619690891071
3543253,RIBEIRAO GRANDE,36241.0,7570,4.787450462351387,0.5284015852047556,7.265521796565389,0.0,3.8391132346448553,103.06472919418756,24.095112285336846,8.932080438103307,1.7556918599547937,19.894083606482912,-15.106633144131525
3515400,FARTURA,557186.0,16984,32.80652378709374,2.119642016015073,16.132830899670278,0.7065473386716911,34.19582621220737,-2.4843550232151395,-0.08813725134968586,9.740085880594684,3.5206537953171364,47.456919406927916,-14.650395619834178
3547700,SANTO ANASTACIO,673906.0,18045,37.34585757827653,2.604599612080909,15.350512607370463,2.1058464948739264,39.98193918240021,23.45210206806219,24.566124679654116,9.800679332554447,3.6466465057672695,51.97079667423653,-14.624939095960002
3546504,SANTA ERNESTINA,44713.0,6256,7.147218670076726,0.959079283887468,9.910485933503836,0.0,9.504941752081683,78.29283887468031,10.541560102301785,8.741456115998364,2.0976766015325263,21.657039236529013,-14.509820566452287
3511102,CATANDUVA,9869228.0,119172,82.81499009834525,5.286476689155171,37.92837243647837,3.7340986137683347,200.5074567430384,15.602005525515036,14.364772082894891,11.688331497888992,4.4286118709462095,97.25296500227094,-14.437974903925692
3519253,IARAS,121221.0,8257,14.68099794114085,1.089984255782972,14.048685963424974,0.0,15.312846514572456,33.33232408865205,9.111460982600628,9.018937706446035,2.7524496571024666,29.08525739258499,-14.404259451444139
3544103,RIO GRANDE DA SERRA,990696.0,45317,21.86146479246199,0.4634022552243088,7.039300924597833,0.0,3.2620279236611975,20.50543945980538,26.2437937197961,10.721459583541503,3.129452732974473,36.26087420020051,-14.39940940773852
3514809,ELDORADO,408009.0,13162,30.999012308159852,1.2915970217292203,15.499164260750646,0.151952590791673,20.018674398477508,101.38580762802005,26.525114740117324,9.485165142425407,3.4657050369533766,45.058166530983,-14.05915422282315
3553302,TAMBAU,1039553.0,21682,47.94543861267411,3.274605663684162,21.031270178027857,1.2452725763305967,68.86911643944184,-8.251861796415433,4.728519912213666,9.984283822364217,3.890706180010949,62.0040843649603,-14.05864575228619
3532306,NATIVIDADE DA SERRA,45655.0,7134,6.399635548079619,0.8410428931875525,10.372862349313149,0.0,8.724022160902564,-20.413312507509314,7.359125315391085,8.872767529910936,2.0014307487377794,20.25181292275807,-13.852177374678451
3503802,ARTUR NOGUEIRA,1377869.0,53157,25.92074421054612,1.9188441785653816,10.986323532178265,0.15049758263257895,21.081042953556125,21.268796080637088,-1.7571161026342288,10.88102388984706,3.2928971496598614,39.597131488732494,-13.676387278186375
3535200,PALMEIRA D'OESTE,292409.0,8994,32.51156326439849,1.77896375361352,15.5659328441183,1.77896375361352,27.69123032086867,25.52641932228322,7.358121788794855,9.104424146384634,3.5118905513444427,46.10982019562877,-13.598256931230281
3515186,ESPIRITO SANTO DO PINHAL,2476516.0,40681,60.876477962685286,4.326343993510484,30.01401145497898,1.8681939971977088,129.8509381794032,14.192441726936202,50.76970821759538,10.613541013162433,4.125140106869203,74.42178950030477,-13.545311537619483
3522307,ITAPETININGA,6335558.0,163774,38.6847607068277,2.8453844932651093,18.37287970007449,1.0990755553384541,52.277906995217265,14.573691838929973,20.874741541757782,12.006248813600077,3.680967252710566,52.21374374880572,-13.528983041978016
3535408,PANORAMA,379195.0,15214,24.92408308137242,1.2488497436571575,13.08005784146181,0.0,16.335026882330375,-0.44169843565139577,-7.311803455881281,9.630037062331072,3.2551723853656274,38.0884014488554,-13.16431836748298
3541604,PROMISSAO,1919927.0,35991,53.34464171598455,2.000500125031258,29.118390708788308,1.944930677113723,58.25134425364003,-6.31521516742821,34.98290208097581,10.491051970521008,3.9953460202247095,66.29166758293984,-12.947025866955286
3534807,OURO VERDE,128558.0,7901,16.271104923427416,1.2656625743576764,14.428553347677507,0.0,18.261679974278582,37.26110618909001,39.09125427161116,8.974871170971337,2.8490348694650596,28.70670741161762,-12.435602488190206
3501905,AMPARO,3301763.0,69717,47.35951059282528,4.446548187673021,25.029763185449745,1.2479022333146865,111.29604813014647,9.509349221327637,14.711906528804624,11.152213813049237,3.878662905613193,59.4328238872293,-12.073313294404016
3552908,TACIBA,104675.0,6399,16.358024691358025,0.9376465072667604,14.68979528051258,0.0,13.77383523723636,19.474917955930604,-3.5168188328395376,8.764053269347762,2.8540549176981713,28.131804324936322,-11.773779633578297
3507902,BROTAS,900163.0,24423,36.857183802153706,3.316545878884658,13.839413667444624,1.1055152929615526,45.89905036494348,12.953374850452565,21.58144968198172,10.103321534414714,3.633820758496648,48.617725369157704,-11.760541567003997
3509304,CAJOBI,283042.0,9232,30.658795493934143,1.2998266897746968,17.22270363951473,2.166377816291161,22.386529860721055,25.835040176461337,8.523414826741039,9.130539301772627,3.455016008685994,42.08881719920109,-11.430021705266945
3506102,BEBEDOURO,4186863.0,78210,53.53360184119678,4.56463367855773,30.443677279120315,1.6494054468738013,138.96423460741534,18.090116353407517,34.86271010200262,11.26716558160265,3.9988170592267425,64.95481210794607,-11.421210266749291
3540754,POTIM,468680.0,20767,22.56849809794385,1.0112197235999425,9.486204073770889,0.0,9.592636661491246,84.93041845235236,45.4343011381773,9.941168619503816,3.1599109939989742,33.20126706466256,-10.63276896671871
3510708,CARDOSO,420252.0,11491,36.57227395352885,2.001566443303455,17.665999477852232,1.4794186754851624,35.35967174228538,17.91132604812875,10.937096213456837,9.34940642009918,3.626266383533581,47.19078808943443,-10.618514135905578
3554805,TREMEMBE,1265478.0,53083,23.839609667878605,0.8854058738202437,7.968652864382194,0.0,7.055492052558504,-14.597291034794571,4.149645079518826,10.87963084355714,3.212439543088296,34.33068022215194,-10.491070554273335
3523503,ITATINGA,465929.0,19427,23.98357955422865,1.132444535955114,9.883152313790085,0.6176970196118803,11.192121835763725,19.693725227775783,33.923049205902956,9.874470603465635,3.2182187912380162,34.42805571198308,-10.444476157754426
3538600,PIRACAIA,745615.0,26764,27.858877596771784,1.1209086833059334,12.367359139142131,0.5604543416529667,13.862680248627408,47.41016717552363,138.8457044375442,10.19485034282748,3.3624176612786894,38.28206008266412,-10.423182485892333
3550506,SAO PEDRO DO TURVO,165172.0,7333,22.524478385381155,0.818219009954998,15.137051684167462,0.0,12.385423442657135,5.332060548206746,21.790195008864064,8.900276348631271,3.1580415124469265,32.627829636897886,-10.103351251516731
3510609,CARAPICUIBA,11348932.0,398462,28.481842685124303,0.3463316451757006,10.349794961627458,0.5194974677635509,3.5844615162916145,16.02825674636332,6.29714042487283,12.89536992472107,3.3837745716473573,38.56290829348721,-10.081065608362909
3504404,AVANHANDAVA,306769.0,11438,26.82016086728449,1.4862738240951217,12.85189718482252,0.0,19.101438375763493,30.634179926560577,58.54055272820974,9.344783848525674,3.3257609689115224,36.52498178753108,-9.704820920246593
3541208,PRESIDENTE BERNARDES,625253.0,14772,42.32690224749526,2.3016517736257787,17.397779582994858,2.7078256160303273,40.04363023435047,-3.902326109553369,7.741368967800219,9.600556469321608,3.7687737411004814,51.83161351624825,-9.504711268752985
3513405,CRUZEIRO,3655430.0,76513,47.77528001777476,4.130017121273509,20.610876583064314,1.5030125599571313,85.12327317251086,16.84565504026195,42.25966813931027,11.245229009606922,3.8872236275029417,57.20743116688721,-9.43215114911245
3515509,FERNANDOPOLIS,4639681.0,73286,63.30924050978359,6.754359632126191,28.982343148759654,1.5282591490871382,195.7571686084113,15.353867442782596,8.808710700731282,11.20213851880335,4.163703330246271,72.69206328841484,-9.382822778631251
3539301,PIRASSUNUNGA,3754906.0,75475,49.75032792315336,4.319311030142432,25.05465385889368,1.20569725074528,108.2188427691201,20.14831725212743,4.333677054832955,11.231570003907605,3.9269180794409886,59.088901165873295,-9.338573242719939
3519402,IBIRA,414570.0,11934,34.73856209150327,1.8434724317077256,13.574660633484164,2.2624434389140275,25.024512647616188,10.950705068352109,16.714378058915898,9.387230538772931,3.5762302764514047,44.05580231139707,-9.317240219893804
3556453,VARGEM GRANDE PAULISTA,1477146.0,52103,28.35049805193559,1.0747941577260427,11.400495173022668,0.0,12.253185607148714,24.20732909976598,33.16513877908093,10.860997000226238,3.37930951553168,37.542668683821205,-9.192170631885617
3530805,MOGI MIRIM,4964976.0,95534,51.97077480268805,3.056503443800113,26.388510896644128,1.2142273954822367,80.65657443234959,14.586000420200385,7.400782800710182,11.467247951473576,3.9697403426476474,61.11490948278268,-9.14413468009463
3541703,QUATA,627831.0,13399,46.85655645943727,2.9106649749981344,19.70296290767968,0.0,57.348724039070646,30.15220352265097,4.4184060170327815,9.503009985939002,3.868208129608298,55.99373366695929,-9.137177207522015
3557006,VOTORANTIM,5547478.0,132849,41.75777009988784,1.0538280303201375,16.627900849837033,0.722624935076666,17.5229480009423,21.45172896100636,38.808957946178126,11.79697595118796,3.75555093558954,50.82467391888229,-9.066903818994447
3547601,SANTA ROSA DE VITERBO,917430.0,23725,38.66933614330875,3.076923076923077,15.763962065331928,0.9694415173867229,48.50449866255978,31.672771672771695,38.43531507535787,10.074326772221049,3.6805784999095015,47.7074442771625,-9.038108133853754
3516903,GENERAL SALGADO,258654.0,10449,24.75394774619581,2.0097616996841805,12.34567901234568,2.5839793281653747,24.81187283560717,14.8208592109041,8.07447232178418,9.254357257392957,3.248587925890763,33.74052721897144,-8.986579472775627
3547502,SANTA RITA DO PASSA QUATRO,1268709.0,25060,50.62685554668795,3.15243415802075,25.53870710295292,1.077414205905826,80.50909262303594,14.653200739278335,9.61419301750337,10.129068131883756,3.944041993428257,59.56850838630275,-8.941652839614804
3551900,SEVERINIA,449365.0,14724,30.519220320565065,1.0866612333605,12.360771529475686,0.0,13.431971235507403,21.026894865525676,26.59134980187168,9.597302008519787,3.450597528661056,39.25911133363024,-8.739891013065172
3513801,DIADEMA,15843558.0,404118,39.205276676614254,0.5270737754814188,17.524584403565296,1.2075680865489782,9.236748865329947,21.722871106474972,25.859977103351824,12.909464668026086,3.69399824762335,47.924001919709724,-8.71872524309547
3511300,CEDRAL,508321.0,13160,38.626215805471126,1.3677811550151977,16.869300911854104,4.559270516717325,23.073511885514733,-31.95648696208607,9.964573944031049,9.485013189834323,3.6794909145146524,47.22098763950436,-8.594771834033232
3512902,COSMORAMA,103698.0,8968,11.563113291703836,0.7805530776092774,10.147190008920608,0.0,7.920420390549092,13.789027653880462,2.7262055208643337,9.101529466118004,2.5307650038677805,20.128831110056208,-8.565717818352372
3521408,IRACEMAPOLIS,716139.0,22435,31.9206151103187,1.337196344996657,12.74793848896813,0.08914642299977714,17.04649675369039,4.393247158457771,36.68197396197505,10.018422090628228,3.4940990606379123,40.46719745921876,-8.54658234890006
3511904,CLEMENTINA,190469.0,7087,26.87582898264428,1.693241145759842,15.098066883025258,2.2576548610131226,25.564668067772413,50.59686750388034,49.20245206402958,8.866158492284917,3.327759968625766,35.31934860956374,-8.44351962691946
3513603,CUNHA,658162.0,22456,29.3089597434984,1.0242251514071965,12.023512646954044,1.3804773779836124,12.314784061272848,-0.49652654079086384,10.766610260064166,10.019357648578541,3.411443369909926,37.64214265425882,-8.33318291076042
3510401,CAPIVARI,2492709.0,51318,48.573775283526246,2.786546630811801,21.415487743092093,1.695311586577809,59.675255217704695,9.48822151533841,23.36750082782464,10.845816332959057,3.9034619697845407,56.68119324454597,-8.107417961019728
3521804,ITAI,683606.0,25930,26.36351716158889,0.9255688391824142,9.487080601619745,0.8098727342846124,8.780946179671187,-14.74893945237178,13.976961384329053,10.163194443157385,3.309210635720013,34.20509110880484,-7.841573947215945
3520301,IGUAPE,1211080.0,29881,40.53010274087213,1.0374485458987317,15.026270874468729,0.0,15.588982868998047,11.31822897493392,34.359905402541216,10.30501157141103,3.7264185315349097,48.36994529599652,-7.839842555124392
3509957,CANAS,74287.0,5049,14.713210536739949,0.5941770647653001,14.656367597544069,0.0,8.708477479229987,-21.746880570409985,13.543741917444347,8.527143522269405,2.7545017940070453,22.4146197339313,-7.701409197191351
3529401,MAUA,15829490.0,429380,36.86592295868461,0.8244445479528623,14.548884438026922,1.078298942661512,11.994748453727539,30.643272981115977,22.356168922983922,12.970099915660246,3.6340515772504878,44.4988838151026,-7.632960856417995
3545209,SALTO,4664618.0,140125,33.2889776984835,1.5557537912578057,12.289027653880463,0.6922390722569134,19.118701363396546,-7.437247707228317,-8.71731420614829,11.850297296834277,3.534823952629511,40.64241342221417,-7.353435723730669
3541307,PRESIDENTE EPITACIO,1765101.0,40383,43.70901121759156,1.881980041106406,17.21021221801253,1.386722135552089,32.38927589750519,86.40803198265499,46.9527929082863,10.606188945900884,3.800175074537048,51.05996001075583,-7.350948793164271
3519055,HOLAMBRA,452283.0,15596,28.999935880995128,2.372403180302641,10.964349833290589,0.0,26.011858414449325,42.389813956241184,23.984550107608438,9.654833867051826,3.401195244359709,36.12582099219008,-7.12588511119495
3510203,CAPAO BONITO,1869382.0,47403,39.43594287281395,1.2657426745142712,15.315486361622684,0.9071155834018944,19.385464668847142,8.388997244132991,33.33249106464051,10.766461892308339,3.6997190645104676,46.456507163187084,-7.02056429037313
3520905,IPAUSSU,457074.0,13933,32.80513887892055,1.4354410392593124,13.493145769037536,2.5120218187037966,19.368615185584634,8.842316801837356,58.62291130810405,9.542087175590064,3.5206128287702785,39.71312249662182,-6.9079836177012695
3556800,VIRADOURO,850221.0,17681,48.08670324076692,2.7147785758724057,19.56902890108025,1.809852383914937,53.125580411280595,23.671091648016027,50.36716062826041,9.780302451965749,3.8935881883645425,54.82973313724064,-6.743029896473715
3530300,MIRASSOL,2094947.0,65485,31.99124990455829,2.443307627701,12.476139573948233,0.9315110330610062,30.48304698529002,3.1075818889821964,17.542643353439736,11.08959165831958,3.4962423718995104,38.65662090278147,-6.665370998223178
3540903,PRADOPOLIS,617897.0,17309,35.69801837194523,1.790975792940089,15.194407533653012,0.0,27.212816080839062,65.95629441331096,41.978331571810656,9.759039648170255,3.6027227582878814,42.20727471770488,-6.5092563457596455
3530508,MOCOCA,3475669.0,69324,50.13659050256766,3.82262996941896,20.642201834862387,1.6877271940453522,78.90749936874,5.614678899082557,4.992501114699179,11.14656087048398,3.9345002977650196,56.56390808553988,-6.427317582972222
3552809,TABOAO DA SERRA,17478392.0,284274,61.48431442903677,0.60153232444754,22.09839802444121,1.0025538740792335,13.292900730209047,26.93099959448774,12.027469201157686,12.557697358492923,4.13491555610892,67.3432731272859,-5.8589586982491255
3511607,CESARIO LANGE,630592.0,19588,32.19277108433735,1.072084949969369,12.150296099652849,1.1231366142536245,13.026149586109343,24.596372779252594,18.29044815342656,9.8827234631834,3.502332113790417,37.987590562064156,-5.794819477726804
3508009,BURI,836797.0,20674,40.475815033375255,1.1125084647383188,14.027280642352714,0.0,15.605468451877357,1.389975990924047,18.66961049754088,9.936680519891892,3.725110487079936,46.01651898396462,-5.540703950589368
3551801,SETE BARRAS,329796.0,12912,25.54182156133829,0.7744733581164809,11.152416356877325,0.0,8.637249347023952,-1.4017967781908263,-0.013089690559723048,9.465989834846651,3.278721661113184,31.081446028842024,-5.539624467503735
3534708,OURINHOS,5869051.0,106877,54.91406944431449,4.56599642579788,25.30011134294563,1.674822459462747,115.52021796417814,17.349165729897788,19.779174338627318,11.57944327602054,4.0238160380151795,60.261064620567126,-5.3469951762526335
3535705,PARAISO,383736.0,6211,61.78328771534375,1.9320560296248592,29.30284978264369,0.0,56.614747607748235,40.310202329200884,110.46530349380129,8.734238184268579,4.139688918875736,67.0749918319494,-5.291704116605658
3507100,BOM JESUS DOS PERDOES,789141.0,22501,35.071374605573084,1.0221767921425715,12.532776321052395,0.4444246922359006,12.810713096493716,35.469090262655016,57.43780529185536,10.021359473131017,3.5854996035758595,40.35293382790001,-5.281559222326926
3556008,URUPES,659563.0,14038,46.98411454623166,2.350762216840006,15.52927767488246,1.4247043738424277,36.5056392129307,21.58664577100253,5.78846962426026,9.549594449971952,3.8708700091793555,52.258886676964366,-5.274772130732707
3509700,CAMPOS DO JORDAO,2459100.0,47983,51.249400829460434,2.104912156388721,19.09009440843632,0.7502657191088511,40.18297178692597,32.09075535680793,48.86037670886154,10.77862290098879,3.9560284234004217,56.509892474786035,-5.260491645325601
3523909,ITU,9971326.0,174561,57.12230108672613,2.1425175153671208,21.56839156512623,1.4092494887174112,46.210656706579414,10.655095582298964,42.67515182084061,12.070035258379814,4.06254942991294,62.186583000973044,-5.064281914246912
3525508,JOANOPOLIS,491656.0,13095,37.545322642229856,1.450935471554028,14.891179839633446,0.6872852233676976,21.60614104261439,77.4494081710576,33.55402825505918,9.48006211905097,3.6518347604101105,42.58454733646229,-5.039224694232438
3515707,FERRAZ DE VASCONCELOS,6394270.0,185622,34.44780252340779,0.3771104718190732,13.549040523213844,1.0612966135479631,5.109485064404915,29.167488693187792,66.25484492786815,12.131473014070282,3.5680612630005997,39.46347345822456,-5.015670934816775
3556404,VARGEM GRANDE DO SUL,1933702.0,41226,46.90491437442391,3.201862902052103,15.81526221316645,0.8732353369233009,50.63830136656409,16.687722971592944,27.014128085296786,10.626848660502082,3.8692180956975006,51.8808967350612,-4.975982360637289
3503901,ARUJA,3844915.0,89943,42.7483517338759,0.800506987758914,16.032376060393805,0.22236305215525387,12.83402906672397,25.43944498182183,42.935512431204245,11.406942533429596,3.7784539374396506,47.57891981403827,-4.830568080162372
3501152,ALUMINIO,541540.0,17591,30.78506054232278,0.9095560229662896,10.687283269853902,1.136945028707862,9.720682867242477,43.27781251776477,17.454485843051344,9.775199532234597,3.458996385131651,35.418416369887765,-4.633355827564987
3551603,SERRA NEGRA,1434432.0,30920,46.39172056921087,2.6196636481241917,16.138421733505822,0.9379042690815006,42.27723675336261,2.266843126574531,38.38463422294341,10.339190843704902,3.858447541908546,50.98790186330813,-4.5961812940972635
3528403,MAIRINQUE,1546391.0,51660,29.9340108401084,1.3743708865660085,10.201316298877272,0.0,14.020392125828229,-3.545438500603474,19.61607315265848,10.852458423798911,3.431856253042873,34.43039374425687,-4.496382904148469
3523701,ITIRAPUA,210956.0,5861,35.99317522607063,1.1943354376386282,16.720696126940794,0.0,19.970119926392346,31.118125462094063,52.971146372443066,8.676246121270838,3.610733442281171,40.14056469361628,-4.1473894675456435
3555406,UBATUBA,5209767.0,96598,53.93245201764012,0.8281744963663844,20.103935899293983,0.5693699662518893,16.64956698837987,14.731833698852896,16.118682404266842,11.478323668180154,4.0061042853103634,57.9979915786149,-4.065539560974784
3551405,SERRA AZUL,565474.0,13058,43.30479399601776,1.3784653086230665,17.38397916985756,0.0,23.963212211474662,23.997008820376063,87.2083165249731,9.477232830220407,3.791092887810491,47.129148514033076,-3.824354518015319
3506904,BOFETE,411417.0,10688,38.49335703592814,1.2163173652694612,16.186377245508982,0.0,19.687771724515045,200.0,67.49441821485235,9.276970454273945,3.676132481458239,42.314820702705255,-3.821463666777113
3539202,PIRAPOZINHO,964492.0,26065,37.00333780932285,1.4578937272204104,13.351237291386916,0.0,19.46468509774421,27.447247266449253,24.495837329752547,10.168387062090664,3.637673992956378,40.76289572145034,-3.759557912127491
3539400,PIRATININGA,699302.0,15554,44.95962453388196,1.092966439501093,16.394496592516393,1.478719300501479,17.91863456813544,26.510865372251512,21.127424292581225,9.652137409331738,3.8277632835364357,48.647698976048495,-3.6880744421665383
3545001,SALESOPOLIS,495303.0,15396,32.170888542478565,0.9742790335151988,11.496492595479346,0.5845674201091193,11.200791694738257,5.727542868277476,14.06491482017594,9.641927964229918,3.5016726401334513,35.65548667844697,-3.4845981359684046
3535804,PARANAPANEMA,732522.0,19799,36.997929188342844,2.727410475276529,12.47537754432042,0.8586292236981666,34.025475397409096,10.10181738233958,10.233078490329984,9.893437216682626,3.6375316631978674,40.412127942322556,-3.4141987539797114
3505302,BARRA BONITA,1573431.0,35159,44.75187007594073,3.014875280866919,16.752467362552974,1.1945732244944396,50.50659974489079,8.912369521317459,-4.6956089020116325,10.467664351799113,3.823232666862977,48.012483148749574,-3.2606130728088445
3518107,GUARANTA,248904.0,6531,38.11116214974736,0.9186954524575104,15.770938600520592,0.0,14.488689573284882,2.357984994640944,17.143027271644623,8.784468454090355,3.6664079032261574,41.259935593674584,-3.148773443927226
3526209,JUQUITIBA,942501.0,28007,33.65233691577106,0.6426964687399579,12.92534009354804,0.0357053593744421,8.307070435386322,36.44017567036814,18.274290212340166,10.240245462634501,3.545365166818301,36.52096911098899,-2.868632195217934
3504503,AVARE,4191617.0,96098,43.61815022164873,3.1634373243980103,17.471747591000852,1.6337488813502883,55.27077845183312,9.576693917412145,24.22669673688227,11.47313418907698,3.798140731884378,46.463841924713755,-2.8456917030650217
3521606,IRAPURU,231651.0,7145,32.421413575927225,1.2596221133659902,17.49475157452764,0.0,22.03677595111949,-4.314523824670786,43.31974917328722,8.874308038583354,3.509196819577566,35.170759988506546,-2.749346412579321
3542206,RANCHARIA,1699631.0,29305,57.99798669169084,2.764033441392254,21.39566626855485,2.764033441392254,59.13833706715383,5.398264932474082,14.86846603350668,10.28554755219797,4.07750331945384,60.37343294244712,-2.3754462507562764
3541000,PRAIA GRANDE,17911612.0,365577,48.99545649753677,0.9136242159654464,16.869223173230264,0.9847446639148524,15.41213079558864,14.272312995701972,29.4938994644311,12.809234941696836,3.9119321312499484,51.369565958022015,-2.3741094604852435
3527306,LOUVEIRA,3024068.0,54111,55.88638169688233,0.8870654765204856,18.88710243758201,0.4435327382602428,16.75409652388491,2.833065365637288,15.098498689814278,10.898811251698307,4.041055974997611,57.9923817580479,-2.1060000611655667
3540804,POTIRENDABA,716259.0,18994,37.70975044750974,1.2109087080130567,12.793513741181426,1.4741497314941558,15.491777195281289,-6.981151942718762,7.12597193326702,9.851931065621725,3.656091517849834,39.79002975262452,-2.0802793051147788
3515004,EMBU DAS ARTES,9015474.0,259323,34.76542381508775,0.6748340872194136,11.29865071744504,0.296926998376542,7.624714643717997,77.78949672947387,42.9033692915114,12.46583352412755,3.5769816114856,36.654617368315314,-1.8891935532275639
3541059,PRATANIA,95362.0,5246,18.17804041174228,0.7624857033930614,12.009149828440718,0.0,9.156805054091283,-31.744821451264453,-2.2709943506741115,8.565411763686711,2.953765895922005,20.06719495869661,-1.8891545469543303
3521002,IPERO,1263129.0,37999,33.241111608200214,0.8158109423932209,10.789757625200664,0.34211426616489904,8.802402336409395,-1.1568561014763559,42.289011185937056,10.545341438708522,3.5334270159393215,34.92822601031993,-1.6871144021197182
3508504,CACAPAVA,5273404.0,99678,52.90439214269949,3.481209494572524,19.94422038965469,0.9330042737615121,69.43000938231283,5.152293856248683,26.13599674704199,11.50971030186823,3.987211961472618,54.49395962168202,-1.5895674789825307
3546801,SANTA ISABEL,2557610.0,54586,46.854688015242,0.915985783900634,17.275491884365955,1.0625435093247353,15.824104975969991,16.547243360696097,16.62252185698444,10.90755103814573,3.8681690862502105,48.04676188739926,-1.1920738721572661
3514304,DOURADO,438724.0,8186,53.59442951380406,2.1988761299780117,18.934766674810653,1.7102369899828977,41.63520646794427,22.07885414121675,19.289030051307126,9.010302809376448,3.9999318539894,54.738350819507566,-1.1439213057035076
3515103,EMBU-GUACU,2387169.0,68805,34.69470241988228,0.6830898917229853,9.432454036770585,0.1598721023181455,6.443214006659654,20.22723639270402,8.507128937372995,11.13904622942125,3.5750022861745347,35.82783220008112,-1.1331297801988356
3551504,SERRANA,2634325.0,45408,58.01455690627202,1.3874207188160677,21.471987315010573,1.7177589852008457,29.790680075001454,18.614194268264033,12.262261198729124,10.72346560226837,4.077784140698513,58.96583499396797,-0.9512780876959468
3546306,SANTA CRUZ DAS PALMEIRAS,1300823.0,29525,44.05835732430144,2.6418289585097376,15.512277730736663,0.6773920406435224,40.98078452150583,28.79650014112334,17.859734394874106,10.293026510094034,3.8079584790422385,44.77222360031013,-0.7138662760086874
3508702,CACONDE,747891.0,17266,43.31582300474922,2.664195528784895,14.305571643692806,0.5212556469361752,38.11284000983835,33.42711870606668,12.499724773189174,9.75655244441243,3.791341791714834,43.97519283544885,-0.6593698306996316
3555000,TUPA,4029279.0,65416,61.59470160205454,4.066283478048184,25.74293750764339,1.9719946190534425,104.6780814637572,13.535825707290028,1.6931273066839911,11.088537442504965,4.136680635579159,62.24015337460252,-0.6454517725479789
3503109,ARANDU,192296.0,7050,27.276028368794325,0.7092198581560284,15.744680851063832,0.851063829787234,11.166440319903428,-9.60283687943262,10.264671498714046,8.860924729719041,3.342014391589939,27.91136959256152,-0.6353412237671954
3545308,SALTO DE PIRAPORA,1936972.0,45138,42.912224733040894,1.90526828836014,14.001506491204749,0.95263414418007,26.67662630696106,19.169382063174442,25.836840377749848,10.717501896825297,3.7821927490392127,43.45729552080346,-0.5450707877625689
3518701,GUARUJA,16579423.0,294973,56.20657822919386,1.450980259210165,18.17115464805253,1.4136887104921467,26.365986681379255,27.44194910738968,19.5144165970485,12.594642495844568,4.046668895780184,56.54290774638295,-0.33632951718909254
3500550,AGUAS DE SANTA BARBARA,286870.0,7407,38.72958012690698,1.3500742540839747,15.525853921965709,0.0,20.96105565271461,-24.61676301287479,-6.510005109104522,8.910315776326016,3.6820960016082425,39.04967970636038,-0.32009957945339806
3553104,TAIACU,215295.0,5751,37.436098069900886,2.0865936358894106,16.866631890106067,0.0,35.1938067607847,20.377483757765454,37.225187146939874,8.657302899400882,3.648997071923393,37.68094569052127,-0.24484762062038357
3554904,TRES FRONTEIRAS,102131.0,7013,14.56309710537573,0.8555539711963497,8.127762726365322,0.0,6.953739677483521,25.253101383145598,-11.858928656304949,8.855663430700124,2.7449025417057995,14.721951417873788,-0.15885431249805748
3543303,RIBEIRAO PIRES,5641531.0,118877,47.45687559410147,1.0767431883375254,16.63904708227832,0.9842105705897694,17.91598060627056,7.879330736811993,20.45323575088857,11.685853036122314,3.8806742393953093,47.52762413492028,-0.07074854081881199
3510500,CARAGUATATUBA,11253547.0,141084,79.76487057355901,1.8286977970570728,31.32176575657055,2.1547446911060075,57.27804403897822,7.484503288621214,21.252230739891573,11.85711782460658,4.391542100857894,79.71153472129816,0.05333585226084381
3504909,BANANAL,461941.0,10109,45.6960134533584,1.483826293401919,17.311306756355723,0.692452270254229,25.68697213822691,48.90871320785258,29.121294110412745,9.221280312014517,3.843658796006605,45.55845195895003,0.1375614944083665
3513009,COTIA,11845807.0,287004,41.27401360259788,0.8431938230826052,14.334294992404288,1.6376078382182826,12.086588995839215,16.28048635518097,12.562626712277789,12.567254916192791,3.744172561634791,41.09666126919756,0.17735233340032153
3524709,JAGUARIUNA,3893319.0,61801,62.99766994061585,1.9902590572968075,29.530266500542066,1.10030582029417,58.77288036709235,14.67145478104038,54.5400086444525,11.031691005381676,4.158846675519037,62.79138343589369,0.20628650472215782
3509007,CAIEIRAS,6042621.0,98257,61.49812227118679,1.0279165860956472,25.32135115055416,1.0279165860956472,26.028236830006723,35.37791554903231,37.573611441684434,11.495351951353065,4.135136512630025,61.25116844741624,0.24695382377054642
3532405,NAZARE PAULISTA,687692.0,18620,36.93297529538131,0.5370569280343717,10.633727175080558,0.5907626208378087,5.710916850204382,12.579066714405077,54.31992068082293,9.832045255081763,3.635820794369242,36.59760997618638,0.33536531919493484
3536505,PAULINIA,6604571.0,115690,57.08852104762728,1.9362088339528047,20.18324833607053,0.6915031549831446,39.07898372616301,15.474688103264466,7.946912679437855,11.658678122775015,4.061968072007886,56.70874702258616,0.37977402504112234
3528106,MACAUBAL,314449.0,7587,41.44576248846712,1.3180440226703571,17.13457229471464,1.8452616317385,22.584120594061737,-2.0573468972045617,27.32544903363408,8.934323331054905,3.7482270841814134,40.84001186660689,0.6057506218602242
3536307,PATROCINIO PAULISTA,894224.0,14837,60.26986587585091,1.2131832580710389,20.75891352699333,1.4827795376423805,25.184366346692727,0.7009503268854986,19.291895002618197,9.604946736749472,4.115288137667939,59.589656222868896,0.6802096529820147
3500105,ADAMANTINA,2674237.0,35642,75.03049772740026,4.909937713933,28.36541159306436,2.5531676112451605,139.27240415201902,19.033821005439155,9.454370332710365,10.481308053126398,4.331134545679529,73.91658544297695,1.1139122844233071
3537206,PEDRO DE TOLEDO,544324.0,11539,47.17254528122021,1.2132767137533582,16.725886125314155,0.25998786723286244,20.29312815273405,16.343126209665765,-3.2840343497537727,9.353574540062091,3.874789258798177,45.90738340305433,1.2651618781658769
3517307,GUAIMBE,140607.0,5606,25.081519800214057,1.0702818408847663,13.735283624687831,0.0,14.700624642905277,-11.227766168900667,24.604776132714903,8.631771096123673,3.261227009908642,23.692075041995377,1.38944475821868
3520509,INDAIATUBA,14250568.0,267796,53.2142675768122,1.2509522173594827,17.498394300138912,1.2322812887421768,21.889655149989306,-18.06262976295389,25.1483240083186,12.497984509786619,3.9929441132287615,51.78193691570029,1.432330661111905
3509254,CAJATI,1325374.0,29257,45.30109033735516,1.572273302115733,13.911200738284856,0.0,21.872209521177954,17.676381540719888,4.668904814169204,10.283908319538032,3.835165510217825,43.74610434644106,1.5549859909141048
3536703,PEDERNEIRAS,2670801.0,46223,57.78078013110356,2.076888129286286,19.081409687817757,1.0600783159898752,39.629953270677035,14.767389032642056,32.380413517396114,10.741254422706016,4.073814932952776,56.209297691860556,1.571482439243006
3511508,CERQUILHO,2303889.0,46217,49.849384425644246,3.2022848735313847,15.989787307700633,0.6707488586450873,51.20385402643386,24.719142639821186,18.880898851129324,10.741124611581021,3.928868016730916,48.18909935737287,1.660285068271378
3519600,IBITINGA,2684880.0,61908,43.36886993603412,2.729857207469148,14.876914130645474,1.227628093299735,40.611851264442166,6.325330087094535,7.6595620223634,11.03342084390342,3.7925380959665005,41.65810960032363,1.7107603357104963
3509452,CAMPINA DO MONTE ALEGRE,110272.0,6077,18.145795622840215,0.8227743952608195,11.8479512917558,0.0,9.748190959154025,25.226262958696733,56.805059704802844,8.712430973476739,2.952083141800949,16.292050065609825,1.8537455572303898
3501301,ALVARES MACHADO,1295299.0,28250,45.85129203539823,0.920353982300885,14.15929203539823,0.6371681415929203,13.031560811339967,4.911987127916339,10.275380640905848,10.248884134178173,3.8469785864343264,43.90493067521482,1.9463613601834098
3542503,REGINOPOLIS,235507.0,7808,30.162269467213115,1.2807377049180326,13.960040983606556,0.0,17.879150849905933,60.84464651639342,43.11890996152556,8.963032193662675,3.439208051059396,28.150322824027374,2.011946643185741
3522109,ITANHAEM,6105013.0,117435,51.98631583429131,0.851534891642185,18.708221569378804,1.0048111721377784,15.930703426898967,4.539432326768987,-5.323878322684417,11.673648783322784,3.970033688409055,49.903223471669236,2.083092362622075
3555802,URANIA,386948.0,8973,43.1235930012259,1.1144544745347154,16.71681711802073,2.8975816337902596,18.63013163715673,27.117463501615962,7.4232085929149125,9.102086786535928,3.7869946280873004,40.89795900368914,2.225633997536761
3539806,POA,4138841.0,106431,38.88755155922617,0.7798479766233523,7.657543384916049,0.056374552526989315,5.971719714632316,38.767545703004004,12.154788684653107,11.5752615625526,3.6860642842196634,36.316032132016325,2.571519427209843
3516309,FRANCISCO MORATO,7585405.0,171107,44.33135406500026,0.4967651820206069,14.739315165364362,0.9350874014505544,7.321978580981319,23.758005874167072,44.31334278612095,12.050050215070119,3.8139989357839257,41.60948083210577,2.7218732328944952
3542909,RIBEIRAO BONITO,425016.0,11079,38.36230706742486,2.707825616030328,12.00469356440112,0.6318259770737431,32.506616746279775,44.879501760086654,28.45982489394351,9.312896960301275,3.6728086849841968,35.57075520419254,2.7915518632323213
3549706,SAO JOSE DO RIO PARDO,3340876.0,53416,62.54448105436573,3.594428635614797,26.13449153811592,2.2652388797364083,93.93856476183646,52.895934378636156,12.816948717777846,10.885884326344947,4.151740149715837,59.69799486130832,2.846486193057416
3533007,NOVA GRANADA,998743.0,19725,50.63335868187579,1.8250950570342208,15.918884664131811,2.8390367553865654,29.05347771400483,33.05551330798484,17.226237875160557,9.88969284151394,3.944167949688275,47.690750494005066,2.942608187870725
3549508,SAO JOSE DA BELA VISTA,199479.0,7690,25.94005201560468,1.0403120936280883,12.743823146944084,0.0,13.257553338823493,16.918075422626764,4.163376285612965,8.947806093057054,3.2936141017748857,22.971471413047144,2.9685806025575374
3523107,ITAQUAQUECETUBA,15513689.0,382521,40.55643742435056,0.2954086180889415,8.692333231378147,0.5202328761035342,2.5677901478500016,15.44751521896094,12.460992014242,12.854541446934595,3.727052441294732,37.54680890881556,3.009628515535006
3502200,ANGATUBA,1253437.0,24512,51.135647845953,1.8766318537859008,16.72650130548303,1.550261096605744,31.389485152260907,37.92707944796718,50.97281388850716,10.106958868052818,3.953848934479743,47.979456721450305,3.1561911245026977
3518800,GUARULHOS,69251771.0,1345364,51.47437496469357,0.7514694907846501,15.89086670967857,0.9536452588295807,11.941501514448902,72.19978546301037,18.632042527026087,14.1121759096671,3.960324954529395,48.131381845790365,3.342993118903202
3538006,PINDAMONHANGABA,10491346.0,172027,60.98662419271393,2.7437553407313966,20.54328680962872,1.3369994245089434,56.36575290009566,8.416180860141619,27.42991170238298,12.055412533244297,4.126918622942928,57.58527163299119,3.4013525597227456
3549953,SAO LOURENCO DA SERRA,681018.0,16458,41.37914691943128,0.7291286912139993,13.063555717584151,0.0,9.52501328296329,17.58658403208166,68.54077044598368,9.708627719044069,3.746656423317859,37.839407054071984,3.5397398653592944
3513504,CUBATAO,7042776.0,115082,61.197893675813766,1.4685181001372936,22.201560626336004,0.9558401835213153,32.60339363106989,15.838980445413231,46.66864485357296,11.653408886147387,4.130321135438847,57.60973131850403,3.5881623573097343
3534906,PACAEMBU,775774.0,15217,50.98074521916278,2.102911217717027,16.49470986396793,0.0,34.68691040592586,7.593950375050448,24.370112374318182,9.630234216736469,3.9508733657624178,47.064400266340684,3.9163449528220937
3506607,BIRITIBA MIRIM,1198235.0,30526,39.252931926882,0.7862150298106533,11.760466487584354,0.4258664744807705,9.246255510123323,24.540204603101827,32.614209393048654,10.32636681689808,3.6951828441155574,35.32700120818281,3.925930718699192
3526001,JUNQUEIROPOLIS,1051389.0,20878,50.35870294089472,1.7722004023373887,17.482517482517483,1.484816553309704,30.982524516387915,3.270055667315957,5.085458953653794,9.946499148129375,3.9388344047967427,46.2419053417256,4.116797599169125
3554706,TORRINHA,299753.0,9484,31.606178827498944,0.9489666807254322,12.863770560944747,1.687051876845213,12.207289650833268,36.92233536181237,18.11280242321996,9.157466882369114,3.4845018049991086,27.451859429900725,4.154319397598218
3530102,MIRANDOPOLIS,1897905.0,28737,66.04395030796535,2.4358840519191287,24.184848801197063,2.609875769913352,58.911487492911384,19.174628927007333,16.414939939181483,10.265975567789152,4.205348379079327,61.819643612688154,4.224306695277193
3503703,ARIRANHA,521401.0,7653,68.13027570887233,2.2213511041421667,21.95217561740494,0.0,48.763489546045214,56.303783763603434,84.82981368124449,8.942983665985647,4.235992778215853,63.855582721047085,4.274692987825247
3524600,JACUPIRANGA,805769.0,16254,49.573581887535376,1.4765596160944998,16.857388950412204,0.0,24.89093975697631,25.936472780326604,28.481997230141697,9.696155832738006,3.9234293428689986,45.00144784351158,4.572134044023798
3518859,GUATAPARA,515118.0,7462,69.03216295899223,1.474135620477084,20.905923344947738,0.0,30.818166281750887,14.392924149021704,29.78397212543557,8.917712757131387,4.2489546073677,64.43964474782288,4.592518211169349
3545407,SALTO GRANDE,540116.0,9212,58.63178462874512,0.9769865392965696,18.56274424663482,2.713851498046027,18.135551261367063,14.747069040382103,34.16580380106215,9.128370809108931,4.088188731057874,54.01649126946752,4.615293359277601
3556701,VINHEDO,4754524.0,79235,60.00535117056856,4.24055026187922,23.12109547548432,0.8455859153152016,98.0461674734995,15.997548707163276,35.69036852264793,11.280186019982573,4.110961584433458,55.25965163778166,4.745699532786901
3544004,RIO DAS PEDRAS,1494417.0,32267,46.31409799485542,2.8202187993925683,11.9936777512629,1.8594849226764185,33.824795467968016,18.819753207431326,34.95867265885362,10.381831306056865,3.8568083059478844,41.54876109601215,4.765336898843273
3536802,PEDRA BELA,161106.0,6718,23.981244417981543,0.7442691277165823,12.057159869008634,0.0,8.973771858446437,-8.797261089610018,-23.047689044358417,8.81269461292015,3.2181253200291473,18.99488697342898,4.986357444552564
3544202,RIOLANDIA,411963.0,10453,39.41098249306419,1.243662106572276,14.923945278867311,2.200325265474026,18.56034522388549,45.35018220084707,31.412493496656253,9.254739959272866,3.699101591911977,34.4083496005135,5.002632892550686
3537909,PILAR DO SUL,1219121.0,28417,42.9011155294366,1.1964669036140338,10.0292078685294,0.7741844670443749,11.999615284160877,18.099259832729217,16.464668001134363,10.254778026198021,3.781939730451596,37.87146465282616,5.0296508766104395
3526407,LARANJAL PAULISTA,1430603.0,27009,52.96764041615758,3.628420156244215,16.10574253026769,1.0366914732126329,58.43840082810299,15.81837393233595,13.54939399919554,10.203962446786662,3.988384615388662,47.927191153286984,5.040449262870595
3514908,ELIAS FAUSTO,866852.0,18103,47.8844390432525,0.883831409158703,14.804176103408276,0.33143677843451363,13.084395826908933,14.235209633762363,33.940783295586414,9.803888187313373,3.88945912586372,42.74743317544994,5.137005867802557
3513702,DESCALVADO,1873868.0,32622,57.44184905891729,3.985040770032493,16.645208754828033,1.0115872723928636,66.3318355136915,10.469865964063338,18.239933940285706,10.392772840063916,4.068032226678281,51.96991911816036,5.4719299407569295
3520202,IGARATA,474748.0,10904,43.53888481291269,0.917094644167278,13.114453411592075,0.7336757153338225,12.027194984952379,10.406731474688183,-12.28798555066439,9.29697667863573,3.796362623637742,38.02922012568182,5.509664687230874
3522802,ITAPORANGA,909497.0,14260,63.77959326788219,1.5427769985974753,18.65357643758766,2.1037868162692845,28.778308669490077,23.397800250978065,16.657778239514265,9.565283817736766,4.170990635055399,58.247323315642426,5.532269952239766
3531803,MONTE MOR,2589188.0,67296,38.47461959106039,1.0699001426533523,10.62470280551593,0.32691393247741324,11.367371047270966,0.030800155621817548,6.604640003247413,11.116870938116225,3.675657923390026,32.84742668750178,5.627192903558608
3525201,JARINU,1626248.0,39531,41.13854949280312,0.7588980799878576,9.081480357188031,0.27826262932888113,6.89191800651744,-15.5102505447804,-16.243494918750738,10.584865749496075,3.7409629866351435,35.46055099267346,5.677998500129661
3518206,GUARARAPES,1792440.0,31872,56.23870481927711,2.384538152610442,15.091616465863456,1.8197791164658634,35.986535247415375,22.003977448254567,37.131663607983874,10.369514535394131,4.047230327235835,50.494637240038365,5.744067579238745
3548054,SANTO ANTONIO DO ARACANGUA,542249.0,8568,63.28769841269841,0.5835667600373483,19.374416433239965,0.0,11.306265425560204,24.60609243697481,35.63679570188732,9.055906318669118,4.163368297430293,57.51201752492788,5.775680887770534
3523602,ITIRAPINA,1060707.0,16433,64.54737418608897,1.8864480009736504,23.55017343150977,0.6693847745390372,44.42617759245438,30.025175178220877,46.08957585346561,9.707107638491133,4.182773151224124,58.56143042573698,5.985943760351994
3510153,CANITAR,150182.0,6524,23.019926425505822,0.7664009809932557,11.649294911097488,0.0,8.928031047744856,37.05804210096056,35.8662330392131,8.783396232190894,3.1788837535957652,16.971730277015585,6.048196148490238
3545704,SANTA ALBERTINA,300952.0,6543,45.99602628763565,1.375515818431912,15.43634418462479,0.0,21.232935604710853,3.7826685006877616,29.408018747771163,8.786303878282583,3.8500630510641716,39.90867205886137,6.087354228774281
3507001,BOITUVA,3427780.0,63415,54.05314200110384,2.176141291492549,16.58913506268233,0.4888433335961523,36.100301800049856,26.39587629760851,27.458512235244942,11.057471474516992,4.008298936946014,47.95563824524688,6.0975037558569625
3525003,JANDIRA,5314015.0,121988,43.56178476571466,0.5738269337967669,7.779453716759026,0.08197527625668098,4.4640600729016935,28.59159572209864,8.01095011483666,11.711686155715956,3.7968766479074696,37.240897392764325,6.320887372950338
3539103,PIRAPORA DO BOM JESUS,785779.0,18836,41.71687194733489,0.7432575918454024,10.140157145890846,0.0,7.53674878118878,20.488249451405117,17.41456961846109,9.84357829978222,3.7545939697644823,35.1802838083344,6.536588139000486
3551009,SAO VICENTE,14352356.0,338407,42.41152222028504,0.7298903391478309,9.450159127914022,0.7269353175318478,6.897579850874135,16.66888081001828,26.607209567792918,12.732007547096707,3.7707248948170653,35.81686546754005,6.594656752744996
3509106,CAIUA,232791.0,5585,41.681468218442255,1.2533572068039391,16.472694717994628,0.0,20.64617064027975,7.73500447627575,-0.8837958818263087,8.628018746505122,3.7537648264614116,34.97553572539492,6.705932493047335
3546405,SANTA CRUZ DO RIO PARDO,3327978.0,47677,69.80258825009963,3.3139669022799256,24.833777293034377,1.7618558214652769,82.29831600770669,3.737923674161256,28.588818685854772,10.772225354550736,4.2598955572362724,63.07583815379601,6.726750096303618
3512407,CORDEIROPOLIS,1451091.0,25130,57.7433744528452,2.14882610425786,18.54357341822523,0.0,39.84691462730452,31.633942523269305,25.536493253947405,10.13185742282192,4.073178371393939,51.004699822118226,6.738674630726976
3532504,NEVES PAULISTA,340959.0,9921,34.36740247958875,1.4111480697510332,9.77724019756073,2.11672210462655,13.797133632280035,-21.35495413768773,-20.742135598500887,9.202509792860994,3.5657905620018124,27.44233109636342,6.925071383225326
3545803,SANTA BARBARA D'OESTE,9687899.0,189338,51.16721946994264,1.9647403056966903,14.038386377800547,0.8767389536173404,27.5817835434081,20.27290201123457,20.872487437572097,12.151294338164762,3.9544543181238616,44.07999078480768,7.08722868513496
3512001,COLINA,1483953.0,18842,78.75772211017939,2.653646109754803,28.92474259632736,2.7067190319498993,76.75603066640315,14.791793691974616,37.95618898315005,9.843896771122491,4.378993565945098,71.07500728135125,7.682714828828139
3513108,CRAVINHOS,2043306.0,34252,59.65508583440383,3.0363190470629453,15.590330491650125,0.4379306317879248,47.33721742180349,45.16843785277744,29.40696082629402,10.441529431095358,4.105203487346831,51.872131275708966,7.782954558694861
3556305,VALPARAISO,1373944.0,24723,55.57351454111556,1.9010637867572704,15.734336447842091,1.4156857986490312,29.911977229647626,32.3627847836075,19.011189945600048,10.115529710779164,4.035540934720905,47.52985475759809,8.04365978351747
3533601,NUPORANGA,331205.0,7550,43.8682119205298,2.913907284768212,16.55629139072848,0.0,48.24349809218895,-8.673289183222959,9.242477053561066,8.929435283803425,3.803729568971649,35.56265290262877,8.305559017901032
3503604,AREIOPOLIS,450414.0,10257,43.91284001169933,1.4624159110851127,13.551720776055376,0.0,19.818252085486073,16.847031295700504,22.249635968512443,9.235813167949214,3.804723722947008,35.21959696201552,8.693243049683808
3520400,ILHABELA,3582796.0,36329,98.62082633708609,1.211153623826695,31.65515153183407,0.8257865617000193,38.33925149056398,41.40804600252708,25.62791168236868,10.500399125215248,4.601371242502183,89.77691856702063,8.843907770065456
3541505,PRESIDENTE VENCESLAU,2405746.0,35902,67.00869032365885,3.175310567656398,19.720349841234476,2.0333129073589213,62.618235248753,25.89471338644087,37.896372223150706,10.488576136444582,4.219635495887862,58.16075128851615,8.847939035142701
3537305,PENAPOLIS,4074724.0,63317,64.35434401503545,3.679896394333276,19.09439802896536,0.9634063521645055,70.26540645875404,19.73299445887022,1.6538808023772282,11.055924927899145,4.179823910929632,55.389513107536516,8.964830907498936
3519071,HORTOLANDIA,11174546.0,247331,45.18053135272166,0.8409782841617104,11.486631275497208,0.32345318621604247,9.66000746086588,8.582179874074761,23.92729301180163,12.418486842631298,3.8325583099823213,36.072719188509616,9.107812164212042
3533403,NOVA ODESSA,2976441.0,64228,46.34179796973282,1.261132216478794,9.762097527558074,0.2802516036619543,12.311295692411468,-0.215338625377872,-4.2165960237243105,11.070210101081909,3.857393583291379,36.97063525569782,9.371162714035002
3525102,JARDINOPOLIS,2238504.0,46868,47.76188444140992,1.5362294102585987,10.838951950157892,0.0,16.651116762212347,7.640049632027108,9.456591489576727,10.755111755080012,3.886948951147045,38.36555417345553,9.39633026795439
3520004,IGARACU DO TIETE,1056329.0,23430,45.08446436192915,0.7682458386683739,8.706786171574905,0.0,6.688952244487763,27.12419974391807,14.952733810989743,10.061815210915432,3.8304758945491604,35.58333100535428,9.501133356574869
3522703,ITAPOLIS,2503153.0,40464,61.86123467773824,2.6937524713325427,16.459074733096084,1.9523527085804666,44.33667323812459,23.44758693887745,23.75859716408829,10.608192681929802,4.140929672884102,52.33665884608917,9.524575831649067
3506508,BIRIGUI,6982916.0,122988,56.77721403714183,2.357953621491528,15.20473542134192,0.9594431977103457,35.8520609505737,30.405177170330155,6.749772172532752,11.719850199461066,4.056594477142185,46.331870710439276,10.445343326702556
3536109,PARDINHO,241452.0,7382,32.70820915740992,0.541858574911948,13.5464643727987,0.0,7.340267880140179,-10.877810891357347,-7.164386345163903,8.906935339059165,3.517741402869197,22.231499158611136,10.476709998798782
3510302,CAPELA DO ALTO,1126344.0,23597,47.732508369708015,0.847565368479044,13.984828579904224,2.50031783701318,11.85305638844279,0.09276132088353305,23.864792134593372,10.068917241659864,3.8863463303861194,37.122490431202024,10.61001793850599
3542107,RAFARD,336596.0,9133,36.85492171247126,0.5474652359575167,14.781561370852952,0.0,8.092390983714525,-0.07664513303404658,30.967503951848563,9.119758993744945,3.6337610034636123,26.188686609500728,10.666235102970532
3526506,LAVINIA,328681.0,9909,33.169946513270766,0.9082652134423252,10.495509133111314,0.0,9.532705842971222,42.83605812897369,48.3640453973859,9.201299627324033,3.531346500813443,22.36559737412429,10.804349139146474
3516002,FLORIDA PAULISTA,633334.0,13171,48.08549085111229,1.5184875863639815,11.996051932275453,2.1258826209095742,18.21585594453793,41.75081618707767,24.425716430879284,9.485848643496254,3.8935634891171453,37.27321335922326,10.812277491889027
3552502,SUZANO,15637699.0,318765,49.0571392718774,1.069753580223676,11.81434599156118,0.8501560710868509,12.638438922473807,10.771340265912164,45.82738530519476,12.672212570273423,3.9131651383834667,37.89661771429264,11.160521557584765
3554003,TATUI,9400925.0,128560,73.12480553827007,3.4303049159925325,20.185127566894835,0.6922837585563161,69.24114232265573,16.026558703492366,7.909587656715032,11.764158778850339,4.3057502338847025,61.94467924831633,11.180126289953733
3554300,TEODORO SAMPAIO,1588809.0,22559,70.42905270623697,2.305066713950086,19.327097832350724,1.950441065650073,44.55024989060852,41.91325203384806,17.749336923918005,10.023933705611995,4.268704687231496,59.17134998878114,11.257702717455835
3505906,BATATAIS,4146881.0,59873,69.2612863895245,5.127519917157985,19.29083226162043,1.2192474070115078,98.91412664001257,20.029375831980918,15.232751131137176,10.999997633112368,4.2522209556584665,57.730619834331925,11.530666555192575
3529807,MINEIROS DO TIETE,678608.0,11349,59.79451934091109,1.233588862454842,15.596087761036214,0.5286809410520751,19.239160159882545,46.04570687044912,35.405233941316425,9.336973022909548,4.107499642489824,48.2140521927826,11.580467148128484
3519303,IBATE,1596707.0,33110,48.22431289640592,1.7517366354575656,10.027182120205376,0.4228329809725158,17.564982270368827,28.091272751927725,52.23471837582989,10.407620832440994,3.8963876660002614,36.616663596975755,11.607649299430165
3550308,SAO PAULO,1233023612.0,11895578,103.65394703813467,1.6574226153617757,26.865277164337872,2.3653327312048225,44.52711794013587,63.1932271742453,20.046993926939635,16.29167737644881,4.650659164742006,91.48732290058018,12.166624137554493
3519006,HERCULANDIA,548221.0,9302,58.93582025370888,1.7200602021070737,16.233068157385507,6.020210707374758,27.921854495610418,3.7303805633197076,33.87425183813056,9.138092207768558,4.09327432728676,46.32683836455522,12.608981889153661
3502903,ARACOIABA DA SERRA,1729428.0,33656,51.38542904682672,1.129070596624673,10.993582125029713,1.218207748989779,12.412530328949638,28.89251401274372,18.976109425894975,10.423976337213075,3.958628481032469,38.67360268211104,12.711826364715684
3523404,ITATIBA,7156119.0,126403,56.613521830969205,1.819577066999992,14.60408376383472,0.8385876917478224,26.57325590122058,13.044864441508503,12.22113939341491,11.747238405763804,4.053757294161317,43.80950793049899,12.804013900470217
3502507,APARECIDA,2334493.0,33223,70.26737501128736,1.3845829696294736,20.58814676579478,1.9865755651205488,28.505997388151577,16.5979858447741,23.22601364234624,10.411027785310589,4.266438649227332,57.27373247402818,12.993642537259177
3522208,ITAPECERICA DA SERRA,9915248.0,163928,60.48538382704602,0.5429212825142746,18.45932360548533,1.2139475867454004,10.02195964623612,35.40909220308106,37.944842993400854,12.00718868623719,4.118799485217694,47.49021425845134,12.995169568594683
3510005,CANDIDO MOTA,2063300.0,30172,68.38459498873128,2.883468116134164,18.858544345751028,0.6297229219143576,54.37801133767531,9.120160876836263,8.687500532117387,10.314702763735975,4.23966486864706,55.163837261392445,13.220757727338835
3507407,BORBOREMA,1106482.0,14415,76.75907041276449,2.705515088449532,23.17030870620881,0.9712105445716267,62.68761980868149,25.829641742232834,25.72209503988902,9.57609397984812,4.353615205512369,63.47740098790257,13.281669424861917
3533502,NOVO HORIZONTE,3011315.0,39435,76.36148091796628,3.2965639660200328,23.53239508051224,1.5722074299480158,77.57604565656375,28.67382620638007,71.22482239330903,10.582434383694933,4.348488994161995,62.67737060576222,13.684110312204055
3520103,IGARAPAVA,1887848.0,26755,70.56056811810876,2.8032143524574846,19.360867127639693,1.4950476546439917,54.272660608221905,34.865270510185,22.662646034393767,10.194514026238298,4.270544197654683,56.74459495948102,13.815973158627742
3531902,MORRO AGUDO,2102601.0,28561,73.61790553552046,3.116137390147404,24.08879240922937,1.890690101887189,75.0639867098986,37.7578737291743,51.27761632996045,10.259832442012879,4.312380498992767,59.79454414604161,13.823361389478855
3506805,BOCAINA,666852.0,11467,58.15400715095491,1.8313421121479023,13.6914624574867,1.4825150431673497,25.073751775287402,15.109008459056394,34.4651363695823,9.34731582700326,4.080144333708041,44.25773692669827,13.89627022425664
3512209,CONCHAL,1613527.0,29034,55.57370668870979,1.515464627677895,14.018047806020526,0.9299442033477991,21.24385559912183,5.3100066028558635,16.780175450681515,10.27625727780615,4.035544331138283,41.53943102402671,14.03427566468308
3518602,GUARIBA,2180535.0,38609,56.47737574140744,1.502240410267036,14.426688077909295,0.4662125411173561,21.672353816953017,27.86882592141728,9.559701635527889,10.561266589258283,4.051391405008669,42.195503872774246,14.281871868633196
3509205,CAJAMAR,6062353.0,97363,62.26547045592268,1.1400634738042172,15.847909370089257,0.3492086316157062,18.067622608998363,7.266400700764895,6.688557849713331,11.486211811451804,4.147339689888338,47.59792579421608,14.6675446617066
3547809,SANTO ANDRE,79498268.0,778711,102.0895659622119,1.137777686458776,23.066323706741013,2.043119976473942,26.24434842216501,18.167109278759966,6.6862053654657405,13.565396551745557,4.635598182819208,87.00637259548759,15.083193366724316
3529906,MIRACATU,1092632.0,18679,58.4952085229402,1.0171850741474382,16.27496118635901,0.0,16.55464760109327,10.257211009392593,14.635656211931641,9.835208711782833,4.0858957802827325,43.39409544215273,15.10111308078747
3526100,JUQUIA,1056448.0,17255,61.2256157635468,0.927267458707621,13.677195015937407,0.0,12.682417864676818,15.148073022312373,5.71166454849215,9.755915188068993,4.130766743962777,45.6893139077902,15.536301855756598
3535101,PALMARES PAULISTA,660536.0,9709,68.03337109898033,2.471933257802039,19.775466062416317,0.0,48.88363224822243,88.01799018093178,81.7086616513703,9.18091156128537,4.234590026797214,52.29050792900877,15.742863169971557
3517208,GUAICARA,658559.0,11459,57.47089623876429,1.30901474823283,14.311894580678942,0.0,18.73448108126225,16.090907957562987,58.657574208669416,9.346617990268731,4.068529130251466,41.59201941663052,15.878876822133769
3530607,MOGI DAS CRUZES,47126642.0,468120,100.67213962231908,0.8972058446552166,24.888917371614117,1.606425702811245,22.330482132952937,44.94869473366529,14.236018522884955,13.056482088490814,4.621753318841073,84.74783587788704,15.924303744432038
3524006,ITUPEVA,4506383.0,74119,60.79929572714149,0.9714108393259488,14.422752600547769,0.4182463335986724,14.01041820908862,5.916710667522529,20.96684156365553,11.213440680399296,4.123891968397763,44.73798569601633,16.06131003112516
3528502,MAIRIPORA,5248595.0,97399,53.88756558075545,0.554420476596269,11.868705017505311,0.32854546761260384,6.580253092385824,-7.3178866180317765,20.012871369691485,11.486581489630627,4.005286830708447,37.81615014194863,16.071415438806817
3505203,BARIRI,1842206.0,32405,56.84943681530628,3.0859435272334514,15.02854497762691,1.6355500694337293,46.37724109744455,65.0933728211281,61.76671656998768,10.386098869820946,4.057843718333979,40.03152541953614,16.81791139577014
3546702,SANTA GERTRUDES,1417225.0,24107,58.78894097150205,1.9081594557597377,15.140830464180528,0.0,28.89111881828117,20.77782009751977,41.50071423739185,10.090299014602934,4.090820710267339,41.57874899467811,17.210191976823943
3530201,MIRANTE DO PARANAPANEMA,1228373.0,16069,76.44364926255523,1.5557906528097578,22.776775157134857,1.4313274005849774,35.435893890619916,14.599539485966789,31.073223287074498,9.684709458731557,4.349550565599706,58.75541300384869,17.68823625870654
3527405,LUCELIA,1289698.0,20372,63.3073826821127,2.012566267425879,15.315138425289613,1.7671313567641862,30.822730975695766,16.633511424349244,16.70241467187815,9.921965773781901,4.163674440859738,45.54666486427684,17.76071781783586
3547908,SANTO ANTONIO DA ALEGRIA,498762.0,6917,72.10669365331792,3.0359982651438484,22.55312996964001,0.8674280757553853,68.4712634613908,1.5469134017637653,23.760300708399566,8.841881989497114,4.29191993100844,52.9160320562816,19.190661597036318
3537602,PERUIBE,4779938.0,70543,67.75921069418652,1.3183448393178627,13.906411692159391,0.07087875480203563,18.33344608778792,27.617611480468184,6.979599967818231,11.163991907597719,4.230610701306624,48.05702805811709,19.70218263606943
3557204,CHAVANTES,743605.0,12411,59.9149947627105,2.0143421158649586,12.972363226170334,3.3840947546531304,26.13077758877273,25.070501974055297,5.980793778015264,9.42641902556827,4.109479363829358,40.16711858029506,19.74787618241544
3550704,SAO SEBASTIAO,6715119.0,84019,79.92381485140265,2.463728442376129,23.839845749175783,0.7855366048155774,58.734906034104036,13.451599635186628,24.47931310069633,11.338810144723373,4.393508154680696,60.072861085353736,19.850953766048917
3514403,DRACENA,3728648.0,46664,79.90416595234014,5.421738385050575,27.55871764100806,2.721584090519458,149.4161572770238,16.53533773358479,37.32024036779221,10.750749697999847,4.39326531782317,60.02929032459902,19.87487562774112
3525706,JOSE BONIFACIO,2166195.0,37859,57.21743838981484,2.060276288333025,11.780554161493964,1.162207137008373,24.271196402348956,14.245350006137311,2.826239760984482,10.541650424763313,4.0641849385486575,37.228187456907385,19.989250932907453
3557303,ESTIVA GERBI,749055.0,11566,64.76353103925298,1.3833650354487292,15.476396334082656,0.0,21.409505563316838,22.44908817621943,21.97732370978708,9.355911495295402,4.186065445158741,44.74385839167904,20.01967264757394
3500709,AGUDOS,2679868.0,38879,68.92841894081639,0.9773913938115693,14.969520821008771,1.0288330461174413,14.63108081993707,-21.846120505901283,-5.764735092939419,10.568235258574376,4.247472132291249,48.90153350053906,20.026885440277326
3545605,SANTA ADELIA,1107368.0,14203,77.96719003027529,2.6754910934309653,21.474336407801168,1.0561149053016967,57.454395796412335,13.086500568018566,58.41374862339741,9.561278894062978,4.369032450126951,57.88523572946516,20.081954300810132
3505401,BARRA DO TURVO,302062.0,6922,43.63796590580757,1.1557353366079168,13.724357122219011,0.0,15.86172449837505,9.881537127997682,-9.228295416001913,8.842604480678025,3.7985847504086907,23.480459021492994,20.157506884314575
3524303,JABOTICABAL,5742565.0,73467,78.16523064777383,3.253161283297263,24.22856520614698,1.4836593300393375,78.81943027848052,36.473613857205464,41.40095097011537,11.204605216248426,4.371537195456054,57.7069527579026,20.458277889871226
3507803,BRODOWSKI,1772944.0,26167,67.75495853556005,2.178316199793633,16.776856345779034,0.0,36.54529795962108,1.4105205376653842,-4.113525282662457,10.17229256921822,4.23054885809946,47.09767114056487,20.65728739499518
3500402,AGUAS DA PRATA,329005.0,7470,44.04350736278448,0.8032128514056225,13.25301204819277,0.0,10.644989596941985,32.72289156626506,36.87048192771084,8.918784137975802,3.8076288529750535,22.951468624920878,21.092038737863604
3518305,GUARAREMA,1913410.0,32436,58.99031939819953,0.6782587248735973,13.842643975829326,0.6474287828338883,9.388894051925181,-23.469807210095777,-4.372755391464761,10.387055025531255,4.094183205841519,37.568394802677396,21.421924595522135
3531100,MONGAGUA,3729006.0,64519,57.79702103256405,0.6819696523504705,9.051597203924423,0.2789875850524651,6.172914598376829,-13.171920371282603,1.7514190868026236,11.074730532239146,4.074091190909687,35.885186739737996,21.91183429282605
3548708,SAO BERNARDO DO CAMPO,82574964.0,840499,98.24516626432631,1.1778717166825898,25.46820400738133,1.6121375516211203,29.998277174996662,15.593827637863654,14.674248543412979,13.641752231830807,4.597593215754853,76.2297977665375,22.015368497788813
3541901,QUELUZ,571362.0,9146,62.4712442597857,1.2027115678985347,17.712661272687512,1.312048983162038,21.303222610929655,65.82987098184996,57.56269266310675,9.121181235656364,4.150586957030206,39.90433728752008,22.56690697226562
3508801,CAFELANDIA,1133415.0,16905,67.04614019520852,2.7210884353741496,14.61106181603076,1.7154687962141377,39.757991336138126,5.9863945578231395,3.883489903898054,9.735423867488873,4.2201860073596364,44.239379119872304,22.80676107533622
3532009,MORUNGABA,910601.0,14081,64.66877352460763,1.7044244016760173,13.351324479795467,0.7811945174348414,22.756323238057753,31.960324787538724,20.041327709954622,9.552652665079078,4.184623523686275,41.45880184128081,23.20997168332682
3556354,VARGEM,532654.0,10805,49.29699213327164,0.5552984729291994,9.90282276723739,0.0,5.499022360335432,100.6848681166127,19.296004935986424,9.28785681440401,3.917945276774382,25.921421851943865,23.37557028132777
3549409,SAO JOAQUIM DA BARRA,4096330.0,49815,82.23085416039346,4.235671986349494,25.97611161296798,1.7866104586971796,110.02628827333623,16.34199663755897,24.649881540772732,10.816091496552287,4.421618122355751,58.45564610499582,23.77520805539764
3546900,SANTA LUCIA,319279.0,7181,44.46163486979529,0.6962818548948615,12.11530427517059,1.1140509678317785,8.435666533331425,3.154156802673729,47.524574934234764,8.879333174786028,3.8168687805977086,20.619513577701582,23.842121292093708
3509502,CAMPINAS,180357048.0,1185977,152.07465912070808,2.38621828247934,34.29493152059442,2.345745322211139,81.83519259081939,46.16477181798601,14.654210687521797,13.98607830862071,5.030925770483917,128.17470755170282,23.899951569005253
3522406,ITAPEVA,7695035.0,92324,83.34815432606906,3.671851306269226,22.78930722239071,1.4622416706381873,83.67894749350604,24.010918532052276,9.343899706182057,11.433070239720763,4.434952927615286,59.087253879032055,24.26090044703701
3534757,OUROESTE,901179.0,10596,85.04898074745186,3.2087580218950547,26.519441298603248,2.0762551906379767,85.09447000306818,14.57405310179941,10.535507856279384,9.268326221174837,4.454916677700144,60.72354509123537,24.32543565621649
3552601,TABAPUA,983681.0,11499,85.54491694929995,2.000173928167667,24.26297938951213,2.000173928167667,48.53017879457162,19.638974817686023,32.50751483115733,9.350102314351341,4.460663550253428,61.167959694991005,24.37695725430894
3550209,SAO MIGUEL ARCANJO,2402183.0,32904,73.00580476537807,1.975443715049842,15.955506929248724,1.549963530269876,31.519205883818596,8.883165167355548,14.213110315407906,10.40137990089022,4.304143532903075,48.335812643686495,24.66999212169158
3516705,GARCA,3647584.0,43115,84.60127565812363,1.9018902934013684,23.75043488345124,1.5075959642815726,45.17072156889718,12.665445127372516,26.22106117665736,10.67164943690152,4.4497001855848275,59.85497126261028,24.74630439551335
3511003,CASTILHO,1481112.0,20418,72.53952394945637,1.763150161622098,17.680478009599373,1.028504260946224,31.173337660181083,18.577358213341164,27.258049245681644,9.924221118923034,4.297823002496943,47.4651200786201,25.074403870836264
3503406,AREALVA,563830.0,8280,68.09541062801932,1.5700483091787438,17.632850241545892,3.260869565217391,27.68442670774113,-2.825224292615609,18.44081189379469,9.0217190130337,4.235488312186184,43.00721979291804,25.08819083510128
3539509,PITANGUEIRAS,2728482.0,34416,79.2794630404463,2.382612738261274,19.5258019525802,0.9879125987912599,46.52242445698444,30.174368929599055,28.571363671468646,10.446305907338292,4.385513835321393,54.18013910466744,25.099323935778862
3517802,GUARACAI,588792.0,7486,78.65241784664707,1.7365749398877903,21.37323002938819,3.072401816724552,37.11621565349271,-4.39576097604418,34.732926398998224,8.920923462230686,4.377672391785435,53.26363143158677,25.388786415060302
3519907,IEPE,643406.0,7739,83.13813154154283,3.230391523452642,22.741956325106603,1.679803592195374,73.46542293935457,26.56981645223018,21.507023794141002,8.954156966583772,4.432459871373648,56.93716921901605,26.200962322526784
3514106,DOIS CORREGOS,1846821.0,24855,74.30380205190103,2.0519010259505133,16.616374974854157,1.448400724200362,34.09515685848168,20.948651112623452,27.51802002863144,10.120854451072884,4.321530625588285,48.07254939998432,26.231252651916712
3556602,VERA CRUZ,625186.0,10294,60.73304837769575,1.8457353798329124,14.280163201865165,0.0,26.357402451470577,-9.357613437660069,13.443296494817092,9.23941361946189,4.12281941762126,34.417374072577864,26.315674305117888
3548104,SANTO ANTONIO DO JARDIM,377314.0,6237,60.49607182940516,1.282667949334616,14.911014911014911,0.0,19.12588091840938,-15.543441469367384,31.88458860100653,8.738414897167749,4.118973300079926,33.85875010624325,26.63732172316191
3526704,LEME,7573609.0,101316,74.75234908602788,2.270125152986695,17.687235974574598,0.9179201705554898,40.15223927269294,12.198537666839611,13.605149039133128,11.526009494518151,4.327469454945318,47.742264483220076,27.0100846028078
3536604,PAULO DE FARIA,462525.0,7430,62.25100942126514,1.3458950201884252,15.074024226110364,3.230148048452221,20.28805414012162,50.95895020188426,20.7671601615074,8.91341571815747,4.147111086709771,35.1198464879451,27.13116293332004
3511706,CHARQUEADA,1058197.0,15798,66.98297252816812,1.519179642992784,12.849727813647297,1.329282187618686,19.521044912491146,15.847355471523619,50.24758408237329,9.66770192587285,4.219257269822263,39.562023381826215,27.420949146341904
3547007,SANTA MARIA DA SERRA,355263.0,5314,66.85415882574333,1.6936394429808057,15.619119307489653,1.1290929619872037,26.453156523787523,33.331765148663955,78.85311527012698,8.57828829077605,4.217360678812819,38.21958747613777,28.634571349605558
3550902,SAO SIMAO,1110603.0,13590,81.72207505518764,2.869757174392936,18.69021339220015,1.177336276674025,53.636373973201316,26.646483759066523,64.0278613954111,9.517163087955348,4.4154864957354745,52.65081883221959,29.071256222968053
3537107,PEDREIRA,3120519.0,44332,70.38976360191283,1.782008481458089,12.88008661914644,1.7143372733014526,22.952423597233796,28.388469887639257,21.350231470235066,10.699484599710523,4.268154492147531,41.27970106660937,29.110062535303463
3509403,CAJURU,2043185.0,24217,84.36986414502209,3.262171202048148,19.531733905933848,1.899492092331833,63.715859874004785,15.754882933476496,21.165042992684725,10.094851437314311,4.446993159654217,55.03008472764245,29.33977941737964
3535002,PALESTINA,984145.0,11689,84.19411412439045,1.9676619043545212,18.821113867738894,0.0,37.0335887550684,45.224379996387846,39.68631158263195,9.366489054466115,4.444932348401866,54.18376698757487,30.010347136815582
3556107,VALENTIM GENTIL,1064263.0,14531,73.24086435895671,1.5828229302869727,13.90131443121602,0.0,22.003319242857923,20.751802659448394,24.766568476770175,9.584108393341092,4.307314731176288,43.188750554543624,30.05211380441309
3500303,AGUAI,2363632.0,32888,71.8691315981513,2.189248358063732,14.838238871320849,0.7297494526879105,32.484590085596615,22.667565953871026,38.56891709603947,10.40089353434265,4.288665114473145,41.584302421276874,30.284829176874425
3550803,SAO SEBASTIAO DA GRAMA,882535.0,10484,84.17922548645555,3.052270125906143,19.64898893552079,2.384586035864174,59.97402193215045,23.48467506040954,24.85852288503447,9.25770094333602,4.4447575717847405,53.55402277433058,30.625202712124967
3543808,RINOPOLIS,646817.0,9357,69.12653628299668,0.9618467457518436,15.389547932029496,1.8168216308645933,14.802386597014584,-13.084030429333401,-13.08403042933341,9.143986871426161,4.250301271381807,37.971333037775175,31.155203245221507
3544608,SABINO,339871.0,5185,65.54889103182256,1.3500482160077143,15.429122468659596,0.0,20.830059263378427,52.231436837029875,27.925577173974702,8.55371796609861,4.197936881018171,34.132355298732016,31.416535733090548
3504602,BADY BASSITT,1898162.0,28909,65.65989830156698,0.5534608599398112,14.18243453595766,0.0,7.849422414311204,-16.920912749201516,-23.282824835974363,10.271942835010393,4.199603547249372,34.23043949112704,31.42945881043994
3549904,SAO JOSE DOS CAMPOS,91199548.0,724756,125.8348299289692,2.068282290867548,29.189133998200774,1.690224020221978,60.37136893423852,40.939483907537124,22.79021160616999,13.49359170524019,4.8428856882667946,93.5752544330695,32.259575495899696
3536208,PARIQUERA-ACU,2903602.0,19576,148.32458111973847,1.6857376379239886,82.95872496935023,7.458111973845525,139.84664507501827,15.077751786142073,3.8794356874273572,9.882110686776542,5.006122333456146,114.971246401522,33.35333471821647
3521705,ITABERA,1439032.0,18258,78.81651878628547,1.4788038120276044,15.116661189615511,0.6572461386789353,22.35457619233316,11.906871079741101,42.99211304633586,9.812413388136733,4.379730485368141,45.333212241230946,33.483306545054525
3554102,TAUBATE,44153487.0,321298,137.4222279628258,2.9723185329507187,28.29771738386171,1.4503669490628637,84.10982982025388,11.269455279025618,12.972544687537486,12.680127432743053,4.930308636955515,103.77994764875069,33.642280314075094
3555356,UBARANA,394117.0,5456,72.23552052785924,0.5498533724340177,20.89442815249267,0.0,11.488871784728374,18.914956011730215,88.28201368523946,8.604654467186231,4.293680556382879,37.42793076318503,34.807589764674205
3531308,MONTE ALTO,4578024.0,48725,93.95636736788096,5.048742945100051,21.528989225243716,1.990764494612622,108.69433246608423,16.073329358090778,38.56470126950996,10.793968047510466,4.553417495229774,59.00882577639697,34.94754159148399
3531506,MONTE AZUL PAULISTA,1602950.0,18363,87.29238141915809,2.8317812993519578,18.406578445787726,2.178293307193814,52.12340462783651,30.731601058863077,28.560781115081213,9.818147505369113,4.480653823243789,51.93195518939454,35.36042622976355
3538204,PINHALZINHO,1079006.0,15605,69.1448894585069,1.6020506247997437,9.612303748798462,0.0,15.399397226527494,38.523977357684494,51.1170662083831,9.655410734676707,4.250562952269671,33.184350168012166,35.96053929049473
3540606,PORTO FELIZ,4814668.0,58345,82.52066158196932,1.6453852086725511,16.128202930842406,0.9255291798783101,26.537106544877382,-7.964692775730582,-6.2714024913013535,10.974146083522585,4.42509404534301,46.52715241269757,35.99350916927175
3529005,MARILIA,41179113.0,246627,166.9692004525052,4.358809051725886,33.232371151577084,2.7207077894958784,144.8535601858084,8.07749580056747,20.751592606845616,12.415636407467861,5.123780631956293,130.80746003191405,36.161740420591144
3516606,GALIA,590091.0,6435,91.7002331002331,2.0202020202020203,22.377622377622377,5.283605283605284,45.20731793459066,17.887970615243347,35.51128117165853,8.769662508112274,4.5293709871342696,54.76687499754406,36.93335810268905
3506409,BILAC,611004.0,7455,81.958953722334,1.743796109993293,16.901408450704224,4.024144869215292,29.472610309745797,42.93896713615022,35.824357912178925,8.916774356365426,4.418345952008738,44.080504466131536,37.878449256202465
3520426,ILHA COMPRIDA,1120557.0,13955,80.29788606234325,0.9315657470440702,16.338230025080616,0.0,15.220135458692083,-10.321270751224178,19.45521091755144,9.543664802306665,4.39812001452252,40.8968001034233,39.40108595891995
3515350,EUCLIDES DA CUNHA PAULISTA,651244.0,7928,82.14480322906155,2.144298688193744,16.64984863773966,0.0,35.70224859252954,42.13637018884245,33.19878910191727,8.978282203272398,4.4205837049373,42.6250107100065,39.51979251905505
3532207,NARANDIBA,462006.0,5908,78.20006770480704,1.015572105619499,17.095463777928234,0.0,17.361676145492453,0.5416384563304011,4.472278642894768,8.684231891345675,4.3719771536786896,38.19083559027159,40.00923211453545
3547304,SANTANA DE PARNAIBA,14081681.0,162341,86.74137155740078,0.4065516412982549,17.962190697359265,0.24639493412015448,7.3025581093236545,20.366665832779027,-15.367687851964899,11.997460500061873,4.47439352768109,46.608276052580976,40.133095504819806
3526803,LENCOIS PAULISTA,6620268.0,68395,96.7946194897288,4.29855983624534,20.63016302361284,0.9942247240295344,88.67999018849588,32.84078270828765,35.32803070951619,11.133069622368483,4.582869560084921,56.60113830896748,40.193481180761324
3509908,CANANEIA,971021.0,12489,77.7501000880775,0.720634158059092,12.971414845063656,0.0,9.347644615707654,12.977420129714151,-0.19172700197032416,9.432683603119623,4.366279548664649,37.341559225462625,40.40854086261488
3523800,ITOBI,485863.0,8210,59.17941534713764,0.97442143727162,9.25700365408039,0.0,9.020222805437653,27.681688997157938,8.624720490119461,9.01322999770879,4.097330356085543,18.206376772135005,40.97303857500263
3504206,AURIFLAMA,1237701.0,13873,89.2165357168601,2.378721257118143,15.858141714120956,2.162473870107403,37.72209879377146,17.524176690391876,17.904513831784737,9.537771863945247,4.502212733070333,47.966534664304646,41.25000105255545
3502309,ANHEMBI,521711.0,5766,90.48057578910856,1.5608740894901143,20.11793270898369,0.0,31.401559899558308,-1.934537886671077,51.125035817159,8.659907293615413,4.516126663287686,48.9314141723652,41.549161616743355
3553500,TAPIRAI,533219.0,8122,65.6511942871214,1.2312238364934749,11.450381679389311,0.0,14.097982860612305,-13.534507846253693,-0.6132601423792852,9.002454823050954,4.1994729652506955,23.408689405036654,42.242504882084745
3512308,CONCHAS,1315968.0,15381,85.55802613614199,2.925687536571094,17.164033547883754,0.7151680644951564,50.216599028331636,26.347906043634534,75.8877064923817,9.640953273616999,4.460815011420216,42.9281809105278,42.62984522561419
3505708,BARUERI,41361086.0,330339,125.20800147727032,1.5166238318817942,28.62816682256712,1.334992235249244,43.418160066192996,5.523818973299833,5.596897968341205,12.707877706075081,4.83793135124516,81.60113246199471,43.606869015275606
3553807,TAQUARITUBA,2190644.0,24863,88.10859510115432,1.1261714193781929,14.640228451916505,1.4881550898926115,16.487406855715815,38.056761579773,17.182199691422404,10.121176253167373,4.489855795605994,44.22324907362953,43.88534602752479
3519709,IBIUNA,6301612.0,77651,81.15300511261928,0.7598099187389731,9.413916111833718,0.4893691002047624,7.152786835947887,3.1049181594570454,38.547233776770426,11.259992584845266,4.40858342461299,35.76467044926162,45.38833466335766
3535309,PALMITAL,2072206.0,19767,104.83158800020236,2.3777002074164013,25.294683057621288,1.4165022512267922,60.14317315263827,4.0686745685272685,25.47287004716053,9.891819747668446,4.661849038191982,58.994819939943085,45.836768060259274
3529500,MENDONCA,614299.0,6369,96.45140524415136,1.2560841576385615,19.15528340398807,0.0,24.06064801882627,-11.477468990422377,4.851929933674493,8.759354748566208,4.579353846005079,49.946396822927426,46.505008421223934
3519204,IACRI,416031.0,6207,67.02609956500724,1.127758981794748,14.01643305944901,0.0,15.80715827551846,41.398421137425515,22.040303957897002,8.733594061863055,4.219891448669612,20.401183294664985,46.624916270342254
3508405,CABREUVA,4321925.0,48473,89.16149196459885,0.9077218245208672,13.61582736781301,0.20630041466383348,12.359383660672382,16.02954221937986,35.972119788335775,10.788782850707763,4.501602417560431,42.50327096625723,46.65822099834162
3501004,ALTINOPOLIS,1695399.0,17156,98.82251107484262,2.8561436232221964,17.078573093961296,1.1074842620657497,48.77885763605173,5.2943311642892095,0.373744259835568,9.750161532583427,4.603393719754335,51.658761932739516,47.16374914210311
3548005,SANTO ANTONIO DE POSSE,2552992.0,23779,107.36330375541444,1.934480003364313,19.84944699104252,0.0,38.398358282011685,64.030086570984,45.452336562139344,10.076600170244772,4.685489505451039,60.15086971293604,47.21243404247839
3517406,GUAIRA,3877073.0,40424,95.91017712250148,2.350089056006333,15.609538887789432,1.484266772214526,36.68380650949921,21.273408123886803,48.139906644738176,10.607203684445308,4.5737845404457635,48.00206094729354,47.90811617520794
3551108,SARAPUI,862755.0,10632,81.14700902934537,0.9405568096313016,13.826185101580135,0.0,13.004312548514045,9.658473371791644,8.267283784239083,9.271717651651086,4.408510435169771,33.001255349597486,48.145753679747884
3555505,UBIRAJARA,364730.0,5265,69.27445394112061,0.9496676163342832,12.915479582146247,0.0,12.265412708590931,-23.58341247230135,-30.71562730821991,8.569026340056254,4.25240834644751,21.102133264118464,48.17232067700215
3534104,ORIENTE,664253.0,6180,107.48430420711972,2.103559870550162,25.24271844660194,0.0,53.099569547868164,15.15237324703343,163.20542456464787,8.729235349659273,4.686605500830471,58.01113130050058,49.47317290661914
3513900,DIVINOLANDIA,1640191.0,11314,144.97003712214956,1.237404984974368,66.81986918861588,1.7677214071062402,82.68323922932848,-55.984307195766604,8.19716557163984,9.333884558067638,4.983401375456009,94.20163317635935,50.76840394579021
3528809,MARACAI,1264535.0,12826,98.59153282395135,1.3254327147980665,17.152658662092627,1.3254327147980665,22.734694936502002,24.316752429959983,20.660377358490603,9.45930760329985,4.601077149169127,47.445088270419454,51.1464445535319
3517000,GETULINA,985504.0,10355,95.17180106228876,1.834862385321101,15.644616127474649,2.897151134717528,28.7057176650911,17.074413863404693,52.26984425766638,9.245321340871428,4.566136186450541,43.96444953346453,51.20735152882423
3555109,TUPI PAULISTA,1804780.0,16206,111.36492657040604,3.455510304825373,22.58422806368012,2.1596939405158584,78.04003280057303,20.328547725807987,-1.6958739561479264,9.69319852665812,4.7217518475760505,59.950458976377256,51.414467594028785
3552304,SUD MENNUCCI,852828.0,7466,114.22823466380927,1.339405304045004,25.98446289847308,2.4109295472810075,34.80372742897546,15.15909158555823,16.224146767852424,8.918248591035702,4.746914810799303,61.8616479435813,52.36658672022797
3507704,BRAUNA,392216.0,5466,71.75557994877424,0.7317965605561654,12.074643249176727,0.0,8.83618239969025,41.35870228076593,24.950995766034197,8.606485298894999,4.287105603437076,19.198822574536774,52.55675737423746
3517703,GUARA,2032856.0,18790,108.1881852048962,3.193187865886109,20.11708355508249,2.0223523150612026,64.2376271051064,19.850984566258624,40.648655417462344,9.841133310789152,4.693072863363044,55.397128311480195,52.791056893416005
3539905,POLONI,582035.0,5696,102.18311095505618,1.9311797752808988,21.594101123595507,0.0,41.702091355258176,32.30727215980025,51.305940372829426,8.647694999480395,4.636505186118484,49.17020030238913,53.01291065266705
3548807,SAO CAETANO DO SUL,26757484.0,172109,155.46824396167546,3.8173483083394815,42.43241201796536,5.1130388300437515,161.97929623554396,58.90615414584628,32.30702446896735,12.055889086264026,5.052853075407476,101.9757317193121,53.49251224236336
3550407,SAO PEDRO,4381605.0,39725,110.29842668344872,2.4417872876022657,20.99433606041536,1.434864694776589,51.26370290397206,3.0604592620779547,16.343879438313998,10.5897611641529,4.712215122363517,56.45435171469639,53.84407496875234
3543402,RIBEIRAO PRETO,110359536.0,728400,151.5095222405272,3.747940691927512,29.82701812191104,2.5878638110928063,111.78989493796969,8.697223492068957,20.933016056968018,13.498606999706697,5.027227035019603,96.47070642460486,55.038815815922334
3521903,ITAJOBI,1801703.0,17420,103.4272675086108,2.0091848450057403,15.843857634902411,2.0091848450057403,31.833238646474417,2.6760428626100166,-11.671934036113136,9.76543165404016,4.648490824378858,47.65426931932487,55.77299818928593
3531209,MONTE ALEGRE DO SUL,752933.0,8873,84.85664375070438,2.0286261692775835,14.651189000338103,0.0,29.721785417117754,10.6412712723994,8.964888374332755,9.090880931938855,4.452678972243248,28.91718456232103,55.93945918838335
3534401,OSASCO,113413818.0,756952,149.82960346230672,1.5985161542607722,22.45452816030607,1.186336782253036,35.89392600055267,6.6835384444172234,0.589058490402119,13.537056443305834,5.016150745739423,93.8309945231901,55.99860893911662
3517505,GUAPIACU,2134416.0,22316,95.64509768775768,1.030650654239111,13.8913783832228,0.0,14.317158218951622,8.399909524663066,15.345441485053362,10.013103998859451,4.571045482047771,38.695323846382365,56.94977384137532
3508108,BURITAMA,1861411.0,17597,105.78001932147524,1.818491788373018,17.84395067341024,1.0797294993464794,32.44907777172971,21.79698462587591,-23.652442990966613,9.775540538205506,4.670770824018598,48.71661091013349,57.06340841134175
3528007,MACATUBA,1777906.0,17120,103.84964953271027,2.2196261682242997,15.30373831775701,1.4018691588785046,33.96857804175038,19.74189544392526,5.254356406151088,9.748061059204817,4.652527414783547,44.13808610340998,59.71156342930029
3505104,BARBOSA,500417.0,5659,88.42852094009542,0.5301289980561937,16.08057960770454,0.0,8.524781555595268,33.097720445308376,80.77451582870236,8.641179171197228,4.493439657477003,27.524636582300257,60.903884357795164
3517901,GUARACI,1111699.0,10542,105.45427812559286,1.8023145513185357,18.118004173781067,0.0,32.65434256325558,7.968127490039864,28.88695219123507,9.26321741157695,4.667715579593394,43.49536221798669,61.958915907606176
3542602,REGISTRO,10019940.0,61732,162.3135488887449,2.316464718460442,36.26968185057992,3.6933843063565086,84.01743835665343,12.753920171062006,4.91265606195153,11.030573912943494,5.09567196584724,100.2717737517761,62.041775136968795
3500758,ALAMBARI,583837.0,6330,92.23333333333332,1.5797788309636651,15.00789889415482,0.0,23.709160970228783,23.045023696682478,16.89277251184836,8.753213480544126,4.535105311539804,29.120930609078385,63.112402724254935
3546603,SANTA FE DO SUL,4379169.0,36098,121.31334145936064,3.989140672613441,24.350379522411213,1.412820654883927,97.13708934642402,9.023214582525334,3.8485106394015687,10.494020443106272,4.806586124718614,57.6680256921708,63.64531576718984
3512506,COROADOS,435205.0,5498,79.15696616951618,0.3637686431429611,11.276827937431792,0.0,4.1021563977561994,12.713714077846513,31.853778732575133,8.612321536507814,4.383986789433657,14.982345553136039,64.17462061638014
3516408,FRANCO DA ROCHA,19386324.0,149786,129.42680891405072,0.821171538060967,24.761993777789648,1.3285620819035155,20.33384451596362,21.593248735797665,18.134320089293468,11.916969563922946,4.870812218193537,65.22241368908296,64.20439522496777
3524204,JABORANDI,728323.0,6293,115.73542030827905,2.0657873828062927,21.77022088034324,1.430160495788972,44.972647615519165,59.82308384978019,19.35909290537793,8.747352077624353,4.759910009164427,50.98547763483213,64.74994267344692
3518503,GUAREI,1528842.0,15268,100.133743777836,1.2444328006287662,12.7718103222426,0.0,15.893659688407743,84.21434473307676,43.731413942243606,9.633579908183512,4.616443836687355,35.192081306931414,64.94166247090459
3537701,PIACATU,524187.0,5623,93.2219455806509,1.4227280810955003,12.626711719722568,0.0,17.964377335546953,73.37364396229766,9.906506440385144,8.6347984334905,4.545653122396961,25.93496860755171,67.28697697309919
3506359,BERTIOGA,7170161.0,66873,107.2205673440701,1.4654643877200066,12.591030759798423,0.2691669283567359,18.451707183171767,93.89266221045864,14.258854442209179,11.110565530815478,4.684171434707501,39.38854130554995,67.83202603852015
3509601,CAMPO LIMPO PAULISTA,8631425.0,79663,108.34923364673688,0.6653025871483624,11.925235052659328,0.5523266761231689,7.933889732886589,85.44129241202758,41.5417287355954,11.285573068881964,4.694546738837925,37.114522833355984,71.2347108133809
3553955,TARUMA,1789805.0,15248,117.37965634837356,1.4428121720881426,16.067681007345225,0.0,23.182645734627158,23.127987641366417,39.44386890046896,9.632269206115012,4.77389688630494,45.4660118994773,71.91364444889626
3548500,SANTOS,86176544.0,429567,200.6125796441533,4.094821064001658,46.14414049496354,3.4173947253862607,188.95199847902856,9.293695472764055,18.800152325738388,12.970535331506714,5.306347933279014,128.63695543232652,71.97562421182678
3514502,DUARTINA,1677446.0,12529,133.88506664538272,3.9907414797669407,19.873892569239363,3.9907414797669407,79.31156744049551,5.465957276989726,2.855674834384204,9.435881047890113,4.9044230576448795,61.593350726469374,72.29171591891335
3544806,SALES,657016.0,6612,99.36721113127646,0.9074410163339384,15.27525710828796,0.0,13.861394835107042,47.02813067150638,-26.120193045661,8.796792687674662,4.608835571560193,26.332375610092775,73.03483552118368
3532827,NOVA CAMPINA,889002.0,8631,103.00104275286758,1.1586142973004288,15.177847294635615,0.0,17.585270877807456,44.276445371335896,32.63308311329825,9.06323150693797,4.644400925560989,29.74341586003087,73.25762689283671
3502754,ARACARIGUAMA,2764964.0,22168,124.72771562612776,0.9022013713460844,15.653193792854566,0.0,14.122332905859405,5.300433056658234,32.38858793717541,10.006450195593953,4.834118581555343,46.379516190074746,78.34819943605302
3553856,TAQUARIVAI,721898.0,7112,101.50421822272216,0.984251968503937,13.498312710911136,0.0,13.285740857196,-2.0997375328083967,5.9972766562074575,8.869679374733515,4.6299039511240965,21.141455373288895,80.36276284943327
3503208,ARARAQUARA,47012177.0,252318,186.32113840471152,3.626376239507288,31.82095609508636,1.8825450423671717,115.39475910162578,9.173440976666091,2.3298986767949623,12.438449438967705,5.232824461622902,105.56689228943432,80.7542461152772
3552205,SOROCABA,130621690.0,757459,172.44720836375302,1.919575845029236,26.81729308120968,2.111005348144256,51.477828027759756,12.921728694795991,35.62306177592091,13.537726009690886,5.155873278525516,89.7196366393252,82.72757172442782
3549805,SAO JOSE DO RIO PRETO,118442352.0,501597,236.13050317286587,2.669473700999009,32.466302629401696,3.9733092502546863,86.6679410378628,5.78082641206148,4.949101581537016,13.12555428105207,5.468610635884101,148.64366372334945,87.48683944951642
3533908,OLIMPIA,8239118.0,56701,145.30816034990565,3.315638172166276,19.38237420856775,1.005273275603605,64.26493979313835,15.686577910231755,13.186944628285596,10.945564762462359,4.985715084665377,54.88896106367354,90.4191992862321
3553005,TAGUAI,1715457.0,13006,131.8973550668922,1.1533138551437798,14.301091803782873,1.307089035829617,16.493647320985936,10.83346147931723,10.240769171941235,9.47324295306374,4.8895770638423945,41.394620726543025,90.50273434034918
3542008,QUINTANA,952590.0,7225,131.84636678200692,3.0449826989619377,18.685121107266436,0.0,56.895870499634825,-21.111525153047637,15.47061998031809,8.885440911707585,4.889193323559416,39.47287112774475,92.37349565426217
3516200,FRANCA,58373917.0,364331,160.22220727854616,1.122605542761939,19.36974893709292,1.218672031751347,21.744587518687688,28.18403461666333,18.836591618007503,12.805820818831537,5.0827835828580366,65.40611543123252,94.81609184731364
3506003,BAURU,74419615.0,391740,189.9719584418237,2.481237555521519,28.102823301169146,3.1194159391433094,69.72978059104612,8.862443950332995,7.657730539904355,12.87835618611901,5.252126602827621,91.24876395129336,98.72319449053033
3541406,PRESIDENTE PRUDENTE,52585296.0,234083,224.6438058295562,4.686371927905913,38.23430150843932,3.8490620848160693,179.18015727224076,17.388555917231137,12.402546740012996,12.363435304282932,5.418957675550823,120.20620622340914,104.43759960614705
3538709,PIRACICABA,83268981.0,438827,189.7535498043648,2.900915394905053,25.14886276368592,1.4835003315657422,72.95472315553093,7.2227985265469075,20.946544020293523,12.991862815739394,5.250982279712848,74.9785339802226,114.77501582414222
3545159,SALTINHO,1467967.0,8371,175.36339744355513,0.8362202843148967,20.905507107872417,0.0,17.481609097492168,42.12399952215985,101.88068113943163,9.03264808356589,5.1725466245565945,59.12619887102535,116.23719857252978
3519501,IBIRAREMA,1069171.0,6461,165.48073053706855,1.0834236186348862,15.787029871536912,0.0,17.104041030917564,43.120260021668464,23.88910768495206,8.773694146384443,5.114879570212876,31.993087485945523,133.48764305112303
3502804,ARACATUBA,48359627.0,207775,232.74997954518108,2.454578269762965,23.193358199975936,1.8481530501744676,56.92991304048961,-42.54094745952053,4.6037782888206165,12.244215855308214,5.454252080661546,59.62975422581623,173.12022531936486
3504008,ASSIS,26931133.0,104642,257.36447124481566,5.150895433955773,28.30603390607978,2.369985283155903,145.80142080022364,25.52993277848713,13.835459854686153,11.558309836004828,5.554371267272516,72.31270481877566,185.05176642604
3521507,IRAPUA,1665996.0,6946,239.84969766772244,1.5836452634609846,17.852001151742012,0.0,28.27123706725628,42.545669769971525,36.433076726662314,8.846065190692881,5.484173077803374,39.83802532176846,200.01167234595397
3527009,LINDOIA,2015440.0,7147,281.998041136141,3.078214635511403,25.465230166503428,0.0,78.38744419519733,80.3174158987787,49.1716804253533,8.87458787627932,5.645439975838862,54.7852053759421,227.2128357601989
3505500,BARRETOS,45034177.0,126600,355.72019747235385,2.7804107424960502,52.72511848341232,3.3570300157977884,146.59748583065667,1.6297708853304838,-6.54264722881409,11.748795687555171,5.876951713897095,119.04674146785278,236.67345600450108
3507506,BOTUCATU,57642953.0,150442,383.15731644088754,5.091663232342032,50.06580609138405,4.393719838874782,254.91822407306591,13.60858954095146,17.23103466358832,11.921339553890363,5.951052146923991,109.58760982768557,273.56970661320196
3522901,ITAPUI,4994096.0,13984,357.129290617849,1.1441647597254003,13.01487414187643,1.7877574370709384,14.89116034539637,16.84373978424321,-3.588779478545432,9.54574060563606,5.880894068180059,41.71435713777645,315.41493348007253
3557105,VOTUPORANGA,48009386.0,100159,479.33172256112783,4.882237242783973,33.04745454726984,2.0267774238960055,161.34551336989136,20.310844219229903,10.318119719344029,11.514524186333926,6.174476953879144,87.83537309498642,391.4963494661414
3549102,SAO JOAO DA BOA VISTA,52974328.0,95762,553.1873603308202,7.100937741484096,35.9119483720056,2.025855767423404,255.0085095650029,9.253844600850723,6.667037128754736,11.469631668061934,6.317502825115058,90.0311463044747,463.1562140263455
