[2026-09-08T13:44:47.541+0000] {processor.py:161} INFO - Started process (PID=103) to work on /home/airflow/.local/lib/python3.8/site-packages/airflow/example_dags/example_branch_datetime_operator.py
[2026-09-08T13:44:47.543+0000] {processor.py:830} INFO - Processing file /home/airflow/.local/lib/python3.8/site-packages/airflow/example_dags/example_branch_datetime_operator.py for tasks to queue
[2026-09-08T13:44:47.548+0000] {logging_mixin.py:188} INFO - [2026-09-08T13:44:47.547+0000] {dagbag.py:540} INFO - Filling up the DagBag from /home/airflow/.local/lib/python3.8/site-packages/airflow/example_dags/example_branch_datetime_operator.py
[2026-09-08T13:44:47.570+0000] {processor.py:840} INFO - DAG(s) 'example_branch_datetime_operator', 'example_branch_datetime_operator_3', 'example_branch_datetime_operator_2' retrieved from /home/airflow/.local/lib/python3.8/site-packages/airflow/example_dags/example_branch_datetime_operator.py
[2026-09-08T13:44:47.620+0000] {logging_mixin.py:188} INFO - [2026-09-08T13:44:47.619+0000] {dag.py:3047} INFO - Sync 3 DAGs
[2026-09-08T13:44:47.695+0000] {logging_mixin.py:188} INFO - [2026-09-08T13:44:47.695+0000] {dag.py:3834} INFO - Setting next_dagrun for example_branch_datetime_operator to 2026-09-07 00:00:00+00:00, run_after=2026-09-08 00:00:00+00:00
[2026-09-08T13:44:47.709+0000] {logging_mixin.py:188} INFO - [2026-09-08T13:44:47.709+0000] {dag.py:3834} INFO - Setting next_dagrun for example_branch_datetime_operator_2 to 2026-09-07 00:00:00+00:00, run_after=2026-09-08 00:00:00+00:00
[2026-09-08T13:44:47.717+0000] {logging_mixin.py:188} INFO - [2026-09-08T13:44:47.716+0000] {dag.py:3834} INFO - Setting next_dagrun for example_branch_datetime_operator_3 to 2026-09-07 00:00:00+00:00, run_after=2026-09-08 00:00:00+00:00
[2026-09-08T13:44:47.757+0000] {processor.py:183} INFO - Processing /home/airflow/.local/lib/python3.8/site-packages/airflow/example_dags/example_branch_datetime_operator.py took 0.223 seconds
[2026-09-08T13:45:19.371+0000] {processor.py:161} INFO - Started process (PID=160) to work on /home/airflow/.local/lib/python3.8/site-packages/airflow/example_dags/example_branch_datetime_operator.py
[2026-09-08T13:45:19.373+0000] {processor.py:830} INFO - Processing file /home/airflow/.local/lib/python3.8/site-packages/airflow/example_dags/example_branch_datetime_operator.py for tasks to queue
[2026-09-08T13:45:19.380+0000] {logging_mixin.py:188} INFO - [2026-09-08T13:45:19.377+0000] {dagbag.py:540} INFO - Filling up the DagBag from /home/airflow/.local/lib/python3.8/site-packages/airflow/example_dags/example_branch_datetime_operator.py
[2026-09-08T13:45:19.407+0000] {processor.py:840} INFO - DAG(s) 'example_branch_datetime_operator', 'example_branch_datetime_operator_3', 'example_branch_datetime_operator_2' retrieved from /home/airflow/.local/lib/python3.8/site-packages/airflow/example_dags/example_branch_datetime_operator.py
[2026-09-08T13:45:19.698+0000] {logging_mixin.py:188} INFO - [2026-09-08T13:45:19.698+0000] {dag.py:3047} INFO - Sync 3 DAGs
[2026-09-08T13:45:19.746+0000] {logging_mixin.py:188} INFO - [2026-09-08T13:45:19.745+0000] {dag.py:3834} INFO - Setting next_dagrun for example_branch_datetime_operator to 2026-09-07 00:00:00+00:00, run_after=2026-09-08 00:00:00+00:00
[2026-09-08T13:45:19.763+0000] {logging_mixin.py:188} INFO - [2026-09-08T13:45:19.763+0000] {dag.py:3834} INFO - Setting next_dagrun for example_branch_datetime_operator_2 to 2026-09-07 00:00:00+00:00, run_after=2026-09-08 00:00:00+00:00
[2026-09-08T13:45:19.775+0000] {logging_mixin.py:188} INFO - [2026-09-08T13:45:19.775+0000] {dag.py:3834} INFO - Setting next_dagrun for example_branch_datetime_operator_3 to 2026-09-07 00:00:00+00:00, run_after=2026-09-08 00:00:00+00:00
[2026-09-08T13:45:19.809+0000] {processor.py:183} INFO - Processing /home/airflow/.local/lib/python3.8/site-packages/airflow/example_dags/example_branch_datetime_operator.py took 0.443 seconds
[2026-09-08T13:45:50.001+0000] {processor.py:161} INFO - Started process (PID=217) to work on /home/airflow/.local/lib/python3.8/site-packages/airflow/example_dags/example_branch_datetime_operator.py
[2026-09-08T13:45:50.010+0000] {processor.py:830} INFO - Processing file /home/airflow/.local/lib/python3.8/site-packages/airflow/example_dags/example_branch_datetime_operator.py for tasks to queue
[2026-09-08T13:45:50.013+0000] {logging_mixin.py:188} INFO - [2026-09-08T13:45:50.013+0000] {dagbag.py:540} INFO - Filling up the DagBag from /home/airflow/.local/lib/python3.8/site-packages/airflow/example_dags/example_branch_datetime_operator.py
[2026-09-08T13:45:50.060+0000] {processor.py:840} INFO - DAG(s) 'example_branch_datetime_operator', 'example_branch_datetime_operator_2', 'example_branch_datetime_operator_3' retrieved from /home/airflow/.local/lib/python3.8/site-packages/airflow/example_dags/example_branch_datetime_operator.py
[2026-09-08T13:45:50.149+0000] {logging_mixin.py:188} INFO - [2026-09-08T13:45:50.149+0000] {dag.py:3047} INFO - Sync 3 DAGs
[2026-09-08T13:45:50.230+0000] {logging_mixin.py:188} INFO - [2026-09-08T13:45:50.230+0000] {dag.py:3834} INFO - Setting next_dagrun for example_branch_datetime_operator to 2026-09-07 00:00:00+00:00, run_after=2026-09-08 00:00:00+00:00
[2026-09-08T13:45:50.261+0000] {logging_mixin.py:188} INFO - [2026-09-08T13:45:50.251+0000] {dag.py:3834} INFO - Setting next_dagrun for example_branch_datetime_operator_2 to 2026-09-07 00:00:00+00:00, run_after=2026-09-08 00:00:00+00:00
[2026-09-08T13:45:50.267+0000] {logging_mixin.py:188} INFO - [2026-09-08T13:45:50.266+0000] {dag.py:3834} INFO - Setting next_dagrun for example_branch_datetime_operator_3 to 2026-09-07 00:00:00+00:00, run_after=2026-09-08 00:00:00+00:00
[2026-09-08T13:45:50.331+0000] {processor.py:183} INFO - Processing /home/airflow/.local/lib/python3.8/site-packages/airflow/example_dags/example_branch_datetime_operator.py took 0.335 seconds
[2026-09-08T13:46:20.395+0000] {processor.py:161} INFO - Started process (PID=279) to work on /home/airflow/.local/lib/python3.8/site-packages/airflow/example_dags/example_branch_datetime_operator.py
[2026-09-08T13:46:20.397+0000] {processor.py:830} INFO - Processing file /home/airflow/.local/lib/python3.8/site-packages/airflow/example_dags/example_branch_datetime_operator.py for tasks to queue
[2026-09-08T13:46:20.399+0000] {logging_mixin.py:188} INFO - [2026-09-08T13:46:20.399+0000] {dagbag.py:540} INFO - Filling up the DagBag from /home/airflow/.local/lib/python3.8/site-packages/airflow/example_dags/example_branch_datetime_operator.py
[2026-09-08T13:46:20.416+0000] {processor.py:840} INFO - DAG(s) 'example_branch_datetime_operator_2', 'example_branch_datetime_operator', 'example_branch_datetime_operator_3' retrieved from /home/airflow/.local/lib/python3.8/site-packages/airflow/example_dags/example_branch_datetime_operator.py
[2026-09-08T13:46:20.457+0000] {logging_mixin.py:188} INFO - [2026-09-08T13:46:20.456+0000] {dag.py:3047} INFO - Sync 3 DAGs
[2026-09-08T13:46:20.492+0000] {logging_mixin.py:188} INFO - [2026-09-08T13:46:20.492+0000] {dag.py:3834} INFO - Setting next_dagrun for example_branch_datetime_operator to 2026-09-07 00:00:00+00:00, run_after=2026-09-08 00:00:00+00:00
[2026-09-08T13:46:20.499+0000] {logging_mixin.py:188} INFO - [2026-09-08T13:46:20.499+0000] {dag.py:3834} INFO - Setting next_dagrun for example_branch_datetime_operator_2 to 2026-09-07 00:00:00+00:00, run_after=2026-09-08 00:00:00+00:00
[2026-09-08T13:46:20.506+0000] {logging_mixin.py:188} INFO - [2026-09-08T13:46:20.505+0000] {dag.py:3834} INFO - Setting next_dagrun for example_branch_datetime_operator_3 to 2026-09-07 00:00:00+00:00, run_after=2026-09-08 00:00:00+00:00
[2026-09-08T13:46:20.534+0000] {processor.py:183} INFO - Processing /home/airflow/.local/lib/python3.8/site-packages/airflow/example_dags/example_branch_datetime_operator.py took 0.142 seconds
[2026-09-08T13:46:50.864+0000] {processor.py:161} INFO - Started process (PID=336) to work on /home/airflow/.local/lib/python3.8/site-packages/airflow/example_dags/example_branch_datetime_operator.py
[2026-09-08T13:46:50.866+0000] {processor.py:830} INFO - Processing file /home/airflow/.local/lib/python3.8/site-packages/airflow/example_dags/example_branch_datetime_operator.py for tasks to queue
[2026-09-08T13:46:50.869+0000] {logging_mixin.py:188} INFO - [2026-09-08T13:46:50.868+0000] {dagbag.py:540} INFO - Filling up the DagBag from /home/airflow/.local/lib/python3.8/site-packages/airflow/example_dags/example_branch_datetime_operator.py
[2026-09-08T13:46:50.885+0000] {processor.py:840} INFO - DAG(s) 'example_branch_datetime_operator_3', 'example_branch_datetime_operator', 'example_branch_datetime_operator_2' retrieved from /home/airflow/.local/lib/python3.8/site-packages/airflow/example_dags/example_branch_datetime_operator.py
[2026-09-08T13:46:50.922+0000] {logging_mixin.py:188} INFO - [2026-09-08T13:46:50.922+0000] {dag.py:3047} INFO - Sync 3 DAGs
[2026-09-08T13:46:50.951+0000] {logging_mixin.py:188} INFO - [2026-09-08T13:46:50.951+0000] {dag.py:3834} INFO - Setting next_dagrun for example_branch_datetime_operator to 2026-09-07 00:00:00+00:00, run_after=2026-09-08 00:00:00+00:00
[2026-09-08T13:46:50.957+0000] {logging_mixin.py:188} INFO - [2026-09-08T13:46:50.957+0000] {dag.py:3834} INFO - Setting next_dagrun for example_branch_datetime_operator_2 to 2026-09-07 00:00:00+00:00, run_after=2026-09-08 00:00:00+00:00
[2026-09-08T13:46:50.960+0000] {logging_mixin.py:188} INFO - [2026-09-08T13:46:50.960+0000] {dag.py:3834} INFO - Setting next_dagrun for example_branch_datetime_operator_3 to 2026-09-07 00:00:00+00:00, run_after=2026-09-08 00:00:00+00:00
[2026-09-08T13:46:50.977+0000] {processor.py:183} INFO - Processing /home/airflow/.local/lib/python3.8/site-packages/airflow/example_dags/example_branch_datetime_operator.py took 0.117 seconds
[2026-09-08T13:47:21.583+0000] {processor.py:161} INFO - Started process (PID=397) to work on /home/airflow/.local/lib/python3.8/site-packages/airflow/example_dags/example_branch_datetime_operator.py
[2026-09-08T13:47:21.585+0000] {processor.py:830} INFO - Processing file /home/airflow/.local/lib/python3.8/site-packages/airflow/example_dags/example_branch_datetime_operator.py for tasks to queue
[2026-09-08T13:47:21.588+0000] {logging_mixin.py:188} INFO - [2026-09-08T13:47:21.588+0000] {dagbag.py:540} INFO - Filling up the DagBag from /home/airflow/.local/lib/python3.8/site-packages/airflow/example_dags/example_branch_datetime_operator.py
[2026-09-08T13:47:21.601+0000] {processor.py:840} INFO - DAG(s) 'example_branch_datetime_operator_2', 'example_branch_datetime_operator_3', 'example_branch_datetime_operator' retrieved from /home/airflow/.local/lib/python3.8/site-packages/airflow/example_dags/example_branch_datetime_operator.py
[2026-09-08T13:47:21.653+0000] {logging_mixin.py:188} INFO - [2026-09-08T13:47:21.653+0000] {dag.py:3047} INFO - Sync 3 DAGs
[2026-09-08T13:47:21.690+0000] {logging_mixin.py:188} INFO - [2026-09-08T13:47:21.689+0000] {dag.py:3834} INFO - Setting next_dagrun for example_branch_datetime_operator to 2026-09-07 00:00:00+00:00, run_after=2026-09-08 00:00:00+00:00
[2026-09-08T13:47:21.702+0000] {logging_mixin.py:188} INFO - [2026-09-08T13:47:21.700+0000] {dag.py:3834} INFO - Setting next_dagrun for example_branch_datetime_operator_2 to 2026-09-07 00:00:00+00:00, run_after=2026-09-08 00:00:00+00:00
[2026-09-08T13:47:21.710+0000] {logging_mixin.py:188} INFO - [2026-09-08T13:47:21.709+0000] {dag.py:3834} INFO - Setting next_dagrun for example_branch_datetime_operator_3 to 2026-09-07 00:00:00+00:00, run_after=2026-09-08 00:00:00+00:00
[2026-09-08T13:47:21.790+0000] {processor.py:183} INFO - Processing /home/airflow/.local/lib/python3.8/site-packages/airflow/example_dags/example_branch_datetime_operator.py took 0.214 seconds
[2026-09-08T13:47:52.027+0000] {processor.py:161} INFO - Started process (PID=454) to work on /home/airflow/.local/lib/python3.8/site-packages/airflow/example_dags/example_branch_datetime_operator.py
[2026-09-08T13:47:52.029+0000] {processor.py:830} INFO - Processing file /home/airflow/.local/lib/python3.8/site-packages/airflow/example_dags/example_branch_datetime_operator.py for tasks to queue
[2026-09-08T13:47:52.036+0000] {logging_mixin.py:188} INFO - [2026-09-08T13:47:52.035+0000] {dagbag.py:540} INFO - Filling up the DagBag from /home/airflow/.local/lib/python3.8/site-packages/airflow/example_dags/example_branch_datetime_operator.py
[2026-09-08T13:47:52.054+0000] {processor.py:840} INFO - DAG(s) 'example_branch_datetime_operator_3', 'example_branch_datetime_operator', 'example_branch_datetime_operator_2' retrieved from /home/airflow/.local/lib/python3.8/site-packages/airflow/example_dags/example_branch_datetime_operator.py
[2026-09-08T13:47:52.087+0000] {logging_mixin.py:188} INFO - [2026-09-08T13:47:52.087+0000] {dag.py:3047} INFO - Sync 3 DAGs
[2026-09-08T13:47:52.155+0000] {logging_mixin.py:188} INFO - [2026-09-08T13:47:52.153+0000] {dag.py:3834} INFO - Setting next_dagrun for example_branch_datetime_operator to 2026-09-07 00:00:00+00:00, run_after=2026-09-08 00:00:00+00:00
[2026-09-08T13:47:52.170+0000] {logging_mixin.py:188} INFO - [2026-09-08T13:47:52.169+0000] {dag.py:3834} INFO - Setting next_dagrun for example_branch_datetime_operator_2 to 2026-09-07 00:00:00+00:00, run_after=2026-09-08 00:00:00+00:00
[2026-09-08T13:47:52.178+0000] {logging_mixin.py:188} INFO - [2026-09-08T13:47:52.176+0000] {dag.py:3834} INFO - Setting next_dagrun for example_branch_datetime_operator_3 to 2026-09-07 00:00:00+00:00, run_after=2026-09-08 00:00:00+00:00
[2026-09-08T13:47:52.245+0000] {processor.py:183} INFO - Processing /home/airflow/.local/lib/python3.8/site-packages/airflow/example_dags/example_branch_datetime_operator.py took 0.222 seconds
[2026-09-08T13:48:23.470+0000] {processor.py:161} INFO - Started process (PID=511) to work on /home/airflow/.local/lib/python3.8/site-packages/airflow/example_dags/example_branch_datetime_operator.py
[2026-09-08T13:48:23.472+0000] {processor.py:830} INFO - Processing file /home/airflow/.local/lib/python3.8/site-packages/airflow/example_dags/example_branch_datetime_operator.py for tasks to queue
[2026-09-08T13:48:23.476+0000] {logging_mixin.py:188} INFO - [2026-09-08T13:48:23.476+0000] {dagbag.py:540} INFO - Filling up the DagBag from /home/airflow/.local/lib/python3.8/site-packages/airflow/example_dags/example_branch_datetime_operator.py
[2026-09-08T13:48:23.491+0000] {processor.py:840} INFO - DAG(s) 'example_branch_datetime_operator_2', 'example_branch_datetime_operator', 'example_branch_datetime_operator_3' retrieved from /home/airflow/.local/lib/python3.8/site-packages/airflow/example_dags/example_branch_datetime_operator.py
[2026-09-08T13:48:23.734+0000] {logging_mixin.py:188} INFO - [2026-09-08T13:48:23.734+0000] {dag.py:3047} INFO - Sync 3 DAGs
[2026-09-08T13:48:23.769+0000] {logging_mixin.py:188} INFO - [2026-09-08T13:48:23.768+0000] {dag.py:3834} INFO - Setting next_dagrun for example_branch_datetime_operator to 2026-09-07 00:00:00+00:00, run_after=2026-09-08 00:00:00+00:00
[2026-09-08T13:48:23.777+0000] {logging_mixin.py:188} INFO - [2026-09-08T13:48:23.777+0000] {dag.py:3834} INFO - Setting next_dagrun for example_branch_datetime_operator_2 to 2026-09-07 00:00:00+00:00, run_after=2026-09-08 00:00:00+00:00
[2026-09-08T13:48:23.785+0000] {logging_mixin.py:188} INFO - [2026-09-08T13:48:23.785+0000] {dag.py:3834} INFO - Setting next_dagrun for example_branch_datetime_operator_3 to 2026-09-07 00:00:00+00:00, run_after=2026-09-08 00:00:00+00:00
[2026-09-08T13:48:23.850+0000] {processor.py:183} INFO - Processing /home/airflow/.local/lib/python3.8/site-packages/airflow/example_dags/example_branch_datetime_operator.py took 0.386 seconds
[2026-09-08T13:48:54.412+0000] {processor.py:161} INFO - Started process (PID=567) to work on /home/airflow/.local/lib/python3.8/site-packages/airflow/example_dags/example_branch_datetime_operator.py
[2026-09-08T13:48:54.414+0000] {processor.py:830} INFO - Processing file /home/airflow/.local/lib/python3.8/site-packages/airflow/example_dags/example_branch_datetime_operator.py for tasks to queue
[2026-09-08T13:48:54.417+0000] {logging_mixin.py:188} INFO - [2026-09-08T13:48:54.417+0000] {dagbag.py:540} INFO - Filling up the DagBag from /home/airflow/.local/lib/python3.8/site-packages/airflow/example_dags/example_branch_datetime_operator.py
[2026-09-08T13:48:54.430+0000] {processor.py:840} INFO - DAG(s) 'example_branch_datetime_operator_2', 'example_branch_datetime_operator', 'example_branch_datetime_operator_3' retrieved from /home/airflow/.local/lib/python3.8/site-packages/airflow/example_dags/example_branch_datetime_operator.py
[2026-09-08T13:48:54.468+0000] {logging_mixin.py:188} INFO - [2026-09-08T13:48:54.468+0000] {dag.py:3047} INFO - Sync 3 DAGs
[2026-09-08T13:48:54.506+0000] {logging_mixin.py:188} INFO - [2026-09-08T13:48:54.506+0000] {dag.py:3834} INFO - Setting next_dagrun for example_branch_datetime_operator to 2026-09-07 00:00:00+00:00, run_after=2026-09-08 00:00:00+00:00
[2026-09-08T13:48:54.513+0000] {logging_mixin.py:188} INFO - [2026-09-08T13:48:54.513+0000] {dag.py:3834} INFO - Setting next_dagrun for example_branch_datetime_operator_2 to 2026-09-07 00:00:00+00:00, run_after=2026-09-08 00:00:00+00:00
[2026-09-08T13:48:54.518+0000] {logging_mixin.py:188} INFO - [2026-09-08T13:48:54.517+0000] {dag.py:3834} INFO - Setting next_dagrun for example_branch_datetime_operator_3 to 2026-09-07 00:00:00+00:00, run_after=2026-09-08 00:00:00+00:00
[2026-09-08T13:48:54.544+0000] {processor.py:183} INFO - Processing /home/airflow/.local/lib/python3.8/site-packages/airflow/example_dags/example_branch_datetime_operator.py took 0.137 seconds
[2026-09-08T13:49:24.709+0000] {processor.py:161} INFO - Started process (PID=624) to work on /home/airflow/.local/lib/python3.8/site-packages/airflow/example_dags/example_branch_datetime_operator.py
[2026-09-08T13:49:24.711+0000] {processor.py:830} INFO - Processing file /home/airflow/.local/lib/python3.8/site-packages/airflow/example_dags/example_branch_datetime_operator.py for tasks to queue
[2026-09-08T13:49:24.715+0000] {logging_mixin.py:188} INFO - [2026-09-08T13:49:24.714+0000] {dagbag.py:540} INFO - Filling up the DagBag from /home/airflow/.local/lib/python3.8/site-packages/airflow/example_dags/example_branch_datetime_operator.py
[2026-09-08T13:49:24.732+0000] {processor.py:840} INFO - DAG(s) 'example_branch_datetime_operator', 'example_branch_datetime_operator_2', 'example_branch_datetime_operator_3' retrieved from /home/airflow/.local/lib/python3.8/site-packages/airflow/example_dags/example_branch_datetime_operator.py
[2026-09-08T13:49:24.773+0000] {logging_mixin.py:188} INFO - [2026-09-08T13:49:24.772+0000] {dag.py:3047} INFO - Sync 3 DAGs
[2026-09-08T13:49:24.808+0000] {logging_mixin.py:188} INFO - [2026-09-08T13:49:24.808+0000] {dag.py:3834} INFO - Setting next_dagrun for example_branch_datetime_operator to 2026-09-07 00:00:00+00:00, run_after=2026-09-08 00:00:00+00:00
[2026-09-08T13:49:24.816+0000] {logging_mixin.py:188} INFO - [2026-09-08T13:49:24.816+0000] {dag.py:3834} INFO - Setting next_dagrun for example_branch_datetime_operator_2 to 2026-09-07 00:00:00+00:00, run_after=2026-09-08 00:00:00+00:00
[2026-09-08T13:49:24.822+0000] {logging_mixin.py:188} INFO - [2026-09-08T13:49:24.821+0000] {dag.py:3834} INFO - Setting next_dagrun for example_branch_datetime_operator_3 to 2026-09-07 00:00:00+00:00, run_after=2026-09-08 00:00:00+00:00
[2026-09-08T13:49:24.848+0000] {processor.py:183} INFO - Processing /home/airflow/.local/lib/python3.8/site-packages/airflow/example_dags/example_branch_datetime_operator.py took 0.145 seconds
[2026-09-08T13:49:55.526+0000] {processor.py:161} INFO - Started process (PID=681) to work on /home/airflow/.local/lib/python3.8/site-packages/airflow/example_dags/example_branch_datetime_operator.py
[2026-09-08T13:49:55.528+0000] {processor.py:830} INFO - Processing file /home/airflow/.local/lib/python3.8/site-packages/airflow/example_dags/example_branch_datetime_operator.py for tasks to queue
[2026-09-08T13:49:55.533+0000] {logging_mixin.py:188} INFO - [2026-09-08T13:49:55.532+0000] {dagbag.py:540} INFO - Filling up the DagBag from /home/airflow/.local/lib/python3.8/site-packages/airflow/example_dags/example_branch_datetime_operator.py
[2026-09-08T13:49:55.553+0000] {processor.py:840} INFO - DAG(s) 'example_branch_datetime_operator_2', 'example_branch_datetime_operator_3', 'example_branch_datetime_operator' retrieved from /home/airflow/.local/lib/python3.8/site-packages/airflow/example_dags/example_branch_datetime_operator.py
[2026-09-08T13:49:55.596+0000] {logging_mixin.py:188} INFO - [2026-09-08T13:49:55.595+0000] {dag.py:3047} INFO - Sync 3 DAGs
[2026-09-08T13:49:55.628+0000] {logging_mixin.py:188} INFO - [2026-09-08T13:49:55.628+0000] {dag.py:3834} INFO - Setting next_dagrun for example_branch_datetime_operator to 2026-09-07 00:00:00+00:00, run_after=2026-09-08 00:00:00+00:00
[2026-09-08T13:49:55.638+0000] {logging_mixin.py:188} INFO - [2026-09-08T13:49:55.638+0000] {dag.py:3834} INFO - Setting next_dagrun for example_branch_datetime_operator_2 to 2026-09-07 00:00:00+00:00, run_after=2026-09-08 00:00:00+00:00
[2026-09-08T13:49:55.642+0000] {logging_mixin.py:188} INFO - [2026-09-08T13:49:55.642+0000] {dag.py:3834} INFO - Setting next_dagrun for example_branch_datetime_operator_3 to 2026-09-07 00:00:00+00:00, run_after=2026-09-08 00:00:00+00:00
[2026-09-08T13:49:55.678+0000] {processor.py:183} INFO - Processing /home/airflow/.local/lib/python3.8/site-packages/airflow/example_dags/example_branch_datetime_operator.py took 0.156 seconds
[2026-09-08T13:50:25.804+0000] {processor.py:161} INFO - Started process (PID=738) to work on /home/airflow/.local/lib/python3.8/site-packages/airflow/example_dags/example_branch_datetime_operator.py
[2026-09-08T13:50:25.806+0000] {processor.py:830} INFO - Processing file /home/airflow/.local/lib/python3.8/site-packages/airflow/example_dags/example_branch_datetime_operator.py for tasks to queue
[2026-09-08T13:50:25.808+0000] {logging_mixin.py:188} INFO - [2026-09-08T13:50:25.808+0000] {dagbag.py:540} INFO - Filling up the DagBag from /home/airflow/.local/lib/python3.8/site-packages/airflow/example_dags/example_branch_datetime_operator.py
[2026-09-08T13:50:25.821+0000] {processor.py:840} INFO - DAG(s) 'example_branch_datetime_operator', 'example_branch_datetime_operator_2', 'example_branch_datetime_operator_3' retrieved from /home/airflow/.local/lib/python3.8/site-packages/airflow/example_dags/example_branch_datetime_operator.py
[2026-09-08T13:50:25.854+0000] {logging_mixin.py:188} INFO - [2026-09-08T13:50:25.853+0000] {dag.py:3047} INFO - Sync 3 DAGs
[2026-09-08T13:50:25.886+0000] {logging_mixin.py:188} INFO - [2026-09-08T13:50:25.885+0000] {dag.py:3834} INFO - Setting next_dagrun for example_branch_datetime_operator to 2026-09-07 00:00:00+00:00, run_after=2026-09-08 00:00:00+00:00
[2026-09-08T13:50:25.891+0000] {logging_mixin.py:188} INFO - [2026-09-08T13:50:25.891+0000] {dag.py:3834} INFO - Setting next_dagrun for example_branch_datetime_operator_2 to 2026-09-07 00:00:00+00:00, run_after=2026-09-08 00:00:00+00:00
[2026-09-08T13:50:25.896+0000] {logging_mixin.py:188} INFO - [2026-09-08T13:50:25.896+0000] {dag.py:3834} INFO - Setting next_dagrun for example_branch_datetime_operator_3 to 2026-09-07 00:00:00+00:00, run_after=2026-09-08 00:00:00+00:00
[2026-09-08T13:50:25.917+0000] {processor.py:183} INFO - Processing /home/airflow/.local/lib/python3.8/site-packages/airflow/example_dags/example_branch_datetime_operator.py took 0.117 seconds
[2026-09-08T13:50:56.148+0000] {processor.py:161} INFO - Started process (PID=795) to work on /home/airflow/.local/lib/python3.8/site-packages/airflow/example_dags/example_branch_datetime_operator.py
[2026-09-08T13:50:56.151+0000] {processor.py:830} INFO - Processing file /home/airflow/.local/lib/python3.8/site-packages/airflow/example_dags/example_branch_datetime_operator.py for tasks to queue
[2026-09-08T13:50:56.154+0000] {logging_mixin.py:188} INFO - [2026-09-08T13:50:56.154+0000] {dagbag.py:540} INFO - Filling up the DagBag from /home/airflow/.local/lib/python3.8/site-packages/airflow/example_dags/example_branch_datetime_operator.py
[2026-09-08T13:50:56.166+0000] {processor.py:840} INFO - DAG(s) 'example_branch_datetime_operator_2', 'example_branch_datetime_operator', 'example_branch_datetime_operator_3' retrieved from /home/airflow/.local/lib/python3.8/site-packages/airflow/example_dags/example_branch_datetime_operator.py
[2026-09-08T13:50:56.205+0000] {logging_mixin.py:188} INFO - [2026-09-08T13:50:56.205+0000] {dag.py:3047} INFO - Sync 3 DAGs
[2026-09-08T13:50:56.236+0000] {logging_mixin.py:188} INFO - [2026-09-08T13:50:56.235+0000] {dag.py:3834} INFO - Setting next_dagrun for example_branch_datetime_operator to 2026-09-07 00:00:00+00:00, run_after=2026-09-08 00:00:00+00:00
[2026-09-08T13:50:56.246+0000] {logging_mixin.py:188} INFO - [2026-09-08T13:50:56.246+0000] {dag.py:3834} INFO - Setting next_dagrun for example_branch_datetime_operator_2 to 2026-09-07 00:00:00+00:00, run_after=2026-09-08 00:00:00+00:00
[2026-09-08T13:50:56.251+0000] {logging_mixin.py:188} INFO - [2026-09-08T13:50:56.251+0000] {dag.py:3834} INFO - Setting next_dagrun for example_branch_datetime_operator_3 to 2026-09-07 00:00:00+00:00, run_after=2026-09-08 00:00:00+00:00
[2026-09-08T13:50:56.272+0000] {processor.py:183} INFO - Processing /home/airflow/.local/lib/python3.8/site-packages/airflow/example_dags/example_branch_datetime_operator.py took 0.128 seconds
[2026-09-08T13:51:26.413+0000] {processor.py:161} INFO - Started process (PID=852) to work on /home/airflow/.local/lib/python3.8/site-packages/airflow/example_dags/example_branch_datetime_operator.py
[2026-09-08T13:51:26.415+0000] {processor.py:830} INFO - Processing file /home/airflow/.local/lib/python3.8/site-packages/airflow/example_dags/example_branch_datetime_operator.py for tasks to queue
[2026-09-08T13:51:26.418+0000] {logging_mixin.py:188} INFO - [2026-09-08T13:51:26.418+0000] {dagbag.py:540} INFO - Filling up the DagBag from /home/airflow/.local/lib/python3.8/site-packages/airflow/example_dags/example_branch_datetime_operator.py
[2026-09-08T13:51:26.437+0000] {processor.py:840} INFO - DAG(s) 'example_branch_datetime_operator_2', 'example_branch_datetime_operator', 'example_branch_datetime_operator_3' retrieved from /home/airflow/.local/lib/python3.8/site-packages/airflow/example_dags/example_branch_datetime_operator.py
[2026-09-08T13:51:26.475+0000] {logging_mixin.py:188} INFO - [2026-09-08T13:51:26.475+0000] {dag.py:3047} INFO - Sync 3 DAGs
[2026-09-08T13:51:26.504+0000] {logging_mixin.py:188} INFO - [2026-09-08T13:51:26.504+0000] {dag.py:3834} INFO - Setting next_dagrun for example_branch_datetime_operator to 2026-09-07 00:00:00+00:00, run_after=2026-09-08 00:00:00+00:00
[2026-09-08T13:51:26.511+0000] {logging_mixin.py:188} INFO - [2026-09-08T13:51:26.511+0000] {dag.py:3834} INFO - Setting next_dagrun for example_branch_datetime_operator_2 to 2026-09-07 00:00:00+00:00, run_after=2026-09-08 00:00:00+00:00
[2026-09-08T13:51:26.516+0000] {logging_mixin.py:188} INFO - [2026-09-08T13:51:26.516+0000] {dag.py:3834} INFO - Setting next_dagrun for example_branch_datetime_operator_3 to 2026-09-07 00:00:00+00:00, run_after=2026-09-08 00:00:00+00:00
[2026-09-08T13:51:26.538+0000] {processor.py:183} INFO - Processing /home/airflow/.local/lib/python3.8/site-packages/airflow/example_dags/example_branch_datetime_operator.py took 0.131 seconds
[2026-09-08T13:51:57.458+0000] {processor.py:161} INFO - Started process (PID=908) to work on /home/airflow/.local/lib/python3.8/site-packages/airflow/example_dags/example_branch_datetime_operator.py
[2026-09-08T13:51:57.460+0000] {processor.py:830} INFO - Processing file /home/airflow/.local/lib/python3.8/site-packages/airflow/example_dags/example_branch_datetime_operator.py for tasks to queue
[2026-09-08T13:51:57.463+0000] {logging_mixin.py:188} INFO - [2026-09-08T13:51:57.463+0000] {dagbag.py:540} INFO - Filling up the DagBag from /home/airflow/.local/lib/python3.8/site-packages/airflow/example_dags/example_branch_datetime_operator.py
[2026-09-08T13:51:57.476+0000] {processor.py:840} INFO - DAG(s) 'example_branch_datetime_operator_2', 'example_branch_datetime_operator', 'example_branch_datetime_operator_3' retrieved from /home/airflow/.local/lib/python3.8/site-packages/airflow/example_dags/example_branch_datetime_operator.py
[2026-09-08T13:51:57.512+0000] {logging_mixin.py:188} INFO - [2026-09-08T13:51:57.512+0000] {dag.py:3047} INFO - Sync 3 DAGs
[2026-09-08T13:51:57.541+0000] {logging_mixin.py:188} INFO - [2026-09-08T13:51:57.541+0000] {dag.py:3834} INFO - Setting next_dagrun for example_branch_datetime_operator to 2026-09-07 00:00:00+00:00, run_after=2026-09-08 00:00:00+00:00
[2026-09-08T13:51:57.547+0000] {logging_mixin.py:188} INFO - [2026-09-08T13:51:57.547+0000] {dag.py:3834} INFO - Setting next_dagrun for example_branch_datetime_operator_2 to 2026-09-07 00:00:00+00:00, run_after=2026-09-08 00:00:00+00:00
[2026-09-08T13:51:57.551+0000] {logging_mixin.py:188} INFO - [2026-09-08T13:51:57.551+0000] {dag.py:3834} INFO - Setting next_dagrun for example_branch_datetime_operator_3 to 2026-09-07 00:00:00+00:00, run_after=2026-09-08 00:00:00+00:00
[2026-09-08T13:51:57.575+0000] {processor.py:183} INFO - Processing /home/airflow/.local/lib/python3.8/site-packages/airflow/example_dags/example_branch_datetime_operator.py took 0.123 seconds
[2026-09-08T13:52:27.737+0000] {processor.py:161} INFO - Started process (PID=964) to work on /home/airflow/.local/lib/python3.8/site-packages/airflow/example_dags/example_branch_datetime_operator.py
[2026-09-08T13:52:27.739+0000] {processor.py:830} INFO - Processing file /home/airflow/.local/lib/python3.8/site-packages/airflow/example_dags/example_branch_datetime_operator.py for tasks to queue
[2026-09-08T13:52:27.743+0000] {logging_mixin.py:188} INFO - [2026-09-08T13:52:27.742+0000] {dagbag.py:540} INFO - Filling up the DagBag from /home/airflow/.local/lib/python3.8/site-packages/airflow/example_dags/example_branch_datetime_operator.py
[2026-09-08T13:52:27.761+0000] {processor.py:840} INFO - DAG(s) 'example_branch_datetime_operator_3', 'example_branch_datetime_operator_2', 'example_branch_datetime_operator' retrieved from /home/airflow/.local/lib/python3.8/site-packages/airflow/example_dags/example_branch_datetime_operator.py
[2026-09-08T13:52:27.808+0000] {logging_mixin.py:188} INFO - [2026-09-08T13:52:27.808+0000] {dag.py:3047} INFO - Sync 3 DAGs
[2026-09-08T13:52:27.840+0000] {logging_mixin.py:188} INFO - [2026-09-08T13:52:27.840+0000] {dag.py:3834} INFO - Setting next_dagrun for example_branch_datetime_operator to 2026-09-07 00:00:00+00:00, run_after=2026-09-08 00:00:00+00:00
[2026-09-08T13:52:27.846+0000] {logging_mixin.py:188} INFO - [2026-09-08T13:52:27.846+0000] {dag.py:3834} INFO - Setting next_dagrun for example_branch_datetime_operator_2 to 2026-09-07 00:00:00+00:00, run_after=2026-09-08 00:00:00+00:00
[2026-09-08T13:52:27.849+0000] {logging_mixin.py:188} INFO - [2026-09-08T13:52:27.849+0000] {dag.py:3834} INFO - Setting next_dagrun for example_branch_datetime_operator_3 to 2026-09-07 00:00:00+00:00, run_after=2026-09-08 00:00:00+00:00
[2026-09-08T13:52:27.889+0000] {processor.py:183} INFO - Processing /home/airflow/.local/lib/python3.8/site-packages/airflow/example_dags/example_branch_datetime_operator.py took 0.158 seconds
[2026-09-10T13:33:41.957+0000] {processor.py:161} INFO - Started process (PID=2758) to work on /home/airflow/.local/lib/python3.8/site-packages/airflow/example_dags/example_branch_datetime_operator.py
[2026-09-10T13:33:41.959+0000] {processor.py:830} INFO - Processing file /home/airflow/.local/lib/python3.8/site-packages/airflow/example_dags/example_branch_datetime_operator.py for tasks to queue
[2026-09-10T13:33:41.962+0000] {logging_mixin.py:188} INFO - [2026-09-10T13:33:41.962+0000] {dagbag.py:540} INFO - Filling up the DagBag from /home/airflow/.local/lib/python3.8/site-packages/airflow/example_dags/example_branch_datetime_operator.py
[2026-09-10T13:33:41.977+0000] {processor.py:840} INFO - DAG(s) 'example_branch_datetime_operator_2', 'example_branch_datetime_operator', 'example_branch_datetime_operator_3' retrieved from /home/airflow/.local/lib/python3.8/site-packages/airflow/example_dags/example_branch_datetime_operator.py
[2026-09-10T13:33:42.013+0000] {logging_mixin.py:188} INFO - [2026-09-10T13:33:42.012+0000] {dag.py:3047} INFO - Sync 3 DAGs
[2026-09-10T13:33:42.043+0000] {logging_mixin.py:188} INFO - [2026-09-10T13:33:42.042+0000] {dag.py:3834} INFO - Setting next_dagrun for example_branch_datetime_operator to 2026-09-09 00:00:00+00:00, run_after=2026-09-10 00:00:00+00:00
[2026-09-10T13:33:42.049+0000] {logging_mixin.py:188} INFO - [2026-09-10T13:33:42.049+0000] {dag.py:3834} INFO - Setting next_dagrun for example_branch_datetime_operator_2 to 2026-09-09 00:00:00+00:00, run_after=2026-09-10 00:00:00+00:00
[2026-09-10T13:33:42.054+0000] {logging_mixin.py:188} INFO - [2026-09-10T13:33:42.053+0000] {dag.py:3834} INFO - Setting next_dagrun for example_branch_datetime_operator_3 to 2026-09-09 00:00:00+00:00, run_after=2026-09-10 00:00:00+00:00
[2026-09-10T13:33:42.079+0000] {processor.py:183} INFO - Processing /home/airflow/.local/lib/python3.8/site-packages/airflow/example_dags/example_branch_datetime_operator.py took 0.126 seconds
[2026-09-10T13:34:12.452+0000] {processor.py:161} INFO - Started process (PID=2819) to work on /home/airflow/.local/lib/python3.8/site-packages/airflow/example_dags/example_branch_datetime_operator.py
[2026-09-10T13:34:12.454+0000] {processor.py:830} INFO - Processing file /home/airflow/.local/lib/python3.8/site-packages/airflow/example_dags/example_branch_datetime_operator.py for tasks to queue
[2026-09-10T13:34:12.457+0000] {logging_mixin.py:188} INFO - [2026-09-10T13:34:12.457+0000] {dagbag.py:540} INFO - Filling up the DagBag from /home/airflow/.local/lib/python3.8/site-packages/airflow/example_dags/example_branch_datetime_operator.py
[2026-09-10T13:34:12.478+0000] {processor.py:840} INFO - DAG(s) 'example_branch_datetime_operator_3', 'example_branch_datetime_operator', 'example_branch_datetime_operator_2' retrieved from /home/airflow/.local/lib/python3.8/site-packages/airflow/example_dags/example_branch_datetime_operator.py
[2026-09-10T13:34:12.513+0000] {logging_mixin.py:188} INFO - [2026-09-10T13:34:12.513+0000] {dag.py:3047} INFO - Sync 3 DAGs
[2026-09-10T13:34:12.541+0000] {logging_mixin.py:188} INFO - [2026-09-10T13:34:12.541+0000] {dag.py:3834} INFO - Setting next_dagrun for example_branch_datetime_operator to 2026-09-09 00:00:00+00:00, run_after=2026-09-10 00:00:00+00:00
[2026-09-10T13:34:12.550+0000] {logging_mixin.py:188} INFO - [2026-09-10T13:34:12.550+0000] {dag.py:3834} INFO - Setting next_dagrun for example_branch_datetime_operator_2 to 2026-09-09 00:00:00+00:00, run_after=2026-09-10 00:00:00+00:00
[2026-09-10T13:34:12.555+0000] {logging_mixin.py:188} INFO - [2026-09-10T13:34:12.555+0000] {dag.py:3834} INFO - Setting next_dagrun for example_branch_datetime_operator_3 to 2026-09-09 00:00:00+00:00, run_after=2026-09-10 00:00:00+00:00
[2026-09-10T13:34:12.582+0000] {processor.py:183} INFO - Processing /home/airflow/.local/lib/python3.8/site-packages/airflow/example_dags/example_branch_datetime_operator.py took 0.135 seconds
[2026-09-10T13:35:50.788+0000] {processor.py:161} INFO - Started process (PID=125) to work on /home/airflow/.local/lib/python3.8/site-packages/airflow/example_dags/example_branch_datetime_operator.py
[2026-09-10T13:35:50.791+0000] {processor.py:830} INFO - Processing file /home/airflow/.local/lib/python3.8/site-packages/airflow/example_dags/example_branch_datetime_operator.py for tasks to queue
[2026-09-10T13:35:50.795+0000] {logging_mixin.py:188} INFO - [2026-09-10T13:35:50.794+0000] {dagbag.py:540} INFO - Filling up the DagBag from /home/airflow/.local/lib/python3.8/site-packages/airflow/example_dags/example_branch_datetime_operator.py
[2026-09-10T13:35:50.817+0000] {processor.py:840} INFO - DAG(s) 'example_branch_datetime_operator_3', 'example_branch_datetime_operator', 'example_branch_datetime_operator_2' retrieved from /home/airflow/.local/lib/python3.8/site-packages/airflow/example_dags/example_branch_datetime_operator.py
[2026-09-10T13:35:51.075+0000] {logging_mixin.py:188} INFO - [2026-09-10T13:35:51.074+0000] {dag.py:3047} INFO - Sync 3 DAGs
[2026-09-10T13:35:51.100+0000] {logging_mixin.py:188} INFO - [2026-09-10T13:35:51.100+0000] {dag.py:3834} INFO - Setting next_dagrun for example_branch_datetime_operator to 2026-09-09 00:00:00+00:00, run_after=2026-09-10 00:00:00+00:00
[2026-09-10T13:35:51.107+0000] {logging_mixin.py:188} INFO - [2026-09-10T13:35:51.106+0000] {dag.py:3834} INFO - Setting next_dagrun for example_branch_datetime_operator_2 to 2026-09-09 00:00:00+00:00, run_after=2026-09-10 00:00:00+00:00
[2026-09-10T13:35:51.113+0000] {logging_mixin.py:188} INFO - [2026-09-10T13:35:51.112+0000] {dag.py:3834} INFO - Setting next_dagrun for example_branch_datetime_operator_3 to 2026-09-09 00:00:00+00:00, run_after=2026-09-10 00:00:00+00:00
[2026-09-10T13:35:51.137+0000] {processor.py:183} INFO - Processing /home/airflow/.local/lib/python3.8/site-packages/airflow/example_dags/example_branch_datetime_operator.py took 0.354 seconds
[2026-09-10T13:36:21.868+0000] {processor.py:161} INFO - Started process (PID=186) to work on /home/airflow/.local/lib/python3.8/site-packages/airflow/example_dags/example_branch_datetime_operator.py
[2026-09-10T13:36:21.870+0000] {processor.py:830} INFO - Processing file /home/airflow/.local/lib/python3.8/site-packages/airflow/example_dags/example_branch_datetime_operator.py for tasks to queue
[2026-09-10T13:36:21.873+0000] {logging_mixin.py:188} INFO - [2026-09-10T13:36:21.872+0000] {dagbag.py:540} INFO - Filling up the DagBag from /home/airflow/.local/lib/python3.8/site-packages/airflow/example_dags/example_branch_datetime_operator.py
[2026-09-10T13:36:21.887+0000] {processor.py:840} INFO - DAG(s) 'example_branch_datetime_operator', 'example_branch_datetime_operator_2', 'example_branch_datetime_operator_3' retrieved from /home/airflow/.local/lib/python3.8/site-packages/airflow/example_dags/example_branch_datetime_operator.py
[2026-09-10T13:36:21.920+0000] {logging_mixin.py:188} INFO - [2026-09-10T13:36:21.919+0000] {dag.py:3047} INFO - Sync 3 DAGs
[2026-09-10T13:36:21.956+0000] {logging_mixin.py:188} INFO - [2026-09-10T13:36:21.956+0000] {dag.py:3834} INFO - Setting next_dagrun for example_branch_datetime_operator to 2026-09-09 00:00:00+00:00, run_after=2026-09-10 00:00:00+00:00
[2026-09-10T13:36:21.965+0000] {logging_mixin.py:188} INFO - [2026-09-10T13:36:21.965+0000] {dag.py:3834} INFO - Setting next_dagrun for example_branch_datetime_operator_2 to 2026-09-09 00:00:00+00:00, run_after=2026-09-10 00:00:00+00:00
[2026-09-10T13:36:21.969+0000] {logging_mixin.py:188} INFO - [2026-09-10T13:36:21.969+0000] {dag.py:3834} INFO - Setting next_dagrun for example_branch_datetime_operator_3 to 2026-09-09 00:00:00+00:00, run_after=2026-09-10 00:00:00+00:00
[2026-09-10T13:36:21.989+0000] {processor.py:183} INFO - Processing /home/airflow/.local/lib/python3.8/site-packages/airflow/example_dags/example_branch_datetime_operator.py took 0.125 seconds
[2026-09-10T13:36:52.581+0000] {processor.py:161} INFO - Started process (PID=247) to work on /home/airflow/.local/lib/python3.8/site-packages/airflow/example_dags/example_branch_datetime_operator.py
[2026-09-10T13:36:52.583+0000] {processor.py:830} INFO - Processing file /home/airflow/.local/lib/python3.8/site-packages/airflow/example_dags/example_branch_datetime_operator.py for tasks to queue
[2026-09-10T13:36:52.586+0000] {logging_mixin.py:188} INFO - [2026-09-10T13:36:52.585+0000] {dagbag.py:540} INFO - Filling up the DagBag from /home/airflow/.local/lib/python3.8/site-packages/airflow/example_dags/example_branch_datetime_operator.py
[2026-09-10T13:36:52.599+0000] {processor.py:840} INFO - DAG(s) 'example_branch_datetime_operator_3', 'example_branch_datetime_operator_2', 'example_branch_datetime_operator' retrieved from /home/airflow/.local/lib/python3.8/site-packages/airflow/example_dags/example_branch_datetime_operator.py
[2026-09-10T13:36:52.636+0000] {logging_mixin.py:188} INFO - [2026-09-10T13:36:52.636+0000] {dag.py:3047} INFO - Sync 3 DAGs
[2026-09-10T13:36:52.667+0000] {logging_mixin.py:188} INFO - [2026-09-10T13:36:52.666+0000] {dag.py:3834} INFO - Setting next_dagrun for example_branch_datetime_operator to 2026-09-09 00:00:00+00:00, run_after=2026-09-10 00:00:00+00:00
[2026-09-10T13:36:52.673+0000] {logging_mixin.py:188} INFO - [2026-09-10T13:36:52.673+0000] {dag.py:3834} INFO - Setting next_dagrun for example_branch_datetime_operator_2 to 2026-09-09 00:00:00+00:00, run_after=2026-09-10 00:00:00+00:00
[2026-09-10T13:36:52.678+0000] {logging_mixin.py:188} INFO - [2026-09-10T13:36:52.678+0000] {dag.py:3834} INFO - Setting next_dagrun for example_branch_datetime_operator_3 to 2026-09-09 00:00:00+00:00, run_after=2026-09-10 00:00:00+00:00
[2026-09-10T13:36:52.704+0000] {processor.py:183} INFO - Processing /home/airflow/.local/lib/python3.8/site-packages/airflow/example_dags/example_branch_datetime_operator.py took 0.127 seconds
[2026-09-10T13:37:23.332+0000] {processor.py:161} INFO - Started process (PID=308) to work on /home/airflow/.local/lib/python3.8/site-packages/airflow/example_dags/example_branch_datetime_operator.py
[2026-09-10T13:37:23.335+0000] {processor.py:830} INFO - Processing file /home/airflow/.local/lib/python3.8/site-packages/airflow/example_dags/example_branch_datetime_operator.py for tasks to queue
[2026-09-10T13:37:23.339+0000] {logging_mixin.py:188} INFO - [2026-09-10T13:37:23.338+0000] {dagbag.py:540} INFO - Filling up the DagBag from /home/airflow/.local/lib/python3.8/site-packages/airflow/example_dags/example_branch_datetime_operator.py
[2026-09-10T13:37:23.352+0000] {processor.py:840} INFO - DAG(s) 'example_branch_datetime_operator_2', 'example_branch_datetime_operator', 'example_branch_datetime_operator_3' retrieved from /home/airflow/.local/lib/python3.8/site-packages/airflow/example_dags/example_branch_datetime_operator.py
[2026-09-10T13:37:23.386+0000] {logging_mixin.py:188} INFO - [2026-09-10T13:37:23.386+0000] {dag.py:3047} INFO - Sync 3 DAGs
[2026-09-10T13:37:23.417+0000] {logging_mixin.py:188} INFO - [2026-09-10T13:37:23.417+0000] {dag.py:3834} INFO - Setting next_dagrun for example_branch_datetime_operator to 2026-09-09 00:00:00+00:00, run_after=2026-09-10 00:00:00+00:00
[2026-09-10T13:37:23.425+0000] {logging_mixin.py:188} INFO - [2026-09-10T13:37:23.425+0000] {dag.py:3834} INFO - Setting next_dagrun for example_branch_datetime_operator_2 to 2026-09-09 00:00:00+00:00, run_after=2026-09-10 00:00:00+00:00
[2026-09-10T13:37:23.429+0000] {logging_mixin.py:188} INFO - [2026-09-10T13:37:23.429+0000] {dag.py:3834} INFO - Setting next_dagrun for example_branch_datetime_operator_3 to 2026-09-09 00:00:00+00:00, run_after=2026-09-10 00:00:00+00:00
[2026-09-10T13:37:23.450+0000] {processor.py:183} INFO - Processing /home/airflow/.local/lib/python3.8/site-packages/airflow/example_dags/example_branch_datetime_operator.py took 0.126 seconds
[2026-09-10T13:37:53.707+0000] {processor.py:161} INFO - Started process (PID=369) to work on /home/airflow/.local/lib/python3.8/site-packages/airflow/example_dags/example_branch_datetime_operator.py
[2026-09-10T13:37:53.708+0000] {processor.py:830} INFO - Processing file /home/airflow/.local/lib/python3.8/site-packages/airflow/example_dags/example_branch_datetime_operator.py for tasks to queue
[2026-09-10T13:37:53.711+0000] {logging_mixin.py:188} INFO - [2026-09-10T13:37:53.711+0000] {dagbag.py:540} INFO - Filling up the DagBag from /home/airflow/.local/lib/python3.8/site-packages/airflow/example_dags/example_branch_datetime_operator.py
[2026-09-10T13:37:53.722+0000] {processor.py:840} INFO - DAG(s) 'example_branch_datetime_operator', 'example_branch_datetime_operator_3', 'example_branch_datetime_operator_2' retrieved from /home/airflow/.local/lib/python3.8/site-packages/airflow/example_dags/example_branch_datetime_operator.py
[2026-09-10T13:37:53.758+0000] {logging_mixin.py:188} INFO - [2026-09-10T13:37:53.758+0000] {dag.py:3047} INFO - Sync 3 DAGs
[2026-09-10T13:37:53.787+0000] {logging_mixin.py:188} INFO - [2026-09-10T13:37:53.787+0000] {dag.py:3834} INFO - Setting next_dagrun for example_branch_datetime_operator to 2026-09-09 00:00:00+00:00, run_after=2026-09-10 00:00:00+00:00
[2026-09-10T13:37:53.795+0000] {logging_mixin.py:188} INFO - [2026-09-10T13:37:53.794+0000] {dag.py:3834} INFO - Setting next_dagrun for example_branch_datetime_operator_2 to 2026-09-09 00:00:00+00:00, run_after=2026-09-10 00:00:00+00:00
[2026-09-10T13:37:53.799+0000] {logging_mixin.py:188} INFO - [2026-09-10T13:37:53.799+0000] {dag.py:3834} INFO - Setting next_dagrun for example_branch_datetime_operator_3 to 2026-09-09 00:00:00+00:00, run_after=2026-09-10 00:00:00+00:00
[2026-09-10T13:37:53.824+0000] {processor.py:183} INFO - Processing /home/airflow/.local/lib/python3.8/site-packages/airflow/example_dags/example_branch_datetime_operator.py took 0.121 seconds
[2026-09-10T13:38:24.282+0000] {processor.py:161} INFO - Started process (PID=430) to work on /home/airflow/.local/lib/python3.8/site-packages/airflow/example_dags/example_branch_datetime_operator.py
[2026-09-10T13:38:24.284+0000] {processor.py:830} INFO - Processing file /home/airflow/.local/lib/python3.8/site-packages/airflow/example_dags/example_branch_datetime_operator.py for tasks to queue
[2026-09-10T13:38:24.287+0000] {logging_mixin.py:188} INFO - [2026-09-10T13:38:24.287+0000] {dagbag.py:540} INFO - Filling up the DagBag from /home/airflow/.local/lib/python3.8/site-packages/airflow/example_dags/example_branch_datetime_operator.py
[2026-09-10T13:38:24.306+0000] {processor.py:840} INFO - DAG(s) 'example_branch_datetime_operator_3', 'example_branch_datetime_operator_2', 'example_branch_datetime_operator' retrieved from /home/airflow/.local/lib/python3.8/site-packages/airflow/example_dags/example_branch_datetime_operator.py
[2026-09-10T13:38:24.346+0000] {logging_mixin.py:188} INFO - [2026-09-10T13:38:24.345+0000] {dag.py:3047} INFO - Sync 3 DAGs
[2026-09-10T13:38:24.374+0000] {logging_mixin.py:188} INFO - [2026-09-10T13:38:24.374+0000] {dag.py:3834} INFO - Setting next_dagrun for example_branch_datetime_operator to 2026-09-09 00:00:00+00:00, run_after=2026-09-10 00:00:00+00:00
[2026-09-10T13:38:24.381+0000] {logging_mixin.py:188} INFO - [2026-09-10T13:38:24.381+0000] {dag.py:3834} INFO - Setting next_dagrun for example_branch_datetime_operator_2 to 2026-09-09 00:00:00+00:00, run_after=2026-09-10 00:00:00+00:00
[2026-09-10T13:38:24.386+0000] {logging_mixin.py:188} INFO - [2026-09-10T13:38:24.385+0000] {dag.py:3834} INFO - Setting next_dagrun for example_branch_datetime_operator_3 to 2026-09-09 00:00:00+00:00, run_after=2026-09-10 00:00:00+00:00
[2026-09-10T13:38:24.406+0000] {processor.py:183} INFO - Processing /home/airflow/.local/lib/python3.8/site-packages/airflow/example_dags/example_branch_datetime_operator.py took 0.128 seconds
[2026-09-10T13:40:01.430+0000] {processor.py:161} INFO - Started process (PID=126) to work on /home/airflow/.local/lib/python3.8/site-packages/airflow/example_dags/example_branch_datetime_operator.py
[2026-09-10T13:40:01.435+0000] {processor.py:830} INFO - Processing file /home/airflow/.local/lib/python3.8/site-packages/airflow/example_dags/example_branch_datetime_operator.py for tasks to queue
[2026-09-10T13:40:01.440+0000] {logging_mixin.py:188} INFO - [2026-09-10T13:40:01.439+0000] {dagbag.py:540} INFO - Filling up the DagBag from /home/airflow/.local/lib/python3.8/site-packages/airflow/example_dags/example_branch_datetime_operator.py
[2026-09-10T13:40:01.464+0000] {processor.py:840} INFO - DAG(s) 'example_branch_datetime_operator', 'example_branch_datetime_operator_2', 'example_branch_datetime_operator_3' retrieved from /home/airflow/.local/lib/python3.8/site-packages/airflow/example_dags/example_branch_datetime_operator.py
[2026-09-10T13:40:01.809+0000] {logging_mixin.py:188} INFO - [2026-09-10T13:40:01.808+0000] {dag.py:3047} INFO - Sync 3 DAGs
[2026-09-10T13:40:01.890+0000] {logging_mixin.py:188} INFO - [2026-09-10T13:40:01.890+0000] {dag.py:3834} INFO - Setting next_dagrun for example_branch_datetime_operator to 2026-09-09 00:00:00+00:00, run_after=2026-09-10 00:00:00+00:00
[2026-09-10T13:40:01.902+0000] {logging_mixin.py:188} INFO - [2026-09-10T13:40:01.901+0000] {dag.py:3834} INFO - Setting next_dagrun for example_branch_datetime_operator_2 to 2026-09-09 00:00:00+00:00, run_after=2026-09-10 00:00:00+00:00
[2026-09-10T13:40:01.909+0000] {logging_mixin.py:188} INFO - [2026-09-10T13:40:01.909+0000] {dag.py:3834} INFO - Setting next_dagrun for example_branch_datetime_operator_3 to 2026-09-09 00:00:00+00:00, run_after=2026-09-10 00:00:00+00:00
[2026-09-10T13:40:01.955+0000] {processor.py:183} INFO - Processing /home/airflow/.local/lib/python3.8/site-packages/airflow/example_dags/example_branch_datetime_operator.py took 0.533 seconds
[2026-09-10T13:40:41.885+0000] {processor.py:161} INFO - Started process (PID=113) to work on /home/airflow/.local/lib/python3.8/site-packages/airflow/example_dags/example_branch_datetime_operator.py
[2026-09-10T13:40:41.887+0000] {processor.py:830} INFO - Processing file /home/airflow/.local/lib/python3.8/site-packages/airflow/example_dags/example_branch_datetime_operator.py for tasks to queue
[2026-09-10T13:40:41.890+0000] {logging_mixin.py:188} INFO - [2026-09-10T13:40:41.889+0000] {dagbag.py:540} INFO - Filling up the DagBag from /home/airflow/.local/lib/python3.8/site-packages/airflow/example_dags/example_branch_datetime_operator.py
[2026-09-10T13:40:41.908+0000] {processor.py:840} INFO - DAG(s) 'example_branch_datetime_operator_3', 'example_branch_datetime_operator', 'example_branch_datetime_operator_2' retrieved from /home/airflow/.local/lib/python3.8/site-packages/airflow/example_dags/example_branch_datetime_operator.py
[2026-09-10T13:40:41.946+0000] {logging_mixin.py:188} INFO - [2026-09-10T13:40:41.946+0000] {dag.py:3047} INFO - Sync 3 DAGs
[2026-09-10T13:40:41.977+0000] {logging_mixin.py:188} INFO - [2026-09-10T13:40:41.977+0000] {dag.py:3834} INFO - Setting next_dagrun for example_branch_datetime_operator to 2026-09-09 00:00:00+00:00, run_after=2026-09-10 00:00:00+00:00
[2026-09-10T13:40:41.983+0000] {logging_mixin.py:188} INFO - [2026-09-10T13:40:41.983+0000] {dag.py:3834} INFO - Setting next_dagrun for example_branch_datetime_operator_2 to 2026-09-09 00:00:00+00:00, run_after=2026-09-10 00:00:00+00:00
[2026-09-10T13:40:41.986+0000] {logging_mixin.py:188} INFO - [2026-09-10T13:40:41.986+0000] {dag.py:3834} INFO - Setting next_dagrun for example_branch_datetime_operator_3 to 2026-09-09 00:00:00+00:00, run_after=2026-09-10 00:00:00+00:00
[2026-09-10T13:40:42.012+0000] {processor.py:183} INFO - Processing /home/airflow/.local/lib/python3.8/site-packages/airflow/example_dags/example_branch_datetime_operator.py took 0.132 seconds
[2026-09-10T13:41:12.375+0000] {processor.py:161} INFO - Started process (PID=174) to work on /home/airflow/.local/lib/python3.8/site-packages/airflow/example_dags/example_branch_datetime_operator.py
[2026-09-10T13:41:12.376+0000] {processor.py:830} INFO - Processing file /home/airflow/.local/lib/python3.8/site-packages/airflow/example_dags/example_branch_datetime_operator.py for tasks to queue
[2026-09-10T13:41:12.379+0000] {logging_mixin.py:188} INFO - [2026-09-10T13:41:12.378+0000] {dagbag.py:540} INFO - Filling up the DagBag from /home/airflow/.local/lib/python3.8/site-packages/airflow/example_dags/example_branch_datetime_operator.py
[2026-09-10T13:41:12.400+0000] {processor.py:840} INFO - DAG(s) 'example_branch_datetime_operator_3', 'example_branch_datetime_operator_2', 'example_branch_datetime_operator' retrieved from /home/airflow/.local/lib/python3.8/site-packages/airflow/example_dags/example_branch_datetime_operator.py
[2026-09-10T13:41:12.461+0000] {logging_mixin.py:188} INFO - [2026-09-10T13:41:12.461+0000] {dag.py:3047} INFO - Sync 3 DAGs
[2026-09-10T13:41:12.529+0000] {logging_mixin.py:188} INFO - [2026-09-10T13:41:12.529+0000] {dag.py:3834} INFO - Setting next_dagrun for example_branch_datetime_operator to 2026-09-09 00:00:00+00:00, run_after=2026-09-10 00:00:00+00:00
[2026-09-10T13:41:12.548+0000] {logging_mixin.py:188} INFO - [2026-09-10T13:41:12.548+0000] {dag.py:3834} INFO - Setting next_dagrun for example_branch_datetime_operator_2 to 2026-09-09 00:00:00+00:00, run_after=2026-09-10 00:00:00+00:00
[2026-09-10T13:41:12.562+0000] {logging_mixin.py:188} INFO - [2026-09-10T13:41:12.562+0000] {dag.py:3834} INFO - Setting next_dagrun for example_branch_datetime_operator_3 to 2026-09-09 00:00:00+00:00, run_after=2026-09-10 00:00:00+00:00
[2026-09-10T13:41:12.603+0000] {processor.py:183} INFO - Processing /home/airflow/.local/lib/python3.8/site-packages/airflow/example_dags/example_branch_datetime_operator.py took 0.233 seconds
[2026-09-10T13:41:43.606+0000] {processor.py:161} INFO - Started process (PID=235) to work on /home/airflow/.local/lib/python3.8/site-packages/airflow/example_dags/example_branch_datetime_operator.py
[2026-09-10T13:41:43.608+0000] {processor.py:830} INFO - Processing file /home/airflow/.local/lib/python3.8/site-packages/airflow/example_dags/example_branch_datetime_operator.py for tasks to queue
[2026-09-10T13:41:43.610+0000] {logging_mixin.py:188} INFO - [2026-09-10T13:41:43.610+0000] {dagbag.py:540} INFO - Filling up the DagBag from /home/airflow/.local/lib/python3.8/site-packages/airflow/example_dags/example_branch_datetime_operator.py
[2026-09-10T13:41:43.628+0000] {processor.py:840} INFO - DAG(s) 'example_branch_datetime_operator_3', 'example_branch_datetime_operator', 'example_branch_datetime_operator_2' retrieved from /home/airflow/.local/lib/python3.8/site-packages/airflow/example_dags/example_branch_datetime_operator.py
[2026-09-10T13:41:43.682+0000] {logging_mixin.py:188} INFO - [2026-09-10T13:41:43.682+0000] {dag.py:3047} INFO - Sync 3 DAGs
[2026-09-10T13:41:43.722+0000] {logging_mixin.py:188} INFO - [2026-09-10T13:41:43.722+0000] {dag.py:3834} INFO - Setting next_dagrun for example_branch_datetime_operator to 2026-09-09 00:00:00+00:00, run_after=2026-09-10 00:00:00+00:00
[2026-09-10T13:41:43.730+0000] {logging_mixin.py:188} INFO - [2026-09-10T13:41:43.730+0000] {dag.py:3834} INFO - Setting next_dagrun for example_branch_datetime_operator_2 to 2026-09-09 00:00:00+00:00, run_after=2026-09-10 00:00:00+00:00
[2026-09-10T13:41:43.737+0000] {logging_mixin.py:188} INFO - [2026-09-10T13:41:43.736+0000] {dag.py:3834} INFO - Setting next_dagrun for example_branch_datetime_operator_3 to 2026-09-09 00:00:00+00:00, run_after=2026-09-10 00:00:00+00:00
[2026-09-10T13:41:43.767+0000] {processor.py:183} INFO - Processing /home/airflow/.local/lib/python3.8/site-packages/airflow/example_dags/example_branch_datetime_operator.py took 0.166 seconds
[2026-09-10T13:42:14.609+0000] {processor.py:161} INFO - Started process (PID=296) to work on /home/airflow/.local/lib/python3.8/site-packages/airflow/example_dags/example_branch_datetime_operator.py
[2026-09-10T13:42:14.611+0000] {processor.py:830} INFO - Processing file /home/airflow/.local/lib/python3.8/site-packages/airflow/example_dags/example_branch_datetime_operator.py for tasks to queue
[2026-09-10T13:42:14.614+0000] {logging_mixin.py:188} INFO - [2026-09-10T13:42:14.613+0000] {dagbag.py:540} INFO - Filling up the DagBag from /home/airflow/.local/lib/python3.8/site-packages/airflow/example_dags/example_branch_datetime_operator.py
[2026-09-10T13:42:14.639+0000] {processor.py:840} INFO - DAG(s) 'example_branch_datetime_operator_3', 'example_branch_datetime_operator_2', 'example_branch_datetime_operator' retrieved from /home/airflow/.local/lib/python3.8/site-packages/airflow/example_dags/example_branch_datetime_operator.py
[2026-09-10T13:42:14.692+0000] {logging_mixin.py:188} INFO - [2026-09-10T13:42:14.692+0000] {dag.py:3047} INFO - Sync 3 DAGs
[2026-09-10T13:42:14.729+0000] {logging_mixin.py:188} INFO - [2026-09-10T13:42:14.728+0000] {dag.py:3834} INFO - Setting next_dagrun for example_branch_datetime_operator to 2026-09-09 00:00:00+00:00, run_after=2026-09-10 00:00:00+00:00
[2026-09-10T13:42:14.740+0000] {logging_mixin.py:188} INFO - [2026-09-10T13:42:14.740+0000] {dag.py:3834} INFO - Setting next_dagrun for example_branch_datetime_operator_2 to 2026-09-09 00:00:00+00:00, run_after=2026-09-10 00:00:00+00:00
[2026-09-10T13:42:14.744+0000] {logging_mixin.py:188} INFO - [2026-09-10T13:42:14.744+0000] {dag.py:3834} INFO - Setting next_dagrun for example_branch_datetime_operator_3 to 2026-09-09 00:00:00+00:00, run_after=2026-09-10 00:00:00+00:00
[2026-09-10T13:42:14.777+0000] {processor.py:183} INFO - Processing /home/airflow/.local/lib/python3.8/site-packages/airflow/example_dags/example_branch_datetime_operator.py took 0.172 seconds
[2026-09-10T13:42:44.943+0000] {processor.py:161} INFO - Started process (PID=357) to work on /home/airflow/.local/lib/python3.8/site-packages/airflow/example_dags/example_branch_datetime_operator.py
[2026-09-10T13:42:44.945+0000] {processor.py:830} INFO - Processing file /home/airflow/.local/lib/python3.8/site-packages/airflow/example_dags/example_branch_datetime_operator.py for tasks to queue
[2026-09-10T13:42:44.948+0000] {logging_mixin.py:188} INFO - [2026-09-10T13:42:44.948+0000] {dagbag.py:540} INFO - Filling up the DagBag from /home/airflow/.local/lib/python3.8/site-packages/airflow/example_dags/example_branch_datetime_operator.py
[2026-09-10T13:42:44.960+0000] {processor.py:840} INFO - DAG(s) 'example_branch_datetime_operator_3', 'example_branch_datetime_operator_2', 'example_branch_datetime_operator' retrieved from /home/airflow/.local/lib/python3.8/site-packages/airflow/example_dags/example_branch_datetime_operator.py
[2026-09-10T13:42:44.995+0000] {logging_mixin.py:188} INFO - [2026-09-10T13:42:44.994+0000] {dag.py:3047} INFO - Sync 3 DAGs
[2026-09-10T13:42:45.023+0000] {logging_mixin.py:188} INFO - [2026-09-10T13:42:45.023+0000] {dag.py:3834} INFO - Setting next_dagrun for example_branch_datetime_operator to 2026-09-09 00:00:00+00:00, run_after=2026-09-10 00:00:00+00:00
[2026-09-10T13:42:45.029+0000] {logging_mixin.py:188} INFO - [2026-09-10T13:42:45.028+0000] {dag.py:3834} INFO - Setting next_dagrun for example_branch_datetime_operator_2 to 2026-09-09 00:00:00+00:00, run_after=2026-09-10 00:00:00+00:00
[2026-09-10T13:42:45.034+0000] {logging_mixin.py:188} INFO - [2026-09-10T13:42:45.034+0000] {dag.py:3834} INFO - Setting next_dagrun for example_branch_datetime_operator_3 to 2026-09-09 00:00:00+00:00, run_after=2026-09-10 00:00:00+00:00
[2026-09-10T13:42:45.057+0000] {processor.py:183} INFO - Processing /home/airflow/.local/lib/python3.8/site-packages/airflow/example_dags/example_branch_datetime_operator.py took 0.117 seconds
[2026-09-10T13:44:18.476+0000] {processor.py:161} INFO - Started process (PID=124) to work on /home/airflow/.local/lib/python3.8/site-packages/airflow/example_dags/example_branch_datetime_operator.py
[2026-09-10T13:44:18.478+0000] {processor.py:830} INFO - Processing file /home/airflow/.local/lib/python3.8/site-packages/airflow/example_dags/example_branch_datetime_operator.py for tasks to queue
[2026-09-10T13:44:18.481+0000] {logging_mixin.py:188} INFO - [2026-09-10T13:44:18.480+0000] {dagbag.py:540} INFO - Filling up the DagBag from /home/airflow/.local/lib/python3.8/site-packages/airflow/example_dags/example_branch_datetime_operator.py
[2026-09-10T13:44:18.501+0000] {processor.py:840} INFO - DAG(s) 'example_branch_datetime_operator_3', 'example_branch_datetime_operator', 'example_branch_datetime_operator_2' retrieved from /home/airflow/.local/lib/python3.8/site-packages/airflow/example_dags/example_branch_datetime_operator.py
[2026-09-10T13:44:18.656+0000] {logging_mixin.py:188} INFO - [2026-09-10T13:44:18.655+0000] {dag.py:3047} INFO - Sync 3 DAGs
[2026-09-10T13:44:18.679+0000] {logging_mixin.py:188} INFO - [2026-09-10T13:44:18.679+0000] {dag.py:3834} INFO - Setting next_dagrun for example_branch_datetime_operator to 2026-09-09 00:00:00+00:00, run_after=2026-09-10 00:00:00+00:00
[2026-09-10T13:44:18.684+0000] {logging_mixin.py:188} INFO - [2026-09-10T13:44:18.684+0000] {dag.py:3834} INFO - Setting next_dagrun for example_branch_datetime_operator_2 to 2026-09-09 00:00:00+00:00, run_after=2026-09-10 00:00:00+00:00
[2026-09-10T13:44:18.687+0000] {logging_mixin.py:188} INFO - [2026-09-10T13:44:18.687+0000] {dag.py:3834} INFO - Setting next_dagrun for example_branch_datetime_operator_3 to 2026-09-09 00:00:00+00:00, run_after=2026-09-10 00:00:00+00:00
[2026-09-10T13:44:18.709+0000] {processor.py:183} INFO - Processing /home/airflow/.local/lib/python3.8/site-packages/airflow/example_dags/example_branch_datetime_operator.py took 0.237 seconds
[2026-09-10T13:44:48.814+0000] {processor.py:161} INFO - Started process (PID=185) to work on /home/airflow/.local/lib/python3.8/site-packages/airflow/example_dags/example_branch_datetime_operator.py
[2026-09-10T13:44:48.816+0000] {processor.py:830} INFO - Processing file /home/airflow/.local/lib/python3.8/site-packages/airflow/example_dags/example_branch_datetime_operator.py for tasks to queue
[2026-09-10T13:44:48.820+0000] {logging_mixin.py:188} INFO - [2026-09-10T13:44:48.819+0000] {dagbag.py:540} INFO - Filling up the DagBag from /home/airflow/.local/lib/python3.8/site-packages/airflow/example_dags/example_branch_datetime_operator.py
[2026-09-10T13:44:48.836+0000] {processor.py:840} INFO - DAG(s) 'example_branch_datetime_operator', 'example_branch_datetime_operator_2', 'example_branch_datetime_operator_3' retrieved from /home/airflow/.local/lib/python3.8/site-packages/airflow/example_dags/example_branch_datetime_operator.py
[2026-09-10T13:44:48.875+0000] {logging_mixin.py:188} INFO - [2026-09-10T13:44:48.874+0000] {dag.py:3047} INFO - Sync 3 DAGs
[2026-09-10T13:44:48.908+0000] {logging_mixin.py:188} INFO - [2026-09-10T13:44:48.907+0000] {dag.py:3834} INFO - Setting next_dagrun for example_branch_datetime_operator to 2026-09-09 00:00:00+00:00, run_after=2026-09-10 00:00:00+00:00
[2026-09-10T13:44:48.913+0000] {logging_mixin.py:188} INFO - [2026-09-10T13:44:48.913+0000] {dag.py:3834} INFO - Setting next_dagrun for example_branch_datetime_operator_2 to 2026-09-09 00:00:00+00:00, run_after=2026-09-10 00:00:00+00:00
[2026-09-10T13:44:48.917+0000] {logging_mixin.py:188} INFO - [2026-09-10T13:44:48.916+0000] {dag.py:3834} INFO - Setting next_dagrun for example_branch_datetime_operator_3 to 2026-09-09 00:00:00+00:00, run_after=2026-09-10 00:00:00+00:00
[2026-09-10T13:44:48.975+0000] {processor.py:183} INFO - Processing /home/airflow/.local/lib/python3.8/site-packages/airflow/example_dags/example_branch_datetime_operator.py took 0.168 seconds
[2026-09-10T13:45:19.476+0000] {processor.py:161} INFO - Started process (PID=246) to work on /home/airflow/.local/lib/python3.8/site-packages/airflow/example_dags/example_branch_datetime_operator.py
[2026-09-10T13:45:19.478+0000] {processor.py:830} INFO - Processing file /home/airflow/.local/lib/python3.8/site-packages/airflow/example_dags/example_branch_datetime_operator.py for tasks to queue
[2026-09-10T13:45:19.481+0000] {logging_mixin.py:188} INFO - [2026-09-10T13:45:19.481+0000] {dagbag.py:540} INFO - Filling up the DagBag from /home/airflow/.local/lib/python3.8/site-packages/airflow/example_dags/example_branch_datetime_operator.py
[2026-09-10T13:45:19.499+0000] {processor.py:840} INFO - DAG(s) 'example_branch_datetime_operator', 'example_branch_datetime_operator_2', 'example_branch_datetime_operator_3' retrieved from /home/airflow/.local/lib/python3.8/site-packages/airflow/example_dags/example_branch_datetime_operator.py
[2026-09-10T13:45:19.551+0000] {logging_mixin.py:188} INFO - [2026-09-10T13:45:19.551+0000] {dag.py:3047} INFO - Sync 3 DAGs
[2026-09-10T13:45:19.577+0000] {logging_mixin.py:188} INFO - [2026-09-10T13:45:19.577+0000] {dag.py:3834} INFO - Setting next_dagrun for example_branch_datetime_operator to 2026-09-09 00:00:00+00:00, run_after=2026-09-10 00:00:00+00:00
[2026-09-10T13:45:19.583+0000] {logging_mixin.py:188} INFO - [2026-09-10T13:45:19.583+0000] {dag.py:3834} INFO - Setting next_dagrun for example_branch_datetime_operator_2 to 2026-09-09 00:00:00+00:00, run_after=2026-09-10 00:00:00+00:00
[2026-09-10T13:45:19.587+0000] {logging_mixin.py:188} INFO - [2026-09-10T13:45:19.586+0000] {dag.py:3834} INFO - Setting next_dagrun for example_branch_datetime_operator_3 to 2026-09-09 00:00:00+00:00, run_after=2026-09-10 00:00:00+00:00
[2026-09-10T13:45:19.629+0000] {processor.py:183} INFO - Processing /home/airflow/.local/lib/python3.8/site-packages/airflow/example_dags/example_branch_datetime_operator.py took 0.161 seconds
[2026-09-10T13:45:50.528+0000] {processor.py:161} INFO - Started process (PID=307) to work on /home/airflow/.local/lib/python3.8/site-packages/airflow/example_dags/example_branch_datetime_operator.py
[2026-09-10T13:45:50.531+0000] {processor.py:830} INFO - Processing file /home/airflow/.local/lib/python3.8/site-packages/airflow/example_dags/example_branch_datetime_operator.py for tasks to queue
[2026-09-10T13:45:50.534+0000] {logging_mixin.py:188} INFO - [2026-09-10T13:45:50.533+0000] {dagbag.py:540} INFO - Filling up the DagBag from /home/airflow/.local/lib/python3.8/site-packages/airflow/example_dags/example_branch_datetime_operator.py
[2026-09-10T13:45:50.546+0000] {processor.py:840} INFO - DAG(s) 'example_branch_datetime_operator', 'example_branch_datetime_operator_3', 'example_branch_datetime_operator_2' retrieved from /home/airflow/.local/lib/python3.8/site-packages/airflow/example_dags/example_branch_datetime_operator.py
[2026-09-10T13:45:50.579+0000] {logging_mixin.py:188} INFO - [2026-09-10T13:45:50.578+0000] {dag.py:3047} INFO - Sync 3 DAGs
[2026-09-10T13:45:50.603+0000] {logging_mixin.py:188} INFO - [2026-09-10T13:45:50.603+0000] {dag.py:3834} INFO - Setting next_dagrun for example_branch_datetime_operator to 2026-09-09 00:00:00+00:00, run_after=2026-09-10 00:00:00+00:00
[2026-09-10T13:45:50.609+0000] {logging_mixin.py:188} INFO - [2026-09-10T13:45:50.608+0000] {dag.py:3834} INFO - Setting next_dagrun for example_branch_datetime_operator_2 to 2026-09-09 00:00:00+00:00, run_after=2026-09-10 00:00:00+00:00
[2026-09-10T13:45:50.615+0000] {logging_mixin.py:188} INFO - [2026-09-10T13:45:50.614+0000] {dag.py:3834} INFO - Setting next_dagrun for example_branch_datetime_operator_3 to 2026-09-09 00:00:00+00:00, run_after=2026-09-10 00:00:00+00:00
[2026-09-10T13:45:50.717+0000] {processor.py:183} INFO - Processing /home/airflow/.local/lib/python3.8/site-packages/airflow/example_dags/example_branch_datetime_operator.py took 0.193 seconds
[2026-09-10T13:46:22.045+0000] {processor.py:161} INFO - Started process (PID=368) to work on /home/airflow/.local/lib/python3.8/site-packages/airflow/example_dags/example_branch_datetime_operator.py
[2026-09-10T13:46:22.047+0000] {processor.py:830} INFO - Processing file /home/airflow/.local/lib/python3.8/site-packages/airflow/example_dags/example_branch_datetime_operator.py for tasks to queue
[2026-09-10T13:46:22.049+0000] {logging_mixin.py:188} INFO - [2026-09-10T13:46:22.049+0000] {dagbag.py:540} INFO - Filling up the DagBag from /home/airflow/.local/lib/python3.8/site-packages/airflow/example_dags/example_branch_datetime_operator.py
[2026-09-10T13:46:22.061+0000] {processor.py:840} INFO - DAG(s) 'example_branch_datetime_operator_2', 'example_branch_datetime_operator', 'example_branch_datetime_operator_3' retrieved from /home/airflow/.local/lib/python3.8/site-packages/airflow/example_dags/example_branch_datetime_operator.py
[2026-09-10T13:46:22.091+0000] {logging_mixin.py:188} INFO - [2026-09-10T13:46:22.091+0000] {dag.py:3047} INFO - Sync 3 DAGs
[2026-09-10T13:46:22.115+0000] {logging_mixin.py:188} INFO - [2026-09-10T13:46:22.114+0000] {dag.py:3834} INFO - Setting next_dagrun for example_branch_datetime_operator to 2026-09-09 00:00:00+00:00, run_after=2026-09-10 00:00:00+00:00
[2026-09-10T13:46:22.120+0000] {logging_mixin.py:188} INFO - [2026-09-10T13:46:22.120+0000] {dag.py:3834} INFO - Setting next_dagrun for example_branch_datetime_operator_2 to 2026-09-09 00:00:00+00:00, run_after=2026-09-10 00:00:00+00:00
[2026-09-10T13:46:22.124+0000] {logging_mixin.py:188} INFO - [2026-09-10T13:46:22.124+0000] {dag.py:3834} INFO - Setting next_dagrun for example_branch_datetime_operator_3 to 2026-09-09 00:00:00+00:00, run_after=2026-09-10 00:00:00+00:00
[2026-09-10T13:46:22.342+0000] {processor.py:183} INFO - Processing /home/airflow/.local/lib/python3.8/site-packages/airflow/example_dags/example_branch_datetime_operator.py took 0.300 seconds
[2026-09-10T13:46:55.506+0000] {processor.py:161} INFO - Started process (PID=429) to work on /home/airflow/.local/lib/python3.8/site-packages/airflow/example_dags/example_branch_datetime_operator.py
[2026-09-10T13:46:55.508+0000] {processor.py:830} INFO - Processing file /home/airflow/.local/lib/python3.8/site-packages/airflow/example_dags/example_branch_datetime_operator.py for tasks to queue
[2026-09-10T13:46:55.512+0000] {logging_mixin.py:188} INFO - [2026-09-10T13:46:55.512+0000] {dagbag.py:540} INFO - Filling up the DagBag from /home/airflow/.local/lib/python3.8/site-packages/airflow/example_dags/example_branch_datetime_operator.py
[2026-09-10T13:46:55.526+0000] {processor.py:840} INFO - DAG(s) 'example_branch_datetime_operator', 'example_branch_datetime_operator_3', 'example_branch_datetime_operator_2' retrieved from /home/airflow/.local/lib/python3.8/site-packages/airflow/example_dags/example_branch_datetime_operator.py
[2026-09-10T13:46:55.570+0000] {logging_mixin.py:188} INFO - [2026-09-10T13:46:55.569+0000] {dag.py:3047} INFO - Sync 3 DAGs
[2026-09-10T13:46:55.602+0000] {logging_mixin.py:188} INFO - [2026-09-10T13:46:55.601+0000] {dag.py:3834} INFO - Setting next_dagrun for example_branch_datetime_operator to 2026-09-09 00:00:00+00:00, run_after=2026-09-10 00:00:00+00:00
[2026-09-10T13:46:55.652+0000] {logging_mixin.py:188} INFO - [2026-09-10T13:46:55.652+0000] {dag.py:3834} INFO - Setting next_dagrun for example_branch_datetime_operator_2 to 2026-09-09 00:00:00+00:00, run_after=2026-09-10 00:00:00+00:00
[2026-09-10T13:46:55.656+0000] {logging_mixin.py:188} INFO - [2026-09-10T13:46:55.655+0000] {dag.py:3834} INFO - Setting next_dagrun for example_branch_datetime_operator_3 to 2026-09-09 00:00:00+00:00, run_after=2026-09-10 00:00:00+00:00
[2026-09-10T13:46:55.862+0000] {processor.py:183} INFO - Processing /home/airflow/.local/lib/python3.8/site-packages/airflow/example_dags/example_branch_datetime_operator.py took 0.362 seconds
[2026-09-10T13:47:26.496+0000] {processor.py:161} INFO - Started process (PID=490) to work on /home/airflow/.local/lib/python3.8/site-packages/airflow/example_dags/example_branch_datetime_operator.py
[2026-09-10T13:47:26.498+0000] {processor.py:830} INFO - Processing file /home/airflow/.local/lib/python3.8/site-packages/airflow/example_dags/example_branch_datetime_operator.py for tasks to queue
[2026-09-10T13:47:26.500+0000] {logging_mixin.py:188} INFO - [2026-09-10T13:47:26.500+0000] {dagbag.py:540} INFO - Filling up the DagBag from /home/airflow/.local/lib/python3.8/site-packages/airflow/example_dags/example_branch_datetime_operator.py
[2026-09-10T13:47:26.512+0000] {processor.py:840} INFO - DAG(s) 'example_branch_datetime_operator_2', 'example_branch_datetime_operator_3', 'example_branch_datetime_operator' retrieved from /home/airflow/.local/lib/python3.8/site-packages/airflow/example_dags/example_branch_datetime_operator.py
[2026-09-10T13:47:26.554+0000] {logging_mixin.py:188} INFO - [2026-09-10T13:47:26.554+0000] {dag.py:3047} INFO - Sync 3 DAGs
[2026-09-10T13:47:26.593+0000] {logging_mixin.py:188} INFO - [2026-09-10T13:47:26.592+0000] {dag.py:3834} INFO - Setting next_dagrun for example_branch_datetime_operator to 2026-09-09 00:00:00+00:00, run_after=2026-09-10 00:00:00+00:00
[2026-09-10T13:47:26.603+0000] {logging_mixin.py:188} INFO - [2026-09-10T13:47:26.602+0000] {dag.py:3834} INFO - Setting next_dagrun for example_branch_datetime_operator_2 to 2026-09-09 00:00:00+00:00, run_after=2026-09-10 00:00:00+00:00
[2026-09-10T13:47:26.607+0000] {logging_mixin.py:188} INFO - [2026-09-10T13:47:26.607+0000] {dag.py:3834} INFO - Setting next_dagrun for example_branch_datetime_operator_3 to 2026-09-09 00:00:00+00:00, run_after=2026-09-10 00:00:00+00:00
[2026-09-10T13:47:26.663+0000] {processor.py:183} INFO - Processing /home/airflow/.local/lib/python3.8/site-packages/airflow/example_dags/example_branch_datetime_operator.py took 0.172 seconds
[2026-09-10T13:47:57.003+0000] {processor.py:161} INFO - Started process (PID=559) to work on /home/airflow/.local/lib/python3.8/site-packages/airflow/example_dags/example_branch_datetime_operator.py
[2026-09-10T13:47:57.004+0000] {processor.py:830} INFO - Processing file /home/airflow/.local/lib/python3.8/site-packages/airflow/example_dags/example_branch_datetime_operator.py for tasks to queue
[2026-09-10T13:47:57.007+0000] {logging_mixin.py:188} INFO - [2026-09-10T13:47:57.006+0000] {dagbag.py:540} INFO - Filling up the DagBag from /home/airflow/.local/lib/python3.8/site-packages/airflow/example_dags/example_branch_datetime_operator.py
[2026-09-10T13:47:57.020+0000] {processor.py:840} INFO - DAG(s) 'example_branch_datetime_operator', 'example_branch_datetime_operator_3', 'example_branch_datetime_operator_2' retrieved from /home/airflow/.local/lib/python3.8/site-packages/airflow/example_dags/example_branch_datetime_operator.py
[2026-09-10T13:47:57.061+0000] {logging_mixin.py:188} INFO - [2026-09-10T13:47:57.061+0000] {dag.py:3047} INFO - Sync 3 DAGs
[2026-09-10T13:47:57.094+0000] {logging_mixin.py:188} INFO - [2026-09-10T13:47:57.093+0000] {dag.py:3834} INFO - Setting next_dagrun for example_branch_datetime_operator to 2026-09-09 00:00:00+00:00, run_after=2026-09-10 00:00:00+00:00
[2026-09-10T13:47:57.101+0000] {logging_mixin.py:188} INFO - [2026-09-10T13:47:57.100+0000] {dag.py:3834} INFO - Setting next_dagrun for example_branch_datetime_operator_2 to 2026-09-09 00:00:00+00:00, run_after=2026-09-10 00:00:00+00:00
[2026-09-10T13:47:57.105+0000] {logging_mixin.py:188} INFO - [2026-09-10T13:47:57.104+0000] {dag.py:3834} INFO - Setting next_dagrun for example_branch_datetime_operator_3 to 2026-09-09 00:00:00+00:00, run_after=2026-09-10 00:00:00+00:00
[2026-09-10T13:47:57.169+0000] {processor.py:183} INFO - Processing /home/airflow/.local/lib/python3.8/site-packages/airflow/example_dags/example_branch_datetime_operator.py took 0.170 seconds
[2026-09-10T13:48:27.863+0000] {processor.py:161} INFO - Started process (PID=620) to work on /home/airflow/.local/lib/python3.8/site-packages/airflow/example_dags/example_branch_datetime_operator.py
[2026-09-10T13:48:27.865+0000] {processor.py:830} INFO - Processing file /home/airflow/.local/lib/python3.8/site-packages/airflow/example_dags/example_branch_datetime_operator.py for tasks to queue
[2026-09-10T13:48:27.869+0000] {logging_mixin.py:188} INFO - [2026-09-10T13:48:27.868+0000] {dagbag.py:540} INFO - Filling up the DagBag from /home/airflow/.local/lib/python3.8/site-packages/airflow/example_dags/example_branch_datetime_operator.py
[2026-09-10T13:48:27.892+0000] {processor.py:840} INFO - DAG(s) 'example_branch_datetime_operator', 'example_branch_datetime_operator_3', 'example_branch_datetime_operator_2' retrieved from /home/airflow/.local/lib/python3.8/site-packages/airflow/example_dags/example_branch_datetime_operator.py
[2026-09-10T13:48:27.934+0000] {logging_mixin.py:188} INFO - [2026-09-10T13:48:27.933+0000] {dag.py:3047} INFO - Sync 3 DAGs
[2026-09-10T13:48:27.977+0000] {logging_mixin.py:188} INFO - [2026-09-10T13:48:27.976+0000] {dag.py:3834} INFO - Setting next_dagrun for example_branch_datetime_operator to 2026-09-09 00:00:00+00:00, run_after=2026-09-10 00:00:00+00:00
[2026-09-10T13:48:27.982+0000] {logging_mixin.py:188} INFO - [2026-09-10T13:48:27.982+0000] {dag.py:3834} INFO - Setting next_dagrun for example_branch_datetime_operator_2 to 2026-09-09 00:00:00+00:00, run_after=2026-09-10 00:00:00+00:00
[2026-09-10T13:48:27.986+0000] {logging_mixin.py:188} INFO - [2026-09-10T13:48:27.986+0000] {dag.py:3834} INFO - Setting next_dagrun for example_branch_datetime_operator_3 to 2026-09-09 00:00:00+00:00, run_after=2026-09-10 00:00:00+00:00
[2026-09-10T13:48:28.068+0000] {processor.py:183} INFO - Processing /home/airflow/.local/lib/python3.8/site-packages/airflow/example_dags/example_branch_datetime_operator.py took 0.211 seconds
[2026-09-10T13:48:58.169+0000] {processor.py:161} INFO - Started process (PID=681) to work on /home/airflow/.local/lib/python3.8/site-packages/airflow/example_dags/example_branch_datetime_operator.py
[2026-09-10T13:48:58.171+0000] {processor.py:830} INFO - Processing file /home/airflow/.local/lib/python3.8/site-packages/airflow/example_dags/example_branch_datetime_operator.py for tasks to queue
[2026-09-10T13:48:58.174+0000] {logging_mixin.py:188} INFO - [2026-09-10T13:48:58.174+0000] {dagbag.py:540} INFO - Filling up the DagBag from /home/airflow/.local/lib/python3.8/site-packages/airflow/example_dags/example_branch_datetime_operator.py
[2026-09-10T13:48:58.191+0000] {processor.py:840} INFO - DAG(s) 'example_branch_datetime_operator', 'example_branch_datetime_operator_3', 'example_branch_datetime_operator_2' retrieved from /home/airflow/.local/lib/python3.8/site-packages/airflow/example_dags/example_branch_datetime_operator.py
[2026-09-10T13:48:58.227+0000] {logging_mixin.py:188} INFO - [2026-09-10T13:48:58.226+0000] {dag.py:3047} INFO - Sync 3 DAGs
[2026-09-10T13:48:58.256+0000] {logging_mixin.py:188} INFO - [2026-09-10T13:48:58.256+0000] {dag.py:3834} INFO - Setting next_dagrun for example_branch_datetime_operator to 2026-09-09 00:00:00+00:00, run_after=2026-09-10 00:00:00+00:00
[2026-09-10T13:48:58.265+0000] {logging_mixin.py:188} INFO - [2026-09-10T13:48:58.264+0000] {dag.py:3834} INFO - Setting next_dagrun for example_branch_datetime_operator_2 to 2026-09-09 00:00:00+00:00, run_after=2026-09-10 00:00:00+00:00
[2026-09-10T13:48:58.269+0000] {logging_mixin.py:188} INFO - [2026-09-10T13:48:58.268+0000] {dag.py:3834} INFO - Setting next_dagrun for example_branch_datetime_operator_3 to 2026-09-09 00:00:00+00:00, run_after=2026-09-10 00:00:00+00:00
[2026-09-10T13:48:58.329+0000] {processor.py:183} INFO - Processing /home/airflow/.local/lib/python3.8/site-packages/airflow/example_dags/example_branch_datetime_operator.py took 0.168 seconds
[2026-09-10T13:49:28.506+0000] {processor.py:161} INFO - Started process (PID=742) to work on /home/airflow/.local/lib/python3.8/site-packages/airflow/example_dags/example_branch_datetime_operator.py
[2026-09-10T13:49:28.508+0000] {processor.py:830} INFO - Processing file /home/airflow/.local/lib/python3.8/site-packages/airflow/example_dags/example_branch_datetime_operator.py for tasks to queue
[2026-09-10T13:49:28.512+0000] {logging_mixin.py:188} INFO - [2026-09-10T13:49:28.511+0000] {dagbag.py:540} INFO - Filling up the DagBag from /home/airflow/.local/lib/python3.8/site-packages/airflow/example_dags/example_branch_datetime_operator.py
[2026-09-10T13:49:28.526+0000] {processor.py:840} INFO - DAG(s) 'example_branch_datetime_operator', 'example_branch_datetime_operator_3', 'example_branch_datetime_operator_2' retrieved from /home/airflow/.local/lib/python3.8/site-packages/airflow/example_dags/example_branch_datetime_operator.py
[2026-09-10T13:49:28.558+0000] {logging_mixin.py:188} INFO - [2026-09-10T13:49:28.558+0000] {dag.py:3047} INFO - Sync 3 DAGs
[2026-09-10T13:49:28.581+0000] {logging_mixin.py:188} INFO - [2026-09-10T13:49:28.581+0000] {dag.py:3834} INFO - Setting next_dagrun for example_branch_datetime_operator to 2026-09-09 00:00:00+00:00, run_after=2026-09-10 00:00:00+00:00
[2026-09-10T13:49:28.587+0000] {logging_mixin.py:188} INFO - [2026-09-10T13:49:28.587+0000] {dag.py:3834} INFO - Setting next_dagrun for example_branch_datetime_operator_2 to 2026-09-09 00:00:00+00:00, run_after=2026-09-10 00:00:00+00:00
[2026-09-10T13:49:28.591+0000] {logging_mixin.py:188} INFO - [2026-09-10T13:49:28.591+0000] {dag.py:3834} INFO - Setting next_dagrun for example_branch_datetime_operator_3 to 2026-09-09 00:00:00+00:00, run_after=2026-09-10 00:00:00+00:00
[2026-09-10T13:49:28.666+0000] {processor.py:183} INFO - Processing /home/airflow/.local/lib/python3.8/site-packages/airflow/example_dags/example_branch_datetime_operator.py took 0.165 seconds
[2026-09-10T13:49:59.148+0000] {processor.py:161} INFO - Started process (PID=803) to work on /home/airflow/.local/lib/python3.8/site-packages/airflow/example_dags/example_branch_datetime_operator.py
[2026-09-10T13:49:59.150+0000] {processor.py:830} INFO - Processing file /home/airflow/.local/lib/python3.8/site-packages/airflow/example_dags/example_branch_datetime_operator.py for tasks to queue
[2026-09-10T13:49:59.153+0000] {logging_mixin.py:188} INFO - [2026-09-10T13:49:59.153+0000] {dagbag.py:540} INFO - Filling up the DagBag from /home/airflow/.local/lib/python3.8/site-packages/airflow/example_dags/example_branch_datetime_operator.py
[2026-09-10T13:49:59.169+0000] {processor.py:840} INFO - DAG(s) 'example_branch_datetime_operator_2', 'example_branch_datetime_operator', 'example_branch_datetime_operator_3' retrieved from /home/airflow/.local/lib/python3.8/site-packages/airflow/example_dags/example_branch_datetime_operator.py
[2026-09-10T13:49:59.215+0000] {logging_mixin.py:188} INFO - [2026-09-10T13:49:59.215+0000] {dag.py:3047} INFO - Sync 3 DAGs
[2026-09-10T13:49:59.252+0000] {logging_mixin.py:188} INFO - [2026-09-10T13:49:59.252+0000] {dag.py:3834} INFO - Setting next_dagrun for example_branch_datetime_operator to 2026-09-09 00:00:00+00:00, run_after=2026-09-10 00:00:00+00:00
[2026-09-10T13:49:59.262+0000] {logging_mixin.py:188} INFO - [2026-09-10T13:49:59.261+0000] {dag.py:3834} INFO - Setting next_dagrun for example_branch_datetime_operator_2 to 2026-09-09 00:00:00+00:00, run_after=2026-09-10 00:00:00+00:00
[2026-09-10T13:49:59.266+0000] {logging_mixin.py:188} INFO - [2026-09-10T13:49:59.266+0000] {dag.py:3834} INFO - Setting next_dagrun for example_branch_datetime_operator_3 to 2026-09-09 00:00:00+00:00, run_after=2026-09-10 00:00:00+00:00
[2026-09-10T13:49:59.338+0000] {processor.py:183} INFO - Processing /home/airflow/.local/lib/python3.8/site-packages/airflow/example_dags/example_branch_datetime_operator.py took 0.200 seconds
[2026-09-10T13:50:30.460+0000] {processor.py:161} INFO - Started process (PID=864) to work on /home/airflow/.local/lib/python3.8/site-packages/airflow/example_dags/example_branch_datetime_operator.py
[2026-09-10T13:50:30.464+0000] {processor.py:830} INFO - Processing file /home/airflow/.local/lib/python3.8/site-packages/airflow/example_dags/example_branch_datetime_operator.py for tasks to queue
[2026-09-10T13:50:30.468+0000] {logging_mixin.py:188} INFO - [2026-09-10T13:50:30.467+0000] {dagbag.py:540} INFO - Filling up the DagBag from /home/airflow/.local/lib/python3.8/site-packages/airflow/example_dags/example_branch_datetime_operator.py
[2026-09-10T13:50:30.488+0000] {processor.py:840} INFO - DAG(s) 'example_branch_datetime_operator', 'example_branch_datetime_operator_3', 'example_branch_datetime_operator_2' retrieved from /home/airflow/.local/lib/python3.8/site-packages/airflow/example_dags/example_branch_datetime_operator.py
[2026-09-10T13:50:30.525+0000] {logging_mixin.py:188} INFO - [2026-09-10T13:50:30.525+0000] {dag.py:3047} INFO - Sync 3 DAGs
[2026-09-10T13:50:30.561+0000] {logging_mixin.py:188} INFO - [2026-09-10T13:50:30.560+0000] {dag.py:3834} INFO - Setting next_dagrun for example_branch_datetime_operator to 2026-09-09 00:00:00+00:00, run_after=2026-09-10 00:00:00+00:00
[2026-09-10T13:50:30.571+0000] {logging_mixin.py:188} INFO - [2026-09-10T13:50:30.571+0000] {dag.py:3834} INFO - Setting next_dagrun for example_branch_datetime_operator_2 to 2026-09-09 00:00:00+00:00, run_after=2026-09-10 00:00:00+00:00
[2026-09-10T13:50:30.575+0000] {logging_mixin.py:188} INFO - [2026-09-10T13:50:30.575+0000] {dag.py:3834} INFO - Setting next_dagrun for example_branch_datetime_operator_3 to 2026-09-09 00:00:00+00:00, run_after=2026-09-10 00:00:00+00:00
[2026-09-10T13:50:30.650+0000] {processor.py:183} INFO - Processing /home/airflow/.local/lib/python3.8/site-packages/airflow/example_dags/example_branch_datetime_operator.py took 0.197 seconds
[2026-09-10T13:51:00.740+0000] {processor.py:161} INFO - Started process (PID=929) to work on /home/airflow/.local/lib/python3.8/site-packages/airflow/example_dags/example_branch_datetime_operator.py
[2026-09-10T13:51:00.743+0000] {processor.py:830} INFO - Processing file /home/airflow/.local/lib/python3.8/site-packages/airflow/example_dags/example_branch_datetime_operator.py for tasks to queue
[2026-09-10T13:51:00.746+0000] {logging_mixin.py:188} INFO - [2026-09-10T13:51:00.745+0000] {dagbag.py:540} INFO - Filling up the DagBag from /home/airflow/.local/lib/python3.8/site-packages/airflow/example_dags/example_branch_datetime_operator.py
[2026-09-10T13:51:00.757+0000] {processor.py:840} INFO - DAG(s) 'example_branch_datetime_operator_3', 'example_branch_datetime_operator', 'example_branch_datetime_operator_2' retrieved from /home/airflow/.local/lib/python3.8/site-packages/airflow/example_dags/example_branch_datetime_operator.py
[2026-09-10T13:51:00.792+0000] {logging_mixin.py:188} INFO - [2026-09-10T13:51:00.792+0000] {dag.py:3047} INFO - Sync 3 DAGs
[2026-09-10T13:51:00.819+0000] {logging_mixin.py:188} INFO - [2026-09-10T13:51:00.818+0000] {dag.py:3834} INFO - Setting next_dagrun for example_branch_datetime_operator to 2026-09-09 00:00:00+00:00, run_after=2026-09-10 00:00:00+00:00
[2026-09-10T13:51:00.830+0000] {logging_mixin.py:188} INFO - [2026-09-10T13:51:00.830+0000] {dag.py:3834} INFO - Setting next_dagrun for example_branch_datetime_operator_2 to 2026-09-09 00:00:00+00:00, run_after=2026-09-10 00:00:00+00:00
[2026-09-10T13:51:00.836+0000] {logging_mixin.py:188} INFO - [2026-09-10T13:51:00.835+0000] {dag.py:3834} INFO - Setting next_dagrun for example_branch_datetime_operator_3 to 2026-09-09 00:00:00+00:00, run_after=2026-09-10 00:00:00+00:00
[2026-09-10T13:51:00.860+0000] {processor.py:183} INFO - Processing /home/airflow/.local/lib/python3.8/site-packages/airflow/example_dags/example_branch_datetime_operator.py took 0.123 seconds
[2026-09-10T13:51:31.553+0000] {processor.py:161} INFO - Started process (PID=990) to work on /home/airflow/.local/lib/python3.8/site-packages/airflow/example_dags/example_branch_datetime_operator.py
[2026-09-10T13:51:31.555+0000] {processor.py:830} INFO - Processing file /home/airflow/.local/lib/python3.8/site-packages/airflow/example_dags/example_branch_datetime_operator.py for tasks to queue
[2026-09-10T13:51:31.558+0000] {logging_mixin.py:188} INFO - [2026-09-10T13:51:31.557+0000] {dagbag.py:540} INFO - Filling up the DagBag from /home/airflow/.local/lib/python3.8/site-packages/airflow/example_dags/example_branch_datetime_operator.py
[2026-09-10T13:51:31.571+0000] {processor.py:840} INFO - DAG(s) 'example_branch_datetime_operator_3', 'example_branch_datetime_operator', 'example_branch_datetime_operator_2' retrieved from /home/airflow/.local/lib/python3.8/site-packages/airflow/example_dags/example_branch_datetime_operator.py
[2026-09-10T13:51:31.606+0000] {logging_mixin.py:188} INFO - [2026-09-10T13:51:31.606+0000] {dag.py:3047} INFO - Sync 3 DAGs
[2026-09-10T13:51:31.647+0000] {logging_mixin.py:188} INFO - [2026-09-10T13:51:31.647+0000] {dag.py:3834} INFO - Setting next_dagrun for example_branch_datetime_operator to 2026-09-09 00:00:00+00:00, run_after=2026-09-10 00:00:00+00:00
[2026-09-10T13:51:31.655+0000] {logging_mixin.py:188} INFO - [2026-09-10T13:51:31.655+0000] {dag.py:3834} INFO - Setting next_dagrun for example_branch_datetime_operator_2 to 2026-09-09 00:00:00+00:00, run_after=2026-09-10 00:00:00+00:00
[2026-09-10T13:51:31.659+0000] {logging_mixin.py:188} INFO - [2026-09-10T13:51:31.659+0000] {dag.py:3834} INFO - Setting next_dagrun for example_branch_datetime_operator_3 to 2026-09-09 00:00:00+00:00, run_after=2026-09-10 00:00:00+00:00
[2026-09-10T13:51:31.684+0000] {processor.py:183} INFO - Processing /home/airflow/.local/lib/python3.8/site-packages/airflow/example_dags/example_branch_datetime_operator.py took 0.136 seconds
[2026-09-10T13:52:01.971+0000] {processor.py:161} INFO - Started process (PID=1051) to work on /home/airflow/.local/lib/python3.8/site-packages/airflow/example_dags/example_branch_datetime_operator.py
[2026-09-10T13:52:01.973+0000] {processor.py:830} INFO - Processing file /home/airflow/.local/lib/python3.8/site-packages/airflow/example_dags/example_branch_datetime_operator.py for tasks to queue
[2026-09-10T13:52:01.977+0000] {logging_mixin.py:188} INFO - [2026-09-10T13:52:01.976+0000] {dagbag.py:540} INFO - Filling up the DagBag from /home/airflow/.local/lib/python3.8/site-packages/airflow/example_dags/example_branch_datetime_operator.py
[2026-09-10T13:52:01.991+0000] {processor.py:840} INFO - DAG(s) 'example_branch_datetime_operator_2', 'example_branch_datetime_operator_3', 'example_branch_datetime_operator' retrieved from /home/airflow/.local/lib/python3.8/site-packages/airflow/example_dags/example_branch_datetime_operator.py
[2026-09-10T13:52:02.028+0000] {logging_mixin.py:188} INFO - [2026-09-10T13:52:02.028+0000] {dag.py:3047} INFO - Sync 3 DAGs
[2026-09-10T13:52:02.056+0000] {logging_mixin.py:188} INFO - [2026-09-10T13:52:02.056+0000] {dag.py:3834} INFO - Setting next_dagrun for example_branch_datetime_operator to 2026-09-09 00:00:00+00:00, run_after=2026-09-10 00:00:00+00:00
[2026-09-10T13:52:02.062+0000] {logging_mixin.py:188} INFO - [2026-09-10T13:52:02.062+0000] {dag.py:3834} INFO - Setting next_dagrun for example_branch_datetime_operator_2 to 2026-09-09 00:00:00+00:00, run_after=2026-09-10 00:00:00+00:00
[2026-09-10T13:52:02.066+0000] {logging_mixin.py:188} INFO - [2026-09-10T13:52:02.066+0000] {dag.py:3834} INFO - Setting next_dagrun for example_branch_datetime_operator_3 to 2026-09-09 00:00:00+00:00, run_after=2026-09-10 00:00:00+00:00
[2026-09-10T13:52:02.094+0000] {processor.py:183} INFO - Processing /home/airflow/.local/lib/python3.8/site-packages/airflow/example_dags/example_branch_datetime_operator.py took 0.128 seconds
[2026-09-10T13:52:32.258+0000] {processor.py:161} INFO - Started process (PID=1116) to work on /home/airflow/.local/lib/python3.8/site-packages/airflow/example_dags/example_branch_datetime_operator.py
[2026-09-10T13:52:32.260+0000] {processor.py:830} INFO - Processing file /home/airflow/.local/lib/python3.8/site-packages/airflow/example_dags/example_branch_datetime_operator.py for tasks to queue
[2026-09-10T13:52:32.263+0000] {logging_mixin.py:188} INFO - [2026-09-10T13:52:32.262+0000] {dagbag.py:540} INFO - Filling up the DagBag from /home/airflow/.local/lib/python3.8/site-packages/airflow/example_dags/example_branch_datetime_operator.py
[2026-09-10T13:52:32.280+0000] {processor.py:840} INFO - DAG(s) 'example_branch_datetime_operator', 'example_branch_datetime_operator_2', 'example_branch_datetime_operator_3' retrieved from /home/airflow/.local/lib/python3.8/site-packages/airflow/example_dags/example_branch_datetime_operator.py
[2026-09-10T13:52:32.319+0000] {logging_mixin.py:188} INFO - [2026-09-10T13:52:32.319+0000] {dag.py:3047} INFO - Sync 3 DAGs
[2026-09-10T13:52:32.353+0000] {logging_mixin.py:188} INFO - [2026-09-10T13:52:32.352+0000] {dag.py:3834} INFO - Setting next_dagrun for example_branch_datetime_operator to 2026-09-09 00:00:00+00:00, run_after=2026-09-10 00:00:00+00:00
[2026-09-10T13:52:32.360+0000] {logging_mixin.py:188} INFO - [2026-09-10T13:52:32.360+0000] {dag.py:3834} INFO - Setting next_dagrun for example_branch_datetime_operator_2 to 2026-09-09 00:00:00+00:00, run_after=2026-09-10 00:00:00+00:00
[2026-09-10T13:52:32.363+0000] {logging_mixin.py:188} INFO - [2026-09-10T13:52:32.363+0000] {dag.py:3834} INFO - Setting next_dagrun for example_branch_datetime_operator_3 to 2026-09-09 00:00:00+00:00, run_after=2026-09-10 00:00:00+00:00
[2026-09-10T13:52:32.389+0000] {processor.py:183} INFO - Processing /home/airflow/.local/lib/python3.8/site-packages/airflow/example_dags/example_branch_datetime_operator.py took 0.136 seconds
[2026-09-10T13:53:03.327+0000] {processor.py:161} INFO - Started process (PID=1177) to work on /home/airflow/.local/lib/python3.8/site-packages/airflow/example_dags/example_branch_datetime_operator.py
[2026-09-10T13:53:03.328+0000] {processor.py:830} INFO - Processing file /home/airflow/.local/lib/python3.8/site-packages/airflow/example_dags/example_branch_datetime_operator.py for tasks to queue
[2026-09-10T13:53:03.332+0000] {logging_mixin.py:188} INFO - [2026-09-10T13:53:03.332+0000] {dagbag.py:540} INFO - Filling up the DagBag from /home/airflow/.local/lib/python3.8/site-packages/airflow/example_dags/example_branch_datetime_operator.py
[2026-09-10T13:53:03.351+0000] {processor.py:840} INFO - DAG(s) 'example_branch_datetime_operator_3', 'example_branch_datetime_operator_2', 'example_branch_datetime_operator' retrieved from /home/airflow/.local/lib/python3.8/site-packages/airflow/example_dags/example_branch_datetime_operator.py
[2026-09-10T13:53:03.398+0000] {logging_mixin.py:188} INFO - [2026-09-10T13:53:03.398+0000] {dag.py:3047} INFO - Sync 3 DAGs
[2026-09-10T13:53:03.440+0000] {logging_mixin.py:188} INFO - [2026-09-10T13:53:03.440+0000] {dag.py:3834} INFO - Setting next_dagrun for example_branch_datetime_operator to 2026-09-09 00:00:00+00:00, run_after=2026-09-10 00:00:00+00:00
[2026-09-10T13:53:03.452+0000] {logging_mixin.py:188} INFO - [2026-09-10T13:53:03.451+0000] {dag.py:3834} INFO - Setting next_dagrun for example_branch_datetime_operator_2 to 2026-09-09 00:00:00+00:00, run_after=2026-09-10 00:00:00+00:00
[2026-09-10T13:53:03.455+0000] {logging_mixin.py:188} INFO - [2026-09-10T13:53:03.455+0000] {dag.py:3834} INFO - Setting next_dagrun for example_branch_datetime_operator_3 to 2026-09-09 00:00:00+00:00, run_after=2026-09-10 00:00:00+00:00
[2026-09-10T13:53:03.473+0000] {processor.py:183} INFO - Processing /home/airflow/.local/lib/python3.8/site-packages/airflow/example_dags/example_branch_datetime_operator.py took 0.151 seconds
[2026-09-10T13:53:34.353+0000] {processor.py:161} INFO - Started process (PID=1238) to work on /home/airflow/.local/lib/python3.8/site-packages/airflow/example_dags/example_branch_datetime_operator.py
[2026-09-10T13:53:34.357+0000] {processor.py:830} INFO - Processing file /home/airflow/.local/lib/python3.8/site-packages/airflow/example_dags/example_branch_datetime_operator.py for tasks to queue
[2026-09-10T13:53:34.365+0000] {logging_mixin.py:188} INFO - [2026-09-10T13:53:34.364+0000] {dagbag.py:540} INFO - Filling up the DagBag from /home/airflow/.local/lib/python3.8/site-packages/airflow/example_dags/example_branch_datetime_operator.py
[2026-09-10T13:53:34.400+0000] {processor.py:840} INFO - DAG(s) 'example_branch_datetime_operator_2', 'example_branch_datetime_operator', 'example_branch_datetime_operator_3' retrieved from /home/airflow/.local/lib/python3.8/site-packages/airflow/example_dags/example_branch_datetime_operator.py
[2026-09-10T13:53:34.476+0000] {logging_mixin.py:188} INFO - [2026-09-10T13:53:34.476+0000] {dag.py:3047} INFO - Sync 3 DAGs
[2026-09-10T13:53:34.524+0000] {logging_mixin.py:188} INFO - [2026-09-10T13:53:34.524+0000] {dag.py:3834} INFO - Setting next_dagrun for example_branch_datetime_operator to 2026-09-09 00:00:00+00:00, run_after=2026-09-10 00:00:00+00:00
[2026-09-10T13:53:34.539+0000] {logging_mixin.py:188} INFO - [2026-09-10T13:53:34.539+0000] {dag.py:3834} INFO - Setting next_dagrun for example_branch_datetime_operator_2 to 2026-09-09 00:00:00+00:00, run_after=2026-09-10 00:00:00+00:00
[2026-09-10T13:53:34.545+0000] {logging_mixin.py:188} INFO - [2026-09-10T13:53:34.545+0000] {dag.py:3834} INFO - Setting next_dagrun for example_branch_datetime_operator_3 to 2026-09-09 00:00:00+00:00, run_after=2026-09-10 00:00:00+00:00
[2026-09-10T13:53:34.578+0000] {processor.py:183} INFO - Processing /home/airflow/.local/lib/python3.8/site-packages/airflow/example_dags/example_branch_datetime_operator.py took 0.235 seconds
[2026-09-10T13:54:05.597+0000] {processor.py:161} INFO - Started process (PID=1300) to work on /home/airflow/.local/lib/python3.8/site-packages/airflow/example_dags/example_branch_datetime_operator.py
[2026-09-10T13:54:05.601+0000] {processor.py:830} INFO - Processing file /home/airflow/.local/lib/python3.8/site-packages/airflow/example_dags/example_branch_datetime_operator.py for tasks to queue
[2026-09-10T13:54:05.604+0000] {logging_mixin.py:188} INFO - [2026-09-10T13:54:05.604+0000] {dagbag.py:540} INFO - Filling up the DagBag from /home/airflow/.local/lib/python3.8/site-packages/airflow/example_dags/example_branch_datetime_operator.py
[2026-09-10T13:54:05.621+0000] {processor.py:840} INFO - DAG(s) 'example_branch_datetime_operator_2', 'example_branch_datetime_operator_3', 'example_branch_datetime_operator' retrieved from /home/airflow/.local/lib/python3.8/site-packages/airflow/example_dags/example_branch_datetime_operator.py
[2026-09-10T13:54:05.670+0000] {logging_mixin.py:188} INFO - [2026-09-10T13:54:05.670+0000] {dag.py:3047} INFO - Sync 3 DAGs
[2026-09-10T13:54:05.702+0000] {logging_mixin.py:188} INFO - [2026-09-10T13:54:05.702+0000] {dag.py:3834} INFO - Setting next_dagrun for example_branch_datetime_operator to 2026-09-09 00:00:00+00:00, run_after=2026-09-10 00:00:00+00:00
[2026-09-10T13:54:05.709+0000] {logging_mixin.py:188} INFO - [2026-09-10T13:54:05.709+0000] {dag.py:3834} INFO - Setting next_dagrun for example_branch_datetime_operator_2 to 2026-09-09 00:00:00+00:00, run_after=2026-09-10 00:00:00+00:00
[2026-09-10T13:54:05.713+0000] {logging_mixin.py:188} INFO - [2026-09-10T13:54:05.713+0000] {dag.py:3834} INFO - Setting next_dagrun for example_branch_datetime_operator_3 to 2026-09-09 00:00:00+00:00, run_after=2026-09-10 00:00:00+00:00
[2026-09-10T13:54:05.733+0000] {processor.py:183} INFO - Processing /home/airflow/.local/lib/python3.8/site-packages/airflow/example_dags/example_branch_datetime_operator.py took 0.143 seconds
[2026-09-10T13:54:36.121+0000] {processor.py:161} INFO - Started process (PID=1361) to work on /home/airflow/.local/lib/python3.8/site-packages/airflow/example_dags/example_branch_datetime_operator.py
[2026-09-10T13:54:36.124+0000] {processor.py:830} INFO - Processing file /home/airflow/.local/lib/python3.8/site-packages/airflow/example_dags/example_branch_datetime_operator.py for tasks to queue
[2026-09-10T13:54:36.128+0000] {logging_mixin.py:188} INFO - [2026-09-10T13:54:36.127+0000] {dagbag.py:540} INFO - Filling up the DagBag from /home/airflow/.local/lib/python3.8/site-packages/airflow/example_dags/example_branch_datetime_operator.py
[2026-09-10T13:54:36.145+0000] {processor.py:840} INFO - DAG(s) 'example_branch_datetime_operator', 'example_branch_datetime_operator_3', 'example_branch_datetime_operator_2' retrieved from /home/airflow/.local/lib/python3.8/site-packages/airflow/example_dags/example_branch_datetime_operator.py
[2026-09-10T13:54:36.190+0000] {logging_mixin.py:188} INFO - [2026-09-10T13:54:36.189+0000] {dag.py:3047} INFO - Sync 3 DAGs
[2026-09-10T13:54:36.220+0000] {logging_mixin.py:188} INFO - [2026-09-10T13:54:36.220+0000] {dag.py:3834} INFO - Setting next_dagrun for example_branch_datetime_operator to 2026-09-09 00:00:00+00:00, run_after=2026-09-10 00:00:00+00:00
[2026-09-10T13:54:36.227+0000] {logging_mixin.py:188} INFO - [2026-09-10T13:54:36.227+0000] {dag.py:3834} INFO - Setting next_dagrun for example_branch_datetime_operator_2 to 2026-09-09 00:00:00+00:00, run_after=2026-09-10 00:00:00+00:00
[2026-09-10T13:54:36.232+0000] {logging_mixin.py:188} INFO - [2026-09-10T13:54:36.232+0000] {dag.py:3834} INFO - Setting next_dagrun for example_branch_datetime_operator_3 to 2026-09-09 00:00:00+00:00, run_after=2026-09-10 00:00:00+00:00
[2026-09-10T13:54:36.256+0000] {processor.py:183} INFO - Processing /home/airflow/.local/lib/python3.8/site-packages/airflow/example_dags/example_branch_datetime_operator.py took 0.139 seconds
[2026-09-10T13:55:07.284+0000] {processor.py:161} INFO - Started process (PID=1422) to work on /home/airflow/.local/lib/python3.8/site-packages/airflow/example_dags/example_branch_datetime_operator.py
[2026-09-10T13:55:07.356+0000] {processor.py:830} INFO - Processing file /home/airflow/.local/lib/python3.8/site-packages/airflow/example_dags/example_branch_datetime_operator.py for tasks to queue
[2026-09-10T13:55:07.388+0000] {logging_mixin.py:188} INFO - [2026-09-10T13:55:07.387+0000] {dagbag.py:540} INFO - Filling up the DagBag from /home/airflow/.local/lib/python3.8/site-packages/airflow/example_dags/example_branch_datetime_operator.py
[2026-09-10T13:55:07.448+0000] {processor.py:840} INFO - DAG(s) 'example_branch_datetime_operator_3', 'example_branch_datetime_operator', 'example_branch_datetime_operator_2' retrieved from /home/airflow/.local/lib/python3.8/site-packages/airflow/example_dags/example_branch_datetime_operator.py
[2026-09-10T13:55:07.695+0000] {logging_mixin.py:188} INFO - [2026-09-10T13:55:07.694+0000] {dag.py:3047} INFO - Sync 3 DAGs
[2026-09-10T13:55:07.769+0000] {logging_mixin.py:188} INFO - [2026-09-10T13:55:07.769+0000] {dag.py:3834} INFO - Setting next_dagrun for example_branch_datetime_operator to 2026-09-09 00:00:00+00:00, run_after=2026-09-10 00:00:00+00:00
[2026-09-10T13:55:07.783+0000] {logging_mixin.py:188} INFO - [2026-09-10T13:55:07.783+0000] {dag.py:3834} INFO - Setting next_dagrun for example_branch_datetime_operator_2 to 2026-09-09 00:00:00+00:00, run_after=2026-09-10 00:00:00+00:00
[2026-09-10T13:55:07.789+0000] {logging_mixin.py:188} INFO - [2026-09-10T13:55:07.788+0000] {dag.py:3834} INFO - Setting next_dagrun for example_branch_datetime_operator_3 to 2026-09-09 00:00:00+00:00, run_after=2026-09-10 00:00:00+00:00
[2026-09-10T13:55:07.822+0000] {processor.py:183} INFO - Processing /home/airflow/.local/lib/python3.8/site-packages/airflow/example_dags/example_branch_datetime_operator.py took 0.557 seconds
[2026-09-10T13:55:38.620+0000] {processor.py:161} INFO - Started process (PID=1487) to work on /home/airflow/.local/lib/python3.8/site-packages/airflow/example_dags/example_branch_datetime_operator.py
[2026-09-10T13:55:38.623+0000] {processor.py:830} INFO - Processing file /home/airflow/.local/lib/python3.8/site-packages/airflow/example_dags/example_branch_datetime_operator.py for tasks to queue
[2026-09-10T13:55:38.627+0000] {logging_mixin.py:188} INFO - [2026-09-10T13:55:38.626+0000] {dagbag.py:540} INFO - Filling up the DagBag from /home/airflow/.local/lib/python3.8/site-packages/airflow/example_dags/example_branch_datetime_operator.py
[2026-09-10T13:55:38.645+0000] {processor.py:840} INFO - DAG(s) 'example_branch_datetime_operator', 'example_branch_datetime_operator_2', 'example_branch_datetime_operator_3' retrieved from /home/airflow/.local/lib/python3.8/site-packages/airflow/example_dags/example_branch_datetime_operator.py
[2026-09-10T13:55:38.680+0000] {logging_mixin.py:188} INFO - [2026-09-10T13:55:38.680+0000] {dag.py:3047} INFO - Sync 3 DAGs
[2026-09-10T13:55:38.708+0000] {logging_mixin.py:188} INFO - [2026-09-10T13:55:38.708+0000] {dag.py:3834} INFO - Setting next_dagrun for example_branch_datetime_operator to 2026-09-09 00:00:00+00:00, run_after=2026-09-10 00:00:00+00:00
[2026-09-10T13:55:38.714+0000] {logging_mixin.py:188} INFO - [2026-09-10T13:55:38.714+0000] {dag.py:3834} INFO - Setting next_dagrun for example_branch_datetime_operator_2 to 2026-09-09 00:00:00+00:00, run_after=2026-09-10 00:00:00+00:00
[2026-09-10T13:55:38.718+0000] {logging_mixin.py:188} INFO - [2026-09-10T13:55:38.718+0000] {dag.py:3834} INFO - Setting next_dagrun for example_branch_datetime_operator_3 to 2026-09-09 00:00:00+00:00, run_after=2026-09-10 00:00:00+00:00
[2026-09-10T13:55:38.767+0000] {processor.py:183} INFO - Processing /home/airflow/.local/lib/python3.8/site-packages/airflow/example_dags/example_branch_datetime_operator.py took 0.159 seconds
[2026-09-10T13:56:09.155+0000] {processor.py:161} INFO - Started process (PID=1547) to work on /home/airflow/.local/lib/python3.8/site-packages/airflow/example_dags/example_branch_datetime_operator.py
[2026-09-10T13:56:09.157+0000] {processor.py:830} INFO - Processing file /home/airflow/.local/lib/python3.8/site-packages/airflow/example_dags/example_branch_datetime_operator.py for tasks to queue
[2026-09-10T13:56:09.161+0000] {logging_mixin.py:188} INFO - [2026-09-10T13:56:09.160+0000] {dagbag.py:540} INFO - Filling up the DagBag from /home/airflow/.local/lib/python3.8/site-packages/airflow/example_dags/example_branch_datetime_operator.py
[2026-09-10T13:56:09.177+0000] {processor.py:840} INFO - DAG(s) 'example_branch_datetime_operator_3', 'example_branch_datetime_operator', 'example_branch_datetime_operator_2' retrieved from /home/airflow/.local/lib/python3.8/site-packages/airflow/example_dags/example_branch_datetime_operator.py
[2026-09-10T13:56:09.225+0000] {logging_mixin.py:188} INFO - [2026-09-10T13:56:09.225+0000] {dag.py:3047} INFO - Sync 3 DAGs
[2026-09-10T13:56:09.260+0000] {logging_mixin.py:188} INFO - [2026-09-10T13:56:09.260+0000] {dag.py:3834} INFO - Setting next_dagrun for example_branch_datetime_operator to 2026-09-09 00:00:00+00:00, run_after=2026-09-10 00:00:00+00:00
[2026-09-10T13:56:09.268+0000] {logging_mixin.py:188} INFO - [2026-09-10T13:56:09.268+0000] {dag.py:3834} INFO - Setting next_dagrun for example_branch_datetime_operator_2 to 2026-09-09 00:00:00+00:00, run_after=2026-09-10 00:00:00+00:00
[2026-09-10T13:56:09.274+0000] {logging_mixin.py:188} INFO - [2026-09-10T13:56:09.273+0000] {dag.py:3834} INFO - Setting next_dagrun for example_branch_datetime_operator_3 to 2026-09-09 00:00:00+00:00, run_after=2026-09-10 00:00:00+00:00
[2026-09-10T13:56:09.298+0000] {processor.py:183} INFO - Processing /home/airflow/.local/lib/python3.8/site-packages/airflow/example_dags/example_branch_datetime_operator.py took 0.149 seconds
[2026-09-10T13:56:39.721+0000] {processor.py:161} INFO - Started process (PID=1608) to work on /home/airflow/.local/lib/python3.8/site-packages/airflow/example_dags/example_branch_datetime_operator.py
[2026-09-10T13:56:39.723+0000] {processor.py:830} INFO - Processing file /home/airflow/.local/lib/python3.8/site-packages/airflow/example_dags/example_branch_datetime_operator.py for tasks to queue
[2026-09-10T13:56:39.726+0000] {logging_mixin.py:188} INFO - [2026-09-10T13:56:39.725+0000] {dagbag.py:540} INFO - Filling up the DagBag from /home/airflow/.local/lib/python3.8/site-packages/airflow/example_dags/example_branch_datetime_operator.py
[2026-09-10T13:56:39.743+0000] {processor.py:840} INFO - DAG(s) 'example_branch_datetime_operator_2', 'example_branch_datetime_operator', 'example_branch_datetime_operator_3' retrieved from /home/airflow/.local/lib/python3.8/site-packages/airflow/example_dags/example_branch_datetime_operator.py
[2026-09-10T13:56:39.790+0000] {logging_mixin.py:188} INFO - [2026-09-10T13:56:39.789+0000] {dag.py:3047} INFO - Sync 3 DAGs
[2026-09-10T13:56:39.823+0000] {logging_mixin.py:188} INFO - [2026-09-10T13:56:39.823+0000] {dag.py:3834} INFO - Setting next_dagrun for example_branch_datetime_operator to 2026-09-09 00:00:00+00:00, run_after=2026-09-10 00:00:00+00:00
[2026-09-10T13:56:39.829+0000] {logging_mixin.py:188} INFO - [2026-09-10T13:56:39.829+0000] {dag.py:3834} INFO - Setting next_dagrun for example_branch_datetime_operator_2 to 2026-09-09 00:00:00+00:00, run_after=2026-09-10 00:00:00+00:00
[2026-09-10T13:56:39.835+0000] {logging_mixin.py:188} INFO - [2026-09-10T13:56:39.834+0000] {dag.py:3834} INFO - Setting next_dagrun for example_branch_datetime_operator_3 to 2026-09-09 00:00:00+00:00, run_after=2026-09-10 00:00:00+00:00
[2026-09-10T13:56:39.857+0000] {processor.py:183} INFO - Processing /home/airflow/.local/lib/python3.8/site-packages/airflow/example_dags/example_branch_datetime_operator.py took 0.142 seconds
[2026-09-10T13:57:10.289+0000] {processor.py:161} INFO - Started process (PID=1675) to work on /home/airflow/.local/lib/python3.8/site-packages/airflow/example_dags/example_branch_datetime_operator.py
[2026-09-10T13:57:10.291+0000] {processor.py:830} INFO - Processing file /home/airflow/.local/lib/python3.8/site-packages/airflow/example_dags/example_branch_datetime_operator.py for tasks to queue
[2026-09-10T13:57:10.296+0000] {logging_mixin.py:188} INFO - [2026-09-10T13:57:10.296+0000] {dagbag.py:540} INFO - Filling up the DagBag from /home/airflow/.local/lib/python3.8/site-packages/airflow/example_dags/example_branch_datetime_operator.py
[2026-09-10T13:57:10.313+0000] {processor.py:840} INFO - DAG(s) 'example_branch_datetime_operator', 'example_branch_datetime_operator_3', 'example_branch_datetime_operator_2' retrieved from /home/airflow/.local/lib/python3.8/site-packages/airflow/example_dags/example_branch_datetime_operator.py
[2026-09-10T13:57:10.351+0000] {logging_mixin.py:188} INFO - [2026-09-10T13:57:10.351+0000] {dag.py:3047} INFO - Sync 3 DAGs
[2026-09-10T13:57:10.381+0000] {logging_mixin.py:188} INFO - [2026-09-10T13:57:10.381+0000] {dag.py:3834} INFO - Setting next_dagrun for example_branch_datetime_operator to 2026-09-09 00:00:00+00:00, run_after=2026-09-10 00:00:00+00:00
[2026-09-10T13:57:10.387+0000] {logging_mixin.py:188} INFO - [2026-09-10T13:57:10.386+0000] {dag.py:3834} INFO - Setting next_dagrun for example_branch_datetime_operator_2 to 2026-09-09 00:00:00+00:00, run_after=2026-09-10 00:00:00+00:00
[2026-09-10T13:57:10.390+0000] {logging_mixin.py:188} INFO - [2026-09-10T13:57:10.390+0000] {dag.py:3834} INFO - Setting next_dagrun for example_branch_datetime_operator_3 to 2026-09-09 00:00:00+00:00, run_after=2026-09-10 00:00:00+00:00
[2026-09-10T13:57:10.412+0000] {processor.py:183} INFO - Processing /home/airflow/.local/lib/python3.8/site-packages/airflow/example_dags/example_branch_datetime_operator.py took 0.129 seconds
[2026-09-10T13:57:40.494+0000] {processor.py:161} INFO - Started process (PID=1734) to work on /home/airflow/.local/lib/python3.8/site-packages/airflow/example_dags/example_branch_datetime_operator.py
[2026-09-10T13:57:40.496+0000] {processor.py:830} INFO - Processing file /home/airflow/.local/lib/python3.8/site-packages/airflow/example_dags/example_branch_datetime_operator.py for tasks to queue
[2026-09-10T13:57:40.500+0000] {logging_mixin.py:188} INFO - [2026-09-10T13:57:40.499+0000] {dagbag.py:540} INFO - Filling up the DagBag from /home/airflow/.local/lib/python3.8/site-packages/airflow/example_dags/example_branch_datetime_operator.py
[2026-09-10T13:57:40.524+0000] {processor.py:840} INFO - DAG(s) 'example_branch_datetime_operator_2', 'example_branch_datetime_operator_3', 'example_branch_datetime_operator' retrieved from /home/airflow/.local/lib/python3.8/site-packages/airflow/example_dags/example_branch_datetime_operator.py
[2026-09-10T13:57:40.562+0000] {logging_mixin.py:188} INFO - [2026-09-10T13:57:40.562+0000] {dag.py:3047} INFO - Sync 3 DAGs
[2026-09-10T13:57:40.603+0000] {logging_mixin.py:188} INFO - [2026-09-10T13:57:40.603+0000] {dag.py:3834} INFO - Setting next_dagrun for example_branch_datetime_operator to 2026-09-09 00:00:00+00:00, run_after=2026-09-10 00:00:00+00:00
[2026-09-10T13:57:40.613+0000] {logging_mixin.py:188} INFO - [2026-09-10T13:57:40.612+0000] {dag.py:3834} INFO - Setting next_dagrun for example_branch_datetime_operator_2 to 2026-09-09 00:00:00+00:00, run_after=2026-09-10 00:00:00+00:00
[2026-09-10T13:57:40.618+0000] {logging_mixin.py:188} INFO - [2026-09-10T13:57:40.618+0000] {dag.py:3834} INFO - Setting next_dagrun for example_branch_datetime_operator_3 to 2026-09-09 00:00:00+00:00, run_after=2026-09-10 00:00:00+00:00
[2026-09-10T13:57:40.639+0000] {processor.py:183} INFO - Processing /home/airflow/.local/lib/python3.8/site-packages/airflow/example_dags/example_branch_datetime_operator.py took 0.150 seconds
[2026-09-10T13:58:11.412+0000] {processor.py:161} INFO - Started process (PID=1795) to work on /home/airflow/.local/lib/python3.8/site-packages/airflow/example_dags/example_branch_datetime_operator.py
[2026-09-10T13:58:11.414+0000] {processor.py:830} INFO - Processing file /home/airflow/.local/lib/python3.8/site-packages/airflow/example_dags/example_branch_datetime_operator.py for tasks to queue
[2026-09-10T13:58:11.417+0000] {logging_mixin.py:188} INFO - [2026-09-10T13:58:11.417+0000] {dagbag.py:540} INFO - Filling up the DagBag from /home/airflow/.local/lib/python3.8/site-packages/airflow/example_dags/example_branch_datetime_operator.py
[2026-09-10T13:58:11.428+0000] {processor.py:840} INFO - DAG(s) 'example_branch_datetime_operator_2', 'example_branch_datetime_operator_3', 'example_branch_datetime_operator' retrieved from /home/airflow/.local/lib/python3.8/site-packages/airflow/example_dags/example_branch_datetime_operator.py
[2026-09-10T13:58:11.465+0000] {logging_mixin.py:188} INFO - [2026-09-10T13:58:11.465+0000] {dag.py:3047} INFO - Sync 3 DAGs
[2026-09-10T13:58:11.498+0000] {logging_mixin.py:188} INFO - [2026-09-10T13:58:11.497+0000] {dag.py:3834} INFO - Setting next_dagrun for example_branch_datetime_operator to 2026-09-09 00:00:00+00:00, run_after=2026-09-10 00:00:00+00:00
[2026-09-10T13:58:11.505+0000] {logging_mixin.py:188} INFO - [2026-09-10T13:58:11.504+0000] {dag.py:3834} INFO - Setting next_dagrun for example_branch_datetime_operator_2 to 2026-09-09 00:00:00+00:00, run_after=2026-09-10 00:00:00+00:00
[2026-09-10T13:58:11.511+0000] {logging_mixin.py:188} INFO - [2026-09-10T13:58:11.511+0000] {dag.py:3834} INFO - Setting next_dagrun for example_branch_datetime_operator_3 to 2026-09-09 00:00:00+00:00, run_after=2026-09-10 00:00:00+00:00
[2026-09-10T13:58:11.547+0000] {processor.py:183} INFO - Processing /home/airflow/.local/lib/python3.8/site-packages/airflow/example_dags/example_branch_datetime_operator.py took 0.140 seconds
[2026-09-10T13:58:41.896+0000] {processor.py:161} INFO - Started process (PID=1856) to work on /home/airflow/.local/lib/python3.8/site-packages/airflow/example_dags/example_branch_datetime_operator.py
[2026-09-10T13:58:41.897+0000] {processor.py:830} INFO - Processing file /home/airflow/.local/lib/python3.8/site-packages/airflow/example_dags/example_branch_datetime_operator.py for tasks to queue
[2026-09-10T13:58:41.900+0000] {logging_mixin.py:188} INFO - [2026-09-10T13:58:41.900+0000] {dagbag.py:540} INFO - Filling up the DagBag from /home/airflow/.local/lib/python3.8/site-packages/airflow/example_dags/example_branch_datetime_operator.py
[2026-09-10T13:58:41.912+0000] {processor.py:840} INFO - DAG(s) 'example_branch_datetime_operator_3', 'example_branch_datetime_operator', 'example_branch_datetime_operator_2' retrieved from /home/airflow/.local/lib/python3.8/site-packages/airflow/example_dags/example_branch_datetime_operator.py
[2026-09-10T13:58:41.953+0000] {logging_mixin.py:188} INFO - [2026-09-10T13:58:41.952+0000] {dag.py:3047} INFO - Sync 3 DAGs
[2026-09-10T13:58:41.981+0000] {logging_mixin.py:188} INFO - [2026-09-10T13:58:41.981+0000] {dag.py:3834} INFO - Setting next_dagrun for example_branch_datetime_operator to 2026-09-09 00:00:00+00:00, run_after=2026-09-10 00:00:00+00:00
[2026-09-10T13:58:41.988+0000] {logging_mixin.py:188} INFO - [2026-09-10T13:58:41.987+0000] {dag.py:3834} INFO - Setting next_dagrun for example_branch_datetime_operator_2 to 2026-09-09 00:00:00+00:00, run_after=2026-09-10 00:00:00+00:00
[2026-09-10T13:58:41.991+0000] {logging_mixin.py:188} INFO - [2026-09-10T13:58:41.991+0000] {dag.py:3834} INFO - Setting next_dagrun for example_branch_datetime_operator_3 to 2026-09-09 00:00:00+00:00, run_after=2026-09-10 00:00:00+00:00
[2026-09-10T13:58:42.015+0000] {processor.py:183} INFO - Processing /home/airflow/.local/lib/python3.8/site-packages/airflow/example_dags/example_branch_datetime_operator.py took 0.123 seconds
[2026-09-10T13:59:12.368+0000] {processor.py:161} INFO - Started process (PID=1917) to work on /home/airflow/.local/lib/python3.8/site-packages/airflow/example_dags/example_branch_datetime_operator.py
[2026-09-10T13:59:12.370+0000] {processor.py:830} INFO - Processing file /home/airflow/.local/lib/python3.8/site-packages/airflow/example_dags/example_branch_datetime_operator.py for tasks to queue
[2026-09-10T13:59:12.372+0000] {logging_mixin.py:188} INFO - [2026-09-10T13:59:12.372+0000] {dagbag.py:540} INFO - Filling up the DagBag from /home/airflow/.local/lib/python3.8/site-packages/airflow/example_dags/example_branch_datetime_operator.py
[2026-09-10T13:59:12.384+0000] {processor.py:840} INFO - DAG(s) 'example_branch_datetime_operator_2', 'example_branch_datetime_operator_3', 'example_branch_datetime_operator' retrieved from /home/airflow/.local/lib/python3.8/site-packages/airflow/example_dags/example_branch_datetime_operator.py
[2026-09-10T13:59:12.417+0000] {logging_mixin.py:188} INFO - [2026-09-10T13:59:12.417+0000] {dag.py:3047} INFO - Sync 3 DAGs
[2026-09-10T13:59:12.449+0000] {logging_mixin.py:188} INFO - [2026-09-10T13:59:12.449+0000] {dag.py:3834} INFO - Setting next_dagrun for example_branch_datetime_operator to 2026-09-09 00:00:00+00:00, run_after=2026-09-10 00:00:00+00:00
[2026-09-10T13:59:12.458+0000] {logging_mixin.py:188} INFO - [2026-09-10T13:59:12.458+0000] {dag.py:3834} INFO - Setting next_dagrun for example_branch_datetime_operator_2 to 2026-09-09 00:00:00+00:00, run_after=2026-09-10 00:00:00+00:00
[2026-09-10T13:59:12.463+0000] {logging_mixin.py:188} INFO - [2026-09-10T13:59:12.463+0000] {dag.py:3834} INFO - Setting next_dagrun for example_branch_datetime_operator_3 to 2026-09-09 00:00:00+00:00, run_after=2026-09-10 00:00:00+00:00
[2026-09-10T13:59:12.488+0000] {processor.py:183} INFO - Processing /home/airflow/.local/lib/python3.8/site-packages/airflow/example_dags/example_branch_datetime_operator.py took 0.123 seconds
[2026-09-10T13:59:42.806+0000] {processor.py:161} INFO - Started process (PID=1978) to work on /home/airflow/.local/lib/python3.8/site-packages/airflow/example_dags/example_branch_datetime_operator.py
[2026-09-10T13:59:42.808+0000] {processor.py:830} INFO - Processing file /home/airflow/.local/lib/python3.8/site-packages/airflow/example_dags/example_branch_datetime_operator.py for tasks to queue
[2026-09-10T13:59:42.810+0000] {logging_mixin.py:188} INFO - [2026-09-10T13:59:42.810+0000] {dagbag.py:540} INFO - Filling up the DagBag from /home/airflow/.local/lib/python3.8/site-packages/airflow/example_dags/example_branch_datetime_operator.py
[2026-09-10T13:59:42.826+0000] {processor.py:840} INFO - DAG(s) 'example_branch_datetime_operator_3', 'example_branch_datetime_operator_2', 'example_branch_datetime_operator' retrieved from /home/airflow/.local/lib/python3.8/site-packages/airflow/example_dags/example_branch_datetime_operator.py
[2026-09-10T13:59:42.866+0000] {logging_mixin.py:188} INFO - [2026-09-10T13:59:42.866+0000] {dag.py:3047} INFO - Sync 3 DAGs
[2026-09-10T13:59:42.899+0000] {logging_mixin.py:188} INFO - [2026-09-10T13:59:42.899+0000] {dag.py:3834} INFO - Setting next_dagrun for example_branch_datetime_operator to 2026-09-09 00:00:00+00:00, run_after=2026-09-10 00:00:00+00:00
[2026-09-10T13:59:42.907+0000] {logging_mixin.py:188} INFO - [2026-09-10T13:59:42.907+0000] {dag.py:3834} INFO - Setting next_dagrun for example_branch_datetime_operator_2 to 2026-09-09 00:00:00+00:00, run_after=2026-09-10 00:00:00+00:00
[2026-09-10T13:59:42.912+0000] {logging_mixin.py:188} INFO - [2026-09-10T13:59:42.912+0000] {dag.py:3834} INFO - Setting next_dagrun for example_branch_datetime_operator_3 to 2026-09-09 00:00:00+00:00, run_after=2026-09-10 00:00:00+00:00
[2026-09-10T13:59:42.937+0000] {processor.py:183} INFO - Processing /home/airflow/.local/lib/python3.8/site-packages/airflow/example_dags/example_branch_datetime_operator.py took 0.135 seconds
[2026-09-10T14:00:13.694+0000] {processor.py:161} INFO - Started process (PID=2039) to work on /home/airflow/.local/lib/python3.8/site-packages/airflow/example_dags/example_branch_datetime_operator.py
[2026-09-10T14:00:13.696+0000] {processor.py:830} INFO - Processing file /home/airflow/.local/lib/python3.8/site-packages/airflow/example_dags/example_branch_datetime_operator.py for tasks to queue
[2026-09-10T14:00:13.700+0000] {logging_mixin.py:188} INFO - [2026-09-10T14:00:13.699+0000] {dagbag.py:540} INFO - Filling up the DagBag from /home/airflow/.local/lib/python3.8/site-packages/airflow/example_dags/example_branch_datetime_operator.py
[2026-09-10T14:00:13.713+0000] {processor.py:840} INFO - DAG(s) 'example_branch_datetime_operator_2', 'example_branch_datetime_operator', 'example_branch_datetime_operator_3' retrieved from /home/airflow/.local/lib/python3.8/site-packages/airflow/example_dags/example_branch_datetime_operator.py
[2026-09-10T14:00:13.748+0000] {logging_mixin.py:188} INFO - [2026-09-10T14:00:13.748+0000] {dag.py:3047} INFO - Sync 3 DAGs
[2026-09-10T14:00:13.774+0000] {logging_mixin.py:188} INFO - [2026-09-10T14:00:13.774+0000] {dag.py:3834} INFO - Setting next_dagrun for example_branch_datetime_operator to 2026-09-09 00:00:00+00:00, run_after=2026-09-10 00:00:00+00:00
[2026-09-10T14:00:13.782+0000] {logging_mixin.py:188} INFO - [2026-09-10T14:00:13.782+0000] {dag.py:3834} INFO - Setting next_dagrun for example_branch_datetime_operator_2 to 2026-09-09 00:00:00+00:00, run_after=2026-09-10 00:00:00+00:00
[2026-09-10T14:00:13.787+0000] {logging_mixin.py:188} INFO - [2026-09-10T14:00:13.787+0000] {dag.py:3834} INFO - Setting next_dagrun for example_branch_datetime_operator_3 to 2026-09-09 00:00:00+00:00, run_after=2026-09-10 00:00:00+00:00
[2026-09-10T14:00:13.809+0000] {processor.py:183} INFO - Processing /home/airflow/.local/lib/python3.8/site-packages/airflow/example_dags/example_branch_datetime_operator.py took 0.120 seconds
[2026-09-10T14:00:43.885+0000] {processor.py:161} INFO - Started process (PID=2099) to work on /home/airflow/.local/lib/python3.8/site-packages/airflow/example_dags/example_branch_datetime_operator.py
[2026-09-10T14:00:43.887+0000] {processor.py:830} INFO - Processing file /home/airflow/.local/lib/python3.8/site-packages/airflow/example_dags/example_branch_datetime_operator.py for tasks to queue
[2026-09-10T14:00:43.889+0000] {logging_mixin.py:188} INFO - [2026-09-10T14:00:43.889+0000] {dagbag.py:540} INFO - Filling up the DagBag from /home/airflow/.local/lib/python3.8/site-packages/airflow/example_dags/example_branch_datetime_operator.py
[2026-09-10T14:00:43.901+0000] {processor.py:840} INFO - DAG(s) 'example_branch_datetime_operator', 'example_branch_datetime_operator_3', 'example_branch_datetime_operator_2' retrieved from /home/airflow/.local/lib/python3.8/site-packages/airflow/example_dags/example_branch_datetime_operator.py
[2026-09-10T14:00:43.931+0000] {logging_mixin.py:188} INFO - [2026-09-10T14:00:43.931+0000] {dag.py:3047} INFO - Sync 3 DAGs
[2026-09-10T14:00:43.956+0000] {logging_mixin.py:188} INFO - [2026-09-10T14:00:43.955+0000] {dag.py:3834} INFO - Setting next_dagrun for example_branch_datetime_operator to 2026-09-09 00:00:00+00:00, run_after=2026-09-10 00:00:00+00:00
[2026-09-10T14:00:43.961+0000] {logging_mixin.py:188} INFO - [2026-09-10T14:00:43.961+0000] {dag.py:3834} INFO - Setting next_dagrun for example_branch_datetime_operator_2 to 2026-09-09 00:00:00+00:00, run_after=2026-09-10 00:00:00+00:00
[2026-09-10T14:00:43.965+0000] {logging_mixin.py:188} INFO - [2026-09-10T14:00:43.965+0000] {dag.py:3834} INFO - Setting next_dagrun for example_branch_datetime_operator_3 to 2026-09-09 00:00:00+00:00, run_after=2026-09-10 00:00:00+00:00
[2026-09-10T14:00:43.983+0000] {processor.py:183} INFO - Processing /home/airflow/.local/lib/python3.8/site-packages/airflow/example_dags/example_branch_datetime_operator.py took 0.102 seconds
[2026-09-10T14:01:14.440+0000] {processor.py:161} INFO - Started process (PID=2160) to work on /home/airflow/.local/lib/python3.8/site-packages/airflow/example_dags/example_branch_datetime_operator.py
[2026-09-10T14:01:14.443+0000] {processor.py:830} INFO - Processing file /home/airflow/.local/lib/python3.8/site-packages/airflow/example_dags/example_branch_datetime_operator.py for tasks to queue
[2026-09-10T14:01:14.447+0000] {logging_mixin.py:188} INFO - [2026-09-10T14:01:14.446+0000] {dagbag.py:540} INFO - Filling up the DagBag from /home/airflow/.local/lib/python3.8/site-packages/airflow/example_dags/example_branch_datetime_operator.py
[2026-09-10T14:01:14.468+0000] {processor.py:840} INFO - DAG(s) 'example_branch_datetime_operator', 'example_branch_datetime_operator_3', 'example_branch_datetime_operator_2' retrieved from /home/airflow/.local/lib/python3.8/site-packages/airflow/example_dags/example_branch_datetime_operator.py
[2026-09-10T14:01:14.512+0000] {logging_mixin.py:188} INFO - [2026-09-10T14:01:14.512+0000] {dag.py:3047} INFO - Sync 3 DAGs
[2026-09-10T14:01:14.548+0000] {logging_mixin.py:188} INFO - [2026-09-10T14:01:14.548+0000] {dag.py:3834} INFO - Setting next_dagrun for example_branch_datetime_operator to 2026-09-09 00:00:00+00:00, run_after=2026-09-10 00:00:00+00:00
[2026-09-10T14:01:14.558+0000] {logging_mixin.py:188} INFO - [2026-09-10T14:01:14.558+0000] {dag.py:3834} INFO - Setting next_dagrun for example_branch_datetime_operator_2 to 2026-09-09 00:00:00+00:00, run_after=2026-09-10 00:00:00+00:00
[2026-09-10T14:01:14.561+0000] {logging_mixin.py:188} INFO - [2026-09-10T14:01:14.561+0000] {dag.py:3834} INFO - Setting next_dagrun for example_branch_datetime_operator_3 to 2026-09-09 00:00:00+00:00, run_after=2026-09-10 00:00:00+00:00
[2026-09-10T14:01:14.585+0000] {processor.py:183} INFO - Processing /home/airflow/.local/lib/python3.8/site-packages/airflow/example_dags/example_branch_datetime_operator.py took 0.151 seconds
[2026-09-10T14:01:44.733+0000] {processor.py:161} INFO - Started process (PID=2221) to work on /home/airflow/.local/lib/python3.8/site-packages/airflow/example_dags/example_branch_datetime_operator.py
[2026-09-10T14:01:44.735+0000] {processor.py:830} INFO - Processing file /home/airflow/.local/lib/python3.8/site-packages/airflow/example_dags/example_branch_datetime_operator.py for tasks to queue
[2026-09-10T14:01:44.739+0000] {logging_mixin.py:188} INFO - [2026-09-10T14:01:44.738+0000] {dagbag.py:540} INFO - Filling up the DagBag from /home/airflow/.local/lib/python3.8/site-packages/airflow/example_dags/example_branch_datetime_operator.py
[2026-09-10T14:01:44.754+0000] {processor.py:840} INFO - DAG(s) 'example_branch_datetime_operator_2', 'example_branch_datetime_operator', 'example_branch_datetime_operator_3' retrieved from /home/airflow/.local/lib/python3.8/site-packages/airflow/example_dags/example_branch_datetime_operator.py
[2026-09-10T14:01:44.813+0000] {logging_mixin.py:188} INFO - [2026-09-10T14:01:44.812+0000] {dag.py:3047} INFO - Sync 3 DAGs
[2026-09-10T14:01:44.874+0000] {logging_mixin.py:188} INFO - [2026-09-10T14:01:44.873+0000] {dag.py:3834} INFO - Setting next_dagrun for example_branch_datetime_operator to 2026-09-09 00:00:00+00:00, run_after=2026-09-10 00:00:00+00:00
[2026-09-10T14:01:44.885+0000] {logging_mixin.py:188} INFO - [2026-09-10T14:01:44.884+0000] {dag.py:3834} INFO - Setting next_dagrun for example_branch_datetime_operator_2 to 2026-09-09 00:00:00+00:00, run_after=2026-09-10 00:00:00+00:00
[2026-09-10T14:01:44.890+0000] {logging_mixin.py:188} INFO - [2026-09-10T14:01:44.890+0000] {dag.py:3834} INFO - Setting next_dagrun for example_branch_datetime_operator_3 to 2026-09-09 00:00:00+00:00, run_after=2026-09-10 00:00:00+00:00
[2026-09-10T14:01:44.913+0000] {processor.py:183} INFO - Processing /home/airflow/.local/lib/python3.8/site-packages/airflow/example_dags/example_branch_datetime_operator.py took 0.186 seconds
[2026-09-10T14:02:15.447+0000] {processor.py:161} INFO - Started process (PID=2282) to work on /home/airflow/.local/lib/python3.8/site-packages/airflow/example_dags/example_branch_datetime_operator.py
[2026-09-10T14:02:15.450+0000] {processor.py:830} INFO - Processing file /home/airflow/.local/lib/python3.8/site-packages/airflow/example_dags/example_branch_datetime_operator.py for tasks to queue
[2026-09-10T14:02:15.454+0000] {logging_mixin.py:188} INFO - [2026-09-10T14:02:15.454+0000] {dagbag.py:540} INFO - Filling up the DagBag from /home/airflow/.local/lib/python3.8/site-packages/airflow/example_dags/example_branch_datetime_operator.py
[2026-09-10T14:02:15.467+0000] {processor.py:840} INFO - DAG(s) 'example_branch_datetime_operator', 'example_branch_datetime_operator_2', 'example_branch_datetime_operator_3' retrieved from /home/airflow/.local/lib/python3.8/site-packages/airflow/example_dags/example_branch_datetime_operator.py
[2026-09-10T14:02:15.502+0000] {logging_mixin.py:188} INFO - [2026-09-10T14:02:15.502+0000] {dag.py:3047} INFO - Sync 3 DAGs
[2026-09-10T14:02:15.707+0000] {logging_mixin.py:188} INFO - [2026-09-10T14:02:15.706+0000] {dag.py:3834} INFO - Setting next_dagrun for example_branch_datetime_operator to 2026-09-09 00:00:00+00:00, run_after=2026-09-10 00:00:00+00:00
[2026-09-10T14:02:15.712+0000] {logging_mixin.py:188} INFO - [2026-09-10T14:02:15.712+0000] {dag.py:3834} INFO - Setting next_dagrun for example_branch_datetime_operator_2 to 2026-09-09 00:00:00+00:00, run_after=2026-09-10 00:00:00+00:00
[2026-09-10T14:02:15.718+0000] {logging_mixin.py:188} INFO - [2026-09-10T14:02:15.718+0000] {dag.py:3834} INFO - Setting next_dagrun for example_branch_datetime_operator_3 to 2026-09-09 00:00:00+00:00, run_after=2026-09-10 00:00:00+00:00
[2026-09-10T14:02:15.739+0000] {processor.py:183} INFO - Processing /home/airflow/.local/lib/python3.8/site-packages/airflow/example_dags/example_branch_datetime_operator.py took 0.296 seconds
[2026-09-10T14:02:46.463+0000] {processor.py:161} INFO - Started process (PID=2343) to work on /home/airflow/.local/lib/python3.8/site-packages/airflow/example_dags/example_branch_datetime_operator.py
[2026-09-10T14:02:46.465+0000] {processor.py:830} INFO - Processing file /home/airflow/.local/lib/python3.8/site-packages/airflow/example_dags/example_branch_datetime_operator.py for tasks to queue
[2026-09-10T14:02:46.468+0000] {logging_mixin.py:188} INFO - [2026-09-10T14:02:46.467+0000] {dagbag.py:540} INFO - Filling up the DagBag from /home/airflow/.local/lib/python3.8/site-packages/airflow/example_dags/example_branch_datetime_operator.py
[2026-09-10T14:02:46.480+0000] {processor.py:840} INFO - DAG(s) 'example_branch_datetime_operator_3', 'example_branch_datetime_operator', 'example_branch_datetime_operator_2' retrieved from /home/airflow/.local/lib/python3.8/site-packages/airflow/example_dags/example_branch_datetime_operator.py
[2026-09-10T14:02:46.522+0000] {logging_mixin.py:188} INFO - [2026-09-10T14:02:46.521+0000] {dag.py:3047} INFO - Sync 3 DAGs
[2026-09-10T14:02:46.549+0000] {logging_mixin.py:188} INFO - [2026-09-10T14:02:46.548+0000] {dag.py:3834} INFO - Setting next_dagrun for example_branch_datetime_operator to 2026-09-09 00:00:00+00:00, run_after=2026-09-10 00:00:00+00:00
[2026-09-10T14:02:46.555+0000] {logging_mixin.py:188} INFO - [2026-09-10T14:02:46.555+0000] {dag.py:3834} INFO - Setting next_dagrun for example_branch_datetime_operator_2 to 2026-09-09 00:00:00+00:00, run_after=2026-09-10 00:00:00+00:00
[2026-09-10T14:02:46.559+0000] {logging_mixin.py:188} INFO - [2026-09-10T14:02:46.559+0000] {dag.py:3834} INFO - Setting next_dagrun for example_branch_datetime_operator_3 to 2026-09-09 00:00:00+00:00, run_after=2026-09-10 00:00:00+00:00
[2026-09-10T14:02:46.583+0000] {processor.py:183} INFO - Processing /home/airflow/.local/lib/python3.8/site-packages/airflow/example_dags/example_branch_datetime_operator.py took 0.124 seconds
[2026-09-10T14:03:16.998+0000] {processor.py:161} INFO - Started process (PID=2404) to work on /home/airflow/.local/lib/python3.8/site-packages/airflow/example_dags/example_branch_datetime_operator.py
[2026-09-10T14:03:17.000+0000] {processor.py:830} INFO - Processing file /home/airflow/.local/lib/python3.8/site-packages/airflow/example_dags/example_branch_datetime_operator.py for tasks to queue
[2026-09-10T14:03:17.002+0000] {logging_mixin.py:188} INFO - [2026-09-10T14:03:17.002+0000] {dagbag.py:540} INFO - Filling up the DagBag from /home/airflow/.local/lib/python3.8/site-packages/airflow/example_dags/example_branch_datetime_operator.py
[2026-09-10T14:03:17.017+0000] {processor.py:840} INFO - DAG(s) 'example_branch_datetime_operator_3', 'example_branch_datetime_operator_2', 'example_branch_datetime_operator' retrieved from /home/airflow/.local/lib/python3.8/site-packages/airflow/example_dags/example_branch_datetime_operator.py
[2026-09-10T14:03:17.049+0000] {logging_mixin.py:188} INFO - [2026-09-10T14:03:17.049+0000] {dag.py:3047} INFO - Sync 3 DAGs
[2026-09-10T14:03:17.074+0000] {logging_mixin.py:188} INFO - [2026-09-10T14:03:17.073+0000] {dag.py:3834} INFO - Setting next_dagrun for example_branch_datetime_operator to 2026-09-09 00:00:00+00:00, run_after=2026-09-10 00:00:00+00:00
[2026-09-10T14:03:17.081+0000] {logging_mixin.py:188} INFO - [2026-09-10T14:03:17.080+0000] {dag.py:3834} INFO - Setting next_dagrun for example_branch_datetime_operator_2 to 2026-09-09 00:00:00+00:00, run_after=2026-09-10 00:00:00+00:00
[2026-09-10T14:03:17.084+0000] {logging_mixin.py:188} INFO - [2026-09-10T14:03:17.084+0000] {dag.py:3834} INFO - Setting next_dagrun for example_branch_datetime_operator_3 to 2026-09-09 00:00:00+00:00, run_after=2026-09-10 00:00:00+00:00
[2026-09-10T14:03:17.105+0000] {processor.py:183} INFO - Processing /home/airflow/.local/lib/python3.8/site-packages/airflow/example_dags/example_branch_datetime_operator.py took 0.111 seconds
[2026-09-10T14:03:47.224+0000] {processor.py:161} INFO - Started process (PID=2465) to work on /home/airflow/.local/lib/python3.8/site-packages/airflow/example_dags/example_branch_datetime_operator.py
[2026-09-10T14:03:47.226+0000] {processor.py:830} INFO - Processing file /home/airflow/.local/lib/python3.8/site-packages/airflow/example_dags/example_branch_datetime_operator.py for tasks to queue
[2026-09-10T14:03:47.229+0000] {logging_mixin.py:188} INFO - [2026-09-10T14:03:47.229+0000] {dagbag.py:540} INFO - Filling up the DagBag from /home/airflow/.local/lib/python3.8/site-packages/airflow/example_dags/example_branch_datetime_operator.py
[2026-09-10T14:03:47.243+0000] {processor.py:840} INFO - DAG(s) 'example_branch_datetime_operator_3', 'example_branch_datetime_operator_2', 'example_branch_datetime_operator' retrieved from /home/airflow/.local/lib/python3.8/site-packages/airflow/example_dags/example_branch_datetime_operator.py
[2026-09-10T14:03:47.280+0000] {logging_mixin.py:188} INFO - [2026-09-10T14:03:47.280+0000] {dag.py:3047} INFO - Sync 3 DAGs
[2026-09-10T14:03:47.306+0000] {logging_mixin.py:188} INFO - [2026-09-10T14:03:47.305+0000] {dag.py:3834} INFO - Setting next_dagrun for example_branch_datetime_operator to 2026-09-09 00:00:00+00:00, run_after=2026-09-10 00:00:00+00:00
[2026-09-10T14:03:47.311+0000] {logging_mixin.py:188} INFO - [2026-09-10T14:03:47.311+0000] {dag.py:3834} INFO - Setting next_dagrun for example_branch_datetime_operator_2 to 2026-09-09 00:00:00+00:00, run_after=2026-09-10 00:00:00+00:00
[2026-09-10T14:03:47.316+0000] {logging_mixin.py:188} INFO - [2026-09-10T14:03:47.316+0000] {dag.py:3834} INFO - Setting next_dagrun for example_branch_datetime_operator_3 to 2026-09-09 00:00:00+00:00, run_after=2026-09-10 00:00:00+00:00
[2026-09-10T14:03:47.338+0000] {processor.py:183} INFO - Processing /home/airflow/.local/lib/python3.8/site-packages/airflow/example_dags/example_branch_datetime_operator.py took 0.118 seconds
[2026-09-10T14:04:17.470+0000] {processor.py:161} INFO - Started process (PID=2526) to work on /home/airflow/.local/lib/python3.8/site-packages/airflow/example_dags/example_branch_datetime_operator.py
[2026-09-10T14:04:17.472+0000] {processor.py:830} INFO - Processing file /home/airflow/.local/lib/python3.8/site-packages/airflow/example_dags/example_branch_datetime_operator.py for tasks to queue
[2026-09-10T14:04:17.475+0000] {logging_mixin.py:188} INFO - [2026-09-10T14:04:17.475+0000] {dagbag.py:540} INFO - Filling up the DagBag from /home/airflow/.local/lib/python3.8/site-packages/airflow/example_dags/example_branch_datetime_operator.py
[2026-09-10T14:04:17.489+0000] {processor.py:840} INFO - DAG(s) 'example_branch_datetime_operator_3', 'example_branch_datetime_operator_2', 'example_branch_datetime_operator' retrieved from /home/airflow/.local/lib/python3.8/site-packages/airflow/example_dags/example_branch_datetime_operator.py
[2026-09-10T14:04:17.527+0000] {logging_mixin.py:188} INFO - [2026-09-10T14:04:17.527+0000] {dag.py:3047} INFO - Sync 3 DAGs
[2026-09-10T14:04:17.561+0000] {logging_mixin.py:188} INFO - [2026-09-10T14:04:17.561+0000] {dag.py:3834} INFO - Setting next_dagrun for example_branch_datetime_operator to 2026-09-09 00:00:00+00:00, run_after=2026-09-10 00:00:00+00:00
[2026-09-10T14:04:17.568+0000] {logging_mixin.py:188} INFO - [2026-09-10T14:04:17.568+0000] {dag.py:3834} INFO - Setting next_dagrun for example_branch_datetime_operator_2 to 2026-09-09 00:00:00+00:00, run_after=2026-09-10 00:00:00+00:00
[2026-09-10T14:04:17.575+0000] {logging_mixin.py:188} INFO - [2026-09-10T14:04:17.574+0000] {dag.py:3834} INFO - Setting next_dagrun for example_branch_datetime_operator_3 to 2026-09-09 00:00:00+00:00, run_after=2026-09-10 00:00:00+00:00
[2026-09-10T14:04:17.603+0000] {processor.py:183} INFO - Processing /home/airflow/.local/lib/python3.8/site-packages/airflow/example_dags/example_branch_datetime_operator.py took 0.137 seconds
[2026-09-10T14:04:48.240+0000] {processor.py:161} INFO - Started process (PID=2587) to work on /home/airflow/.local/lib/python3.8/site-packages/airflow/example_dags/example_branch_datetime_operator.py
[2026-09-10T14:04:48.242+0000] {processor.py:830} INFO - Processing file /home/airflow/.local/lib/python3.8/site-packages/airflow/example_dags/example_branch_datetime_operator.py for tasks to queue
[2026-09-10T14:04:48.246+0000] {logging_mixin.py:188} INFO - [2026-09-10T14:04:48.246+0000] {dagbag.py:540} INFO - Filling up the DagBag from /home/airflow/.local/lib/python3.8/site-packages/airflow/example_dags/example_branch_datetime_operator.py
[2026-09-10T14:04:48.270+0000] {processor.py:840} INFO - DAG(s) 'example_branch_datetime_operator', 'example_branch_datetime_operator_3', 'example_branch_datetime_operator_2' retrieved from /home/airflow/.local/lib/python3.8/site-packages/airflow/example_dags/example_branch_datetime_operator.py
[2026-09-10T14:04:48.319+0000] {logging_mixin.py:188} INFO - [2026-09-10T14:04:48.317+0000] {dag.py:3047} INFO - Sync 3 DAGs
[2026-09-10T14:04:48.364+0000] {logging_mixin.py:188} INFO - [2026-09-10T14:04:48.364+0000] {dag.py:3834} INFO - Setting next_dagrun for example_branch_datetime_operator to 2026-09-09 00:00:00+00:00, run_after=2026-09-10 00:00:00+00:00
[2026-09-10T14:04:48.375+0000] {logging_mixin.py:188} INFO - [2026-09-10T14:04:48.374+0000] {dag.py:3834} INFO - Setting next_dagrun for example_branch_datetime_operator_2 to 2026-09-09 00:00:00+00:00, run_after=2026-09-10 00:00:00+00:00
[2026-09-10T14:04:48.378+0000] {logging_mixin.py:188} INFO - [2026-09-10T14:04:48.378+0000] {dag.py:3834} INFO - Setting next_dagrun for example_branch_datetime_operator_3 to 2026-09-09 00:00:00+00:00, run_after=2026-09-10 00:00:00+00:00
[2026-09-10T14:04:48.412+0000] {processor.py:183} INFO - Processing /home/airflow/.local/lib/python3.8/site-packages/airflow/example_dags/example_branch_datetime_operator.py took 0.182 seconds
[2026-09-10T14:05:18.521+0000] {processor.py:161} INFO - Started process (PID=2648) to work on /home/airflow/.local/lib/python3.8/site-packages/airflow/example_dags/example_branch_datetime_operator.py
[2026-09-10T14:05:18.522+0000] {processor.py:830} INFO - Processing file /home/airflow/.local/lib/python3.8/site-packages/airflow/example_dags/example_branch_datetime_operator.py for tasks to queue
[2026-09-10T14:05:18.525+0000] {logging_mixin.py:188} INFO - [2026-09-10T14:05:18.524+0000] {dagbag.py:540} INFO - Filling up the DagBag from /home/airflow/.local/lib/python3.8/site-packages/airflow/example_dags/example_branch_datetime_operator.py
[2026-09-10T14:05:18.539+0000] {processor.py:840} INFO - DAG(s) 'example_branch_datetime_operator_3', 'example_branch_datetime_operator', 'example_branch_datetime_operator_2' retrieved from /home/airflow/.local/lib/python3.8/site-packages/airflow/example_dags/example_branch_datetime_operator.py
[2026-09-10T14:05:18.576+0000] {logging_mixin.py:188} INFO - [2026-09-10T14:05:18.576+0000] {dag.py:3047} INFO - Sync 3 DAGs
[2026-09-10T14:05:18.609+0000] {logging_mixin.py:188} INFO - [2026-09-10T14:05:18.608+0000] {dag.py:3834} INFO - Setting next_dagrun for example_branch_datetime_operator to 2026-09-09 00:00:00+00:00, run_after=2026-09-10 00:00:00+00:00
[2026-09-10T14:05:18.615+0000] {logging_mixin.py:188} INFO - [2026-09-10T14:05:18.615+0000] {dag.py:3834} INFO - Setting next_dagrun for example_branch_datetime_operator_2 to 2026-09-09 00:00:00+00:00, run_after=2026-09-10 00:00:00+00:00
[2026-09-10T14:05:18.620+0000] {logging_mixin.py:188} INFO - [2026-09-10T14:05:18.619+0000] {dag.py:3834} INFO - Setting next_dagrun for example_branch_datetime_operator_3 to 2026-09-09 00:00:00+00:00, run_after=2026-09-10 00:00:00+00:00
[2026-09-10T14:05:18.644+0000] {processor.py:183} INFO - Processing /home/airflow/.local/lib/python3.8/site-packages/airflow/example_dags/example_branch_datetime_operator.py took 0.129 seconds
[2026-09-10T14:05:49.017+0000] {processor.py:161} INFO - Started process (PID=2709) to work on /home/airflow/.local/lib/python3.8/site-packages/airflow/example_dags/example_branch_datetime_operator.py
[2026-09-10T14:05:49.018+0000] {processor.py:830} INFO - Processing file /home/airflow/.local/lib/python3.8/site-packages/airflow/example_dags/example_branch_datetime_operator.py for tasks to queue
[2026-09-10T14:05:49.021+0000] {logging_mixin.py:188} INFO - [2026-09-10T14:05:49.021+0000] {dagbag.py:540} INFO - Filling up the DagBag from /home/airflow/.local/lib/python3.8/site-packages/airflow/example_dags/example_branch_datetime_operator.py
[2026-09-10T14:05:49.035+0000] {processor.py:840} INFO - DAG(s) 'example_branch_datetime_operator_3', 'example_branch_datetime_operator_2', 'example_branch_datetime_operator' retrieved from /home/airflow/.local/lib/python3.8/site-packages/airflow/example_dags/example_branch_datetime_operator.py
[2026-09-10T14:05:49.070+0000] {logging_mixin.py:188} INFO - [2026-09-10T14:05:49.070+0000] {dag.py:3047} INFO - Sync 3 DAGs
[2026-09-10T14:05:49.098+0000] {logging_mixin.py:188} INFO - [2026-09-10T14:05:49.098+0000] {dag.py:3834} INFO - Setting next_dagrun for example_branch_datetime_operator to 2026-09-09 00:00:00+00:00, run_after=2026-09-10 00:00:00+00:00
[2026-09-10T14:05:49.105+0000] {logging_mixin.py:188} INFO - [2026-09-10T14:05:49.105+0000] {dag.py:3834} INFO - Setting next_dagrun for example_branch_datetime_operator_2 to 2026-09-09 00:00:00+00:00, run_after=2026-09-10 00:00:00+00:00
[2026-09-10T14:05:49.109+0000] {logging_mixin.py:188} INFO - [2026-09-10T14:05:49.109+0000] {dag.py:3834} INFO - Setting next_dagrun for example_branch_datetime_operator_3 to 2026-09-09 00:00:00+00:00, run_after=2026-09-10 00:00:00+00:00
[2026-09-10T14:05:49.134+0000] {processor.py:183} INFO - Processing /home/airflow/.local/lib/python3.8/site-packages/airflow/example_dags/example_branch_datetime_operator.py took 0.121 seconds
[2026-09-10T14:06:19.862+0000] {processor.py:161} INFO - Started process (PID=2770) to work on /home/airflow/.local/lib/python3.8/site-packages/airflow/example_dags/example_branch_datetime_operator.py
[2026-09-10T14:06:19.865+0000] {processor.py:830} INFO - Processing file /home/airflow/.local/lib/python3.8/site-packages/airflow/example_dags/example_branch_datetime_operator.py for tasks to queue
[2026-09-10T14:06:19.872+0000] {logging_mixin.py:188} INFO - [2026-09-10T14:06:19.870+0000] {dagbag.py:540} INFO - Filling up the DagBag from /home/airflow/.local/lib/python3.8/site-packages/airflow/example_dags/example_branch_datetime_operator.py
[2026-09-10T14:06:19.900+0000] {processor.py:840} INFO - DAG(s) 'example_branch_datetime_operator_3', 'example_branch_datetime_operator_2', 'example_branch_datetime_operator' retrieved from /home/airflow/.local/lib/python3.8/site-packages/airflow/example_dags/example_branch_datetime_operator.py
[2026-09-10T14:06:19.949+0000] {logging_mixin.py:188} INFO - [2026-09-10T14:06:19.948+0000] {dag.py:3047} INFO - Sync 3 DAGs
[2026-09-10T14:06:19.979+0000] {logging_mixin.py:188} INFO - [2026-09-10T14:06:19.978+0000] {dag.py:3834} INFO - Setting next_dagrun for example_branch_datetime_operator to 2026-09-09 00:00:00+00:00, run_after=2026-09-10 00:00:00+00:00
[2026-09-10T14:06:19.984+0000] {logging_mixin.py:188} INFO - [2026-09-10T14:06:19.984+0000] {dag.py:3834} INFO - Setting next_dagrun for example_branch_datetime_operator_2 to 2026-09-09 00:00:00+00:00, run_after=2026-09-10 00:00:00+00:00
[2026-09-10T14:06:19.988+0000] {logging_mixin.py:188} INFO - [2026-09-10T14:06:19.988+0000] {dag.py:3834} INFO - Setting next_dagrun for example_branch_datetime_operator_3 to 2026-09-09 00:00:00+00:00, run_after=2026-09-10 00:00:00+00:00
[2026-09-10T14:06:20.009+0000] {processor.py:183} INFO - Processing /home/airflow/.local/lib/python3.8/site-packages/airflow/example_dags/example_branch_datetime_operator.py took 0.156 seconds
[2026-09-10T14:06:50.746+0000] {processor.py:161} INFO - Started process (PID=2831) to work on /home/airflow/.local/lib/python3.8/site-packages/airflow/example_dags/example_branch_datetime_operator.py
[2026-09-10T14:06:50.748+0000] {processor.py:830} INFO - Processing file /home/airflow/.local/lib/python3.8/site-packages/airflow/example_dags/example_branch_datetime_operator.py for tasks to queue
[2026-09-10T14:06:50.752+0000] {logging_mixin.py:188} INFO - [2026-09-10T14:06:50.751+0000] {dagbag.py:540} INFO - Filling up the DagBag from /home/airflow/.local/lib/python3.8/site-packages/airflow/example_dags/example_branch_datetime_operator.py
[2026-09-10T14:06:50.770+0000] {processor.py:840} INFO - DAG(s) 'example_branch_datetime_operator_2', 'example_branch_datetime_operator_3', 'example_branch_datetime_operator' retrieved from /home/airflow/.local/lib/python3.8/site-packages/airflow/example_dags/example_branch_datetime_operator.py
[2026-09-10T14:06:50.807+0000] {logging_mixin.py:188} INFO - [2026-09-10T14:06:50.807+0000] {dag.py:3047} INFO - Sync 3 DAGs
[2026-09-10T14:06:50.837+0000] {logging_mixin.py:188} INFO - [2026-09-10T14:06:50.837+0000] {dag.py:3834} INFO - Setting next_dagrun for example_branch_datetime_operator to 2026-09-09 00:00:00+00:00, run_after=2026-09-10 00:00:00+00:00
[2026-09-10T14:06:50.846+0000] {logging_mixin.py:188} INFO - [2026-09-10T14:06:50.845+0000] {dag.py:3834} INFO - Setting next_dagrun for example_branch_datetime_operator_2 to 2026-09-09 00:00:00+00:00, run_after=2026-09-10 00:00:00+00:00
[2026-09-10T14:06:50.849+0000] {logging_mixin.py:188} INFO - [2026-09-10T14:06:50.849+0000] {dag.py:3834} INFO - Setting next_dagrun for example_branch_datetime_operator_3 to 2026-09-09 00:00:00+00:00, run_after=2026-09-10 00:00:00+00:00
[2026-09-10T14:06:50.873+0000] {processor.py:183} INFO - Processing /home/airflow/.local/lib/python3.8/site-packages/airflow/example_dags/example_branch_datetime_operator.py took 0.131 seconds
[2026-09-10T14:07:21.691+0000] {processor.py:161} INFO - Started process (PID=2892) to work on /home/airflow/.local/lib/python3.8/site-packages/airflow/example_dags/example_branch_datetime_operator.py
[2026-09-10T14:07:21.693+0000] {processor.py:830} INFO - Processing file /home/airflow/.local/lib/python3.8/site-packages/airflow/example_dags/example_branch_datetime_operator.py for tasks to queue
[2026-09-10T14:07:21.696+0000] {logging_mixin.py:188} INFO - [2026-09-10T14:07:21.696+0000] {dagbag.py:540} INFO - Filling up the DagBag from /home/airflow/.local/lib/python3.8/site-packages/airflow/example_dags/example_branch_datetime_operator.py
[2026-09-10T14:07:21.711+0000] {processor.py:840} INFO - DAG(s) 'example_branch_datetime_operator_3', 'example_branch_datetime_operator_2', 'example_branch_datetime_operator' retrieved from /home/airflow/.local/lib/python3.8/site-packages/airflow/example_dags/example_branch_datetime_operator.py
[2026-09-10T14:07:21.752+0000] {logging_mixin.py:188} INFO - [2026-09-10T14:07:21.752+0000] {dag.py:3047} INFO - Sync 3 DAGs
[2026-09-10T14:07:21.783+0000] {logging_mixin.py:188} INFO - [2026-09-10T14:07:21.783+0000] {dag.py:3834} INFO - Setting next_dagrun for example_branch_datetime_operator to 2026-09-09 00:00:00+00:00, run_after=2026-09-10 00:00:00+00:00
[2026-09-10T14:07:21.790+0000] {logging_mixin.py:188} INFO - [2026-09-10T14:07:21.790+0000] {dag.py:3834} INFO - Setting next_dagrun for example_branch_datetime_operator_2 to 2026-09-09 00:00:00+00:00, run_after=2026-09-10 00:00:00+00:00
[2026-09-10T14:07:21.794+0000] {logging_mixin.py:188} INFO - [2026-09-10T14:07:21.794+0000] {dag.py:3834} INFO - Setting next_dagrun for example_branch_datetime_operator_3 to 2026-09-09 00:00:00+00:00, run_after=2026-09-10 00:00:00+00:00
[2026-09-10T14:07:21.820+0000] {processor.py:183} INFO - Processing /home/airflow/.local/lib/python3.8/site-packages/airflow/example_dags/example_branch_datetime_operator.py took 0.135 seconds
[2026-09-10T14:07:52.095+0000] {processor.py:161} INFO - Started process (PID=2953) to work on /home/airflow/.local/lib/python3.8/site-packages/airflow/example_dags/example_branch_datetime_operator.py
[2026-09-10T14:07:52.097+0000] {processor.py:830} INFO - Processing file /home/airflow/.local/lib/python3.8/site-packages/airflow/example_dags/example_branch_datetime_operator.py for tasks to queue
[2026-09-10T14:07:52.100+0000] {logging_mixin.py:188} INFO - [2026-09-10T14:07:52.100+0000] {dagbag.py:540} INFO - Filling up the DagBag from /home/airflow/.local/lib/python3.8/site-packages/airflow/example_dags/example_branch_datetime_operator.py
[2026-09-10T14:07:52.113+0000] {processor.py:840} INFO - DAG(s) 'example_branch_datetime_operator_2', 'example_branch_datetime_operator_3', 'example_branch_datetime_operator' retrieved from /home/airflow/.local/lib/python3.8/site-packages/airflow/example_dags/example_branch_datetime_operator.py
[2026-09-10T14:07:52.151+0000] {logging_mixin.py:188} INFO - [2026-09-10T14:07:52.151+0000] {dag.py:3047} INFO - Sync 3 DAGs
[2026-09-10T14:07:52.178+0000] {logging_mixin.py:188} INFO - [2026-09-10T14:07:52.178+0000] {dag.py:3834} INFO - Setting next_dagrun for example_branch_datetime_operator to 2026-09-09 00:00:00+00:00, run_after=2026-09-10 00:00:00+00:00
[2026-09-10T14:07:52.186+0000] {logging_mixin.py:188} INFO - [2026-09-10T14:07:52.185+0000] {dag.py:3834} INFO - Setting next_dagrun for example_branch_datetime_operator_2 to 2026-09-09 00:00:00+00:00, run_after=2026-09-10 00:00:00+00:00
[2026-09-10T14:07:52.189+0000] {logging_mixin.py:188} INFO - [2026-09-10T14:07:52.189+0000] {dag.py:3834} INFO - Setting next_dagrun for example_branch_datetime_operator_3 to 2026-09-09 00:00:00+00:00, run_after=2026-09-10 00:00:00+00:00
[2026-09-10T14:07:52.224+0000] {processor.py:183} INFO - Processing /home/airflow/.local/lib/python3.8/site-packages/airflow/example_dags/example_branch_datetime_operator.py took 0.134 seconds
[2026-09-10T14:08:22.392+0000] {processor.py:161} INFO - Started process (PID=3014) to work on /home/airflow/.local/lib/python3.8/site-packages/airflow/example_dags/example_branch_datetime_operator.py
[2026-09-10T14:08:22.394+0000] {processor.py:830} INFO - Processing file /home/airflow/.local/lib/python3.8/site-packages/airflow/example_dags/example_branch_datetime_operator.py for tasks to queue
[2026-09-10T14:08:22.398+0000] {logging_mixin.py:188} INFO - [2026-09-10T14:08:22.397+0000] {dagbag.py:540} INFO - Filling up the DagBag from /home/airflow/.local/lib/python3.8/site-packages/airflow/example_dags/example_branch_datetime_operator.py
[2026-09-10T14:08:22.412+0000] {processor.py:840} INFO - DAG(s) 'example_branch_datetime_operator_3', 'example_branch_datetime_operator_2', 'example_branch_datetime_operator' retrieved from /home/airflow/.local/lib/python3.8/site-packages/airflow/example_dags/example_branch_datetime_operator.py
[2026-09-10T14:08:22.459+0000] {logging_mixin.py:188} INFO - [2026-09-10T14:08:22.459+0000] {dag.py:3047} INFO - Sync 3 DAGs
[2026-09-10T14:08:22.492+0000] {logging_mixin.py:188} INFO - [2026-09-10T14:08:22.491+0000] {dag.py:3834} INFO - Setting next_dagrun for example_branch_datetime_operator to 2026-09-09 00:00:00+00:00, run_after=2026-09-10 00:00:00+00:00
[2026-09-10T14:08:22.499+0000] {logging_mixin.py:188} INFO - [2026-09-10T14:08:22.498+0000] {dag.py:3834} INFO - Setting next_dagrun for example_branch_datetime_operator_2 to 2026-09-09 00:00:00+00:00, run_after=2026-09-10 00:00:00+00:00
[2026-09-10T14:08:22.504+0000] {logging_mixin.py:188} INFO - [2026-09-10T14:08:22.503+0000] {dag.py:3834} INFO - Setting next_dagrun for example_branch_datetime_operator_3 to 2026-09-09 00:00:00+00:00, run_after=2026-09-10 00:00:00+00:00
[2026-09-10T14:08:22.530+0000] {processor.py:183} INFO - Processing /home/airflow/.local/lib/python3.8/site-packages/airflow/example_dags/example_branch_datetime_operator.py took 0.142 seconds
[2026-09-10T14:08:52.781+0000] {processor.py:161} INFO - Started process (PID=3075) to work on /home/airflow/.local/lib/python3.8/site-packages/airflow/example_dags/example_branch_datetime_operator.py
[2026-09-10T14:08:52.783+0000] {processor.py:830} INFO - Processing file /home/airflow/.local/lib/python3.8/site-packages/airflow/example_dags/example_branch_datetime_operator.py for tasks to queue
[2026-09-10T14:08:52.788+0000] {logging_mixin.py:188} INFO - [2026-09-10T14:08:52.787+0000] {dagbag.py:540} INFO - Filling up the DagBag from /home/airflow/.local/lib/python3.8/site-packages/airflow/example_dags/example_branch_datetime_operator.py
[2026-09-10T14:08:52.820+0000] {processor.py:840} INFO - DAG(s) 'example_branch_datetime_operator', 'example_branch_datetime_operator_2', 'example_branch_datetime_operator_3' retrieved from /home/airflow/.local/lib/python3.8/site-packages/airflow/example_dags/example_branch_datetime_operator.py
[2026-09-10T14:08:52.863+0000] {logging_mixin.py:188} INFO - [2026-09-10T14:08:52.863+0000] {dag.py:3047} INFO - Sync 3 DAGs
[2026-09-10T14:08:52.896+0000] {logging_mixin.py:188} INFO - [2026-09-10T14:08:52.896+0000] {dag.py:3834} INFO - Setting next_dagrun for example_branch_datetime_operator to 2026-09-09 00:00:00+00:00, run_after=2026-09-10 00:00:00+00:00
[2026-09-10T14:08:52.905+0000] {logging_mixin.py:188} INFO - [2026-09-10T14:08:52.905+0000] {dag.py:3834} INFO - Setting next_dagrun for example_branch_datetime_operator_2 to 2026-09-09 00:00:00+00:00, run_after=2026-09-10 00:00:00+00:00
[2026-09-10T14:08:52.911+0000] {logging_mixin.py:188} INFO - [2026-09-10T14:08:52.911+0000] {dag.py:3834} INFO - Setting next_dagrun for example_branch_datetime_operator_3 to 2026-09-09 00:00:00+00:00, run_after=2026-09-10 00:00:00+00:00
[2026-09-10T14:08:52.943+0000] {processor.py:183} INFO - Processing /home/airflow/.local/lib/python3.8/site-packages/airflow/example_dags/example_branch_datetime_operator.py took 0.167 seconds
[2026-09-10T14:09:23.093+0000] {processor.py:161} INFO - Started process (PID=3136) to work on /home/airflow/.local/lib/python3.8/site-packages/airflow/example_dags/example_branch_datetime_operator.py
[2026-09-10T14:09:23.095+0000] {processor.py:830} INFO - Processing file /home/airflow/.local/lib/python3.8/site-packages/airflow/example_dags/example_branch_datetime_operator.py for tasks to queue
[2026-09-10T14:09:23.099+0000] {logging_mixin.py:188} INFO - [2026-09-10T14:09:23.099+0000] {dagbag.py:540} INFO - Filling up the DagBag from /home/airflow/.local/lib/python3.8/site-packages/airflow/example_dags/example_branch_datetime_operator.py
[2026-09-10T14:09:23.111+0000] {processor.py:840} INFO - DAG(s) 'example_branch_datetime_operator', 'example_branch_datetime_operator_3', 'example_branch_datetime_operator_2' retrieved from /home/airflow/.local/lib/python3.8/site-packages/airflow/example_dags/example_branch_datetime_operator.py
[2026-09-10T14:09:23.144+0000] {logging_mixin.py:188} INFO - [2026-09-10T14:09:23.144+0000] {dag.py:3047} INFO - Sync 3 DAGs
[2026-09-10T14:09:23.171+0000] {logging_mixin.py:188} INFO - [2026-09-10T14:09:23.170+0000] {dag.py:3834} INFO - Setting next_dagrun for example_branch_datetime_operator to 2026-09-09 00:00:00+00:00, run_after=2026-09-10 00:00:00+00:00
[2026-09-10T14:09:23.177+0000] {logging_mixin.py:188} INFO - [2026-09-10T14:09:23.177+0000] {dag.py:3834} INFO - Setting next_dagrun for example_branch_datetime_operator_2 to 2026-09-09 00:00:00+00:00, run_after=2026-09-10 00:00:00+00:00
[2026-09-10T14:09:23.181+0000] {logging_mixin.py:188} INFO - [2026-09-10T14:09:23.181+0000] {dag.py:3834} INFO - Setting next_dagrun for example_branch_datetime_operator_3 to 2026-09-09 00:00:00+00:00, run_after=2026-09-10 00:00:00+00:00
[2026-09-10T14:09:23.200+0000] {processor.py:183} INFO - Processing /home/airflow/.local/lib/python3.8/site-packages/airflow/example_dags/example_branch_datetime_operator.py took 0.113 seconds
[2026-09-10T14:09:53.359+0000] {processor.py:161} INFO - Started process (PID=3197) to work on /home/airflow/.local/lib/python3.8/site-packages/airflow/example_dags/example_branch_datetime_operator.py
[2026-09-10T14:09:53.361+0000] {processor.py:830} INFO - Processing file /home/airflow/.local/lib/python3.8/site-packages/airflow/example_dags/example_branch_datetime_operator.py for tasks to queue
[2026-09-10T14:09:53.365+0000] {logging_mixin.py:188} INFO - [2026-09-10T14:09:53.364+0000] {dagbag.py:540} INFO - Filling up the DagBag from /home/airflow/.local/lib/python3.8/site-packages/airflow/example_dags/example_branch_datetime_operator.py
[2026-09-10T14:09:53.376+0000] {processor.py:840} INFO - DAG(s) 'example_branch_datetime_operator_3', 'example_branch_datetime_operator', 'example_branch_datetime_operator_2' retrieved from /home/airflow/.local/lib/python3.8/site-packages/airflow/example_dags/example_branch_datetime_operator.py
[2026-09-10T14:09:53.408+0000] {logging_mixin.py:188} INFO - [2026-09-10T14:09:53.408+0000] {dag.py:3047} INFO - Sync 3 DAGs
[2026-09-10T14:09:53.440+0000] {logging_mixin.py:188} INFO - [2026-09-10T14:09:53.440+0000] {dag.py:3834} INFO - Setting next_dagrun for example_branch_datetime_operator to 2026-09-09 00:00:00+00:00, run_after=2026-09-10 00:00:00+00:00
[2026-09-10T14:09:53.446+0000] {logging_mixin.py:188} INFO - [2026-09-10T14:09:53.446+0000] {dag.py:3834} INFO - Setting next_dagrun for example_branch_datetime_operator_2 to 2026-09-09 00:00:00+00:00, run_after=2026-09-10 00:00:00+00:00
[2026-09-10T14:09:53.449+0000] {logging_mixin.py:188} INFO - [2026-09-10T14:09:53.449+0000] {dag.py:3834} INFO - Setting next_dagrun for example_branch_datetime_operator_3 to 2026-09-09 00:00:00+00:00, run_after=2026-09-10 00:00:00+00:00
[2026-09-10T14:09:53.471+0000] {processor.py:183} INFO - Processing /home/airflow/.local/lib/python3.8/site-packages/airflow/example_dags/example_branch_datetime_operator.py took 0.115 seconds
[2026-09-10T14:10:23.614+0000] {processor.py:161} INFO - Started process (PID=3262) to work on /home/airflow/.local/lib/python3.8/site-packages/airflow/example_dags/example_branch_datetime_operator.py
[2026-09-10T14:10:23.615+0000] {processor.py:830} INFO - Processing file /home/airflow/.local/lib/python3.8/site-packages/airflow/example_dags/example_branch_datetime_operator.py for tasks to queue
[2026-09-10T14:10:23.619+0000] {logging_mixin.py:188} INFO - [2026-09-10T14:10:23.618+0000] {dagbag.py:540} INFO - Filling up the DagBag from /home/airflow/.local/lib/python3.8/site-packages/airflow/example_dags/example_branch_datetime_operator.py
[2026-09-10T14:10:23.630+0000] {processor.py:840} INFO - DAG(s) 'example_branch_datetime_operator_2', 'example_branch_datetime_operator', 'example_branch_datetime_operator_3' retrieved from /home/airflow/.local/lib/python3.8/site-packages/airflow/example_dags/example_branch_datetime_operator.py
[2026-09-10T14:10:23.660+0000] {logging_mixin.py:188} INFO - [2026-09-10T14:10:23.659+0000] {dag.py:3047} INFO - Sync 3 DAGs
[2026-09-10T14:10:23.687+0000] {logging_mixin.py:188} INFO - [2026-09-10T14:10:23.686+0000] {dag.py:3834} INFO - Setting next_dagrun for example_branch_datetime_operator to 2026-09-09 00:00:00+00:00, run_after=2026-09-10 00:00:00+00:00
[2026-09-10T14:10:23.697+0000] {logging_mixin.py:188} INFO - [2026-09-10T14:10:23.696+0000] {dag.py:3834} INFO - Setting next_dagrun for example_branch_datetime_operator_2 to 2026-09-09 00:00:00+00:00, run_after=2026-09-10 00:00:00+00:00
[2026-09-10T14:10:23.701+0000] {logging_mixin.py:188} INFO - [2026-09-10T14:10:23.701+0000] {dag.py:3834} INFO - Setting next_dagrun for example_branch_datetime_operator_3 to 2026-09-09 00:00:00+00:00, run_after=2026-09-10 00:00:00+00:00
[2026-09-10T14:10:23.721+0000] {processor.py:183} INFO - Processing /home/airflow/.local/lib/python3.8/site-packages/airflow/example_dags/example_branch_datetime_operator.py took 0.110 seconds
[2026-09-10T14:10:54.509+0000] {processor.py:161} INFO - Started process (PID=3325) to work on /home/airflow/.local/lib/python3.8/site-packages/airflow/example_dags/example_branch_datetime_operator.py
[2026-09-10T14:10:54.511+0000] {processor.py:830} INFO - Processing file /home/airflow/.local/lib/python3.8/site-packages/airflow/example_dags/example_branch_datetime_operator.py for tasks to queue
[2026-09-10T14:10:54.514+0000] {logging_mixin.py:188} INFO - [2026-09-10T14:10:54.513+0000] {dagbag.py:540} INFO - Filling up the DagBag from /home/airflow/.local/lib/python3.8/site-packages/airflow/example_dags/example_branch_datetime_operator.py
[2026-09-10T14:10:54.528+0000] {processor.py:840} INFO - DAG(s) 'example_branch_datetime_operator_3', 'example_branch_datetime_operator', 'example_branch_datetime_operator_2' retrieved from /home/airflow/.local/lib/python3.8/site-packages/airflow/example_dags/example_branch_datetime_operator.py
[2026-09-10T14:10:54.565+0000] {logging_mixin.py:188} INFO - [2026-09-10T14:10:54.564+0000] {dag.py:3047} INFO - Sync 3 DAGs
[2026-09-10T14:10:54.594+0000] {logging_mixin.py:188} INFO - [2026-09-10T14:10:54.593+0000] {dag.py:3834} INFO - Setting next_dagrun for example_branch_datetime_operator to 2026-09-09 00:00:00+00:00, run_after=2026-09-10 00:00:00+00:00
[2026-09-10T14:10:54.600+0000] {logging_mixin.py:188} INFO - [2026-09-10T14:10:54.600+0000] {dag.py:3834} INFO - Setting next_dagrun for example_branch_datetime_operator_2 to 2026-09-09 00:00:00+00:00, run_after=2026-09-10 00:00:00+00:00
[2026-09-10T14:10:54.605+0000] {logging_mixin.py:188} INFO - [2026-09-10T14:10:54.604+0000] {dag.py:3834} INFO - Setting next_dagrun for example_branch_datetime_operator_3 to 2026-09-09 00:00:00+00:00, run_after=2026-09-10 00:00:00+00:00
[2026-09-10T14:10:54.631+0000] {processor.py:183} INFO - Processing /home/airflow/.local/lib/python3.8/site-packages/airflow/example_dags/example_branch_datetime_operator.py took 0.126 seconds
[2026-09-10T14:11:25.488+0000] {processor.py:161} INFO - Started process (PID=3386) to work on /home/airflow/.local/lib/python3.8/site-packages/airflow/example_dags/example_branch_datetime_operator.py
[2026-09-10T14:11:25.490+0000] {processor.py:830} INFO - Processing file /home/airflow/.local/lib/python3.8/site-packages/airflow/example_dags/example_branch_datetime_operator.py for tasks to queue
[2026-09-10T14:11:25.494+0000] {logging_mixin.py:188} INFO - [2026-09-10T14:11:25.493+0000] {dagbag.py:540} INFO - Filling up the DagBag from /home/airflow/.local/lib/python3.8/site-packages/airflow/example_dags/example_branch_datetime_operator.py
[2026-09-10T14:11:25.515+0000] {processor.py:840} INFO - DAG(s) 'example_branch_datetime_operator_2', 'example_branch_datetime_operator', 'example_branch_datetime_operator_3' retrieved from /home/airflow/.local/lib/python3.8/site-packages/airflow/example_dags/example_branch_datetime_operator.py
[2026-09-10T14:11:25.555+0000] {logging_mixin.py:188} INFO - [2026-09-10T14:11:25.555+0000] {dag.py:3047} INFO - Sync 3 DAGs
[2026-09-10T14:11:25.588+0000] {logging_mixin.py:188} INFO - [2026-09-10T14:11:25.588+0000] {dag.py:3834} INFO - Setting next_dagrun for example_branch_datetime_operator to 2026-09-09 00:00:00+00:00, run_after=2026-09-10 00:00:00+00:00
[2026-09-10T14:11:25.599+0000] {logging_mixin.py:188} INFO - [2026-09-10T14:11:25.599+0000] {dag.py:3834} INFO - Setting next_dagrun for example_branch_datetime_operator_2 to 2026-09-09 00:00:00+00:00, run_after=2026-09-10 00:00:00+00:00
[2026-09-10T14:11:25.603+0000] {logging_mixin.py:188} INFO - [2026-09-10T14:11:25.603+0000] {dag.py:3834} INFO - Setting next_dagrun for example_branch_datetime_operator_3 to 2026-09-09 00:00:00+00:00, run_after=2026-09-10 00:00:00+00:00
[2026-09-10T14:11:25.625+0000] {processor.py:183} INFO - Processing /home/airflow/.local/lib/python3.8/site-packages/airflow/example_dags/example_branch_datetime_operator.py took 0.143 seconds
[2026-09-10T14:12:18.385+0000] {processor.py:161} INFO - Started process (PID=113) to work on /home/airflow/.local/lib/python3.8/site-packages/airflow/example_dags/example_branch_datetime_operator.py
[2026-09-10T14:12:18.387+0000] {processor.py:830} INFO - Processing file /home/airflow/.local/lib/python3.8/site-packages/airflow/example_dags/example_branch_datetime_operator.py for tasks to queue
[2026-09-10T14:12:18.390+0000] {logging_mixin.py:188} INFO - [2026-09-10T14:12:18.390+0000] {dagbag.py:540} INFO - Filling up the DagBag from /home/airflow/.local/lib/python3.8/site-packages/airflow/example_dags/example_branch_datetime_operator.py
[2026-09-10T14:12:18.404+0000] {processor.py:840} INFO - DAG(s) 'example_branch_datetime_operator', 'example_branch_datetime_operator_3', 'example_branch_datetime_operator_2' retrieved from /home/airflow/.local/lib/python3.8/site-packages/airflow/example_dags/example_branch_datetime_operator.py
[2026-09-10T14:12:18.437+0000] {logging_mixin.py:188} INFO - [2026-09-10T14:12:18.437+0000] {dag.py:3047} INFO - Sync 3 DAGs
[2026-09-10T14:12:18.466+0000] {logging_mixin.py:188} INFO - [2026-09-10T14:12:18.466+0000] {dag.py:3834} INFO - Setting next_dagrun for example_branch_datetime_operator to 2026-09-09 00:00:00+00:00, run_after=2026-09-10 00:00:00+00:00
[2026-09-10T14:12:18.472+0000] {logging_mixin.py:188} INFO - [2026-09-10T14:12:18.472+0000] {dag.py:3834} INFO - Setting next_dagrun for example_branch_datetime_operator_2 to 2026-09-09 00:00:00+00:00, run_after=2026-09-10 00:00:00+00:00
[2026-09-10T14:12:18.476+0000] {logging_mixin.py:188} INFO - [2026-09-10T14:12:18.475+0000] {dag.py:3834} INFO - Setting next_dagrun for example_branch_datetime_operator_3 to 2026-09-09 00:00:00+00:00, run_after=2026-09-10 00:00:00+00:00
[2026-09-10T14:12:18.494+0000] {processor.py:183} INFO - Processing /home/airflow/.local/lib/python3.8/site-packages/airflow/example_dags/example_branch_datetime_operator.py took 0.113 seconds
[2026-09-10T14:12:48.720+0000] {processor.py:161} INFO - Started process (PID=174) to work on /home/airflow/.local/lib/python3.8/site-packages/airflow/example_dags/example_branch_datetime_operator.py
[2026-09-10T14:12:48.721+0000] {processor.py:830} INFO - Processing file /home/airflow/.local/lib/python3.8/site-packages/airflow/example_dags/example_branch_datetime_operator.py for tasks to queue
[2026-09-10T14:12:48.724+0000] {logging_mixin.py:188} INFO - [2026-09-10T14:12:48.724+0000] {dagbag.py:540} INFO - Filling up the DagBag from /home/airflow/.local/lib/python3.8/site-packages/airflow/example_dags/example_branch_datetime_operator.py
[2026-09-10T14:12:48.746+0000] {processor.py:840} INFO - DAG(s) 'example_branch_datetime_operator_2', 'example_branch_datetime_operator_3', 'example_branch_datetime_operator' retrieved from /home/airflow/.local/lib/python3.8/site-packages/airflow/example_dags/example_branch_datetime_operator.py
[2026-09-10T14:12:48.795+0000] {logging_mixin.py:188} INFO - [2026-09-10T14:12:48.795+0000] {dag.py:3047} INFO - Sync 3 DAGs
[2026-09-10T14:12:48.827+0000] {logging_mixin.py:188} INFO - [2026-09-10T14:12:48.827+0000] {dag.py:3834} INFO - Setting next_dagrun for example_branch_datetime_operator to 2026-09-09 00:00:00+00:00, run_after=2026-09-10 00:00:00+00:00
[2026-09-10T14:12:48.836+0000] {logging_mixin.py:188} INFO - [2026-09-10T14:12:48.835+0000] {dag.py:3834} INFO - Setting next_dagrun for example_branch_datetime_operator_2 to 2026-09-09 00:00:00+00:00, run_after=2026-09-10 00:00:00+00:00
[2026-09-10T14:12:48.840+0000] {logging_mixin.py:188} INFO - [2026-09-10T14:12:48.839+0000] {dag.py:3834} INFO - Setting next_dagrun for example_branch_datetime_operator_3 to 2026-09-09 00:00:00+00:00, run_after=2026-09-10 00:00:00+00:00
[2026-09-10T14:12:48.863+0000] {processor.py:183} INFO - Processing /home/airflow/.local/lib/python3.8/site-packages/airflow/example_dags/example_branch_datetime_operator.py took 0.149 seconds
[2026-09-10T14:13:19.553+0000] {processor.py:161} INFO - Started process (PID=243) to work on /home/airflow/.local/lib/python3.8/site-packages/airflow/example_dags/example_branch_datetime_operator.py
[2026-09-10T14:13:19.555+0000] {processor.py:830} INFO - Processing file /home/airflow/.local/lib/python3.8/site-packages/airflow/example_dags/example_branch_datetime_operator.py for tasks to queue
[2026-09-10T14:13:19.560+0000] {logging_mixin.py:188} INFO - [2026-09-10T14:13:19.559+0000] {dagbag.py:540} INFO - Filling up the DagBag from /home/airflow/.local/lib/python3.8/site-packages/airflow/example_dags/example_branch_datetime_operator.py
[2026-09-10T14:13:19.573+0000] {processor.py:840} INFO - DAG(s) 'example_branch_datetime_operator', 'example_branch_datetime_operator_2', 'example_branch_datetime_operator_3' retrieved from /home/airflow/.local/lib/python3.8/site-packages/airflow/example_dags/example_branch_datetime_operator.py
[2026-09-10T14:13:19.607+0000] {logging_mixin.py:188} INFO - [2026-09-10T14:13:19.607+0000] {dag.py:3047} INFO - Sync 3 DAGs
[2026-09-10T14:13:19.634+0000] {logging_mixin.py:188} INFO - [2026-09-10T14:13:19.634+0000] {dag.py:3834} INFO - Setting next_dagrun for example_branch_datetime_operator to 2026-09-09 00:00:00+00:00, run_after=2026-09-10 00:00:00+00:00
[2026-09-10T14:13:19.640+0000] {logging_mixin.py:188} INFO - [2026-09-10T14:13:19.640+0000] {dag.py:3834} INFO - Setting next_dagrun for example_branch_datetime_operator_2 to 2026-09-09 00:00:00+00:00, run_after=2026-09-10 00:00:00+00:00
[2026-09-10T14:13:19.644+0000] {logging_mixin.py:188} INFO - [2026-09-10T14:13:19.643+0000] {dag.py:3834} INFO - Setting next_dagrun for example_branch_datetime_operator_3 to 2026-09-09 00:00:00+00:00, run_after=2026-09-10 00:00:00+00:00
[2026-09-10T14:13:19.664+0000] {processor.py:183} INFO - Processing /home/airflow/.local/lib/python3.8/site-packages/airflow/example_dags/example_branch_datetime_operator.py took 0.118 seconds
[2026-09-10T14:13:50.355+0000] {processor.py:161} INFO - Started process (PID=308) to work on /home/airflow/.local/lib/python3.8/site-packages/airflow/example_dags/example_branch_datetime_operator.py
[2026-09-10T14:13:50.357+0000] {processor.py:830} INFO - Processing file /home/airflow/.local/lib/python3.8/site-packages/airflow/example_dags/example_branch_datetime_operator.py for tasks to queue
[2026-09-10T14:13:50.360+0000] {logging_mixin.py:188} INFO - [2026-09-10T14:13:50.359+0000] {dagbag.py:540} INFO - Filling up the DagBag from /home/airflow/.local/lib/python3.8/site-packages/airflow/example_dags/example_branch_datetime_operator.py
[2026-09-10T14:13:50.372+0000] {processor.py:840} INFO - DAG(s) 'example_branch_datetime_operator_2', 'example_branch_datetime_operator', 'example_branch_datetime_operator_3' retrieved from /home/airflow/.local/lib/python3.8/site-packages/airflow/example_dags/example_branch_datetime_operator.py
[2026-09-10T14:13:50.411+0000] {logging_mixin.py:188} INFO - [2026-09-10T14:13:50.410+0000] {dag.py:3047} INFO - Sync 3 DAGs
[2026-09-10T14:13:50.439+0000] {logging_mixin.py:188} INFO - [2026-09-10T14:13:50.439+0000] {dag.py:3834} INFO - Setting next_dagrun for example_branch_datetime_operator to 2026-09-09 00:00:00+00:00, run_after=2026-09-10 00:00:00+00:00
[2026-09-10T14:13:50.448+0000] {logging_mixin.py:188} INFO - [2026-09-10T14:13:50.447+0000] {dag.py:3834} INFO - Setting next_dagrun for example_branch_datetime_operator_2 to 2026-09-09 00:00:00+00:00, run_after=2026-09-10 00:00:00+00:00
[2026-09-10T14:13:50.451+0000] {logging_mixin.py:188} INFO - [2026-09-10T14:13:50.451+0000] {dag.py:3834} INFO - Setting next_dagrun for example_branch_datetime_operator_3 to 2026-09-09 00:00:00+00:00, run_after=2026-09-10 00:00:00+00:00
[2026-09-10T14:13:50.474+0000] {processor.py:183} INFO - Processing /home/airflow/.local/lib/python3.8/site-packages/airflow/example_dags/example_branch_datetime_operator.py took 0.123 seconds
[2026-09-10T14:14:20.748+0000] {processor.py:161} INFO - Started process (PID=369) to work on /home/airflow/.local/lib/python3.8/site-packages/airflow/example_dags/example_branch_datetime_operator.py
[2026-09-10T14:14:20.750+0000] {processor.py:830} INFO - Processing file /home/airflow/.local/lib/python3.8/site-packages/airflow/example_dags/example_branch_datetime_operator.py for tasks to queue
[2026-09-10T14:14:20.753+0000] {logging_mixin.py:188} INFO - [2026-09-10T14:14:20.752+0000] {dagbag.py:540} INFO - Filling up the DagBag from /home/airflow/.local/lib/python3.8/site-packages/airflow/example_dags/example_branch_datetime_operator.py
[2026-09-10T14:14:20.766+0000] {processor.py:840} INFO - DAG(s) 'example_branch_datetime_operator_2', 'example_branch_datetime_operator', 'example_branch_datetime_operator_3' retrieved from /home/airflow/.local/lib/python3.8/site-packages/airflow/example_dags/example_branch_datetime_operator.py
[2026-09-10T14:14:20.805+0000] {logging_mixin.py:188} INFO - [2026-09-10T14:14:20.805+0000] {dag.py:3047} INFO - Sync 3 DAGs
[2026-09-10T14:14:20.834+0000] {logging_mixin.py:188} INFO - [2026-09-10T14:14:20.834+0000] {dag.py:3834} INFO - Setting next_dagrun for example_branch_datetime_operator to 2026-09-09 00:00:00+00:00, run_after=2026-09-10 00:00:00+00:00
[2026-09-10T14:14:20.842+0000] {logging_mixin.py:188} INFO - [2026-09-10T14:14:20.842+0000] {dag.py:3834} INFO - Setting next_dagrun for example_branch_datetime_operator_2 to 2026-09-09 00:00:00+00:00, run_after=2026-09-10 00:00:00+00:00
[2026-09-10T14:14:20.846+0000] {logging_mixin.py:188} INFO - [2026-09-10T14:14:20.845+0000] {dag.py:3834} INFO - Setting next_dagrun for example_branch_datetime_operator_3 to 2026-09-09 00:00:00+00:00, run_after=2026-09-10 00:00:00+00:00
[2026-09-10T14:14:20.866+0000] {processor.py:183} INFO - Processing /home/airflow/.local/lib/python3.8/site-packages/airflow/example_dags/example_branch_datetime_operator.py took 0.121 seconds
[2026-09-10T14:14:51.017+0000] {processor.py:161} INFO - Started process (PID=430) to work on /home/airflow/.local/lib/python3.8/site-packages/airflow/example_dags/example_branch_datetime_operator.py
[2026-09-10T14:14:51.019+0000] {processor.py:830} INFO - Processing file /home/airflow/.local/lib/python3.8/site-packages/airflow/example_dags/example_branch_datetime_operator.py for tasks to queue
[2026-09-10T14:14:51.025+0000] {logging_mixin.py:188} INFO - [2026-09-10T14:14:51.025+0000] {dagbag.py:540} INFO - Filling up the DagBag from /home/airflow/.local/lib/python3.8/site-packages/airflow/example_dags/example_branch_datetime_operator.py
[2026-09-10T14:14:51.043+0000] {processor.py:840} INFO - DAG(s) 'example_branch_datetime_operator', 'example_branch_datetime_operator_2', 'example_branch_datetime_operator_3' retrieved from /home/airflow/.local/lib/python3.8/site-packages/airflow/example_dags/example_branch_datetime_operator.py
[2026-09-10T14:14:51.078+0000] {logging_mixin.py:188} INFO - [2026-09-10T14:14:51.078+0000] {dag.py:3047} INFO - Sync 3 DAGs
[2026-09-10T14:14:51.104+0000] {logging_mixin.py:188} INFO - [2026-09-10T14:14:51.104+0000] {dag.py:3834} INFO - Setting next_dagrun for example_branch_datetime_operator to 2026-09-09 00:00:00+00:00, run_after=2026-09-10 00:00:00+00:00
[2026-09-10T14:14:51.111+0000] {logging_mixin.py:188} INFO - [2026-09-10T14:14:51.111+0000] {dag.py:3834} INFO - Setting next_dagrun for example_branch_datetime_operator_2 to 2026-09-09 00:00:00+00:00, run_after=2026-09-10 00:00:00+00:00
[2026-09-10T14:14:51.115+0000] {logging_mixin.py:188} INFO - [2026-09-10T14:14:51.115+0000] {dag.py:3834} INFO - Setting next_dagrun for example_branch_datetime_operator_3 to 2026-09-09 00:00:00+00:00, run_after=2026-09-10 00:00:00+00:00
[2026-09-10T14:14:51.136+0000] {processor.py:183} INFO - Processing /home/airflow/.local/lib/python3.8/site-packages/airflow/example_dags/example_branch_datetime_operator.py took 0.124 seconds
[2026-09-10T14:15:21.894+0000] {processor.py:161} INFO - Started process (PID=491) to work on /home/airflow/.local/lib/python3.8/site-packages/airflow/example_dags/example_branch_datetime_operator.py
[2026-09-10T14:15:21.896+0000] {processor.py:830} INFO - Processing file /home/airflow/.local/lib/python3.8/site-packages/airflow/example_dags/example_branch_datetime_operator.py for tasks to queue
[2026-09-10T14:15:21.899+0000] {logging_mixin.py:188} INFO - [2026-09-10T14:15:21.898+0000] {dagbag.py:540} INFO - Filling up the DagBag from /home/airflow/.local/lib/python3.8/site-packages/airflow/example_dags/example_branch_datetime_operator.py
[2026-09-10T14:15:21.915+0000] {processor.py:840} INFO - DAG(s) 'example_branch_datetime_operator_2', 'example_branch_datetime_operator', 'example_branch_datetime_operator_3' retrieved from /home/airflow/.local/lib/python3.8/site-packages/airflow/example_dags/example_branch_datetime_operator.py
[2026-09-10T14:15:21.952+0000] {logging_mixin.py:188} INFO - [2026-09-10T14:15:21.951+0000] {dag.py:3047} INFO - Sync 3 DAGs
[2026-09-10T14:15:21.985+0000] {logging_mixin.py:188} INFO - [2026-09-10T14:15:21.985+0000] {dag.py:3834} INFO - Setting next_dagrun for example_branch_datetime_operator to 2026-09-09 00:00:00+00:00, run_after=2026-09-10 00:00:00+00:00
[2026-09-10T14:15:21.992+0000] {logging_mixin.py:188} INFO - [2026-09-10T14:15:21.992+0000] {dag.py:3834} INFO - Setting next_dagrun for example_branch_datetime_operator_2 to 2026-09-09 00:00:00+00:00, run_after=2026-09-10 00:00:00+00:00
[2026-09-10T14:15:21.997+0000] {logging_mixin.py:188} INFO - [2026-09-10T14:15:21.996+0000] {dag.py:3834} INFO - Setting next_dagrun for example_branch_datetime_operator_3 to 2026-09-09 00:00:00+00:00, run_after=2026-09-10 00:00:00+00:00
[2026-09-10T14:15:22.022+0000] {processor.py:183} INFO - Processing /home/airflow/.local/lib/python3.8/site-packages/airflow/example_dags/example_branch_datetime_operator.py took 0.132 seconds
[2026-09-10T14:15:53.246+0000] {processor.py:161} INFO - Started process (PID=552) to work on /home/airflow/.local/lib/python3.8/site-packages/airflow/example_dags/example_branch_datetime_operator.py
[2026-09-10T14:15:53.249+0000] {processor.py:830} INFO - Processing file /home/airflow/.local/lib/python3.8/site-packages/airflow/example_dags/example_branch_datetime_operator.py for tasks to queue
[2026-09-10T14:15:53.254+0000] {logging_mixin.py:188} INFO - [2026-09-10T14:15:53.253+0000] {dagbag.py:540} INFO - Filling up the DagBag from /home/airflow/.local/lib/python3.8/site-packages/airflow/example_dags/example_branch_datetime_operator.py
[2026-09-10T14:15:53.287+0000] {processor.py:840} INFO - DAG(s) 'example_branch_datetime_operator_3', 'example_branch_datetime_operator', 'example_branch_datetime_operator_2' retrieved from /home/airflow/.local/lib/python3.8/site-packages/airflow/example_dags/example_branch_datetime_operator.py
[2026-09-10T14:15:53.328+0000] {logging_mixin.py:188} INFO - [2026-09-10T14:15:53.327+0000] {dag.py:3047} INFO - Sync 3 DAGs
[2026-09-10T14:15:53.358+0000] {logging_mixin.py:188} INFO - [2026-09-10T14:15:53.358+0000] {dag.py:3834} INFO - Setting next_dagrun for example_branch_datetime_operator to 2026-09-09 00:00:00+00:00, run_after=2026-09-10 00:00:00+00:00
[2026-09-10T14:15:53.363+0000] {logging_mixin.py:188} INFO - [2026-09-10T14:15:53.363+0000] {dag.py:3834} INFO - Setting next_dagrun for example_branch_datetime_operator_2 to 2026-09-09 00:00:00+00:00, run_after=2026-09-10 00:00:00+00:00
[2026-09-10T14:15:53.367+0000] {logging_mixin.py:188} INFO - [2026-09-10T14:15:53.367+0000] {dag.py:3834} INFO - Setting next_dagrun for example_branch_datetime_operator_3 to 2026-09-09 00:00:00+00:00, run_after=2026-09-10 00:00:00+00:00
[2026-09-10T14:15:53.385+0000] {processor.py:183} INFO - Processing /home/airflow/.local/lib/python3.8/site-packages/airflow/example_dags/example_branch_datetime_operator.py took 0.143 seconds
[2026-09-10T14:16:24.070+0000] {processor.py:161} INFO - Started process (PID=613) to work on /home/airflow/.local/lib/python3.8/site-packages/airflow/example_dags/example_branch_datetime_operator.py
[2026-09-10T14:16:24.072+0000] {processor.py:830} INFO - Processing file /home/airflow/.local/lib/python3.8/site-packages/airflow/example_dags/example_branch_datetime_operator.py for tasks to queue
[2026-09-10T14:16:24.075+0000] {logging_mixin.py:188} INFO - [2026-09-10T14:16:24.075+0000] {dagbag.py:540} INFO - Filling up the DagBag from /home/airflow/.local/lib/python3.8/site-packages/airflow/example_dags/example_branch_datetime_operator.py
[2026-09-10T14:16:24.087+0000] {processor.py:840} INFO - DAG(s) 'example_branch_datetime_operator_2', 'example_branch_datetime_operator_3', 'example_branch_datetime_operator' retrieved from /home/airflow/.local/lib/python3.8/site-packages/airflow/example_dags/example_branch_datetime_operator.py
[2026-09-10T14:16:24.121+0000] {logging_mixin.py:188} INFO - [2026-09-10T14:16:24.120+0000] {dag.py:3047} INFO - Sync 3 DAGs
[2026-09-10T14:16:24.149+0000] {logging_mixin.py:188} INFO - [2026-09-10T14:16:24.149+0000] {dag.py:3834} INFO - Setting next_dagrun for example_branch_datetime_operator to 2026-09-09 00:00:00+00:00, run_after=2026-09-10 00:00:00+00:00
[2026-09-10T14:16:24.155+0000] {logging_mixin.py:188} INFO - [2026-09-10T14:16:24.155+0000] {dag.py:3834} INFO - Setting next_dagrun for example_branch_datetime_operator_2 to 2026-09-09 00:00:00+00:00, run_after=2026-09-10 00:00:00+00:00
[2026-09-10T14:16:24.159+0000] {logging_mixin.py:188} INFO - [2026-09-10T14:16:24.159+0000] {dag.py:3834} INFO - Setting next_dagrun for example_branch_datetime_operator_3 to 2026-09-09 00:00:00+00:00, run_after=2026-09-10 00:00:00+00:00
[2026-09-10T14:16:24.179+0000] {processor.py:183} INFO - Processing /home/airflow/.local/lib/python3.8/site-packages/airflow/example_dags/example_branch_datetime_operator.py took 0.113 seconds
[2026-09-10T14:16:54.976+0000] {processor.py:161} INFO - Started process (PID=674) to work on /home/airflow/.local/lib/python3.8/site-packages/airflow/example_dags/example_branch_datetime_operator.py
[2026-09-10T14:16:54.979+0000] {processor.py:830} INFO - Processing file /home/airflow/.local/lib/python3.8/site-packages/airflow/example_dags/example_branch_datetime_operator.py for tasks to queue
[2026-09-10T14:16:54.983+0000] {logging_mixin.py:188} INFO - [2026-09-10T14:16:54.982+0000] {dagbag.py:540} INFO - Filling up the DagBag from /home/airflow/.local/lib/python3.8/site-packages/airflow/example_dags/example_branch_datetime_operator.py
[2026-09-10T14:16:54.997+0000] {processor.py:840} INFO - DAG(s) 'example_branch_datetime_operator_2', 'example_branch_datetime_operator_3', 'example_branch_datetime_operator' retrieved from /home/airflow/.local/lib/python3.8/site-packages/airflow/example_dags/example_branch_datetime_operator.py
[2026-09-10T14:16:55.037+0000] {logging_mixin.py:188} INFO - [2026-09-10T14:16:55.037+0000] {dag.py:3047} INFO - Sync 3 DAGs
[2026-09-10T14:16:55.068+0000] {logging_mixin.py:188} INFO - [2026-09-10T14:16:55.067+0000] {dag.py:3834} INFO - Setting next_dagrun for example_branch_datetime_operator to 2026-09-09 00:00:00+00:00, run_after=2026-09-10 00:00:00+00:00
[2026-09-10T14:16:55.076+0000] {logging_mixin.py:188} INFO - [2026-09-10T14:16:55.075+0000] {dag.py:3834} INFO - Setting next_dagrun for example_branch_datetime_operator_2 to 2026-09-09 00:00:00+00:00, run_after=2026-09-10 00:00:00+00:00
[2026-09-10T14:16:55.083+0000] {logging_mixin.py:188} INFO - [2026-09-10T14:16:55.083+0000] {dag.py:3834} INFO - Setting next_dagrun for example_branch_datetime_operator_3 to 2026-09-09 00:00:00+00:00, run_after=2026-09-10 00:00:00+00:00
[2026-09-10T14:16:55.107+0000] {processor.py:183} INFO - Processing /home/airflow/.local/lib/python3.8/site-packages/airflow/example_dags/example_branch_datetime_operator.py took 0.135 seconds
[2026-09-10T14:17:25.249+0000] {processor.py:161} INFO - Started process (PID=735) to work on /home/airflow/.local/lib/python3.8/site-packages/airflow/example_dags/example_branch_datetime_operator.py
[2026-09-10T14:17:25.251+0000] {processor.py:830} INFO - Processing file /home/airflow/.local/lib/python3.8/site-packages/airflow/example_dags/example_branch_datetime_operator.py for tasks to queue
[2026-09-10T14:17:25.254+0000] {logging_mixin.py:188} INFO - [2026-09-10T14:17:25.253+0000] {dagbag.py:540} INFO - Filling up the DagBag from /home/airflow/.local/lib/python3.8/site-packages/airflow/example_dags/example_branch_datetime_operator.py
[2026-09-10T14:17:25.266+0000] {processor.py:840} INFO - DAG(s) 'example_branch_datetime_operator_2', 'example_branch_datetime_operator_3', 'example_branch_datetime_operator' retrieved from /home/airflow/.local/lib/python3.8/site-packages/airflow/example_dags/example_branch_datetime_operator.py
[2026-09-10T14:17:25.303+0000] {logging_mixin.py:188} INFO - [2026-09-10T14:17:25.303+0000] {dag.py:3047} INFO - Sync 3 DAGs
[2026-09-10T14:17:25.332+0000] {logging_mixin.py:188} INFO - [2026-09-10T14:17:25.332+0000] {dag.py:3834} INFO - Setting next_dagrun for example_branch_datetime_operator to 2026-09-09 00:00:00+00:00, run_after=2026-09-10 00:00:00+00:00
[2026-09-10T14:17:25.339+0000] {logging_mixin.py:188} INFO - [2026-09-10T14:17:25.339+0000] {dag.py:3834} INFO - Setting next_dagrun for example_branch_datetime_operator_2 to 2026-09-09 00:00:00+00:00, run_after=2026-09-10 00:00:00+00:00
[2026-09-10T14:17:25.343+0000] {logging_mixin.py:188} INFO - [2026-09-10T14:17:25.343+0000] {dag.py:3834} INFO - Setting next_dagrun for example_branch_datetime_operator_3 to 2026-09-09 00:00:00+00:00, run_after=2026-09-10 00:00:00+00:00
[2026-09-10T14:17:25.363+0000] {processor.py:183} INFO - Processing /home/airflow/.local/lib/python3.8/site-packages/airflow/example_dags/example_branch_datetime_operator.py took 0.119 seconds
[2026-09-10T14:17:57.645+0000] {processor.py:161} INFO - Started process (PID=796) to work on /home/airflow/.local/lib/python3.8/site-packages/airflow/example_dags/example_branch_datetime_operator.py
[2026-09-10T14:17:57.647+0000] {processor.py:830} INFO - Processing file /home/airflow/.local/lib/python3.8/site-packages/airflow/example_dags/example_branch_datetime_operator.py for tasks to queue
[2026-09-10T14:17:57.650+0000] {logging_mixin.py:188} INFO - [2026-09-10T14:17:57.650+0000] {dagbag.py:540} INFO - Filling up the DagBag from /home/airflow/.local/lib/python3.8/site-packages/airflow/example_dags/example_branch_datetime_operator.py
[2026-09-10T14:17:57.665+0000] {processor.py:840} INFO - DAG(s) 'example_branch_datetime_operator', 'example_branch_datetime_operator_2', 'example_branch_datetime_operator_3' retrieved from /home/airflow/.local/lib/python3.8/site-packages/airflow/example_dags/example_branch_datetime_operator.py
[2026-09-10T14:17:57.707+0000] {logging_mixin.py:188} INFO - [2026-09-10T14:17:57.707+0000] {dag.py:3047} INFO - Sync 3 DAGs
[2026-09-10T14:17:57.748+0000] {logging_mixin.py:188} INFO - [2026-09-10T14:17:57.748+0000] {dag.py:3834} INFO - Setting next_dagrun for example_branch_datetime_operator to 2026-09-09 00:00:00+00:00, run_after=2026-09-10 00:00:00+00:00
[2026-09-10T14:17:57.755+0000] {logging_mixin.py:188} INFO - [2026-09-10T14:17:57.755+0000] {dag.py:3834} INFO - Setting next_dagrun for example_branch_datetime_operator_2 to 2026-09-09 00:00:00+00:00, run_after=2026-09-10 00:00:00+00:00
[2026-09-10T14:17:57.759+0000] {logging_mixin.py:188} INFO - [2026-09-10T14:17:57.759+0000] {dag.py:3834} INFO - Setting next_dagrun for example_branch_datetime_operator_3 to 2026-09-09 00:00:00+00:00, run_after=2026-09-10 00:00:00+00:00
[2026-09-10T14:17:57.791+0000] {processor.py:183} INFO - Processing /home/airflow/.local/lib/python3.8/site-packages/airflow/example_dags/example_branch_datetime_operator.py took 0.154 seconds
[2026-09-10T14:18:28.529+0000] {processor.py:161} INFO - Started process (PID=857) to work on /home/airflow/.local/lib/python3.8/site-packages/airflow/example_dags/example_branch_datetime_operator.py
[2026-09-10T14:18:28.530+0000] {processor.py:830} INFO - Processing file /home/airflow/.local/lib/python3.8/site-packages/airflow/example_dags/example_branch_datetime_operator.py for tasks to queue
[2026-09-10T14:18:28.533+0000] {logging_mixin.py:188} INFO - [2026-09-10T14:18:28.532+0000] {dagbag.py:540} INFO - Filling up the DagBag from /home/airflow/.local/lib/python3.8/site-packages/airflow/example_dags/example_branch_datetime_operator.py
[2026-09-10T14:18:28.545+0000] {processor.py:840} INFO - DAG(s) 'example_branch_datetime_operator_2', 'example_branch_datetime_operator', 'example_branch_datetime_operator_3' retrieved from /home/airflow/.local/lib/python3.8/site-packages/airflow/example_dags/example_branch_datetime_operator.py
[2026-09-10T14:18:28.581+0000] {logging_mixin.py:188} INFO - [2026-09-10T14:18:28.580+0000] {dag.py:3047} INFO - Sync 3 DAGs
[2026-09-10T14:18:28.610+0000] {logging_mixin.py:188} INFO - [2026-09-10T14:18:28.609+0000] {dag.py:3834} INFO - Setting next_dagrun for example_branch_datetime_operator to 2026-09-09 00:00:00+00:00, run_after=2026-09-10 00:00:00+00:00
[2026-09-10T14:18:28.617+0000] {logging_mixin.py:188} INFO - [2026-09-10T14:18:28.617+0000] {dag.py:3834} INFO - Setting next_dagrun for example_branch_datetime_operator_2 to 2026-09-09 00:00:00+00:00, run_after=2026-09-10 00:00:00+00:00
[2026-09-10T14:18:28.621+0000] {logging_mixin.py:188} INFO - [2026-09-10T14:18:28.620+0000] {dag.py:3834} INFO - Setting next_dagrun for example_branch_datetime_operator_3 to 2026-09-09 00:00:00+00:00, run_after=2026-09-10 00:00:00+00:00
[2026-09-10T14:18:28.642+0000] {processor.py:183} INFO - Processing /home/airflow/.local/lib/python3.8/site-packages/airflow/example_dags/example_branch_datetime_operator.py took 0.117 seconds
[2026-09-10T14:18:59.748+0000] {processor.py:161} INFO - Started process (PID=918) to work on /home/airflow/.local/lib/python3.8/site-packages/airflow/example_dags/example_branch_datetime_operator.py
[2026-09-10T14:18:59.750+0000] {processor.py:830} INFO - Processing file /home/airflow/.local/lib/python3.8/site-packages/airflow/example_dags/example_branch_datetime_operator.py for tasks to queue
[2026-09-10T14:18:59.754+0000] {logging_mixin.py:188} INFO - [2026-09-10T14:18:59.754+0000] {dagbag.py:540} INFO - Filling up the DagBag from /home/airflow/.local/lib/python3.8/site-packages/airflow/example_dags/example_branch_datetime_operator.py
[2026-09-10T14:18:59.770+0000] {processor.py:840} INFO - DAG(s) 'example_branch_datetime_operator_2', 'example_branch_datetime_operator_3', 'example_branch_datetime_operator' retrieved from /home/airflow/.local/lib/python3.8/site-packages/airflow/example_dags/example_branch_datetime_operator.py
[2026-09-10T14:18:59.811+0000] {logging_mixin.py:188} INFO - [2026-09-10T14:18:59.810+0000] {dag.py:3047} INFO - Sync 3 DAGs
[2026-09-10T14:18:59.848+0000] {logging_mixin.py:188} INFO - [2026-09-10T14:18:59.848+0000] {dag.py:3834} INFO - Setting next_dagrun for example_branch_datetime_operator to 2026-09-09 00:00:00+00:00, run_after=2026-09-10 00:00:00+00:00
[2026-09-10T14:18:59.859+0000] {logging_mixin.py:188} INFO - [2026-09-10T14:18:59.859+0000] {dag.py:3834} INFO - Setting next_dagrun for example_branch_datetime_operator_2 to 2026-09-09 00:00:00+00:00, run_after=2026-09-10 00:00:00+00:00
[2026-09-10T14:18:59.863+0000] {logging_mixin.py:188} INFO - [2026-09-10T14:18:59.863+0000] {dag.py:3834} INFO - Setting next_dagrun for example_branch_datetime_operator_3 to 2026-09-09 00:00:00+00:00, run_after=2026-09-10 00:00:00+00:00
[2026-09-10T14:18:59.895+0000] {processor.py:183} INFO - Processing /home/airflow/.local/lib/python3.8/site-packages/airflow/example_dags/example_branch_datetime_operator.py took 0.153 seconds
[2026-09-10T14:19:32.255+0000] {processor.py:161} INFO - Started process (PID=983) to work on /home/airflow/.local/lib/python3.8/site-packages/airflow/example_dags/example_branch_datetime_operator.py
[2026-09-10T14:19:32.262+0000] {processor.py:830} INFO - Processing file /home/airflow/.local/lib/python3.8/site-packages/airflow/example_dags/example_branch_datetime_operator.py for tasks to queue
[2026-09-10T14:19:32.267+0000] {logging_mixin.py:188} INFO - [2026-09-10T14:19:32.266+0000] {dagbag.py:540} INFO - Filling up the DagBag from /home/airflow/.local/lib/python3.8/site-packages/airflow/example_dags/example_branch_datetime_operator.py
[2026-09-10T14:19:32.298+0000] {processor.py:840} INFO - DAG(s) 'example_branch_datetime_operator_3', 'example_branch_datetime_operator_2', 'example_branch_datetime_operator' retrieved from /home/airflow/.local/lib/python3.8/site-packages/airflow/example_dags/example_branch_datetime_operator.py
[2026-09-10T14:19:32.374+0000] {logging_mixin.py:188} INFO - [2026-09-10T14:19:32.374+0000] {dag.py:3047} INFO - Sync 3 DAGs
[2026-09-10T14:19:32.431+0000] {logging_mixin.py:188} INFO - [2026-09-10T14:19:32.430+0000] {dag.py:3834} INFO - Setting next_dagrun for example_branch_datetime_operator to 2026-09-09 00:00:00+00:00, run_after=2026-09-10 00:00:00+00:00
[2026-09-10T14:19:32.444+0000] {logging_mixin.py:188} INFO - [2026-09-10T14:19:32.443+0000] {dag.py:3834} INFO - Setting next_dagrun for example_branch_datetime_operator_2 to 2026-09-09 00:00:00+00:00, run_after=2026-09-10 00:00:00+00:00
[2026-09-10T14:19:32.450+0000] {logging_mixin.py:188} INFO - [2026-09-10T14:19:32.449+0000] {dag.py:3834} INFO - Setting next_dagrun for example_branch_datetime_operator_3 to 2026-09-09 00:00:00+00:00, run_after=2026-09-10 00:00:00+00:00
[2026-09-10T14:19:32.498+0000] {processor.py:183} INFO - Processing /home/airflow/.local/lib/python3.8/site-packages/airflow/example_dags/example_branch_datetime_operator.py took 0.251 seconds
[2026-09-10T14:20:03.256+0000] {processor.py:161} INFO - Started process (PID=1044) to work on /home/airflow/.local/lib/python3.8/site-packages/airflow/example_dags/example_branch_datetime_operator.py
[2026-09-10T14:20:03.259+0000] {processor.py:830} INFO - Processing file /home/airflow/.local/lib/python3.8/site-packages/airflow/example_dags/example_branch_datetime_operator.py for tasks to queue
[2026-09-10T14:20:03.262+0000] {logging_mixin.py:188} INFO - [2026-09-10T14:20:03.262+0000] {dagbag.py:540} INFO - Filling up the DagBag from /home/airflow/.local/lib/python3.8/site-packages/airflow/example_dags/example_branch_datetime_operator.py
[2026-09-10T14:20:03.279+0000] {processor.py:840} INFO - DAG(s) 'example_branch_datetime_operator_2', 'example_branch_datetime_operator', 'example_branch_datetime_operator_3' retrieved from /home/airflow/.local/lib/python3.8/site-packages/airflow/example_dags/example_branch_datetime_operator.py
[2026-09-10T14:20:03.317+0000] {logging_mixin.py:188} INFO - [2026-09-10T14:20:03.317+0000] {dag.py:3047} INFO - Sync 3 DAGs
[2026-09-10T14:20:03.346+0000] {logging_mixin.py:188} INFO - [2026-09-10T14:20:03.345+0000] {dag.py:3834} INFO - Setting next_dagrun for example_branch_datetime_operator to 2026-09-09 00:00:00+00:00, run_after=2026-09-10 00:00:00+00:00
[2026-09-10T14:20:03.355+0000] {logging_mixin.py:188} INFO - [2026-09-10T14:20:03.355+0000] {dag.py:3834} INFO - Setting next_dagrun for example_branch_datetime_operator_2 to 2026-09-09 00:00:00+00:00, run_after=2026-09-10 00:00:00+00:00
[2026-09-10T14:20:03.359+0000] {logging_mixin.py:188} INFO - [2026-09-10T14:20:03.359+0000] {dag.py:3834} INFO - Setting next_dagrun for example_branch_datetime_operator_3 to 2026-09-09 00:00:00+00:00, run_after=2026-09-10 00:00:00+00:00
[2026-09-10T14:20:03.388+0000] {processor.py:183} INFO - Processing /home/airflow/.local/lib/python3.8/site-packages/airflow/example_dags/example_branch_datetime_operator.py took 0.141 seconds
[2026-09-10T14:20:34.198+0000] {processor.py:161} INFO - Started process (PID=1105) to work on /home/airflow/.local/lib/python3.8/site-packages/airflow/example_dags/example_branch_datetime_operator.py
[2026-09-10T14:20:34.200+0000] {processor.py:830} INFO - Processing file /home/airflow/.local/lib/python3.8/site-packages/airflow/example_dags/example_branch_datetime_operator.py for tasks to queue
[2026-09-10T14:20:34.203+0000] {logging_mixin.py:188} INFO - [2026-09-10T14:20:34.202+0000] {dagbag.py:540} INFO - Filling up the DagBag from /home/airflow/.local/lib/python3.8/site-packages/airflow/example_dags/example_branch_datetime_operator.py
[2026-09-10T14:20:34.214+0000] {processor.py:840} INFO - DAG(s) 'example_branch_datetime_operator', 'example_branch_datetime_operator_3', 'example_branch_datetime_operator_2' retrieved from /home/airflow/.local/lib/python3.8/site-packages/airflow/example_dags/example_branch_datetime_operator.py
[2026-09-10T14:20:34.243+0000] {logging_mixin.py:188} INFO - [2026-09-10T14:20:34.243+0000] {dag.py:3047} INFO - Sync 3 DAGs
[2026-09-10T14:20:34.268+0000] {logging_mixin.py:188} INFO - [2026-09-10T14:20:34.268+0000] {dag.py:3834} INFO - Setting next_dagrun for example_branch_datetime_operator to 2026-09-09 00:00:00+00:00, run_after=2026-09-10 00:00:00+00:00
[2026-09-10T14:20:34.274+0000] {logging_mixin.py:188} INFO - [2026-09-10T14:20:34.274+0000] {dag.py:3834} INFO - Setting next_dagrun for example_branch_datetime_operator_2 to 2026-09-09 00:00:00+00:00, run_after=2026-09-10 00:00:00+00:00
[2026-09-10T14:20:34.279+0000] {logging_mixin.py:188} INFO - [2026-09-10T14:20:34.279+0000] {dag.py:3834} INFO - Setting next_dagrun for example_branch_datetime_operator_3 to 2026-09-09 00:00:00+00:00, run_after=2026-09-10 00:00:00+00:00
[2026-09-10T14:20:34.297+0000] {processor.py:183} INFO - Processing /home/airflow/.local/lib/python3.8/site-packages/airflow/example_dags/example_branch_datetime_operator.py took 0.102 seconds
[2026-09-10T14:21:04.402+0000] {processor.py:161} INFO - Started process (PID=1166) to work on /home/airflow/.local/lib/python3.8/site-packages/airflow/example_dags/example_branch_datetime_operator.py
[2026-09-10T14:21:04.404+0000] {processor.py:830} INFO - Processing file /home/airflow/.local/lib/python3.8/site-packages/airflow/example_dags/example_branch_datetime_operator.py for tasks to queue
[2026-09-10T14:21:04.407+0000] {logging_mixin.py:188} INFO - [2026-09-10T14:21:04.406+0000] {dagbag.py:540} INFO - Filling up the DagBag from /home/airflow/.local/lib/python3.8/site-packages/airflow/example_dags/example_branch_datetime_operator.py
[2026-09-10T14:21:04.419+0000] {processor.py:840} INFO - DAG(s) 'example_branch_datetime_operator_2', 'example_branch_datetime_operator_3', 'example_branch_datetime_operator' retrieved from /home/airflow/.local/lib/python3.8/site-packages/airflow/example_dags/example_branch_datetime_operator.py
[2026-09-10T14:21:04.460+0000] {logging_mixin.py:188} INFO - [2026-09-10T14:21:04.460+0000] {dag.py:3047} INFO - Sync 3 DAGs
[2026-09-10T14:21:04.486+0000] {logging_mixin.py:188} INFO - [2026-09-10T14:21:04.485+0000] {dag.py:3834} INFO - Setting next_dagrun for example_branch_datetime_operator to 2026-09-09 00:00:00+00:00, run_after=2026-09-10 00:00:00+00:00
[2026-09-10T14:21:04.491+0000] {logging_mixin.py:188} INFO - [2026-09-10T14:21:04.491+0000] {dag.py:3834} INFO - Setting next_dagrun for example_branch_datetime_operator_2 to 2026-09-09 00:00:00+00:00, run_after=2026-09-10 00:00:00+00:00
[2026-09-10T14:21:04.495+0000] {logging_mixin.py:188} INFO - [2026-09-10T14:21:04.495+0000] {dag.py:3834} INFO - Setting next_dagrun for example_branch_datetime_operator_3 to 2026-09-09 00:00:00+00:00, run_after=2026-09-10 00:00:00+00:00
[2026-09-10T14:21:04.514+0000] {processor.py:183} INFO - Processing /home/airflow/.local/lib/python3.8/site-packages/airflow/example_dags/example_branch_datetime_operator.py took 0.116 seconds
[2026-09-10T14:21:35.365+0000] {processor.py:161} INFO - Started process (PID=1227) to work on /home/airflow/.local/lib/python3.8/site-packages/airflow/example_dags/example_branch_datetime_operator.py
[2026-09-10T14:21:35.367+0000] {processor.py:830} INFO - Processing file /home/airflow/.local/lib/python3.8/site-packages/airflow/example_dags/example_branch_datetime_operator.py for tasks to queue
[2026-09-10T14:21:35.370+0000] {logging_mixin.py:188} INFO - [2026-09-10T14:21:35.369+0000] {dagbag.py:540} INFO - Filling up the DagBag from /home/airflow/.local/lib/python3.8/site-packages/airflow/example_dags/example_branch_datetime_operator.py
[2026-09-10T14:21:35.389+0000] {processor.py:840} INFO - DAG(s) 'example_branch_datetime_operator', 'example_branch_datetime_operator_3', 'example_branch_datetime_operator_2' retrieved from /home/airflow/.local/lib/python3.8/site-packages/airflow/example_dags/example_branch_datetime_operator.py
[2026-09-10T14:21:35.430+0000] {logging_mixin.py:188} INFO - [2026-09-10T14:21:35.430+0000] {dag.py:3047} INFO - Sync 3 DAGs
[2026-09-10T14:21:35.460+0000] {logging_mixin.py:188} INFO - [2026-09-10T14:21:35.459+0000] {dag.py:3834} INFO - Setting next_dagrun for example_branch_datetime_operator to 2026-09-09 00:00:00+00:00, run_after=2026-09-10 00:00:00+00:00
[2026-09-10T14:21:35.466+0000] {logging_mixin.py:188} INFO - [2026-09-10T14:21:35.465+0000] {dag.py:3834} INFO - Setting next_dagrun for example_branch_datetime_operator_2 to 2026-09-09 00:00:00+00:00, run_after=2026-09-10 00:00:00+00:00
[2026-09-10T14:21:35.472+0000] {logging_mixin.py:188} INFO - [2026-09-10T14:21:35.471+0000] {dag.py:3834} INFO - Setting next_dagrun for example_branch_datetime_operator_3 to 2026-09-09 00:00:00+00:00, run_after=2026-09-10 00:00:00+00:00
[2026-09-10T14:21:35.493+0000] {processor.py:183} INFO - Processing /home/airflow/.local/lib/python3.8/site-packages/airflow/example_dags/example_branch_datetime_operator.py took 0.131 seconds
[2026-09-10T14:22:06.172+0000] {processor.py:161} INFO - Started process (PID=1292) to work on /home/airflow/.local/lib/python3.8/site-packages/airflow/example_dags/example_branch_datetime_operator.py
[2026-09-10T14:22:06.174+0000] {processor.py:830} INFO - Processing file /home/airflow/.local/lib/python3.8/site-packages/airflow/example_dags/example_branch_datetime_operator.py for tasks to queue
[2026-09-10T14:22:06.176+0000] {logging_mixin.py:188} INFO - [2026-09-10T14:22:06.176+0000] {dagbag.py:540} INFO - Filling up the DagBag from /home/airflow/.local/lib/python3.8/site-packages/airflow/example_dags/example_branch_datetime_operator.py
[2026-09-10T14:22:06.191+0000] {processor.py:840} INFO - DAG(s) 'example_branch_datetime_operator', 'example_branch_datetime_operator_3', 'example_branch_datetime_operator_2' retrieved from /home/airflow/.local/lib/python3.8/site-packages/airflow/example_dags/example_branch_datetime_operator.py
[2026-09-10T14:22:06.230+0000] {logging_mixin.py:188} INFO - [2026-09-10T14:22:06.230+0000] {dag.py:3047} INFO - Sync 3 DAGs
[2026-09-10T14:22:06.263+0000] {logging_mixin.py:188} INFO - [2026-09-10T14:22:06.262+0000] {dag.py:3834} INFO - Setting next_dagrun for example_branch_datetime_operator to 2026-09-09 00:00:00+00:00, run_after=2026-09-10 00:00:00+00:00
[2026-09-10T14:22:06.269+0000] {logging_mixin.py:188} INFO - [2026-09-10T14:22:06.268+0000] {dag.py:3834} INFO - Setting next_dagrun for example_branch_datetime_operator_2 to 2026-09-09 00:00:00+00:00, run_after=2026-09-10 00:00:00+00:00
[2026-09-10T14:22:06.273+0000] {logging_mixin.py:188} INFO - [2026-09-10T14:22:06.273+0000] {dag.py:3834} INFO - Setting next_dagrun for example_branch_datetime_operator_3 to 2026-09-09 00:00:00+00:00, run_after=2026-09-10 00:00:00+00:00
[2026-09-10T14:22:06.292+0000] {processor.py:183} INFO - Processing /home/airflow/.local/lib/python3.8/site-packages/airflow/example_dags/example_branch_datetime_operator.py took 0.124 seconds
[2026-09-10T14:22:37.755+0000] {processor.py:161} INFO - Started process (PID=1353) to work on /home/airflow/.local/lib/python3.8/site-packages/airflow/example_dags/example_branch_datetime_operator.py
[2026-09-10T14:22:37.758+0000] {processor.py:830} INFO - Processing file /home/airflow/.local/lib/python3.8/site-packages/airflow/example_dags/example_branch_datetime_operator.py for tasks to queue
[2026-09-10T14:22:37.762+0000] {logging_mixin.py:188} INFO - [2026-09-10T14:22:37.762+0000] {dagbag.py:540} INFO - Filling up the DagBag from /home/airflow/.local/lib/python3.8/site-packages/airflow/example_dags/example_branch_datetime_operator.py
[2026-09-10T14:22:37.783+0000] {processor.py:840} INFO - DAG(s) 'example_branch_datetime_operator_3', 'example_branch_datetime_operator_2', 'example_branch_datetime_operator' retrieved from /home/airflow/.local/lib/python3.8/site-packages/airflow/example_dags/example_branch_datetime_operator.py
[2026-09-10T14:22:37.827+0000] {logging_mixin.py:188} INFO - [2026-09-10T14:22:37.827+0000] {dag.py:3047} INFO - Sync 3 DAGs
[2026-09-10T14:22:37.860+0000] {logging_mixin.py:188} INFO - [2026-09-10T14:22:37.859+0000] {dag.py:3834} INFO - Setting next_dagrun for example_branch_datetime_operator to 2026-09-09 00:00:00+00:00, run_after=2026-09-10 00:00:00+00:00
[2026-09-10T14:22:37.865+0000] {logging_mixin.py:188} INFO - [2026-09-10T14:22:37.865+0000] {dag.py:3834} INFO - Setting next_dagrun for example_branch_datetime_operator_2 to 2026-09-09 00:00:00+00:00, run_after=2026-09-10 00:00:00+00:00
[2026-09-10T14:22:37.869+0000] {logging_mixin.py:188} INFO - [2026-09-10T14:22:37.869+0000] {dag.py:3834} INFO - Setting next_dagrun for example_branch_datetime_operator_3 to 2026-09-09 00:00:00+00:00, run_after=2026-09-10 00:00:00+00:00
[2026-09-10T14:22:37.895+0000] {processor.py:183} INFO - Processing /home/airflow/.local/lib/python3.8/site-packages/airflow/example_dags/example_branch_datetime_operator.py took 0.147 seconds
[2026-09-10T14:23:07.995+0000] {processor.py:161} INFO - Started process (PID=1414) to work on /home/airflow/.local/lib/python3.8/site-packages/airflow/example_dags/example_branch_datetime_operator.py
[2026-09-10T14:23:07.997+0000] {processor.py:830} INFO - Processing file /home/airflow/.local/lib/python3.8/site-packages/airflow/example_dags/example_branch_datetime_operator.py for tasks to queue
[2026-09-10T14:23:08.000+0000] {logging_mixin.py:188} INFO - [2026-09-10T14:23:08.000+0000] {dagbag.py:540} INFO - Filling up the DagBag from /home/airflow/.local/lib/python3.8/site-packages/airflow/example_dags/example_branch_datetime_operator.py
[2026-09-10T14:23:08.013+0000] {processor.py:840} INFO - DAG(s) 'example_branch_datetime_operator', 'example_branch_datetime_operator_3', 'example_branch_datetime_operator_2' retrieved from /home/airflow/.local/lib/python3.8/site-packages/airflow/example_dags/example_branch_datetime_operator.py
[2026-09-10T14:23:08.055+0000] {logging_mixin.py:188} INFO - [2026-09-10T14:23:08.055+0000] {dag.py:3047} INFO - Sync 3 DAGs
[2026-09-10T14:23:08.093+0000] {logging_mixin.py:188} INFO - [2026-09-10T14:23:08.092+0000] {dag.py:3834} INFO - Setting next_dagrun for example_branch_datetime_operator to 2026-09-09 00:00:00+00:00, run_after=2026-09-10 00:00:00+00:00
[2026-09-10T14:23:08.100+0000] {logging_mixin.py:188} INFO - [2026-09-10T14:23:08.100+0000] {dag.py:3834} INFO - Setting next_dagrun for example_branch_datetime_operator_2 to 2026-09-09 00:00:00+00:00, run_after=2026-09-10 00:00:00+00:00
[2026-09-10T14:23:08.104+0000] {logging_mixin.py:188} INFO - [2026-09-10T14:23:08.104+0000] {dag.py:3834} INFO - Setting next_dagrun for example_branch_datetime_operator_3 to 2026-09-09 00:00:00+00:00, run_after=2026-09-10 00:00:00+00:00
[2026-09-10T14:23:08.125+0000] {processor.py:183} INFO - Processing /home/airflow/.local/lib/python3.8/site-packages/airflow/example_dags/example_branch_datetime_operator.py took 0.134 seconds
[2026-09-10T14:23:39.273+0000] {processor.py:161} INFO - Started process (PID=1475) to work on /home/airflow/.local/lib/python3.8/site-packages/airflow/example_dags/example_branch_datetime_operator.py
[2026-09-10T14:23:39.274+0000] {processor.py:830} INFO - Processing file /home/airflow/.local/lib/python3.8/site-packages/airflow/example_dags/example_branch_datetime_operator.py for tasks to queue
[2026-09-10T14:23:39.277+0000] {logging_mixin.py:188} INFO - [2026-09-10T14:23:39.276+0000] {dagbag.py:540} INFO - Filling up the DagBag from /home/airflow/.local/lib/python3.8/site-packages/airflow/example_dags/example_branch_datetime_operator.py
[2026-09-10T14:23:39.289+0000] {processor.py:840} INFO - DAG(s) 'example_branch_datetime_operator_3', 'example_branch_datetime_operator', 'example_branch_datetime_operator_2' retrieved from /home/airflow/.local/lib/python3.8/site-packages/airflow/example_dags/example_branch_datetime_operator.py
[2026-09-10T14:23:39.322+0000] {logging_mixin.py:188} INFO - [2026-09-10T14:23:39.321+0000] {dag.py:3047} INFO - Sync 3 DAGs
[2026-09-10T14:23:39.348+0000] {logging_mixin.py:188} INFO - [2026-09-10T14:23:39.347+0000] {dag.py:3834} INFO - Setting next_dagrun for example_branch_datetime_operator to 2026-09-09 00:00:00+00:00, run_after=2026-09-10 00:00:00+00:00
[2026-09-10T14:23:39.354+0000] {logging_mixin.py:188} INFO - [2026-09-10T14:23:39.354+0000] {dag.py:3834} INFO - Setting next_dagrun for example_branch_datetime_operator_2 to 2026-09-09 00:00:00+00:00, run_after=2026-09-10 00:00:00+00:00
[2026-09-10T14:23:39.357+0000] {logging_mixin.py:188} INFO - [2026-09-10T14:23:39.357+0000] {dag.py:3834} INFO - Setting next_dagrun for example_branch_datetime_operator_3 to 2026-09-09 00:00:00+00:00, run_after=2026-09-10 00:00:00+00:00
[2026-09-10T14:23:39.376+0000] {processor.py:183} INFO - Processing /home/airflow/.local/lib/python3.8/site-packages/airflow/example_dags/example_branch_datetime_operator.py took 0.107 seconds
[2026-09-10T14:24:10.480+0000] {processor.py:161} INFO - Started process (PID=1536) to work on /home/airflow/.local/lib/python3.8/site-packages/airflow/example_dags/example_branch_datetime_operator.py
[2026-09-10T14:24:10.482+0000] {processor.py:830} INFO - Processing file /home/airflow/.local/lib/python3.8/site-packages/airflow/example_dags/example_branch_datetime_operator.py for tasks to queue
[2026-09-10T14:24:10.485+0000] {logging_mixin.py:188} INFO - [2026-09-10T14:24:10.485+0000] {dagbag.py:540} INFO - Filling up the DagBag from /home/airflow/.local/lib/python3.8/site-packages/airflow/example_dags/example_branch_datetime_operator.py
[2026-09-10T14:24:10.500+0000] {processor.py:840} INFO - DAG(s) 'example_branch_datetime_operator', 'example_branch_datetime_operator_3', 'example_branch_datetime_operator_2' retrieved from /home/airflow/.local/lib/python3.8/site-packages/airflow/example_dags/example_branch_datetime_operator.py
[2026-09-10T14:24:10.540+0000] {logging_mixin.py:188} INFO - [2026-09-10T14:24:10.540+0000] {dag.py:3047} INFO - Sync 3 DAGs
[2026-09-10T14:24:10.571+0000] {logging_mixin.py:188} INFO - [2026-09-10T14:24:10.571+0000] {dag.py:3834} INFO - Setting next_dagrun for example_branch_datetime_operator to 2026-09-09 00:00:00+00:00, run_after=2026-09-10 00:00:00+00:00
[2026-09-10T14:24:10.578+0000] {logging_mixin.py:188} INFO - [2026-09-10T14:24:10.577+0000] {dag.py:3834} INFO - Setting next_dagrun for example_branch_datetime_operator_2 to 2026-09-09 00:00:00+00:00, run_after=2026-09-10 00:00:00+00:00
[2026-09-10T14:24:10.581+0000] {logging_mixin.py:188} INFO - [2026-09-10T14:24:10.581+0000] {dag.py:3834} INFO - Setting next_dagrun for example_branch_datetime_operator_3 to 2026-09-09 00:00:00+00:00, run_after=2026-09-10 00:00:00+00:00
[2026-09-10T14:24:10.607+0000] {processor.py:183} INFO - Processing /home/airflow/.local/lib/python3.8/site-packages/airflow/example_dags/example_branch_datetime_operator.py took 0.132 seconds
[2026-09-10T14:24:42.292+0000] {processor.py:161} INFO - Started process (PID=1597) to work on /home/airflow/.local/lib/python3.8/site-packages/airflow/example_dags/example_branch_datetime_operator.py
[2026-09-10T14:24:42.294+0000] {processor.py:830} INFO - Processing file /home/airflow/.local/lib/python3.8/site-packages/airflow/example_dags/example_branch_datetime_operator.py for tasks to queue
[2026-09-10T14:24:42.297+0000] {logging_mixin.py:188} INFO - [2026-09-10T14:24:42.297+0000] {dagbag.py:540} INFO - Filling up the DagBag from /home/airflow/.local/lib/python3.8/site-packages/airflow/example_dags/example_branch_datetime_operator.py
[2026-09-10T14:24:42.313+0000] {processor.py:840} INFO - DAG(s) 'example_branch_datetime_operator_2', 'example_branch_datetime_operator_3', 'example_branch_datetime_operator' retrieved from /home/airflow/.local/lib/python3.8/site-packages/airflow/example_dags/example_branch_datetime_operator.py
[2026-09-10T14:24:42.353+0000] {logging_mixin.py:188} INFO - [2026-09-10T14:24:42.353+0000] {dag.py:3047} INFO - Sync 3 DAGs
[2026-09-10T14:24:42.384+0000] {logging_mixin.py:188} INFO - [2026-09-10T14:24:42.384+0000] {dag.py:3834} INFO - Setting next_dagrun for example_branch_datetime_operator to 2026-09-09 00:00:00+00:00, run_after=2026-09-10 00:00:00+00:00
[2026-09-10T14:24:42.396+0000] {logging_mixin.py:188} INFO - [2026-09-10T14:24:42.396+0000] {dag.py:3834} INFO - Setting next_dagrun for example_branch_datetime_operator_2 to 2026-09-09 00:00:00+00:00, run_after=2026-09-10 00:00:00+00:00
[2026-09-10T14:24:42.400+0000] {logging_mixin.py:188} INFO - [2026-09-10T14:24:42.400+0000] {dag.py:3834} INFO - Setting next_dagrun for example_branch_datetime_operator_3 to 2026-09-09 00:00:00+00:00, run_after=2026-09-10 00:00:00+00:00
[2026-09-10T14:24:42.422+0000] {processor.py:183} INFO - Processing /home/airflow/.local/lib/python3.8/site-packages/airflow/example_dags/example_branch_datetime_operator.py took 0.135 seconds
[2026-09-10T14:25:13.702+0000] {processor.py:161} INFO - Started process (PID=1658) to work on /home/airflow/.local/lib/python3.8/site-packages/airflow/example_dags/example_branch_datetime_operator.py
[2026-09-10T14:25:13.704+0000] {processor.py:830} INFO - Processing file /home/airflow/.local/lib/python3.8/site-packages/airflow/example_dags/example_branch_datetime_operator.py for tasks to queue
[2026-09-10T14:25:13.707+0000] {logging_mixin.py:188} INFO - [2026-09-10T14:25:13.706+0000] {dagbag.py:540} INFO - Filling up the DagBag from /home/airflow/.local/lib/python3.8/site-packages/airflow/example_dags/example_branch_datetime_operator.py
[2026-09-10T14:25:13.724+0000] {processor.py:840} INFO - DAG(s) 'example_branch_datetime_operator', 'example_branch_datetime_operator_3', 'example_branch_datetime_operator_2' retrieved from /home/airflow/.local/lib/python3.8/site-packages/airflow/example_dags/example_branch_datetime_operator.py
[2026-09-10T14:25:13.769+0000] {logging_mixin.py:188} INFO - [2026-09-10T14:25:13.768+0000] {dag.py:3047} INFO - Sync 3 DAGs
[2026-09-10T14:25:13.811+0000] {logging_mixin.py:188} INFO - [2026-09-10T14:25:13.810+0000] {dag.py:3834} INFO - Setting next_dagrun for example_branch_datetime_operator to 2026-09-09 00:00:00+00:00, run_after=2026-09-10 00:00:00+00:00
[2026-09-10T14:25:13.817+0000] {logging_mixin.py:188} INFO - [2026-09-10T14:25:13.817+0000] {dag.py:3834} INFO - Setting next_dagrun for example_branch_datetime_operator_2 to 2026-09-09 00:00:00+00:00, run_after=2026-09-10 00:00:00+00:00
[2026-09-10T14:25:13.821+0000] {logging_mixin.py:188} INFO - [2026-09-10T14:25:13.820+0000] {dag.py:3834} INFO - Setting next_dagrun for example_branch_datetime_operator_3 to 2026-09-09 00:00:00+00:00, run_after=2026-09-10 00:00:00+00:00
[2026-09-10T14:25:13.845+0000] {processor.py:183} INFO - Processing /home/airflow/.local/lib/python3.8/site-packages/airflow/example_dags/example_branch_datetime_operator.py took 0.147 seconds
[2026-09-10T14:25:44.757+0000] {processor.py:161} INFO - Started process (PID=1718) to work on /home/airflow/.local/lib/python3.8/site-packages/airflow/example_dags/example_branch_datetime_operator.py
[2026-09-10T14:25:44.759+0000] {processor.py:830} INFO - Processing file /home/airflow/.local/lib/python3.8/site-packages/airflow/example_dags/example_branch_datetime_operator.py for tasks to queue
[2026-09-10T14:25:44.763+0000] {logging_mixin.py:188} INFO - [2026-09-10T14:25:44.762+0000] {dagbag.py:540} INFO - Filling up the DagBag from /home/airflow/.local/lib/python3.8/site-packages/airflow/example_dags/example_branch_datetime_operator.py
[2026-09-10T14:25:44.791+0000] {processor.py:840} INFO - DAG(s) 'example_branch_datetime_operator_2', 'example_branch_datetime_operator', 'example_branch_datetime_operator_3' retrieved from /home/airflow/.local/lib/python3.8/site-packages/airflow/example_dags/example_branch_datetime_operator.py
[2026-09-10T14:25:44.840+0000] {logging_mixin.py:188} INFO - [2026-09-10T14:25:44.840+0000] {dag.py:3047} INFO - Sync 3 DAGs
[2026-09-10T14:25:44.868+0000] {logging_mixin.py:188} INFO - [2026-09-10T14:25:44.868+0000] {dag.py:3834} INFO - Setting next_dagrun for example_branch_datetime_operator to 2026-09-09 00:00:00+00:00, run_after=2026-09-10 00:00:00+00:00
[2026-09-10T14:25:44.876+0000] {logging_mixin.py:188} INFO - [2026-09-10T14:25:44.876+0000] {dag.py:3834} INFO - Setting next_dagrun for example_branch_datetime_operator_2 to 2026-09-09 00:00:00+00:00, run_after=2026-09-10 00:00:00+00:00
[2026-09-10T14:25:44.880+0000] {logging_mixin.py:188} INFO - [2026-09-10T14:25:44.880+0000] {dag.py:3834} INFO - Setting next_dagrun for example_branch_datetime_operator_3 to 2026-09-09 00:00:00+00:00, run_after=2026-09-10 00:00:00+00:00
[2026-09-10T14:25:44.900+0000] {processor.py:183} INFO - Processing /home/airflow/.local/lib/python3.8/site-packages/airflow/example_dags/example_branch_datetime_operator.py took 0.149 seconds
[2026-09-10T14:26:19.934+0000] {processor.py:161} INFO - Started process (PID=112) to work on /home/airflow/.local/lib/python3.8/site-packages/airflow/example_dags/example_branch_datetime_operator.py
[2026-09-10T14:26:19.936+0000] {processor.py:830} INFO - Processing file /home/airflow/.local/lib/python3.8/site-packages/airflow/example_dags/example_branch_datetime_operator.py for tasks to queue
[2026-09-10T14:26:19.941+0000] {logging_mixin.py:188} INFO - [2026-09-10T14:26:19.940+0000] {dagbag.py:540} INFO - Filling up the DagBag from /home/airflow/.local/lib/python3.8/site-packages/airflow/example_dags/example_branch_datetime_operator.py
[2026-09-10T14:26:19.968+0000] {processor.py:840} INFO - DAG(s) 'example_branch_datetime_operator_3', 'example_branch_datetime_operator_2', 'example_branch_datetime_operator' retrieved from /home/airflow/.local/lib/python3.8/site-packages/airflow/example_dags/example_branch_datetime_operator.py
[2026-09-10T14:26:20.031+0000] {logging_mixin.py:188} INFO - [2026-09-10T14:26:20.031+0000] {dag.py:3047} INFO - Sync 3 DAGs
[2026-09-10T14:26:20.070+0000] {logging_mixin.py:188} INFO - [2026-09-10T14:26:20.070+0000] {dag.py:3834} INFO - Setting next_dagrun for example_branch_datetime_operator to 2026-09-09 00:00:00+00:00, run_after=2026-09-10 00:00:00+00:00
[2026-09-10T14:26:20.077+0000] {logging_mixin.py:188} INFO - [2026-09-10T14:26:20.077+0000] {dag.py:3834} INFO - Setting next_dagrun for example_branch_datetime_operator_2 to 2026-09-09 00:00:00+00:00, run_after=2026-09-10 00:00:00+00:00
[2026-09-10T14:26:20.082+0000] {logging_mixin.py:188} INFO - [2026-09-10T14:26:20.081+0000] {dag.py:3834} INFO - Setting next_dagrun for example_branch_datetime_operator_3 to 2026-09-09 00:00:00+00:00, run_after=2026-09-10 00:00:00+00:00
[2026-09-10T14:26:20.108+0000] {processor.py:183} INFO - Processing /home/airflow/.local/lib/python3.8/site-packages/airflow/example_dags/example_branch_datetime_operator.py took 0.184 seconds
[2026-09-10T14:26:51.058+0000] {processor.py:161} INFO - Started process (PID=171) to work on /home/airflow/.local/lib/python3.8/site-packages/airflow/example_dags/example_branch_datetime_operator.py
[2026-09-10T14:26:51.061+0000] {processor.py:830} INFO - Processing file /home/airflow/.local/lib/python3.8/site-packages/airflow/example_dags/example_branch_datetime_operator.py for tasks to queue
[2026-09-10T14:26:51.064+0000] {logging_mixin.py:188} INFO - [2026-09-10T14:26:51.063+0000] {dagbag.py:540} INFO - Filling up the DagBag from /home/airflow/.local/lib/python3.8/site-packages/airflow/example_dags/example_branch_datetime_operator.py
[2026-09-10T14:26:51.079+0000] {processor.py:840} INFO - DAG(s) 'example_branch_datetime_operator', 'example_branch_datetime_operator_2', 'example_branch_datetime_operator_3' retrieved from /home/airflow/.local/lib/python3.8/site-packages/airflow/example_dags/example_branch_datetime_operator.py
[2026-09-10T14:26:51.130+0000] {logging_mixin.py:188} INFO - [2026-09-10T14:26:51.130+0000] {dag.py:3047} INFO - Sync 3 DAGs
[2026-09-10T14:26:51.173+0000] {logging_mixin.py:188} INFO - [2026-09-10T14:26:51.172+0000] {dag.py:3834} INFO - Setting next_dagrun for example_branch_datetime_operator to 2026-09-09 00:00:00+00:00, run_after=2026-09-10 00:00:00+00:00
[2026-09-10T14:26:51.181+0000] {logging_mixin.py:188} INFO - [2026-09-10T14:26:51.181+0000] {dag.py:3834} INFO - Setting next_dagrun for example_branch_datetime_operator_2 to 2026-09-09 00:00:00+00:00, run_after=2026-09-10 00:00:00+00:00
[2026-09-10T14:26:51.189+0000] {logging_mixin.py:188} INFO - [2026-09-10T14:26:51.188+0000] {dag.py:3834} INFO - Setting next_dagrun for example_branch_datetime_operator_3 to 2026-09-09 00:00:00+00:00, run_after=2026-09-10 00:00:00+00:00
[2026-09-10T14:26:51.219+0000] {processor.py:183} INFO - Processing /home/airflow/.local/lib/python3.8/site-packages/airflow/example_dags/example_branch_datetime_operator.py took 0.168 seconds
[2026-09-10T14:27:21.342+0000] {processor.py:161} INFO - Started process (PID=231) to work on /home/airflow/.local/lib/python3.8/site-packages/airflow/example_dags/example_branch_datetime_operator.py
[2026-09-10T14:27:21.344+0000] {processor.py:830} INFO - Processing file /home/airflow/.local/lib/python3.8/site-packages/airflow/example_dags/example_branch_datetime_operator.py for tasks to queue
[2026-09-10T14:27:21.347+0000] {logging_mixin.py:188} INFO - [2026-09-10T14:27:21.347+0000] {dagbag.py:540} INFO - Filling up the DagBag from /home/airflow/.local/lib/python3.8/site-packages/airflow/example_dags/example_branch_datetime_operator.py
[2026-09-10T14:27:21.360+0000] {processor.py:840} INFO - DAG(s) 'example_branch_datetime_operator', 'example_branch_datetime_operator_2', 'example_branch_datetime_operator_3' retrieved from /home/airflow/.local/lib/python3.8/site-packages/airflow/example_dags/example_branch_datetime_operator.py
[2026-09-10T14:27:21.398+0000] {logging_mixin.py:188} INFO - [2026-09-10T14:27:21.397+0000] {dag.py:3047} INFO - Sync 3 DAGs
[2026-09-10T14:27:21.427+0000] {logging_mixin.py:188} INFO - [2026-09-10T14:27:21.426+0000] {dag.py:3834} INFO - Setting next_dagrun for example_branch_datetime_operator to 2026-09-09 00:00:00+00:00, run_after=2026-09-10 00:00:00+00:00
[2026-09-10T14:27:21.434+0000] {logging_mixin.py:188} INFO - [2026-09-10T14:27:21.433+0000] {dag.py:3834} INFO - Setting next_dagrun for example_branch_datetime_operator_2 to 2026-09-09 00:00:00+00:00, run_after=2026-09-10 00:00:00+00:00
[2026-09-10T14:27:21.439+0000] {logging_mixin.py:188} INFO - [2026-09-10T14:27:21.439+0000] {dag.py:3834} INFO - Setting next_dagrun for example_branch_datetime_operator_3 to 2026-09-09 00:00:00+00:00, run_after=2026-09-10 00:00:00+00:00
[2026-09-10T14:27:21.462+0000] {processor.py:183} INFO - Processing /home/airflow/.local/lib/python3.8/site-packages/airflow/example_dags/example_branch_datetime_operator.py took 0.124 seconds
[2026-09-10T14:27:52.053+0000] {processor.py:161} INFO - Started process (PID=289) to work on /home/airflow/.local/lib/python3.8/site-packages/airflow/example_dags/example_branch_datetime_operator.py
[2026-09-10T14:27:52.055+0000] {processor.py:830} INFO - Processing file /home/airflow/.local/lib/python3.8/site-packages/airflow/example_dags/example_branch_datetime_operator.py for tasks to queue
[2026-09-10T14:27:52.058+0000] {logging_mixin.py:188} INFO - [2026-09-10T14:27:52.058+0000] {dagbag.py:540} INFO - Filling up the DagBag from /home/airflow/.local/lib/python3.8/site-packages/airflow/example_dags/example_branch_datetime_operator.py
[2026-09-10T14:27:52.071+0000] {processor.py:840} INFO - DAG(s) 'example_branch_datetime_operator', 'example_branch_datetime_operator_2', 'example_branch_datetime_operator_3' retrieved from /home/airflow/.local/lib/python3.8/site-packages/airflow/example_dags/example_branch_datetime_operator.py
[2026-09-10T14:27:52.107+0000] {logging_mixin.py:188} INFO - [2026-09-10T14:27:52.107+0000] {dag.py:3047} INFO - Sync 3 DAGs
[2026-09-10T14:27:52.134+0000] {logging_mixin.py:188} INFO - [2026-09-10T14:27:52.134+0000] {dag.py:3834} INFO - Setting next_dagrun for example_branch_datetime_operator to 2026-09-09 00:00:00+00:00, run_after=2026-09-10 00:00:00+00:00
[2026-09-10T14:27:52.142+0000] {logging_mixin.py:188} INFO - [2026-09-10T14:27:52.142+0000] {dag.py:3834} INFO - Setting next_dagrun for example_branch_datetime_operator_2 to 2026-09-09 00:00:00+00:00, run_after=2026-09-10 00:00:00+00:00
[2026-09-10T14:27:52.146+0000] {logging_mixin.py:188} INFO - [2026-09-10T14:27:52.145+0000] {dag.py:3834} INFO - Setting next_dagrun for example_branch_datetime_operator_3 to 2026-09-09 00:00:00+00:00, run_after=2026-09-10 00:00:00+00:00
[2026-09-10T14:27:52.167+0000] {processor.py:183} INFO - Processing /home/airflow/.local/lib/python3.8/site-packages/airflow/example_dags/example_branch_datetime_operator.py took 0.118 seconds
[2026-09-10T14:28:23.318+0000] {processor.py:161} INFO - Started process (PID=352) to work on /home/airflow/.local/lib/python3.8/site-packages/airflow/example_dags/example_branch_datetime_operator.py
[2026-09-10T14:28:23.320+0000] {processor.py:830} INFO - Processing file /home/airflow/.local/lib/python3.8/site-packages/airflow/example_dags/example_branch_datetime_operator.py for tasks to queue
[2026-09-10T14:28:23.324+0000] {logging_mixin.py:188} INFO - [2026-09-10T14:28:23.323+0000] {dagbag.py:540} INFO - Filling up the DagBag from /home/airflow/.local/lib/python3.8/site-packages/airflow/example_dags/example_branch_datetime_operator.py
[2026-09-10T14:28:23.335+0000] {processor.py:840} INFO - DAG(s) 'example_branch_datetime_operator', 'example_branch_datetime_operator_2', 'example_branch_datetime_operator_3' retrieved from /home/airflow/.local/lib/python3.8/site-packages/airflow/example_dags/example_branch_datetime_operator.py
[2026-09-10T14:28:23.378+0000] {logging_mixin.py:188} INFO - [2026-09-10T14:28:23.377+0000] {dag.py:3047} INFO - Sync 3 DAGs
[2026-09-10T14:28:23.424+0000] {logging_mixin.py:188} INFO - [2026-09-10T14:28:23.423+0000] {dag.py:3834} INFO - Setting next_dagrun for example_branch_datetime_operator to 2026-09-09 00:00:00+00:00, run_after=2026-09-10 00:00:00+00:00
[2026-09-10T14:28:23.437+0000] {logging_mixin.py:188} INFO - [2026-09-10T14:28:23.436+0000] {dag.py:3834} INFO - Setting next_dagrun for example_branch_datetime_operator_2 to 2026-09-09 00:00:00+00:00, run_after=2026-09-10 00:00:00+00:00
[2026-09-10T14:28:23.442+0000] {logging_mixin.py:188} INFO - [2026-09-10T14:28:23.442+0000] {dag.py:3834} INFO - Setting next_dagrun for example_branch_datetime_operator_3 to 2026-09-09 00:00:00+00:00, run_after=2026-09-10 00:00:00+00:00
[2026-09-10T14:28:23.469+0000] {processor.py:183} INFO - Processing /home/airflow/.local/lib/python3.8/site-packages/airflow/example_dags/example_branch_datetime_operator.py took 0.155 seconds
[2026-09-10T14:28:53.867+0000] {processor.py:161} INFO - Started process (PID=411) to work on /home/airflow/.local/lib/python3.8/site-packages/airflow/example_dags/example_branch_datetime_operator.py
[2026-09-10T14:28:53.868+0000] {processor.py:830} INFO - Processing file /home/airflow/.local/lib/python3.8/site-packages/airflow/example_dags/example_branch_datetime_operator.py for tasks to queue
[2026-09-10T14:28:53.872+0000] {logging_mixin.py:188} INFO - [2026-09-10T14:28:53.871+0000] {dagbag.py:540} INFO - Filling up the DagBag from /home/airflow/.local/lib/python3.8/site-packages/airflow/example_dags/example_branch_datetime_operator.py
[2026-09-10T14:28:53.885+0000] {processor.py:840} INFO - DAG(s) 'example_branch_datetime_operator', 'example_branch_datetime_operator_3', 'example_branch_datetime_operator_2' retrieved from /home/airflow/.local/lib/python3.8/site-packages/airflow/example_dags/example_branch_datetime_operator.py
[2026-09-10T14:28:53.927+0000] {logging_mixin.py:188} INFO - [2026-09-10T14:28:53.927+0000] {dag.py:3047} INFO - Sync 3 DAGs
[2026-09-10T14:28:53.961+0000] {logging_mixin.py:188} INFO - [2026-09-10T14:28:53.961+0000] {dag.py:3834} INFO - Setting next_dagrun for example_branch_datetime_operator to 2026-09-09 00:00:00+00:00, run_after=2026-09-10 00:00:00+00:00
[2026-09-10T14:28:53.969+0000] {logging_mixin.py:188} INFO - [2026-09-10T14:28:53.968+0000] {dag.py:3834} INFO - Setting next_dagrun for example_branch_datetime_operator_2 to 2026-09-09 00:00:00+00:00, run_after=2026-09-10 00:00:00+00:00
[2026-09-10T14:28:53.974+0000] {logging_mixin.py:188} INFO - [2026-09-10T14:28:53.973+0000] {dag.py:3834} INFO - Setting next_dagrun for example_branch_datetime_operator_3 to 2026-09-09 00:00:00+00:00, run_after=2026-09-10 00:00:00+00:00
[2026-09-10T14:28:53.998+0000] {processor.py:183} INFO - Processing /home/airflow/.local/lib/python3.8/site-packages/airflow/example_dags/example_branch_datetime_operator.py took 0.138 seconds
[2026-09-10T14:29:24.325+0000] {processor.py:161} INFO - Started process (PID=470) to work on /home/airflow/.local/lib/python3.8/site-packages/airflow/example_dags/example_branch_datetime_operator.py
[2026-09-10T14:29:24.327+0000] {processor.py:830} INFO - Processing file /home/airflow/.local/lib/python3.8/site-packages/airflow/example_dags/example_branch_datetime_operator.py for tasks to queue
[2026-09-10T14:29:24.330+0000] {logging_mixin.py:188} INFO - [2026-09-10T14:29:24.329+0000] {dagbag.py:540} INFO - Filling up the DagBag from /home/airflow/.local/lib/python3.8/site-packages/airflow/example_dags/example_branch_datetime_operator.py
[2026-09-10T14:29:24.343+0000] {processor.py:840} INFO - DAG(s) 'example_branch_datetime_operator', 'example_branch_datetime_operator_3', 'example_branch_datetime_operator_2' retrieved from /home/airflow/.local/lib/python3.8/site-packages/airflow/example_dags/example_branch_datetime_operator.py
[2026-09-10T14:29:24.380+0000] {logging_mixin.py:188} INFO - [2026-09-10T14:29:24.380+0000] {dag.py:3047} INFO - Sync 3 DAGs
[2026-09-10T14:29:24.408+0000] {logging_mixin.py:188} INFO - [2026-09-10T14:29:24.408+0000] {dag.py:3834} INFO - Setting next_dagrun for example_branch_datetime_operator to 2026-09-09 00:00:00+00:00, run_after=2026-09-10 00:00:00+00:00
[2026-09-10T14:29:24.414+0000] {logging_mixin.py:188} INFO - [2026-09-10T14:29:24.414+0000] {dag.py:3834} INFO - Setting next_dagrun for example_branch_datetime_operator_2 to 2026-09-09 00:00:00+00:00, run_after=2026-09-10 00:00:00+00:00
[2026-09-10T14:29:24.418+0000] {logging_mixin.py:188} INFO - [2026-09-10T14:29:24.418+0000] {dag.py:3834} INFO - Setting next_dagrun for example_branch_datetime_operator_3 to 2026-09-09 00:00:00+00:00, run_after=2026-09-10 00:00:00+00:00
[2026-09-10T14:29:24.442+0000] {processor.py:183} INFO - Processing /home/airflow/.local/lib/python3.8/site-packages/airflow/example_dags/example_branch_datetime_operator.py took 0.122 seconds
[2026-09-10T14:29:55.380+0000] {processor.py:161} INFO - Started process (PID=529) to work on /home/airflow/.local/lib/python3.8/site-packages/airflow/example_dags/example_branch_datetime_operator.py
[2026-09-10T14:29:55.382+0000] {processor.py:830} INFO - Processing file /home/airflow/.local/lib/python3.8/site-packages/airflow/example_dags/example_branch_datetime_operator.py for tasks to queue
[2026-09-10T14:29:55.386+0000] {logging_mixin.py:188} INFO - [2026-09-10T14:29:55.385+0000] {dagbag.py:540} INFO - Filling up the DagBag from /home/airflow/.local/lib/python3.8/site-packages/airflow/example_dags/example_branch_datetime_operator.py
[2026-09-10T14:29:55.400+0000] {processor.py:840} INFO - DAG(s) 'example_branch_datetime_operator_3', 'example_branch_datetime_operator', 'example_branch_datetime_operator_2' retrieved from /home/airflow/.local/lib/python3.8/site-packages/airflow/example_dags/example_branch_datetime_operator.py
[2026-09-10T14:29:55.437+0000] {logging_mixin.py:188} INFO - [2026-09-10T14:29:55.436+0000] {dag.py:3047} INFO - Sync 3 DAGs
[2026-09-10T14:29:55.464+0000] {logging_mixin.py:188} INFO - [2026-09-10T14:29:55.464+0000] {dag.py:3834} INFO - Setting next_dagrun for example_branch_datetime_operator to 2026-09-09 00:00:00+00:00, run_after=2026-09-10 00:00:00+00:00
[2026-09-10T14:29:55.474+0000] {logging_mixin.py:188} INFO - [2026-09-10T14:29:55.473+0000] {dag.py:3834} INFO - Setting next_dagrun for example_branch_datetime_operator_2 to 2026-09-09 00:00:00+00:00, run_after=2026-09-10 00:00:00+00:00
[2026-09-10T14:29:55.479+0000] {logging_mixin.py:188} INFO - [2026-09-10T14:29:55.479+0000] {dag.py:3834} INFO - Setting next_dagrun for example_branch_datetime_operator_3 to 2026-09-09 00:00:00+00:00, run_after=2026-09-10 00:00:00+00:00
[2026-09-10T14:29:55.499+0000] {processor.py:183} INFO - Processing /home/airflow/.local/lib/python3.8/site-packages/airflow/example_dags/example_branch_datetime_operator.py took 0.123 seconds
[2026-09-10T14:30:25.832+0000] {processor.py:161} INFO - Started process (PID=588) to work on /home/airflow/.local/lib/python3.8/site-packages/airflow/example_dags/example_branch_datetime_operator.py
[2026-09-10T14:30:25.833+0000] {processor.py:830} INFO - Processing file /home/airflow/.local/lib/python3.8/site-packages/airflow/example_dags/example_branch_datetime_operator.py for tasks to queue
[2026-09-10T14:30:25.836+0000] {logging_mixin.py:188} INFO - [2026-09-10T14:30:25.835+0000] {dagbag.py:540} INFO - Filling up the DagBag from /home/airflow/.local/lib/python3.8/site-packages/airflow/example_dags/example_branch_datetime_operator.py
[2026-09-10T14:30:25.847+0000] {processor.py:840} INFO - DAG(s) 'example_branch_datetime_operator_3', 'example_branch_datetime_operator_2', 'example_branch_datetime_operator' retrieved from /home/airflow/.local/lib/python3.8/site-packages/airflow/example_dags/example_branch_datetime_operator.py
[2026-09-10T14:30:25.878+0000] {logging_mixin.py:188} INFO - [2026-09-10T14:30:25.877+0000] {dag.py:3047} INFO - Sync 3 DAGs
[2026-09-10T14:30:25.904+0000] {logging_mixin.py:188} INFO - [2026-09-10T14:30:25.903+0000] {dag.py:3834} INFO - Setting next_dagrun for example_branch_datetime_operator to 2026-09-09 00:00:00+00:00, run_after=2026-09-10 00:00:00+00:00
[2026-09-10T14:30:25.909+0000] {logging_mixin.py:188} INFO - [2026-09-10T14:30:25.909+0000] {dag.py:3834} INFO - Setting next_dagrun for example_branch_datetime_operator_2 to 2026-09-09 00:00:00+00:00, run_after=2026-09-10 00:00:00+00:00
[2026-09-10T14:30:25.913+0000] {logging_mixin.py:188} INFO - [2026-09-10T14:30:25.913+0000] {dag.py:3834} INFO - Setting next_dagrun for example_branch_datetime_operator_3 to 2026-09-09 00:00:00+00:00, run_after=2026-09-10 00:00:00+00:00
[2026-09-10T14:30:25.931+0000] {processor.py:183} INFO - Processing /home/airflow/.local/lib/python3.8/site-packages/airflow/example_dags/example_branch_datetime_operator.py took 0.103 seconds
[2026-09-10T14:30:57.161+0000] {processor.py:161} INFO - Started process (PID=647) to work on /home/airflow/.local/lib/python3.8/site-packages/airflow/example_dags/example_branch_datetime_operator.py
[2026-09-10T14:30:57.163+0000] {processor.py:830} INFO - Processing file /home/airflow/.local/lib/python3.8/site-packages/airflow/example_dags/example_branch_datetime_operator.py for tasks to queue
[2026-09-10T14:30:57.166+0000] {logging_mixin.py:188} INFO - [2026-09-10T14:30:57.165+0000] {dagbag.py:540} INFO - Filling up the DagBag from /home/airflow/.local/lib/python3.8/site-packages/airflow/example_dags/example_branch_datetime_operator.py
[2026-09-10T14:30:57.181+0000] {processor.py:840} INFO - DAG(s) 'example_branch_datetime_operator', 'example_branch_datetime_operator_2', 'example_branch_datetime_operator_3' retrieved from /home/airflow/.local/lib/python3.8/site-packages/airflow/example_dags/example_branch_datetime_operator.py
[2026-09-10T14:30:57.219+0000] {logging_mixin.py:188} INFO - [2026-09-10T14:30:57.219+0000] {dag.py:3047} INFO - Sync 3 DAGs
[2026-09-10T14:30:57.256+0000] {logging_mixin.py:188} INFO - [2026-09-10T14:30:57.256+0000] {dag.py:3834} INFO - Setting next_dagrun for example_branch_datetime_operator to 2026-09-09 00:00:00+00:00, run_after=2026-09-10 00:00:00+00:00
[2026-09-10T14:30:57.262+0000] {logging_mixin.py:188} INFO - [2026-09-10T14:30:57.262+0000] {dag.py:3834} INFO - Setting next_dagrun for example_branch_datetime_operator_2 to 2026-09-09 00:00:00+00:00, run_after=2026-09-10 00:00:00+00:00
[2026-09-10T14:30:57.266+0000] {logging_mixin.py:188} INFO - [2026-09-10T14:30:57.265+0000] {dag.py:3834} INFO - Setting next_dagrun for example_branch_datetime_operator_3 to 2026-09-09 00:00:00+00:00, run_after=2026-09-10 00:00:00+00:00
[2026-09-10T14:30:57.289+0000] {processor.py:183} INFO - Processing /home/airflow/.local/lib/python3.8/site-packages/airflow/example_dags/example_branch_datetime_operator.py took 0.133 seconds
[2026-09-10T14:31:27.766+0000] {processor.py:161} INFO - Started process (PID=706) to work on /home/airflow/.local/lib/python3.8/site-packages/airflow/example_dags/example_branch_datetime_operator.py
[2026-09-10T14:31:27.768+0000] {processor.py:830} INFO - Processing file /home/airflow/.local/lib/python3.8/site-packages/airflow/example_dags/example_branch_datetime_operator.py for tasks to queue
[2026-09-10T14:31:27.771+0000] {logging_mixin.py:188} INFO - [2026-09-10T14:31:27.771+0000] {dagbag.py:540} INFO - Filling up the DagBag from /home/airflow/.local/lib/python3.8/site-packages/airflow/example_dags/example_branch_datetime_operator.py
[2026-09-10T14:31:27.788+0000] {processor.py:840} INFO - DAG(s) 'example_branch_datetime_operator_2', 'example_branch_datetime_operator', 'example_branch_datetime_operator_3' retrieved from /home/airflow/.local/lib/python3.8/site-packages/airflow/example_dags/example_branch_datetime_operator.py
[2026-09-10T14:31:27.833+0000] {logging_mixin.py:188} INFO - [2026-09-10T14:31:27.832+0000] {dag.py:3047} INFO - Sync 3 DAGs
[2026-09-10T14:31:27.865+0000] {logging_mixin.py:188} INFO - [2026-09-10T14:31:27.865+0000] {dag.py:3834} INFO - Setting next_dagrun for example_branch_datetime_operator to 2026-09-09 00:00:00+00:00, run_after=2026-09-10 00:00:00+00:00
[2026-09-10T14:31:27.871+0000] {logging_mixin.py:188} INFO - [2026-09-10T14:31:27.871+0000] {dag.py:3834} INFO - Setting next_dagrun for example_branch_datetime_operator_2 to 2026-09-09 00:00:00+00:00, run_after=2026-09-10 00:00:00+00:00
[2026-09-10T14:31:27.875+0000] {logging_mixin.py:188} INFO - [2026-09-10T14:31:27.874+0000] {dag.py:3834} INFO - Setting next_dagrun for example_branch_datetime_operator_3 to 2026-09-09 00:00:00+00:00, run_after=2026-09-10 00:00:00+00:00
[2026-09-10T14:31:27.897+0000] {processor.py:183} INFO - Processing /home/airflow/.local/lib/python3.8/site-packages/airflow/example_dags/example_branch_datetime_operator.py took 0.137 seconds
[2026-09-10T14:31:58.754+0000] {processor.py:161} INFO - Started process (PID=765) to work on /home/airflow/.local/lib/python3.8/site-packages/airflow/example_dags/example_branch_datetime_operator.py
[2026-09-10T14:31:58.755+0000] {processor.py:830} INFO - Processing file /home/airflow/.local/lib/python3.8/site-packages/airflow/example_dags/example_branch_datetime_operator.py for tasks to queue
[2026-09-10T14:31:58.758+0000] {logging_mixin.py:188} INFO - [2026-09-10T14:31:58.757+0000] {dagbag.py:540} INFO - Filling up the DagBag from /home/airflow/.local/lib/python3.8/site-packages/airflow/example_dags/example_branch_datetime_operator.py
[2026-09-10T14:31:58.772+0000] {processor.py:840} INFO - DAG(s) 'example_branch_datetime_operator', 'example_branch_datetime_operator_2', 'example_branch_datetime_operator_3' retrieved from /home/airflow/.local/lib/python3.8/site-packages/airflow/example_dags/example_branch_datetime_operator.py
[2026-09-10T14:31:58.804+0000] {logging_mixin.py:188} INFO - [2026-09-10T14:31:58.804+0000] {dag.py:3047} INFO - Sync 3 DAGs
[2026-09-10T14:31:58.830+0000] {logging_mixin.py:188} INFO - [2026-09-10T14:31:58.830+0000] {dag.py:3834} INFO - Setting next_dagrun for example_branch_datetime_operator to 2026-09-09 00:00:00+00:00, run_after=2026-09-10 00:00:00+00:00
[2026-09-10T14:31:58.836+0000] {logging_mixin.py:188} INFO - [2026-09-10T14:31:58.836+0000] {dag.py:3834} INFO - Setting next_dagrun for example_branch_datetime_operator_2 to 2026-09-09 00:00:00+00:00, run_after=2026-09-10 00:00:00+00:00
[2026-09-10T14:31:58.840+0000] {logging_mixin.py:188} INFO - [2026-09-10T14:31:58.839+0000] {dag.py:3834} INFO - Setting next_dagrun for example_branch_datetime_operator_3 to 2026-09-09 00:00:00+00:00, run_after=2026-09-10 00:00:00+00:00
[2026-09-10T14:31:58.857+0000] {processor.py:183} INFO - Processing /home/airflow/.local/lib/python3.8/site-packages/airflow/example_dags/example_branch_datetime_operator.py took 0.107 seconds
[2026-09-10T14:32:29.313+0000] {processor.py:161} INFO - Started process (PID=824) to work on /home/airflow/.local/lib/python3.8/site-packages/airflow/example_dags/example_branch_datetime_operator.py
[2026-09-10T14:32:29.314+0000] {processor.py:830} INFO - Processing file /home/airflow/.local/lib/python3.8/site-packages/airflow/example_dags/example_branch_datetime_operator.py for tasks to queue
[2026-09-10T14:32:29.317+0000] {logging_mixin.py:188} INFO - [2026-09-10T14:32:29.317+0000] {dagbag.py:540} INFO - Filling up the DagBag from /home/airflow/.local/lib/python3.8/site-packages/airflow/example_dags/example_branch_datetime_operator.py
[2026-09-10T14:32:29.329+0000] {processor.py:840} INFO - DAG(s) 'example_branch_datetime_operator_2', 'example_branch_datetime_operator', 'example_branch_datetime_operator_3' retrieved from /home/airflow/.local/lib/python3.8/site-packages/airflow/example_dags/example_branch_datetime_operator.py
[2026-09-10T14:32:29.370+0000] {logging_mixin.py:188} INFO - [2026-09-10T14:32:29.370+0000] {dag.py:3047} INFO - Sync 3 DAGs
[2026-09-10T14:32:29.412+0000] {logging_mixin.py:188} INFO - [2026-09-10T14:32:29.411+0000] {dag.py:3834} INFO - Setting next_dagrun for example_branch_datetime_operator to 2026-09-09 00:00:00+00:00, run_after=2026-09-10 00:00:00+00:00
[2026-09-10T14:32:29.420+0000] {logging_mixin.py:188} INFO - [2026-09-10T14:32:29.420+0000] {dag.py:3834} INFO - Setting next_dagrun for example_branch_datetime_operator_2 to 2026-09-09 00:00:00+00:00, run_after=2026-09-10 00:00:00+00:00
[2026-09-10T14:32:29.424+0000] {logging_mixin.py:188} INFO - [2026-09-10T14:32:29.423+0000] {dag.py:3834} INFO - Setting next_dagrun for example_branch_datetime_operator_3 to 2026-09-09 00:00:00+00:00, run_after=2026-09-10 00:00:00+00:00
[2026-09-10T14:32:29.444+0000] {processor.py:183} INFO - Processing /home/airflow/.local/lib/python3.8/site-packages/airflow/example_dags/example_branch_datetime_operator.py took 0.135 seconds
[2026-09-10T14:33:00.583+0000] {processor.py:161} INFO - Started process (PID=883) to work on /home/airflow/.local/lib/python3.8/site-packages/airflow/example_dags/example_branch_datetime_operator.py
[2026-09-10T14:33:00.585+0000] {processor.py:830} INFO - Processing file /home/airflow/.local/lib/python3.8/site-packages/airflow/example_dags/example_branch_datetime_operator.py for tasks to queue
[2026-09-10T14:33:00.588+0000] {logging_mixin.py:188} INFO - [2026-09-10T14:33:00.587+0000] {dagbag.py:540} INFO - Filling up the DagBag from /home/airflow/.local/lib/python3.8/site-packages/airflow/example_dags/example_branch_datetime_operator.py
[2026-09-10T14:33:00.600+0000] {processor.py:840} INFO - DAG(s) 'example_branch_datetime_operator_3', 'example_branch_datetime_operator_2', 'example_branch_datetime_operator' retrieved from /home/airflow/.local/lib/python3.8/site-packages/airflow/example_dags/example_branch_datetime_operator.py
[2026-09-10T14:33:00.633+0000] {logging_mixin.py:188} INFO - [2026-09-10T14:33:00.633+0000] {dag.py:3047} INFO - Sync 3 DAGs
[2026-09-10T14:33:00.661+0000] {logging_mixin.py:188} INFO - [2026-09-10T14:33:00.660+0000] {dag.py:3834} INFO - Setting next_dagrun for example_branch_datetime_operator to 2026-09-09 00:00:00+00:00, run_after=2026-09-10 00:00:00+00:00
[2026-09-10T14:33:00.666+0000] {logging_mixin.py:188} INFO - [2026-09-10T14:33:00.666+0000] {dag.py:3834} INFO - Setting next_dagrun for example_branch_datetime_operator_2 to 2026-09-09 00:00:00+00:00, run_after=2026-09-10 00:00:00+00:00
[2026-09-10T14:33:00.669+0000] {logging_mixin.py:188} INFO - [2026-09-10T14:33:00.669+0000] {dag.py:3834} INFO - Setting next_dagrun for example_branch_datetime_operator_3 to 2026-09-09 00:00:00+00:00, run_after=2026-09-10 00:00:00+00:00
[2026-09-10T14:33:00.690+0000] {processor.py:183} INFO - Processing /home/airflow/.local/lib/python3.8/site-packages/airflow/example_dags/example_branch_datetime_operator.py took 0.111 seconds
[2026-09-10T14:33:32.822+0000] {processor.py:161} INFO - Started process (PID=942) to work on /home/airflow/.local/lib/python3.8/site-packages/airflow/example_dags/example_branch_datetime_operator.py
[2026-09-10T14:33:32.825+0000] {processor.py:830} INFO - Processing file /home/airflow/.local/lib/python3.8/site-packages/airflow/example_dags/example_branch_datetime_operator.py for tasks to queue
[2026-09-10T14:33:32.828+0000] {logging_mixin.py:188} INFO - [2026-09-10T14:33:32.827+0000] {dagbag.py:540} INFO - Filling up the DagBag from /home/airflow/.local/lib/python3.8/site-packages/airflow/example_dags/example_branch_datetime_operator.py
[2026-09-10T14:33:32.840+0000] {processor.py:840} INFO - DAG(s) 'example_branch_datetime_operator', 'example_branch_datetime_operator_3', 'example_branch_datetime_operator_2' retrieved from /home/airflow/.local/lib/python3.8/site-packages/airflow/example_dags/example_branch_datetime_operator.py
[2026-09-10T14:33:32.873+0000] {logging_mixin.py:188} INFO - [2026-09-10T14:33:32.873+0000] {dag.py:3047} INFO - Sync 3 DAGs
[2026-09-10T14:33:32.900+0000] {logging_mixin.py:188} INFO - [2026-09-10T14:33:32.899+0000] {dag.py:3834} INFO - Setting next_dagrun for example_branch_datetime_operator to 2026-09-09 00:00:00+00:00, run_after=2026-09-10 00:00:00+00:00
[2026-09-10T14:33:32.906+0000] {logging_mixin.py:188} INFO - [2026-09-10T14:33:32.906+0000] {dag.py:3834} INFO - Setting next_dagrun for example_branch_datetime_operator_2 to 2026-09-09 00:00:00+00:00, run_after=2026-09-10 00:00:00+00:00
[2026-09-10T14:33:32.910+0000] {logging_mixin.py:188} INFO - [2026-09-10T14:33:32.910+0000] {dag.py:3834} INFO - Setting next_dagrun for example_branch_datetime_operator_3 to 2026-09-09 00:00:00+00:00, run_after=2026-09-10 00:00:00+00:00
[2026-09-10T14:33:32.935+0000] {processor.py:183} INFO - Processing /home/airflow/.local/lib/python3.8/site-packages/airflow/example_dags/example_branch_datetime_operator.py took 0.116 seconds
[2026-09-10T14:34:03.060+0000] {processor.py:161} INFO - Started process (PID=1001) to work on /home/airflow/.local/lib/python3.8/site-packages/airflow/example_dags/example_branch_datetime_operator.py
[2026-09-10T14:34:03.061+0000] {processor.py:830} INFO - Processing file /home/airflow/.local/lib/python3.8/site-packages/airflow/example_dags/example_branch_datetime_operator.py for tasks to queue
[2026-09-10T14:34:03.064+0000] {logging_mixin.py:188} INFO - [2026-09-10T14:34:03.063+0000] {dagbag.py:540} INFO - Filling up the DagBag from /home/airflow/.local/lib/python3.8/site-packages/airflow/example_dags/example_branch_datetime_operator.py
[2026-09-10T14:34:03.076+0000] {processor.py:840} INFO - DAG(s) 'example_branch_datetime_operator_3', 'example_branch_datetime_operator', 'example_branch_datetime_operator_2' retrieved from /home/airflow/.local/lib/python3.8/site-packages/airflow/example_dags/example_branch_datetime_operator.py
[2026-09-10T14:34:03.113+0000] {logging_mixin.py:188} INFO - [2026-09-10T14:34:03.113+0000] {dag.py:3047} INFO - Sync 3 DAGs
[2026-09-10T14:34:03.148+0000] {logging_mixin.py:188} INFO - [2026-09-10T14:34:03.148+0000] {dag.py:3834} INFO - Setting next_dagrun for example_branch_datetime_operator to 2026-09-09 00:00:00+00:00, run_after=2026-09-10 00:00:00+00:00
[2026-09-10T14:34:03.154+0000] {logging_mixin.py:188} INFO - [2026-09-10T14:34:03.154+0000] {dag.py:3834} INFO - Setting next_dagrun for example_branch_datetime_operator_2 to 2026-09-09 00:00:00+00:00, run_after=2026-09-10 00:00:00+00:00
[2026-09-10T14:34:03.159+0000] {logging_mixin.py:188} INFO - [2026-09-10T14:34:03.158+0000] {dag.py:3834} INFO - Setting next_dagrun for example_branch_datetime_operator_3 to 2026-09-09 00:00:00+00:00, run_after=2026-09-10 00:00:00+00:00
[2026-09-10T14:34:03.179+0000] {processor.py:183} INFO - Processing /home/airflow/.local/lib/python3.8/site-packages/airflow/example_dags/example_branch_datetime_operator.py took 0.123 seconds
[2026-09-10T14:34:34.453+0000] {processor.py:161} INFO - Started process (PID=1060) to work on /home/airflow/.local/lib/python3.8/site-packages/airflow/example_dags/example_branch_datetime_operator.py
[2026-09-10T14:34:34.456+0000] {processor.py:830} INFO - Processing file /home/airflow/.local/lib/python3.8/site-packages/airflow/example_dags/example_branch_datetime_operator.py for tasks to queue
[2026-09-10T14:34:34.460+0000] {logging_mixin.py:188} INFO - [2026-09-10T14:34:34.459+0000] {dagbag.py:540} INFO - Filling up the DagBag from /home/airflow/.local/lib/python3.8/site-packages/airflow/example_dags/example_branch_datetime_operator.py
[2026-09-10T14:34:34.489+0000] {processor.py:840} INFO - DAG(s) 'example_branch_datetime_operator_3', 'example_branch_datetime_operator', 'example_branch_datetime_operator_2' retrieved from /home/airflow/.local/lib/python3.8/site-packages/airflow/example_dags/example_branch_datetime_operator.py
[2026-09-10T14:34:34.552+0000] {logging_mixin.py:188} INFO - [2026-09-10T14:34:34.551+0000] {dag.py:3047} INFO - Sync 3 DAGs
[2026-09-10T14:34:34.610+0000] {logging_mixin.py:188} INFO - [2026-09-10T14:34:34.610+0000] {dag.py:3834} INFO - Setting next_dagrun for example_branch_datetime_operator to 2026-09-09 00:00:00+00:00, run_after=2026-09-10 00:00:00+00:00
[2026-09-10T14:34:34.626+0000] {logging_mixin.py:188} INFO - [2026-09-10T14:34:34.625+0000] {dag.py:3834} INFO - Setting next_dagrun for example_branch_datetime_operator_2 to 2026-09-09 00:00:00+00:00, run_after=2026-09-10 00:00:00+00:00
[2026-09-10T14:34:34.633+0000] {logging_mixin.py:188} INFO - [2026-09-10T14:34:34.632+0000] {dag.py:3834} INFO - Setting next_dagrun for example_branch_datetime_operator_3 to 2026-09-09 00:00:00+00:00, run_after=2026-09-10 00:00:00+00:00
[2026-09-10T14:34:34.667+0000] {processor.py:183} INFO - Processing /home/airflow/.local/lib/python3.8/site-packages/airflow/example_dags/example_branch_datetime_operator.py took 0.218 seconds
[2026-09-10T14:35:05.388+0000] {processor.py:161} INFO - Started process (PID=1120) to work on /home/airflow/.local/lib/python3.8/site-packages/airflow/example_dags/example_branch_datetime_operator.py
[2026-09-10T14:35:05.391+0000] {processor.py:830} INFO - Processing file /home/airflow/.local/lib/python3.8/site-packages/airflow/example_dags/example_branch_datetime_operator.py for tasks to queue
[2026-09-10T14:35:05.401+0000] {logging_mixin.py:188} INFO - [2026-09-10T14:35:05.397+0000] {dagbag.py:540} INFO - Filling up the DagBag from /home/airflow/.local/lib/python3.8/site-packages/airflow/example_dags/example_branch_datetime_operator.py
[2026-09-10T14:35:05.440+0000] {processor.py:840} INFO - DAG(s) 'example_branch_datetime_operator', 'example_branch_datetime_operator_3', 'example_branch_datetime_operator_2' retrieved from /home/airflow/.local/lib/python3.8/site-packages/airflow/example_dags/example_branch_datetime_operator.py
[2026-09-10T14:35:05.552+0000] {logging_mixin.py:188} INFO - [2026-09-10T14:35:05.551+0000] {dag.py:3047} INFO - Sync 3 DAGs
[2026-09-10T14:35:05.652+0000] {logging_mixin.py:188} INFO - [2026-09-10T14:35:05.652+0000] {dag.py:3834} INFO - Setting next_dagrun for example_branch_datetime_operator to 2026-09-09 00:00:00+00:00, run_after=2026-09-10 00:00:00+00:00
[2026-09-10T14:35:05.677+0000] {logging_mixin.py:188} INFO - [2026-09-10T14:35:05.677+0000] {dag.py:3834} INFO - Setting next_dagrun for example_branch_datetime_operator_2 to 2026-09-09 00:00:00+00:00, run_after=2026-09-10 00:00:00+00:00
[2026-09-10T14:35:05.688+0000] {logging_mixin.py:188} INFO - [2026-09-10T14:35:05.687+0000] {dag.py:3834} INFO - Setting next_dagrun for example_branch_datetime_operator_3 to 2026-09-09 00:00:00+00:00, run_after=2026-09-10 00:00:00+00:00
[2026-09-10T14:35:05.775+0000] {processor.py:183} INFO - Processing /home/airflow/.local/lib/python3.8/site-packages/airflow/example_dags/example_branch_datetime_operator.py took 0.393 seconds
[2026-09-10T14:35:36.674+0000] {processor.py:161} INFO - Started process (PID=1179) to work on /home/airflow/.local/lib/python3.8/site-packages/airflow/example_dags/example_branch_datetime_operator.py
[2026-09-10T14:35:36.675+0000] {processor.py:830} INFO - Processing file /home/airflow/.local/lib/python3.8/site-packages/airflow/example_dags/example_branch_datetime_operator.py for tasks to queue
[2026-09-10T14:35:36.679+0000] {logging_mixin.py:188} INFO - [2026-09-10T14:35:36.678+0000] {dagbag.py:540} INFO - Filling up the DagBag from /home/airflow/.local/lib/python3.8/site-packages/airflow/example_dags/example_branch_datetime_operator.py
[2026-09-10T14:35:36.694+0000] {processor.py:840} INFO - DAG(s) 'example_branch_datetime_operator_3', 'example_branch_datetime_operator_2', 'example_branch_datetime_operator' retrieved from /home/airflow/.local/lib/python3.8/site-packages/airflow/example_dags/example_branch_datetime_operator.py
[2026-09-10T14:35:36.743+0000] {logging_mixin.py:188} INFO - [2026-09-10T14:35:36.742+0000] {dag.py:3047} INFO - Sync 3 DAGs
[2026-09-10T14:35:36.783+0000] {logging_mixin.py:188} INFO - [2026-09-10T14:35:36.783+0000] {dag.py:3834} INFO - Setting next_dagrun for example_branch_datetime_operator to 2026-09-09 00:00:00+00:00, run_after=2026-09-10 00:00:00+00:00
[2026-09-10T14:35:36.791+0000] {logging_mixin.py:188} INFO - [2026-09-10T14:35:36.791+0000] {dag.py:3834} INFO - Setting next_dagrun for example_branch_datetime_operator_2 to 2026-09-09 00:00:00+00:00, run_after=2026-09-10 00:00:00+00:00
[2026-09-10T14:35:36.795+0000] {logging_mixin.py:188} INFO - [2026-09-10T14:35:36.795+0000] {dag.py:3834} INFO - Setting next_dagrun for example_branch_datetime_operator_3 to 2026-09-09 00:00:00+00:00, run_after=2026-09-10 00:00:00+00:00
[2026-09-10T14:35:36.825+0000] {processor.py:183} INFO - Processing /home/airflow/.local/lib/python3.8/site-packages/airflow/example_dags/example_branch_datetime_operator.py took 0.157 seconds
[2026-09-10T14:36:07.146+0000] {processor.py:161} INFO - Started process (PID=1239) to work on /home/airflow/.local/lib/python3.8/site-packages/airflow/example_dags/example_branch_datetime_operator.py
[2026-09-10T14:36:07.149+0000] {processor.py:830} INFO - Processing file /home/airflow/.local/lib/python3.8/site-packages/airflow/example_dags/example_branch_datetime_operator.py for tasks to queue
[2026-09-10T14:36:07.154+0000] {logging_mixin.py:188} INFO - [2026-09-10T14:36:07.153+0000] {dagbag.py:540} INFO - Filling up the DagBag from /home/airflow/.local/lib/python3.8/site-packages/airflow/example_dags/example_branch_datetime_operator.py
[2026-09-10T14:36:07.193+0000] {processor.py:840} INFO - DAG(s) 'example_branch_datetime_operator_3', 'example_branch_datetime_operator_2', 'example_branch_datetime_operator' retrieved from /home/airflow/.local/lib/python3.8/site-packages/airflow/example_dags/example_branch_datetime_operator.py
[2026-09-10T14:36:07.242+0000] {logging_mixin.py:188} INFO - [2026-09-10T14:36:07.242+0000] {dag.py:3047} INFO - Sync 3 DAGs
[2026-09-10T14:36:07.275+0000] {logging_mixin.py:188} INFO - [2026-09-10T14:36:07.275+0000] {dag.py:3834} INFO - Setting next_dagrun for example_branch_datetime_operator to 2026-09-09 00:00:00+00:00, run_after=2026-09-10 00:00:00+00:00
[2026-09-10T14:36:07.284+0000] {logging_mixin.py:188} INFO - [2026-09-10T14:36:07.284+0000] {dag.py:3834} INFO - Setting next_dagrun for example_branch_datetime_operator_2 to 2026-09-09 00:00:00+00:00, run_after=2026-09-10 00:00:00+00:00
[2026-09-10T14:36:07.288+0000] {logging_mixin.py:188} INFO - [2026-09-10T14:36:07.288+0000] {dag.py:3834} INFO - Setting next_dagrun for example_branch_datetime_operator_3 to 2026-09-09 00:00:00+00:00, run_after=2026-09-10 00:00:00+00:00
[2026-09-10T14:36:07.309+0000] {processor.py:183} INFO - Processing /home/airflow/.local/lib/python3.8/site-packages/airflow/example_dags/example_branch_datetime_operator.py took 0.168 seconds
[2026-09-10T14:36:38.554+0000] {processor.py:161} INFO - Started process (PID=1299) to work on /home/airflow/.local/lib/python3.8/site-packages/airflow/example_dags/example_branch_datetime_operator.py
[2026-09-10T14:36:38.555+0000] {processor.py:830} INFO - Processing file /home/airflow/.local/lib/python3.8/site-packages/airflow/example_dags/example_branch_datetime_operator.py for tasks to queue
[2026-09-10T14:36:38.558+0000] {logging_mixin.py:188} INFO - [2026-09-10T14:36:38.557+0000] {dagbag.py:540} INFO - Filling up the DagBag from /home/airflow/.local/lib/python3.8/site-packages/airflow/example_dags/example_branch_datetime_operator.py
[2026-09-10T14:36:38.569+0000] {processor.py:840} INFO - DAG(s) 'example_branch_datetime_operator_3', 'example_branch_datetime_operator_2', 'example_branch_datetime_operator' retrieved from /home/airflow/.local/lib/python3.8/site-packages/airflow/example_dags/example_branch_datetime_operator.py
[2026-09-10T14:36:38.609+0000] {logging_mixin.py:188} INFO - [2026-09-10T14:36:38.609+0000] {dag.py:3047} INFO - Sync 3 DAGs
[2026-09-10T14:36:38.642+0000] {logging_mixin.py:188} INFO - [2026-09-10T14:36:38.642+0000] {dag.py:3834} INFO - Setting next_dagrun for example_branch_datetime_operator to 2026-09-09 00:00:00+00:00, run_after=2026-09-10 00:00:00+00:00
[2026-09-10T14:36:38.650+0000] {logging_mixin.py:188} INFO - [2026-09-10T14:36:38.650+0000] {dag.py:3834} INFO - Setting next_dagrun for example_branch_datetime_operator_2 to 2026-09-09 00:00:00+00:00, run_after=2026-09-10 00:00:00+00:00
[2026-09-10T14:36:38.655+0000] {logging_mixin.py:188} INFO - [2026-09-10T14:36:38.655+0000] {dag.py:3834} INFO - Setting next_dagrun for example_branch_datetime_operator_3 to 2026-09-09 00:00:00+00:00, run_after=2026-09-10 00:00:00+00:00
[2026-09-10T14:36:38.681+0000] {processor.py:183} INFO - Processing /home/airflow/.local/lib/python3.8/site-packages/airflow/example_dags/example_branch_datetime_operator.py took 0.132 seconds
[2026-09-10T14:37:08.865+0000] {processor.py:161} INFO - Started process (PID=1358) to work on /home/airflow/.local/lib/python3.8/site-packages/airflow/example_dags/example_branch_datetime_operator.py
[2026-09-10T14:37:08.866+0000] {processor.py:830} INFO - Processing file /home/airflow/.local/lib/python3.8/site-packages/airflow/example_dags/example_branch_datetime_operator.py for tasks to queue
[2026-09-10T14:37:08.869+0000] {logging_mixin.py:188} INFO - [2026-09-10T14:37:08.869+0000] {dagbag.py:540} INFO - Filling up the DagBag from /home/airflow/.local/lib/python3.8/site-packages/airflow/example_dags/example_branch_datetime_operator.py
[2026-09-10T14:37:08.883+0000] {processor.py:840} INFO - DAG(s) 'example_branch_datetime_operator', 'example_branch_datetime_operator_3', 'example_branch_datetime_operator_2' retrieved from /home/airflow/.local/lib/python3.8/site-packages/airflow/example_dags/example_branch_datetime_operator.py
[2026-09-10T14:37:08.922+0000] {logging_mixin.py:188} INFO - [2026-09-10T14:37:08.922+0000] {dag.py:3047} INFO - Sync 3 DAGs
[2026-09-10T14:37:08.959+0000] {logging_mixin.py:188} INFO - [2026-09-10T14:37:08.958+0000] {dag.py:3834} INFO - Setting next_dagrun for example_branch_datetime_operator to 2026-09-09 00:00:00+00:00, run_after=2026-09-10 00:00:00+00:00
[2026-09-10T14:37:08.965+0000] {logging_mixin.py:188} INFO - [2026-09-10T14:37:08.965+0000] {dag.py:3834} INFO - Setting next_dagrun for example_branch_datetime_operator_2 to 2026-09-09 00:00:00+00:00, run_after=2026-09-10 00:00:00+00:00
[2026-09-10T14:37:08.969+0000] {logging_mixin.py:188} INFO - [2026-09-10T14:37:08.968+0000] {dag.py:3834} INFO - Setting next_dagrun for example_branch_datetime_operator_3 to 2026-09-09 00:00:00+00:00, run_after=2026-09-10 00:00:00+00:00
[2026-09-10T14:37:08.994+0000] {processor.py:183} INFO - Processing /home/airflow/.local/lib/python3.8/site-packages/airflow/example_dags/example_branch_datetime_operator.py took 0.133 seconds
[2026-09-10T14:37:39.827+0000] {processor.py:161} INFO - Started process (PID=1417) to work on /home/airflow/.local/lib/python3.8/site-packages/airflow/example_dags/example_branch_datetime_operator.py
[2026-09-10T14:37:39.828+0000] {processor.py:830} INFO - Processing file /home/airflow/.local/lib/python3.8/site-packages/airflow/example_dags/example_branch_datetime_operator.py for tasks to queue
[2026-09-10T14:37:39.831+0000] {logging_mixin.py:188} INFO - [2026-09-10T14:37:39.830+0000] {dagbag.py:540} INFO - Filling up the DagBag from /home/airflow/.local/lib/python3.8/site-packages/airflow/example_dags/example_branch_datetime_operator.py
[2026-09-10T14:37:39.846+0000] {processor.py:840} INFO - DAG(s) 'example_branch_datetime_operator_2', 'example_branch_datetime_operator', 'example_branch_datetime_operator_3' retrieved from /home/airflow/.local/lib/python3.8/site-packages/airflow/example_dags/example_branch_datetime_operator.py
[2026-09-10T14:37:39.896+0000] {logging_mixin.py:188} INFO - [2026-09-10T14:37:39.896+0000] {dag.py:3047} INFO - Sync 3 DAGs
[2026-09-10T14:37:39.926+0000] {logging_mixin.py:188} INFO - [2026-09-10T14:37:39.926+0000] {dag.py:3834} INFO - Setting next_dagrun for example_branch_datetime_operator to 2026-09-09 00:00:00+00:00, run_after=2026-09-10 00:00:00+00:00
[2026-09-10T14:37:39.933+0000] {logging_mixin.py:188} INFO - [2026-09-10T14:37:39.933+0000] {dag.py:3834} INFO - Setting next_dagrun for example_branch_datetime_operator_2 to 2026-09-09 00:00:00+00:00, run_after=2026-09-10 00:00:00+00:00
[2026-09-10T14:37:39.937+0000] {logging_mixin.py:188} INFO - [2026-09-10T14:37:39.936+0000] {dag.py:3834} INFO - Setting next_dagrun for example_branch_datetime_operator_3 to 2026-09-09 00:00:00+00:00, run_after=2026-09-10 00:00:00+00:00
[2026-09-10T14:37:39.958+0000] {processor.py:183} INFO - Processing /home/airflow/.local/lib/python3.8/site-packages/airflow/example_dags/example_branch_datetime_operator.py took 0.136 seconds
[2026-09-10T14:38:11.758+0000] {processor.py:161} INFO - Started process (PID=1476) to work on /home/airflow/.local/lib/python3.8/site-packages/airflow/example_dags/example_branch_datetime_operator.py
[2026-09-10T14:38:11.759+0000] {processor.py:830} INFO - Processing file /home/airflow/.local/lib/python3.8/site-packages/airflow/example_dags/example_branch_datetime_operator.py for tasks to queue
[2026-09-10T14:38:11.762+0000] {logging_mixin.py:188} INFO - [2026-09-10T14:38:11.762+0000] {dagbag.py:540} INFO - Filling up the DagBag from /home/airflow/.local/lib/python3.8/site-packages/airflow/example_dags/example_branch_datetime_operator.py
[2026-09-10T14:38:11.776+0000] {processor.py:840} INFO - DAG(s) 'example_branch_datetime_operator', 'example_branch_datetime_operator_2', 'example_branch_datetime_operator_3' retrieved from /home/airflow/.local/lib/python3.8/site-packages/airflow/example_dags/example_branch_datetime_operator.py
[2026-09-10T14:38:11.829+0000] {logging_mixin.py:188} INFO - [2026-09-10T14:38:11.829+0000] {dag.py:3047} INFO - Sync 3 DAGs
[2026-09-10T14:38:11.878+0000] {logging_mixin.py:188} INFO - [2026-09-10T14:38:11.877+0000] {dag.py:3834} INFO - Setting next_dagrun for example_branch_datetime_operator to 2026-09-09 00:00:00+00:00, run_after=2026-09-10 00:00:00+00:00
[2026-09-10T14:38:11.887+0000] {logging_mixin.py:188} INFO - [2026-09-10T14:38:11.886+0000] {dag.py:3834} INFO - Setting next_dagrun for example_branch_datetime_operator_2 to 2026-09-09 00:00:00+00:00, run_after=2026-09-10 00:00:00+00:00
[2026-09-10T14:38:11.891+0000] {logging_mixin.py:188} INFO - [2026-09-10T14:38:11.890+0000] {dag.py:3834} INFO - Setting next_dagrun for example_branch_datetime_operator_3 to 2026-09-09 00:00:00+00:00, run_after=2026-09-10 00:00:00+00:00
[2026-09-10T14:38:11.915+0000] {processor.py:183} INFO - Processing /home/airflow/.local/lib/python3.8/site-packages/airflow/example_dags/example_branch_datetime_operator.py took 0.164 seconds
[2026-09-10T14:38:43.294+0000] {processor.py:161} INFO - Started process (PID=1535) to work on /home/airflow/.local/lib/python3.8/site-packages/airflow/example_dags/example_branch_datetime_operator.py
[2026-09-10T14:38:43.296+0000] {processor.py:830} INFO - Processing file /home/airflow/.local/lib/python3.8/site-packages/airflow/example_dags/example_branch_datetime_operator.py for tasks to queue
[2026-09-10T14:38:43.298+0000] {logging_mixin.py:188} INFO - [2026-09-10T14:38:43.298+0000] {dagbag.py:540} INFO - Filling up the DagBag from /home/airflow/.local/lib/python3.8/site-packages/airflow/example_dags/example_branch_datetime_operator.py
[2026-09-10T14:38:43.320+0000] {processor.py:840} INFO - DAG(s) 'example_branch_datetime_operator_2', 'example_branch_datetime_operator_3', 'example_branch_datetime_operator' retrieved from /home/airflow/.local/lib/python3.8/site-packages/airflow/example_dags/example_branch_datetime_operator.py
[2026-09-10T14:38:43.387+0000] {logging_mixin.py:188} INFO - [2026-09-10T14:38:43.386+0000] {dag.py:3047} INFO - Sync 3 DAGs
[2026-09-10T14:38:43.455+0000] {logging_mixin.py:188} INFO - [2026-09-10T14:38:43.454+0000] {dag.py:3834} INFO - Setting next_dagrun for example_branch_datetime_operator to 2026-09-09 00:00:00+00:00, run_after=2026-09-10 00:00:00+00:00
[2026-09-10T14:38:43.465+0000] {logging_mixin.py:188} INFO - [2026-09-10T14:38:43.464+0000] {dag.py:3834} INFO - Setting next_dagrun for example_branch_datetime_operator_2 to 2026-09-09 00:00:00+00:00, run_after=2026-09-10 00:00:00+00:00
[2026-09-10T14:38:43.472+0000] {logging_mixin.py:188} INFO - [2026-09-10T14:38:43.472+0000] {dag.py:3834} INFO - Setting next_dagrun for example_branch_datetime_operator_3 to 2026-09-09 00:00:00+00:00, run_after=2026-09-10 00:00:00+00:00
[2026-09-10T14:38:43.499+0000] {processor.py:183} INFO - Processing /home/airflow/.local/lib/python3.8/site-packages/airflow/example_dags/example_branch_datetime_operator.py took 0.209 seconds
[2026-09-10T14:39:13.877+0000] {processor.py:161} INFO - Started process (PID=1594) to work on /home/airflow/.local/lib/python3.8/site-packages/airflow/example_dags/example_branch_datetime_operator.py
[2026-09-10T14:39:13.879+0000] {processor.py:830} INFO - Processing file /home/airflow/.local/lib/python3.8/site-packages/airflow/example_dags/example_branch_datetime_operator.py for tasks to queue
[2026-09-10T14:39:13.884+0000] {logging_mixin.py:188} INFO - [2026-09-10T14:39:13.883+0000] {dagbag.py:540} INFO - Filling up the DagBag from /home/airflow/.local/lib/python3.8/site-packages/airflow/example_dags/example_branch_datetime_operator.py
[2026-09-10T14:39:13.896+0000] {processor.py:840} INFO - DAG(s) 'example_branch_datetime_operator', 'example_branch_datetime_operator_2', 'example_branch_datetime_operator_3' retrieved from /home/airflow/.local/lib/python3.8/site-packages/airflow/example_dags/example_branch_datetime_operator.py
[2026-09-10T14:39:13.947+0000] {logging_mixin.py:188} INFO - [2026-09-10T14:39:13.947+0000] {dag.py:3047} INFO - Sync 3 DAGs
[2026-09-10T14:39:14.009+0000] {logging_mixin.py:188} INFO - [2026-09-10T14:39:14.009+0000] {dag.py:3834} INFO - Setting next_dagrun for example_branch_datetime_operator to 2026-09-09 00:00:00+00:00, run_after=2026-09-10 00:00:00+00:00
[2026-09-10T14:39:14.022+0000] {logging_mixin.py:188} INFO - [2026-09-10T14:39:14.021+0000] {dag.py:3834} INFO - Setting next_dagrun for example_branch_datetime_operator_2 to 2026-09-09 00:00:00+00:00, run_after=2026-09-10 00:00:00+00:00
[2026-09-10T14:39:14.026+0000] {logging_mixin.py:188} INFO - [2026-09-10T14:39:14.026+0000] {dag.py:3834} INFO - Setting next_dagrun for example_branch_datetime_operator_3 to 2026-09-09 00:00:00+00:00, run_after=2026-09-10 00:00:00+00:00
[2026-09-10T14:39:14.058+0000] {processor.py:183} INFO - Processing /home/airflow/.local/lib/python3.8/site-packages/airflow/example_dags/example_branch_datetime_operator.py took 0.185 seconds
[2026-09-10T14:39:45.383+0000] {processor.py:161} INFO - Started process (PID=1653) to work on /home/airflow/.local/lib/python3.8/site-packages/airflow/example_dags/example_branch_datetime_operator.py
[2026-09-10T14:39:45.385+0000] {processor.py:830} INFO - Processing file /home/airflow/.local/lib/python3.8/site-packages/airflow/example_dags/example_branch_datetime_operator.py for tasks to queue
[2026-09-10T14:39:45.389+0000] {logging_mixin.py:188} INFO - [2026-09-10T14:39:45.388+0000] {dagbag.py:540} INFO - Filling up the DagBag from /home/airflow/.local/lib/python3.8/site-packages/airflow/example_dags/example_branch_datetime_operator.py
[2026-09-10T14:39:45.407+0000] {processor.py:840} INFO - DAG(s) 'example_branch_datetime_operator', 'example_branch_datetime_operator_3', 'example_branch_datetime_operator_2' retrieved from /home/airflow/.local/lib/python3.8/site-packages/airflow/example_dags/example_branch_datetime_operator.py
[2026-09-10T14:39:45.455+0000] {logging_mixin.py:188} INFO - [2026-09-10T14:39:45.455+0000] {dag.py:3047} INFO - Sync 3 DAGs
[2026-09-10T14:39:45.496+0000] {logging_mixin.py:188} INFO - [2026-09-10T14:39:45.495+0000] {dag.py:3834} INFO - Setting next_dagrun for example_branch_datetime_operator to 2026-09-09 00:00:00+00:00, run_after=2026-09-10 00:00:00+00:00
[2026-09-10T14:39:45.503+0000] {logging_mixin.py:188} INFO - [2026-09-10T14:39:45.503+0000] {dag.py:3834} INFO - Setting next_dagrun for example_branch_datetime_operator_2 to 2026-09-09 00:00:00+00:00, run_after=2026-09-10 00:00:00+00:00
[2026-09-10T14:39:45.507+0000] {logging_mixin.py:188} INFO - [2026-09-10T14:39:45.507+0000] {dag.py:3834} INFO - Setting next_dagrun for example_branch_datetime_operator_3 to 2026-09-09 00:00:00+00:00, run_after=2026-09-10 00:00:00+00:00
[2026-09-10T14:39:45.536+0000] {processor.py:183} INFO - Processing /home/airflow/.local/lib/python3.8/site-packages/airflow/example_dags/example_branch_datetime_operator.py took 0.158 seconds
[2026-09-10T14:40:16.722+0000] {processor.py:161} INFO - Started process (PID=1712) to work on /home/airflow/.local/lib/python3.8/site-packages/airflow/example_dags/example_branch_datetime_operator.py
[2026-09-10T14:40:16.725+0000] {processor.py:830} INFO - Processing file /home/airflow/.local/lib/python3.8/site-packages/airflow/example_dags/example_branch_datetime_operator.py for tasks to queue
[2026-09-10T14:40:16.730+0000] {logging_mixin.py:188} INFO - [2026-09-10T14:40:16.729+0000] {dagbag.py:540} INFO - Filling up the DagBag from /home/airflow/.local/lib/python3.8/site-packages/airflow/example_dags/example_branch_datetime_operator.py
[2026-09-10T14:40:16.763+0000] {processor.py:840} INFO - DAG(s) 'example_branch_datetime_operator_2', 'example_branch_datetime_operator_3', 'example_branch_datetime_operator' retrieved from /home/airflow/.local/lib/python3.8/site-packages/airflow/example_dags/example_branch_datetime_operator.py
[2026-09-10T14:40:16.818+0000] {logging_mixin.py:188} INFO - [2026-09-10T14:40:16.818+0000] {dag.py:3047} INFO - Sync 3 DAGs
[2026-09-10T14:40:16.847+0000] {logging_mixin.py:188} INFO - [2026-09-10T14:40:16.847+0000] {dag.py:3834} INFO - Setting next_dagrun for example_branch_datetime_operator to 2026-09-09 00:00:00+00:00, run_after=2026-09-10 00:00:00+00:00
[2026-09-10T14:40:16.854+0000] {logging_mixin.py:188} INFO - [2026-09-10T14:40:16.854+0000] {dag.py:3834} INFO - Setting next_dagrun for example_branch_datetime_operator_2 to 2026-09-09 00:00:00+00:00, run_after=2026-09-10 00:00:00+00:00
[2026-09-10T14:40:16.857+0000] {logging_mixin.py:188} INFO - [2026-09-10T14:40:16.857+0000] {dag.py:3834} INFO - Setting next_dagrun for example_branch_datetime_operator_3 to 2026-09-09 00:00:00+00:00, run_after=2026-09-10 00:00:00+00:00
[2026-09-10T14:40:16.875+0000] {processor.py:183} INFO - Processing /home/airflow/.local/lib/python3.8/site-packages/airflow/example_dags/example_branch_datetime_operator.py took 0.162 seconds
