[2026-09-08T13:44:49.433+0000] {processor.py:161} INFO - Started process (PID=109) to work on /home/airflow/.local/lib/python3.8/site-packages/airflow/example_dags/example_local_kubernetes_executor.py
[2026-09-08T13:44:49.436+0000] {processor.py:830} INFO - Processing file /home/airflow/.local/lib/python3.8/site-packages/airflow/example_dags/example_local_kubernetes_executor.py for tasks to queue
[2026-09-08T13:44:49.445+0000] {logging_mixin.py:188} INFO - [2026-09-08T13:44:49.445+0000] {dagbag.py:540} INFO - Filling up the DagBag from /home/airflow/.local/lib/python3.8/site-packages/airflow/example_dags/example_local_kubernetes_executor.py
[2026-09-08T13:44:49.492+0000] {processor.py:840} INFO - DAG(s) 'example_local_kubernetes_executor' retrieved from /home/airflow/.local/lib/python3.8/site-packages/airflow/example_dags/example_local_kubernetes_executor.py
[2026-09-08T13:44:49.554+0000] {logging_mixin.py:188} INFO - [2026-09-08T13:44:49.554+0000] {dag.py:3047} INFO - Sync 1 DAGs
[2026-09-08T13:44:49.615+0000] {logging_mixin.py:188} INFO - [2026-09-08T13:44:49.615+0000] {dag.py:3834} INFO - Setting next_dagrun for example_local_kubernetes_executor to None, run_after=None
[2026-09-08T13:44:49.687+0000] {processor.py:183} INFO - Processing /home/airflow/.local/lib/python3.8/site-packages/airflow/example_dags/example_local_kubernetes_executor.py took 0.270 seconds
[2026-09-08T13:45:20.727+0000] {processor.py:161} INFO - Started process (PID=166) to work on /home/airflow/.local/lib/python3.8/site-packages/airflow/example_dags/example_local_kubernetes_executor.py
[2026-09-08T13:45:20.730+0000] {processor.py:830} INFO - Processing file /home/airflow/.local/lib/python3.8/site-packages/airflow/example_dags/example_local_kubernetes_executor.py for tasks to queue
[2026-09-08T13:45:20.733+0000] {logging_mixin.py:188} INFO - [2026-09-08T13:45:20.733+0000] {dagbag.py:540} INFO - Filling up the DagBag from /home/airflow/.local/lib/python3.8/site-packages/airflow/example_dags/example_local_kubernetes_executor.py
[2026-09-08T13:45:20.750+0000] {processor.py:840} INFO - DAG(s) 'example_local_kubernetes_executor' retrieved from /home/airflow/.local/lib/python3.8/site-packages/airflow/example_dags/example_local_kubernetes_executor.py
[2026-09-08T13:45:20.960+0000] {logging_mixin.py:188} INFO - [2026-09-08T13:45:20.959+0000] {dag.py:3047} INFO - Sync 1 DAGs
[2026-09-08T13:45:20.982+0000] {logging_mixin.py:188} INFO - [2026-09-08T13:45:20.982+0000] {dag.py:3834} INFO - Setting next_dagrun for example_local_kubernetes_executor to None, run_after=None
[2026-09-08T13:45:21.021+0000] {processor.py:183} INFO - Processing /home/airflow/.local/lib/python3.8/site-packages/airflow/example_dags/example_local_kubernetes_executor.py took 0.301 seconds
[2026-09-08T13:45:51.166+0000] {processor.py:161} INFO - Started process (PID=223) to work on /home/airflow/.local/lib/python3.8/site-packages/airflow/example_dags/example_local_kubernetes_executor.py
[2026-09-08T13:45:51.167+0000] {processor.py:830} INFO - Processing file /home/airflow/.local/lib/python3.8/site-packages/airflow/example_dags/example_local_kubernetes_executor.py for tasks to queue
[2026-09-08T13:45:51.170+0000] {logging_mixin.py:188} INFO - [2026-09-08T13:45:51.170+0000] {dagbag.py:540} INFO - Filling up the DagBag from /home/airflow/.local/lib/python3.8/site-packages/airflow/example_dags/example_local_kubernetes_executor.py
[2026-09-08T13:45:51.188+0000] {processor.py:840} INFO - DAG(s) 'example_local_kubernetes_executor' retrieved from /home/airflow/.local/lib/python3.8/site-packages/airflow/example_dags/example_local_kubernetes_executor.py
[2026-09-08T13:45:51.261+0000] {logging_mixin.py:188} INFO - [2026-09-08T13:45:51.261+0000] {dag.py:3047} INFO - Sync 1 DAGs
[2026-09-08T13:45:51.287+0000] {logging_mixin.py:188} INFO - [2026-09-08T13:45:51.287+0000] {dag.py:3834} INFO - Setting next_dagrun for example_local_kubernetes_executor to None, run_after=None
[2026-09-08T13:45:51.327+0000] {processor.py:183} INFO - Processing /home/airflow/.local/lib/python3.8/site-packages/airflow/example_dags/example_local_kubernetes_executor.py took 0.166 seconds
[2026-09-08T13:46:22.934+0000] {processor.py:161} INFO - Started process (PID=285) to work on /home/airflow/.local/lib/python3.8/site-packages/airflow/example_dags/example_local_kubernetes_executor.py
[2026-09-08T13:46:22.936+0000] {processor.py:830} INFO - Processing file /home/airflow/.local/lib/python3.8/site-packages/airflow/example_dags/example_local_kubernetes_executor.py for tasks to queue
[2026-09-08T13:46:22.941+0000] {logging_mixin.py:188} INFO - [2026-09-08T13:46:22.940+0000] {dagbag.py:540} INFO - Filling up the DagBag from /home/airflow/.local/lib/python3.8/site-packages/airflow/example_dags/example_local_kubernetes_executor.py
[2026-09-08T13:46:22.952+0000] {processor.py:840} INFO - DAG(s) 'example_local_kubernetes_executor' retrieved from /home/airflow/.local/lib/python3.8/site-packages/airflow/example_dags/example_local_kubernetes_executor.py
[2026-09-08T13:46:23.018+0000] {logging_mixin.py:188} INFO - [2026-09-08T13:46:23.018+0000] {dag.py:3047} INFO - Sync 1 DAGs
[2026-09-08T13:46:23.042+0000] {logging_mixin.py:188} INFO - [2026-09-08T13:46:23.042+0000] {dag.py:3834} INFO - Setting next_dagrun for example_local_kubernetes_executor to None, run_after=None
[2026-09-08T13:46:23.077+0000] {processor.py:183} INFO - Processing /home/airflow/.local/lib/python3.8/site-packages/airflow/example_dags/example_local_kubernetes_executor.py took 0.154 seconds
[2026-09-08T13:46:53.287+0000] {processor.py:161} INFO - Started process (PID=342) to work on /home/airflow/.local/lib/python3.8/site-packages/airflow/example_dags/example_local_kubernetes_executor.py
[2026-09-08T13:46:53.289+0000] {processor.py:830} INFO - Processing file /home/airflow/.local/lib/python3.8/site-packages/airflow/example_dags/example_local_kubernetes_executor.py for tasks to queue
[2026-09-08T13:46:53.291+0000] {logging_mixin.py:188} INFO - [2026-09-08T13:46:53.291+0000] {dagbag.py:540} INFO - Filling up the DagBag from /home/airflow/.local/lib/python3.8/site-packages/airflow/example_dags/example_local_kubernetes_executor.py
[2026-09-08T13:46:53.301+0000] {processor.py:840} INFO - DAG(s) 'example_local_kubernetes_executor' retrieved from /home/airflow/.local/lib/python3.8/site-packages/airflow/example_dags/example_local_kubernetes_executor.py
[2026-09-08T13:46:53.343+0000] {logging_mixin.py:188} INFO - [2026-09-08T13:46:53.343+0000] {dag.py:3047} INFO - Sync 1 DAGs
[2026-09-08T13:46:53.357+0000] {logging_mixin.py:188} INFO - [2026-09-08T13:46:53.357+0000] {dag.py:3834} INFO - Setting next_dagrun for example_local_kubernetes_executor to None, run_after=None
[2026-09-08T13:46:53.384+0000] {processor.py:183} INFO - Processing /home/airflow/.local/lib/python3.8/site-packages/airflow/example_dags/example_local_kubernetes_executor.py took 0.101 seconds
[2026-09-08T13:47:24.099+0000] {processor.py:161} INFO - Started process (PID=403) to work on /home/airflow/.local/lib/python3.8/site-packages/airflow/example_dags/example_local_kubernetes_executor.py
[2026-09-08T13:47:24.101+0000] {processor.py:830} INFO - Processing file /home/airflow/.local/lib/python3.8/site-packages/airflow/example_dags/example_local_kubernetes_executor.py for tasks to queue
[2026-09-08T13:47:24.104+0000] {logging_mixin.py:188} INFO - [2026-09-08T13:47:24.103+0000] {dagbag.py:540} INFO - Filling up the DagBag from /home/airflow/.local/lib/python3.8/site-packages/airflow/example_dags/example_local_kubernetes_executor.py
[2026-09-08T13:47:24.114+0000] {processor.py:840} INFO - DAG(s) 'example_local_kubernetes_executor' retrieved from /home/airflow/.local/lib/python3.8/site-packages/airflow/example_dags/example_local_kubernetes_executor.py
[2026-09-08T13:47:24.165+0000] {logging_mixin.py:188} INFO - [2026-09-08T13:47:24.165+0000] {dag.py:3047} INFO - Sync 1 DAGs
[2026-09-08T13:47:24.184+0000] {logging_mixin.py:188} INFO - [2026-09-08T13:47:24.184+0000] {dag.py:3834} INFO - Setting next_dagrun for example_local_kubernetes_executor to None, run_after=None
[2026-09-08T13:47:24.208+0000] {processor.py:183} INFO - Processing /home/airflow/.local/lib/python3.8/site-packages/airflow/example_dags/example_local_kubernetes_executor.py took 0.114 seconds
[2026-09-08T13:47:54.680+0000] {processor.py:161} INFO - Started process (PID=460) to work on /home/airflow/.local/lib/python3.8/site-packages/airflow/example_dags/example_local_kubernetes_executor.py
[2026-09-08T13:47:54.682+0000] {processor.py:830} INFO - Processing file /home/airflow/.local/lib/python3.8/site-packages/airflow/example_dags/example_local_kubernetes_executor.py for tasks to queue
[2026-09-08T13:47:54.686+0000] {logging_mixin.py:188} INFO - [2026-09-08T13:47:54.686+0000] {dagbag.py:540} INFO - Filling up the DagBag from /home/airflow/.local/lib/python3.8/site-packages/airflow/example_dags/example_local_kubernetes_executor.py
[2026-09-08T13:47:54.716+0000] {processor.py:840} INFO - DAG(s) 'example_local_kubernetes_executor' retrieved from /home/airflow/.local/lib/python3.8/site-packages/airflow/example_dags/example_local_kubernetes_executor.py
[2026-09-08T13:47:54.740+0000] {logging_mixin.py:188} INFO - [2026-09-08T13:47:54.739+0000] {dag.py:3047} INFO - Sync 1 DAGs
[2026-09-08T13:47:54.768+0000] {logging_mixin.py:188} INFO - [2026-09-08T13:47:54.768+0000] {dag.py:3834} INFO - Setting next_dagrun for example_local_kubernetes_executor to None, run_after=None
[2026-09-08T13:47:54.805+0000] {processor.py:183} INFO - Processing /home/airflow/.local/lib/python3.8/site-packages/airflow/example_dags/example_local_kubernetes_executor.py took 0.133 seconds
[2026-09-08T13:48:24.977+0000] {processor.py:161} INFO - Started process (PID=517) to work on /home/airflow/.local/lib/python3.8/site-packages/airflow/example_dags/example_local_kubernetes_executor.py
[2026-09-08T13:48:24.983+0000] {processor.py:830} INFO - Processing file /home/airflow/.local/lib/python3.8/site-packages/airflow/example_dags/example_local_kubernetes_executor.py for tasks to queue
[2026-09-08T13:48:24.989+0000] {logging_mixin.py:188} INFO - [2026-09-08T13:48:24.988+0000] {dagbag.py:540} INFO - Filling up the DagBag from /home/airflow/.local/lib/python3.8/site-packages/airflow/example_dags/example_local_kubernetes_executor.py
[2026-09-08T13:48:25.005+0000] {processor.py:840} INFO - DAG(s) 'example_local_kubernetes_executor' retrieved from /home/airflow/.local/lib/python3.8/site-packages/airflow/example_dags/example_local_kubernetes_executor.py
[2026-09-08T13:48:25.184+0000] {logging_mixin.py:188} INFO - [2026-09-08T13:48:25.184+0000] {dag.py:3047} INFO - Sync 1 DAGs
[2026-09-08T13:48:25.200+0000] {logging_mixin.py:188} INFO - [2026-09-08T13:48:25.200+0000] {dag.py:3834} INFO - Setting next_dagrun for example_local_kubernetes_executor to None, run_after=None
[2026-09-08T13:48:25.228+0000] {processor.py:183} INFO - Processing /home/airflow/.local/lib/python3.8/site-packages/airflow/example_dags/example_local_kubernetes_executor.py took 0.257 seconds
[2026-09-08T13:48:55.902+0000] {processor.py:161} INFO - Started process (PID=573) to work on /home/airflow/.local/lib/python3.8/site-packages/airflow/example_dags/example_local_kubernetes_executor.py
[2026-09-08T13:48:55.904+0000] {processor.py:830} INFO - Processing file /home/airflow/.local/lib/python3.8/site-packages/airflow/example_dags/example_local_kubernetes_executor.py for tasks to queue
[2026-09-08T13:48:55.908+0000] {logging_mixin.py:188} INFO - [2026-09-08T13:48:55.907+0000] {dagbag.py:540} INFO - Filling up the DagBag from /home/airflow/.local/lib/python3.8/site-packages/airflow/example_dags/example_local_kubernetes_executor.py
[2026-09-08T13:48:55.919+0000] {processor.py:840} INFO - DAG(s) 'example_local_kubernetes_executor' retrieved from /home/airflow/.local/lib/python3.8/site-packages/airflow/example_dags/example_local_kubernetes_executor.py
[2026-09-08T13:48:55.972+0000] {logging_mixin.py:188} INFO - [2026-09-08T13:48:55.972+0000] {dag.py:3047} INFO - Sync 1 DAGs
[2026-09-08T13:48:55.989+0000] {logging_mixin.py:188} INFO - [2026-09-08T13:48:55.989+0000] {dag.py:3834} INFO - Setting next_dagrun for example_local_kubernetes_executor to None, run_after=None
[2026-09-08T13:48:56.024+0000] {processor.py:183} INFO - Processing /home/airflow/.local/lib/python3.8/site-packages/airflow/example_dags/example_local_kubernetes_executor.py took 0.127 seconds
[2026-09-08T13:49:26.512+0000] {processor.py:161} INFO - Started process (PID=630) to work on /home/airflow/.local/lib/python3.8/site-packages/airflow/example_dags/example_local_kubernetes_executor.py
[2026-09-08T13:49:26.514+0000] {processor.py:830} INFO - Processing file /home/airflow/.local/lib/python3.8/site-packages/airflow/example_dags/example_local_kubernetes_executor.py for tasks to queue
[2026-09-08T13:49:26.517+0000] {logging_mixin.py:188} INFO - [2026-09-08T13:49:26.517+0000] {dagbag.py:540} INFO - Filling up the DagBag from /home/airflow/.local/lib/python3.8/site-packages/airflow/example_dags/example_local_kubernetes_executor.py
[2026-09-08T13:49:26.531+0000] {processor.py:840} INFO - DAG(s) 'example_local_kubernetes_executor' retrieved from /home/airflow/.local/lib/python3.8/site-packages/airflow/example_dags/example_local_kubernetes_executor.py
[2026-09-08T13:49:26.579+0000] {logging_mixin.py:188} INFO - [2026-09-08T13:49:26.579+0000] {dag.py:3047} INFO - Sync 1 DAGs
[2026-09-08T13:49:26.594+0000] {logging_mixin.py:188} INFO - [2026-09-08T13:49:26.594+0000] {dag.py:3834} INFO - Setting next_dagrun for example_local_kubernetes_executor to None, run_after=None
[2026-09-08T13:49:26.626+0000] {processor.py:183} INFO - Processing /home/airflow/.local/lib/python3.8/site-packages/airflow/example_dags/example_local_kubernetes_executor.py took 0.119 seconds
[2026-09-08T13:49:57.091+0000] {processor.py:161} INFO - Started process (PID=687) to work on /home/airflow/.local/lib/python3.8/site-packages/airflow/example_dags/example_local_kubernetes_executor.py
[2026-09-08T13:49:57.092+0000] {processor.py:830} INFO - Processing file /home/airflow/.local/lib/python3.8/site-packages/airflow/example_dags/example_local_kubernetes_executor.py for tasks to queue
[2026-09-08T13:49:57.095+0000] {logging_mixin.py:188} INFO - [2026-09-08T13:49:57.095+0000] {dagbag.py:540} INFO - Filling up the DagBag from /home/airflow/.local/lib/python3.8/site-packages/airflow/example_dags/example_local_kubernetes_executor.py
[2026-09-08T13:49:57.106+0000] {processor.py:840} INFO - DAG(s) 'example_local_kubernetes_executor' retrieved from /home/airflow/.local/lib/python3.8/site-packages/airflow/example_dags/example_local_kubernetes_executor.py
[2026-09-08T13:49:57.150+0000] {logging_mixin.py:188} INFO - [2026-09-08T13:49:57.150+0000] {dag.py:3047} INFO - Sync 1 DAGs
[2026-09-08T13:49:57.169+0000] {logging_mixin.py:188} INFO - [2026-09-08T13:49:57.169+0000] {dag.py:3834} INFO - Setting next_dagrun for example_local_kubernetes_executor to None, run_after=None
[2026-09-08T13:49:57.196+0000] {processor.py:183} INFO - Processing /home/airflow/.local/lib/python3.8/site-packages/airflow/example_dags/example_local_kubernetes_executor.py took 0.109 seconds
[2026-09-08T13:50:27.290+0000] {processor.py:161} INFO - Started process (PID=744) to work on /home/airflow/.local/lib/python3.8/site-packages/airflow/example_dags/example_local_kubernetes_executor.py
[2026-09-08T13:50:27.292+0000] {processor.py:830} INFO - Processing file /home/airflow/.local/lib/python3.8/site-packages/airflow/example_dags/example_local_kubernetes_executor.py for tasks to queue
[2026-09-08T13:50:27.295+0000] {logging_mixin.py:188} INFO - [2026-09-08T13:50:27.294+0000] {dagbag.py:540} INFO - Filling up the DagBag from /home/airflow/.local/lib/python3.8/site-packages/airflow/example_dags/example_local_kubernetes_executor.py
[2026-09-08T13:50:27.306+0000] {processor.py:840} INFO - DAG(s) 'example_local_kubernetes_executor' retrieved from /home/airflow/.local/lib/python3.8/site-packages/airflow/example_dags/example_local_kubernetes_executor.py
[2026-09-08T13:50:27.358+0000] {logging_mixin.py:188} INFO - [2026-09-08T13:50:27.358+0000] {dag.py:3047} INFO - Sync 1 DAGs
[2026-09-08T13:50:27.374+0000] {logging_mixin.py:188} INFO - [2026-09-08T13:50:27.373+0000] {dag.py:3834} INFO - Setting next_dagrun for example_local_kubernetes_executor to None, run_after=None
[2026-09-08T13:50:27.401+0000] {processor.py:183} INFO - Processing /home/airflow/.local/lib/python3.8/site-packages/airflow/example_dags/example_local_kubernetes_executor.py took 0.115 seconds
[2026-09-08T13:50:57.551+0000] {processor.py:161} INFO - Started process (PID=801) to work on /home/airflow/.local/lib/python3.8/site-packages/airflow/example_dags/example_local_kubernetes_executor.py
[2026-09-08T13:50:57.553+0000] {processor.py:830} INFO - Processing file /home/airflow/.local/lib/python3.8/site-packages/airflow/example_dags/example_local_kubernetes_executor.py for tasks to queue
[2026-09-08T13:50:57.556+0000] {logging_mixin.py:188} INFO - [2026-09-08T13:50:57.556+0000] {dagbag.py:540} INFO - Filling up the DagBag from /home/airflow/.local/lib/python3.8/site-packages/airflow/example_dags/example_local_kubernetes_executor.py
[2026-09-08T13:50:57.566+0000] {processor.py:840} INFO - DAG(s) 'example_local_kubernetes_executor' retrieved from /home/airflow/.local/lib/python3.8/site-packages/airflow/example_dags/example_local_kubernetes_executor.py
[2026-09-08T13:50:57.617+0000] {logging_mixin.py:188} INFO - [2026-09-08T13:50:57.617+0000] {dag.py:3047} INFO - Sync 1 DAGs
[2026-09-08T13:50:57.634+0000] {logging_mixin.py:188} INFO - [2026-09-08T13:50:57.633+0000] {dag.py:3834} INFO - Setting next_dagrun for example_local_kubernetes_executor to None, run_after=None
[2026-09-08T13:50:57.661+0000] {processor.py:183} INFO - Processing /home/airflow/.local/lib/python3.8/site-packages/airflow/example_dags/example_local_kubernetes_executor.py took 0.113 seconds
[2026-09-08T13:51:28.142+0000] {processor.py:161} INFO - Started process (PID=858) to work on /home/airflow/.local/lib/python3.8/site-packages/airflow/example_dags/example_local_kubernetes_executor.py
[2026-09-08T13:51:28.144+0000] {processor.py:830} INFO - Processing file /home/airflow/.local/lib/python3.8/site-packages/airflow/example_dags/example_local_kubernetes_executor.py for tasks to queue
[2026-09-08T13:51:28.147+0000] {logging_mixin.py:188} INFO - [2026-09-08T13:51:28.146+0000] {dagbag.py:540} INFO - Filling up the DagBag from /home/airflow/.local/lib/python3.8/site-packages/airflow/example_dags/example_local_kubernetes_executor.py
[2026-09-08T13:51:28.156+0000] {processor.py:840} INFO - DAG(s) 'example_local_kubernetes_executor' retrieved from /home/airflow/.local/lib/python3.8/site-packages/airflow/example_dags/example_local_kubernetes_executor.py
[2026-09-08T13:51:28.200+0000] {logging_mixin.py:188} INFO - [2026-09-08T13:51:28.200+0000] {dag.py:3047} INFO - Sync 1 DAGs
[2026-09-08T13:51:28.216+0000] {logging_mixin.py:188} INFO - [2026-09-08T13:51:28.216+0000] {dag.py:3834} INFO - Setting next_dagrun for example_local_kubernetes_executor to None, run_after=None
[2026-09-08T13:51:28.241+0000] {processor.py:183} INFO - Processing /home/airflow/.local/lib/python3.8/site-packages/airflow/example_dags/example_local_kubernetes_executor.py took 0.103 seconds
[2026-09-08T13:51:59.063+0000] {processor.py:161} INFO - Started process (PID=915) to work on /home/airflow/.local/lib/python3.8/site-packages/airflow/example_dags/example_local_kubernetes_executor.py
[2026-09-08T13:51:59.065+0000] {processor.py:830} INFO - Processing file /home/airflow/.local/lib/python3.8/site-packages/airflow/example_dags/example_local_kubernetes_executor.py for tasks to queue
[2026-09-08T13:51:59.067+0000] {logging_mixin.py:188} INFO - [2026-09-08T13:51:59.067+0000] {dagbag.py:540} INFO - Filling up the DagBag from /home/airflow/.local/lib/python3.8/site-packages/airflow/example_dags/example_local_kubernetes_executor.py
[2026-09-08T13:51:59.077+0000] {processor.py:840} INFO - DAG(s) 'example_local_kubernetes_executor' retrieved from /home/airflow/.local/lib/python3.8/site-packages/airflow/example_dags/example_local_kubernetes_executor.py
[2026-09-08T13:51:59.124+0000] {logging_mixin.py:188} INFO - [2026-09-08T13:51:59.123+0000] {dag.py:3047} INFO - Sync 1 DAGs
[2026-09-08T13:51:59.138+0000] {logging_mixin.py:188} INFO - [2026-09-08T13:51:59.138+0000] {dag.py:3834} INFO - Setting next_dagrun for example_local_kubernetes_executor to None, run_after=None
[2026-09-08T13:51:59.165+0000] {processor.py:183} INFO - Processing /home/airflow/.local/lib/python3.8/site-packages/airflow/example_dags/example_local_kubernetes_executor.py took 0.106 seconds
[2026-09-08T13:52:29.323+0000] {processor.py:161} INFO - Started process (PID=972) to work on /home/airflow/.local/lib/python3.8/site-packages/airflow/example_dags/example_local_kubernetes_executor.py
[2026-09-08T13:52:29.325+0000] {processor.py:830} INFO - Processing file /home/airflow/.local/lib/python3.8/site-packages/airflow/example_dags/example_local_kubernetes_executor.py for tasks to queue
[2026-09-08T13:52:29.328+0000] {logging_mixin.py:188} INFO - [2026-09-08T13:52:29.328+0000] {dagbag.py:540} INFO - Filling up the DagBag from /home/airflow/.local/lib/python3.8/site-packages/airflow/example_dags/example_local_kubernetes_executor.py
[2026-09-08T13:52:29.340+0000] {processor.py:840} INFO - DAG(s) 'example_local_kubernetes_executor' retrieved from /home/airflow/.local/lib/python3.8/site-packages/airflow/example_dags/example_local_kubernetes_executor.py
[2026-09-08T13:52:29.391+0000] {logging_mixin.py:188} INFO - [2026-09-08T13:52:29.391+0000] {dag.py:3047} INFO - Sync 1 DAGs
[2026-09-08T13:52:29.413+0000] {logging_mixin.py:188} INFO - [2026-09-08T13:52:29.413+0000] {dag.py:3834} INFO - Setting next_dagrun for example_local_kubernetes_executor to None, run_after=None
[2026-09-08T13:52:29.444+0000] {processor.py:183} INFO - Processing /home/airflow/.local/lib/python3.8/site-packages/airflow/example_dags/example_local_kubernetes_executor.py took 0.126 seconds
[2026-09-10T13:33:11.646+0000] {processor.py:161} INFO - Started process (PID=2702) to work on /home/airflow/.local/lib/python3.8/site-packages/airflow/example_dags/example_local_kubernetes_executor.py
[2026-09-10T13:33:11.648+0000] {processor.py:830} INFO - Processing file /home/airflow/.local/lib/python3.8/site-packages/airflow/example_dags/example_local_kubernetes_executor.py for tasks to queue
[2026-09-10T13:33:11.652+0000] {logging_mixin.py:188} INFO - [2026-09-10T13:33:11.652+0000] {dagbag.py:540} INFO - Filling up the DagBag from /home/airflow/.local/lib/python3.8/site-packages/airflow/example_dags/example_local_kubernetes_executor.py
[2026-09-10T13:33:11.671+0000] {processor.py:840} INFO - DAG(s) 'example_local_kubernetes_executor' retrieved from /home/airflow/.local/lib/python3.8/site-packages/airflow/example_dags/example_local_kubernetes_executor.py
[2026-09-10T13:33:11.762+0000] {logging_mixin.py:188} INFO - [2026-09-10T13:33:11.761+0000] {dag.py:3047} INFO - Sync 1 DAGs
[2026-09-10T13:33:11.807+0000] {logging_mixin.py:188} INFO - [2026-09-10T13:33:11.807+0000] {dag.py:3834} INFO - Setting next_dagrun for example_local_kubernetes_executor to None, run_after=None
[2026-09-10T13:33:11.891+0000] {processor.py:183} INFO - Processing /home/airflow/.local/lib/python3.8/site-packages/airflow/example_dags/example_local_kubernetes_executor.py took 0.253 seconds
[2026-09-10T13:33:42.434+0000] {processor.py:161} INFO - Started process (PID=2764) to work on /home/airflow/.local/lib/python3.8/site-packages/airflow/example_dags/example_local_kubernetes_executor.py
[2026-09-10T13:33:42.437+0000] {processor.py:830} INFO - Processing file /home/airflow/.local/lib/python3.8/site-packages/airflow/example_dags/example_local_kubernetes_executor.py for tasks to queue
[2026-09-10T13:33:42.442+0000] {logging_mixin.py:188} INFO - [2026-09-10T13:33:42.442+0000] {dagbag.py:540} INFO - Filling up the DagBag from /home/airflow/.local/lib/python3.8/site-packages/airflow/example_dags/example_local_kubernetes_executor.py
[2026-09-10T13:33:42.454+0000] {processor.py:840} INFO - DAG(s) 'example_local_kubernetes_executor' retrieved from /home/airflow/.local/lib/python3.8/site-packages/airflow/example_dags/example_local_kubernetes_executor.py
[2026-09-10T13:33:42.517+0000] {logging_mixin.py:188} INFO - [2026-09-10T13:33:42.517+0000] {dag.py:3047} INFO - Sync 1 DAGs
[2026-09-10T13:33:42.539+0000] {logging_mixin.py:188} INFO - [2026-09-10T13:33:42.538+0000] {dag.py:3834} INFO - Setting next_dagrun for example_local_kubernetes_executor to None, run_after=None
[2026-09-10T13:33:42.572+0000] {processor.py:183} INFO - Processing /home/airflow/.local/lib/python3.8/site-packages/airflow/example_dags/example_local_kubernetes_executor.py took 0.144 seconds
[2026-09-10T13:34:12.887+0000] {processor.py:161} INFO - Started process (PID=2825) to work on /home/airflow/.local/lib/python3.8/site-packages/airflow/example_dags/example_local_kubernetes_executor.py
[2026-09-10T13:34:12.889+0000] {processor.py:830} INFO - Processing file /home/airflow/.local/lib/python3.8/site-packages/airflow/example_dags/example_local_kubernetes_executor.py for tasks to queue
[2026-09-10T13:34:12.892+0000] {logging_mixin.py:188} INFO - [2026-09-10T13:34:12.891+0000] {dagbag.py:540} INFO - Filling up the DagBag from /home/airflow/.local/lib/python3.8/site-packages/airflow/example_dags/example_local_kubernetes_executor.py
[2026-09-10T13:34:12.904+0000] {processor.py:840} INFO - DAG(s) 'example_local_kubernetes_executor' retrieved from /home/airflow/.local/lib/python3.8/site-packages/airflow/example_dags/example_local_kubernetes_executor.py
[2026-09-10T13:34:12.960+0000] {logging_mixin.py:188} INFO - [2026-09-10T13:34:12.960+0000] {dag.py:3047} INFO - Sync 1 DAGs
[2026-09-10T13:34:12.978+0000] {logging_mixin.py:188} INFO - [2026-09-10T13:34:12.978+0000] {dag.py:3834} INFO - Setting next_dagrun for example_local_kubernetes_executor to None, run_after=None
[2026-09-10T13:34:13.012+0000] {processor.py:183} INFO - Processing /home/airflow/.local/lib/python3.8/site-packages/airflow/example_dags/example_local_kubernetes_executor.py took 0.130 seconds
[2026-09-10T13:35:51.706+0000] {processor.py:161} INFO - Started process (PID=131) to work on /home/airflow/.local/lib/python3.8/site-packages/airflow/example_dags/example_local_kubernetes_executor.py
[2026-09-10T13:35:51.707+0000] {processor.py:830} INFO - Processing file /home/airflow/.local/lib/python3.8/site-packages/airflow/example_dags/example_local_kubernetes_executor.py for tasks to queue
[2026-09-10T13:35:51.709+0000] {logging_mixin.py:188} INFO - [2026-09-10T13:35:51.709+0000] {dagbag.py:540} INFO - Filling up the DagBag from /home/airflow/.local/lib/python3.8/site-packages/airflow/example_dags/example_local_kubernetes_executor.py
[2026-09-10T13:35:51.719+0000] {processor.py:840} INFO - DAG(s) 'example_local_kubernetes_executor' retrieved from /home/airflow/.local/lib/python3.8/site-packages/airflow/example_dags/example_local_kubernetes_executor.py
[2026-09-10T13:35:51.844+0000] {logging_mixin.py:188} INFO - [2026-09-10T13:35:51.844+0000] {dag.py:3047} INFO - Sync 1 DAGs
[2026-09-10T13:35:51.857+0000] {logging_mixin.py:188} INFO - [2026-09-10T13:35:51.857+0000] {dag.py:3834} INFO - Setting next_dagrun for example_local_kubernetes_executor to None, run_after=None
[2026-09-10T13:35:51.881+0000] {processor.py:183} INFO - Processing /home/airflow/.local/lib/python3.8/site-packages/airflow/example_dags/example_local_kubernetes_executor.py took 0.179 seconds
[2026-09-10T13:36:22.337+0000] {processor.py:161} INFO - Started process (PID=192) to work on /home/airflow/.local/lib/python3.8/site-packages/airflow/example_dags/example_local_kubernetes_executor.py
[2026-09-10T13:36:22.339+0000] {processor.py:830} INFO - Processing file /home/airflow/.local/lib/python3.8/site-packages/airflow/example_dags/example_local_kubernetes_executor.py for tasks to queue
[2026-09-10T13:36:22.342+0000] {logging_mixin.py:188} INFO - [2026-09-10T13:36:22.341+0000] {dagbag.py:540} INFO - Filling up the DagBag from /home/airflow/.local/lib/python3.8/site-packages/airflow/example_dags/example_local_kubernetes_executor.py
[2026-09-10T13:36:22.357+0000] {processor.py:840} INFO - DAG(s) 'example_local_kubernetes_executor' retrieved from /home/airflow/.local/lib/python3.8/site-packages/airflow/example_dags/example_local_kubernetes_executor.py
[2026-09-10T13:36:22.412+0000] {logging_mixin.py:188} INFO - [2026-09-10T13:36:22.412+0000] {dag.py:3047} INFO - Sync 1 DAGs
[2026-09-10T13:36:22.433+0000] {logging_mixin.py:188} INFO - [2026-09-10T13:36:22.433+0000] {dag.py:3834} INFO - Setting next_dagrun for example_local_kubernetes_executor to None, run_after=None
[2026-09-10T13:36:22.472+0000] {processor.py:183} INFO - Processing /home/airflow/.local/lib/python3.8/site-packages/airflow/example_dags/example_local_kubernetes_executor.py took 0.139 seconds
[2026-09-10T13:36:53.050+0000] {processor.py:161} INFO - Started process (PID=253) to work on /home/airflow/.local/lib/python3.8/site-packages/airflow/example_dags/example_local_kubernetes_executor.py
[2026-09-10T13:36:53.052+0000] {processor.py:830} INFO - Processing file /home/airflow/.local/lib/python3.8/site-packages/airflow/example_dags/example_local_kubernetes_executor.py for tasks to queue
[2026-09-10T13:36:53.055+0000] {logging_mixin.py:188} INFO - [2026-09-10T13:36:53.055+0000] {dagbag.py:540} INFO - Filling up the DagBag from /home/airflow/.local/lib/python3.8/site-packages/airflow/example_dags/example_local_kubernetes_executor.py
[2026-09-10T13:36:53.064+0000] {processor.py:840} INFO - DAG(s) 'example_local_kubernetes_executor' retrieved from /home/airflow/.local/lib/python3.8/site-packages/airflow/example_dags/example_local_kubernetes_executor.py
[2026-09-10T13:36:53.107+0000] {logging_mixin.py:188} INFO - [2026-09-10T13:36:53.107+0000] {dag.py:3047} INFO - Sync 1 DAGs
[2026-09-10T13:36:53.122+0000] {logging_mixin.py:188} INFO - [2026-09-10T13:36:53.122+0000] {dag.py:3834} INFO - Setting next_dagrun for example_local_kubernetes_executor to None, run_after=None
[2026-09-10T13:36:53.158+0000] {processor.py:183} INFO - Processing /home/airflow/.local/lib/python3.8/site-packages/airflow/example_dags/example_local_kubernetes_executor.py took 0.111 seconds
[2026-09-10T13:37:23.921+0000] {processor.py:161} INFO - Started process (PID=314) to work on /home/airflow/.local/lib/python3.8/site-packages/airflow/example_dags/example_local_kubernetes_executor.py
[2026-09-10T13:37:23.923+0000] {processor.py:830} INFO - Processing file /home/airflow/.local/lib/python3.8/site-packages/airflow/example_dags/example_local_kubernetes_executor.py for tasks to queue
[2026-09-10T13:37:23.927+0000] {logging_mixin.py:188} INFO - [2026-09-10T13:37:23.926+0000] {dagbag.py:540} INFO - Filling up the DagBag from /home/airflow/.local/lib/python3.8/site-packages/airflow/example_dags/example_local_kubernetes_executor.py
[2026-09-10T13:37:23.942+0000] {processor.py:840} INFO - DAG(s) 'example_local_kubernetes_executor' retrieved from /home/airflow/.local/lib/python3.8/site-packages/airflow/example_dags/example_local_kubernetes_executor.py
[2026-09-10T13:37:24.023+0000] {logging_mixin.py:188} INFO - [2026-09-10T13:37:24.023+0000] {dag.py:3047} INFO - Sync 1 DAGs
[2026-09-10T13:37:24.063+0000] {logging_mixin.py:188} INFO - [2026-09-10T13:37:24.062+0000] {dag.py:3834} INFO - Setting next_dagrun for example_local_kubernetes_executor to None, run_after=None
[2026-09-10T13:37:24.114+0000] {processor.py:183} INFO - Processing /home/airflow/.local/lib/python3.8/site-packages/airflow/example_dags/example_local_kubernetes_executor.py took 0.198 seconds
[2026-09-10T13:37:54.276+0000] {processor.py:161} INFO - Started process (PID=375) to work on /home/airflow/.local/lib/python3.8/site-packages/airflow/example_dags/example_local_kubernetes_executor.py
[2026-09-10T13:37:54.278+0000] {processor.py:830} INFO - Processing file /home/airflow/.local/lib/python3.8/site-packages/airflow/example_dags/example_local_kubernetes_executor.py for tasks to queue
[2026-09-10T13:37:54.280+0000] {logging_mixin.py:188} INFO - [2026-09-10T13:37:54.280+0000] {dagbag.py:540} INFO - Filling up the DagBag from /home/airflow/.local/lib/python3.8/site-packages/airflow/example_dags/example_local_kubernetes_executor.py
[2026-09-10T13:37:54.291+0000] {processor.py:840} INFO - DAG(s) 'example_local_kubernetes_executor' retrieved from /home/airflow/.local/lib/python3.8/site-packages/airflow/example_dags/example_local_kubernetes_executor.py
[2026-09-10T13:37:54.355+0000] {logging_mixin.py:188} INFO - [2026-09-10T13:37:54.355+0000] {dag.py:3047} INFO - Sync 1 DAGs
[2026-09-10T13:37:54.371+0000] {logging_mixin.py:188} INFO - [2026-09-10T13:37:54.371+0000] {dag.py:3834} INFO - Setting next_dagrun for example_local_kubernetes_executor to None, run_after=None
[2026-09-10T13:37:54.401+0000] {processor.py:183} INFO - Processing /home/airflow/.local/lib/python3.8/site-packages/airflow/example_dags/example_local_kubernetes_executor.py took 0.131 seconds
[2026-09-10T13:38:24.788+0000] {processor.py:161} INFO - Started process (PID=436) to work on /home/airflow/.local/lib/python3.8/site-packages/airflow/example_dags/example_local_kubernetes_executor.py
[2026-09-10T13:38:24.789+0000] {processor.py:830} INFO - Processing file /home/airflow/.local/lib/python3.8/site-packages/airflow/example_dags/example_local_kubernetes_executor.py for tasks to queue
[2026-09-10T13:38:24.791+0000] {logging_mixin.py:188} INFO - [2026-09-10T13:38:24.791+0000] {dagbag.py:540} INFO - Filling up the DagBag from /home/airflow/.local/lib/python3.8/site-packages/airflow/example_dags/example_local_kubernetes_executor.py
[2026-09-10T13:38:24.800+0000] {processor.py:840} INFO - DAG(s) 'example_local_kubernetes_executor' retrieved from /home/airflow/.local/lib/python3.8/site-packages/airflow/example_dags/example_local_kubernetes_executor.py
[2026-09-10T13:38:24.838+0000] {logging_mixin.py:188} INFO - [2026-09-10T13:38:24.837+0000] {dag.py:3047} INFO - Sync 1 DAGs
[2026-09-10T13:38:24.853+0000] {logging_mixin.py:188} INFO - [2026-09-10T13:38:24.853+0000] {dag.py:3834} INFO - Setting next_dagrun for example_local_kubernetes_executor to None, run_after=None
[2026-09-10T13:38:24.877+0000] {processor.py:183} INFO - Processing /home/airflow/.local/lib/python3.8/site-packages/airflow/example_dags/example_local_kubernetes_executor.py took 0.093 seconds
[2026-09-10T13:40:03.354+0000] {processor.py:161} INFO - Started process (PID=132) to work on /home/airflow/.local/lib/python3.8/site-packages/airflow/example_dags/example_local_kubernetes_executor.py
[2026-09-10T13:40:03.356+0000] {processor.py:830} INFO - Processing file /home/airflow/.local/lib/python3.8/site-packages/airflow/example_dags/example_local_kubernetes_executor.py for tasks to queue
[2026-09-10T13:40:03.361+0000] {logging_mixin.py:188} INFO - [2026-09-10T13:40:03.360+0000] {dagbag.py:540} INFO - Filling up the DagBag from /home/airflow/.local/lib/python3.8/site-packages/airflow/example_dags/example_local_kubernetes_executor.py
[2026-09-10T13:40:03.376+0000] {processor.py:840} INFO - DAG(s) 'example_local_kubernetes_executor' retrieved from /home/airflow/.local/lib/python3.8/site-packages/airflow/example_dags/example_local_kubernetes_executor.py
[2026-09-10T13:40:03.605+0000] {logging_mixin.py:188} INFO - [2026-09-10T13:40:03.604+0000] {dag.py:3047} INFO - Sync 1 DAGs
[2026-09-10T13:40:03.619+0000] {logging_mixin.py:188} INFO - [2026-09-10T13:40:03.618+0000] {dag.py:3834} INFO - Setting next_dagrun for example_local_kubernetes_executor to None, run_after=None
[2026-09-10T13:40:03.648+0000] {processor.py:183} INFO - Processing /home/airflow/.local/lib/python3.8/site-packages/airflow/example_dags/example_local_kubernetes_executor.py took 0.302 seconds
[2026-09-10T13:40:42.448+0000] {processor.py:161} INFO - Started process (PID=119) to work on /home/airflow/.local/lib/python3.8/site-packages/airflow/example_dags/example_local_kubernetes_executor.py
[2026-09-10T13:40:42.450+0000] {processor.py:830} INFO - Processing file /home/airflow/.local/lib/python3.8/site-packages/airflow/example_dags/example_local_kubernetes_executor.py for tasks to queue
[2026-09-10T13:40:42.455+0000] {logging_mixin.py:188} INFO - [2026-09-10T13:40:42.454+0000] {dagbag.py:540} INFO - Filling up the DagBag from /home/airflow/.local/lib/python3.8/site-packages/airflow/example_dags/example_local_kubernetes_executor.py
[2026-09-10T13:40:42.468+0000] {processor.py:840} INFO - DAG(s) 'example_local_kubernetes_executor' retrieved from /home/airflow/.local/lib/python3.8/site-packages/airflow/example_dags/example_local_kubernetes_executor.py
[2026-09-10T13:40:42.524+0000] {logging_mixin.py:188} INFO - [2026-09-10T13:40:42.524+0000] {dag.py:3047} INFO - Sync 1 DAGs
[2026-09-10T13:40:42.546+0000] {logging_mixin.py:188} INFO - [2026-09-10T13:40:42.545+0000] {dag.py:3834} INFO - Setting next_dagrun for example_local_kubernetes_executor to None, run_after=None
[2026-09-10T13:40:42.576+0000] {processor.py:183} INFO - Processing /home/airflow/.local/lib/python3.8/site-packages/airflow/example_dags/example_local_kubernetes_executor.py took 0.132 seconds
[2026-09-10T13:41:13.261+0000] {processor.py:161} INFO - Started process (PID=180) to work on /home/airflow/.local/lib/python3.8/site-packages/airflow/example_dags/example_local_kubernetes_executor.py
[2026-09-10T13:41:13.263+0000] {processor.py:830} INFO - Processing file /home/airflow/.local/lib/python3.8/site-packages/airflow/example_dags/example_local_kubernetes_executor.py for tasks to queue
[2026-09-10T13:41:13.265+0000] {logging_mixin.py:188} INFO - [2026-09-10T13:41:13.265+0000] {dagbag.py:540} INFO - Filling up the DagBag from /home/airflow/.local/lib/python3.8/site-packages/airflow/example_dags/example_local_kubernetes_executor.py
[2026-09-10T13:41:13.275+0000] {processor.py:840} INFO - DAG(s) 'example_local_kubernetes_executor' retrieved from /home/airflow/.local/lib/python3.8/site-packages/airflow/example_dags/example_local_kubernetes_executor.py
[2026-09-10T13:41:13.343+0000] {logging_mixin.py:188} INFO - [2026-09-10T13:41:13.343+0000] {dag.py:3047} INFO - Sync 1 DAGs
[2026-09-10T13:41:13.371+0000] {logging_mixin.py:188} INFO - [2026-09-10T13:41:13.371+0000] {dag.py:3834} INFO - Setting next_dagrun for example_local_kubernetes_executor to None, run_after=None
[2026-09-10T13:41:13.403+0000] {processor.py:183} INFO - Processing /home/airflow/.local/lib/python3.8/site-packages/airflow/example_dags/example_local_kubernetes_executor.py took 0.146 seconds
[2026-09-10T13:41:44.364+0000] {processor.py:161} INFO - Started process (PID=241) to work on /home/airflow/.local/lib/python3.8/site-packages/airflow/example_dags/example_local_kubernetes_executor.py
[2026-09-10T13:41:44.366+0000] {processor.py:830} INFO - Processing file /home/airflow/.local/lib/python3.8/site-packages/airflow/example_dags/example_local_kubernetes_executor.py for tasks to queue
[2026-09-10T13:41:44.378+0000] {logging_mixin.py:188} INFO - [2026-09-10T13:41:44.376+0000] {dagbag.py:540} INFO - Filling up the DagBag from /home/airflow/.local/lib/python3.8/site-packages/airflow/example_dags/example_local_kubernetes_executor.py
[2026-09-10T13:41:44.398+0000] {processor.py:840} INFO - DAG(s) 'example_local_kubernetes_executor' retrieved from /home/airflow/.local/lib/python3.8/site-packages/airflow/example_dags/example_local_kubernetes_executor.py
[2026-09-10T13:41:44.515+0000] {logging_mixin.py:188} INFO - [2026-09-10T13:41:44.514+0000] {dag.py:3047} INFO - Sync 1 DAGs
[2026-09-10T13:41:44.548+0000] {logging_mixin.py:188} INFO - [2026-09-10T13:41:44.547+0000] {dag.py:3834} INFO - Setting next_dagrun for example_local_kubernetes_executor to None, run_after=None
[2026-09-10T13:41:44.598+0000] {processor.py:183} INFO - Processing /home/airflow/.local/lib/python3.8/site-packages/airflow/example_dags/example_local_kubernetes_executor.py took 0.246 seconds
[2026-09-10T13:42:15.595+0000] {processor.py:161} INFO - Started process (PID=302) to work on /home/airflow/.local/lib/python3.8/site-packages/airflow/example_dags/example_local_kubernetes_executor.py
[2026-09-10T13:42:15.598+0000] {processor.py:830} INFO - Processing file /home/airflow/.local/lib/python3.8/site-packages/airflow/example_dags/example_local_kubernetes_executor.py for tasks to queue
[2026-09-10T13:42:15.606+0000] {logging_mixin.py:188} INFO - [2026-09-10T13:42:15.605+0000] {dagbag.py:540} INFO - Filling up the DagBag from /home/airflow/.local/lib/python3.8/site-packages/airflow/example_dags/example_local_kubernetes_executor.py
[2026-09-10T13:42:15.630+0000] {processor.py:840} INFO - DAG(s) 'example_local_kubernetes_executor' retrieved from /home/airflow/.local/lib/python3.8/site-packages/airflow/example_dags/example_local_kubernetes_executor.py
[2026-09-10T13:42:15.703+0000] {logging_mixin.py:188} INFO - [2026-09-10T13:42:15.702+0000] {dag.py:3047} INFO - Sync 1 DAGs
[2026-09-10T13:42:15.720+0000] {logging_mixin.py:188} INFO - [2026-09-10T13:42:15.720+0000] {dag.py:3834} INFO - Setting next_dagrun for example_local_kubernetes_executor to None, run_after=None
[2026-09-10T13:42:15.746+0000] {processor.py:183} INFO - Processing /home/airflow/.local/lib/python3.8/site-packages/airflow/example_dags/example_local_kubernetes_executor.py took 0.162 seconds
[2026-09-10T13:42:46.413+0000] {processor.py:161} INFO - Started process (PID=363) to work on /home/airflow/.local/lib/python3.8/site-packages/airflow/example_dags/example_local_kubernetes_executor.py
[2026-09-10T13:42:46.415+0000] {processor.py:830} INFO - Processing file /home/airflow/.local/lib/python3.8/site-packages/airflow/example_dags/example_local_kubernetes_executor.py for tasks to queue
[2026-09-10T13:42:46.418+0000] {logging_mixin.py:188} INFO - [2026-09-10T13:42:46.417+0000] {dagbag.py:540} INFO - Filling up the DagBag from /home/airflow/.local/lib/python3.8/site-packages/airflow/example_dags/example_local_kubernetes_executor.py
[2026-09-10T13:42:46.428+0000] {processor.py:840} INFO - DAG(s) 'example_local_kubernetes_executor' retrieved from /home/airflow/.local/lib/python3.8/site-packages/airflow/example_dags/example_local_kubernetes_executor.py
[2026-09-10T13:42:46.467+0000] {logging_mixin.py:188} INFO - [2026-09-10T13:42:46.467+0000] {dag.py:3047} INFO - Sync 1 DAGs
[2026-09-10T13:42:46.485+0000] {logging_mixin.py:188} INFO - [2026-09-10T13:42:46.484+0000] {dag.py:3834} INFO - Setting next_dagrun for example_local_kubernetes_executor to None, run_after=None
[2026-09-10T13:42:46.515+0000] {processor.py:183} INFO - Processing /home/airflow/.local/lib/python3.8/site-packages/airflow/example_dags/example_local_kubernetes_executor.py took 0.106 seconds
[2026-09-10T13:44:19.304+0000] {processor.py:161} INFO - Started process (PID=130) to work on /home/airflow/.local/lib/python3.8/site-packages/airflow/example_dags/example_local_kubernetes_executor.py
[2026-09-10T13:44:19.306+0000] {processor.py:830} INFO - Processing file /home/airflow/.local/lib/python3.8/site-packages/airflow/example_dags/example_local_kubernetes_executor.py for tasks to queue
[2026-09-10T13:44:19.309+0000] {logging_mixin.py:188} INFO - [2026-09-10T13:44:19.309+0000] {dagbag.py:540} INFO - Filling up the DagBag from /home/airflow/.local/lib/python3.8/site-packages/airflow/example_dags/example_local_kubernetes_executor.py
[2026-09-10T13:44:19.323+0000] {processor.py:840} INFO - DAG(s) 'example_local_kubernetes_executor' retrieved from /home/airflow/.local/lib/python3.8/site-packages/airflow/example_dags/example_local_kubernetes_executor.py
[2026-09-10T13:44:19.491+0000] {logging_mixin.py:188} INFO - [2026-09-10T13:44:19.491+0000] {dag.py:3047} INFO - Sync 1 DAGs
[2026-09-10T13:44:19.505+0000] {logging_mixin.py:188} INFO - [2026-09-10T13:44:19.504+0000] {dag.py:3834} INFO - Setting next_dagrun for example_local_kubernetes_executor to None, run_after=None
[2026-09-10T13:44:19.526+0000] {processor.py:183} INFO - Processing /home/airflow/.local/lib/python3.8/site-packages/airflow/example_dags/example_local_kubernetes_executor.py took 0.227 seconds
[2026-09-10T13:44:50.380+0000] {processor.py:161} INFO - Started process (PID=191) to work on /home/airflow/.local/lib/python3.8/site-packages/airflow/example_dags/example_local_kubernetes_executor.py
[2026-09-10T13:44:50.382+0000] {processor.py:830} INFO - Processing file /home/airflow/.local/lib/python3.8/site-packages/airflow/example_dags/example_local_kubernetes_executor.py for tasks to queue
[2026-09-10T13:44:50.385+0000] {logging_mixin.py:188} INFO - [2026-09-10T13:44:50.385+0000] {dagbag.py:540} INFO - Filling up the DagBag from /home/airflow/.local/lib/python3.8/site-packages/airflow/example_dags/example_local_kubernetes_executor.py
[2026-09-10T13:44:50.398+0000] {processor.py:840} INFO - DAG(s) 'example_local_kubernetes_executor' retrieved from /home/airflow/.local/lib/python3.8/site-packages/airflow/example_dags/example_local_kubernetes_executor.py
[2026-09-10T13:44:50.444+0000] {logging_mixin.py:188} INFO - [2026-09-10T13:44:50.444+0000] {dag.py:3047} INFO - Sync 1 DAGs
[2026-09-10T13:44:50.457+0000] {logging_mixin.py:188} INFO - [2026-09-10T13:44:50.457+0000] {dag.py:3834} INFO - Setting next_dagrun for example_local_kubernetes_executor to None, run_after=None
[2026-09-10T13:44:50.521+0000] {processor.py:183} INFO - Processing /home/airflow/.local/lib/python3.8/site-packages/airflow/example_dags/example_local_kubernetes_executor.py took 0.144 seconds
[2026-09-10T13:45:21.036+0000] {processor.py:161} INFO - Started process (PID=252) to work on /home/airflow/.local/lib/python3.8/site-packages/airflow/example_dags/example_local_kubernetes_executor.py
[2026-09-10T13:45:21.038+0000] {processor.py:830} INFO - Processing file /home/airflow/.local/lib/python3.8/site-packages/airflow/example_dags/example_local_kubernetes_executor.py for tasks to queue
[2026-09-10T13:45:21.041+0000] {logging_mixin.py:188} INFO - [2026-09-10T13:45:21.041+0000] {dagbag.py:540} INFO - Filling up the DagBag from /home/airflow/.local/lib/python3.8/site-packages/airflow/example_dags/example_local_kubernetes_executor.py
[2026-09-10T13:45:21.053+0000] {processor.py:840} INFO - DAG(s) 'example_local_kubernetes_executor' retrieved from /home/airflow/.local/lib/python3.8/site-packages/airflow/example_dags/example_local_kubernetes_executor.py
[2026-09-10T13:45:21.104+0000] {logging_mixin.py:188} INFO - [2026-09-10T13:45:21.104+0000] {dag.py:3047} INFO - Sync 1 DAGs
[2026-09-10T13:45:21.122+0000] {logging_mixin.py:188} INFO - [2026-09-10T13:45:21.121+0000] {dag.py:3834} INFO - Setting next_dagrun for example_local_kubernetes_executor to None, run_after=None
[2026-09-10T13:45:21.224+0000] {processor.py:183} INFO - Processing /home/airflow/.local/lib/python3.8/site-packages/airflow/example_dags/example_local_kubernetes_executor.py took 0.193 seconds
[2026-09-10T13:45:51.507+0000] {processor.py:161} INFO - Started process (PID=313) to work on /home/airflow/.local/lib/python3.8/site-packages/airflow/example_dags/example_local_kubernetes_executor.py
[2026-09-10T13:45:51.509+0000] {processor.py:830} INFO - Processing file /home/airflow/.local/lib/python3.8/site-packages/airflow/example_dags/example_local_kubernetes_executor.py for tasks to queue
[2026-09-10T13:45:51.512+0000] {logging_mixin.py:188} INFO - [2026-09-10T13:45:51.511+0000] {dagbag.py:540} INFO - Filling up the DagBag from /home/airflow/.local/lib/python3.8/site-packages/airflow/example_dags/example_local_kubernetes_executor.py
[2026-09-10T13:45:51.526+0000] {processor.py:840} INFO - DAG(s) 'example_local_kubernetes_executor' retrieved from /home/airflow/.local/lib/python3.8/site-packages/airflow/example_dags/example_local_kubernetes_executor.py
[2026-09-10T13:45:51.565+0000] {logging_mixin.py:188} INFO - [2026-09-10T13:45:51.565+0000] {dag.py:3047} INFO - Sync 1 DAGs
[2026-09-10T13:45:51.579+0000] {logging_mixin.py:188} INFO - [2026-09-10T13:45:51.579+0000] {dag.py:3834} INFO - Setting next_dagrun for example_local_kubernetes_executor to None, run_after=None
[2026-09-10T13:45:51.752+0000] {processor.py:183} INFO - Processing /home/airflow/.local/lib/python3.8/site-packages/airflow/example_dags/example_local_kubernetes_executor.py took 0.248 seconds
[2026-09-10T13:46:22.967+0000] {processor.py:161} INFO - Started process (PID=374) to work on /home/airflow/.local/lib/python3.8/site-packages/airflow/example_dags/example_local_kubernetes_executor.py
[2026-09-10T13:46:22.969+0000] {processor.py:830} INFO - Processing file /home/airflow/.local/lib/python3.8/site-packages/airflow/example_dags/example_local_kubernetes_executor.py for tasks to queue
[2026-09-10T13:46:22.972+0000] {logging_mixin.py:188} INFO - [2026-09-10T13:46:22.972+0000] {dagbag.py:540} INFO - Filling up the DagBag from /home/airflow/.local/lib/python3.8/site-packages/airflow/example_dags/example_local_kubernetes_executor.py
[2026-09-10T13:46:22.981+0000] {processor.py:840} INFO - DAG(s) 'example_local_kubernetes_executor' retrieved from /home/airflow/.local/lib/python3.8/site-packages/airflow/example_dags/example_local_kubernetes_executor.py
[2026-09-10T13:46:23.019+0000] {logging_mixin.py:188} INFO - [2026-09-10T13:46:23.019+0000] {dag.py:3047} INFO - Sync 1 DAGs
[2026-09-10T13:46:23.031+0000] {logging_mixin.py:188} INFO - [2026-09-10T13:46:23.031+0000] {dag.py:3834} INFO - Setting next_dagrun for example_local_kubernetes_executor to None, run_after=None
[2026-09-10T13:46:23.248+0000] {processor.py:183} INFO - Processing /home/airflow/.local/lib/python3.8/site-packages/airflow/example_dags/example_local_kubernetes_executor.py took 0.288 seconds
[2026-09-10T13:46:56.883+0000] {processor.py:161} INFO - Started process (PID=435) to work on /home/airflow/.local/lib/python3.8/site-packages/airflow/example_dags/example_local_kubernetes_executor.py
[2026-09-10T13:46:56.884+0000] {processor.py:830} INFO - Processing file /home/airflow/.local/lib/python3.8/site-packages/airflow/example_dags/example_local_kubernetes_executor.py for tasks to queue
[2026-09-10T13:46:56.887+0000] {logging_mixin.py:188} INFO - [2026-09-10T13:46:56.887+0000] {dagbag.py:540} INFO - Filling up the DagBag from /home/airflow/.local/lib/python3.8/site-packages/airflow/example_dags/example_local_kubernetes_executor.py
[2026-09-10T13:46:56.896+0000] {processor.py:840} INFO - DAG(s) 'example_local_kubernetes_executor' retrieved from /home/airflow/.local/lib/python3.8/site-packages/airflow/example_dags/example_local_kubernetes_executor.py
[2026-09-10T13:46:56.945+0000] {logging_mixin.py:188} INFO - [2026-09-10T13:46:56.944+0000] {dag.py:3047} INFO - Sync 1 DAGs
[2026-09-10T13:46:56.962+0000] {logging_mixin.py:188} INFO - [2026-09-10T13:46:56.961+0000] {dag.py:3834} INFO - Setting next_dagrun for example_local_kubernetes_executor to None, run_after=None
[2026-09-10T13:46:57.017+0000] {processor.py:183} INFO - Processing /home/airflow/.local/lib/python3.8/site-packages/airflow/example_dags/example_local_kubernetes_executor.py took 0.139 seconds
[2026-09-10T13:47:27.181+0000] {processor.py:161} INFO - Started process (PID=496) to work on /home/airflow/.local/lib/python3.8/site-packages/airflow/example_dags/example_local_kubernetes_executor.py
[2026-09-10T13:47:27.183+0000] {processor.py:830} INFO - Processing file /home/airflow/.local/lib/python3.8/site-packages/airflow/example_dags/example_local_kubernetes_executor.py for tasks to queue
[2026-09-10T13:47:27.187+0000] {logging_mixin.py:188} INFO - [2026-09-10T13:47:27.186+0000] {dagbag.py:540} INFO - Filling up the DagBag from /home/airflow/.local/lib/python3.8/site-packages/airflow/example_dags/example_local_kubernetes_executor.py
[2026-09-10T13:47:27.201+0000] {processor.py:840} INFO - DAG(s) 'example_local_kubernetes_executor' retrieved from /home/airflow/.local/lib/python3.8/site-packages/airflow/example_dags/example_local_kubernetes_executor.py
[2026-09-10T13:47:27.255+0000] {logging_mixin.py:188} INFO - [2026-09-10T13:47:27.255+0000] {dag.py:3047} INFO - Sync 1 DAGs
[2026-09-10T13:47:27.275+0000] {logging_mixin.py:188} INFO - [2026-09-10T13:47:27.275+0000] {dag.py:3834} INFO - Setting next_dagrun for example_local_kubernetes_executor to None, run_after=None
[2026-09-10T13:47:27.453+0000] {processor.py:183} INFO - Processing /home/airflow/.local/lib/python3.8/site-packages/airflow/example_dags/example_local_kubernetes_executor.py took 0.279 seconds
[2026-09-10T13:47:57.647+0000] {processor.py:161} INFO - Started process (PID=565) to work on /home/airflow/.local/lib/python3.8/site-packages/airflow/example_dags/example_local_kubernetes_executor.py
[2026-09-10T13:47:57.649+0000] {processor.py:830} INFO - Processing file /home/airflow/.local/lib/python3.8/site-packages/airflow/example_dags/example_local_kubernetes_executor.py for tasks to queue
[2026-09-10T13:47:57.652+0000] {logging_mixin.py:188} INFO - [2026-09-10T13:47:57.651+0000] {dagbag.py:540} INFO - Filling up the DagBag from /home/airflow/.local/lib/python3.8/site-packages/airflow/example_dags/example_local_kubernetes_executor.py
[2026-09-10T13:47:57.665+0000] {processor.py:840} INFO - DAG(s) 'example_local_kubernetes_executor' retrieved from /home/airflow/.local/lib/python3.8/site-packages/airflow/example_dags/example_local_kubernetes_executor.py
[2026-09-10T13:47:57.707+0000] {logging_mixin.py:188} INFO - [2026-09-10T13:47:57.707+0000] {dag.py:3047} INFO - Sync 1 DAGs
[2026-09-10T13:47:57.721+0000] {logging_mixin.py:188} INFO - [2026-09-10T13:47:57.720+0000] {dag.py:3834} INFO - Setting next_dagrun for example_local_kubernetes_executor to None, run_after=None
[2026-09-10T13:47:57.788+0000] {processor.py:183} INFO - Processing /home/airflow/.local/lib/python3.8/site-packages/airflow/example_dags/example_local_kubernetes_executor.py took 0.144 seconds
[2026-09-10T13:48:28.708+0000] {processor.py:161} INFO - Started process (PID=626) to work on /home/airflow/.local/lib/python3.8/site-packages/airflow/example_dags/example_local_kubernetes_executor.py
[2026-09-10T13:48:28.711+0000] {processor.py:830} INFO - Processing file /home/airflow/.local/lib/python3.8/site-packages/airflow/example_dags/example_local_kubernetes_executor.py for tasks to queue
[2026-09-10T13:48:28.714+0000] {logging_mixin.py:188} INFO - [2026-09-10T13:48:28.713+0000] {dagbag.py:540} INFO - Filling up the DagBag from /home/airflow/.local/lib/python3.8/site-packages/airflow/example_dags/example_local_kubernetes_executor.py
[2026-09-10T13:48:28.732+0000] {processor.py:840} INFO - DAG(s) 'example_local_kubernetes_executor' retrieved from /home/airflow/.local/lib/python3.8/site-packages/airflow/example_dags/example_local_kubernetes_executor.py
[2026-09-10T13:48:28.791+0000] {logging_mixin.py:188} INFO - [2026-09-10T13:48:28.791+0000] {dag.py:3047} INFO - Sync 1 DAGs
[2026-09-10T13:48:28.811+0000] {logging_mixin.py:188} INFO - [2026-09-10T13:48:28.810+0000] {dag.py:3834} INFO - Setting next_dagrun for example_local_kubernetes_executor to None, run_after=None
[2026-09-10T13:48:28.890+0000] {processor.py:183} INFO - Processing /home/airflow/.local/lib/python3.8/site-packages/airflow/example_dags/example_local_kubernetes_executor.py took 0.187 seconds
[2026-09-10T13:48:59.293+0000] {processor.py:161} INFO - Started process (PID=687) to work on /home/airflow/.local/lib/python3.8/site-packages/airflow/example_dags/example_local_kubernetes_executor.py
[2026-09-10T13:48:59.295+0000] {processor.py:830} INFO - Processing file /home/airflow/.local/lib/python3.8/site-packages/airflow/example_dags/example_local_kubernetes_executor.py for tasks to queue
[2026-09-10T13:48:59.297+0000] {logging_mixin.py:188} INFO - [2026-09-10T13:48:59.297+0000] {dagbag.py:540} INFO - Filling up the DagBag from /home/airflow/.local/lib/python3.8/site-packages/airflow/example_dags/example_local_kubernetes_executor.py
[2026-09-10T13:48:59.310+0000] {processor.py:840} INFO - DAG(s) 'example_local_kubernetes_executor' retrieved from /home/airflow/.local/lib/python3.8/site-packages/airflow/example_dags/example_local_kubernetes_executor.py
[2026-09-10T13:48:59.356+0000] {logging_mixin.py:188} INFO - [2026-09-10T13:48:59.356+0000] {dag.py:3047} INFO - Sync 1 DAGs
[2026-09-10T13:48:59.369+0000] {logging_mixin.py:188} INFO - [2026-09-10T13:48:59.369+0000] {dag.py:3834} INFO - Setting next_dagrun for example_local_kubernetes_executor to None, run_after=None
[2026-09-10T13:48:59.497+0000] {processor.py:183} INFO - Processing /home/airflow/.local/lib/python3.8/site-packages/airflow/example_dags/example_local_kubernetes_executor.py took 0.209 seconds
[2026-09-10T13:49:30.208+0000] {processor.py:161} INFO - Started process (PID=748) to work on /home/airflow/.local/lib/python3.8/site-packages/airflow/example_dags/example_local_kubernetes_executor.py
[2026-09-10T13:49:30.210+0000] {processor.py:830} INFO - Processing file /home/airflow/.local/lib/python3.8/site-packages/airflow/example_dags/example_local_kubernetes_executor.py for tasks to queue
[2026-09-10T13:49:30.214+0000] {logging_mixin.py:188} INFO - [2026-09-10T13:49:30.213+0000] {dagbag.py:540} INFO - Filling up the DagBag from /home/airflow/.local/lib/python3.8/site-packages/airflow/example_dags/example_local_kubernetes_executor.py
[2026-09-10T13:49:30.227+0000] {processor.py:840} INFO - DAG(s) 'example_local_kubernetes_executor' retrieved from /home/airflow/.local/lib/python3.8/site-packages/airflow/example_dags/example_local_kubernetes_executor.py
[2026-09-10T13:49:30.277+0000] {logging_mixin.py:188} INFO - [2026-09-10T13:49:30.276+0000] {dag.py:3047} INFO - Sync 1 DAGs
[2026-09-10T13:49:30.294+0000] {logging_mixin.py:188} INFO - [2026-09-10T13:49:30.293+0000] {dag.py:3834} INFO - Setting next_dagrun for example_local_kubernetes_executor to None, run_after=None
[2026-09-10T13:49:30.373+0000] {processor.py:183} INFO - Processing /home/airflow/.local/lib/python3.8/site-packages/airflow/example_dags/example_local_kubernetes_executor.py took 0.169 seconds
[2026-09-10T13:50:01.038+0000] {processor.py:161} INFO - Started process (PID=809) to work on /home/airflow/.local/lib/python3.8/site-packages/airflow/example_dags/example_local_kubernetes_executor.py
[2026-09-10T13:50:01.040+0000] {processor.py:830} INFO - Processing file /home/airflow/.local/lib/python3.8/site-packages/airflow/example_dags/example_local_kubernetes_executor.py for tasks to queue
[2026-09-10T13:50:01.044+0000] {logging_mixin.py:188} INFO - [2026-09-10T13:50:01.044+0000] {dagbag.py:540} INFO - Filling up the DagBag from /home/airflow/.local/lib/python3.8/site-packages/airflow/example_dags/example_local_kubernetes_executor.py
[2026-09-10T13:50:01.059+0000] {processor.py:840} INFO - DAG(s) 'example_local_kubernetes_executor' retrieved from /home/airflow/.local/lib/python3.8/site-packages/airflow/example_dags/example_local_kubernetes_executor.py
[2026-09-10T13:50:01.115+0000] {logging_mixin.py:188} INFO - [2026-09-10T13:50:01.114+0000] {dag.py:3047} INFO - Sync 1 DAGs
[2026-09-10T13:50:01.133+0000] {logging_mixin.py:188} INFO - [2026-09-10T13:50:01.132+0000] {dag.py:3834} INFO - Setting next_dagrun for example_local_kubernetes_executor to None, run_after=None
[2026-09-10T13:50:01.249+0000] {processor.py:183} INFO - Processing /home/airflow/.local/lib/python3.8/site-packages/airflow/example_dags/example_local_kubernetes_executor.py took 0.217 seconds
[2026-09-10T13:50:31.370+0000] {processor.py:161} INFO - Started process (PID=870) to work on /home/airflow/.local/lib/python3.8/site-packages/airflow/example_dags/example_local_kubernetes_executor.py
[2026-09-10T13:50:31.372+0000] {processor.py:830} INFO - Processing file /home/airflow/.local/lib/python3.8/site-packages/airflow/example_dags/example_local_kubernetes_executor.py for tasks to queue
[2026-09-10T13:50:31.374+0000] {logging_mixin.py:188} INFO - [2026-09-10T13:50:31.374+0000] {dagbag.py:540} INFO - Filling up the DagBag from /home/airflow/.local/lib/python3.8/site-packages/airflow/example_dags/example_local_kubernetes_executor.py
[2026-09-10T13:50:31.383+0000] {processor.py:840} INFO - DAG(s) 'example_local_kubernetes_executor' retrieved from /home/airflow/.local/lib/python3.8/site-packages/airflow/example_dags/example_local_kubernetes_executor.py
[2026-09-10T13:50:31.425+0000] {logging_mixin.py:188} INFO - [2026-09-10T13:50:31.424+0000] {dag.py:3047} INFO - Sync 1 DAGs
[2026-09-10T13:50:31.440+0000] {logging_mixin.py:188} INFO - [2026-09-10T13:50:31.440+0000] {dag.py:3834} INFO - Setting next_dagrun for example_local_kubernetes_executor to None, run_after=None
[2026-09-10T13:50:31.576+0000] {processor.py:183} INFO - Processing /home/airflow/.local/lib/python3.8/site-packages/airflow/example_dags/example_local_kubernetes_executor.py took 0.210 seconds
[2026-09-10T13:51:02.443+0000] {processor.py:161} INFO - Started process (PID=935) to work on /home/airflow/.local/lib/python3.8/site-packages/airflow/example_dags/example_local_kubernetes_executor.py
[2026-09-10T13:51:02.446+0000] {processor.py:830} INFO - Processing file /home/airflow/.local/lib/python3.8/site-packages/airflow/example_dags/example_local_kubernetes_executor.py for tasks to queue
[2026-09-10T13:51:02.451+0000] {logging_mixin.py:188} INFO - [2026-09-10T13:51:02.450+0000] {dagbag.py:540} INFO - Filling up the DagBag from /home/airflow/.local/lib/python3.8/site-packages/airflow/example_dags/example_local_kubernetes_executor.py
[2026-09-10T13:51:02.465+0000] {processor.py:840} INFO - DAG(s) 'example_local_kubernetes_executor' retrieved from /home/airflow/.local/lib/python3.8/site-packages/airflow/example_dags/example_local_kubernetes_executor.py
[2026-09-10T13:51:02.515+0000] {logging_mixin.py:188} INFO - [2026-09-10T13:51:02.515+0000] {dag.py:3047} INFO - Sync 1 DAGs
[2026-09-10T13:51:02.535+0000] {logging_mixin.py:188} INFO - [2026-09-10T13:51:02.534+0000] {dag.py:3834} INFO - Setting next_dagrun for example_local_kubernetes_executor to None, run_after=None
[2026-09-10T13:51:02.560+0000] {processor.py:183} INFO - Processing /home/airflow/.local/lib/python3.8/site-packages/airflow/example_dags/example_local_kubernetes_executor.py took 0.123 seconds
[2026-09-10T13:51:33.131+0000] {processor.py:161} INFO - Started process (PID=996) to work on /home/airflow/.local/lib/python3.8/site-packages/airflow/example_dags/example_local_kubernetes_executor.py
[2026-09-10T13:51:33.133+0000] {processor.py:830} INFO - Processing file /home/airflow/.local/lib/python3.8/site-packages/airflow/example_dags/example_local_kubernetes_executor.py for tasks to queue
[2026-09-10T13:51:33.136+0000] {logging_mixin.py:188} INFO - [2026-09-10T13:51:33.135+0000] {dagbag.py:540} INFO - Filling up the DagBag from /home/airflow/.local/lib/python3.8/site-packages/airflow/example_dags/example_local_kubernetes_executor.py
[2026-09-10T13:51:33.148+0000] {processor.py:840} INFO - DAG(s) 'example_local_kubernetes_executor' retrieved from /home/airflow/.local/lib/python3.8/site-packages/airflow/example_dags/example_local_kubernetes_executor.py
[2026-09-10T13:51:33.194+0000] {logging_mixin.py:188} INFO - [2026-09-10T13:51:33.194+0000] {dag.py:3047} INFO - Sync 1 DAGs
[2026-09-10T13:51:33.210+0000] {logging_mixin.py:188} INFO - [2026-09-10T13:51:33.209+0000] {dag.py:3834} INFO - Setting next_dagrun for example_local_kubernetes_executor to None, run_after=None
[2026-09-10T13:51:33.230+0000] {processor.py:183} INFO - Processing /home/airflow/.local/lib/python3.8/site-packages/airflow/example_dags/example_local_kubernetes_executor.py took 0.103 seconds
[2026-09-10T13:52:03.421+0000] {processor.py:161} INFO - Started process (PID=1057) to work on /home/airflow/.local/lib/python3.8/site-packages/airflow/example_dags/example_local_kubernetes_executor.py
[2026-09-10T13:52:03.423+0000] {processor.py:830} INFO - Processing file /home/airflow/.local/lib/python3.8/site-packages/airflow/example_dags/example_local_kubernetes_executor.py for tasks to queue
[2026-09-10T13:52:03.427+0000] {logging_mixin.py:188} INFO - [2026-09-10T13:52:03.426+0000] {dagbag.py:540} INFO - Filling up the DagBag from /home/airflow/.local/lib/python3.8/site-packages/airflow/example_dags/example_local_kubernetes_executor.py
[2026-09-10T13:52:03.437+0000] {processor.py:840} INFO - DAG(s) 'example_local_kubernetes_executor' retrieved from /home/airflow/.local/lib/python3.8/site-packages/airflow/example_dags/example_local_kubernetes_executor.py
[2026-09-10T13:52:03.479+0000] {logging_mixin.py:188} INFO - [2026-09-10T13:52:03.479+0000] {dag.py:3047} INFO - Sync 1 DAGs
[2026-09-10T13:52:03.494+0000] {logging_mixin.py:188} INFO - [2026-09-10T13:52:03.494+0000] {dag.py:3834} INFO - Setting next_dagrun for example_local_kubernetes_executor to None, run_after=None
[2026-09-10T13:52:03.519+0000] {processor.py:183} INFO - Processing /home/airflow/.local/lib/python3.8/site-packages/airflow/example_dags/example_local_kubernetes_executor.py took 0.101 seconds
[2026-09-10T13:52:33.887+0000] {processor.py:161} INFO - Started process (PID=1122) to work on /home/airflow/.local/lib/python3.8/site-packages/airflow/example_dags/example_local_kubernetes_executor.py
[2026-09-10T13:52:33.889+0000] {processor.py:830} INFO - Processing file /home/airflow/.local/lib/python3.8/site-packages/airflow/example_dags/example_local_kubernetes_executor.py for tasks to queue
[2026-09-10T13:52:33.892+0000] {logging_mixin.py:188} INFO - [2026-09-10T13:52:33.892+0000] {dagbag.py:540} INFO - Filling up the DagBag from /home/airflow/.local/lib/python3.8/site-packages/airflow/example_dags/example_local_kubernetes_executor.py
[2026-09-10T13:52:33.904+0000] {processor.py:840} INFO - DAG(s) 'example_local_kubernetes_executor' retrieved from /home/airflow/.local/lib/python3.8/site-packages/airflow/example_dags/example_local_kubernetes_executor.py
[2026-09-10T13:52:33.957+0000] {logging_mixin.py:188} INFO - [2026-09-10T13:52:33.957+0000] {dag.py:3047} INFO - Sync 1 DAGs
[2026-09-10T13:52:33.981+0000] {logging_mixin.py:188} INFO - [2026-09-10T13:52:33.981+0000] {dag.py:3834} INFO - Setting next_dagrun for example_local_kubernetes_executor to None, run_after=None
[2026-09-10T13:52:34.010+0000] {processor.py:183} INFO - Processing /home/airflow/.local/lib/python3.8/site-packages/airflow/example_dags/example_local_kubernetes_executor.py took 0.128 seconds
[2026-09-10T13:53:04.787+0000] {processor.py:161} INFO - Started process (PID=1183) to work on /home/airflow/.local/lib/python3.8/site-packages/airflow/example_dags/example_local_kubernetes_executor.py
[2026-09-10T13:53:04.789+0000] {processor.py:830} INFO - Processing file /home/airflow/.local/lib/python3.8/site-packages/airflow/example_dags/example_local_kubernetes_executor.py for tasks to queue
[2026-09-10T13:53:04.793+0000] {logging_mixin.py:188} INFO - [2026-09-10T13:53:04.792+0000] {dagbag.py:540} INFO - Filling up the DagBag from /home/airflow/.local/lib/python3.8/site-packages/airflow/example_dags/example_local_kubernetes_executor.py
[2026-09-10T13:53:04.809+0000] {processor.py:840} INFO - DAG(s) 'example_local_kubernetes_executor' retrieved from /home/airflow/.local/lib/python3.8/site-packages/airflow/example_dags/example_local_kubernetes_executor.py
[2026-09-10T13:53:04.863+0000] {logging_mixin.py:188} INFO - [2026-09-10T13:53:04.863+0000] {dag.py:3047} INFO - Sync 1 DAGs
[2026-09-10T13:53:04.891+0000] {logging_mixin.py:188} INFO - [2026-09-10T13:53:04.891+0000] {dag.py:3834} INFO - Setting next_dagrun for example_local_kubernetes_executor to None, run_after=None
[2026-09-10T13:53:04.915+0000] {processor.py:183} INFO - Processing /home/airflow/.local/lib/python3.8/site-packages/airflow/example_dags/example_local_kubernetes_executor.py took 0.133 seconds
[2026-09-10T13:53:35.062+0000] {processor.py:161} INFO - Started process (PID=1244) to work on /home/airflow/.local/lib/python3.8/site-packages/airflow/example_dags/example_local_kubernetes_executor.py
[2026-09-10T13:53:35.066+0000] {processor.py:830} INFO - Processing file /home/airflow/.local/lib/python3.8/site-packages/airflow/example_dags/example_local_kubernetes_executor.py for tasks to queue
[2026-09-10T13:53:35.070+0000] {logging_mixin.py:188} INFO - [2026-09-10T13:53:35.070+0000] {dagbag.py:540} INFO - Filling up the DagBag from /home/airflow/.local/lib/python3.8/site-packages/airflow/example_dags/example_local_kubernetes_executor.py
[2026-09-10T13:53:35.083+0000] {processor.py:840} INFO - DAG(s) 'example_local_kubernetes_executor' retrieved from /home/airflow/.local/lib/python3.8/site-packages/airflow/example_dags/example_local_kubernetes_executor.py
[2026-09-10T13:53:35.156+0000] {logging_mixin.py:188} INFO - [2026-09-10T13:53:35.155+0000] {dag.py:3047} INFO - Sync 1 DAGs
[2026-09-10T13:53:35.188+0000] {logging_mixin.py:188} INFO - [2026-09-10T13:53:35.188+0000] {dag.py:3834} INFO - Setting next_dagrun for example_local_kubernetes_executor to None, run_after=None
[2026-09-10T13:53:35.238+0000] {processor.py:183} INFO - Processing /home/airflow/.local/lib/python3.8/site-packages/airflow/example_dags/example_local_kubernetes_executor.py took 0.181 seconds
[2026-09-10T13:54:06.472+0000] {processor.py:161} INFO - Started process (PID=1306) to work on /home/airflow/.local/lib/python3.8/site-packages/airflow/example_dags/example_local_kubernetes_executor.py
[2026-09-10T13:54:06.475+0000] {processor.py:830} INFO - Processing file /home/airflow/.local/lib/python3.8/site-packages/airflow/example_dags/example_local_kubernetes_executor.py for tasks to queue
[2026-09-10T13:54:06.483+0000] {logging_mixin.py:188} INFO - [2026-09-10T13:54:06.482+0000] {dagbag.py:540} INFO - Filling up the DagBag from /home/airflow/.local/lib/python3.8/site-packages/airflow/example_dags/example_local_kubernetes_executor.py
[2026-09-10T13:54:06.502+0000] {processor.py:840} INFO - DAG(s) 'example_local_kubernetes_executor' retrieved from /home/airflow/.local/lib/python3.8/site-packages/airflow/example_dags/example_local_kubernetes_executor.py
[2026-09-10T13:54:06.603+0000] {logging_mixin.py:188} INFO - [2026-09-10T13:54:06.602+0000] {dag.py:3047} INFO - Sync 1 DAGs
[2026-09-10T13:54:06.639+0000] {logging_mixin.py:188} INFO - [2026-09-10T13:54:06.639+0000] {dag.py:3834} INFO - Setting next_dagrun for example_local_kubernetes_executor to None, run_after=None
[2026-09-10T13:54:06.666+0000] {processor.py:183} INFO - Processing /home/airflow/.local/lib/python3.8/site-packages/airflow/example_dags/example_local_kubernetes_executor.py took 0.203 seconds
[2026-09-10T13:54:36.741+0000] {processor.py:161} INFO - Started process (PID=1367) to work on /home/airflow/.local/lib/python3.8/site-packages/airflow/example_dags/example_local_kubernetes_executor.py
[2026-09-10T13:54:36.743+0000] {processor.py:830} INFO - Processing file /home/airflow/.local/lib/python3.8/site-packages/airflow/example_dags/example_local_kubernetes_executor.py for tasks to queue
[2026-09-10T13:54:36.746+0000] {logging_mixin.py:188} INFO - [2026-09-10T13:54:36.745+0000] {dagbag.py:540} INFO - Filling up the DagBag from /home/airflow/.local/lib/python3.8/site-packages/airflow/example_dags/example_local_kubernetes_executor.py
[2026-09-10T13:54:36.755+0000] {processor.py:840} INFO - DAG(s) 'example_local_kubernetes_executor' retrieved from /home/airflow/.local/lib/python3.8/site-packages/airflow/example_dags/example_local_kubernetes_executor.py
[2026-09-10T13:54:36.801+0000] {logging_mixin.py:188} INFO - [2026-09-10T13:54:36.800+0000] {dag.py:3047} INFO - Sync 1 DAGs
[2026-09-10T13:54:36.816+0000] {logging_mixin.py:188} INFO - [2026-09-10T13:54:36.816+0000] {dag.py:3834} INFO - Setting next_dagrun for example_local_kubernetes_executor to None, run_after=None
[2026-09-10T13:54:36.838+0000] {processor.py:183} INFO - Processing /home/airflow/.local/lib/python3.8/site-packages/airflow/example_dags/example_local_kubernetes_executor.py took 0.101 seconds
[2026-09-10T13:55:08.547+0000] {processor.py:161} INFO - Started process (PID=1428) to work on /home/airflow/.local/lib/python3.8/site-packages/airflow/example_dags/example_local_kubernetes_executor.py
[2026-09-10T13:55:08.550+0000] {processor.py:830} INFO - Processing file /home/airflow/.local/lib/python3.8/site-packages/airflow/example_dags/example_local_kubernetes_executor.py for tasks to queue
[2026-09-10T13:55:08.560+0000] {logging_mixin.py:188} INFO - [2026-09-10T13:55:08.559+0000] {dagbag.py:540} INFO - Filling up the DagBag from /home/airflow/.local/lib/python3.8/site-packages/airflow/example_dags/example_local_kubernetes_executor.py
[2026-09-10T13:55:08.587+0000] {processor.py:840} INFO - DAG(s) 'example_local_kubernetes_executor' retrieved from /home/airflow/.local/lib/python3.8/site-packages/airflow/example_dags/example_local_kubernetes_executor.py
[2026-09-10T13:55:08.688+0000] {logging_mixin.py:188} INFO - [2026-09-10T13:55:08.687+0000] {dag.py:3047} INFO - Sync 1 DAGs
[2026-09-10T13:55:08.726+0000] {logging_mixin.py:188} INFO - [2026-09-10T13:55:08.726+0000] {dag.py:3834} INFO - Setting next_dagrun for example_local_kubernetes_executor to None, run_after=None
[2026-09-10T13:55:08.792+0000] {processor.py:183} INFO - Processing /home/airflow/.local/lib/python3.8/site-packages/airflow/example_dags/example_local_kubernetes_executor.py took 0.253 seconds
[2026-09-10T13:55:39.440+0000] {processor.py:161} INFO - Started process (PID=1494) to work on /home/airflow/.local/lib/python3.8/site-packages/airflow/example_dags/example_local_kubernetes_executor.py
[2026-09-10T13:55:39.442+0000] {processor.py:830} INFO - Processing file /home/airflow/.local/lib/python3.8/site-packages/airflow/example_dags/example_local_kubernetes_executor.py for tasks to queue
[2026-09-10T13:55:39.444+0000] {logging_mixin.py:188} INFO - [2026-09-10T13:55:39.444+0000] {dagbag.py:540} INFO - Filling up the DagBag from /home/airflow/.local/lib/python3.8/site-packages/airflow/example_dags/example_local_kubernetes_executor.py
[2026-09-10T13:55:39.455+0000] {processor.py:840} INFO - DAG(s) 'example_local_kubernetes_executor' retrieved from /home/airflow/.local/lib/python3.8/site-packages/airflow/example_dags/example_local_kubernetes_executor.py
[2026-09-10T13:55:39.498+0000] {logging_mixin.py:188} INFO - [2026-09-10T13:55:39.497+0000] {dag.py:3047} INFO - Sync 1 DAGs
[2026-09-10T13:55:39.512+0000] {logging_mixin.py:188} INFO - [2026-09-10T13:55:39.512+0000] {dag.py:3834} INFO - Setting next_dagrun for example_local_kubernetes_executor to None, run_after=None
[2026-09-10T13:55:39.544+0000] {processor.py:183} INFO - Processing /home/airflow/.local/lib/python3.8/site-packages/airflow/example_dags/example_local_kubernetes_executor.py took 0.108 seconds
[2026-09-10T13:56:09.939+0000] {processor.py:161} INFO - Started process (PID=1555) to work on /home/airflow/.local/lib/python3.8/site-packages/airflow/example_dags/example_local_kubernetes_executor.py
[2026-09-10T13:56:09.941+0000] {processor.py:830} INFO - Processing file /home/airflow/.local/lib/python3.8/site-packages/airflow/example_dags/example_local_kubernetes_executor.py for tasks to queue
[2026-09-10T13:56:09.944+0000] {logging_mixin.py:188} INFO - [2026-09-10T13:56:09.944+0000] {dagbag.py:540} INFO - Filling up the DagBag from /home/airflow/.local/lib/python3.8/site-packages/airflow/example_dags/example_local_kubernetes_executor.py
[2026-09-10T13:56:09.955+0000] {processor.py:840} INFO - DAG(s) 'example_local_kubernetes_executor' retrieved from /home/airflow/.local/lib/python3.8/site-packages/airflow/example_dags/example_local_kubernetes_executor.py
[2026-09-10T13:56:10.014+0000] {logging_mixin.py:188} INFO - [2026-09-10T13:56:10.014+0000] {dag.py:3047} INFO - Sync 1 DAGs
[2026-09-10T13:56:10.042+0000] {logging_mixin.py:188} INFO - [2026-09-10T13:56:10.041+0000] {dag.py:3834} INFO - Setting next_dagrun for example_local_kubernetes_executor to None, run_after=None
[2026-09-10T13:56:10.075+0000] {processor.py:183} INFO - Processing /home/airflow/.local/lib/python3.8/site-packages/airflow/example_dags/example_local_kubernetes_executor.py took 0.141 seconds
[2026-09-10T13:56:40.565+0000] {processor.py:161} INFO - Started process (PID=1622) to work on /home/airflow/.local/lib/python3.8/site-packages/airflow/example_dags/example_local_kubernetes_executor.py
[2026-09-10T13:56:40.567+0000] {processor.py:830} INFO - Processing file /home/airflow/.local/lib/python3.8/site-packages/airflow/example_dags/example_local_kubernetes_executor.py for tasks to queue
[2026-09-10T13:56:40.570+0000] {logging_mixin.py:188} INFO - [2026-09-10T13:56:40.569+0000] {dagbag.py:540} INFO - Filling up the DagBag from /home/airflow/.local/lib/python3.8/site-packages/airflow/example_dags/example_local_kubernetes_executor.py
[2026-09-10T13:56:40.580+0000] {processor.py:840} INFO - DAG(s) 'example_local_kubernetes_executor' retrieved from /home/airflow/.local/lib/python3.8/site-packages/airflow/example_dags/example_local_kubernetes_executor.py
[2026-09-10T13:56:40.631+0000] {logging_mixin.py:188} INFO - [2026-09-10T13:56:40.631+0000] {dag.py:3047} INFO - Sync 1 DAGs
[2026-09-10T13:56:40.650+0000] {logging_mixin.py:188} INFO - [2026-09-10T13:56:40.650+0000] {dag.py:3834} INFO - Setting next_dagrun for example_local_kubernetes_executor to None, run_after=None
[2026-09-10T13:56:40.675+0000] {processor.py:183} INFO - Processing /home/airflow/.local/lib/python3.8/site-packages/airflow/example_dags/example_local_kubernetes_executor.py took 0.114 seconds
[2026-09-10T13:57:11.043+0000] {processor.py:161} INFO - Started process (PID=1681) to work on /home/airflow/.local/lib/python3.8/site-packages/airflow/example_dags/example_local_kubernetes_executor.py
[2026-09-10T13:57:11.045+0000] {processor.py:830} INFO - Processing file /home/airflow/.local/lib/python3.8/site-packages/airflow/example_dags/example_local_kubernetes_executor.py for tasks to queue
[2026-09-10T13:57:11.047+0000] {logging_mixin.py:188} INFO - [2026-09-10T13:57:11.047+0000] {dagbag.py:540} INFO - Filling up the DagBag from /home/airflow/.local/lib/python3.8/site-packages/airflow/example_dags/example_local_kubernetes_executor.py
[2026-09-10T13:57:11.057+0000] {processor.py:840} INFO - DAG(s) 'example_local_kubernetes_executor' retrieved from /home/airflow/.local/lib/python3.8/site-packages/airflow/example_dags/example_local_kubernetes_executor.py
[2026-09-10T13:57:11.107+0000] {logging_mixin.py:188} INFO - [2026-09-10T13:57:11.107+0000] {dag.py:3047} INFO - Sync 1 DAGs
[2026-09-10T13:57:11.124+0000] {logging_mixin.py:188} INFO - [2026-09-10T13:57:11.124+0000] {dag.py:3834} INFO - Setting next_dagrun for example_local_kubernetes_executor to None, run_after=None
[2026-09-10T13:57:11.152+0000] {processor.py:183} INFO - Processing /home/airflow/.local/lib/python3.8/site-packages/airflow/example_dags/example_local_kubernetes_executor.py took 0.113 seconds
[2026-09-10T13:57:42.281+0000] {processor.py:161} INFO - Started process (PID=1742) to work on /home/airflow/.local/lib/python3.8/site-packages/airflow/example_dags/example_local_kubernetes_executor.py
[2026-09-10T13:57:42.283+0000] {processor.py:830} INFO - Processing file /home/airflow/.local/lib/python3.8/site-packages/airflow/example_dags/example_local_kubernetes_executor.py for tasks to queue
[2026-09-10T13:57:42.287+0000] {logging_mixin.py:188} INFO - [2026-09-10T13:57:42.286+0000] {dagbag.py:540} INFO - Filling up the DagBag from /home/airflow/.local/lib/python3.8/site-packages/airflow/example_dags/example_local_kubernetes_executor.py
[2026-09-10T13:57:42.298+0000] {processor.py:840} INFO - DAG(s) 'example_local_kubernetes_executor' retrieved from /home/airflow/.local/lib/python3.8/site-packages/airflow/example_dags/example_local_kubernetes_executor.py
[2026-09-10T13:57:42.349+0000] {logging_mixin.py:188} INFO - [2026-09-10T13:57:42.348+0000] {dag.py:3047} INFO - Sync 1 DAGs
[2026-09-10T13:57:42.367+0000] {logging_mixin.py:188} INFO - [2026-09-10T13:57:42.367+0000] {dag.py:3834} INFO - Setting next_dagrun for example_local_kubernetes_executor to None, run_after=None
[2026-09-10T13:57:42.390+0000] {processor.py:183} INFO - Processing /home/airflow/.local/lib/python3.8/site-packages/airflow/example_dags/example_local_kubernetes_executor.py took 0.112 seconds
[2026-09-10T13:58:13.227+0000] {processor.py:161} INFO - Started process (PID=1803) to work on /home/airflow/.local/lib/python3.8/site-packages/airflow/example_dags/example_local_kubernetes_executor.py
[2026-09-10T13:58:13.230+0000] {processor.py:830} INFO - Processing file /home/airflow/.local/lib/python3.8/site-packages/airflow/example_dags/example_local_kubernetes_executor.py for tasks to queue
[2026-09-10T13:58:13.233+0000] {logging_mixin.py:188} INFO - [2026-09-10T13:58:13.232+0000] {dagbag.py:540} INFO - Filling up the DagBag from /home/airflow/.local/lib/python3.8/site-packages/airflow/example_dags/example_local_kubernetes_executor.py
[2026-09-10T13:58:13.246+0000] {processor.py:840} INFO - DAG(s) 'example_local_kubernetes_executor' retrieved from /home/airflow/.local/lib/python3.8/site-packages/airflow/example_dags/example_local_kubernetes_executor.py
[2026-09-10T13:58:13.295+0000] {logging_mixin.py:188} INFO - [2026-09-10T13:58:13.294+0000] {dag.py:3047} INFO - Sync 1 DAGs
[2026-09-10T13:58:13.316+0000] {logging_mixin.py:188} INFO - [2026-09-10T13:58:13.316+0000] {dag.py:3834} INFO - Setting next_dagrun for example_local_kubernetes_executor to None, run_after=None
[2026-09-10T13:58:13.340+0000] {processor.py:183} INFO - Processing /home/airflow/.local/lib/python3.8/site-packages/airflow/example_dags/example_local_kubernetes_executor.py took 0.119 seconds
[2026-09-10T13:58:43.504+0000] {processor.py:161} INFO - Started process (PID=1864) to work on /home/airflow/.local/lib/python3.8/site-packages/airflow/example_dags/example_local_kubernetes_executor.py
[2026-09-10T13:58:43.506+0000] {processor.py:830} INFO - Processing file /home/airflow/.local/lib/python3.8/site-packages/airflow/example_dags/example_local_kubernetes_executor.py for tasks to queue
[2026-09-10T13:58:43.509+0000] {logging_mixin.py:188} INFO - [2026-09-10T13:58:43.508+0000] {dagbag.py:540} INFO - Filling up the DagBag from /home/airflow/.local/lib/python3.8/site-packages/airflow/example_dags/example_local_kubernetes_executor.py
[2026-09-10T13:58:43.522+0000] {processor.py:840} INFO - DAG(s) 'example_local_kubernetes_executor' retrieved from /home/airflow/.local/lib/python3.8/site-packages/airflow/example_dags/example_local_kubernetes_executor.py
[2026-09-10T13:58:43.567+0000] {logging_mixin.py:188} INFO - [2026-09-10T13:58:43.567+0000] {dag.py:3047} INFO - Sync 1 DAGs
[2026-09-10T13:58:43.584+0000] {logging_mixin.py:188} INFO - [2026-09-10T13:58:43.583+0000] {dag.py:3834} INFO - Setting next_dagrun for example_local_kubernetes_executor to None, run_after=None
[2026-09-10T13:58:43.607+0000] {processor.py:183} INFO - Processing /home/airflow/.local/lib/python3.8/site-packages/airflow/example_dags/example_local_kubernetes_executor.py took 0.108 seconds
[2026-09-10T13:59:13.843+0000] {processor.py:161} INFO - Started process (PID=1923) to work on /home/airflow/.local/lib/python3.8/site-packages/airflow/example_dags/example_local_kubernetes_executor.py
[2026-09-10T13:59:13.845+0000] {processor.py:830} INFO - Processing file /home/airflow/.local/lib/python3.8/site-packages/airflow/example_dags/example_local_kubernetes_executor.py for tasks to queue
[2026-09-10T13:59:13.848+0000] {logging_mixin.py:188} INFO - [2026-09-10T13:59:13.847+0000] {dagbag.py:540} INFO - Filling up the DagBag from /home/airflow/.local/lib/python3.8/site-packages/airflow/example_dags/example_local_kubernetes_executor.py
[2026-09-10T13:59:13.860+0000] {processor.py:840} INFO - DAG(s) 'example_local_kubernetes_executor' retrieved from /home/airflow/.local/lib/python3.8/site-packages/airflow/example_dags/example_local_kubernetes_executor.py
[2026-09-10T13:59:13.902+0000] {logging_mixin.py:188} INFO - [2026-09-10T13:59:13.902+0000] {dag.py:3047} INFO - Sync 1 DAGs
[2026-09-10T13:59:13.922+0000] {logging_mixin.py:188} INFO - [2026-09-10T13:59:13.921+0000] {dag.py:3834} INFO - Setting next_dagrun for example_local_kubernetes_executor to None, run_after=None
[2026-09-10T13:59:13.945+0000] {processor.py:183} INFO - Processing /home/airflow/.local/lib/python3.8/site-packages/airflow/example_dags/example_local_kubernetes_executor.py took 0.107 seconds
[2026-09-10T13:59:44.284+0000] {processor.py:161} INFO - Started process (PID=1984) to work on /home/airflow/.local/lib/python3.8/site-packages/airflow/example_dags/example_local_kubernetes_executor.py
[2026-09-10T13:59:44.286+0000] {processor.py:830} INFO - Processing file /home/airflow/.local/lib/python3.8/site-packages/airflow/example_dags/example_local_kubernetes_executor.py for tasks to queue
[2026-09-10T13:59:44.288+0000] {logging_mixin.py:188} INFO - [2026-09-10T13:59:44.288+0000] {dagbag.py:540} INFO - Filling up the DagBag from /home/airflow/.local/lib/python3.8/site-packages/airflow/example_dags/example_local_kubernetes_executor.py
[2026-09-10T13:59:44.300+0000] {processor.py:840} INFO - DAG(s) 'example_local_kubernetes_executor' retrieved from /home/airflow/.local/lib/python3.8/site-packages/airflow/example_dags/example_local_kubernetes_executor.py
[2026-09-10T13:59:44.345+0000] {logging_mixin.py:188} INFO - [2026-09-10T13:59:44.344+0000] {dag.py:3047} INFO - Sync 1 DAGs
[2026-09-10T13:59:44.366+0000] {logging_mixin.py:188} INFO - [2026-09-10T13:59:44.366+0000] {dag.py:3834} INFO - Setting next_dagrun for example_local_kubernetes_executor to None, run_after=None
[2026-09-10T13:59:44.391+0000] {processor.py:183} INFO - Processing /home/airflow/.local/lib/python3.8/site-packages/airflow/example_dags/example_local_kubernetes_executor.py took 0.111 seconds
[2026-09-10T14:00:15.279+0000] {processor.py:161} INFO - Started process (PID=2045) to work on /home/airflow/.local/lib/python3.8/site-packages/airflow/example_dags/example_local_kubernetes_executor.py
[2026-09-10T14:00:15.281+0000] {processor.py:830} INFO - Processing file /home/airflow/.local/lib/python3.8/site-packages/airflow/example_dags/example_local_kubernetes_executor.py for tasks to queue
[2026-09-10T14:00:15.284+0000] {logging_mixin.py:188} INFO - [2026-09-10T14:00:15.284+0000] {dagbag.py:540} INFO - Filling up the DagBag from /home/airflow/.local/lib/python3.8/site-packages/airflow/example_dags/example_local_kubernetes_executor.py
[2026-09-10T14:00:15.296+0000] {processor.py:840} INFO - DAG(s) 'example_local_kubernetes_executor' retrieved from /home/airflow/.local/lib/python3.8/site-packages/airflow/example_dags/example_local_kubernetes_executor.py
[2026-09-10T14:00:15.339+0000] {logging_mixin.py:188} INFO - [2026-09-10T14:00:15.338+0000] {dag.py:3047} INFO - Sync 1 DAGs
[2026-09-10T14:00:15.352+0000] {logging_mixin.py:188} INFO - [2026-09-10T14:00:15.352+0000] {dag.py:3834} INFO - Setting next_dagrun for example_local_kubernetes_executor to None, run_after=None
[2026-09-10T14:00:15.375+0000] {processor.py:183} INFO - Processing /home/airflow/.local/lib/python3.8/site-packages/airflow/example_dags/example_local_kubernetes_executor.py took 0.100 seconds
[2026-09-10T14:00:45.444+0000] {processor.py:161} INFO - Started process (PID=2107) to work on /home/airflow/.local/lib/python3.8/site-packages/airflow/example_dags/example_local_kubernetes_executor.py
[2026-09-10T14:00:45.446+0000] {processor.py:830} INFO - Processing file /home/airflow/.local/lib/python3.8/site-packages/airflow/example_dags/example_local_kubernetes_executor.py for tasks to queue
[2026-09-10T14:00:45.450+0000] {logging_mixin.py:188} INFO - [2026-09-10T14:00:45.449+0000] {dagbag.py:540} INFO - Filling up the DagBag from /home/airflow/.local/lib/python3.8/site-packages/airflow/example_dags/example_local_kubernetes_executor.py
[2026-09-10T14:00:45.461+0000] {processor.py:840} INFO - DAG(s) 'example_local_kubernetes_executor' retrieved from /home/airflow/.local/lib/python3.8/site-packages/airflow/example_dags/example_local_kubernetes_executor.py
[2026-09-10T14:00:45.501+0000] {logging_mixin.py:188} INFO - [2026-09-10T14:00:45.501+0000] {dag.py:3047} INFO - Sync 1 DAGs
[2026-09-10T14:00:45.517+0000] {logging_mixin.py:188} INFO - [2026-09-10T14:00:45.516+0000] {dag.py:3834} INFO - Setting next_dagrun for example_local_kubernetes_executor to None, run_after=None
[2026-09-10T14:00:45.539+0000] {processor.py:183} INFO - Processing /home/airflow/.local/lib/python3.8/site-packages/airflow/example_dags/example_local_kubernetes_executor.py took 0.100 seconds
[2026-09-10T14:01:16.088+0000] {processor.py:161} INFO - Started process (PID=2168) to work on /home/airflow/.local/lib/python3.8/site-packages/airflow/example_dags/example_local_kubernetes_executor.py
[2026-09-10T14:01:16.090+0000] {processor.py:830} INFO - Processing file /home/airflow/.local/lib/python3.8/site-packages/airflow/example_dags/example_local_kubernetes_executor.py for tasks to queue
[2026-09-10T14:01:16.093+0000] {logging_mixin.py:188} INFO - [2026-09-10T14:01:16.092+0000] {dagbag.py:540} INFO - Filling up the DagBag from /home/airflow/.local/lib/python3.8/site-packages/airflow/example_dags/example_local_kubernetes_executor.py
[2026-09-10T14:01:16.105+0000] {processor.py:840} INFO - DAG(s) 'example_local_kubernetes_executor' retrieved from /home/airflow/.local/lib/python3.8/site-packages/airflow/example_dags/example_local_kubernetes_executor.py
[2026-09-10T14:01:16.150+0000] {logging_mixin.py:188} INFO - [2026-09-10T14:01:16.150+0000] {dag.py:3047} INFO - Sync 1 DAGs
[2026-09-10T14:01:16.164+0000] {logging_mixin.py:188} INFO - [2026-09-10T14:01:16.164+0000] {dag.py:3834} INFO - Setting next_dagrun for example_local_kubernetes_executor to None, run_after=None
[2026-09-10T14:01:16.196+0000] {processor.py:183} INFO - Processing /home/airflow/.local/lib/python3.8/site-packages/airflow/example_dags/example_local_kubernetes_executor.py took 0.113 seconds
[2026-09-10T14:01:46.625+0000] {processor.py:161} INFO - Started process (PID=2229) to work on /home/airflow/.local/lib/python3.8/site-packages/airflow/example_dags/example_local_kubernetes_executor.py
[2026-09-10T14:01:46.626+0000] {processor.py:830} INFO - Processing file /home/airflow/.local/lib/python3.8/site-packages/airflow/example_dags/example_local_kubernetes_executor.py for tasks to queue
[2026-09-10T14:01:46.629+0000] {logging_mixin.py:188} INFO - [2026-09-10T14:01:46.629+0000] {dagbag.py:540} INFO - Filling up the DagBag from /home/airflow/.local/lib/python3.8/site-packages/airflow/example_dags/example_local_kubernetes_executor.py
[2026-09-10T14:01:46.638+0000] {processor.py:840} INFO - DAG(s) 'example_local_kubernetes_executor' retrieved from /home/airflow/.local/lib/python3.8/site-packages/airflow/example_dags/example_local_kubernetes_executor.py
[2026-09-10T14:01:46.682+0000] {logging_mixin.py:188} INFO - [2026-09-10T14:01:46.682+0000] {dag.py:3047} INFO - Sync 1 DAGs
[2026-09-10T14:01:46.696+0000] {logging_mixin.py:188} INFO - [2026-09-10T14:01:46.695+0000] {dag.py:3834} INFO - Setting next_dagrun for example_local_kubernetes_executor to None, run_after=None
[2026-09-10T14:01:46.723+0000] {processor.py:183} INFO - Processing /home/airflow/.local/lib/python3.8/site-packages/airflow/example_dags/example_local_kubernetes_executor.py took 0.102 seconds
[2026-09-10T14:02:17.411+0000] {processor.py:161} INFO - Started process (PID=2290) to work on /home/airflow/.local/lib/python3.8/site-packages/airflow/example_dags/example_local_kubernetes_executor.py
[2026-09-10T14:02:17.413+0000] {processor.py:830} INFO - Processing file /home/airflow/.local/lib/python3.8/site-packages/airflow/example_dags/example_local_kubernetes_executor.py for tasks to queue
[2026-09-10T14:02:17.416+0000] {logging_mixin.py:188} INFO - [2026-09-10T14:02:17.416+0000] {dagbag.py:540} INFO - Filling up the DagBag from /home/airflow/.local/lib/python3.8/site-packages/airflow/example_dags/example_local_kubernetes_executor.py
[2026-09-10T14:02:17.427+0000] {processor.py:840} INFO - DAG(s) 'example_local_kubernetes_executor' retrieved from /home/airflow/.local/lib/python3.8/site-packages/airflow/example_dags/example_local_kubernetes_executor.py
[2026-09-10T14:02:17.475+0000] {logging_mixin.py:188} INFO - [2026-09-10T14:02:17.475+0000] {dag.py:3047} INFO - Sync 1 DAGs
[2026-09-10T14:02:17.493+0000] {logging_mixin.py:188} INFO - [2026-09-10T14:02:17.493+0000] {dag.py:3834} INFO - Setting next_dagrun for example_local_kubernetes_executor to None, run_after=None
[2026-09-10T14:02:17.514+0000] {processor.py:183} INFO - Processing /home/airflow/.local/lib/python3.8/site-packages/airflow/example_dags/example_local_kubernetes_executor.py took 0.106 seconds
[2026-09-10T14:02:48.184+0000] {processor.py:161} INFO - Started process (PID=2351) to work on /home/airflow/.local/lib/python3.8/site-packages/airflow/example_dags/example_local_kubernetes_executor.py
[2026-09-10T14:02:48.187+0000] {processor.py:830} INFO - Processing file /home/airflow/.local/lib/python3.8/site-packages/airflow/example_dags/example_local_kubernetes_executor.py for tasks to queue
[2026-09-10T14:02:48.191+0000] {logging_mixin.py:188} INFO - [2026-09-10T14:02:48.190+0000] {dagbag.py:540} INFO - Filling up the DagBag from /home/airflow/.local/lib/python3.8/site-packages/airflow/example_dags/example_local_kubernetes_executor.py
[2026-09-10T14:02:48.207+0000] {processor.py:840} INFO - DAG(s) 'example_local_kubernetes_executor' retrieved from /home/airflow/.local/lib/python3.8/site-packages/airflow/example_dags/example_local_kubernetes_executor.py
[2026-09-10T14:02:48.250+0000] {logging_mixin.py:188} INFO - [2026-09-10T14:02:48.250+0000] {dag.py:3047} INFO - Sync 1 DAGs
[2026-09-10T14:02:48.267+0000] {logging_mixin.py:188} INFO - [2026-09-10T14:02:48.267+0000] {dag.py:3834} INFO - Setting next_dagrun for example_local_kubernetes_executor to None, run_after=None
[2026-09-10T14:02:48.288+0000] {processor.py:183} INFO - Processing /home/airflow/.local/lib/python3.8/site-packages/airflow/example_dags/example_local_kubernetes_executor.py took 0.110 seconds
[2026-09-10T14:03:18.679+0000] {processor.py:161} INFO - Started process (PID=2412) to work on /home/airflow/.local/lib/python3.8/site-packages/airflow/example_dags/example_local_kubernetes_executor.py
[2026-09-10T14:03:18.681+0000] {processor.py:830} INFO - Processing file /home/airflow/.local/lib/python3.8/site-packages/airflow/example_dags/example_local_kubernetes_executor.py for tasks to queue
[2026-09-10T14:03:18.684+0000] {logging_mixin.py:188} INFO - [2026-09-10T14:03:18.684+0000] {dagbag.py:540} INFO - Filling up the DagBag from /home/airflow/.local/lib/python3.8/site-packages/airflow/example_dags/example_local_kubernetes_executor.py
[2026-09-10T14:03:18.696+0000] {processor.py:840} INFO - DAG(s) 'example_local_kubernetes_executor' retrieved from /home/airflow/.local/lib/python3.8/site-packages/airflow/example_dags/example_local_kubernetes_executor.py
[2026-09-10T14:03:18.746+0000] {logging_mixin.py:188} INFO - [2026-09-10T14:03:18.746+0000] {dag.py:3047} INFO - Sync 1 DAGs
[2026-09-10T14:03:18.764+0000] {logging_mixin.py:188} INFO - [2026-09-10T14:03:18.764+0000] {dag.py:3834} INFO - Setting next_dagrun for example_local_kubernetes_executor to None, run_after=None
[2026-09-10T14:03:18.796+0000] {processor.py:183} INFO - Processing /home/airflow/.local/lib/python3.8/site-packages/airflow/example_dags/example_local_kubernetes_executor.py took 0.121 seconds
[2026-09-10T14:03:49.869+0000] {processor.py:161} INFO - Started process (PID=2473) to work on /home/airflow/.local/lib/python3.8/site-packages/airflow/example_dags/example_local_kubernetes_executor.py
[2026-09-10T14:03:49.871+0000] {processor.py:830} INFO - Processing file /home/airflow/.local/lib/python3.8/site-packages/airflow/example_dags/example_local_kubernetes_executor.py for tasks to queue
[2026-09-10T14:03:49.875+0000] {logging_mixin.py:188} INFO - [2026-09-10T14:03:49.874+0000] {dagbag.py:540} INFO - Filling up the DagBag from /home/airflow/.local/lib/python3.8/site-packages/airflow/example_dags/example_local_kubernetes_executor.py
[2026-09-10T14:03:49.887+0000] {processor.py:840} INFO - DAG(s) 'example_local_kubernetes_executor' retrieved from /home/airflow/.local/lib/python3.8/site-packages/airflow/example_dags/example_local_kubernetes_executor.py
[2026-09-10T14:03:49.936+0000] {logging_mixin.py:188} INFO - [2026-09-10T14:03:49.936+0000] {dag.py:3047} INFO - Sync 1 DAGs
[2026-09-10T14:03:49.953+0000] {logging_mixin.py:188} INFO - [2026-09-10T14:03:49.953+0000] {dag.py:3834} INFO - Setting next_dagrun for example_local_kubernetes_executor to None, run_after=None
[2026-09-10T14:03:49.978+0000] {processor.py:183} INFO - Processing /home/airflow/.local/lib/python3.8/site-packages/airflow/example_dags/example_local_kubernetes_executor.py took 0.114 seconds
[2026-09-10T14:04:20.149+0000] {processor.py:161} INFO - Started process (PID=2534) to work on /home/airflow/.local/lib/python3.8/site-packages/airflow/example_dags/example_local_kubernetes_executor.py
[2026-09-10T14:04:20.151+0000] {processor.py:830} INFO - Processing file /home/airflow/.local/lib/python3.8/site-packages/airflow/example_dags/example_local_kubernetes_executor.py for tasks to queue
[2026-09-10T14:04:20.155+0000] {logging_mixin.py:188} INFO - [2026-09-10T14:04:20.154+0000] {dagbag.py:540} INFO - Filling up the DagBag from /home/airflow/.local/lib/python3.8/site-packages/airflow/example_dags/example_local_kubernetes_executor.py
[2026-09-10T14:04:20.164+0000] {processor.py:840} INFO - DAG(s) 'example_local_kubernetes_executor' retrieved from /home/airflow/.local/lib/python3.8/site-packages/airflow/example_dags/example_local_kubernetes_executor.py
[2026-09-10T14:04:20.213+0000] {logging_mixin.py:188} INFO - [2026-09-10T14:04:20.213+0000] {dag.py:3047} INFO - Sync 1 DAGs
[2026-09-10T14:04:20.231+0000] {logging_mixin.py:188} INFO - [2026-09-10T14:04:20.230+0000] {dag.py:3834} INFO - Setting next_dagrun for example_local_kubernetes_executor to None, run_after=None
[2026-09-10T14:04:20.255+0000] {processor.py:183} INFO - Processing /home/airflow/.local/lib/python3.8/site-packages/airflow/example_dags/example_local_kubernetes_executor.py took 0.110 seconds
[2026-09-10T14:04:50.973+0000] {processor.py:161} INFO - Started process (PID=2595) to work on /home/airflow/.local/lib/python3.8/site-packages/airflow/example_dags/example_local_kubernetes_executor.py
[2026-09-10T14:04:50.975+0000] {processor.py:830} INFO - Processing file /home/airflow/.local/lib/python3.8/site-packages/airflow/example_dags/example_local_kubernetes_executor.py for tasks to queue
[2026-09-10T14:04:50.979+0000] {logging_mixin.py:188} INFO - [2026-09-10T14:04:50.978+0000] {dagbag.py:540} INFO - Filling up the DagBag from /home/airflow/.local/lib/python3.8/site-packages/airflow/example_dags/example_local_kubernetes_executor.py
[2026-09-10T14:04:50.991+0000] {processor.py:840} INFO - DAG(s) 'example_local_kubernetes_executor' retrieved from /home/airflow/.local/lib/python3.8/site-packages/airflow/example_dags/example_local_kubernetes_executor.py
[2026-09-10T14:04:51.043+0000] {logging_mixin.py:188} INFO - [2026-09-10T14:04:51.043+0000] {dag.py:3047} INFO - Sync 1 DAGs
[2026-09-10T14:04:51.063+0000] {logging_mixin.py:188} INFO - [2026-09-10T14:04:51.063+0000] {dag.py:3834} INFO - Setting next_dagrun for example_local_kubernetes_executor to None, run_after=None
[2026-09-10T14:04:51.095+0000] {processor.py:183} INFO - Processing /home/airflow/.local/lib/python3.8/site-packages/airflow/example_dags/example_local_kubernetes_executor.py took 0.127 seconds
[2026-09-10T14:05:21.223+0000] {processor.py:161} INFO - Started process (PID=2655) to work on /home/airflow/.local/lib/python3.8/site-packages/airflow/example_dags/example_local_kubernetes_executor.py
[2026-09-10T14:05:21.225+0000] {processor.py:830} INFO - Processing file /home/airflow/.local/lib/python3.8/site-packages/airflow/example_dags/example_local_kubernetes_executor.py for tasks to queue
[2026-09-10T14:05:21.228+0000] {logging_mixin.py:188} INFO - [2026-09-10T14:05:21.228+0000] {dagbag.py:540} INFO - Filling up the DagBag from /home/airflow/.local/lib/python3.8/site-packages/airflow/example_dags/example_local_kubernetes_executor.py
[2026-09-10T14:05:21.243+0000] {processor.py:840} INFO - DAG(s) 'example_local_kubernetes_executor' retrieved from /home/airflow/.local/lib/python3.8/site-packages/airflow/example_dags/example_local_kubernetes_executor.py
[2026-09-10T14:05:21.296+0000] {logging_mixin.py:188} INFO - [2026-09-10T14:05:21.295+0000] {dag.py:3047} INFO - Sync 1 DAGs
[2026-09-10T14:05:21.315+0000] {logging_mixin.py:188} INFO - [2026-09-10T14:05:21.315+0000] {dag.py:3834} INFO - Setting next_dagrun for example_local_kubernetes_executor to None, run_after=None
[2026-09-10T14:05:21.355+0000] {processor.py:183} INFO - Processing /home/airflow/.local/lib/python3.8/site-packages/airflow/example_dags/example_local_kubernetes_executor.py took 0.140 seconds
[2026-09-10T14:05:51.478+0000] {processor.py:161} INFO - Started process (PID=2715) to work on /home/airflow/.local/lib/python3.8/site-packages/airflow/example_dags/example_local_kubernetes_executor.py
[2026-09-10T14:05:51.480+0000] {processor.py:830} INFO - Processing file /home/airflow/.local/lib/python3.8/site-packages/airflow/example_dags/example_local_kubernetes_executor.py for tasks to queue
[2026-09-10T14:05:51.483+0000] {logging_mixin.py:188} INFO - [2026-09-10T14:05:51.483+0000] {dagbag.py:540} INFO - Filling up the DagBag from /home/airflow/.local/lib/python3.8/site-packages/airflow/example_dags/example_local_kubernetes_executor.py
[2026-09-10T14:05:51.496+0000] {processor.py:840} INFO - DAG(s) 'example_local_kubernetes_executor' retrieved from /home/airflow/.local/lib/python3.8/site-packages/airflow/example_dags/example_local_kubernetes_executor.py
[2026-09-10T14:05:51.543+0000] {logging_mixin.py:188} INFO - [2026-09-10T14:05:51.543+0000] {dag.py:3047} INFO - Sync 1 DAGs
[2026-09-10T14:05:51.560+0000] {logging_mixin.py:188} INFO - [2026-09-10T14:05:51.560+0000] {dag.py:3834} INFO - Setting next_dagrun for example_local_kubernetes_executor to None, run_after=None
[2026-09-10T14:05:51.581+0000] {processor.py:183} INFO - Processing /home/airflow/.local/lib/python3.8/site-packages/airflow/example_dags/example_local_kubernetes_executor.py took 0.107 seconds
[2026-09-10T14:06:22.347+0000] {processor.py:161} INFO - Started process (PID=2776) to work on /home/airflow/.local/lib/python3.8/site-packages/airflow/example_dags/example_local_kubernetes_executor.py
[2026-09-10T14:06:22.349+0000] {processor.py:830} INFO - Processing file /home/airflow/.local/lib/python3.8/site-packages/airflow/example_dags/example_local_kubernetes_executor.py for tasks to queue
[2026-09-10T14:06:22.351+0000] {logging_mixin.py:188} INFO - [2026-09-10T14:06:22.351+0000] {dagbag.py:540} INFO - Filling up the DagBag from /home/airflow/.local/lib/python3.8/site-packages/airflow/example_dags/example_local_kubernetes_executor.py
[2026-09-10T14:06:22.361+0000] {processor.py:840} INFO - DAG(s) 'example_local_kubernetes_executor' retrieved from /home/airflow/.local/lib/python3.8/site-packages/airflow/example_dags/example_local_kubernetes_executor.py
[2026-09-10T14:06:22.401+0000] {logging_mixin.py:188} INFO - [2026-09-10T14:06:22.401+0000] {dag.py:3047} INFO - Sync 1 DAGs
[2026-09-10T14:06:22.415+0000] {logging_mixin.py:188} INFO - [2026-09-10T14:06:22.415+0000] {dag.py:3834} INFO - Setting next_dagrun for example_local_kubernetes_executor to None, run_after=None
[2026-09-10T14:06:22.438+0000] {processor.py:183} INFO - Processing /home/airflow/.local/lib/python3.8/site-packages/airflow/example_dags/example_local_kubernetes_executor.py took 0.094 seconds
[2026-09-10T14:06:53.368+0000] {processor.py:161} INFO - Started process (PID=2839) to work on /home/airflow/.local/lib/python3.8/site-packages/airflow/example_dags/example_local_kubernetes_executor.py
[2026-09-10T14:06:53.370+0000] {processor.py:830} INFO - Processing file /home/airflow/.local/lib/python3.8/site-packages/airflow/example_dags/example_local_kubernetes_executor.py for tasks to queue
[2026-09-10T14:06:53.373+0000] {logging_mixin.py:188} INFO - [2026-09-10T14:06:53.373+0000] {dagbag.py:540} INFO - Filling up the DagBag from /home/airflow/.local/lib/python3.8/site-packages/airflow/example_dags/example_local_kubernetes_executor.py
[2026-09-10T14:06:53.383+0000] {processor.py:840} INFO - DAG(s) 'example_local_kubernetes_executor' retrieved from /home/airflow/.local/lib/python3.8/site-packages/airflow/example_dags/example_local_kubernetes_executor.py
[2026-09-10T14:06:53.427+0000] {logging_mixin.py:188} INFO - [2026-09-10T14:06:53.427+0000] {dag.py:3047} INFO - Sync 1 DAGs
[2026-09-10T14:06:53.448+0000] {logging_mixin.py:188} INFO - [2026-09-10T14:06:53.448+0000] {dag.py:3834} INFO - Setting next_dagrun for example_local_kubernetes_executor to None, run_after=None
[2026-09-10T14:06:53.474+0000] {processor.py:183} INFO - Processing /home/airflow/.local/lib/python3.8/site-packages/airflow/example_dags/example_local_kubernetes_executor.py took 0.110 seconds
[2026-09-10T14:07:23.787+0000] {processor.py:161} INFO - Started process (PID=2900) to work on /home/airflow/.local/lib/python3.8/site-packages/airflow/example_dags/example_local_kubernetes_executor.py
[2026-09-10T14:07:23.789+0000] {processor.py:830} INFO - Processing file /home/airflow/.local/lib/python3.8/site-packages/airflow/example_dags/example_local_kubernetes_executor.py for tasks to queue
[2026-09-10T14:07:23.792+0000] {logging_mixin.py:188} INFO - [2026-09-10T14:07:23.792+0000] {dagbag.py:540} INFO - Filling up the DagBag from /home/airflow/.local/lib/python3.8/site-packages/airflow/example_dags/example_local_kubernetes_executor.py
[2026-09-10T14:07:23.802+0000] {processor.py:840} INFO - DAG(s) 'example_local_kubernetes_executor' retrieved from /home/airflow/.local/lib/python3.8/site-packages/airflow/example_dags/example_local_kubernetes_executor.py
[2026-09-10T14:07:23.855+0000] {logging_mixin.py:188} INFO - [2026-09-10T14:07:23.854+0000] {dag.py:3047} INFO - Sync 1 DAGs
[2026-09-10T14:07:23.875+0000] {logging_mixin.py:188} INFO - [2026-09-10T14:07:23.875+0000] {dag.py:3834} INFO - Setting next_dagrun for example_local_kubernetes_executor to None, run_after=None
[2026-09-10T14:07:23.903+0000] {processor.py:183} INFO - Processing /home/airflow/.local/lib/python3.8/site-packages/airflow/example_dags/example_local_kubernetes_executor.py took 0.121 seconds
[2026-09-10T14:07:54.742+0000] {processor.py:161} INFO - Started process (PID=2961) to work on /home/airflow/.local/lib/python3.8/site-packages/airflow/example_dags/example_local_kubernetes_executor.py
[2026-09-10T14:07:54.744+0000] {processor.py:830} INFO - Processing file /home/airflow/.local/lib/python3.8/site-packages/airflow/example_dags/example_local_kubernetes_executor.py for tasks to queue
[2026-09-10T14:07:54.748+0000] {logging_mixin.py:188} INFO - [2026-09-10T14:07:54.747+0000] {dagbag.py:540} INFO - Filling up the DagBag from /home/airflow/.local/lib/python3.8/site-packages/airflow/example_dags/example_local_kubernetes_executor.py
[2026-09-10T14:07:54.759+0000] {processor.py:840} INFO - DAG(s) 'example_local_kubernetes_executor' retrieved from /home/airflow/.local/lib/python3.8/site-packages/airflow/example_dags/example_local_kubernetes_executor.py
[2026-09-10T14:07:54.806+0000] {logging_mixin.py:188} INFO - [2026-09-10T14:07:54.806+0000] {dag.py:3047} INFO - Sync 1 DAGs
[2026-09-10T14:07:54.822+0000] {logging_mixin.py:188} INFO - [2026-09-10T14:07:54.822+0000] {dag.py:3834} INFO - Setting next_dagrun for example_local_kubernetes_executor to None, run_after=None
[2026-09-10T14:07:54.850+0000] {processor.py:183} INFO - Processing /home/airflow/.local/lib/python3.8/site-packages/airflow/example_dags/example_local_kubernetes_executor.py took 0.111 seconds
[2026-09-10T14:08:24.934+0000] {processor.py:161} INFO - Started process (PID=3021) to work on /home/airflow/.local/lib/python3.8/site-packages/airflow/example_dags/example_local_kubernetes_executor.py
[2026-09-10T14:08:24.936+0000] {processor.py:830} INFO - Processing file /home/airflow/.local/lib/python3.8/site-packages/airflow/example_dags/example_local_kubernetes_executor.py for tasks to queue
[2026-09-10T14:08:24.939+0000] {logging_mixin.py:188} INFO - [2026-09-10T14:08:24.939+0000] {dagbag.py:540} INFO - Filling up the DagBag from /home/airflow/.local/lib/python3.8/site-packages/airflow/example_dags/example_local_kubernetes_executor.py
[2026-09-10T14:08:24.950+0000] {processor.py:840} INFO - DAG(s) 'example_local_kubernetes_executor' retrieved from /home/airflow/.local/lib/python3.8/site-packages/airflow/example_dags/example_local_kubernetes_executor.py
[2026-09-10T14:08:25.003+0000] {logging_mixin.py:188} INFO - [2026-09-10T14:08:25.003+0000] {dag.py:3047} INFO - Sync 1 DAGs
[2026-09-10T14:08:25.026+0000] {logging_mixin.py:188} INFO - [2026-09-10T14:08:25.025+0000] {dag.py:3834} INFO - Setting next_dagrun for example_local_kubernetes_executor to None, run_after=None
[2026-09-10T14:08:25.057+0000] {processor.py:183} INFO - Processing /home/airflow/.local/lib/python3.8/site-packages/airflow/example_dags/example_local_kubernetes_executor.py took 0.128 seconds
[2026-09-10T14:08:56.987+0000] {processor.py:161} INFO - Started process (PID=3081) to work on /home/airflow/.local/lib/python3.8/site-packages/airflow/example_dags/example_local_kubernetes_executor.py
[2026-09-10T14:08:57.022+0000] {processor.py:830} INFO - Processing file /home/airflow/.local/lib/python3.8/site-packages/airflow/example_dags/example_local_kubernetes_executor.py for tasks to queue
[2026-09-10T14:08:57.039+0000] {logging_mixin.py:188} INFO - [2026-09-10T14:08:57.038+0000] {dagbag.py:540} INFO - Filling up the DagBag from /home/airflow/.local/lib/python3.8/site-packages/airflow/example_dags/example_local_kubernetes_executor.py
[2026-09-10T14:08:57.115+0000] {processor.py:840} INFO - DAG(s) 'example_local_kubernetes_executor' retrieved from /home/airflow/.local/lib/python3.8/site-packages/airflow/example_dags/example_local_kubernetes_executor.py
[2026-09-10T14:08:57.312+0000] {logging_mixin.py:188} INFO - [2026-09-10T14:08:57.311+0000] {dag.py:3047} INFO - Sync 1 DAGs
[2026-09-10T14:08:57.370+0000] {logging_mixin.py:188} INFO - [2026-09-10T14:08:57.369+0000] {dag.py:3834} INFO - Setting next_dagrun for example_local_kubernetes_executor to None, run_after=None
[2026-09-10T14:08:57.471+0000] {processor.py:183} INFO - Processing /home/airflow/.local/lib/python3.8/site-packages/airflow/example_dags/example_local_kubernetes_executor.py took 0.493 seconds
[2026-09-10T14:09:27.615+0000] {processor.py:161} INFO - Started process (PID=3142) to work on /home/airflow/.local/lib/python3.8/site-packages/airflow/example_dags/example_local_kubernetes_executor.py
[2026-09-10T14:09:27.616+0000] {processor.py:830} INFO - Processing file /home/airflow/.local/lib/python3.8/site-packages/airflow/example_dags/example_local_kubernetes_executor.py for tasks to queue
[2026-09-10T14:09:27.619+0000] {logging_mixin.py:188} INFO - [2026-09-10T14:09:27.619+0000] {dagbag.py:540} INFO - Filling up the DagBag from /home/airflow/.local/lib/python3.8/site-packages/airflow/example_dags/example_local_kubernetes_executor.py
[2026-09-10T14:09:27.628+0000] {processor.py:840} INFO - DAG(s) 'example_local_kubernetes_executor' retrieved from /home/airflow/.local/lib/python3.8/site-packages/airflow/example_dags/example_local_kubernetes_executor.py
[2026-09-10T14:09:27.671+0000] {logging_mixin.py:188} INFO - [2026-09-10T14:09:27.671+0000] {dag.py:3047} INFO - Sync 1 DAGs
[2026-09-10T14:09:27.686+0000] {logging_mixin.py:188} INFO - [2026-09-10T14:09:27.686+0000] {dag.py:3834} INFO - Setting next_dagrun for example_local_kubernetes_executor to None, run_after=None
[2026-09-10T14:09:27.713+0000] {processor.py:183} INFO - Processing /home/airflow/.local/lib/python3.8/site-packages/airflow/example_dags/example_local_kubernetes_executor.py took 0.103 seconds
[2026-09-10T14:09:57.903+0000] {processor.py:161} INFO - Started process (PID=3203) to work on /home/airflow/.local/lib/python3.8/site-packages/airflow/example_dags/example_local_kubernetes_executor.py
[2026-09-10T14:09:57.905+0000] {processor.py:830} INFO - Processing file /home/airflow/.local/lib/python3.8/site-packages/airflow/example_dags/example_local_kubernetes_executor.py for tasks to queue
[2026-09-10T14:09:57.909+0000] {logging_mixin.py:188} INFO - [2026-09-10T14:09:57.909+0000] {dagbag.py:540} INFO - Filling up the DagBag from /home/airflow/.local/lib/python3.8/site-packages/airflow/example_dags/example_local_kubernetes_executor.py
[2026-09-10T14:09:57.924+0000] {processor.py:840} INFO - DAG(s) 'example_local_kubernetes_executor' retrieved from /home/airflow/.local/lib/python3.8/site-packages/airflow/example_dags/example_local_kubernetes_executor.py
[2026-09-10T14:09:57.972+0000] {logging_mixin.py:188} INFO - [2026-09-10T14:09:57.972+0000] {dag.py:3047} INFO - Sync 1 DAGs
[2026-09-10T14:09:57.986+0000] {logging_mixin.py:188} INFO - [2026-09-10T14:09:57.986+0000] {dag.py:3834} INFO - Setting next_dagrun for example_local_kubernetes_executor to None, run_after=None
[2026-09-10T14:09:58.011+0000] {processor.py:183} INFO - Processing /home/airflow/.local/lib/python3.8/site-packages/airflow/example_dags/example_local_kubernetes_executor.py took 0.114 seconds
[2026-09-10T14:10:28.252+0000] {processor.py:161} INFO - Started process (PID=3270) to work on /home/airflow/.local/lib/python3.8/site-packages/airflow/example_dags/example_local_kubernetes_executor.py
[2026-09-10T14:10:28.254+0000] {processor.py:830} INFO - Processing file /home/airflow/.local/lib/python3.8/site-packages/airflow/example_dags/example_local_kubernetes_executor.py for tasks to queue
[2026-09-10T14:10:28.257+0000] {logging_mixin.py:188} INFO - [2026-09-10T14:10:28.257+0000] {dagbag.py:540} INFO - Filling up the DagBag from /home/airflow/.local/lib/python3.8/site-packages/airflow/example_dags/example_local_kubernetes_executor.py
[2026-09-10T14:10:28.268+0000] {processor.py:840} INFO - DAG(s) 'example_local_kubernetes_executor' retrieved from /home/airflow/.local/lib/python3.8/site-packages/airflow/example_dags/example_local_kubernetes_executor.py
[2026-09-10T14:10:28.309+0000] {logging_mixin.py:188} INFO - [2026-09-10T14:10:28.309+0000] {dag.py:3047} INFO - Sync 1 DAGs
[2026-09-10T14:10:28.322+0000] {logging_mixin.py:188} INFO - [2026-09-10T14:10:28.322+0000] {dag.py:3834} INFO - Setting next_dagrun for example_local_kubernetes_executor to None, run_after=None
[2026-09-10T14:10:28.343+0000] {processor.py:183} INFO - Processing /home/airflow/.local/lib/python3.8/site-packages/airflow/example_dags/example_local_kubernetes_executor.py took 0.095 seconds
[2026-09-10T14:10:58.992+0000] {processor.py:161} INFO - Started process (PID=3331) to work on /home/airflow/.local/lib/python3.8/site-packages/airflow/example_dags/example_local_kubernetes_executor.py
[2026-09-10T14:10:58.994+0000] {processor.py:830} INFO - Processing file /home/airflow/.local/lib/python3.8/site-packages/airflow/example_dags/example_local_kubernetes_executor.py for tasks to queue
[2026-09-10T14:10:58.997+0000] {logging_mixin.py:188} INFO - [2026-09-10T14:10:58.997+0000] {dagbag.py:540} INFO - Filling up the DagBag from /home/airflow/.local/lib/python3.8/site-packages/airflow/example_dags/example_local_kubernetes_executor.py
[2026-09-10T14:10:59.009+0000] {processor.py:840} INFO - DAG(s) 'example_local_kubernetes_executor' retrieved from /home/airflow/.local/lib/python3.8/site-packages/airflow/example_dags/example_local_kubernetes_executor.py
[2026-09-10T14:10:59.045+0000] {logging_mixin.py:188} INFO - [2026-09-10T14:10:59.045+0000] {dag.py:3047} INFO - Sync 1 DAGs
[2026-09-10T14:10:59.058+0000] {logging_mixin.py:188} INFO - [2026-09-10T14:10:59.058+0000] {dag.py:3834} INFO - Setting next_dagrun for example_local_kubernetes_executor to None, run_after=None
[2026-09-10T14:10:59.079+0000] {processor.py:183} INFO - Processing /home/airflow/.local/lib/python3.8/site-packages/airflow/example_dags/example_local_kubernetes_executor.py took 0.091 seconds
[2026-09-10T14:11:30.329+0000] {processor.py:161} INFO - Started process (PID=3392) to work on /home/airflow/.local/lib/python3.8/site-packages/airflow/example_dags/example_local_kubernetes_executor.py
[2026-09-10T14:11:30.332+0000] {processor.py:830} INFO - Processing file /home/airflow/.local/lib/python3.8/site-packages/airflow/example_dags/example_local_kubernetes_executor.py for tasks to queue
[2026-09-10T14:11:30.342+0000] {logging_mixin.py:188} INFO - [2026-09-10T14:11:30.341+0000] {dagbag.py:540} INFO - Filling up the DagBag from /home/airflow/.local/lib/python3.8/site-packages/airflow/example_dags/example_local_kubernetes_executor.py
[2026-09-10T14:11:30.381+0000] {processor.py:840} INFO - DAG(s) 'example_local_kubernetes_executor' retrieved from /home/airflow/.local/lib/python3.8/site-packages/airflow/example_dags/example_local_kubernetes_executor.py
[2026-09-10T14:11:30.517+0000] {logging_mixin.py:188} INFO - [2026-09-10T14:11:30.517+0000] {dag.py:3047} INFO - Sync 1 DAGs
[2026-09-10T14:11:30.554+0000] {logging_mixin.py:188} INFO - [2026-09-10T14:11:30.554+0000] {dag.py:3834} INFO - Setting next_dagrun for example_local_kubernetes_executor to None, run_after=None
[2026-09-10T14:11:30.597+0000] {processor.py:183} INFO - Processing /home/airflow/.local/lib/python3.8/site-packages/airflow/example_dags/example_local_kubernetes_executor.py took 0.273 seconds
[2026-09-10T14:12:18.861+0000] {processor.py:161} INFO - Started process (PID=119) to work on /home/airflow/.local/lib/python3.8/site-packages/airflow/example_dags/example_local_kubernetes_executor.py
[2026-09-10T14:12:18.864+0000] {processor.py:830} INFO - Processing file /home/airflow/.local/lib/python3.8/site-packages/airflow/example_dags/example_local_kubernetes_executor.py for tasks to queue
[2026-09-10T14:12:18.867+0000] {logging_mixin.py:188} INFO - [2026-09-10T14:12:18.866+0000] {dagbag.py:540} INFO - Filling up the DagBag from /home/airflow/.local/lib/python3.8/site-packages/airflow/example_dags/example_local_kubernetes_executor.py
[2026-09-10T14:12:18.878+0000] {processor.py:840} INFO - DAG(s) 'example_local_kubernetes_executor' retrieved from /home/airflow/.local/lib/python3.8/site-packages/airflow/example_dags/example_local_kubernetes_executor.py
[2026-09-10T14:12:18.936+0000] {logging_mixin.py:188} INFO - [2026-09-10T14:12:18.935+0000] {dag.py:3047} INFO - Sync 1 DAGs
[2026-09-10T14:12:18.955+0000] {logging_mixin.py:188} INFO - [2026-09-10T14:12:18.954+0000] {dag.py:3834} INFO - Setting next_dagrun for example_local_kubernetes_executor to None, run_after=None
[2026-09-10T14:12:18.990+0000] {processor.py:183} INFO - Processing /home/airflow/.local/lib/python3.8/site-packages/airflow/example_dags/example_local_kubernetes_executor.py took 0.134 seconds
[2026-09-10T14:12:49.240+0000] {processor.py:161} INFO - Started process (PID=180) to work on /home/airflow/.local/lib/python3.8/site-packages/airflow/example_dags/example_local_kubernetes_executor.py
[2026-09-10T14:12:49.242+0000] {processor.py:830} INFO - Processing file /home/airflow/.local/lib/python3.8/site-packages/airflow/example_dags/example_local_kubernetes_executor.py for tasks to queue
[2026-09-10T14:12:49.245+0000] {logging_mixin.py:188} INFO - [2026-09-10T14:12:49.245+0000] {dagbag.py:540} INFO - Filling up the DagBag from /home/airflow/.local/lib/python3.8/site-packages/airflow/example_dags/example_local_kubernetes_executor.py
[2026-09-10T14:12:49.254+0000] {processor.py:840} INFO - DAG(s) 'example_local_kubernetes_executor' retrieved from /home/airflow/.local/lib/python3.8/site-packages/airflow/example_dags/example_local_kubernetes_executor.py
[2026-09-10T14:12:49.307+0000] {logging_mixin.py:188} INFO - [2026-09-10T14:12:49.307+0000] {dag.py:3047} INFO - Sync 1 DAGs
[2026-09-10T14:12:49.326+0000] {logging_mixin.py:188} INFO - [2026-09-10T14:12:49.326+0000] {dag.py:3834} INFO - Setting next_dagrun for example_local_kubernetes_executor to None, run_after=None
[2026-09-10T14:12:49.351+0000] {processor.py:183} INFO - Processing /home/airflow/.local/lib/python3.8/site-packages/airflow/example_dags/example_local_kubernetes_executor.py took 0.116 seconds
[2026-09-10T14:13:20.000+0000] {processor.py:161} INFO - Started process (PID=249) to work on /home/airflow/.local/lib/python3.8/site-packages/airflow/example_dags/example_local_kubernetes_executor.py
[2026-09-10T14:13:20.002+0000] {processor.py:830} INFO - Processing file /home/airflow/.local/lib/python3.8/site-packages/airflow/example_dags/example_local_kubernetes_executor.py for tasks to queue
[2026-09-10T14:13:20.005+0000] {logging_mixin.py:188} INFO - [2026-09-10T14:13:20.004+0000] {dagbag.py:540} INFO - Filling up the DagBag from /home/airflow/.local/lib/python3.8/site-packages/airflow/example_dags/example_local_kubernetes_executor.py
[2026-09-10T14:13:20.017+0000] {processor.py:840} INFO - DAG(s) 'example_local_kubernetes_executor' retrieved from /home/airflow/.local/lib/python3.8/site-packages/airflow/example_dags/example_local_kubernetes_executor.py
[2026-09-10T14:13:20.082+0000] {logging_mixin.py:188} INFO - [2026-09-10T14:13:20.082+0000] {dag.py:3047} INFO - Sync 1 DAGs
[2026-09-10T14:13:20.099+0000] {logging_mixin.py:188} INFO - [2026-09-10T14:13:20.099+0000] {dag.py:3834} INFO - Setting next_dagrun for example_local_kubernetes_executor to None, run_after=None
[2026-09-10T14:13:20.126+0000] {processor.py:183} INFO - Processing /home/airflow/.local/lib/python3.8/site-packages/airflow/example_dags/example_local_kubernetes_executor.py took 0.131 seconds
[2026-09-10T14:13:50.785+0000] {processor.py:161} INFO - Started process (PID=314) to work on /home/airflow/.local/lib/python3.8/site-packages/airflow/example_dags/example_local_kubernetes_executor.py
[2026-09-10T14:13:50.787+0000] {processor.py:830} INFO - Processing file /home/airflow/.local/lib/python3.8/site-packages/airflow/example_dags/example_local_kubernetes_executor.py for tasks to queue
[2026-09-10T14:13:50.790+0000] {logging_mixin.py:188} INFO - [2026-09-10T14:13:50.789+0000] {dagbag.py:540} INFO - Filling up the DagBag from /home/airflow/.local/lib/python3.8/site-packages/airflow/example_dags/example_local_kubernetes_executor.py
[2026-09-10T14:13:50.801+0000] {processor.py:840} INFO - DAG(s) 'example_local_kubernetes_executor' retrieved from /home/airflow/.local/lib/python3.8/site-packages/airflow/example_dags/example_local_kubernetes_executor.py
[2026-09-10T14:13:50.841+0000] {logging_mixin.py:188} INFO - [2026-09-10T14:13:50.841+0000] {dag.py:3047} INFO - Sync 1 DAGs
[2026-09-10T14:13:50.859+0000] {logging_mixin.py:188} INFO - [2026-09-10T14:13:50.859+0000] {dag.py:3834} INFO - Setting next_dagrun for example_local_kubernetes_executor to None, run_after=None
[2026-09-10T14:13:50.884+0000] {processor.py:183} INFO - Processing /home/airflow/.local/lib/python3.8/site-packages/airflow/example_dags/example_local_kubernetes_executor.py took 0.103 seconds
[2026-09-10T14:14:21.205+0000] {processor.py:161} INFO - Started process (PID=375) to work on /home/airflow/.local/lib/python3.8/site-packages/airflow/example_dags/example_local_kubernetes_executor.py
[2026-09-10T14:14:21.207+0000] {processor.py:830} INFO - Processing file /home/airflow/.local/lib/python3.8/site-packages/airflow/example_dags/example_local_kubernetes_executor.py for tasks to queue
[2026-09-10T14:14:21.209+0000] {logging_mixin.py:188} INFO - [2026-09-10T14:14:21.209+0000] {dagbag.py:540} INFO - Filling up the DagBag from /home/airflow/.local/lib/python3.8/site-packages/airflow/example_dags/example_local_kubernetes_executor.py
[2026-09-10T14:14:21.219+0000] {processor.py:840} INFO - DAG(s) 'example_local_kubernetes_executor' retrieved from /home/airflow/.local/lib/python3.8/site-packages/airflow/example_dags/example_local_kubernetes_executor.py
[2026-09-10T14:14:21.262+0000] {logging_mixin.py:188} INFO - [2026-09-10T14:14:21.261+0000] {dag.py:3047} INFO - Sync 1 DAGs
[2026-09-10T14:14:21.277+0000] {logging_mixin.py:188} INFO - [2026-09-10T14:14:21.276+0000] {dag.py:3834} INFO - Setting next_dagrun for example_local_kubernetes_executor to None, run_after=None
[2026-09-10T14:14:21.306+0000] {processor.py:183} INFO - Processing /home/airflow/.local/lib/python3.8/site-packages/airflow/example_dags/example_local_kubernetes_executor.py took 0.105 seconds
[2026-09-10T14:14:51.550+0000] {processor.py:161} INFO - Started process (PID=436) to work on /home/airflow/.local/lib/python3.8/site-packages/airflow/example_dags/example_local_kubernetes_executor.py
[2026-09-10T14:14:51.552+0000] {processor.py:830} INFO - Processing file /home/airflow/.local/lib/python3.8/site-packages/airflow/example_dags/example_local_kubernetes_executor.py for tasks to queue
[2026-09-10T14:14:51.555+0000] {logging_mixin.py:188} INFO - [2026-09-10T14:14:51.555+0000] {dagbag.py:540} INFO - Filling up the DagBag from /home/airflow/.local/lib/python3.8/site-packages/airflow/example_dags/example_local_kubernetes_executor.py
[2026-09-10T14:14:51.565+0000] {processor.py:840} INFO - DAG(s) 'example_local_kubernetes_executor' retrieved from /home/airflow/.local/lib/python3.8/site-packages/airflow/example_dags/example_local_kubernetes_executor.py
[2026-09-10T14:14:51.610+0000] {logging_mixin.py:188} INFO - [2026-09-10T14:14:51.610+0000] {dag.py:3047} INFO - Sync 1 DAGs
[2026-09-10T14:14:51.626+0000] {logging_mixin.py:188} INFO - [2026-09-10T14:14:51.626+0000] {dag.py:3834} INFO - Setting next_dagrun for example_local_kubernetes_executor to None, run_after=None
[2026-09-10T14:14:51.651+0000] {processor.py:183} INFO - Processing /home/airflow/.local/lib/python3.8/site-packages/airflow/example_dags/example_local_kubernetes_executor.py took 0.105 seconds
[2026-09-10T14:15:22.417+0000] {processor.py:161} INFO - Started process (PID=497) to work on /home/airflow/.local/lib/python3.8/site-packages/airflow/example_dags/example_local_kubernetes_executor.py
[2026-09-10T14:15:22.420+0000] {processor.py:830} INFO - Processing file /home/airflow/.local/lib/python3.8/site-packages/airflow/example_dags/example_local_kubernetes_executor.py for tasks to queue
[2026-09-10T14:15:22.423+0000] {logging_mixin.py:188} INFO - [2026-09-10T14:15:22.423+0000] {dagbag.py:540} INFO - Filling up the DagBag from /home/airflow/.local/lib/python3.8/site-packages/airflow/example_dags/example_local_kubernetes_executor.py
[2026-09-10T14:15:22.441+0000] {processor.py:840} INFO - DAG(s) 'example_local_kubernetes_executor' retrieved from /home/airflow/.local/lib/python3.8/site-packages/airflow/example_dags/example_local_kubernetes_executor.py
[2026-09-10T14:15:22.621+0000] {logging_mixin.py:188} INFO - [2026-09-10T14:15:22.620+0000] {dag.py:3047} INFO - Sync 1 DAGs
[2026-09-10T14:15:22.675+0000] {logging_mixin.py:188} INFO - [2026-09-10T14:15:22.675+0000] {dag.py:3834} INFO - Setting next_dagrun for example_local_kubernetes_executor to None, run_after=None
[2026-09-10T14:15:22.768+0000] {processor.py:183} INFO - Processing /home/airflow/.local/lib/python3.8/site-packages/airflow/example_dags/example_local_kubernetes_executor.py took 0.357 seconds
[2026-09-10T14:15:53.814+0000] {processor.py:161} INFO - Started process (PID=558) to work on /home/airflow/.local/lib/python3.8/site-packages/airflow/example_dags/example_local_kubernetes_executor.py
[2026-09-10T14:15:53.818+0000] {processor.py:830} INFO - Processing file /home/airflow/.local/lib/python3.8/site-packages/airflow/example_dags/example_local_kubernetes_executor.py for tasks to queue
[2026-09-10T14:15:53.824+0000] {logging_mixin.py:188} INFO - [2026-09-10T14:15:53.824+0000] {dagbag.py:540} INFO - Filling up the DagBag from /home/airflow/.local/lib/python3.8/site-packages/airflow/example_dags/example_local_kubernetes_executor.py
[2026-09-10T14:15:53.838+0000] {processor.py:840} INFO - DAG(s) 'example_local_kubernetes_executor' retrieved from /home/airflow/.local/lib/python3.8/site-packages/airflow/example_dags/example_local_kubernetes_executor.py
[2026-09-10T14:15:53.893+0000] {logging_mixin.py:188} INFO - [2026-09-10T14:15:53.893+0000] {dag.py:3047} INFO - Sync 1 DAGs
[2026-09-10T14:15:53.910+0000] {logging_mixin.py:188} INFO - [2026-09-10T14:15:53.909+0000] {dag.py:3834} INFO - Setting next_dagrun for example_local_kubernetes_executor to None, run_after=None
[2026-09-10T14:15:53.941+0000] {processor.py:183} INFO - Processing /home/airflow/.local/lib/python3.8/site-packages/airflow/example_dags/example_local_kubernetes_executor.py took 0.133 seconds
[2026-09-10T14:16:24.521+0000] {processor.py:161} INFO - Started process (PID=619) to work on /home/airflow/.local/lib/python3.8/site-packages/airflow/example_dags/example_local_kubernetes_executor.py
[2026-09-10T14:16:24.523+0000] {processor.py:830} INFO - Processing file /home/airflow/.local/lib/python3.8/site-packages/airflow/example_dags/example_local_kubernetes_executor.py for tasks to queue
[2026-09-10T14:16:24.525+0000] {logging_mixin.py:188} INFO - [2026-09-10T14:16:24.525+0000] {dagbag.py:540} INFO - Filling up the DagBag from /home/airflow/.local/lib/python3.8/site-packages/airflow/example_dags/example_local_kubernetes_executor.py
[2026-09-10T14:16:24.538+0000] {processor.py:840} INFO - DAG(s) 'example_local_kubernetes_executor' retrieved from /home/airflow/.local/lib/python3.8/site-packages/airflow/example_dags/example_local_kubernetes_executor.py
[2026-09-10T14:16:24.578+0000] {logging_mixin.py:188} INFO - [2026-09-10T14:16:24.578+0000] {dag.py:3047} INFO - Sync 1 DAGs
[2026-09-10T14:16:24.592+0000] {logging_mixin.py:188} INFO - [2026-09-10T14:16:24.591+0000] {dag.py:3834} INFO - Setting next_dagrun for example_local_kubernetes_executor to None, run_after=None
[2026-09-10T14:16:24.615+0000] {processor.py:183} INFO - Processing /home/airflow/.local/lib/python3.8/site-packages/airflow/example_dags/example_local_kubernetes_executor.py took 0.098 seconds
[2026-09-10T14:16:55.485+0000] {processor.py:161} INFO - Started process (PID=680) to work on /home/airflow/.local/lib/python3.8/site-packages/airflow/example_dags/example_local_kubernetes_executor.py
[2026-09-10T14:16:55.487+0000] {processor.py:830} INFO - Processing file /home/airflow/.local/lib/python3.8/site-packages/airflow/example_dags/example_local_kubernetes_executor.py for tasks to queue
[2026-09-10T14:16:55.489+0000] {logging_mixin.py:188} INFO - [2026-09-10T14:16:55.489+0000] {dagbag.py:540} INFO - Filling up the DagBag from /home/airflow/.local/lib/python3.8/site-packages/airflow/example_dags/example_local_kubernetes_executor.py
[2026-09-10T14:16:55.506+0000] {processor.py:840} INFO - DAG(s) 'example_local_kubernetes_executor' retrieved from /home/airflow/.local/lib/python3.8/site-packages/airflow/example_dags/example_local_kubernetes_executor.py
[2026-09-10T14:16:55.566+0000] {logging_mixin.py:188} INFO - [2026-09-10T14:16:55.566+0000] {dag.py:3047} INFO - Sync 1 DAGs
[2026-09-10T14:16:55.594+0000] {logging_mixin.py:188} INFO - [2026-09-10T14:16:55.594+0000] {dag.py:3834} INFO - Setting next_dagrun for example_local_kubernetes_executor to None, run_after=None
[2026-09-10T14:16:55.630+0000] {processor.py:183} INFO - Processing /home/airflow/.local/lib/python3.8/site-packages/airflow/example_dags/example_local_kubernetes_executor.py took 0.149 seconds
[2026-09-10T14:17:25.806+0000] {processor.py:161} INFO - Started process (PID=741) to work on /home/airflow/.local/lib/python3.8/site-packages/airflow/example_dags/example_local_kubernetes_executor.py
[2026-09-10T14:17:25.808+0000] {processor.py:830} INFO - Processing file /home/airflow/.local/lib/python3.8/site-packages/airflow/example_dags/example_local_kubernetes_executor.py for tasks to queue
[2026-09-10T14:17:25.811+0000] {logging_mixin.py:188} INFO - [2026-09-10T14:17:25.810+0000] {dagbag.py:540} INFO - Filling up the DagBag from /home/airflow/.local/lib/python3.8/site-packages/airflow/example_dags/example_local_kubernetes_executor.py
[2026-09-10T14:17:25.824+0000] {processor.py:840} INFO - DAG(s) 'example_local_kubernetes_executor' retrieved from /home/airflow/.local/lib/python3.8/site-packages/airflow/example_dags/example_local_kubernetes_executor.py
[2026-09-10T14:17:25.870+0000] {logging_mixin.py:188} INFO - [2026-09-10T14:17:25.870+0000] {dag.py:3047} INFO - Sync 1 DAGs
[2026-09-10T14:17:25.884+0000] {logging_mixin.py:188} INFO - [2026-09-10T14:17:25.883+0000] {dag.py:3834} INFO - Setting next_dagrun for example_local_kubernetes_executor to None, run_after=None
[2026-09-10T14:17:25.906+0000] {processor.py:183} INFO - Processing /home/airflow/.local/lib/python3.8/site-packages/airflow/example_dags/example_local_kubernetes_executor.py took 0.106 seconds
[2026-09-10T14:17:58.179+0000] {processor.py:161} INFO - Started process (PID=802) to work on /home/airflow/.local/lib/python3.8/site-packages/airflow/example_dags/example_local_kubernetes_executor.py
[2026-09-10T14:17:58.181+0000] {processor.py:830} INFO - Processing file /home/airflow/.local/lib/python3.8/site-packages/airflow/example_dags/example_local_kubernetes_executor.py for tasks to queue
[2026-09-10T14:17:58.183+0000] {logging_mixin.py:188} INFO - [2026-09-10T14:17:58.183+0000] {dagbag.py:540} INFO - Filling up the DagBag from /home/airflow/.local/lib/python3.8/site-packages/airflow/example_dags/example_local_kubernetes_executor.py
[2026-09-10T14:17:58.193+0000] {processor.py:840} INFO - DAG(s) 'example_local_kubernetes_executor' retrieved from /home/airflow/.local/lib/python3.8/site-packages/airflow/example_dags/example_local_kubernetes_executor.py
[2026-09-10T14:17:58.235+0000] {logging_mixin.py:188} INFO - [2026-09-10T14:17:58.235+0000] {dag.py:3047} INFO - Sync 1 DAGs
[2026-09-10T14:17:58.250+0000] {logging_mixin.py:188} INFO - [2026-09-10T14:17:58.250+0000] {dag.py:3834} INFO - Setting next_dagrun for example_local_kubernetes_executor to None, run_after=None
[2026-09-10T14:17:58.275+0000] {processor.py:183} INFO - Processing /home/airflow/.local/lib/python3.8/site-packages/airflow/example_dags/example_local_kubernetes_executor.py took 0.102 seconds
[2026-09-10T14:18:29.033+0000] {processor.py:161} INFO - Started process (PID=863) to work on /home/airflow/.local/lib/python3.8/site-packages/airflow/example_dags/example_local_kubernetes_executor.py
[2026-09-10T14:18:29.036+0000] {processor.py:830} INFO - Processing file /home/airflow/.local/lib/python3.8/site-packages/airflow/example_dags/example_local_kubernetes_executor.py for tasks to queue
[2026-09-10T14:18:29.038+0000] {logging_mixin.py:188} INFO - [2026-09-10T14:18:29.038+0000] {dagbag.py:540} INFO - Filling up the DagBag from /home/airflow/.local/lib/python3.8/site-packages/airflow/example_dags/example_local_kubernetes_executor.py
[2026-09-10T14:18:29.049+0000] {processor.py:840} INFO - DAG(s) 'example_local_kubernetes_executor' retrieved from /home/airflow/.local/lib/python3.8/site-packages/airflow/example_dags/example_local_kubernetes_executor.py
[2026-09-10T14:18:29.094+0000] {logging_mixin.py:188} INFO - [2026-09-10T14:18:29.093+0000] {dag.py:3047} INFO - Sync 1 DAGs
[2026-09-10T14:18:29.106+0000] {logging_mixin.py:188} INFO - [2026-09-10T14:18:29.106+0000] {dag.py:3834} INFO - Setting next_dagrun for example_local_kubernetes_executor to None, run_after=None
[2026-09-10T14:18:29.128+0000] {processor.py:183} INFO - Processing /home/airflow/.local/lib/python3.8/site-packages/airflow/example_dags/example_local_kubernetes_executor.py took 0.100 seconds
[2026-09-10T14:19:00.440+0000] {processor.py:161} INFO - Started process (PID=924) to work on /home/airflow/.local/lib/python3.8/site-packages/airflow/example_dags/example_local_kubernetes_executor.py
[2026-09-10T14:19:00.441+0000] {processor.py:830} INFO - Processing file /home/airflow/.local/lib/python3.8/site-packages/airflow/example_dags/example_local_kubernetes_executor.py for tasks to queue
[2026-09-10T14:19:00.445+0000] {logging_mixin.py:188} INFO - [2026-09-10T14:19:00.444+0000] {dagbag.py:540} INFO - Filling up the DagBag from /home/airflow/.local/lib/python3.8/site-packages/airflow/example_dags/example_local_kubernetes_executor.py
[2026-09-10T14:19:00.463+0000] {processor.py:840} INFO - DAG(s) 'example_local_kubernetes_executor' retrieved from /home/airflow/.local/lib/python3.8/site-packages/airflow/example_dags/example_local_kubernetes_executor.py
[2026-09-10T14:19:00.552+0000] {logging_mixin.py:188} INFO - [2026-09-10T14:19:00.551+0000] {dag.py:3047} INFO - Sync 1 DAGs
[2026-09-10T14:19:00.576+0000] {logging_mixin.py:188} INFO - [2026-09-10T14:19:00.576+0000] {dag.py:3834} INFO - Setting next_dagrun for example_local_kubernetes_executor to None, run_after=None
[2026-09-10T14:19:00.608+0000] {processor.py:183} INFO - Processing /home/airflow/.local/lib/python3.8/site-packages/airflow/example_dags/example_local_kubernetes_executor.py took 0.179 seconds
[2026-09-10T14:19:33.141+0000] {processor.py:161} INFO - Started process (PID=989) to work on /home/airflow/.local/lib/python3.8/site-packages/airflow/example_dags/example_local_kubernetes_executor.py
[2026-09-10T14:19:33.143+0000] {processor.py:830} INFO - Processing file /home/airflow/.local/lib/python3.8/site-packages/airflow/example_dags/example_local_kubernetes_executor.py for tasks to queue
[2026-09-10T14:19:33.145+0000] {logging_mixin.py:188} INFO - [2026-09-10T14:19:33.145+0000] {dagbag.py:540} INFO - Filling up the DagBag from /home/airflow/.local/lib/python3.8/site-packages/airflow/example_dags/example_local_kubernetes_executor.py
[2026-09-10T14:19:33.159+0000] {processor.py:840} INFO - DAG(s) 'example_local_kubernetes_executor' retrieved from /home/airflow/.local/lib/python3.8/site-packages/airflow/example_dags/example_local_kubernetes_executor.py
[2026-09-10T14:19:33.231+0000] {logging_mixin.py:188} INFO - [2026-09-10T14:19:33.230+0000] {dag.py:3047} INFO - Sync 1 DAGs
[2026-09-10T14:19:33.280+0000] {logging_mixin.py:188} INFO - [2026-09-10T14:19:33.279+0000] {dag.py:3834} INFO - Setting next_dagrun for example_local_kubernetes_executor to None, run_after=None
[2026-09-10T14:19:33.360+0000] {processor.py:183} INFO - Processing /home/airflow/.local/lib/python3.8/site-packages/airflow/example_dags/example_local_kubernetes_executor.py took 0.227 seconds
[2026-09-10T14:20:03.855+0000] {processor.py:161} INFO - Started process (PID=1050) to work on /home/airflow/.local/lib/python3.8/site-packages/airflow/example_dags/example_local_kubernetes_executor.py
[2026-09-10T14:20:03.857+0000] {processor.py:830} INFO - Processing file /home/airflow/.local/lib/python3.8/site-packages/airflow/example_dags/example_local_kubernetes_executor.py for tasks to queue
[2026-09-10T14:20:03.860+0000] {logging_mixin.py:188} INFO - [2026-09-10T14:20:03.859+0000] {dagbag.py:540} INFO - Filling up the DagBag from /home/airflow/.local/lib/python3.8/site-packages/airflow/example_dags/example_local_kubernetes_executor.py
[2026-09-10T14:20:03.870+0000] {processor.py:840} INFO - DAG(s) 'example_local_kubernetes_executor' retrieved from /home/airflow/.local/lib/python3.8/site-packages/airflow/example_dags/example_local_kubernetes_executor.py
[2026-09-10T14:20:03.926+0000] {logging_mixin.py:188} INFO - [2026-09-10T14:20:03.925+0000] {dag.py:3047} INFO - Sync 1 DAGs
[2026-09-10T14:20:03.947+0000] {logging_mixin.py:188} INFO - [2026-09-10T14:20:03.947+0000] {dag.py:3834} INFO - Setting next_dagrun for example_local_kubernetes_executor to None, run_after=None
[2026-09-10T14:20:03.974+0000] {processor.py:183} INFO - Processing /home/airflow/.local/lib/python3.8/site-packages/airflow/example_dags/example_local_kubernetes_executor.py took 0.124 seconds
[2026-09-10T14:20:34.748+0000] {processor.py:161} INFO - Started process (PID=1111) to work on /home/airflow/.local/lib/python3.8/site-packages/airflow/example_dags/example_local_kubernetes_executor.py
[2026-09-10T14:20:34.750+0000] {processor.py:830} INFO - Processing file /home/airflow/.local/lib/python3.8/site-packages/airflow/example_dags/example_local_kubernetes_executor.py for tasks to queue
[2026-09-10T14:20:34.753+0000] {logging_mixin.py:188} INFO - [2026-09-10T14:20:34.753+0000] {dagbag.py:540} INFO - Filling up the DagBag from /home/airflow/.local/lib/python3.8/site-packages/airflow/example_dags/example_local_kubernetes_executor.py
[2026-09-10T14:20:34.765+0000] {processor.py:840} INFO - DAG(s) 'example_local_kubernetes_executor' retrieved from /home/airflow/.local/lib/python3.8/site-packages/airflow/example_dags/example_local_kubernetes_executor.py
[2026-09-10T14:20:34.815+0000] {logging_mixin.py:188} INFO - [2026-09-10T14:20:34.814+0000] {dag.py:3047} INFO - Sync 1 DAGs
[2026-09-10T14:20:34.831+0000] {logging_mixin.py:188} INFO - [2026-09-10T14:20:34.831+0000] {dag.py:3834} INFO - Setting next_dagrun for example_local_kubernetes_executor to None, run_after=None
[2026-09-10T14:20:34.854+0000] {processor.py:183} INFO - Processing /home/airflow/.local/lib/python3.8/site-packages/airflow/example_dags/example_local_kubernetes_executor.py took 0.111 seconds
[2026-09-10T14:21:05.847+0000] {processor.py:161} INFO - Started process (PID=1172) to work on /home/airflow/.local/lib/python3.8/site-packages/airflow/example_dags/example_local_kubernetes_executor.py
[2026-09-10T14:21:05.849+0000] {processor.py:830} INFO - Processing file /home/airflow/.local/lib/python3.8/site-packages/airflow/example_dags/example_local_kubernetes_executor.py for tasks to queue
[2026-09-10T14:21:05.854+0000] {logging_mixin.py:188} INFO - [2026-09-10T14:21:05.854+0000] {dagbag.py:540} INFO - Filling up the DagBag from /home/airflow/.local/lib/python3.8/site-packages/airflow/example_dags/example_local_kubernetes_executor.py
[2026-09-10T14:21:05.878+0000] {processor.py:840} INFO - DAG(s) 'example_local_kubernetes_executor' retrieved from /home/airflow/.local/lib/python3.8/site-packages/airflow/example_dags/example_local_kubernetes_executor.py
[2026-09-10T14:21:05.965+0000] {logging_mixin.py:188} INFO - [2026-09-10T14:21:05.964+0000] {dag.py:3047} INFO - Sync 1 DAGs
[2026-09-10T14:21:05.990+0000] {logging_mixin.py:188} INFO - [2026-09-10T14:21:05.989+0000] {dag.py:3834} INFO - Setting next_dagrun for example_local_kubernetes_executor to None, run_after=None
[2026-09-10T14:21:06.020+0000] {processor.py:183} INFO - Processing /home/airflow/.local/lib/python3.8/site-packages/airflow/example_dags/example_local_kubernetes_executor.py took 0.183 seconds
[2026-09-10T14:21:36.802+0000] {processor.py:161} INFO - Started process (PID=1233) to work on /home/airflow/.local/lib/python3.8/site-packages/airflow/example_dags/example_local_kubernetes_executor.py
[2026-09-10T14:21:36.806+0000] {processor.py:830} INFO - Processing file /home/airflow/.local/lib/python3.8/site-packages/airflow/example_dags/example_local_kubernetes_executor.py for tasks to queue
[2026-09-10T14:21:36.810+0000] {logging_mixin.py:188} INFO - [2026-09-10T14:21:36.810+0000] {dagbag.py:540} INFO - Filling up the DagBag from /home/airflow/.local/lib/python3.8/site-packages/airflow/example_dags/example_local_kubernetes_executor.py
[2026-09-10T14:21:36.825+0000] {processor.py:840} INFO - DAG(s) 'example_local_kubernetes_executor' retrieved from /home/airflow/.local/lib/python3.8/site-packages/airflow/example_dags/example_local_kubernetes_executor.py
[2026-09-10T14:21:36.870+0000] {logging_mixin.py:188} INFO - [2026-09-10T14:21:36.870+0000] {dag.py:3047} INFO - Sync 1 DAGs
[2026-09-10T14:21:36.887+0000] {logging_mixin.py:188} INFO - [2026-09-10T14:21:36.887+0000] {dag.py:3834} INFO - Setting next_dagrun for example_local_kubernetes_executor to None, run_after=None
[2026-09-10T14:21:36.914+0000] {processor.py:183} INFO - Processing /home/airflow/.local/lib/python3.8/site-packages/airflow/example_dags/example_local_kubernetes_executor.py took 0.117 seconds
[2026-09-10T14:22:07.634+0000] {processor.py:161} INFO - Started process (PID=1298) to work on /home/airflow/.local/lib/python3.8/site-packages/airflow/example_dags/example_local_kubernetes_executor.py
[2026-09-10T14:22:07.636+0000] {processor.py:830} INFO - Processing file /home/airflow/.local/lib/python3.8/site-packages/airflow/example_dags/example_local_kubernetes_executor.py for tasks to queue
[2026-09-10T14:22:07.639+0000] {logging_mixin.py:188} INFO - [2026-09-10T14:22:07.639+0000] {dagbag.py:540} INFO - Filling up the DagBag from /home/airflow/.local/lib/python3.8/site-packages/airflow/example_dags/example_local_kubernetes_executor.py
[2026-09-10T14:22:07.649+0000] {processor.py:840} INFO - DAG(s) 'example_local_kubernetes_executor' retrieved from /home/airflow/.local/lib/python3.8/site-packages/airflow/example_dags/example_local_kubernetes_executor.py
[2026-09-10T14:22:07.696+0000] {logging_mixin.py:188} INFO - [2026-09-10T14:22:07.695+0000] {dag.py:3047} INFO - Sync 1 DAGs
[2026-09-10T14:22:07.712+0000] {logging_mixin.py:188} INFO - [2026-09-10T14:22:07.711+0000] {dag.py:3834} INFO - Setting next_dagrun for example_local_kubernetes_executor to None, run_after=None
[2026-09-10T14:22:07.739+0000] {processor.py:183} INFO - Processing /home/airflow/.local/lib/python3.8/site-packages/airflow/example_dags/example_local_kubernetes_executor.py took 0.111 seconds
[2026-09-10T14:22:38.227+0000] {processor.py:161} INFO - Started process (PID=1359) to work on /home/airflow/.local/lib/python3.8/site-packages/airflow/example_dags/example_local_kubernetes_executor.py
[2026-09-10T14:22:38.228+0000] {processor.py:830} INFO - Processing file /home/airflow/.local/lib/python3.8/site-packages/airflow/example_dags/example_local_kubernetes_executor.py for tasks to queue
[2026-09-10T14:22:38.231+0000] {logging_mixin.py:188} INFO - [2026-09-10T14:22:38.231+0000] {dagbag.py:540} INFO - Filling up the DagBag from /home/airflow/.local/lib/python3.8/site-packages/airflow/example_dags/example_local_kubernetes_executor.py
[2026-09-10T14:22:38.241+0000] {processor.py:840} INFO - DAG(s) 'example_local_kubernetes_executor' retrieved from /home/airflow/.local/lib/python3.8/site-packages/airflow/example_dags/example_local_kubernetes_executor.py
[2026-09-10T14:22:38.287+0000] {logging_mixin.py:188} INFO - [2026-09-10T14:22:38.287+0000] {dag.py:3047} INFO - Sync 1 DAGs
[2026-09-10T14:22:38.307+0000] {logging_mixin.py:188} INFO - [2026-09-10T14:22:38.307+0000] {dag.py:3834} INFO - Setting next_dagrun for example_local_kubernetes_executor to None, run_after=None
[2026-09-10T14:22:38.334+0000] {processor.py:183} INFO - Processing /home/airflow/.local/lib/python3.8/site-packages/airflow/example_dags/example_local_kubernetes_executor.py took 0.111 seconds
[2026-09-10T14:23:08.447+0000] {processor.py:161} INFO - Started process (PID=1420) to work on /home/airflow/.local/lib/python3.8/site-packages/airflow/example_dags/example_local_kubernetes_executor.py
[2026-09-10T14:23:08.449+0000] {processor.py:830} INFO - Processing file /home/airflow/.local/lib/python3.8/site-packages/airflow/example_dags/example_local_kubernetes_executor.py for tasks to queue
[2026-09-10T14:23:08.454+0000] {logging_mixin.py:188} INFO - [2026-09-10T14:23:08.453+0000] {dagbag.py:540} INFO - Filling up the DagBag from /home/airflow/.local/lib/python3.8/site-packages/airflow/example_dags/example_local_kubernetes_executor.py
[2026-09-10T14:23:08.464+0000] {processor.py:840} INFO - DAG(s) 'example_local_kubernetes_executor' retrieved from /home/airflow/.local/lib/python3.8/site-packages/airflow/example_dags/example_local_kubernetes_executor.py
[2026-09-10T14:23:08.504+0000] {logging_mixin.py:188} INFO - [2026-09-10T14:23:08.503+0000] {dag.py:3047} INFO - Sync 1 DAGs
[2026-09-10T14:23:08.517+0000] {logging_mixin.py:188} INFO - [2026-09-10T14:23:08.517+0000] {dag.py:3834} INFO - Setting next_dagrun for example_local_kubernetes_executor to None, run_after=None
[2026-09-10T14:23:08.537+0000] {processor.py:183} INFO - Processing /home/airflow/.local/lib/python3.8/site-packages/airflow/example_dags/example_local_kubernetes_executor.py took 0.093 seconds
[2026-09-10T14:23:39.709+0000] {processor.py:161} INFO - Started process (PID=1481) to work on /home/airflow/.local/lib/python3.8/site-packages/airflow/example_dags/example_local_kubernetes_executor.py
[2026-09-10T14:23:39.711+0000] {processor.py:830} INFO - Processing file /home/airflow/.local/lib/python3.8/site-packages/airflow/example_dags/example_local_kubernetes_executor.py for tasks to queue
[2026-09-10T14:23:39.715+0000] {logging_mixin.py:188} INFO - [2026-09-10T14:23:39.714+0000] {dagbag.py:540} INFO - Filling up the DagBag from /home/airflow/.local/lib/python3.8/site-packages/airflow/example_dags/example_local_kubernetes_executor.py
[2026-09-10T14:23:39.726+0000] {processor.py:840} INFO - DAG(s) 'example_local_kubernetes_executor' retrieved from /home/airflow/.local/lib/python3.8/site-packages/airflow/example_dags/example_local_kubernetes_executor.py
[2026-09-10T14:23:39.768+0000] {logging_mixin.py:188} INFO - [2026-09-10T14:23:39.768+0000] {dag.py:3047} INFO - Sync 1 DAGs
[2026-09-10T14:23:39.785+0000] {logging_mixin.py:188} INFO - [2026-09-10T14:23:39.784+0000] {dag.py:3834} INFO - Setting next_dagrun for example_local_kubernetes_executor to None, run_after=None
[2026-09-10T14:23:39.806+0000] {processor.py:183} INFO - Processing /home/airflow/.local/lib/python3.8/site-packages/airflow/example_dags/example_local_kubernetes_executor.py took 0.103 seconds
[2026-09-10T14:24:10.903+0000] {processor.py:161} INFO - Started process (PID=1542) to work on /home/airflow/.local/lib/python3.8/site-packages/airflow/example_dags/example_local_kubernetes_executor.py
[2026-09-10T14:24:10.906+0000] {processor.py:830} INFO - Processing file /home/airflow/.local/lib/python3.8/site-packages/airflow/example_dags/example_local_kubernetes_executor.py for tasks to queue
[2026-09-10T14:24:10.909+0000] {logging_mixin.py:188} INFO - [2026-09-10T14:24:10.908+0000] {dagbag.py:540} INFO - Filling up the DagBag from /home/airflow/.local/lib/python3.8/site-packages/airflow/example_dags/example_local_kubernetes_executor.py
[2026-09-10T14:24:10.922+0000] {processor.py:840} INFO - DAG(s) 'example_local_kubernetes_executor' retrieved from /home/airflow/.local/lib/python3.8/site-packages/airflow/example_dags/example_local_kubernetes_executor.py
[2026-09-10T14:24:10.967+0000] {logging_mixin.py:188} INFO - [2026-09-10T14:24:10.967+0000] {dag.py:3047} INFO - Sync 1 DAGs
[2026-09-10T14:24:10.981+0000] {logging_mixin.py:188} INFO - [2026-09-10T14:24:10.980+0000] {dag.py:3834} INFO - Setting next_dagrun for example_local_kubernetes_executor to None, run_after=None
[2026-09-10T14:24:11.001+0000] {processor.py:183} INFO - Processing /home/airflow/.local/lib/python3.8/site-packages/airflow/example_dags/example_local_kubernetes_executor.py took 0.102 seconds
[2026-09-10T14:24:42.733+0000] {processor.py:161} INFO - Started process (PID=1603) to work on /home/airflow/.local/lib/python3.8/site-packages/airflow/example_dags/example_local_kubernetes_executor.py
[2026-09-10T14:24:42.735+0000] {processor.py:830} INFO - Processing file /home/airflow/.local/lib/python3.8/site-packages/airflow/example_dags/example_local_kubernetes_executor.py for tasks to queue
[2026-09-10T14:24:42.738+0000] {logging_mixin.py:188} INFO - [2026-09-10T14:24:42.737+0000] {dagbag.py:540} INFO - Filling up the DagBag from /home/airflow/.local/lib/python3.8/site-packages/airflow/example_dags/example_local_kubernetes_executor.py
[2026-09-10T14:24:42.748+0000] {processor.py:840} INFO - DAG(s) 'example_local_kubernetes_executor' retrieved from /home/airflow/.local/lib/python3.8/site-packages/airflow/example_dags/example_local_kubernetes_executor.py
[2026-09-10T14:24:42.791+0000] {logging_mixin.py:188} INFO - [2026-09-10T14:24:42.791+0000] {dag.py:3047} INFO - Sync 1 DAGs
[2026-09-10T14:24:42.806+0000] {logging_mixin.py:188} INFO - [2026-09-10T14:24:42.806+0000] {dag.py:3834} INFO - Setting next_dagrun for example_local_kubernetes_executor to None, run_after=None
[2026-09-10T14:24:42.829+0000] {processor.py:183} INFO - Processing /home/airflow/.local/lib/python3.8/site-packages/airflow/example_dags/example_local_kubernetes_executor.py took 0.100 seconds
[2026-09-10T14:25:14.167+0000] {processor.py:161} INFO - Started process (PID=1664) to work on /home/airflow/.local/lib/python3.8/site-packages/airflow/example_dags/example_local_kubernetes_executor.py
[2026-09-10T14:25:14.168+0000] {processor.py:830} INFO - Processing file /home/airflow/.local/lib/python3.8/site-packages/airflow/example_dags/example_local_kubernetes_executor.py for tasks to queue
[2026-09-10T14:25:14.171+0000] {logging_mixin.py:188} INFO - [2026-09-10T14:25:14.171+0000] {dagbag.py:540} INFO - Filling up the DagBag from /home/airflow/.local/lib/python3.8/site-packages/airflow/example_dags/example_local_kubernetes_executor.py
[2026-09-10T14:25:14.184+0000] {processor.py:840} INFO - DAG(s) 'example_local_kubernetes_executor' retrieved from /home/airflow/.local/lib/python3.8/site-packages/airflow/example_dags/example_local_kubernetes_executor.py
[2026-09-10T14:25:14.224+0000] {logging_mixin.py:188} INFO - [2026-09-10T14:25:14.224+0000] {dag.py:3047} INFO - Sync 1 DAGs
[2026-09-10T14:25:14.240+0000] {logging_mixin.py:188} INFO - [2026-09-10T14:25:14.240+0000] {dag.py:3834} INFO - Setting next_dagrun for example_local_kubernetes_executor to None, run_after=None
[2026-09-10T14:25:14.265+0000] {processor.py:183} INFO - Processing /home/airflow/.local/lib/python3.8/site-packages/airflow/example_dags/example_local_kubernetes_executor.py took 0.104 seconds
[2026-09-10T14:25:45.233+0000] {processor.py:161} INFO - Started process (PID=1724) to work on /home/airflow/.local/lib/python3.8/site-packages/airflow/example_dags/example_local_kubernetes_executor.py
[2026-09-10T14:25:45.235+0000] {processor.py:830} INFO - Processing file /home/airflow/.local/lib/python3.8/site-packages/airflow/example_dags/example_local_kubernetes_executor.py for tasks to queue
[2026-09-10T14:25:45.238+0000] {logging_mixin.py:188} INFO - [2026-09-10T14:25:45.237+0000] {dagbag.py:540} INFO - Filling up the DagBag from /home/airflow/.local/lib/python3.8/site-packages/airflow/example_dags/example_local_kubernetes_executor.py
[2026-09-10T14:25:45.248+0000] {processor.py:840} INFO - DAG(s) 'example_local_kubernetes_executor' retrieved from /home/airflow/.local/lib/python3.8/site-packages/airflow/example_dags/example_local_kubernetes_executor.py
[2026-09-10T14:25:45.300+0000] {logging_mixin.py:188} INFO - [2026-09-10T14:25:45.300+0000] {dag.py:3047} INFO - Sync 1 DAGs
[2026-09-10T14:25:45.316+0000] {logging_mixin.py:188} INFO - [2026-09-10T14:25:45.316+0000] {dag.py:3834} INFO - Setting next_dagrun for example_local_kubernetes_executor to None, run_after=None
[2026-09-10T14:25:45.344+0000] {processor.py:183} INFO - Processing /home/airflow/.local/lib/python3.8/site-packages/airflow/example_dags/example_local_kubernetes_executor.py took 0.114 seconds
[2026-09-10T14:26:20.528+0000] {processor.py:161} INFO - Started process (PID=118) to work on /home/airflow/.local/lib/python3.8/site-packages/airflow/example_dags/example_local_kubernetes_executor.py
[2026-09-10T14:26:20.532+0000] {processor.py:830} INFO - Processing file /home/airflow/.local/lib/python3.8/site-packages/airflow/example_dags/example_local_kubernetes_executor.py for tasks to queue
[2026-09-10T14:26:20.538+0000] {logging_mixin.py:188} INFO - [2026-09-10T14:26:20.537+0000] {dagbag.py:540} INFO - Filling up the DagBag from /home/airflow/.local/lib/python3.8/site-packages/airflow/example_dags/example_local_kubernetes_executor.py
[2026-09-10T14:26:20.558+0000] {processor.py:840} INFO - DAG(s) 'example_local_kubernetes_executor' retrieved from /home/airflow/.local/lib/python3.8/site-packages/airflow/example_dags/example_local_kubernetes_executor.py
[2026-09-10T14:26:20.635+0000] {logging_mixin.py:188} INFO - [2026-09-10T14:26:20.634+0000] {dag.py:3047} INFO - Sync 1 DAGs
[2026-09-10T14:26:20.654+0000] {logging_mixin.py:188} INFO - [2026-09-10T14:26:20.653+0000] {dag.py:3834} INFO - Setting next_dagrun for example_local_kubernetes_executor to None, run_after=None
[2026-09-10T14:26:20.681+0000] {processor.py:183} INFO - Processing /home/airflow/.local/lib/python3.8/site-packages/airflow/example_dags/example_local_kubernetes_executor.py took 0.161 seconds
[2026-09-10T14:26:51.597+0000] {processor.py:161} INFO - Started process (PID=177) to work on /home/airflow/.local/lib/python3.8/site-packages/airflow/example_dags/example_local_kubernetes_executor.py
[2026-09-10T14:26:51.599+0000] {processor.py:830} INFO - Processing file /home/airflow/.local/lib/python3.8/site-packages/airflow/example_dags/example_local_kubernetes_executor.py for tasks to queue
[2026-09-10T14:26:51.603+0000] {logging_mixin.py:188} INFO - [2026-09-10T14:26:51.603+0000] {dagbag.py:540} INFO - Filling up the DagBag from /home/airflow/.local/lib/python3.8/site-packages/airflow/example_dags/example_local_kubernetes_executor.py
[2026-09-10T14:26:51.620+0000] {processor.py:840} INFO - DAG(s) 'example_local_kubernetes_executor' retrieved from /home/airflow/.local/lib/python3.8/site-packages/airflow/example_dags/example_local_kubernetes_executor.py
[2026-09-10T14:26:51.692+0000] {logging_mixin.py:188} INFO - [2026-09-10T14:26:51.691+0000] {dag.py:3047} INFO - Sync 1 DAGs
[2026-09-10T14:26:51.709+0000] {logging_mixin.py:188} INFO - [2026-09-10T14:26:51.708+0000] {dag.py:3834} INFO - Setting next_dagrun for example_local_kubernetes_executor to None, run_after=None
[2026-09-10T14:26:51.736+0000] {processor.py:183} INFO - Processing /home/airflow/.local/lib/python3.8/site-packages/airflow/example_dags/example_local_kubernetes_executor.py took 0.144 seconds
[2026-09-10T14:27:21.856+0000] {processor.py:161} INFO - Started process (PID=236) to work on /home/airflow/.local/lib/python3.8/site-packages/airflow/example_dags/example_local_kubernetes_executor.py
[2026-09-10T14:27:21.859+0000] {processor.py:830} INFO - Processing file /home/airflow/.local/lib/python3.8/site-packages/airflow/example_dags/example_local_kubernetes_executor.py for tasks to queue
[2026-09-10T14:27:21.861+0000] {logging_mixin.py:188} INFO - [2026-09-10T14:27:21.861+0000] {dagbag.py:540} INFO - Filling up the DagBag from /home/airflow/.local/lib/python3.8/site-packages/airflow/example_dags/example_local_kubernetes_executor.py
[2026-09-10T14:27:21.870+0000] {processor.py:840} INFO - DAG(s) 'example_local_kubernetes_executor' retrieved from /home/airflow/.local/lib/python3.8/site-packages/airflow/example_dags/example_local_kubernetes_executor.py
[2026-09-10T14:27:21.912+0000] {logging_mixin.py:188} INFO - [2026-09-10T14:27:21.912+0000] {dag.py:3047} INFO - Sync 1 DAGs
[2026-09-10T14:27:21.925+0000] {logging_mixin.py:188} INFO - [2026-09-10T14:27:21.925+0000] {dag.py:3834} INFO - Setting next_dagrun for example_local_kubernetes_executor to None, run_after=None
[2026-09-10T14:27:21.947+0000] {processor.py:183} INFO - Processing /home/airflow/.local/lib/python3.8/site-packages/airflow/example_dags/example_local_kubernetes_executor.py took 0.095 seconds
[2026-09-10T14:27:52.613+0000] {processor.py:161} INFO - Started process (PID=295) to work on /home/airflow/.local/lib/python3.8/site-packages/airflow/example_dags/example_local_kubernetes_executor.py
[2026-09-10T14:27:52.615+0000] {processor.py:830} INFO - Processing file /home/airflow/.local/lib/python3.8/site-packages/airflow/example_dags/example_local_kubernetes_executor.py for tasks to queue
[2026-09-10T14:27:52.620+0000] {logging_mixin.py:188} INFO - [2026-09-10T14:27:52.619+0000] {dagbag.py:540} INFO - Filling up the DagBag from /home/airflow/.local/lib/python3.8/site-packages/airflow/example_dags/example_local_kubernetes_executor.py
[2026-09-10T14:27:52.634+0000] {processor.py:840} INFO - DAG(s) 'example_local_kubernetes_executor' retrieved from /home/airflow/.local/lib/python3.8/site-packages/airflow/example_dags/example_local_kubernetes_executor.py
[2026-09-10T14:27:52.694+0000] {logging_mixin.py:188} INFO - [2026-09-10T14:27:52.694+0000] {dag.py:3047} INFO - Sync 1 DAGs
[2026-09-10T14:27:52.714+0000] {logging_mixin.py:188} INFO - [2026-09-10T14:27:52.714+0000] {dag.py:3834} INFO - Setting next_dagrun for example_local_kubernetes_executor to None, run_after=None
[2026-09-10T14:27:52.755+0000] {processor.py:183} INFO - Processing /home/airflow/.local/lib/python3.8/site-packages/airflow/example_dags/example_local_kubernetes_executor.py took 0.147 seconds
[2026-09-10T14:28:23.858+0000] {processor.py:161} INFO - Started process (PID=358) to work on /home/airflow/.local/lib/python3.8/site-packages/airflow/example_dags/example_local_kubernetes_executor.py
[2026-09-10T14:28:23.859+0000] {processor.py:830} INFO - Processing file /home/airflow/.local/lib/python3.8/site-packages/airflow/example_dags/example_local_kubernetes_executor.py for tasks to queue
[2026-09-10T14:28:23.861+0000] {logging_mixin.py:188} INFO - [2026-09-10T14:28:23.861+0000] {dagbag.py:540} INFO - Filling up the DagBag from /home/airflow/.local/lib/python3.8/site-packages/airflow/example_dags/example_local_kubernetes_executor.py
[2026-09-10T14:28:23.876+0000] {processor.py:840} INFO - DAG(s) 'example_local_kubernetes_executor' retrieved from /home/airflow/.local/lib/python3.8/site-packages/airflow/example_dags/example_local_kubernetes_executor.py
[2026-09-10T14:28:23.940+0000] {logging_mixin.py:188} INFO - [2026-09-10T14:28:23.939+0000] {dag.py:3047} INFO - Sync 1 DAGs
[2026-09-10T14:28:23.961+0000] {logging_mixin.py:188} INFO - [2026-09-10T14:28:23.961+0000] {dag.py:3834} INFO - Setting next_dagrun for example_local_kubernetes_executor to None, run_after=None
[2026-09-10T14:28:24.000+0000] {processor.py:183} INFO - Processing /home/airflow/.local/lib/python3.8/site-packages/airflow/example_dags/example_local_kubernetes_executor.py took 0.151 seconds
[2026-09-10T14:28:54.307+0000] {processor.py:161} INFO - Started process (PID=417) to work on /home/airflow/.local/lib/python3.8/site-packages/airflow/example_dags/example_local_kubernetes_executor.py
[2026-09-10T14:28:54.309+0000] {processor.py:830} INFO - Processing file /home/airflow/.local/lib/python3.8/site-packages/airflow/example_dags/example_local_kubernetes_executor.py for tasks to queue
[2026-09-10T14:28:54.314+0000] {logging_mixin.py:188} INFO - [2026-09-10T14:28:54.313+0000] {dagbag.py:540} INFO - Filling up the DagBag from /home/airflow/.local/lib/python3.8/site-packages/airflow/example_dags/example_local_kubernetes_executor.py
[2026-09-10T14:28:54.338+0000] {processor.py:840} INFO - DAG(s) 'example_local_kubernetes_executor' retrieved from /home/airflow/.local/lib/python3.8/site-packages/airflow/example_dags/example_local_kubernetes_executor.py
[2026-09-10T14:28:54.436+0000] {logging_mixin.py:188} INFO - [2026-09-10T14:28:54.436+0000] {dag.py:3047} INFO - Sync 1 DAGs
[2026-09-10T14:28:54.455+0000] {logging_mixin.py:188} INFO - [2026-09-10T14:28:54.454+0000] {dag.py:3834} INFO - Setting next_dagrun for example_local_kubernetes_executor to None, run_after=None
[2026-09-10T14:28:54.483+0000] {processor.py:183} INFO - Processing /home/airflow/.local/lib/python3.8/site-packages/airflow/example_dags/example_local_kubernetes_executor.py took 0.180 seconds
[2026-09-10T14:29:24.780+0000] {processor.py:161} INFO - Started process (PID=476) to work on /home/airflow/.local/lib/python3.8/site-packages/airflow/example_dags/example_local_kubernetes_executor.py
[2026-09-10T14:29:24.781+0000] {processor.py:830} INFO - Processing file /home/airflow/.local/lib/python3.8/site-packages/airflow/example_dags/example_local_kubernetes_executor.py for tasks to queue
[2026-09-10T14:29:24.784+0000] {logging_mixin.py:188} INFO - [2026-09-10T14:29:24.784+0000] {dagbag.py:540} INFO - Filling up the DagBag from /home/airflow/.local/lib/python3.8/site-packages/airflow/example_dags/example_local_kubernetes_executor.py
[2026-09-10T14:29:24.794+0000] {processor.py:840} INFO - DAG(s) 'example_local_kubernetes_executor' retrieved from /home/airflow/.local/lib/python3.8/site-packages/airflow/example_dags/example_local_kubernetes_executor.py
[2026-09-10T14:29:24.837+0000] {logging_mixin.py:188} INFO - [2026-09-10T14:29:24.836+0000] {dag.py:3047} INFO - Sync 1 DAGs
[2026-09-10T14:29:24.851+0000] {logging_mixin.py:188} INFO - [2026-09-10T14:29:24.851+0000] {dag.py:3834} INFO - Setting next_dagrun for example_local_kubernetes_executor to None, run_after=None
[2026-09-10T14:29:24.875+0000] {processor.py:183} INFO - Processing /home/airflow/.local/lib/python3.8/site-packages/airflow/example_dags/example_local_kubernetes_executor.py took 0.099 seconds
[2026-09-10T14:29:55.828+0000] {processor.py:161} INFO - Started process (PID=535) to work on /home/airflow/.local/lib/python3.8/site-packages/airflow/example_dags/example_local_kubernetes_executor.py
[2026-09-10T14:29:55.830+0000] {processor.py:830} INFO - Processing file /home/airflow/.local/lib/python3.8/site-packages/airflow/example_dags/example_local_kubernetes_executor.py for tasks to queue
[2026-09-10T14:29:55.833+0000] {logging_mixin.py:188} INFO - [2026-09-10T14:29:55.832+0000] {dagbag.py:540} INFO - Filling up the DagBag from /home/airflow/.local/lib/python3.8/site-packages/airflow/example_dags/example_local_kubernetes_executor.py
[2026-09-10T14:29:55.842+0000] {processor.py:840} INFO - DAG(s) 'example_local_kubernetes_executor' retrieved from /home/airflow/.local/lib/python3.8/site-packages/airflow/example_dags/example_local_kubernetes_executor.py
[2026-09-10T14:29:55.888+0000] {logging_mixin.py:188} INFO - [2026-09-10T14:29:55.888+0000] {dag.py:3047} INFO - Sync 1 DAGs
[2026-09-10T14:29:55.906+0000] {logging_mixin.py:188} INFO - [2026-09-10T14:29:55.906+0000] {dag.py:3834} INFO - Setting next_dagrun for example_local_kubernetes_executor to None, run_after=None
[2026-09-10T14:29:55.935+0000] {processor.py:183} INFO - Processing /home/airflow/.local/lib/python3.8/site-packages/airflow/example_dags/example_local_kubernetes_executor.py took 0.111 seconds
[2026-09-10T14:30:26.299+0000] {processor.py:161} INFO - Started process (PID=594) to work on /home/airflow/.local/lib/python3.8/site-packages/airflow/example_dags/example_local_kubernetes_executor.py
[2026-09-10T14:30:26.304+0000] {processor.py:830} INFO - Processing file /home/airflow/.local/lib/python3.8/site-packages/airflow/example_dags/example_local_kubernetes_executor.py for tasks to queue
[2026-09-10T14:30:26.310+0000] {logging_mixin.py:188} INFO - [2026-09-10T14:30:26.309+0000] {dagbag.py:540} INFO - Filling up the DagBag from /home/airflow/.local/lib/python3.8/site-packages/airflow/example_dags/example_local_kubernetes_executor.py
[2026-09-10T14:30:26.352+0000] {processor.py:840} INFO - DAG(s) 'example_local_kubernetes_executor' retrieved from /home/airflow/.local/lib/python3.8/site-packages/airflow/example_dags/example_local_kubernetes_executor.py
[2026-09-10T14:30:26.425+0000] {logging_mixin.py:188} INFO - [2026-09-10T14:30:26.425+0000] {dag.py:3047} INFO - Sync 1 DAGs
[2026-09-10T14:30:26.445+0000] {logging_mixin.py:188} INFO - [2026-09-10T14:30:26.445+0000] {dag.py:3834} INFO - Setting next_dagrun for example_local_kubernetes_executor to None, run_after=None
[2026-09-10T14:30:26.475+0000] {processor.py:183} INFO - Processing /home/airflow/.local/lib/python3.8/site-packages/airflow/example_dags/example_local_kubernetes_executor.py took 0.186 seconds
[2026-09-10T14:30:57.685+0000] {processor.py:161} INFO - Started process (PID=653) to work on /home/airflow/.local/lib/python3.8/site-packages/airflow/example_dags/example_local_kubernetes_executor.py
[2026-09-10T14:30:57.689+0000] {processor.py:830} INFO - Processing file /home/airflow/.local/lib/python3.8/site-packages/airflow/example_dags/example_local_kubernetes_executor.py for tasks to queue
[2026-09-10T14:30:57.693+0000] {logging_mixin.py:188} INFO - [2026-09-10T14:30:57.692+0000] {dagbag.py:540} INFO - Filling up the DagBag from /home/airflow/.local/lib/python3.8/site-packages/airflow/example_dags/example_local_kubernetes_executor.py
[2026-09-10T14:30:57.703+0000] {processor.py:840} INFO - DAG(s) 'example_local_kubernetes_executor' retrieved from /home/airflow/.local/lib/python3.8/site-packages/airflow/example_dags/example_local_kubernetes_executor.py
[2026-09-10T14:30:57.744+0000] {logging_mixin.py:188} INFO - [2026-09-10T14:30:57.744+0000] {dag.py:3047} INFO - Sync 1 DAGs
[2026-09-10T14:30:57.758+0000] {logging_mixin.py:188} INFO - [2026-09-10T14:30:57.758+0000] {dag.py:3834} INFO - Setting next_dagrun for example_local_kubernetes_executor to None, run_after=None
[2026-09-10T14:30:57.781+0000] {processor.py:183} INFO - Processing /home/airflow/.local/lib/python3.8/site-packages/airflow/example_dags/example_local_kubernetes_executor.py took 0.102 seconds
[2026-09-10T14:31:28.257+0000] {processor.py:161} INFO - Started process (PID=712) to work on /home/airflow/.local/lib/python3.8/site-packages/airflow/example_dags/example_local_kubernetes_executor.py
[2026-09-10T14:31:28.259+0000] {processor.py:830} INFO - Processing file /home/airflow/.local/lib/python3.8/site-packages/airflow/example_dags/example_local_kubernetes_executor.py for tasks to queue
[2026-09-10T14:31:28.263+0000] {logging_mixin.py:188} INFO - [2026-09-10T14:31:28.262+0000] {dagbag.py:540} INFO - Filling up the DagBag from /home/airflow/.local/lib/python3.8/site-packages/airflow/example_dags/example_local_kubernetes_executor.py
[2026-09-10T14:31:28.279+0000] {processor.py:840} INFO - DAG(s) 'example_local_kubernetes_executor' retrieved from /home/airflow/.local/lib/python3.8/site-packages/airflow/example_dags/example_local_kubernetes_executor.py
[2026-09-10T14:31:28.358+0000] {logging_mixin.py:188} INFO - [2026-09-10T14:31:28.357+0000] {dag.py:3047} INFO - Sync 1 DAGs
[2026-09-10T14:31:28.376+0000] {logging_mixin.py:188} INFO - [2026-09-10T14:31:28.376+0000] {dag.py:3834} INFO - Setting next_dagrun for example_local_kubernetes_executor to None, run_after=None
[2026-09-10T14:31:28.410+0000] {processor.py:183} INFO - Processing /home/airflow/.local/lib/python3.8/site-packages/airflow/example_dags/example_local_kubernetes_executor.py took 0.160 seconds
[2026-09-10T14:31:59.287+0000] {processor.py:161} INFO - Started process (PID=771) to work on /home/airflow/.local/lib/python3.8/site-packages/airflow/example_dags/example_local_kubernetes_executor.py
[2026-09-10T14:31:59.288+0000] {processor.py:830} INFO - Processing file /home/airflow/.local/lib/python3.8/site-packages/airflow/example_dags/example_local_kubernetes_executor.py for tasks to queue
[2026-09-10T14:31:59.291+0000] {logging_mixin.py:188} INFO - [2026-09-10T14:31:59.290+0000] {dagbag.py:540} INFO - Filling up the DagBag from /home/airflow/.local/lib/python3.8/site-packages/airflow/example_dags/example_local_kubernetes_executor.py
[2026-09-10T14:31:59.301+0000] {processor.py:840} INFO - DAG(s) 'example_local_kubernetes_executor' retrieved from /home/airflow/.local/lib/python3.8/site-packages/airflow/example_dags/example_local_kubernetes_executor.py
[2026-09-10T14:31:59.339+0000] {logging_mixin.py:188} INFO - [2026-09-10T14:31:59.339+0000] {dag.py:3047} INFO - Sync 1 DAGs
[2026-09-10T14:31:59.356+0000] {logging_mixin.py:188} INFO - [2026-09-10T14:31:59.355+0000] {dag.py:3834} INFO - Setting next_dagrun for example_local_kubernetes_executor to None, run_after=None
[2026-09-10T14:31:59.391+0000] {processor.py:183} INFO - Processing /home/airflow/.local/lib/python3.8/site-packages/airflow/example_dags/example_local_kubernetes_executor.py took 0.108 seconds
[2026-09-10T14:32:29.782+0000] {processor.py:161} INFO - Started process (PID=830) to work on /home/airflow/.local/lib/python3.8/site-packages/airflow/example_dags/example_local_kubernetes_executor.py
[2026-09-10T14:32:29.784+0000] {processor.py:830} INFO - Processing file /home/airflow/.local/lib/python3.8/site-packages/airflow/example_dags/example_local_kubernetes_executor.py for tasks to queue
[2026-09-10T14:32:29.787+0000] {logging_mixin.py:188} INFO - [2026-09-10T14:32:29.786+0000] {dagbag.py:540} INFO - Filling up the DagBag from /home/airflow/.local/lib/python3.8/site-packages/airflow/example_dags/example_local_kubernetes_executor.py
[2026-09-10T14:32:29.797+0000] {processor.py:840} INFO - DAG(s) 'example_local_kubernetes_executor' retrieved from /home/airflow/.local/lib/python3.8/site-packages/airflow/example_dags/example_local_kubernetes_executor.py
[2026-09-10T14:32:29.837+0000] {logging_mixin.py:188} INFO - [2026-09-10T14:32:29.837+0000] {dag.py:3047} INFO - Sync 1 DAGs
[2026-09-10T14:32:29.851+0000] {logging_mixin.py:188} INFO - [2026-09-10T14:32:29.851+0000] {dag.py:3834} INFO - Setting next_dagrun for example_local_kubernetes_executor to None, run_after=None
[2026-09-10T14:32:29.872+0000] {processor.py:183} INFO - Processing /home/airflow/.local/lib/python3.8/site-packages/airflow/example_dags/example_local_kubernetes_executor.py took 0.094 seconds
[2026-09-10T14:33:01.024+0000] {processor.py:161} INFO - Started process (PID=889) to work on /home/airflow/.local/lib/python3.8/site-packages/airflow/example_dags/example_local_kubernetes_executor.py
[2026-09-10T14:33:01.026+0000] {processor.py:830} INFO - Processing file /home/airflow/.local/lib/python3.8/site-packages/airflow/example_dags/example_local_kubernetes_executor.py for tasks to queue
[2026-09-10T14:33:01.029+0000] {logging_mixin.py:188} INFO - [2026-09-10T14:33:01.029+0000] {dagbag.py:540} INFO - Filling up the DagBag from /home/airflow/.local/lib/python3.8/site-packages/airflow/example_dags/example_local_kubernetes_executor.py
[2026-09-10T14:33:01.039+0000] {processor.py:840} INFO - DAG(s) 'example_local_kubernetes_executor' retrieved from /home/airflow/.local/lib/python3.8/site-packages/airflow/example_dags/example_local_kubernetes_executor.py
[2026-09-10T14:33:01.076+0000] {logging_mixin.py:188} INFO - [2026-09-10T14:33:01.076+0000] {dag.py:3047} INFO - Sync 1 DAGs
[2026-09-10T14:33:01.089+0000] {logging_mixin.py:188} INFO - [2026-09-10T14:33:01.089+0000] {dag.py:3834} INFO - Setting next_dagrun for example_local_kubernetes_executor to None, run_after=None
[2026-09-10T14:33:01.113+0000] {processor.py:183} INFO - Processing /home/airflow/.local/lib/python3.8/site-packages/airflow/example_dags/example_local_kubernetes_executor.py took 0.094 seconds
[2026-09-10T14:33:33.288+0000] {processor.py:161} INFO - Started process (PID=948) to work on /home/airflow/.local/lib/python3.8/site-packages/airflow/example_dags/example_local_kubernetes_executor.py
[2026-09-10T14:33:33.290+0000] {processor.py:830} INFO - Processing file /home/airflow/.local/lib/python3.8/site-packages/airflow/example_dags/example_local_kubernetes_executor.py for tasks to queue
[2026-09-10T14:33:33.294+0000] {logging_mixin.py:188} INFO - [2026-09-10T14:33:33.294+0000] {dagbag.py:540} INFO - Filling up the DagBag from /home/airflow/.local/lib/python3.8/site-packages/airflow/example_dags/example_local_kubernetes_executor.py
[2026-09-10T14:33:33.308+0000] {processor.py:840} INFO - DAG(s) 'example_local_kubernetes_executor' retrieved from /home/airflow/.local/lib/python3.8/site-packages/airflow/example_dags/example_local_kubernetes_executor.py
[2026-09-10T14:33:33.358+0000] {logging_mixin.py:188} INFO - [2026-09-10T14:33:33.358+0000] {dag.py:3047} INFO - Sync 1 DAGs
[2026-09-10T14:33:33.373+0000] {logging_mixin.py:188} INFO - [2026-09-10T14:33:33.373+0000] {dag.py:3834} INFO - Setting next_dagrun for example_local_kubernetes_executor to None, run_after=None
[2026-09-10T14:33:33.408+0000] {processor.py:183} INFO - Processing /home/airflow/.local/lib/python3.8/site-packages/airflow/example_dags/example_local_kubernetes_executor.py took 0.125 seconds
[2026-09-10T14:34:03.517+0000] {processor.py:161} INFO - Started process (PID=1007) to work on /home/airflow/.local/lib/python3.8/site-packages/airflow/example_dags/example_local_kubernetes_executor.py
[2026-09-10T14:34:03.519+0000] {processor.py:830} INFO - Processing file /home/airflow/.local/lib/python3.8/site-packages/airflow/example_dags/example_local_kubernetes_executor.py for tasks to queue
[2026-09-10T14:34:03.522+0000] {logging_mixin.py:188} INFO - [2026-09-10T14:34:03.522+0000] {dagbag.py:540} INFO - Filling up the DagBag from /home/airflow/.local/lib/python3.8/site-packages/airflow/example_dags/example_local_kubernetes_executor.py
[2026-09-10T14:34:03.531+0000] {processor.py:840} INFO - DAG(s) 'example_local_kubernetes_executor' retrieved from /home/airflow/.local/lib/python3.8/site-packages/airflow/example_dags/example_local_kubernetes_executor.py
[2026-09-10T14:34:03.568+0000] {logging_mixin.py:188} INFO - [2026-09-10T14:34:03.567+0000] {dag.py:3047} INFO - Sync 1 DAGs
[2026-09-10T14:34:03.581+0000] {logging_mixin.py:188} INFO - [2026-09-10T14:34:03.580+0000] {dag.py:3834} INFO - Setting next_dagrun for example_local_kubernetes_executor to None, run_after=None
[2026-09-10T14:34:03.601+0000] {processor.py:183} INFO - Processing /home/airflow/.local/lib/python3.8/site-packages/airflow/example_dags/example_local_kubernetes_executor.py took 0.087 seconds
[2026-09-10T14:34:35.067+0000] {processor.py:161} INFO - Started process (PID=1066) to work on /home/airflow/.local/lib/python3.8/site-packages/airflow/example_dags/example_local_kubernetes_executor.py
[2026-09-10T14:34:35.069+0000] {processor.py:830} INFO - Processing file /home/airflow/.local/lib/python3.8/site-packages/airflow/example_dags/example_local_kubernetes_executor.py for tasks to queue
[2026-09-10T14:34:35.073+0000] {logging_mixin.py:188} INFO - [2026-09-10T14:34:35.072+0000] {dagbag.py:540} INFO - Filling up the DagBag from /home/airflow/.local/lib/python3.8/site-packages/airflow/example_dags/example_local_kubernetes_executor.py
[2026-09-10T14:34:35.089+0000] {processor.py:840} INFO - DAG(s) 'example_local_kubernetes_executor' retrieved from /home/airflow/.local/lib/python3.8/site-packages/airflow/example_dags/example_local_kubernetes_executor.py
[2026-09-10T14:34:35.149+0000] {logging_mixin.py:188} INFO - [2026-09-10T14:34:35.148+0000] {dag.py:3047} INFO - Sync 1 DAGs
[2026-09-10T14:34:35.167+0000] {logging_mixin.py:188} INFO - [2026-09-10T14:34:35.167+0000] {dag.py:3834} INFO - Setting next_dagrun for example_local_kubernetes_executor to None, run_after=None
[2026-09-10T14:34:35.204+0000] {processor.py:183} INFO - Processing /home/airflow/.local/lib/python3.8/site-packages/airflow/example_dags/example_local_kubernetes_executor.py took 0.141 seconds
[2026-09-10T14:35:06.895+0000] {processor.py:161} INFO - Started process (PID=1126) to work on /home/airflow/.local/lib/python3.8/site-packages/airflow/example_dags/example_local_kubernetes_executor.py
[2026-09-10T14:35:06.907+0000] {processor.py:830} INFO - Processing file /home/airflow/.local/lib/python3.8/site-packages/airflow/example_dags/example_local_kubernetes_executor.py for tasks to queue
[2026-09-10T14:35:06.916+0000] {logging_mixin.py:188} INFO - [2026-09-10T14:35:06.916+0000] {dagbag.py:540} INFO - Filling up the DagBag from /home/airflow/.local/lib/python3.8/site-packages/airflow/example_dags/example_local_kubernetes_executor.py
[2026-09-10T14:35:06.945+0000] {processor.py:840} INFO - DAG(s) 'example_local_kubernetes_executor' retrieved from /home/airflow/.local/lib/python3.8/site-packages/airflow/example_dags/example_local_kubernetes_executor.py
[2026-09-10T14:35:07.067+0000] {logging_mixin.py:188} INFO - [2026-09-10T14:35:07.066+0000] {dag.py:3047} INFO - Sync 1 DAGs
[2026-09-10T14:35:07.089+0000] {logging_mixin.py:188} INFO - [2026-09-10T14:35:07.089+0000] {dag.py:3834} INFO - Setting next_dagrun for example_local_kubernetes_executor to None, run_after=None
[2026-09-10T14:35:07.122+0000] {processor.py:183} INFO - Processing /home/airflow/.local/lib/python3.8/site-packages/airflow/example_dags/example_local_kubernetes_executor.py took 0.240 seconds
[2026-09-10T14:35:37.366+0000] {processor.py:161} INFO - Started process (PID=1185) to work on /home/airflow/.local/lib/python3.8/site-packages/airflow/example_dags/example_local_kubernetes_executor.py
[2026-09-10T14:35:37.368+0000] {processor.py:830} INFO - Processing file /home/airflow/.local/lib/python3.8/site-packages/airflow/example_dags/example_local_kubernetes_executor.py for tasks to queue
[2026-09-10T14:35:37.370+0000] {logging_mixin.py:188} INFO - [2026-09-10T14:35:37.370+0000] {dagbag.py:540} INFO - Filling up the DagBag from /home/airflow/.local/lib/python3.8/site-packages/airflow/example_dags/example_local_kubernetes_executor.py
[2026-09-10T14:35:37.381+0000] {processor.py:840} INFO - DAG(s) 'example_local_kubernetes_executor' retrieved from /home/airflow/.local/lib/python3.8/site-packages/airflow/example_dags/example_local_kubernetes_executor.py
[2026-09-10T14:35:37.422+0000] {logging_mixin.py:188} INFO - [2026-09-10T14:35:37.422+0000] {dag.py:3047} INFO - Sync 1 DAGs
[2026-09-10T14:35:37.436+0000] {logging_mixin.py:188} INFO - [2026-09-10T14:35:37.436+0000] {dag.py:3834} INFO - Setting next_dagrun for example_local_kubernetes_executor to None, run_after=None
[2026-09-10T14:35:37.456+0000] {processor.py:183} INFO - Processing /home/airflow/.local/lib/python3.8/site-packages/airflow/example_dags/example_local_kubernetes_executor.py took 0.095 seconds
[2026-09-10T14:36:07.689+0000] {processor.py:161} INFO - Started process (PID=1245) to work on /home/airflow/.local/lib/python3.8/site-packages/airflow/example_dags/example_local_kubernetes_executor.py
[2026-09-10T14:36:07.695+0000] {processor.py:830} INFO - Processing file /home/airflow/.local/lib/python3.8/site-packages/airflow/example_dags/example_local_kubernetes_executor.py for tasks to queue
[2026-09-10T14:36:07.699+0000] {logging_mixin.py:188} INFO - [2026-09-10T14:36:07.698+0000] {dagbag.py:540} INFO - Filling up the DagBag from /home/airflow/.local/lib/python3.8/site-packages/airflow/example_dags/example_local_kubernetes_executor.py
[2026-09-10T14:36:07.717+0000] {processor.py:840} INFO - DAG(s) 'example_local_kubernetes_executor' retrieved from /home/airflow/.local/lib/python3.8/site-packages/airflow/example_dags/example_local_kubernetes_executor.py
[2026-09-10T14:36:07.780+0000] {logging_mixin.py:188} INFO - [2026-09-10T14:36:07.780+0000] {dag.py:3047} INFO - Sync 1 DAGs
[2026-09-10T14:36:07.802+0000] {logging_mixin.py:188} INFO - [2026-09-10T14:36:07.801+0000] {dag.py:3834} INFO - Setting next_dagrun for example_local_kubernetes_executor to None, run_after=None
[2026-09-10T14:36:07.826+0000] {processor.py:183} INFO - Processing /home/airflow/.local/lib/python3.8/site-packages/airflow/example_dags/example_local_kubernetes_executor.py took 0.147 seconds
[2026-09-10T14:36:39.057+0000] {processor.py:161} INFO - Started process (PID=1305) to work on /home/airflow/.local/lib/python3.8/site-packages/airflow/example_dags/example_local_kubernetes_executor.py
[2026-09-10T14:36:39.059+0000] {processor.py:830} INFO - Processing file /home/airflow/.local/lib/python3.8/site-packages/airflow/example_dags/example_local_kubernetes_executor.py for tasks to queue
[2026-09-10T14:36:39.061+0000] {logging_mixin.py:188} INFO - [2026-09-10T14:36:39.061+0000] {dagbag.py:540} INFO - Filling up the DagBag from /home/airflow/.local/lib/python3.8/site-packages/airflow/example_dags/example_local_kubernetes_executor.py
[2026-09-10T14:36:39.071+0000] {processor.py:840} INFO - DAG(s) 'example_local_kubernetes_executor' retrieved from /home/airflow/.local/lib/python3.8/site-packages/airflow/example_dags/example_local_kubernetes_executor.py
[2026-09-10T14:36:39.110+0000] {logging_mixin.py:188} INFO - [2026-09-10T14:36:39.110+0000] {dag.py:3047} INFO - Sync 1 DAGs
[2026-09-10T14:36:39.128+0000] {logging_mixin.py:188} INFO - [2026-09-10T14:36:39.127+0000] {dag.py:3834} INFO - Setting next_dagrun for example_local_kubernetes_executor to None, run_after=None
[2026-09-10T14:36:39.149+0000] {processor.py:183} INFO - Processing /home/airflow/.local/lib/python3.8/site-packages/airflow/example_dags/example_local_kubernetes_executor.py took 0.096 seconds
[2026-09-10T14:37:09.383+0000] {processor.py:161} INFO - Started process (PID=1364) to work on /home/airflow/.local/lib/python3.8/site-packages/airflow/example_dags/example_local_kubernetes_executor.py
[2026-09-10T14:37:09.385+0000] {processor.py:830} INFO - Processing file /home/airflow/.local/lib/python3.8/site-packages/airflow/example_dags/example_local_kubernetes_executor.py for tasks to queue
[2026-09-10T14:37:09.389+0000] {logging_mixin.py:188} INFO - [2026-09-10T14:37:09.388+0000] {dagbag.py:540} INFO - Filling up the DagBag from /home/airflow/.local/lib/python3.8/site-packages/airflow/example_dags/example_local_kubernetes_executor.py
[2026-09-10T14:37:09.401+0000] {processor.py:840} INFO - DAG(s) 'example_local_kubernetes_executor' retrieved from /home/airflow/.local/lib/python3.8/site-packages/airflow/example_dags/example_local_kubernetes_executor.py
[2026-09-10T14:37:09.457+0000] {logging_mixin.py:188} INFO - [2026-09-10T14:37:09.457+0000] {dag.py:3047} INFO - Sync 1 DAGs
[2026-09-10T14:37:09.471+0000] {logging_mixin.py:188} INFO - [2026-09-10T14:37:09.471+0000] {dag.py:3834} INFO - Setting next_dagrun for example_local_kubernetes_executor to None, run_after=None
[2026-09-10T14:37:09.494+0000] {processor.py:183} INFO - Processing /home/airflow/.local/lib/python3.8/site-packages/airflow/example_dags/example_local_kubernetes_executor.py took 0.115 seconds
[2026-09-10T14:37:40.326+0000] {processor.py:161} INFO - Started process (PID=1423) to work on /home/airflow/.local/lib/python3.8/site-packages/airflow/example_dags/example_local_kubernetes_executor.py
[2026-09-10T14:37:40.328+0000] {processor.py:830} INFO - Processing file /home/airflow/.local/lib/python3.8/site-packages/airflow/example_dags/example_local_kubernetes_executor.py for tasks to queue
[2026-09-10T14:37:40.330+0000] {logging_mixin.py:188} INFO - [2026-09-10T14:37:40.330+0000] {dagbag.py:540} INFO - Filling up the DagBag from /home/airflow/.local/lib/python3.8/site-packages/airflow/example_dags/example_local_kubernetes_executor.py
[2026-09-10T14:37:40.341+0000] {processor.py:840} INFO - DAG(s) 'example_local_kubernetes_executor' retrieved from /home/airflow/.local/lib/python3.8/site-packages/airflow/example_dags/example_local_kubernetes_executor.py
[2026-09-10T14:37:40.382+0000] {logging_mixin.py:188} INFO - [2026-09-10T14:37:40.381+0000] {dag.py:3047} INFO - Sync 1 DAGs
[2026-09-10T14:37:40.400+0000] {logging_mixin.py:188} INFO - [2026-09-10T14:37:40.400+0000] {dag.py:3834} INFO - Setting next_dagrun for example_local_kubernetes_executor to None, run_after=None
[2026-09-10T14:37:40.433+0000] {processor.py:183} INFO - Processing /home/airflow/.local/lib/python3.8/site-packages/airflow/example_dags/example_local_kubernetes_executor.py took 0.113 seconds
[2026-09-10T14:38:12.362+0000] {processor.py:161} INFO - Started process (PID=1482) to work on /home/airflow/.local/lib/python3.8/site-packages/airflow/example_dags/example_local_kubernetes_executor.py
[2026-09-10T14:38:12.374+0000] {processor.py:830} INFO - Processing file /home/airflow/.local/lib/python3.8/site-packages/airflow/example_dags/example_local_kubernetes_executor.py for tasks to queue
[2026-09-10T14:38:12.378+0000] {logging_mixin.py:188} INFO - [2026-09-10T14:38:12.377+0000] {dagbag.py:540} INFO - Filling up the DagBag from /home/airflow/.local/lib/python3.8/site-packages/airflow/example_dags/example_local_kubernetes_executor.py
[2026-09-10T14:38:12.426+0000] {processor.py:840} INFO - DAG(s) 'example_local_kubernetes_executor' retrieved from /home/airflow/.local/lib/python3.8/site-packages/airflow/example_dags/example_local_kubernetes_executor.py
[2026-09-10T14:38:12.577+0000] {logging_mixin.py:188} INFO - [2026-09-10T14:38:12.576+0000] {dag.py:3047} INFO - Sync 1 DAGs
[2026-09-10T14:38:12.624+0000] {logging_mixin.py:188} INFO - [2026-09-10T14:38:12.623+0000] {dag.py:3834} INFO - Setting next_dagrun for example_local_kubernetes_executor to None, run_after=None
[2026-09-10T14:38:12.679+0000] {processor.py:183} INFO - Processing /home/airflow/.local/lib/python3.8/site-packages/airflow/example_dags/example_local_kubernetes_executor.py took 0.334 seconds
[2026-09-10T14:38:44.259+0000] {processor.py:161} INFO - Started process (PID=1541) to work on /home/airflow/.local/lib/python3.8/site-packages/airflow/example_dags/example_local_kubernetes_executor.py
[2026-09-10T14:38:44.261+0000] {processor.py:830} INFO - Processing file /home/airflow/.local/lib/python3.8/site-packages/airflow/example_dags/example_local_kubernetes_executor.py for tasks to queue
[2026-09-10T14:38:44.265+0000] {logging_mixin.py:188} INFO - [2026-09-10T14:38:44.264+0000] {dagbag.py:540} INFO - Filling up the DagBag from /home/airflow/.local/lib/python3.8/site-packages/airflow/example_dags/example_local_kubernetes_executor.py
[2026-09-10T14:38:44.282+0000] {processor.py:840} INFO - DAG(s) 'example_local_kubernetes_executor' retrieved from /home/airflow/.local/lib/python3.8/site-packages/airflow/example_dags/example_local_kubernetes_executor.py
[2026-09-10T14:38:44.337+0000] {logging_mixin.py:188} INFO - [2026-09-10T14:38:44.337+0000] {dag.py:3047} INFO - Sync 1 DAGs
[2026-09-10T14:38:44.351+0000] {logging_mixin.py:188} INFO - [2026-09-10T14:38:44.350+0000] {dag.py:3834} INFO - Setting next_dagrun for example_local_kubernetes_executor to None, run_after=None
[2026-09-10T14:38:44.380+0000] {processor.py:183} INFO - Processing /home/airflow/.local/lib/python3.8/site-packages/airflow/example_dags/example_local_kubernetes_executor.py took 0.127 seconds
[2026-09-10T14:39:14.608+0000] {processor.py:161} INFO - Started process (PID=1600) to work on /home/airflow/.local/lib/python3.8/site-packages/airflow/example_dags/example_local_kubernetes_executor.py
[2026-09-10T14:39:14.610+0000] {processor.py:830} INFO - Processing file /home/airflow/.local/lib/python3.8/site-packages/airflow/example_dags/example_local_kubernetes_executor.py for tasks to queue
[2026-09-10T14:39:14.618+0000] {logging_mixin.py:188} INFO - [2026-09-10T14:39:14.617+0000] {dagbag.py:540} INFO - Filling up the DagBag from /home/airflow/.local/lib/python3.8/site-packages/airflow/example_dags/example_local_kubernetes_executor.py
[2026-09-10T14:39:14.638+0000] {processor.py:840} INFO - DAG(s) 'example_local_kubernetes_executor' retrieved from /home/airflow/.local/lib/python3.8/site-packages/airflow/example_dags/example_local_kubernetes_executor.py
[2026-09-10T14:39:14.689+0000] {logging_mixin.py:188} INFO - [2026-09-10T14:39:14.688+0000] {dag.py:3047} INFO - Sync 1 DAGs
[2026-09-10T14:39:14.705+0000] {logging_mixin.py:188} INFO - [2026-09-10T14:39:14.705+0000] {dag.py:3834} INFO - Setting next_dagrun for example_local_kubernetes_executor to None, run_after=None
[2026-09-10T14:39:14.744+0000] {processor.py:183} INFO - Processing /home/airflow/.local/lib/python3.8/site-packages/airflow/example_dags/example_local_kubernetes_executor.py took 0.147 seconds
[2026-09-10T14:39:46.032+0000] {processor.py:161} INFO - Started process (PID=1659) to work on /home/airflow/.local/lib/python3.8/site-packages/airflow/example_dags/example_local_kubernetes_executor.py
[2026-09-10T14:39:46.034+0000] {processor.py:830} INFO - Processing file /home/airflow/.local/lib/python3.8/site-packages/airflow/example_dags/example_local_kubernetes_executor.py for tasks to queue
[2026-09-10T14:39:46.037+0000] {logging_mixin.py:188} INFO - [2026-09-10T14:39:46.037+0000] {dagbag.py:540} INFO - Filling up the DagBag from /home/airflow/.local/lib/python3.8/site-packages/airflow/example_dags/example_local_kubernetes_executor.py
[2026-09-10T14:39:46.051+0000] {processor.py:840} INFO - DAG(s) 'example_local_kubernetes_executor' retrieved from /home/airflow/.local/lib/python3.8/site-packages/airflow/example_dags/example_local_kubernetes_executor.py
[2026-09-10T14:39:46.101+0000] {logging_mixin.py:188} INFO - [2026-09-10T14:39:46.101+0000] {dag.py:3047} INFO - Sync 1 DAGs
[2026-09-10T14:39:46.123+0000] {logging_mixin.py:188} INFO - [2026-09-10T14:39:46.123+0000] {dag.py:3834} INFO - Setting next_dagrun for example_local_kubernetes_executor to None, run_after=None
[2026-09-10T14:39:46.150+0000] {processor.py:183} INFO - Processing /home/airflow/.local/lib/python3.8/site-packages/airflow/example_dags/example_local_kubernetes_executor.py took 0.122 seconds
[2026-09-10T14:40:17.235+0000] {processor.py:161} INFO - Started process (PID=1718) to work on /home/airflow/.local/lib/python3.8/site-packages/airflow/example_dags/example_local_kubernetes_executor.py
[2026-09-10T14:40:17.237+0000] {processor.py:830} INFO - Processing file /home/airflow/.local/lib/python3.8/site-packages/airflow/example_dags/example_local_kubernetes_executor.py for tasks to queue
[2026-09-10T14:40:17.242+0000] {logging_mixin.py:188} INFO - [2026-09-10T14:40:17.241+0000] {dagbag.py:540} INFO - Filling up the DagBag from /home/airflow/.local/lib/python3.8/site-packages/airflow/example_dags/example_local_kubernetes_executor.py
[2026-09-10T14:40:17.258+0000] {processor.py:840} INFO - DAG(s) 'example_local_kubernetes_executor' retrieved from /home/airflow/.local/lib/python3.8/site-packages/airflow/example_dags/example_local_kubernetes_executor.py
[2026-09-10T14:40:17.313+0000] {logging_mixin.py:188} INFO - [2026-09-10T14:40:17.313+0000] {dag.py:3047} INFO - Sync 1 DAGs
[2026-09-10T14:40:17.329+0000] {logging_mixin.py:188} INFO - [2026-09-10T14:40:17.329+0000] {dag.py:3834} INFO - Setting next_dagrun for example_local_kubernetes_executor to None, run_after=None
[2026-09-10T14:40:17.356+0000] {processor.py:183} INFO - Processing /home/airflow/.local/lib/python3.8/site-packages/airflow/example_dags/example_local_kubernetes_executor.py took 0.127 seconds
