[2026-09-08T13:44:43.710+0000] {processor.py:161} INFO - Started process (PID=86) to work on /home/airflow/.local/lib/python3.8/site-packages/airflow/example_dags/example_task_group_decorator.py
[2026-09-08T13:44:43.713+0000] {processor.py:830} INFO - Processing file /home/airflow/.local/lib/python3.8/site-packages/airflow/example_dags/example_task_group_decorator.py for tasks to queue
[2026-09-08T13:44:43.718+0000] {logging_mixin.py:188} INFO - [2026-09-08T13:44:43.718+0000] {dagbag.py:540} INFO - Filling up the DagBag from /home/airflow/.local/lib/python3.8/site-packages/airflow/example_dags/example_task_group_decorator.py
[2026-09-08T13:44:43.780+0000] {processor.py:840} INFO - DAG(s) 'example_task_group_decorator' retrieved from /home/airflow/.local/lib/python3.8/site-packages/airflow/example_dags/example_task_group_decorator.py
[2026-09-08T13:44:43.836+0000] {logging_mixin.py:188} INFO - [2026-09-08T13:44:43.835+0000] {dag.py:3047} INFO - Sync 1 DAGs
[2026-09-08T13:44:43.905+0000] {logging_mixin.py:188} INFO - [2026-09-08T13:44:43.905+0000] {dag.py:3834} INFO - Setting next_dagrun for example_task_group_decorator to 2026-09-07 00:00:00+00:00, run_after=2026-09-08 00:00:00+00:00
[2026-09-08T13:44:44.031+0000] {processor.py:183} INFO - Processing /home/airflow/.local/lib/python3.8/site-packages/airflow/example_dags/example_task_group_decorator.py took 0.333 seconds
[2026-09-08T13:45:14.585+0000] {processor.py:161} INFO - Started process (PID=143) to work on /home/airflow/.local/lib/python3.8/site-packages/airflow/example_dags/example_task_group_decorator.py
[2026-09-08T13:45:14.589+0000] {processor.py:830} INFO - Processing file /home/airflow/.local/lib/python3.8/site-packages/airflow/example_dags/example_task_group_decorator.py for tasks to queue
[2026-09-08T13:45:14.599+0000] {logging_mixin.py:188} INFO - [2026-09-08T13:45:14.599+0000] {dagbag.py:540} INFO - Filling up the DagBag from /home/airflow/.local/lib/python3.8/site-packages/airflow/example_dags/example_task_group_decorator.py
[2026-09-08T13:45:14.626+0000] {processor.py:840} INFO - DAG(s) 'example_task_group_decorator' retrieved from /home/airflow/.local/lib/python3.8/site-packages/airflow/example_dags/example_task_group_decorator.py
[2026-09-08T13:45:14.801+0000] {logging_mixin.py:188} INFO - [2026-09-08T13:45:14.800+0000] {dag.py:3047} INFO - Sync 1 DAGs
[2026-09-08T13:45:14.826+0000] {logging_mixin.py:188} INFO - [2026-09-08T13:45:14.825+0000] {dag.py:3834} INFO - Setting next_dagrun for example_task_group_decorator to 2026-09-07 00:00:00+00:00, run_after=2026-09-08 00:00:00+00:00
[2026-09-08T13:45:14.852+0000] {processor.py:183} INFO - Processing /home/airflow/.local/lib/python3.8/site-packages/airflow/example_dags/example_task_group_decorator.py took 0.273 seconds
[2026-09-08T13:45:46.330+0000] {processor.py:161} INFO - Started process (PID=200) to work on /home/airflow/.local/lib/python3.8/site-packages/airflow/example_dags/example_task_group_decorator.py
[2026-09-08T13:45:46.332+0000] {processor.py:830} INFO - Processing file /home/airflow/.local/lib/python3.8/site-packages/airflow/example_dags/example_task_group_decorator.py for tasks to queue
[2026-09-08T13:45:46.345+0000] {logging_mixin.py:188} INFO - [2026-09-08T13:45:46.344+0000] {dagbag.py:540} INFO - Filling up the DagBag from /home/airflow/.local/lib/python3.8/site-packages/airflow/example_dags/example_task_group_decorator.py
[2026-09-08T13:45:46.411+0000] {processor.py:840} INFO - DAG(s) 'example_task_group_decorator' retrieved from /home/airflow/.local/lib/python3.8/site-packages/airflow/example_dags/example_task_group_decorator.py
[2026-09-08T13:45:46.542+0000] {logging_mixin.py:188} INFO - [2026-09-08T13:45:46.541+0000] {dag.py:3047} INFO - Sync 1 DAGs
[2026-09-08T13:45:46.665+0000] {logging_mixin.py:188} INFO - [2026-09-08T13:45:46.665+0000] {dag.py:3834} INFO - Setting next_dagrun for example_task_group_decorator to 2026-09-07 00:00:00+00:00, run_after=2026-09-08 00:00:00+00:00
[2026-09-08T13:45:46.741+0000] {processor.py:183} INFO - Processing /home/airflow/.local/lib/python3.8/site-packages/airflow/example_dags/example_task_group_decorator.py took 0.417 seconds
[2026-09-08T13:46:16.842+0000] {processor.py:161} INFO - Started process (PID=262) to work on /home/airflow/.local/lib/python3.8/site-packages/airflow/example_dags/example_task_group_decorator.py
[2026-09-08T13:46:16.844+0000] {processor.py:830} INFO - Processing file /home/airflow/.local/lib/python3.8/site-packages/airflow/example_dags/example_task_group_decorator.py for tasks to queue
[2026-09-08T13:46:16.848+0000] {logging_mixin.py:188} INFO - [2026-09-08T13:46:16.847+0000] {dagbag.py:540} INFO - Filling up the DagBag from /home/airflow/.local/lib/python3.8/site-packages/airflow/example_dags/example_task_group_decorator.py
[2026-09-08T13:46:16.868+0000] {processor.py:840} INFO - DAG(s) 'example_task_group_decorator' retrieved from /home/airflow/.local/lib/python3.8/site-packages/airflow/example_dags/example_task_group_decorator.py
[2026-09-08T13:46:16.903+0000] {logging_mixin.py:188} INFO - [2026-09-08T13:46:16.903+0000] {dag.py:3047} INFO - Sync 1 DAGs
[2026-09-08T13:46:16.932+0000] {logging_mixin.py:188} INFO - [2026-09-08T13:46:16.932+0000] {dag.py:3834} INFO - Setting next_dagrun for example_task_group_decorator to 2026-09-07 00:00:00+00:00, run_after=2026-09-08 00:00:00+00:00
[2026-09-08T13:46:16.955+0000] {processor.py:183} INFO - Processing /home/airflow/.local/lib/python3.8/site-packages/airflow/example_dags/example_task_group_decorator.py took 0.117 seconds
[2026-09-08T13:46:47.625+0000] {processor.py:161} INFO - Started process (PID=319) to work on /home/airflow/.local/lib/python3.8/site-packages/airflow/example_dags/example_task_group_decorator.py
[2026-09-08T13:46:47.627+0000] {processor.py:830} INFO - Processing file /home/airflow/.local/lib/python3.8/site-packages/airflow/example_dags/example_task_group_decorator.py for tasks to queue
[2026-09-08T13:46:47.630+0000] {logging_mixin.py:188} INFO - [2026-09-08T13:46:47.630+0000] {dagbag.py:540} INFO - Filling up the DagBag from /home/airflow/.local/lib/python3.8/site-packages/airflow/example_dags/example_task_group_decorator.py
[2026-09-08T13:46:47.646+0000] {processor.py:840} INFO - DAG(s) 'example_task_group_decorator' retrieved from /home/airflow/.local/lib/python3.8/site-packages/airflow/example_dags/example_task_group_decorator.py
[2026-09-08T13:46:47.677+0000] {logging_mixin.py:188} INFO - [2026-09-08T13:46:47.677+0000] {dag.py:3047} INFO - Sync 1 DAGs
[2026-09-08T13:46:47.701+0000] {logging_mixin.py:188} INFO - [2026-09-08T13:46:47.701+0000] {dag.py:3834} INFO - Setting next_dagrun for example_task_group_decorator to 2026-09-07 00:00:00+00:00, run_after=2026-09-08 00:00:00+00:00
[2026-09-08T13:46:47.726+0000] {processor.py:183} INFO - Processing /home/airflow/.local/lib/python3.8/site-packages/airflow/example_dags/example_task_group_decorator.py took 0.105 seconds
[2026-09-08T13:47:18.913+0000] {processor.py:161} INFO - Started process (PID=380) to work on /home/airflow/.local/lib/python3.8/site-packages/airflow/example_dags/example_task_group_decorator.py
[2026-09-08T13:47:18.915+0000] {processor.py:830} INFO - Processing file /home/airflow/.local/lib/python3.8/site-packages/airflow/example_dags/example_task_group_decorator.py for tasks to queue
[2026-09-08T13:47:18.918+0000] {logging_mixin.py:188} INFO - [2026-09-08T13:47:18.917+0000] {dagbag.py:540} INFO - Filling up the DagBag from /home/airflow/.local/lib/python3.8/site-packages/airflow/example_dags/example_task_group_decorator.py
[2026-09-08T13:47:18.935+0000] {processor.py:840} INFO - DAG(s) 'example_task_group_decorator' retrieved from /home/airflow/.local/lib/python3.8/site-packages/airflow/example_dags/example_task_group_decorator.py
[2026-09-08T13:47:18.967+0000] {logging_mixin.py:188} INFO - [2026-09-08T13:47:18.967+0000] {dag.py:3047} INFO - Sync 1 DAGs
[2026-09-08T13:47:19.000+0000] {logging_mixin.py:188} INFO - [2026-09-08T13:47:19.000+0000] {dag.py:3834} INFO - Setting next_dagrun for example_task_group_decorator to 2026-09-07 00:00:00+00:00, run_after=2026-09-08 00:00:00+00:00
[2026-09-08T13:47:19.031+0000] {processor.py:183} INFO - Processing /home/airflow/.local/lib/python3.8/site-packages/airflow/example_dags/example_task_group_decorator.py took 0.124 seconds
[2026-09-08T13:47:49.538+0000] {processor.py:161} INFO - Started process (PID=437) to work on /home/airflow/.local/lib/python3.8/site-packages/airflow/example_dags/example_task_group_decorator.py
[2026-09-08T13:47:49.540+0000] {processor.py:830} INFO - Processing file /home/airflow/.local/lib/python3.8/site-packages/airflow/example_dags/example_task_group_decorator.py for tasks to queue
[2026-09-08T13:47:49.542+0000] {logging_mixin.py:188} INFO - [2026-09-08T13:47:49.542+0000] {dagbag.py:540} INFO - Filling up the DagBag from /home/airflow/.local/lib/python3.8/site-packages/airflow/example_dags/example_task_group_decorator.py
[2026-09-08T13:47:49.561+0000] {processor.py:840} INFO - DAG(s) 'example_task_group_decorator' retrieved from /home/airflow/.local/lib/python3.8/site-packages/airflow/example_dags/example_task_group_decorator.py
[2026-09-08T13:47:49.587+0000] {logging_mixin.py:188} INFO - [2026-09-08T13:47:49.587+0000] {dag.py:3047} INFO - Sync 1 DAGs
[2026-09-08T13:47:49.614+0000] {logging_mixin.py:188} INFO - [2026-09-08T13:47:49.614+0000] {dag.py:3834} INFO - Setting next_dagrun for example_task_group_decorator to 2026-09-07 00:00:00+00:00, run_after=2026-09-08 00:00:00+00:00
[2026-09-08T13:47:49.639+0000] {processor.py:183} INFO - Processing /home/airflow/.local/lib/python3.8/site-packages/airflow/example_dags/example_task_group_decorator.py took 0.106 seconds
[2026-09-08T13:48:19.967+0000] {processor.py:161} INFO - Started process (PID=494) to work on /home/airflow/.local/lib/python3.8/site-packages/airflow/example_dags/example_task_group_decorator.py
[2026-09-08T13:48:19.976+0000] {processor.py:830} INFO - Processing file /home/airflow/.local/lib/python3.8/site-packages/airflow/example_dags/example_task_group_decorator.py for tasks to queue
[2026-09-08T13:48:19.982+0000] {logging_mixin.py:188} INFO - [2026-09-08T13:48:19.981+0000] {dagbag.py:540} INFO - Filling up the DagBag from /home/airflow/.local/lib/python3.8/site-packages/airflow/example_dags/example_task_group_decorator.py
[2026-09-08T13:48:20.023+0000] {processor.py:840} INFO - DAG(s) 'example_task_group_decorator' retrieved from /home/airflow/.local/lib/python3.8/site-packages/airflow/example_dags/example_task_group_decorator.py
[2026-09-08T13:48:20.257+0000] {logging_mixin.py:188} INFO - [2026-09-08T13:48:20.257+0000] {dag.py:3047} INFO - Sync 1 DAGs
[2026-09-08T13:48:20.295+0000] {logging_mixin.py:188} INFO - [2026-09-08T13:48:20.295+0000] {dag.py:3834} INFO - Setting next_dagrun for example_task_group_decorator to 2026-09-07 00:00:00+00:00, run_after=2026-09-08 00:00:00+00:00
[2026-09-08T13:48:20.330+0000] {processor.py:183} INFO - Processing /home/airflow/.local/lib/python3.8/site-packages/airflow/example_dags/example_task_group_decorator.py took 0.369 seconds
[2026-09-08T13:48:50.800+0000] {processor.py:161} INFO - Started process (PID=549) to work on /home/airflow/.local/lib/python3.8/site-packages/airflow/example_dags/example_task_group_decorator.py
[2026-09-08T13:48:50.803+0000] {processor.py:830} INFO - Processing file /home/airflow/.local/lib/python3.8/site-packages/airflow/example_dags/example_task_group_decorator.py for tasks to queue
[2026-09-08T13:48:50.806+0000] {logging_mixin.py:188} INFO - [2026-09-08T13:48:50.806+0000] {dagbag.py:540} INFO - Filling up the DagBag from /home/airflow/.local/lib/python3.8/site-packages/airflow/example_dags/example_task_group_decorator.py
[2026-09-08T13:48:50.830+0000] {processor.py:840} INFO - DAG(s) 'example_task_group_decorator' retrieved from /home/airflow/.local/lib/python3.8/site-packages/airflow/example_dags/example_task_group_decorator.py
[2026-09-08T13:48:50.868+0000] {logging_mixin.py:188} INFO - [2026-09-08T13:48:50.868+0000] {dag.py:3047} INFO - Sync 1 DAGs
[2026-09-08T13:48:50.901+0000] {logging_mixin.py:188} INFO - [2026-09-08T13:48:50.901+0000] {dag.py:3834} INFO - Setting next_dagrun for example_task_group_decorator to 2026-09-07 00:00:00+00:00, run_after=2026-09-08 00:00:00+00:00
[2026-09-08T13:48:50.925+0000] {processor.py:183} INFO - Processing /home/airflow/.local/lib/python3.8/site-packages/airflow/example_dags/example_task_group_decorator.py took 0.130 seconds
[2026-09-08T13:49:21.611+0000] {processor.py:161} INFO - Started process (PID=605) to work on /home/airflow/.local/lib/python3.8/site-packages/airflow/example_dags/example_task_group_decorator.py
[2026-09-08T13:49:21.613+0000] {processor.py:830} INFO - Processing file /home/airflow/.local/lib/python3.8/site-packages/airflow/example_dags/example_task_group_decorator.py for tasks to queue
[2026-09-08T13:49:21.617+0000] {logging_mixin.py:188} INFO - [2026-09-08T13:49:21.616+0000] {dagbag.py:540} INFO - Filling up the DagBag from /home/airflow/.local/lib/python3.8/site-packages/airflow/example_dags/example_task_group_decorator.py
[2026-09-08T13:49:21.638+0000] {processor.py:840} INFO - DAG(s) 'example_task_group_decorator' retrieved from /home/airflow/.local/lib/python3.8/site-packages/airflow/example_dags/example_task_group_decorator.py
[2026-09-08T13:49:21.667+0000] {logging_mixin.py:188} INFO - [2026-09-08T13:49:21.666+0000] {dag.py:3047} INFO - Sync 1 DAGs
[2026-09-08T13:49:21.695+0000] {logging_mixin.py:188} INFO - [2026-09-08T13:49:21.695+0000] {dag.py:3834} INFO - Setting next_dagrun for example_task_group_decorator to 2026-09-07 00:00:00+00:00, run_after=2026-09-08 00:00:00+00:00
[2026-09-08T13:49:21.725+0000] {processor.py:183} INFO - Processing /home/airflow/.local/lib/python3.8/site-packages/airflow/example_dags/example_task_group_decorator.py took 0.118 seconds
[2026-09-08T13:49:51.787+0000] {processor.py:161} INFO - Started process (PID=662) to work on /home/airflow/.local/lib/python3.8/site-packages/airflow/example_dags/example_task_group_decorator.py
[2026-09-08T13:49:51.789+0000] {processor.py:830} INFO - Processing file /home/airflow/.local/lib/python3.8/site-packages/airflow/example_dags/example_task_group_decorator.py for tasks to queue
[2026-09-08T13:49:51.793+0000] {logging_mixin.py:188} INFO - [2026-09-08T13:49:51.793+0000] {dagbag.py:540} INFO - Filling up the DagBag from /home/airflow/.local/lib/python3.8/site-packages/airflow/example_dags/example_task_group_decorator.py
[2026-09-08T13:49:51.815+0000] {processor.py:840} INFO - DAG(s) 'example_task_group_decorator' retrieved from /home/airflow/.local/lib/python3.8/site-packages/airflow/example_dags/example_task_group_decorator.py
[2026-09-08T13:49:51.846+0000] {logging_mixin.py:188} INFO - [2026-09-08T13:49:51.845+0000] {dag.py:3047} INFO - Sync 1 DAGs
[2026-09-08T13:49:51.895+0000] {logging_mixin.py:188} INFO - [2026-09-08T13:49:51.894+0000] {dag.py:3834} INFO - Setting next_dagrun for example_task_group_decorator to 2026-09-07 00:00:00+00:00, run_after=2026-09-08 00:00:00+00:00
[2026-09-08T13:49:51.927+0000] {processor.py:183} INFO - Processing /home/airflow/.local/lib/python3.8/site-packages/airflow/example_dags/example_task_group_decorator.py took 0.145 seconds
[2026-09-08T13:50:22.108+0000] {processor.py:161} INFO - Started process (PID=719) to work on /home/airflow/.local/lib/python3.8/site-packages/airflow/example_dags/example_task_group_decorator.py
[2026-09-08T13:50:22.111+0000] {processor.py:830} INFO - Processing file /home/airflow/.local/lib/python3.8/site-packages/airflow/example_dags/example_task_group_decorator.py for tasks to queue
[2026-09-08T13:50:22.114+0000] {logging_mixin.py:188} INFO - [2026-09-08T13:50:22.113+0000] {dagbag.py:540} INFO - Filling up the DagBag from /home/airflow/.local/lib/python3.8/site-packages/airflow/example_dags/example_task_group_decorator.py
[2026-09-08T13:50:22.135+0000] {processor.py:840} INFO - DAG(s) 'example_task_group_decorator' retrieved from /home/airflow/.local/lib/python3.8/site-packages/airflow/example_dags/example_task_group_decorator.py
[2026-09-08T13:50:22.166+0000] {logging_mixin.py:188} INFO - [2026-09-08T13:50:22.166+0000] {dag.py:3047} INFO - Sync 1 DAGs
[2026-09-08T13:50:22.191+0000] {logging_mixin.py:188} INFO - [2026-09-08T13:50:22.191+0000] {dag.py:3834} INFO - Setting next_dagrun for example_task_group_decorator to 2026-09-07 00:00:00+00:00, run_after=2026-09-08 00:00:00+00:00
[2026-09-08T13:50:22.216+0000] {processor.py:183} INFO - Processing /home/airflow/.local/lib/python3.8/site-packages/airflow/example_dags/example_task_group_decorator.py took 0.113 seconds
[2026-09-08T13:50:52.328+0000] {processor.py:161} INFO - Started process (PID=776) to work on /home/airflow/.local/lib/python3.8/site-packages/airflow/example_dags/example_task_group_decorator.py
[2026-09-08T13:50:52.330+0000] {processor.py:830} INFO - Processing file /home/airflow/.local/lib/python3.8/site-packages/airflow/example_dags/example_task_group_decorator.py for tasks to queue
[2026-09-08T13:50:52.333+0000] {logging_mixin.py:188} INFO - [2026-09-08T13:50:52.333+0000] {dagbag.py:540} INFO - Filling up the DagBag from /home/airflow/.local/lib/python3.8/site-packages/airflow/example_dags/example_task_group_decorator.py
[2026-09-08T13:50:52.354+0000] {processor.py:840} INFO - DAG(s) 'example_task_group_decorator' retrieved from /home/airflow/.local/lib/python3.8/site-packages/airflow/example_dags/example_task_group_decorator.py
[2026-09-08T13:50:52.386+0000] {logging_mixin.py:188} INFO - [2026-09-08T13:50:52.386+0000] {dag.py:3047} INFO - Sync 1 DAGs
[2026-09-08T13:50:52.413+0000] {logging_mixin.py:188} INFO - [2026-09-08T13:50:52.412+0000] {dag.py:3834} INFO - Setting next_dagrun for example_task_group_decorator to 2026-09-07 00:00:00+00:00, run_after=2026-09-08 00:00:00+00:00
[2026-09-08T13:50:52.441+0000] {processor.py:183} INFO - Processing /home/airflow/.local/lib/python3.8/site-packages/airflow/example_dags/example_task_group_decorator.py took 0.119 seconds
[2026-09-08T13:51:22.526+0000] {processor.py:161} INFO - Started process (PID=833) to work on /home/airflow/.local/lib/python3.8/site-packages/airflow/example_dags/example_task_group_decorator.py
[2026-09-08T13:51:22.528+0000] {processor.py:830} INFO - Processing file /home/airflow/.local/lib/python3.8/site-packages/airflow/example_dags/example_task_group_decorator.py for tasks to queue
[2026-09-08T13:51:22.531+0000] {logging_mixin.py:188} INFO - [2026-09-08T13:51:22.530+0000] {dagbag.py:540} INFO - Filling up the DagBag from /home/airflow/.local/lib/python3.8/site-packages/airflow/example_dags/example_task_group_decorator.py
[2026-09-08T13:51:22.547+0000] {processor.py:840} INFO - DAG(s) 'example_task_group_decorator' retrieved from /home/airflow/.local/lib/python3.8/site-packages/airflow/example_dags/example_task_group_decorator.py
[2026-09-08T13:51:22.578+0000] {logging_mixin.py:188} INFO - [2026-09-08T13:51:22.578+0000] {dag.py:3047} INFO - Sync 1 DAGs
[2026-09-08T13:51:22.608+0000] {logging_mixin.py:188} INFO - [2026-09-08T13:51:22.607+0000] {dag.py:3834} INFO - Setting next_dagrun for example_task_group_decorator to 2026-09-07 00:00:00+00:00, run_after=2026-09-08 00:00:00+00:00
[2026-09-08T13:51:22.632+0000] {processor.py:183} INFO - Processing /home/airflow/.local/lib/python3.8/site-packages/airflow/example_dags/example_task_group_decorator.py took 0.110 seconds
[2026-09-08T13:51:52.754+0000] {processor.py:161} INFO - Started process (PID=890) to work on /home/airflow/.local/lib/python3.8/site-packages/airflow/example_dags/example_task_group_decorator.py
[2026-09-08T13:51:52.756+0000] {processor.py:830} INFO - Processing file /home/airflow/.local/lib/python3.8/site-packages/airflow/example_dags/example_task_group_decorator.py for tasks to queue
[2026-09-08T13:51:52.759+0000] {logging_mixin.py:188} INFO - [2026-09-08T13:51:52.758+0000] {dagbag.py:540} INFO - Filling up the DagBag from /home/airflow/.local/lib/python3.8/site-packages/airflow/example_dags/example_task_group_decorator.py
[2026-09-08T13:51:52.775+0000] {processor.py:840} INFO - DAG(s) 'example_task_group_decorator' retrieved from /home/airflow/.local/lib/python3.8/site-packages/airflow/example_dags/example_task_group_decorator.py
[2026-09-08T13:51:52.806+0000] {logging_mixin.py:188} INFO - [2026-09-08T13:51:52.805+0000] {dag.py:3047} INFO - Sync 1 DAGs
[2026-09-08T13:51:52.832+0000] {logging_mixin.py:188} INFO - [2026-09-08T13:51:52.832+0000] {dag.py:3834} INFO - Setting next_dagrun for example_task_group_decorator to 2026-09-07 00:00:00+00:00, run_after=2026-09-08 00:00:00+00:00
[2026-09-08T13:51:52.857+0000] {processor.py:183} INFO - Processing /home/airflow/.local/lib/python3.8/site-packages/airflow/example_dags/example_task_group_decorator.py took 0.106 seconds
[2026-09-08T13:52:23.328+0000] {processor.py:161} INFO - Started process (PID=947) to work on /home/airflow/.local/lib/python3.8/site-packages/airflow/example_dags/example_task_group_decorator.py
[2026-09-08T13:52:23.331+0000] {processor.py:830} INFO - Processing file /home/airflow/.local/lib/python3.8/site-packages/airflow/example_dags/example_task_group_decorator.py for tasks to queue
[2026-09-08T13:52:23.334+0000] {logging_mixin.py:188} INFO - [2026-09-08T13:52:23.334+0000] {dagbag.py:540} INFO - Filling up the DagBag from /home/airflow/.local/lib/python3.8/site-packages/airflow/example_dags/example_task_group_decorator.py
[2026-09-08T13:52:23.352+0000] {processor.py:840} INFO - DAG(s) 'example_task_group_decorator' retrieved from /home/airflow/.local/lib/python3.8/site-packages/airflow/example_dags/example_task_group_decorator.py
[2026-09-08T13:52:23.381+0000] {logging_mixin.py:188} INFO - [2026-09-08T13:52:23.380+0000] {dag.py:3047} INFO - Sync 1 DAGs
[2026-09-08T13:52:23.414+0000] {logging_mixin.py:188} INFO - [2026-09-08T13:52:23.414+0000] {dag.py:3834} INFO - Setting next_dagrun for example_task_group_decorator to 2026-09-07 00:00:00+00:00, run_after=2026-09-08 00:00:00+00:00
[2026-09-08T13:52:23.436+0000] {processor.py:183} INFO - Processing /home/airflow/.local/lib/python3.8/site-packages/airflow/example_dags/example_task_group_decorator.py took 0.111 seconds
[2026-09-10T13:33:31.170+0000] {processor.py:161} INFO - Started process (PID=2735) to work on /home/airflow/.local/lib/python3.8/site-packages/airflow/example_dags/example_task_group_decorator.py
[2026-09-10T13:33:31.172+0000] {processor.py:830} INFO - Processing file /home/airflow/.local/lib/python3.8/site-packages/airflow/example_dags/example_task_group_decorator.py for tasks to queue
[2026-09-10T13:33:31.175+0000] {logging_mixin.py:188} INFO - [2026-09-10T13:33:31.175+0000] {dagbag.py:540} INFO - Filling up the DagBag from /home/airflow/.local/lib/python3.8/site-packages/airflow/example_dags/example_task_group_decorator.py
[2026-09-10T13:33:31.202+0000] {processor.py:840} INFO - DAG(s) 'example_task_group_decorator' retrieved from /home/airflow/.local/lib/python3.8/site-packages/airflow/example_dags/example_task_group_decorator.py
[2026-09-10T13:33:31.239+0000] {logging_mixin.py:188} INFO - [2026-09-10T13:33:31.238+0000] {dag.py:3047} INFO - Sync 1 DAGs
[2026-09-10T13:33:31.274+0000] {logging_mixin.py:188} INFO - [2026-09-10T13:33:31.274+0000] {dag.py:3834} INFO - Setting next_dagrun for example_task_group_decorator to 2026-09-09 00:00:00+00:00, run_after=2026-09-10 00:00:00+00:00
[2026-09-10T13:33:31.303+0000] {processor.py:183} INFO - Processing /home/airflow/.local/lib/python3.8/site-packages/airflow/example_dags/example_task_group_decorator.py took 0.137 seconds
[2026-09-10T13:34:01.655+0000] {processor.py:161} INFO - Started process (PID=2796) to work on /home/airflow/.local/lib/python3.8/site-packages/airflow/example_dags/example_task_group_decorator.py
[2026-09-10T13:34:01.657+0000] {processor.py:830} INFO - Processing file /home/airflow/.local/lib/python3.8/site-packages/airflow/example_dags/example_task_group_decorator.py for tasks to queue
[2026-09-10T13:34:01.661+0000] {logging_mixin.py:188} INFO - [2026-09-10T13:34:01.660+0000] {dagbag.py:540} INFO - Filling up the DagBag from /home/airflow/.local/lib/python3.8/site-packages/airflow/example_dags/example_task_group_decorator.py
[2026-09-10T13:34:01.687+0000] {processor.py:840} INFO - DAG(s) 'example_task_group_decorator' retrieved from /home/airflow/.local/lib/python3.8/site-packages/airflow/example_dags/example_task_group_decorator.py
[2026-09-10T13:34:01.744+0000] {logging_mixin.py:188} INFO - [2026-09-10T13:34:01.744+0000] {dag.py:3047} INFO - Sync 1 DAGs
[2026-09-10T13:34:01.784+0000] {logging_mixin.py:188} INFO - [2026-09-10T13:34:01.783+0000] {dag.py:3834} INFO - Setting next_dagrun for example_task_group_decorator to 2026-09-09 00:00:00+00:00, run_after=2026-09-10 00:00:00+00:00
[2026-09-10T13:34:01.808+0000] {processor.py:183} INFO - Processing /home/airflow/.local/lib/python3.8/site-packages/airflow/example_dags/example_task_group_decorator.py took 0.160 seconds
[2026-09-10T13:35:47.225+0000] {processor.py:161} INFO - Started process (PID=108) to work on /home/airflow/.local/lib/python3.8/site-packages/airflow/example_dags/example_task_group_decorator.py
[2026-09-10T13:35:47.227+0000] {processor.py:830} INFO - Processing file /home/airflow/.local/lib/python3.8/site-packages/airflow/example_dags/example_task_group_decorator.py for tasks to queue
[2026-09-10T13:35:47.230+0000] {logging_mixin.py:188} INFO - [2026-09-10T13:35:47.229+0000] {dagbag.py:540} INFO - Filling up the DagBag from /home/airflow/.local/lib/python3.8/site-packages/airflow/example_dags/example_task_group_decorator.py
[2026-09-10T13:35:47.250+0000] {processor.py:840} INFO - DAG(s) 'example_task_group_decorator' retrieved from /home/airflow/.local/lib/python3.8/site-packages/airflow/example_dags/example_task_group_decorator.py
[2026-09-10T13:35:47.420+0000] {logging_mixin.py:188} INFO - [2026-09-10T13:35:47.420+0000] {dag.py:3047} INFO - Sync 1 DAGs
[2026-09-10T13:35:47.446+0000] {logging_mixin.py:188} INFO - [2026-09-10T13:35:47.446+0000] {dag.py:3834} INFO - Setting next_dagrun for example_task_group_decorator to 2026-09-09 00:00:00+00:00, run_after=2026-09-10 00:00:00+00:00
[2026-09-10T13:35:47.475+0000] {processor.py:183} INFO - Processing /home/airflow/.local/lib/python3.8/site-packages/airflow/example_dags/example_task_group_decorator.py took 0.257 seconds
[2026-09-10T13:36:17.717+0000] {processor.py:161} INFO - Started process (PID=169) to work on /home/airflow/.local/lib/python3.8/site-packages/airflow/example_dags/example_task_group_decorator.py
[2026-09-10T13:36:17.719+0000] {processor.py:830} INFO - Processing file /home/airflow/.local/lib/python3.8/site-packages/airflow/example_dags/example_task_group_decorator.py for tasks to queue
[2026-09-10T13:36:17.722+0000] {logging_mixin.py:188} INFO - [2026-09-10T13:36:17.721+0000] {dagbag.py:540} INFO - Filling up the DagBag from /home/airflow/.local/lib/python3.8/site-packages/airflow/example_dags/example_task_group_decorator.py
[2026-09-10T13:36:17.739+0000] {processor.py:840} INFO - DAG(s) 'example_task_group_decorator' retrieved from /home/airflow/.local/lib/python3.8/site-packages/airflow/example_dags/example_task_group_decorator.py
[2026-09-10T13:36:17.771+0000] {logging_mixin.py:188} INFO - [2026-09-10T13:36:17.771+0000] {dag.py:3047} INFO - Sync 1 DAGs
[2026-09-10T13:36:17.799+0000] {logging_mixin.py:188} INFO - [2026-09-10T13:36:17.799+0000] {dag.py:3834} INFO - Setting next_dagrun for example_task_group_decorator to 2026-09-09 00:00:00+00:00, run_after=2026-09-10 00:00:00+00:00
[2026-09-10T13:36:17.821+0000] {processor.py:183} INFO - Processing /home/airflow/.local/lib/python3.8/site-packages/airflow/example_dags/example_task_group_decorator.py took 0.107 seconds
[2026-09-10T13:36:48.314+0000] {processor.py:161} INFO - Started process (PID=230) to work on /home/airflow/.local/lib/python3.8/site-packages/airflow/example_dags/example_task_group_decorator.py
[2026-09-10T13:36:48.317+0000] {processor.py:830} INFO - Processing file /home/airflow/.local/lib/python3.8/site-packages/airflow/example_dags/example_task_group_decorator.py for tasks to queue
[2026-09-10T13:36:48.321+0000] {logging_mixin.py:188} INFO - [2026-09-10T13:36:48.320+0000] {dagbag.py:540} INFO - Filling up the DagBag from /home/airflow/.local/lib/python3.8/site-packages/airflow/example_dags/example_task_group_decorator.py
[2026-09-10T13:36:48.342+0000] {processor.py:840} INFO - DAG(s) 'example_task_group_decorator' retrieved from /home/airflow/.local/lib/python3.8/site-packages/airflow/example_dags/example_task_group_decorator.py
[2026-09-10T13:36:48.374+0000] {logging_mixin.py:188} INFO - [2026-09-10T13:36:48.374+0000] {dag.py:3047} INFO - Sync 1 DAGs
[2026-09-10T13:36:48.401+0000] {logging_mixin.py:188} INFO - [2026-09-10T13:36:48.401+0000] {dag.py:3834} INFO - Setting next_dagrun for example_task_group_decorator to 2026-09-09 00:00:00+00:00, run_after=2026-09-10 00:00:00+00:00
[2026-09-10T13:36:48.424+0000] {processor.py:183} INFO - Processing /home/airflow/.local/lib/python3.8/site-packages/airflow/example_dags/example_task_group_decorator.py took 0.114 seconds
[2026-09-10T13:37:18.734+0000] {processor.py:161} INFO - Started process (PID=291) to work on /home/airflow/.local/lib/python3.8/site-packages/airflow/example_dags/example_task_group_decorator.py
[2026-09-10T13:37:18.736+0000] {processor.py:830} INFO - Processing file /home/airflow/.local/lib/python3.8/site-packages/airflow/example_dags/example_task_group_decorator.py for tasks to queue
[2026-09-10T13:37:18.739+0000] {logging_mixin.py:188} INFO - [2026-09-10T13:37:18.738+0000] {dagbag.py:540} INFO - Filling up the DagBag from /home/airflow/.local/lib/python3.8/site-packages/airflow/example_dags/example_task_group_decorator.py
[2026-09-10T13:37:18.756+0000] {processor.py:840} INFO - DAG(s) 'example_task_group_decorator' retrieved from /home/airflow/.local/lib/python3.8/site-packages/airflow/example_dags/example_task_group_decorator.py
[2026-09-10T13:37:18.784+0000] {logging_mixin.py:188} INFO - [2026-09-10T13:37:18.784+0000] {dag.py:3047} INFO - Sync 1 DAGs
[2026-09-10T13:37:18.809+0000] {logging_mixin.py:188} INFO - [2026-09-10T13:37:18.809+0000] {dag.py:3834} INFO - Setting next_dagrun for example_task_group_decorator to 2026-09-09 00:00:00+00:00, run_after=2026-09-10 00:00:00+00:00
[2026-09-10T13:37:18.834+0000] {processor.py:183} INFO - Processing /home/airflow/.local/lib/python3.8/site-packages/airflow/example_dags/example_task_group_decorator.py took 0.104 seconds
[2026-09-10T13:37:49.217+0000] {processor.py:161} INFO - Started process (PID=352) to work on /home/airflow/.local/lib/python3.8/site-packages/airflow/example_dags/example_task_group_decorator.py
[2026-09-10T13:37:49.219+0000] {processor.py:830} INFO - Processing file /home/airflow/.local/lib/python3.8/site-packages/airflow/example_dags/example_task_group_decorator.py for tasks to queue
[2026-09-10T13:37:49.223+0000] {logging_mixin.py:188} INFO - [2026-09-10T13:37:49.223+0000] {dagbag.py:540} INFO - Filling up the DagBag from /home/airflow/.local/lib/python3.8/site-packages/airflow/example_dags/example_task_group_decorator.py
[2026-09-10T13:37:49.241+0000] {processor.py:840} INFO - DAG(s) 'example_task_group_decorator' retrieved from /home/airflow/.local/lib/python3.8/site-packages/airflow/example_dags/example_task_group_decorator.py
[2026-09-10T13:37:49.284+0000] {logging_mixin.py:188} INFO - [2026-09-10T13:37:49.283+0000] {dag.py:3047} INFO - Sync 1 DAGs
[2026-09-10T13:37:49.318+0000] {logging_mixin.py:188} INFO - [2026-09-10T13:37:49.318+0000] {dag.py:3834} INFO - Setting next_dagrun for example_task_group_decorator to 2026-09-09 00:00:00+00:00, run_after=2026-09-10 00:00:00+00:00
[2026-09-10T13:37:49.347+0000] {processor.py:183} INFO - Processing /home/airflow/.local/lib/python3.8/site-packages/airflow/example_dags/example_task_group_decorator.py took 0.135 seconds
[2026-09-10T13:38:19.804+0000] {processor.py:161} INFO - Started process (PID=413) to work on /home/airflow/.local/lib/python3.8/site-packages/airflow/example_dags/example_task_group_decorator.py
[2026-09-10T13:38:19.806+0000] {processor.py:830} INFO - Processing file /home/airflow/.local/lib/python3.8/site-packages/airflow/example_dags/example_task_group_decorator.py for tasks to queue
[2026-09-10T13:38:19.808+0000] {logging_mixin.py:188} INFO - [2026-09-10T13:38:19.808+0000] {dagbag.py:540} INFO - Filling up the DagBag from /home/airflow/.local/lib/python3.8/site-packages/airflow/example_dags/example_task_group_decorator.py
[2026-09-10T13:38:19.845+0000] {processor.py:840} INFO - DAG(s) 'example_task_group_decorator' retrieved from /home/airflow/.local/lib/python3.8/site-packages/airflow/example_dags/example_task_group_decorator.py
[2026-09-10T13:38:19.888+0000] {logging_mixin.py:188} INFO - [2026-09-10T13:38:19.888+0000] {dag.py:3047} INFO - Sync 1 DAGs
[2026-09-10T13:38:19.913+0000] {logging_mixin.py:188} INFO - [2026-09-10T13:38:19.913+0000] {dag.py:3834} INFO - Setting next_dagrun for example_task_group_decorator to 2026-09-09 00:00:00+00:00, run_after=2026-09-10 00:00:00+00:00
[2026-09-10T13:38:19.935+0000] {processor.py:183} INFO - Processing /home/airflow/.local/lib/python3.8/site-packages/airflow/example_dags/example_task_group_decorator.py took 0.135 seconds
[2026-09-10T13:39:58.178+0000] {processor.py:161} INFO - Started process (PID=109) to work on /home/airflow/.local/lib/python3.8/site-packages/airflow/example_dags/example_task_group_decorator.py
[2026-09-10T13:39:58.180+0000] {processor.py:830} INFO - Processing file /home/airflow/.local/lib/python3.8/site-packages/airflow/example_dags/example_task_group_decorator.py for tasks to queue
[2026-09-10T13:39:58.183+0000] {logging_mixin.py:188} INFO - [2026-09-10T13:39:58.183+0000] {dagbag.py:540} INFO - Filling up the DagBag from /home/airflow/.local/lib/python3.8/site-packages/airflow/example_dags/example_task_group_decorator.py
[2026-09-10T13:39:58.208+0000] {processor.py:840} INFO - DAG(s) 'example_task_group_decorator' retrieved from /home/airflow/.local/lib/python3.8/site-packages/airflow/example_dags/example_task_group_decorator.py
[2026-09-10T13:39:58.359+0000] {logging_mixin.py:188} INFO - [2026-09-10T13:39:58.358+0000] {dag.py:3047} INFO - Sync 1 DAGs
[2026-09-10T13:39:58.383+0000] {logging_mixin.py:188} INFO - [2026-09-10T13:39:58.383+0000] {dag.py:3834} INFO - Setting next_dagrun for example_task_group_decorator to 2026-09-09 00:00:00+00:00, run_after=2026-09-10 00:00:00+00:00
[2026-09-10T13:39:58.408+0000] {processor.py:183} INFO - Processing /home/airflow/.local/lib/python3.8/site-packages/airflow/example_dags/example_task_group_decorator.py took 0.235 seconds
[2026-09-10T13:40:39.948+0000] {processor.py:161} INFO - Started process (PID=90) to work on /home/airflow/.local/lib/python3.8/site-packages/airflow/example_dags/example_task_group_decorator.py
[2026-09-10T13:40:39.954+0000] {processor.py:830} INFO - Processing file /home/airflow/.local/lib/python3.8/site-packages/airflow/example_dags/example_task_group_decorator.py for tasks to queue
[2026-09-10T13:40:39.963+0000] {logging_mixin.py:188} INFO - [2026-09-10T13:40:39.962+0000] {dagbag.py:540} INFO - Filling up the DagBag from /home/airflow/.local/lib/python3.8/site-packages/airflow/example_dags/example_task_group_decorator.py
[2026-09-10T13:40:40.003+0000] {processor.py:840} INFO - DAG(s) 'example_task_group_decorator' retrieved from /home/airflow/.local/lib/python3.8/site-packages/airflow/example_dags/example_task_group_decorator.py
[2026-09-10T13:40:40.081+0000] {logging_mixin.py:188} INFO - [2026-09-10T13:40:40.081+0000] {dag.py:3047} INFO - Sync 1 DAGs
[2026-09-10T13:40:40.128+0000] {logging_mixin.py:188} INFO - [2026-09-10T13:40:40.127+0000] {dag.py:3834} INFO - Setting next_dagrun for example_task_group_decorator to 2026-09-09 00:00:00+00:00, run_after=2026-09-10 00:00:00+00:00
[2026-09-10T13:40:40.168+0000] {processor.py:183} INFO - Processing /home/airflow/.local/lib/python3.8/site-packages/airflow/example_dags/example_task_group_decorator.py took 0.230 seconds
[2026-09-10T13:41:10.287+0000] {processor.py:161} INFO - Started process (PID=157) to work on /home/airflow/.local/lib/python3.8/site-packages/airflow/example_dags/example_task_group_decorator.py
[2026-09-10T13:41:10.289+0000] {processor.py:830} INFO - Processing file /home/airflow/.local/lib/python3.8/site-packages/airflow/example_dags/example_task_group_decorator.py for tasks to queue
[2026-09-10T13:41:10.292+0000] {logging_mixin.py:188} INFO - [2026-09-10T13:41:10.292+0000] {dagbag.py:540} INFO - Filling up the DagBag from /home/airflow/.local/lib/python3.8/site-packages/airflow/example_dags/example_task_group_decorator.py
[2026-09-10T13:41:10.310+0000] {processor.py:840} INFO - DAG(s) 'example_task_group_decorator' retrieved from /home/airflow/.local/lib/python3.8/site-packages/airflow/example_dags/example_task_group_decorator.py
[2026-09-10T13:41:10.336+0000] {logging_mixin.py:188} INFO - [2026-09-10T13:41:10.336+0000] {dag.py:3047} INFO - Sync 1 DAGs
[2026-09-10T13:41:10.367+0000] {logging_mixin.py:188} INFO - [2026-09-10T13:41:10.366+0000] {dag.py:3834} INFO - Setting next_dagrun for example_task_group_decorator to 2026-09-09 00:00:00+00:00, run_after=2026-09-10 00:00:00+00:00
[2026-09-10T13:41:10.397+0000] {processor.py:183} INFO - Processing /home/airflow/.local/lib/python3.8/site-packages/airflow/example_dags/example_task_group_decorator.py took 0.116 seconds
[2026-09-10T13:41:41.164+0000] {processor.py:161} INFO - Started process (PID=218) to work on /home/airflow/.local/lib/python3.8/site-packages/airflow/example_dags/example_task_group_decorator.py
[2026-09-10T13:41:41.166+0000] {processor.py:830} INFO - Processing file /home/airflow/.local/lib/python3.8/site-packages/airflow/example_dags/example_task_group_decorator.py for tasks to queue
[2026-09-10T13:41:41.171+0000] {logging_mixin.py:188} INFO - [2026-09-10T13:41:41.171+0000] {dagbag.py:540} INFO - Filling up the DagBag from /home/airflow/.local/lib/python3.8/site-packages/airflow/example_dags/example_task_group_decorator.py
[2026-09-10T13:41:41.210+0000] {processor.py:840} INFO - DAG(s) 'example_task_group_decorator' retrieved from /home/airflow/.local/lib/python3.8/site-packages/airflow/example_dags/example_task_group_decorator.py
[2026-09-10T13:41:41.267+0000] {logging_mixin.py:188} INFO - [2026-09-10T13:41:41.266+0000] {dag.py:3047} INFO - Sync 1 DAGs
[2026-09-10T13:41:41.324+0000] {logging_mixin.py:188} INFO - [2026-09-10T13:41:41.323+0000] {dag.py:3834} INFO - Setting next_dagrun for example_task_group_decorator to 2026-09-09 00:00:00+00:00, run_after=2026-09-10 00:00:00+00:00
[2026-09-10T13:41:41.382+0000] {processor.py:183} INFO - Processing /home/airflow/.local/lib/python3.8/site-packages/airflow/example_dags/example_task_group_decorator.py took 0.225 seconds
[2026-09-10T13:42:12.961+0000] {processor.py:161} INFO - Started process (PID=279) to work on /home/airflow/.local/lib/python3.8/site-packages/airflow/example_dags/example_task_group_decorator.py
[2026-09-10T13:42:12.963+0000] {processor.py:830} INFO - Processing file /home/airflow/.local/lib/python3.8/site-packages/airflow/example_dags/example_task_group_decorator.py for tasks to queue
[2026-09-10T13:42:12.968+0000] {logging_mixin.py:188} INFO - [2026-09-10T13:42:12.967+0000] {dagbag.py:540} INFO - Filling up the DagBag from /home/airflow/.local/lib/python3.8/site-packages/airflow/example_dags/example_task_group_decorator.py
[2026-09-10T13:42:12.995+0000] {processor.py:840} INFO - DAG(s) 'example_task_group_decorator' retrieved from /home/airflow/.local/lib/python3.8/site-packages/airflow/example_dags/example_task_group_decorator.py
[2026-09-10T13:42:13.037+0000] {logging_mixin.py:188} INFO - [2026-09-10T13:42:13.037+0000] {dag.py:3047} INFO - Sync 1 DAGs
[2026-09-10T13:42:13.079+0000] {logging_mixin.py:188} INFO - [2026-09-10T13:42:13.078+0000] {dag.py:3834} INFO - Setting next_dagrun for example_task_group_decorator to 2026-09-09 00:00:00+00:00, run_after=2026-09-10 00:00:00+00:00
[2026-09-10T13:42:13.122+0000] {processor.py:183} INFO - Processing /home/airflow/.local/lib/python3.8/site-packages/airflow/example_dags/example_task_group_decorator.py took 0.165 seconds
[2026-09-10T13:42:43.262+0000] {processor.py:161} INFO - Started process (PID=340) to work on /home/airflow/.local/lib/python3.8/site-packages/airflow/example_dags/example_task_group_decorator.py
[2026-09-10T13:42:43.264+0000] {processor.py:830} INFO - Processing file /home/airflow/.local/lib/python3.8/site-packages/airflow/example_dags/example_task_group_decorator.py for tasks to queue
[2026-09-10T13:42:43.266+0000] {logging_mixin.py:188} INFO - [2026-09-10T13:42:43.266+0000] {dagbag.py:540} INFO - Filling up the DagBag from /home/airflow/.local/lib/python3.8/site-packages/airflow/example_dags/example_task_group_decorator.py
[2026-09-10T13:42:43.283+0000] {processor.py:840} INFO - DAG(s) 'example_task_group_decorator' retrieved from /home/airflow/.local/lib/python3.8/site-packages/airflow/example_dags/example_task_group_decorator.py
[2026-09-10T13:42:43.318+0000] {logging_mixin.py:188} INFO - [2026-09-10T13:42:43.318+0000] {dag.py:3047} INFO - Sync 1 DAGs
[2026-09-10T13:42:43.349+0000] {logging_mixin.py:188} INFO - [2026-09-10T13:42:43.349+0000] {dag.py:3834} INFO - Setting next_dagrun for example_task_group_decorator to 2026-09-09 00:00:00+00:00, run_after=2026-09-10 00:00:00+00:00
[2026-09-10T13:42:43.372+0000] {processor.py:183} INFO - Processing /home/airflow/.local/lib/python3.8/site-packages/airflow/example_dags/example_task_group_decorator.py took 0.115 seconds
[2026-09-10T13:44:16.297+0000] {processor.py:161} INFO - Started process (PID=107) to work on /home/airflow/.local/lib/python3.8/site-packages/airflow/example_dags/example_task_group_decorator.py
[2026-09-10T13:44:16.299+0000] {processor.py:830} INFO - Processing file /home/airflow/.local/lib/python3.8/site-packages/airflow/example_dags/example_task_group_decorator.py for tasks to queue
[2026-09-10T13:44:16.302+0000] {logging_mixin.py:188} INFO - [2026-09-10T13:44:16.301+0000] {dagbag.py:540} INFO - Filling up the DagBag from /home/airflow/.local/lib/python3.8/site-packages/airflow/example_dags/example_task_group_decorator.py
[2026-09-10T13:44:16.321+0000] {processor.py:840} INFO - DAG(s) 'example_task_group_decorator' retrieved from /home/airflow/.local/lib/python3.8/site-packages/airflow/example_dags/example_task_group_decorator.py
[2026-09-10T13:44:16.486+0000] {logging_mixin.py:188} INFO - [2026-09-10T13:44:16.486+0000] {dag.py:3047} INFO - Sync 1 DAGs
[2026-09-10T13:44:16.515+0000] {logging_mixin.py:188} INFO - [2026-09-10T13:44:16.515+0000] {dag.py:3834} INFO - Setting next_dagrun for example_task_group_decorator to 2026-09-09 00:00:00+00:00, run_after=2026-09-10 00:00:00+00:00
[2026-09-10T13:44:16.541+0000] {processor.py:183} INFO - Processing /home/airflow/.local/lib/python3.8/site-packages/airflow/example_dags/example_task_group_decorator.py took 0.249 seconds
[2026-09-10T13:44:46.613+0000] {processor.py:161} INFO - Started process (PID=168) to work on /home/airflow/.local/lib/python3.8/site-packages/airflow/example_dags/example_task_group_decorator.py
[2026-09-10T13:44:46.615+0000] {processor.py:830} INFO - Processing file /home/airflow/.local/lib/python3.8/site-packages/airflow/example_dags/example_task_group_decorator.py for tasks to queue
[2026-09-10T13:44:46.618+0000] {logging_mixin.py:188} INFO - [2026-09-10T13:44:46.617+0000] {dagbag.py:540} INFO - Filling up the DagBag from /home/airflow/.local/lib/python3.8/site-packages/airflow/example_dags/example_task_group_decorator.py
[2026-09-10T13:44:46.632+0000] {processor.py:840} INFO - DAG(s) 'example_task_group_decorator' retrieved from /home/airflow/.local/lib/python3.8/site-packages/airflow/example_dags/example_task_group_decorator.py
[2026-09-10T13:44:46.659+0000] {logging_mixin.py:188} INFO - [2026-09-10T13:44:46.659+0000] {dag.py:3047} INFO - Sync 1 DAGs
[2026-09-10T13:44:46.681+0000] {logging_mixin.py:188} INFO - [2026-09-10T13:44:46.680+0000] {dag.py:3834} INFO - Setting next_dagrun for example_task_group_decorator to 2026-09-09 00:00:00+00:00, run_after=2026-09-10 00:00:00+00:00
[2026-09-10T13:44:46.735+0000] {processor.py:183} INFO - Processing /home/airflow/.local/lib/python3.8/site-packages/airflow/example_dags/example_task_group_decorator.py took 0.126 seconds
[2026-09-10T13:45:16.842+0000] {processor.py:161} INFO - Started process (PID=229) to work on /home/airflow/.local/lib/python3.8/site-packages/airflow/example_dags/example_task_group_decorator.py
[2026-09-10T13:45:16.844+0000] {processor.py:830} INFO - Processing file /home/airflow/.local/lib/python3.8/site-packages/airflow/example_dags/example_task_group_decorator.py for tasks to queue
[2026-09-10T13:45:16.847+0000] {logging_mixin.py:188} INFO - [2026-09-10T13:45:16.847+0000] {dagbag.py:540} INFO - Filling up the DagBag from /home/airflow/.local/lib/python3.8/site-packages/airflow/example_dags/example_task_group_decorator.py
[2026-09-10T13:45:16.864+0000] {processor.py:840} INFO - DAG(s) 'example_task_group_decorator' retrieved from /home/airflow/.local/lib/python3.8/site-packages/airflow/example_dags/example_task_group_decorator.py
[2026-09-10T13:45:16.897+0000] {logging_mixin.py:188} INFO - [2026-09-10T13:45:16.896+0000] {dag.py:3047} INFO - Sync 1 DAGs
[2026-09-10T13:45:16.928+0000] {logging_mixin.py:188} INFO - [2026-09-10T13:45:16.928+0000] {dag.py:3834} INFO - Setting next_dagrun for example_task_group_decorator to 2026-09-09 00:00:00+00:00, run_after=2026-09-10 00:00:00+00:00
[2026-09-10T13:45:17.016+0000] {processor.py:183} INFO - Processing /home/airflow/.local/lib/python3.8/site-packages/airflow/example_dags/example_task_group_decorator.py took 0.181 seconds
[2026-09-10T13:45:47.542+0000] {processor.py:161} INFO - Started process (PID=290) to work on /home/airflow/.local/lib/python3.8/site-packages/airflow/example_dags/example_task_group_decorator.py
[2026-09-10T13:45:47.544+0000] {processor.py:830} INFO - Processing file /home/airflow/.local/lib/python3.8/site-packages/airflow/example_dags/example_task_group_decorator.py for tasks to queue
[2026-09-10T13:45:47.547+0000] {logging_mixin.py:188} INFO - [2026-09-10T13:45:47.547+0000] {dagbag.py:540} INFO - Filling up the DagBag from /home/airflow/.local/lib/python3.8/site-packages/airflow/example_dags/example_task_group_decorator.py
[2026-09-10T13:45:47.563+0000] {processor.py:840} INFO - DAG(s) 'example_task_group_decorator' retrieved from /home/airflow/.local/lib/python3.8/site-packages/airflow/example_dags/example_task_group_decorator.py
[2026-09-10T13:45:47.595+0000] {logging_mixin.py:188} INFO - [2026-09-10T13:45:47.595+0000] {dag.py:3047} INFO - Sync 1 DAGs
[2026-09-10T13:45:47.624+0000] {logging_mixin.py:188} INFO - [2026-09-10T13:45:47.624+0000] {dag.py:3834} INFO - Setting next_dagrun for example_task_group_decorator to 2026-09-09 00:00:00+00:00, run_after=2026-09-10 00:00:00+00:00
[2026-09-10T13:45:47.724+0000] {processor.py:183} INFO - Processing /home/airflow/.local/lib/python3.8/site-packages/airflow/example_dags/example_task_group_decorator.py took 0.186 seconds
[2026-09-10T13:46:18.623+0000] {processor.py:161} INFO - Started process (PID=351) to work on /home/airflow/.local/lib/python3.8/site-packages/airflow/example_dags/example_task_group_decorator.py
[2026-09-10T13:46:18.625+0000] {processor.py:830} INFO - Processing file /home/airflow/.local/lib/python3.8/site-packages/airflow/example_dags/example_task_group_decorator.py for tasks to queue
[2026-09-10T13:46:18.629+0000] {logging_mixin.py:188} INFO - [2026-09-10T13:46:18.629+0000] {dagbag.py:540} INFO - Filling up the DagBag from /home/airflow/.local/lib/python3.8/site-packages/airflow/example_dags/example_task_group_decorator.py
[2026-09-10T13:46:18.649+0000] {processor.py:840} INFO - DAG(s) 'example_task_group_decorator' retrieved from /home/airflow/.local/lib/python3.8/site-packages/airflow/example_dags/example_task_group_decorator.py
[2026-09-10T13:46:18.685+0000] {logging_mixin.py:188} INFO - [2026-09-10T13:46:18.685+0000] {dag.py:3047} INFO - Sync 1 DAGs
[2026-09-10T13:46:18.713+0000] {logging_mixin.py:188} INFO - [2026-09-10T13:46:18.713+0000] {dag.py:3834} INFO - Setting next_dagrun for example_task_group_decorator to 2026-09-09 00:00:00+00:00, run_after=2026-09-10 00:00:00+00:00
[2026-09-10T13:46:18.791+0000] {processor.py:183} INFO - Processing /home/airflow/.local/lib/python3.8/site-packages/airflow/example_dags/example_task_group_decorator.py took 0.173 seconds
[2026-09-10T13:46:51.449+0000] {processor.py:161} INFO - Started process (PID=412) to work on /home/airflow/.local/lib/python3.8/site-packages/airflow/example_dags/example_task_group_decorator.py
[2026-09-10T13:46:51.450+0000] {processor.py:830} INFO - Processing file /home/airflow/.local/lib/python3.8/site-packages/airflow/example_dags/example_task_group_decorator.py for tasks to queue
[2026-09-10T13:46:51.454+0000] {logging_mixin.py:188} INFO - [2026-09-10T13:46:51.453+0000] {dagbag.py:540} INFO - Filling up the DagBag from /home/airflow/.local/lib/python3.8/site-packages/airflow/example_dags/example_task_group_decorator.py
[2026-09-10T13:46:51.471+0000] {processor.py:840} INFO - DAG(s) 'example_task_group_decorator' retrieved from /home/airflow/.local/lib/python3.8/site-packages/airflow/example_dags/example_task_group_decorator.py
[2026-09-10T13:46:51.519+0000] {logging_mixin.py:188} INFO - [2026-09-10T13:46:51.519+0000] {dag.py:3047} INFO - Sync 1 DAGs
[2026-09-10T13:46:51.548+0000] {logging_mixin.py:188} INFO - [2026-09-10T13:46:51.547+0000] {dag.py:3834} INFO - Setting next_dagrun for example_task_group_decorator to 2026-09-09 00:00:00+00:00, run_after=2026-09-10 00:00:00+00:00
[2026-09-10T13:46:51.938+0000] {processor.py:183} INFO - Processing /home/airflow/.local/lib/python3.8/site-packages/airflow/example_dags/example_task_group_decorator.py took 0.493 seconds
[2026-09-10T13:47:22.221+0000] {processor.py:161} INFO - Started process (PID=473) to work on /home/airflow/.local/lib/python3.8/site-packages/airflow/example_dags/example_task_group_decorator.py
[2026-09-10T13:47:22.224+0000] {processor.py:830} INFO - Processing file /home/airflow/.local/lib/python3.8/site-packages/airflow/example_dags/example_task_group_decorator.py for tasks to queue
[2026-09-10T13:47:22.228+0000] {logging_mixin.py:188} INFO - [2026-09-10T13:47:22.227+0000] {dagbag.py:540} INFO - Filling up the DagBag from /home/airflow/.local/lib/python3.8/site-packages/airflow/example_dags/example_task_group_decorator.py
[2026-09-10T13:47:22.245+0000] {processor.py:840} INFO - DAG(s) 'example_task_group_decorator' retrieved from /home/airflow/.local/lib/python3.8/site-packages/airflow/example_dags/example_task_group_decorator.py
[2026-09-10T13:47:22.276+0000] {logging_mixin.py:188} INFO - [2026-09-10T13:47:22.275+0000] {dag.py:3047} INFO - Sync 1 DAGs
[2026-09-10T13:47:22.302+0000] {logging_mixin.py:188} INFO - [2026-09-10T13:47:22.301+0000] {dag.py:3834} INFO - Setting next_dagrun for example_task_group_decorator to 2026-09-09 00:00:00+00:00, run_after=2026-09-10 00:00:00+00:00
[2026-09-10T13:47:22.400+0000] {processor.py:183} INFO - Processing /home/airflow/.local/lib/python3.8/site-packages/airflow/example_dags/example_task_group_decorator.py took 0.183 seconds
[2026-09-10T13:47:52.701+0000] {processor.py:161} INFO - Started process (PID=542) to work on /home/airflow/.local/lib/python3.8/site-packages/airflow/example_dags/example_task_group_decorator.py
[2026-09-10T13:47:52.704+0000] {processor.py:830} INFO - Processing file /home/airflow/.local/lib/python3.8/site-packages/airflow/example_dags/example_task_group_decorator.py for tasks to queue
[2026-09-10T13:47:52.709+0000] {logging_mixin.py:188} INFO - [2026-09-10T13:47:52.709+0000] {dagbag.py:540} INFO - Filling up the DagBag from /home/airflow/.local/lib/python3.8/site-packages/airflow/example_dags/example_task_group_decorator.py
[2026-09-10T13:47:52.733+0000] {processor.py:840} INFO - DAG(s) 'example_task_group_decorator' retrieved from /home/airflow/.local/lib/python3.8/site-packages/airflow/example_dags/example_task_group_decorator.py
[2026-09-10T13:47:52.775+0000] {logging_mixin.py:188} INFO - [2026-09-10T13:47:52.774+0000] {dag.py:3047} INFO - Sync 1 DAGs
[2026-09-10T13:47:52.807+0000] {logging_mixin.py:188} INFO - [2026-09-10T13:47:52.806+0000] {dag.py:3834} INFO - Setting next_dagrun for example_task_group_decorator to 2026-09-09 00:00:00+00:00, run_after=2026-09-10 00:00:00+00:00
[2026-09-10T13:47:52.829+0000] {processor.py:183} INFO - Processing /home/airflow/.local/lib/python3.8/site-packages/airflow/example_dags/example_task_group_decorator.py took 0.132 seconds
[2026-09-10T13:48:23.137+0000] {processor.py:161} INFO - Started process (PID=603) to work on /home/airflow/.local/lib/python3.8/site-packages/airflow/example_dags/example_task_group_decorator.py
[2026-09-10T13:48:23.138+0000] {processor.py:830} INFO - Processing file /home/airflow/.local/lib/python3.8/site-packages/airflow/example_dags/example_task_group_decorator.py for tasks to queue
[2026-09-10T13:48:23.141+0000] {logging_mixin.py:188} INFO - [2026-09-10T13:48:23.141+0000] {dagbag.py:540} INFO - Filling up the DagBag from /home/airflow/.local/lib/python3.8/site-packages/airflow/example_dags/example_task_group_decorator.py
[2026-09-10T13:48:23.157+0000] {processor.py:840} INFO - DAG(s) 'example_task_group_decorator' retrieved from /home/airflow/.local/lib/python3.8/site-packages/airflow/example_dags/example_task_group_decorator.py
[2026-09-10T13:48:23.188+0000] {logging_mixin.py:188} INFO - [2026-09-10T13:48:23.187+0000] {dag.py:3047} INFO - Sync 1 DAGs
[2026-09-10T13:48:23.218+0000] {logging_mixin.py:188} INFO - [2026-09-10T13:48:23.218+0000] {dag.py:3834} INFO - Setting next_dagrun for example_task_group_decorator to 2026-09-09 00:00:00+00:00, run_after=2026-09-10 00:00:00+00:00
[2026-09-10T13:48:23.317+0000] {processor.py:183} INFO - Processing /home/airflow/.local/lib/python3.8/site-packages/airflow/example_dags/example_task_group_decorator.py took 0.184 seconds
[2026-09-10T13:48:55.127+0000] {processor.py:161} INFO - Started process (PID=664) to work on /home/airflow/.local/lib/python3.8/site-packages/airflow/example_dags/example_task_group_decorator.py
[2026-09-10T13:48:55.128+0000] {processor.py:830} INFO - Processing file /home/airflow/.local/lib/python3.8/site-packages/airflow/example_dags/example_task_group_decorator.py for tasks to queue
[2026-09-10T13:48:55.131+0000] {logging_mixin.py:188} INFO - [2026-09-10T13:48:55.131+0000] {dagbag.py:540} INFO - Filling up the DagBag from /home/airflow/.local/lib/python3.8/site-packages/airflow/example_dags/example_task_group_decorator.py
[2026-09-10T13:48:55.155+0000] {processor.py:840} INFO - DAG(s) 'example_task_group_decorator' retrieved from /home/airflow/.local/lib/python3.8/site-packages/airflow/example_dags/example_task_group_decorator.py
[2026-09-10T13:48:55.209+0000] {logging_mixin.py:188} INFO - [2026-09-10T13:48:55.209+0000] {dag.py:3047} INFO - Sync 1 DAGs
[2026-09-10T13:48:55.240+0000] {logging_mixin.py:188} INFO - [2026-09-10T13:48:55.240+0000] {dag.py:3834} INFO - Setting next_dagrun for example_task_group_decorator to 2026-09-09 00:00:00+00:00, run_after=2026-09-10 00:00:00+00:00
[2026-09-10T13:48:55.343+0000] {processor.py:183} INFO - Processing /home/airflow/.local/lib/python3.8/site-packages/airflow/example_dags/example_task_group_decorator.py took 0.221 seconds
[2026-09-10T13:49:25.585+0000] {processor.py:161} INFO - Started process (PID=725) to work on /home/airflow/.local/lib/python3.8/site-packages/airflow/example_dags/example_task_group_decorator.py
[2026-09-10T13:49:25.587+0000] {processor.py:830} INFO - Processing file /home/airflow/.local/lib/python3.8/site-packages/airflow/example_dags/example_task_group_decorator.py for tasks to queue
[2026-09-10T13:49:25.589+0000] {logging_mixin.py:188} INFO - [2026-09-10T13:49:25.589+0000] {dagbag.py:540} INFO - Filling up the DagBag from /home/airflow/.local/lib/python3.8/site-packages/airflow/example_dags/example_task_group_decorator.py
[2026-09-10T13:49:25.609+0000] {processor.py:840} INFO - DAG(s) 'example_task_group_decorator' retrieved from /home/airflow/.local/lib/python3.8/site-packages/airflow/example_dags/example_task_group_decorator.py
[2026-09-10T13:49:25.643+0000] {logging_mixin.py:188} INFO - [2026-09-10T13:49:25.643+0000] {dag.py:3047} INFO - Sync 1 DAGs
[2026-09-10T13:49:25.668+0000] {logging_mixin.py:188} INFO - [2026-09-10T13:49:25.667+0000] {dag.py:3834} INFO - Setting next_dagrun for example_task_group_decorator to 2026-09-09 00:00:00+00:00, run_after=2026-09-10 00:00:00+00:00
[2026-09-10T13:49:25.749+0000] {processor.py:183} INFO - Processing /home/airflow/.local/lib/python3.8/site-packages/airflow/example_dags/example_task_group_decorator.py took 0.169 seconds
[2026-09-10T13:49:56.074+0000] {processor.py:161} INFO - Started process (PID=785) to work on /home/airflow/.local/lib/python3.8/site-packages/airflow/example_dags/example_task_group_decorator.py
[2026-09-10T13:49:56.076+0000] {processor.py:830} INFO - Processing file /home/airflow/.local/lib/python3.8/site-packages/airflow/example_dags/example_task_group_decorator.py for tasks to queue
[2026-09-10T13:49:56.079+0000] {logging_mixin.py:188} INFO - [2026-09-10T13:49:56.079+0000] {dagbag.py:540} INFO - Filling up the DagBag from /home/airflow/.local/lib/python3.8/site-packages/airflow/example_dags/example_task_group_decorator.py
[2026-09-10T13:49:56.102+0000] {processor.py:840} INFO - DAG(s) 'example_task_group_decorator' retrieved from /home/airflow/.local/lib/python3.8/site-packages/airflow/example_dags/example_task_group_decorator.py
[2026-09-10T13:49:56.144+0000] {logging_mixin.py:188} INFO - [2026-09-10T13:49:56.143+0000] {dag.py:3047} INFO - Sync 1 DAGs
[2026-09-10T13:49:56.181+0000] {logging_mixin.py:188} INFO - [2026-09-10T13:49:56.181+0000] {dag.py:3834} INFO - Setting next_dagrun for example_task_group_decorator to 2026-09-09 00:00:00+00:00, run_after=2026-09-10 00:00:00+00:00
[2026-09-10T13:49:56.271+0000] {processor.py:183} INFO - Processing /home/airflow/.local/lib/python3.8/site-packages/airflow/example_dags/example_task_group_decorator.py took 0.204 seconds
[2026-09-10T13:50:27.193+0000] {processor.py:161} INFO - Started process (PID=847) to work on /home/airflow/.local/lib/python3.8/site-packages/airflow/example_dags/example_task_group_decorator.py
[2026-09-10T13:50:27.195+0000] {processor.py:830} INFO - Processing file /home/airflow/.local/lib/python3.8/site-packages/airflow/example_dags/example_task_group_decorator.py for tasks to queue
[2026-09-10T13:50:27.198+0000] {logging_mixin.py:188} INFO - [2026-09-10T13:50:27.197+0000] {dagbag.py:540} INFO - Filling up the DagBag from /home/airflow/.local/lib/python3.8/site-packages/airflow/example_dags/example_task_group_decorator.py
[2026-09-10T13:50:27.213+0000] {processor.py:840} INFO - DAG(s) 'example_task_group_decorator' retrieved from /home/airflow/.local/lib/python3.8/site-packages/airflow/example_dags/example_task_group_decorator.py
[2026-09-10T13:50:27.258+0000] {logging_mixin.py:188} INFO - [2026-09-10T13:50:27.258+0000] {dag.py:3047} INFO - Sync 1 DAGs
[2026-09-10T13:50:27.288+0000] {logging_mixin.py:188} INFO - [2026-09-10T13:50:27.288+0000] {dag.py:3834} INFO - Setting next_dagrun for example_task_group_decorator to 2026-09-09 00:00:00+00:00, run_after=2026-09-10 00:00:00+00:00
[2026-09-10T13:50:27.362+0000] {processor.py:183} INFO - Processing /home/airflow/.local/lib/python3.8/site-packages/airflow/example_dags/example_task_group_decorator.py took 0.172 seconds
[2026-09-10T13:50:58.179+0000] {processor.py:161} INFO - Started process (PID=912) to work on /home/airflow/.local/lib/python3.8/site-packages/airflow/example_dags/example_task_group_decorator.py
[2026-09-10T13:50:58.181+0000] {processor.py:830} INFO - Processing file /home/airflow/.local/lib/python3.8/site-packages/airflow/example_dags/example_task_group_decorator.py for tasks to queue
[2026-09-10T13:50:58.186+0000] {logging_mixin.py:188} INFO - [2026-09-10T13:50:58.185+0000] {dagbag.py:540} INFO - Filling up the DagBag from /home/airflow/.local/lib/python3.8/site-packages/airflow/example_dags/example_task_group_decorator.py
[2026-09-10T13:50:58.204+0000] {processor.py:840} INFO - DAG(s) 'example_task_group_decorator' retrieved from /home/airflow/.local/lib/python3.8/site-packages/airflow/example_dags/example_task_group_decorator.py
[2026-09-10T13:50:58.234+0000] {logging_mixin.py:188} INFO - [2026-09-10T13:50:58.234+0000] {dag.py:3047} INFO - Sync 1 DAGs
[2026-09-10T13:50:58.261+0000] {logging_mixin.py:188} INFO - [2026-09-10T13:50:58.261+0000] {dag.py:3834} INFO - Setting next_dagrun for example_task_group_decorator to 2026-09-09 00:00:00+00:00, run_after=2026-09-10 00:00:00+00:00
[2026-09-10T13:50:58.287+0000] {processor.py:183} INFO - Processing /home/airflow/.local/lib/python3.8/site-packages/airflow/example_dags/example_task_group_decorator.py took 0.111 seconds
[2026-09-10T13:51:28.432+0000] {processor.py:161} INFO - Started process (PID=971) to work on /home/airflow/.local/lib/python3.8/site-packages/airflow/example_dags/example_task_group_decorator.py
[2026-09-10T13:51:28.435+0000] {processor.py:830} INFO - Processing file /home/airflow/.local/lib/python3.8/site-packages/airflow/example_dags/example_task_group_decorator.py for tasks to queue
[2026-09-10T13:51:28.439+0000] {logging_mixin.py:188} INFO - [2026-09-10T13:51:28.438+0000] {dagbag.py:540} INFO - Filling up the DagBag from /home/airflow/.local/lib/python3.8/site-packages/airflow/example_dags/example_task_group_decorator.py
[2026-09-10T13:51:28.462+0000] {processor.py:840} INFO - DAG(s) 'example_task_group_decorator' retrieved from /home/airflow/.local/lib/python3.8/site-packages/airflow/example_dags/example_task_group_decorator.py
[2026-09-10T13:51:28.514+0000] {logging_mixin.py:188} INFO - [2026-09-10T13:51:28.514+0000] {dag.py:3047} INFO - Sync 1 DAGs
[2026-09-10T13:51:28.555+0000] {logging_mixin.py:188} INFO - [2026-09-10T13:51:28.554+0000] {dag.py:3834} INFO - Setting next_dagrun for example_task_group_decorator to 2026-09-09 00:00:00+00:00, run_after=2026-09-10 00:00:00+00:00
[2026-09-10T13:51:28.585+0000] {processor.py:183} INFO - Processing /home/airflow/.local/lib/python3.8/site-packages/airflow/example_dags/example_task_group_decorator.py took 0.157 seconds
[2026-09-10T13:51:58.706+0000] {processor.py:161} INFO - Started process (PID=1031) to work on /home/airflow/.local/lib/python3.8/site-packages/airflow/example_dags/example_task_group_decorator.py
[2026-09-10T13:51:58.708+0000] {processor.py:830} INFO - Processing file /home/airflow/.local/lib/python3.8/site-packages/airflow/example_dags/example_task_group_decorator.py for tasks to queue
[2026-09-10T13:51:58.710+0000] {logging_mixin.py:188} INFO - [2026-09-10T13:51:58.710+0000] {dagbag.py:540} INFO - Filling up the DagBag from /home/airflow/.local/lib/python3.8/site-packages/airflow/example_dags/example_task_group_decorator.py
[2026-09-10T13:51:58.729+0000] {processor.py:840} INFO - DAG(s) 'example_task_group_decorator' retrieved from /home/airflow/.local/lib/python3.8/site-packages/airflow/example_dags/example_task_group_decorator.py
[2026-09-10T13:51:58.765+0000] {logging_mixin.py:188} INFO - [2026-09-10T13:51:58.764+0000] {dag.py:3047} INFO - Sync 1 DAGs
[2026-09-10T13:51:58.795+0000] {logging_mixin.py:188} INFO - [2026-09-10T13:51:58.795+0000] {dag.py:3834} INFO - Setting next_dagrun for example_task_group_decorator to 2026-09-09 00:00:00+00:00, run_after=2026-09-10 00:00:00+00:00
[2026-09-10T13:51:58.820+0000] {processor.py:183} INFO - Processing /home/airflow/.local/lib/python3.8/site-packages/airflow/example_dags/example_task_group_decorator.py took 0.119 seconds
[2026-09-10T13:52:29.804+0000] {processor.py:161} INFO - Started process (PID=1095) to work on /home/airflow/.local/lib/python3.8/site-packages/airflow/example_dags/example_task_group_decorator.py
[2026-09-10T13:52:29.805+0000] {processor.py:830} INFO - Processing file /home/airflow/.local/lib/python3.8/site-packages/airflow/example_dags/example_task_group_decorator.py for tasks to queue
[2026-09-10T13:52:29.808+0000] {logging_mixin.py:188} INFO - [2026-09-10T13:52:29.808+0000] {dagbag.py:540} INFO - Filling up the DagBag from /home/airflow/.local/lib/python3.8/site-packages/airflow/example_dags/example_task_group_decorator.py
[2026-09-10T13:52:29.833+0000] {processor.py:840} INFO - DAG(s) 'example_task_group_decorator' retrieved from /home/airflow/.local/lib/python3.8/site-packages/airflow/example_dags/example_task_group_decorator.py
[2026-09-10T13:52:29.879+0000] {logging_mixin.py:188} INFO - [2026-09-10T13:52:29.878+0000] {dag.py:3047} INFO - Sync 1 DAGs
[2026-09-10T13:52:29.921+0000] {logging_mixin.py:188} INFO - [2026-09-10T13:52:29.920+0000] {dag.py:3834} INFO - Setting next_dagrun for example_task_group_decorator to 2026-09-09 00:00:00+00:00, run_after=2026-09-10 00:00:00+00:00
[2026-09-10T13:52:29.954+0000] {processor.py:183} INFO - Processing /home/airflow/.local/lib/python3.8/site-packages/airflow/example_dags/example_task_group_decorator.py took 0.154 seconds
[2026-09-10T13:53:01.554+0000] {processor.py:161} INFO - Started process (PID=1158) to work on /home/airflow/.local/lib/python3.8/site-packages/airflow/example_dags/example_task_group_decorator.py
[2026-09-10T13:53:01.556+0000] {processor.py:830} INFO - Processing file /home/airflow/.local/lib/python3.8/site-packages/airflow/example_dags/example_task_group_decorator.py for tasks to queue
[2026-09-10T13:53:01.559+0000] {logging_mixin.py:188} INFO - [2026-09-10T13:53:01.558+0000] {dagbag.py:540} INFO - Filling up the DagBag from /home/airflow/.local/lib/python3.8/site-packages/airflow/example_dags/example_task_group_decorator.py
[2026-09-10T13:53:01.579+0000] {processor.py:840} INFO - DAG(s) 'example_task_group_decorator' retrieved from /home/airflow/.local/lib/python3.8/site-packages/airflow/example_dags/example_task_group_decorator.py
[2026-09-10T13:53:01.614+0000] {logging_mixin.py:188} INFO - [2026-09-10T13:53:01.613+0000] {dag.py:3047} INFO - Sync 1 DAGs
[2026-09-10T13:53:01.641+0000] {logging_mixin.py:188} INFO - [2026-09-10T13:53:01.641+0000] {dag.py:3834} INFO - Setting next_dagrun for example_task_group_decorator to 2026-09-09 00:00:00+00:00, run_after=2026-09-10 00:00:00+00:00
[2026-09-10T13:53:01.669+0000] {processor.py:183} INFO - Processing /home/airflow/.local/lib/python3.8/site-packages/airflow/example_dags/example_task_group_decorator.py took 0.120 seconds
[2026-09-10T13:53:32.162+0000] {processor.py:161} INFO - Started process (PID=1218) to work on /home/airflow/.local/lib/python3.8/site-packages/airflow/example_dags/example_task_group_decorator.py
[2026-09-10T13:53:32.165+0000] {processor.py:830} INFO - Processing file /home/airflow/.local/lib/python3.8/site-packages/airflow/example_dags/example_task_group_decorator.py for tasks to queue
[2026-09-10T13:53:32.168+0000] {logging_mixin.py:188} INFO - [2026-09-10T13:53:32.167+0000] {dagbag.py:540} INFO - Filling up the DagBag from /home/airflow/.local/lib/python3.8/site-packages/airflow/example_dags/example_task_group_decorator.py
[2026-09-10T13:53:32.200+0000] {processor.py:840} INFO - DAG(s) 'example_task_group_decorator' retrieved from /home/airflow/.local/lib/python3.8/site-packages/airflow/example_dags/example_task_group_decorator.py
[2026-09-10T13:53:32.237+0000] {logging_mixin.py:188} INFO - [2026-09-10T13:53:32.236+0000] {dag.py:3047} INFO - Sync 1 DAGs
[2026-09-10T13:53:32.271+0000] {logging_mixin.py:188} INFO - [2026-09-10T13:53:32.271+0000] {dag.py:3834} INFO - Setting next_dagrun for example_task_group_decorator to 2026-09-09 00:00:00+00:00, run_after=2026-09-10 00:00:00+00:00
[2026-09-10T13:53:32.298+0000] {processor.py:183} INFO - Processing /home/airflow/.local/lib/python3.8/site-packages/airflow/example_dags/example_task_group_decorator.py took 0.143 seconds
[2026-09-10T13:54:02.835+0000] {processor.py:161} INFO - Started process (PID=1279) to work on /home/airflow/.local/lib/python3.8/site-packages/airflow/example_dags/example_task_group_decorator.py
[2026-09-10T13:54:02.837+0000] {processor.py:830} INFO - Processing file /home/airflow/.local/lib/python3.8/site-packages/airflow/example_dags/example_task_group_decorator.py for tasks to queue
[2026-09-10T13:54:02.844+0000] {logging_mixin.py:188} INFO - [2026-09-10T13:54:02.843+0000] {dagbag.py:540} INFO - Filling up the DagBag from /home/airflow/.local/lib/python3.8/site-packages/airflow/example_dags/example_task_group_decorator.py
[2026-09-10T13:54:02.877+0000] {processor.py:840} INFO - DAG(s) 'example_task_group_decorator' retrieved from /home/airflow/.local/lib/python3.8/site-packages/airflow/example_dags/example_task_group_decorator.py
[2026-09-10T13:54:02.911+0000] {logging_mixin.py:188} INFO - [2026-09-10T13:54:02.911+0000] {dag.py:3047} INFO - Sync 1 DAGs
[2026-09-10T13:54:02.940+0000] {logging_mixin.py:188} INFO - [2026-09-10T13:54:02.939+0000] {dag.py:3834} INFO - Setting next_dagrun for example_task_group_decorator to 2026-09-09 00:00:00+00:00, run_after=2026-09-10 00:00:00+00:00
[2026-09-10T13:54:02.979+0000] {processor.py:183} INFO - Processing /home/airflow/.local/lib/python3.8/site-packages/airflow/example_dags/example_task_group_decorator.py took 0.149 seconds
[2026-09-10T13:54:33.116+0000] {processor.py:161} INFO - Started process (PID=1339) to work on /home/airflow/.local/lib/python3.8/site-packages/airflow/example_dags/example_task_group_decorator.py
[2026-09-10T13:54:33.122+0000] {processor.py:830} INFO - Processing file /home/airflow/.local/lib/python3.8/site-packages/airflow/example_dags/example_task_group_decorator.py for tasks to queue
[2026-09-10T13:54:33.127+0000] {logging_mixin.py:188} INFO - [2026-09-10T13:54:33.126+0000] {dagbag.py:540} INFO - Filling up the DagBag from /home/airflow/.local/lib/python3.8/site-packages/airflow/example_dags/example_task_group_decorator.py
[2026-09-10T13:54:33.174+0000] {processor.py:840} INFO - DAG(s) 'example_task_group_decorator' retrieved from /home/airflow/.local/lib/python3.8/site-packages/airflow/example_dags/example_task_group_decorator.py
[2026-09-10T13:54:33.209+0000] {logging_mixin.py:188} INFO - [2026-09-10T13:54:33.209+0000] {dag.py:3047} INFO - Sync 1 DAGs
[2026-09-10T13:54:33.239+0000] {logging_mixin.py:188} INFO - [2026-09-10T13:54:33.239+0000] {dag.py:3834} INFO - Setting next_dagrun for example_task_group_decorator to 2026-09-09 00:00:00+00:00, run_after=2026-09-10 00:00:00+00:00
[2026-09-10T13:54:33.261+0000] {processor.py:183} INFO - Processing /home/airflow/.local/lib/python3.8/site-packages/airflow/example_dags/example_task_group_decorator.py took 0.154 seconds
[2026-09-10T13:55:04.138+0000] {processor.py:161} INFO - Started process (PID=1400) to work on /home/airflow/.local/lib/python3.8/site-packages/airflow/example_dags/example_task_group_decorator.py
[2026-09-10T13:55:04.140+0000] {processor.py:830} INFO - Processing file /home/airflow/.local/lib/python3.8/site-packages/airflow/example_dags/example_task_group_decorator.py for tasks to queue
[2026-09-10T13:55:04.143+0000] {logging_mixin.py:188} INFO - [2026-09-10T13:55:04.143+0000] {dagbag.py:540} INFO - Filling up the DagBag from /home/airflow/.local/lib/python3.8/site-packages/airflow/example_dags/example_task_group_decorator.py
[2026-09-10T13:55:04.162+0000] {processor.py:840} INFO - DAG(s) 'example_task_group_decorator' retrieved from /home/airflow/.local/lib/python3.8/site-packages/airflow/example_dags/example_task_group_decorator.py
[2026-09-10T13:55:04.194+0000] {logging_mixin.py:188} INFO - [2026-09-10T13:55:04.194+0000] {dag.py:3047} INFO - Sync 1 DAGs
[2026-09-10T13:55:04.223+0000] {logging_mixin.py:188} INFO - [2026-09-10T13:55:04.223+0000] {dag.py:3834} INFO - Setting next_dagrun for example_task_group_decorator to 2026-09-09 00:00:00+00:00, run_after=2026-09-10 00:00:00+00:00
[2026-09-10T13:55:04.250+0000] {processor.py:183} INFO - Processing /home/airflow/.local/lib/python3.8/site-packages/airflow/example_dags/example_task_group_decorator.py took 0.117 seconds
[2026-09-10T13:55:34.343+0000] {processor.py:161} INFO - Started process (PID=1465) to work on /home/airflow/.local/lib/python3.8/site-packages/airflow/example_dags/example_task_group_decorator.py
[2026-09-10T13:55:34.346+0000] {processor.py:830} INFO - Processing file /home/airflow/.local/lib/python3.8/site-packages/airflow/example_dags/example_task_group_decorator.py for tasks to queue
[2026-09-10T13:55:34.356+0000] {logging_mixin.py:188} INFO - [2026-09-10T13:55:34.355+0000] {dagbag.py:540} INFO - Filling up the DagBag from /home/airflow/.local/lib/python3.8/site-packages/airflow/example_dags/example_task_group_decorator.py
[2026-09-10T13:55:34.385+0000] {processor.py:840} INFO - DAG(s) 'example_task_group_decorator' retrieved from /home/airflow/.local/lib/python3.8/site-packages/airflow/example_dags/example_task_group_decorator.py
[2026-09-10T13:55:34.439+0000] {logging_mixin.py:188} INFO - [2026-09-10T13:55:34.439+0000] {dag.py:3047} INFO - Sync 1 DAGs
[2026-09-10T13:55:34.498+0000] {logging_mixin.py:188} INFO - [2026-09-10T13:55:34.498+0000] {dag.py:3834} INFO - Setting next_dagrun for example_task_group_decorator to 2026-09-09 00:00:00+00:00, run_after=2026-09-10 00:00:00+00:00
[2026-09-10T13:55:34.547+0000] {processor.py:183} INFO - Processing /home/airflow/.local/lib/python3.8/site-packages/airflow/example_dags/example_task_group_decorator.py took 0.210 seconds
[2026-09-10T13:56:04.669+0000] {processor.py:161} INFO - Started process (PID=1526) to work on /home/airflow/.local/lib/python3.8/site-packages/airflow/example_dags/example_task_group_decorator.py
[2026-09-10T13:56:04.671+0000] {processor.py:830} INFO - Processing file /home/airflow/.local/lib/python3.8/site-packages/airflow/example_dags/example_task_group_decorator.py for tasks to queue
[2026-09-10T13:56:04.673+0000] {logging_mixin.py:188} INFO - [2026-09-10T13:56:04.673+0000] {dagbag.py:540} INFO - Filling up the DagBag from /home/airflow/.local/lib/python3.8/site-packages/airflow/example_dags/example_task_group_decorator.py
[2026-09-10T13:56:04.691+0000] {processor.py:840} INFO - DAG(s) 'example_task_group_decorator' retrieved from /home/airflow/.local/lib/python3.8/site-packages/airflow/example_dags/example_task_group_decorator.py
[2026-09-10T13:56:04.724+0000] {logging_mixin.py:188} INFO - [2026-09-10T13:56:04.724+0000] {dag.py:3047} INFO - Sync 1 DAGs
[2026-09-10T13:56:04.753+0000] {logging_mixin.py:188} INFO - [2026-09-10T13:56:04.752+0000] {dag.py:3834} INFO - Setting next_dagrun for example_task_group_decorator to 2026-09-09 00:00:00+00:00, run_after=2026-09-10 00:00:00+00:00
[2026-09-10T13:56:04.777+0000] {processor.py:183} INFO - Processing /home/airflow/.local/lib/python3.8/site-packages/airflow/example_dags/example_task_group_decorator.py took 0.114 seconds
[2026-09-10T13:56:34.906+0000] {processor.py:161} INFO - Started process (PID=1587) to work on /home/airflow/.local/lib/python3.8/site-packages/airflow/example_dags/example_task_group_decorator.py
[2026-09-10T13:56:34.908+0000] {processor.py:830} INFO - Processing file /home/airflow/.local/lib/python3.8/site-packages/airflow/example_dags/example_task_group_decorator.py for tasks to queue
[2026-09-10T13:56:34.912+0000] {logging_mixin.py:188} INFO - [2026-09-10T13:56:34.911+0000] {dagbag.py:540} INFO - Filling up the DagBag from /home/airflow/.local/lib/python3.8/site-packages/airflow/example_dags/example_task_group_decorator.py
[2026-09-10T13:56:34.928+0000] {processor.py:840} INFO - DAG(s) 'example_task_group_decorator' retrieved from /home/airflow/.local/lib/python3.8/site-packages/airflow/example_dags/example_task_group_decorator.py
[2026-09-10T13:56:34.961+0000] {logging_mixin.py:188} INFO - [2026-09-10T13:56:34.960+0000] {dag.py:3047} INFO - Sync 1 DAGs
[2026-09-10T13:56:34.986+0000] {logging_mixin.py:188} INFO - [2026-09-10T13:56:34.986+0000] {dag.py:3834} INFO - Setting next_dagrun for example_task_group_decorator to 2026-09-09 00:00:00+00:00, run_after=2026-09-10 00:00:00+00:00
[2026-09-10T13:56:35.013+0000] {processor.py:183} INFO - Processing /home/airflow/.local/lib/python3.8/site-packages/airflow/example_dags/example_task_group_decorator.py took 0.111 seconds
[2026-09-10T13:57:05.276+0000] {processor.py:161} INFO - Started process (PID=1648) to work on /home/airflow/.local/lib/python3.8/site-packages/airflow/example_dags/example_task_group_decorator.py
[2026-09-10T13:57:05.278+0000] {processor.py:830} INFO - Processing file /home/airflow/.local/lib/python3.8/site-packages/airflow/example_dags/example_task_group_decorator.py for tasks to queue
[2026-09-10T13:57:05.281+0000] {logging_mixin.py:188} INFO - [2026-09-10T13:57:05.280+0000] {dagbag.py:540} INFO - Filling up the DagBag from /home/airflow/.local/lib/python3.8/site-packages/airflow/example_dags/example_task_group_decorator.py
[2026-09-10T13:57:05.299+0000] {processor.py:840} INFO - DAG(s) 'example_task_group_decorator' retrieved from /home/airflow/.local/lib/python3.8/site-packages/airflow/example_dags/example_task_group_decorator.py
[2026-09-10T13:57:05.334+0000] {logging_mixin.py:188} INFO - [2026-09-10T13:57:05.334+0000] {dag.py:3047} INFO - Sync 1 DAGs
[2026-09-10T13:57:05.367+0000] {logging_mixin.py:188} INFO - [2026-09-10T13:57:05.367+0000] {dag.py:3834} INFO - Setting next_dagrun for example_task_group_decorator to 2026-09-09 00:00:00+00:00, run_after=2026-09-10 00:00:00+00:00
[2026-09-10T13:57:05.393+0000] {processor.py:183} INFO - Processing /home/airflow/.local/lib/python3.8/site-packages/airflow/example_dags/example_task_group_decorator.py took 0.122 seconds
[2026-09-10T13:57:35.502+0000] {processor.py:161} INFO - Started process (PID=1709) to work on /home/airflow/.local/lib/python3.8/site-packages/airflow/example_dags/example_task_group_decorator.py
[2026-09-10T13:57:35.504+0000] {processor.py:830} INFO - Processing file /home/airflow/.local/lib/python3.8/site-packages/airflow/example_dags/example_task_group_decorator.py for tasks to queue
[2026-09-10T13:57:35.507+0000] {logging_mixin.py:188} INFO - [2026-09-10T13:57:35.507+0000] {dagbag.py:540} INFO - Filling up the DagBag from /home/airflow/.local/lib/python3.8/site-packages/airflow/example_dags/example_task_group_decorator.py
[2026-09-10T13:57:35.525+0000] {processor.py:840} INFO - DAG(s) 'example_task_group_decorator' retrieved from /home/airflow/.local/lib/python3.8/site-packages/airflow/example_dags/example_task_group_decorator.py
[2026-09-10T13:57:35.560+0000] {logging_mixin.py:188} INFO - [2026-09-10T13:57:35.560+0000] {dag.py:3047} INFO - Sync 1 DAGs
[2026-09-10T13:57:35.598+0000] {logging_mixin.py:188} INFO - [2026-09-10T13:57:35.598+0000] {dag.py:3834} INFO - Setting next_dagrun for example_task_group_decorator to 2026-09-09 00:00:00+00:00, run_after=2026-09-10 00:00:00+00:00
[2026-09-10T13:57:35.620+0000] {processor.py:183} INFO - Processing /home/airflow/.local/lib/python3.8/site-packages/airflow/example_dags/example_task_group_decorator.py took 0.124 seconds
[2026-09-10T13:58:06.004+0000] {processor.py:161} INFO - Started process (PID=1770) to work on /home/airflow/.local/lib/python3.8/site-packages/airflow/example_dags/example_task_group_decorator.py
[2026-09-10T13:58:06.006+0000] {processor.py:830} INFO - Processing file /home/airflow/.local/lib/python3.8/site-packages/airflow/example_dags/example_task_group_decorator.py for tasks to queue
[2026-09-10T13:58:06.009+0000] {logging_mixin.py:188} INFO - [2026-09-10T13:58:06.008+0000] {dagbag.py:540} INFO - Filling up the DagBag from /home/airflow/.local/lib/python3.8/site-packages/airflow/example_dags/example_task_group_decorator.py
[2026-09-10T13:58:06.026+0000] {processor.py:840} INFO - DAG(s) 'example_task_group_decorator' retrieved from /home/airflow/.local/lib/python3.8/site-packages/airflow/example_dags/example_task_group_decorator.py
[2026-09-10T13:58:06.060+0000] {logging_mixin.py:188} INFO - [2026-09-10T13:58:06.060+0000] {dag.py:3047} INFO - Sync 1 DAGs
[2026-09-10T13:58:06.093+0000] {logging_mixin.py:188} INFO - [2026-09-10T13:58:06.093+0000] {dag.py:3834} INFO - Setting next_dagrun for example_task_group_decorator to 2026-09-09 00:00:00+00:00, run_after=2026-09-10 00:00:00+00:00
[2026-09-10T13:58:06.122+0000] {processor.py:183} INFO - Processing /home/airflow/.local/lib/python3.8/site-packages/airflow/example_dags/example_task_group_decorator.py took 0.123 seconds
[2026-09-10T13:58:36.315+0000] {processor.py:161} INFO - Started process (PID=1831) to work on /home/airflow/.local/lib/python3.8/site-packages/airflow/example_dags/example_task_group_decorator.py
[2026-09-10T13:58:36.318+0000] {processor.py:830} INFO - Processing file /home/airflow/.local/lib/python3.8/site-packages/airflow/example_dags/example_task_group_decorator.py for tasks to queue
[2026-09-10T13:58:36.322+0000] {logging_mixin.py:188} INFO - [2026-09-10T13:58:36.321+0000] {dagbag.py:540} INFO - Filling up the DagBag from /home/airflow/.local/lib/python3.8/site-packages/airflow/example_dags/example_task_group_decorator.py
[2026-09-10T13:58:36.338+0000] {processor.py:840} INFO - DAG(s) 'example_task_group_decorator' retrieved from /home/airflow/.local/lib/python3.8/site-packages/airflow/example_dags/example_task_group_decorator.py
[2026-09-10T13:58:36.370+0000] {logging_mixin.py:188} INFO - [2026-09-10T13:58:36.370+0000] {dag.py:3047} INFO - Sync 1 DAGs
[2026-09-10T13:58:36.396+0000] {logging_mixin.py:188} INFO - [2026-09-10T13:58:36.395+0000] {dag.py:3834} INFO - Setting next_dagrun for example_task_group_decorator to 2026-09-09 00:00:00+00:00, run_after=2026-09-10 00:00:00+00:00
[2026-09-10T13:58:36.418+0000] {processor.py:183} INFO - Processing /home/airflow/.local/lib/python3.8/site-packages/airflow/example_dags/example_task_group_decorator.py took 0.109 seconds
[2026-09-10T13:59:06.508+0000] {processor.py:161} INFO - Started process (PID=1892) to work on /home/airflow/.local/lib/python3.8/site-packages/airflow/example_dags/example_task_group_decorator.py
[2026-09-10T13:59:06.510+0000] {processor.py:830} INFO - Processing file /home/airflow/.local/lib/python3.8/site-packages/airflow/example_dags/example_task_group_decorator.py for tasks to queue
[2026-09-10T13:59:06.513+0000] {logging_mixin.py:188} INFO - [2026-09-10T13:59:06.512+0000] {dagbag.py:540} INFO - Filling up the DagBag from /home/airflow/.local/lib/python3.8/site-packages/airflow/example_dags/example_task_group_decorator.py
[2026-09-10T13:59:06.530+0000] {processor.py:840} INFO - DAG(s) 'example_task_group_decorator' retrieved from /home/airflow/.local/lib/python3.8/site-packages/airflow/example_dags/example_task_group_decorator.py
[2026-09-10T13:59:06.562+0000] {logging_mixin.py:188} INFO - [2026-09-10T13:59:06.561+0000] {dag.py:3047} INFO - Sync 1 DAGs
[2026-09-10T13:59:06.590+0000] {logging_mixin.py:188} INFO - [2026-09-10T13:59:06.590+0000] {dag.py:3834} INFO - Setting next_dagrun for example_task_group_decorator to 2026-09-09 00:00:00+00:00, run_after=2026-09-10 00:00:00+00:00
[2026-09-10T13:59:06.617+0000] {processor.py:183} INFO - Processing /home/airflow/.local/lib/python3.8/site-packages/airflow/example_dags/example_task_group_decorator.py took 0.114 seconds
[2026-09-10T13:59:37.169+0000] {processor.py:161} INFO - Started process (PID=1953) to work on /home/airflow/.local/lib/python3.8/site-packages/airflow/example_dags/example_task_group_decorator.py
[2026-09-10T13:59:37.171+0000] {processor.py:830} INFO - Processing file /home/airflow/.local/lib/python3.8/site-packages/airflow/example_dags/example_task_group_decorator.py for tasks to queue
[2026-09-10T13:59:37.175+0000] {logging_mixin.py:188} INFO - [2026-09-10T13:59:37.175+0000] {dagbag.py:540} INFO - Filling up the DagBag from /home/airflow/.local/lib/python3.8/site-packages/airflow/example_dags/example_task_group_decorator.py
[2026-09-10T13:59:37.192+0000] {processor.py:840} INFO - DAG(s) 'example_task_group_decorator' retrieved from /home/airflow/.local/lib/python3.8/site-packages/airflow/example_dags/example_task_group_decorator.py
[2026-09-10T13:59:37.229+0000] {logging_mixin.py:188} INFO - [2026-09-10T13:59:37.228+0000] {dag.py:3047} INFO - Sync 1 DAGs
[2026-09-10T13:59:37.259+0000] {logging_mixin.py:188} INFO - [2026-09-10T13:59:37.259+0000] {dag.py:3834} INFO - Setting next_dagrun for example_task_group_decorator to 2026-09-09 00:00:00+00:00, run_after=2026-09-10 00:00:00+00:00
[2026-09-10T13:59:37.283+0000] {processor.py:183} INFO - Processing /home/airflow/.local/lib/python3.8/site-packages/airflow/example_dags/example_task_group_decorator.py took 0.119 seconds
[2026-09-10T14:00:07.333+0000] {processor.py:161} INFO - Started process (PID=2014) to work on /home/airflow/.local/lib/python3.8/site-packages/airflow/example_dags/example_task_group_decorator.py
[2026-09-10T14:00:07.336+0000] {processor.py:830} INFO - Processing file /home/airflow/.local/lib/python3.8/site-packages/airflow/example_dags/example_task_group_decorator.py for tasks to queue
[2026-09-10T14:00:07.339+0000] {logging_mixin.py:188} INFO - [2026-09-10T14:00:07.339+0000] {dagbag.py:540} INFO - Filling up the DagBag from /home/airflow/.local/lib/python3.8/site-packages/airflow/example_dags/example_task_group_decorator.py
[2026-09-10T14:00:07.359+0000] {processor.py:840} INFO - DAG(s) 'example_task_group_decorator' retrieved from /home/airflow/.local/lib/python3.8/site-packages/airflow/example_dags/example_task_group_decorator.py
[2026-09-10T14:00:07.392+0000] {logging_mixin.py:188} INFO - [2026-09-10T14:00:07.391+0000] {dag.py:3047} INFO - Sync 1 DAGs
[2026-09-10T14:00:07.416+0000] {logging_mixin.py:188} INFO - [2026-09-10T14:00:07.416+0000] {dag.py:3834} INFO - Setting next_dagrun for example_task_group_decorator to 2026-09-09 00:00:00+00:00, run_after=2026-09-10 00:00:00+00:00
[2026-09-10T14:00:07.446+0000] {processor.py:183} INFO - Processing /home/airflow/.local/lib/python3.8/site-packages/airflow/example_dags/example_task_group_decorator.py took 0.118 seconds
[2026-09-10T14:00:38.217+0000] {processor.py:161} INFO - Started process (PID=2075) to work on /home/airflow/.local/lib/python3.8/site-packages/airflow/example_dags/example_task_group_decorator.py
[2026-09-10T14:00:38.219+0000] {processor.py:830} INFO - Processing file /home/airflow/.local/lib/python3.8/site-packages/airflow/example_dags/example_task_group_decorator.py for tasks to queue
[2026-09-10T14:00:38.229+0000] {logging_mixin.py:188} INFO - [2026-09-10T14:00:38.228+0000] {dagbag.py:540} INFO - Filling up the DagBag from /home/airflow/.local/lib/python3.8/site-packages/airflow/example_dags/example_task_group_decorator.py
[2026-09-10T14:00:38.250+0000] {processor.py:840} INFO - DAG(s) 'example_task_group_decorator' retrieved from /home/airflow/.local/lib/python3.8/site-packages/airflow/example_dags/example_task_group_decorator.py
[2026-09-10T14:00:38.281+0000] {logging_mixin.py:188} INFO - [2026-09-10T14:00:38.280+0000] {dag.py:3047} INFO - Sync 1 DAGs
[2026-09-10T14:00:38.308+0000] {logging_mixin.py:188} INFO - [2026-09-10T14:00:38.307+0000] {dag.py:3834} INFO - Setting next_dagrun for example_task_group_decorator to 2026-09-09 00:00:00+00:00, run_after=2026-09-10 00:00:00+00:00
[2026-09-10T14:00:38.331+0000] {processor.py:183} INFO - Processing /home/airflow/.local/lib/python3.8/site-packages/airflow/example_dags/example_task_group_decorator.py took 0.120 seconds
[2026-09-10T14:01:08.835+0000] {processor.py:161} INFO - Started process (PID=2137) to work on /home/airflow/.local/lib/python3.8/site-packages/airflow/example_dags/example_task_group_decorator.py
[2026-09-10T14:01:08.837+0000] {processor.py:830} INFO - Processing file /home/airflow/.local/lib/python3.8/site-packages/airflow/example_dags/example_task_group_decorator.py for tasks to queue
[2026-09-10T14:01:08.840+0000] {logging_mixin.py:188} INFO - [2026-09-10T14:01:08.839+0000] {dagbag.py:540} INFO - Filling up the DagBag from /home/airflow/.local/lib/python3.8/site-packages/airflow/example_dags/example_task_group_decorator.py
[2026-09-10T14:01:08.857+0000] {processor.py:840} INFO - DAG(s) 'example_task_group_decorator' retrieved from /home/airflow/.local/lib/python3.8/site-packages/airflow/example_dags/example_task_group_decorator.py
[2026-09-10T14:01:08.899+0000] {logging_mixin.py:188} INFO - [2026-09-10T14:01:08.898+0000] {dag.py:3047} INFO - Sync 1 DAGs
[2026-09-10T14:01:08.929+0000] {logging_mixin.py:188} INFO - [2026-09-10T14:01:08.929+0000] {dag.py:3834} INFO - Setting next_dagrun for example_task_group_decorator to 2026-09-09 00:00:00+00:00, run_after=2026-09-10 00:00:00+00:00
[2026-09-10T14:01:09.103+0000] {processor.py:183} INFO - Processing /home/airflow/.local/lib/python3.8/site-packages/airflow/example_dags/example_task_group_decorator.py took 0.272 seconds
[2026-09-10T14:01:39.503+0000] {processor.py:161} INFO - Started process (PID=2198) to work on /home/airflow/.local/lib/python3.8/site-packages/airflow/example_dags/example_task_group_decorator.py
[2026-09-10T14:01:39.506+0000] {processor.py:830} INFO - Processing file /home/airflow/.local/lib/python3.8/site-packages/airflow/example_dags/example_task_group_decorator.py for tasks to queue
[2026-09-10T14:01:39.509+0000] {logging_mixin.py:188} INFO - [2026-09-10T14:01:39.509+0000] {dagbag.py:540} INFO - Filling up the DagBag from /home/airflow/.local/lib/python3.8/site-packages/airflow/example_dags/example_task_group_decorator.py
[2026-09-10T14:01:39.530+0000] {processor.py:840} INFO - DAG(s) 'example_task_group_decorator' retrieved from /home/airflow/.local/lib/python3.8/site-packages/airflow/example_dags/example_task_group_decorator.py
[2026-09-10T14:01:39.567+0000] {logging_mixin.py:188} INFO - [2026-09-10T14:01:39.566+0000] {dag.py:3047} INFO - Sync 1 DAGs
[2026-09-10T14:01:39.766+0000] {logging_mixin.py:188} INFO - [2026-09-10T14:01:39.766+0000] {dag.py:3834} INFO - Setting next_dagrun for example_task_group_decorator to 2026-09-09 00:00:00+00:00, run_after=2026-09-10 00:00:00+00:00
[2026-09-10T14:01:39.797+0000] {processor.py:183} INFO - Processing /home/airflow/.local/lib/python3.8/site-packages/airflow/example_dags/example_task_group_decorator.py took 0.299 seconds
[2026-09-10T14:02:10.285+0000] {processor.py:161} INFO - Started process (PID=2259) to work on /home/airflow/.local/lib/python3.8/site-packages/airflow/example_dags/example_task_group_decorator.py
[2026-09-10T14:02:10.286+0000] {processor.py:830} INFO - Processing file /home/airflow/.local/lib/python3.8/site-packages/airflow/example_dags/example_task_group_decorator.py for tasks to queue
[2026-09-10T14:02:10.289+0000] {logging_mixin.py:188} INFO - [2026-09-10T14:02:10.289+0000] {dagbag.py:540} INFO - Filling up the DagBag from /home/airflow/.local/lib/python3.8/site-packages/airflow/example_dags/example_task_group_decorator.py
[2026-09-10T14:02:10.304+0000] {processor.py:840} INFO - DAG(s) 'example_task_group_decorator' retrieved from /home/airflow/.local/lib/python3.8/site-packages/airflow/example_dags/example_task_group_decorator.py
[2026-09-10T14:02:10.336+0000] {logging_mixin.py:188} INFO - [2026-09-10T14:02:10.336+0000] {dag.py:3047} INFO - Sync 1 DAGs
[2026-09-10T14:02:10.518+0000] {logging_mixin.py:188} INFO - [2026-09-10T14:02:10.518+0000] {dag.py:3834} INFO - Setting next_dagrun for example_task_group_decorator to 2026-09-09 00:00:00+00:00, run_after=2026-09-10 00:00:00+00:00
[2026-09-10T14:02:10.539+0000] {processor.py:183} INFO - Processing /home/airflow/.local/lib/python3.8/site-packages/airflow/example_dags/example_task_group_decorator.py took 0.258 seconds
[2026-09-10T14:02:40.770+0000] {processor.py:161} INFO - Started process (PID=2320) to work on /home/airflow/.local/lib/python3.8/site-packages/airflow/example_dags/example_task_group_decorator.py
[2026-09-10T14:02:40.772+0000] {processor.py:830} INFO - Processing file /home/airflow/.local/lib/python3.8/site-packages/airflow/example_dags/example_task_group_decorator.py for tasks to queue
[2026-09-10T14:02:40.777+0000] {logging_mixin.py:188} INFO - [2026-09-10T14:02:40.776+0000] {dagbag.py:540} INFO - Filling up the DagBag from /home/airflow/.local/lib/python3.8/site-packages/airflow/example_dags/example_task_group_decorator.py
[2026-09-10T14:02:40.797+0000] {processor.py:840} INFO - DAG(s) 'example_task_group_decorator' retrieved from /home/airflow/.local/lib/python3.8/site-packages/airflow/example_dags/example_task_group_decorator.py
[2026-09-10T14:02:40.838+0000] {logging_mixin.py:188} INFO - [2026-09-10T14:02:40.837+0000] {dag.py:3047} INFO - Sync 1 DAGs
[2026-09-10T14:02:40.880+0000] {logging_mixin.py:188} INFO - [2026-09-10T14:02:40.880+0000] {dag.py:3834} INFO - Setting next_dagrun for example_task_group_decorator to 2026-09-09 00:00:00+00:00, run_after=2026-09-10 00:00:00+00:00
[2026-09-10T14:02:40.914+0000] {processor.py:183} INFO - Processing /home/airflow/.local/lib/python3.8/site-packages/airflow/example_dags/example_task_group_decorator.py took 0.148 seconds
[2026-09-10T14:03:11.736+0000] {processor.py:161} INFO - Started process (PID=2387) to work on /home/airflow/.local/lib/python3.8/site-packages/airflow/example_dags/example_task_group_decorator.py
[2026-09-10T14:03:11.739+0000] {processor.py:830} INFO - Processing file /home/airflow/.local/lib/python3.8/site-packages/airflow/example_dags/example_task_group_decorator.py for tasks to queue
[2026-09-10T14:03:11.742+0000] {logging_mixin.py:188} INFO - [2026-09-10T14:03:11.742+0000] {dagbag.py:540} INFO - Filling up the DagBag from /home/airflow/.local/lib/python3.8/site-packages/airflow/example_dags/example_task_group_decorator.py
[2026-09-10T14:03:11.760+0000] {processor.py:840} INFO - DAG(s) 'example_task_group_decorator' retrieved from /home/airflow/.local/lib/python3.8/site-packages/airflow/example_dags/example_task_group_decorator.py
[2026-09-10T14:03:11.792+0000] {logging_mixin.py:188} INFO - [2026-09-10T14:03:11.792+0000] {dag.py:3047} INFO - Sync 1 DAGs
[2026-09-10T14:03:11.821+0000] {logging_mixin.py:188} INFO - [2026-09-10T14:03:11.820+0000] {dag.py:3834} INFO - Setting next_dagrun for example_task_group_decorator to 2026-09-09 00:00:00+00:00, run_after=2026-09-10 00:00:00+00:00
[2026-09-10T14:03:11.851+0000] {processor.py:183} INFO - Processing /home/airflow/.local/lib/python3.8/site-packages/airflow/example_dags/example_task_group_decorator.py took 0.120 seconds
[2026-09-10T14:03:42.008+0000] {processor.py:161} INFO - Started process (PID=2448) to work on /home/airflow/.local/lib/python3.8/site-packages/airflow/example_dags/example_task_group_decorator.py
[2026-09-10T14:03:42.010+0000] {processor.py:830} INFO - Processing file /home/airflow/.local/lib/python3.8/site-packages/airflow/example_dags/example_task_group_decorator.py for tasks to queue
[2026-09-10T14:03:42.013+0000] {logging_mixin.py:188} INFO - [2026-09-10T14:03:42.012+0000] {dagbag.py:540} INFO - Filling up the DagBag from /home/airflow/.local/lib/python3.8/site-packages/airflow/example_dags/example_task_group_decorator.py
[2026-09-10T14:03:42.028+0000] {processor.py:840} INFO - DAG(s) 'example_task_group_decorator' retrieved from /home/airflow/.local/lib/python3.8/site-packages/airflow/example_dags/example_task_group_decorator.py
[2026-09-10T14:03:42.060+0000] {logging_mixin.py:188} INFO - [2026-09-10T14:03:42.060+0000] {dag.py:3047} INFO - Sync 1 DAGs
[2026-09-10T14:03:42.088+0000] {logging_mixin.py:188} INFO - [2026-09-10T14:03:42.088+0000] {dag.py:3834} INFO - Setting next_dagrun for example_task_group_decorator to 2026-09-09 00:00:00+00:00, run_after=2026-09-10 00:00:00+00:00
[2026-09-10T14:03:42.111+0000] {processor.py:183} INFO - Processing /home/airflow/.local/lib/python3.8/site-packages/airflow/example_dags/example_task_group_decorator.py took 0.107 seconds
[2026-09-10T14:04:12.383+0000] {processor.py:161} INFO - Started process (PID=2509) to work on /home/airflow/.local/lib/python3.8/site-packages/airflow/example_dags/example_task_group_decorator.py
[2026-09-10T14:04:12.385+0000] {processor.py:830} INFO - Processing file /home/airflow/.local/lib/python3.8/site-packages/airflow/example_dags/example_task_group_decorator.py for tasks to queue
[2026-09-10T14:04:12.388+0000] {logging_mixin.py:188} INFO - [2026-09-10T14:04:12.387+0000] {dagbag.py:540} INFO - Filling up the DagBag from /home/airflow/.local/lib/python3.8/site-packages/airflow/example_dags/example_task_group_decorator.py
[2026-09-10T14:04:12.408+0000] {processor.py:840} INFO - DAG(s) 'example_task_group_decorator' retrieved from /home/airflow/.local/lib/python3.8/site-packages/airflow/example_dags/example_task_group_decorator.py
[2026-09-10T14:04:12.441+0000] {logging_mixin.py:188} INFO - [2026-09-10T14:04:12.440+0000] {dag.py:3047} INFO - Sync 1 DAGs
[2026-09-10T14:04:12.470+0000] {logging_mixin.py:188} INFO - [2026-09-10T14:04:12.470+0000] {dag.py:3834} INFO - Setting next_dagrun for example_task_group_decorator to 2026-09-09 00:00:00+00:00, run_after=2026-09-10 00:00:00+00:00
[2026-09-10T14:04:12.493+0000] {processor.py:183} INFO - Processing /home/airflow/.local/lib/python3.8/site-packages/airflow/example_dags/example_task_group_decorator.py took 0.115 seconds
[2026-09-10T14:04:42.748+0000] {processor.py:161} INFO - Started process (PID=2570) to work on /home/airflow/.local/lib/python3.8/site-packages/airflow/example_dags/example_task_group_decorator.py
[2026-09-10T14:04:42.750+0000] {processor.py:830} INFO - Processing file /home/airflow/.local/lib/python3.8/site-packages/airflow/example_dags/example_task_group_decorator.py for tasks to queue
[2026-09-10T14:04:42.755+0000] {logging_mixin.py:188} INFO - [2026-09-10T14:04:42.754+0000] {dagbag.py:540} INFO - Filling up the DagBag from /home/airflow/.local/lib/python3.8/site-packages/airflow/example_dags/example_task_group_decorator.py
[2026-09-10T14:04:42.789+0000] {processor.py:840} INFO - DAG(s) 'example_task_group_decorator' retrieved from /home/airflow/.local/lib/python3.8/site-packages/airflow/example_dags/example_task_group_decorator.py
[2026-09-10T14:04:42.846+0000] {logging_mixin.py:188} INFO - [2026-09-10T14:04:42.845+0000] {dag.py:3047} INFO - Sync 1 DAGs
[2026-09-10T14:04:42.887+0000] {logging_mixin.py:188} INFO - [2026-09-10T14:04:42.887+0000] {dag.py:3834} INFO - Setting next_dagrun for example_task_group_decorator to 2026-09-09 00:00:00+00:00, run_after=2026-09-10 00:00:00+00:00
[2026-09-10T14:04:42.912+0000] {processor.py:183} INFO - Processing /home/airflow/.local/lib/python3.8/site-packages/airflow/example_dags/example_task_group_decorator.py took 0.174 seconds
[2026-09-10T14:05:13.377+0000] {processor.py:161} INFO - Started process (PID=2631) to work on /home/airflow/.local/lib/python3.8/site-packages/airflow/example_dags/example_task_group_decorator.py
[2026-09-10T14:05:13.379+0000] {processor.py:830} INFO - Processing file /home/airflow/.local/lib/python3.8/site-packages/airflow/example_dags/example_task_group_decorator.py for tasks to queue
[2026-09-10T14:05:13.382+0000] {logging_mixin.py:188} INFO - [2026-09-10T14:05:13.381+0000] {dagbag.py:540} INFO - Filling up the DagBag from /home/airflow/.local/lib/python3.8/site-packages/airflow/example_dags/example_task_group_decorator.py
[2026-09-10T14:05:13.409+0000] {processor.py:840} INFO - DAG(s) 'example_task_group_decorator' retrieved from /home/airflow/.local/lib/python3.8/site-packages/airflow/example_dags/example_task_group_decorator.py
[2026-09-10T14:05:13.453+0000] {logging_mixin.py:188} INFO - [2026-09-10T14:05:13.453+0000] {dag.py:3047} INFO - Sync 1 DAGs
[2026-09-10T14:05:13.485+0000] {logging_mixin.py:188} INFO - [2026-09-10T14:05:13.484+0000] {dag.py:3834} INFO - Setting next_dagrun for example_task_group_decorator to 2026-09-09 00:00:00+00:00, run_after=2026-09-10 00:00:00+00:00
[2026-09-10T14:05:13.511+0000] {processor.py:183} INFO - Processing /home/airflow/.local/lib/python3.8/site-packages/airflow/example_dags/example_task_group_decorator.py took 0.139 seconds
[2026-09-10T14:05:43.904+0000] {processor.py:161} INFO - Started process (PID=2692) to work on /home/airflow/.local/lib/python3.8/site-packages/airflow/example_dags/example_task_group_decorator.py
[2026-09-10T14:05:43.906+0000] {processor.py:830} INFO - Processing file /home/airflow/.local/lib/python3.8/site-packages/airflow/example_dags/example_task_group_decorator.py for tasks to queue
[2026-09-10T14:05:43.910+0000] {logging_mixin.py:188} INFO - [2026-09-10T14:05:43.910+0000] {dagbag.py:540} INFO - Filling up the DagBag from /home/airflow/.local/lib/python3.8/site-packages/airflow/example_dags/example_task_group_decorator.py
[2026-09-10T14:05:43.928+0000] {processor.py:840} INFO - DAG(s) 'example_task_group_decorator' retrieved from /home/airflow/.local/lib/python3.8/site-packages/airflow/example_dags/example_task_group_decorator.py
[2026-09-10T14:05:43.963+0000] {logging_mixin.py:188} INFO - [2026-09-10T14:05:43.962+0000] {dag.py:3047} INFO - Sync 1 DAGs
[2026-09-10T14:05:43.998+0000] {logging_mixin.py:188} INFO - [2026-09-10T14:05:43.997+0000] {dag.py:3834} INFO - Setting next_dagrun for example_task_group_decorator to 2026-09-09 00:00:00+00:00, run_after=2026-09-10 00:00:00+00:00
[2026-09-10T14:05:44.026+0000] {processor.py:183} INFO - Processing /home/airflow/.local/lib/python3.8/site-packages/airflow/example_dags/example_task_group_decorator.py took 0.128 seconds
[2026-09-10T14:06:14.171+0000] {processor.py:161} INFO - Started process (PID=2753) to work on /home/airflow/.local/lib/python3.8/site-packages/airflow/example_dags/example_task_group_decorator.py
[2026-09-10T14:06:14.173+0000] {processor.py:830} INFO - Processing file /home/airflow/.local/lib/python3.8/site-packages/airflow/example_dags/example_task_group_decorator.py for tasks to queue
[2026-09-10T14:06:14.176+0000] {logging_mixin.py:188} INFO - [2026-09-10T14:06:14.175+0000] {dagbag.py:540} INFO - Filling up the DagBag from /home/airflow/.local/lib/python3.8/site-packages/airflow/example_dags/example_task_group_decorator.py
[2026-09-10T14:06:14.194+0000] {processor.py:840} INFO - DAG(s) 'example_task_group_decorator' retrieved from /home/airflow/.local/lib/python3.8/site-packages/airflow/example_dags/example_task_group_decorator.py
[2026-09-10T14:06:14.230+0000] {logging_mixin.py:188} INFO - [2026-09-10T14:06:14.229+0000] {dag.py:3047} INFO - Sync 1 DAGs
[2026-09-10T14:06:14.257+0000] {logging_mixin.py:188} INFO - [2026-09-10T14:06:14.257+0000] {dag.py:3834} INFO - Setting next_dagrun for example_task_group_decorator to 2026-09-09 00:00:00+00:00, run_after=2026-09-10 00:00:00+00:00
[2026-09-10T14:06:14.280+0000] {processor.py:183} INFO - Processing /home/airflow/.local/lib/python3.8/site-packages/airflow/example_dags/example_task_group_decorator.py took 0.114 seconds
[2026-09-10T14:06:44.806+0000] {processor.py:161} INFO - Started process (PID=2814) to work on /home/airflow/.local/lib/python3.8/site-packages/airflow/example_dags/example_task_group_decorator.py
[2026-09-10T14:06:44.808+0000] {processor.py:830} INFO - Processing file /home/airflow/.local/lib/python3.8/site-packages/airflow/example_dags/example_task_group_decorator.py for tasks to queue
[2026-09-10T14:06:44.812+0000] {logging_mixin.py:188} INFO - [2026-09-10T14:06:44.811+0000] {dagbag.py:540} INFO - Filling up the DagBag from /home/airflow/.local/lib/python3.8/site-packages/airflow/example_dags/example_task_group_decorator.py
[2026-09-10T14:06:44.829+0000] {processor.py:840} INFO - DAG(s) 'example_task_group_decorator' retrieved from /home/airflow/.local/lib/python3.8/site-packages/airflow/example_dags/example_task_group_decorator.py
[2026-09-10T14:06:44.863+0000] {logging_mixin.py:188} INFO - [2026-09-10T14:06:44.862+0000] {dag.py:3047} INFO - Sync 1 DAGs
[2026-09-10T14:06:44.897+0000] {logging_mixin.py:188} INFO - [2026-09-10T14:06:44.897+0000] {dag.py:3834} INFO - Setting next_dagrun for example_task_group_decorator to 2026-09-09 00:00:00+00:00, run_after=2026-09-10 00:00:00+00:00
[2026-09-10T14:06:44.932+0000] {processor.py:183} INFO - Processing /home/airflow/.local/lib/python3.8/site-packages/airflow/example_dags/example_task_group_decorator.py took 0.131 seconds
[2026-09-10T14:07:15.194+0000] {processor.py:161} INFO - Started process (PID=2875) to work on /home/airflow/.local/lib/python3.8/site-packages/airflow/example_dags/example_task_group_decorator.py
[2026-09-10T14:07:15.196+0000] {processor.py:830} INFO - Processing file /home/airflow/.local/lib/python3.8/site-packages/airflow/example_dags/example_task_group_decorator.py for tasks to queue
[2026-09-10T14:07:15.200+0000] {logging_mixin.py:188} INFO - [2026-09-10T14:07:15.200+0000] {dagbag.py:540} INFO - Filling up the DagBag from /home/airflow/.local/lib/python3.8/site-packages/airflow/example_dags/example_task_group_decorator.py
[2026-09-10T14:07:15.228+0000] {processor.py:840} INFO - DAG(s) 'example_task_group_decorator' retrieved from /home/airflow/.local/lib/python3.8/site-packages/airflow/example_dags/example_task_group_decorator.py
[2026-09-10T14:07:15.266+0000] {logging_mixin.py:188} INFO - [2026-09-10T14:07:15.266+0000] {dag.py:3047} INFO - Sync 1 DAGs
[2026-09-10T14:07:15.342+0000] {logging_mixin.py:188} INFO - [2026-09-10T14:07:15.341+0000] {dag.py:3834} INFO - Setting next_dagrun for example_task_group_decorator to 2026-09-09 00:00:00+00:00, run_after=2026-09-10 00:00:00+00:00
[2026-09-10T14:07:15.404+0000] {processor.py:183} INFO - Processing /home/airflow/.local/lib/python3.8/site-packages/airflow/example_dags/example_task_group_decorator.py took 0.215 seconds
[2026-09-10T14:07:45.549+0000] {processor.py:161} INFO - Started process (PID=2936) to work on /home/airflow/.local/lib/python3.8/site-packages/airflow/example_dags/example_task_group_decorator.py
[2026-09-10T14:07:45.561+0000] {processor.py:830} INFO - Processing file /home/airflow/.local/lib/python3.8/site-packages/airflow/example_dags/example_task_group_decorator.py for tasks to queue
[2026-09-10T14:07:45.576+0000] {logging_mixin.py:188} INFO - [2026-09-10T14:07:45.575+0000] {dagbag.py:540} INFO - Filling up the DagBag from /home/airflow/.local/lib/python3.8/site-packages/airflow/example_dags/example_task_group_decorator.py
[2026-09-10T14:07:45.636+0000] {processor.py:840} INFO - DAG(s) 'example_task_group_decorator' retrieved from /home/airflow/.local/lib/python3.8/site-packages/airflow/example_dags/example_task_group_decorator.py
[2026-09-10T14:07:45.704+0000] {logging_mixin.py:188} INFO - [2026-09-10T14:07:45.703+0000] {dag.py:3047} INFO - Sync 1 DAGs
[2026-09-10T14:07:45.756+0000] {logging_mixin.py:188} INFO - [2026-09-10T14:07:45.756+0000] {dag.py:3834} INFO - Setting next_dagrun for example_task_group_decorator to 2026-09-09 00:00:00+00:00, run_after=2026-09-10 00:00:00+00:00
[2026-09-10T14:07:45.782+0000] {processor.py:183} INFO - Processing /home/airflow/.local/lib/python3.8/site-packages/airflow/example_dags/example_task_group_decorator.py took 0.243 seconds
[2026-09-10T14:08:16.347+0000] {processor.py:161} INFO - Started process (PID=2997) to work on /home/airflow/.local/lib/python3.8/site-packages/airflow/example_dags/example_task_group_decorator.py
[2026-09-10T14:08:16.350+0000] {processor.py:830} INFO - Processing file /home/airflow/.local/lib/python3.8/site-packages/airflow/example_dags/example_task_group_decorator.py for tasks to queue
[2026-09-10T14:08:16.353+0000] {logging_mixin.py:188} INFO - [2026-09-10T14:08:16.353+0000] {dagbag.py:540} INFO - Filling up the DagBag from /home/airflow/.local/lib/python3.8/site-packages/airflow/example_dags/example_task_group_decorator.py
[2026-09-10T14:08:16.371+0000] {processor.py:840} INFO - DAG(s) 'example_task_group_decorator' retrieved from /home/airflow/.local/lib/python3.8/site-packages/airflow/example_dags/example_task_group_decorator.py
[2026-09-10T14:08:16.408+0000] {logging_mixin.py:188} INFO - [2026-09-10T14:08:16.408+0000] {dag.py:3047} INFO - Sync 1 DAGs
[2026-09-10T14:08:16.439+0000] {logging_mixin.py:188} INFO - [2026-09-10T14:08:16.439+0000] {dag.py:3834} INFO - Setting next_dagrun for example_task_group_decorator to 2026-09-09 00:00:00+00:00, run_after=2026-09-10 00:00:00+00:00
[2026-09-10T14:08:16.466+0000] {processor.py:183} INFO - Processing /home/airflow/.local/lib/python3.8/site-packages/airflow/example_dags/example_task_group_decorator.py took 0.123 seconds
[2026-09-10T14:08:46.745+0000] {processor.py:161} INFO - Started process (PID=3058) to work on /home/airflow/.local/lib/python3.8/site-packages/airflow/example_dags/example_task_group_decorator.py
[2026-09-10T14:08:46.747+0000] {processor.py:830} INFO - Processing file /home/airflow/.local/lib/python3.8/site-packages/airflow/example_dags/example_task_group_decorator.py for tasks to queue
[2026-09-10T14:08:46.750+0000] {logging_mixin.py:188} INFO - [2026-09-10T14:08:46.749+0000] {dagbag.py:540} INFO - Filling up the DagBag from /home/airflow/.local/lib/python3.8/site-packages/airflow/example_dags/example_task_group_decorator.py
[2026-09-10T14:08:46.766+0000] {processor.py:840} INFO - DAG(s) 'example_task_group_decorator' retrieved from /home/airflow/.local/lib/python3.8/site-packages/airflow/example_dags/example_task_group_decorator.py
[2026-09-10T14:08:46.797+0000] {logging_mixin.py:188} INFO - [2026-09-10T14:08:46.796+0000] {dag.py:3047} INFO - Sync 1 DAGs
[2026-09-10T14:08:46.824+0000] {logging_mixin.py:188} INFO - [2026-09-10T14:08:46.823+0000] {dag.py:3834} INFO - Setting next_dagrun for example_task_group_decorator to 2026-09-09 00:00:00+00:00, run_after=2026-09-10 00:00:00+00:00
[2026-09-10T14:08:46.848+0000] {processor.py:183} INFO - Processing /home/airflow/.local/lib/python3.8/site-packages/airflow/example_dags/example_task_group_decorator.py took 0.107 seconds
[2026-09-10T14:09:17.747+0000] {processor.py:161} INFO - Started process (PID=3119) to work on /home/airflow/.local/lib/python3.8/site-packages/airflow/example_dags/example_task_group_decorator.py
[2026-09-10T14:09:17.750+0000] {processor.py:830} INFO - Processing file /home/airflow/.local/lib/python3.8/site-packages/airflow/example_dags/example_task_group_decorator.py for tasks to queue
[2026-09-10T14:09:17.764+0000] {logging_mixin.py:188} INFO - [2026-09-10T14:09:17.763+0000] {dagbag.py:540} INFO - Filling up the DagBag from /home/airflow/.local/lib/python3.8/site-packages/airflow/example_dags/example_task_group_decorator.py
[2026-09-10T14:09:17.812+0000] {processor.py:840} INFO - DAG(s) 'example_task_group_decorator' retrieved from /home/airflow/.local/lib/python3.8/site-packages/airflow/example_dags/example_task_group_decorator.py
[2026-09-10T14:09:17.861+0000] {logging_mixin.py:188} INFO - [2026-09-10T14:09:17.861+0000] {dag.py:3047} INFO - Sync 1 DAGs
[2026-09-10T14:09:17.908+0000] {logging_mixin.py:188} INFO - [2026-09-10T14:09:17.908+0000] {dag.py:3834} INFO - Setting next_dagrun for example_task_group_decorator to 2026-09-09 00:00:00+00:00, run_after=2026-09-10 00:00:00+00:00
[2026-09-10T14:09:17.935+0000] {processor.py:183} INFO - Processing /home/airflow/.local/lib/python3.8/site-packages/airflow/example_dags/example_task_group_decorator.py took 0.196 seconds
[2026-09-10T14:09:48.627+0000] {processor.py:161} INFO - Started process (PID=3180) to work on /home/airflow/.local/lib/python3.8/site-packages/airflow/example_dags/example_task_group_decorator.py
[2026-09-10T14:09:48.629+0000] {processor.py:830} INFO - Processing file /home/airflow/.local/lib/python3.8/site-packages/airflow/example_dags/example_task_group_decorator.py for tasks to queue
[2026-09-10T14:09:48.632+0000] {logging_mixin.py:188} INFO - [2026-09-10T14:09:48.632+0000] {dagbag.py:540} INFO - Filling up the DagBag from /home/airflow/.local/lib/python3.8/site-packages/airflow/example_dags/example_task_group_decorator.py
[2026-09-10T14:09:48.656+0000] {processor.py:840} INFO - DAG(s) 'example_task_group_decorator' retrieved from /home/airflow/.local/lib/python3.8/site-packages/airflow/example_dags/example_task_group_decorator.py
[2026-09-10T14:09:48.695+0000] {logging_mixin.py:188} INFO - [2026-09-10T14:09:48.695+0000] {dag.py:3047} INFO - Sync 1 DAGs
[2026-09-10T14:09:48.727+0000] {logging_mixin.py:188} INFO - [2026-09-10T14:09:48.727+0000] {dag.py:3834} INFO - Setting next_dagrun for example_task_group_decorator to 2026-09-09 00:00:00+00:00, run_after=2026-09-10 00:00:00+00:00
[2026-09-10T14:09:48.761+0000] {processor.py:183} INFO - Processing /home/airflow/.local/lib/python3.8/site-packages/airflow/example_dags/example_task_group_decorator.py took 0.141 seconds
[2026-09-10T14:10:19.244+0000] {processor.py:161} INFO - Started process (PID=3243) to work on /home/airflow/.local/lib/python3.8/site-packages/airflow/example_dags/example_task_group_decorator.py
[2026-09-10T14:10:19.246+0000] {processor.py:830} INFO - Processing file /home/airflow/.local/lib/python3.8/site-packages/airflow/example_dags/example_task_group_decorator.py for tasks to queue
[2026-09-10T14:10:19.251+0000] {logging_mixin.py:188} INFO - [2026-09-10T14:10:19.250+0000] {dagbag.py:540} INFO - Filling up the DagBag from /home/airflow/.local/lib/python3.8/site-packages/airflow/example_dags/example_task_group_decorator.py
[2026-09-10T14:10:19.272+0000] {processor.py:840} INFO - DAG(s) 'example_task_group_decorator' retrieved from /home/airflow/.local/lib/python3.8/site-packages/airflow/example_dags/example_task_group_decorator.py
[2026-09-10T14:10:19.329+0000] {logging_mixin.py:188} INFO - [2026-09-10T14:10:19.329+0000] {dag.py:3047} INFO - Sync 1 DAGs
[2026-09-10T14:10:19.360+0000] {logging_mixin.py:188} INFO - [2026-09-10T14:10:19.360+0000] {dag.py:3834} INFO - Setting next_dagrun for example_task_group_decorator to 2026-09-09 00:00:00+00:00, run_after=2026-09-10 00:00:00+00:00
[2026-09-10T14:10:19.383+0000] {processor.py:183} INFO - Processing /home/airflow/.local/lib/python3.8/site-packages/airflow/example_dags/example_task_group_decorator.py took 0.146 seconds
[2026-09-10T14:10:50.150+0000] {processor.py:161} INFO - Started process (PID=3308) to work on /home/airflow/.local/lib/python3.8/site-packages/airflow/example_dags/example_task_group_decorator.py
[2026-09-10T14:10:50.152+0000] {processor.py:830} INFO - Processing file /home/airflow/.local/lib/python3.8/site-packages/airflow/example_dags/example_task_group_decorator.py for tasks to queue
[2026-09-10T14:10:50.155+0000] {logging_mixin.py:188} INFO - [2026-09-10T14:10:50.154+0000] {dagbag.py:540} INFO - Filling up the DagBag from /home/airflow/.local/lib/python3.8/site-packages/airflow/example_dags/example_task_group_decorator.py
[2026-09-10T14:10:50.175+0000] {processor.py:840} INFO - DAG(s) 'example_task_group_decorator' retrieved from /home/airflow/.local/lib/python3.8/site-packages/airflow/example_dags/example_task_group_decorator.py
[2026-09-10T14:10:50.226+0000] {logging_mixin.py:188} INFO - [2026-09-10T14:10:50.225+0000] {dag.py:3047} INFO - Sync 1 DAGs
[2026-09-10T14:10:50.279+0000] {logging_mixin.py:188} INFO - [2026-09-10T14:10:50.279+0000] {dag.py:3834} INFO - Setting next_dagrun for example_task_group_decorator to 2026-09-09 00:00:00+00:00, run_after=2026-09-10 00:00:00+00:00
[2026-09-10T14:10:50.319+0000] {processor.py:183} INFO - Processing /home/airflow/.local/lib/python3.8/site-packages/airflow/example_dags/example_task_group_decorator.py took 0.173 seconds
[2026-09-10T14:11:20.486+0000] {processor.py:161} INFO - Started process (PID=3369) to work on /home/airflow/.local/lib/python3.8/site-packages/airflow/example_dags/example_task_group_decorator.py
[2026-09-10T14:11:20.488+0000] {processor.py:830} INFO - Processing file /home/airflow/.local/lib/python3.8/site-packages/airflow/example_dags/example_task_group_decorator.py for tasks to queue
[2026-09-10T14:11:20.492+0000] {logging_mixin.py:188} INFO - [2026-09-10T14:11:20.491+0000] {dagbag.py:540} INFO - Filling up the DagBag from /home/airflow/.local/lib/python3.8/site-packages/airflow/example_dags/example_task_group_decorator.py
[2026-09-10T14:11:20.510+0000] {processor.py:840} INFO - DAG(s) 'example_task_group_decorator' retrieved from /home/airflow/.local/lib/python3.8/site-packages/airflow/example_dags/example_task_group_decorator.py
[2026-09-10T14:11:20.553+0000] {logging_mixin.py:188} INFO - [2026-09-10T14:11:20.553+0000] {dag.py:3047} INFO - Sync 1 DAGs
[2026-09-10T14:11:20.619+0000] {logging_mixin.py:188} INFO - [2026-09-10T14:11:20.619+0000] {dag.py:3834} INFO - Setting next_dagrun for example_task_group_decorator to 2026-09-09 00:00:00+00:00, run_after=2026-09-10 00:00:00+00:00
[2026-09-10T14:11:20.678+0000] {processor.py:183} INFO - Processing /home/airflow/.local/lib/python3.8/site-packages/airflow/example_dags/example_task_group_decorator.py took 0.195 seconds
[2026-09-10T14:11:51.233+0000] {processor.py:161} INFO - Started process (PID=3430) to work on /home/airflow/.local/lib/python3.8/site-packages/airflow/example_dags/example_task_group_decorator.py
[2026-09-10T14:11:51.235+0000] {processor.py:830} INFO - Processing file /home/airflow/.local/lib/python3.8/site-packages/airflow/example_dags/example_task_group_decorator.py for tasks to queue
[2026-09-10T14:11:51.238+0000] {logging_mixin.py:188} INFO - [2026-09-10T14:11:51.238+0000] {dagbag.py:540} INFO - Filling up the DagBag from /home/airflow/.local/lib/python3.8/site-packages/airflow/example_dags/example_task_group_decorator.py
[2026-09-10T14:11:51.258+0000] {processor.py:840} INFO - DAG(s) 'example_task_group_decorator' retrieved from /home/airflow/.local/lib/python3.8/site-packages/airflow/example_dags/example_task_group_decorator.py
[2026-09-10T14:11:51.295+0000] {logging_mixin.py:188} INFO - [2026-09-10T14:11:51.295+0000] {dag.py:3047} INFO - Sync 1 DAGs
[2026-09-10T14:11:51.324+0000] {logging_mixin.py:188} INFO - [2026-09-10T14:11:51.323+0000] {dag.py:3834} INFO - Setting next_dagrun for example_task_group_decorator to 2026-09-09 00:00:00+00:00, run_after=2026-09-10 00:00:00+00:00
[2026-09-10T14:11:51.350+0000] {processor.py:183} INFO - Processing /home/airflow/.local/lib/python3.8/site-packages/airflow/example_dags/example_task_group_decorator.py took 0.123 seconds
[2026-09-10T14:12:16.699+0000] {processor.py:161} INFO - Started process (PID=90) to work on /home/airflow/.local/lib/python3.8/site-packages/airflow/example_dags/example_task_group_decorator.py
[2026-09-10T14:12:16.702+0000] {processor.py:830} INFO - Processing file /home/airflow/.local/lib/python3.8/site-packages/airflow/example_dags/example_task_group_decorator.py for tasks to queue
[2026-09-10T14:12:16.707+0000] {logging_mixin.py:188} INFO - [2026-09-10T14:12:16.706+0000] {dagbag.py:540} INFO - Filling up the DagBag from /home/airflow/.local/lib/python3.8/site-packages/airflow/example_dags/example_task_group_decorator.py
[2026-09-10T14:12:16.740+0000] {processor.py:840} INFO - DAG(s) 'example_task_group_decorator' retrieved from /home/airflow/.local/lib/python3.8/site-packages/airflow/example_dags/example_task_group_decorator.py
[2026-09-10T14:12:16.805+0000] {logging_mixin.py:188} INFO - [2026-09-10T14:12:16.804+0000] {dag.py:3047} INFO - Sync 1 DAGs
[2026-09-10T14:12:16.841+0000] {logging_mixin.py:188} INFO - [2026-09-10T14:12:16.840+0000] {dag.py:3834} INFO - Setting next_dagrun for example_task_group_decorator to 2026-09-09 00:00:00+00:00, run_after=2026-09-10 00:00:00+00:00
[2026-09-10T14:12:16.869+0000] {processor.py:183} INFO - Processing /home/airflow/.local/lib/python3.8/site-packages/airflow/example_dags/example_task_group_decorator.py took 0.177 seconds
[2026-09-10T14:12:47.268+0000] {processor.py:161} INFO - Started process (PID=151) to work on /home/airflow/.local/lib/python3.8/site-packages/airflow/example_dags/example_task_group_decorator.py
[2026-09-10T14:12:47.270+0000] {processor.py:830} INFO - Processing file /home/airflow/.local/lib/python3.8/site-packages/airflow/example_dags/example_task_group_decorator.py for tasks to queue
[2026-09-10T14:12:47.273+0000] {logging_mixin.py:188} INFO - [2026-09-10T14:12:47.273+0000] {dagbag.py:540} INFO - Filling up the DagBag from /home/airflow/.local/lib/python3.8/site-packages/airflow/example_dags/example_task_group_decorator.py
[2026-09-10T14:12:47.291+0000] {processor.py:840} INFO - DAG(s) 'example_task_group_decorator' retrieved from /home/airflow/.local/lib/python3.8/site-packages/airflow/example_dags/example_task_group_decorator.py
[2026-09-10T14:12:47.327+0000] {logging_mixin.py:188} INFO - [2026-09-10T14:12:47.327+0000] {dag.py:3047} INFO - Sync 1 DAGs
[2026-09-10T14:12:47.353+0000] {logging_mixin.py:188} INFO - [2026-09-10T14:12:47.353+0000] {dag.py:3834} INFO - Setting next_dagrun for example_task_group_decorator to 2026-09-09 00:00:00+00:00, run_after=2026-09-10 00:00:00+00:00
[2026-09-10T14:12:47.377+0000] {processor.py:183} INFO - Processing /home/airflow/.local/lib/python3.8/site-packages/airflow/example_dags/example_task_group_decorator.py took 0.114 seconds
[2026-09-10T14:13:18.214+0000] {processor.py:161} INFO - Started process (PID=226) to work on /home/airflow/.local/lib/python3.8/site-packages/airflow/example_dags/example_task_group_decorator.py
[2026-09-10T14:13:18.216+0000] {processor.py:830} INFO - Processing file /home/airflow/.local/lib/python3.8/site-packages/airflow/example_dags/example_task_group_decorator.py for tasks to queue
[2026-09-10T14:13:18.219+0000] {logging_mixin.py:188} INFO - [2026-09-10T14:13:18.218+0000] {dagbag.py:540} INFO - Filling up the DagBag from /home/airflow/.local/lib/python3.8/site-packages/airflow/example_dags/example_task_group_decorator.py
[2026-09-10T14:13:18.242+0000] {processor.py:840} INFO - DAG(s) 'example_task_group_decorator' retrieved from /home/airflow/.local/lib/python3.8/site-packages/airflow/example_dags/example_task_group_decorator.py
[2026-09-10T14:13:18.273+0000] {logging_mixin.py:188} INFO - [2026-09-10T14:13:18.273+0000] {dag.py:3047} INFO - Sync 1 DAGs
[2026-09-10T14:13:18.301+0000] {logging_mixin.py:188} INFO - [2026-09-10T14:13:18.301+0000] {dag.py:3834} INFO - Setting next_dagrun for example_task_group_decorator to 2026-09-09 00:00:00+00:00, run_after=2026-09-10 00:00:00+00:00
[2026-09-10T14:13:18.324+0000] {processor.py:183} INFO - Processing /home/airflow/.local/lib/python3.8/site-packages/airflow/example_dags/example_task_group_decorator.py took 0.117 seconds
[2026-09-10T14:13:49.035+0000] {processor.py:161} INFO - Started process (PID=291) to work on /home/airflow/.local/lib/python3.8/site-packages/airflow/example_dags/example_task_group_decorator.py
[2026-09-10T14:13:49.036+0000] {processor.py:830} INFO - Processing file /home/airflow/.local/lib/python3.8/site-packages/airflow/example_dags/example_task_group_decorator.py for tasks to queue
[2026-09-10T14:13:49.041+0000] {logging_mixin.py:188} INFO - [2026-09-10T14:13:49.040+0000] {dagbag.py:540} INFO - Filling up the DagBag from /home/airflow/.local/lib/python3.8/site-packages/airflow/example_dags/example_task_group_decorator.py
[2026-09-10T14:13:49.068+0000] {processor.py:840} INFO - DAG(s) 'example_task_group_decorator' retrieved from /home/airflow/.local/lib/python3.8/site-packages/airflow/example_dags/example_task_group_decorator.py
[2026-09-10T14:13:49.098+0000] {logging_mixin.py:188} INFO - [2026-09-10T14:13:49.098+0000] {dag.py:3047} INFO - Sync 1 DAGs
[2026-09-10T14:13:49.124+0000] {logging_mixin.py:188} INFO - [2026-09-10T14:13:49.124+0000] {dag.py:3834} INFO - Setting next_dagrun for example_task_group_decorator to 2026-09-09 00:00:00+00:00, run_after=2026-09-10 00:00:00+00:00
[2026-09-10T14:13:49.148+0000] {processor.py:183} INFO - Processing /home/airflow/.local/lib/python3.8/site-packages/airflow/example_dags/example_task_group_decorator.py took 0.117 seconds
[2026-09-10T14:14:19.585+0000] {processor.py:161} INFO - Started process (PID=352) to work on /home/airflow/.local/lib/python3.8/site-packages/airflow/example_dags/example_task_group_decorator.py
[2026-09-10T14:14:19.588+0000] {processor.py:830} INFO - Processing file /home/airflow/.local/lib/python3.8/site-packages/airflow/example_dags/example_task_group_decorator.py for tasks to queue
[2026-09-10T14:14:19.592+0000] {logging_mixin.py:188} INFO - [2026-09-10T14:14:19.591+0000] {dagbag.py:540} INFO - Filling up the DagBag from /home/airflow/.local/lib/python3.8/site-packages/airflow/example_dags/example_task_group_decorator.py
[2026-09-10T14:14:19.614+0000] {processor.py:840} INFO - DAG(s) 'example_task_group_decorator' retrieved from /home/airflow/.local/lib/python3.8/site-packages/airflow/example_dags/example_task_group_decorator.py
[2026-09-10T14:14:19.646+0000] {logging_mixin.py:188} INFO - [2026-09-10T14:14:19.646+0000] {dag.py:3047} INFO - Sync 1 DAGs
[2026-09-10T14:14:19.675+0000] {logging_mixin.py:188} INFO - [2026-09-10T14:14:19.674+0000] {dag.py:3834} INFO - Setting next_dagrun for example_task_group_decorator to 2026-09-09 00:00:00+00:00, run_after=2026-09-10 00:00:00+00:00
[2026-09-10T14:14:19.701+0000] {processor.py:183} INFO - Processing /home/airflow/.local/lib/python3.8/site-packages/airflow/example_dags/example_task_group_decorator.py took 0.120 seconds
[2026-09-10T14:14:49.771+0000] {processor.py:161} INFO - Started process (PID=413) to work on /home/airflow/.local/lib/python3.8/site-packages/airflow/example_dags/example_task_group_decorator.py
[2026-09-10T14:14:49.774+0000] {processor.py:830} INFO - Processing file /home/airflow/.local/lib/python3.8/site-packages/airflow/example_dags/example_task_group_decorator.py for tasks to queue
[2026-09-10T14:14:49.777+0000] {logging_mixin.py:188} INFO - [2026-09-10T14:14:49.777+0000] {dagbag.py:540} INFO - Filling up the DagBag from /home/airflow/.local/lib/python3.8/site-packages/airflow/example_dags/example_task_group_decorator.py
[2026-09-10T14:14:49.795+0000] {processor.py:840} INFO - DAG(s) 'example_task_group_decorator' retrieved from /home/airflow/.local/lib/python3.8/site-packages/airflow/example_dags/example_task_group_decorator.py
[2026-09-10T14:14:49.837+0000] {logging_mixin.py:188} INFO - [2026-09-10T14:14:49.837+0000] {dag.py:3047} INFO - Sync 1 DAGs
[2026-09-10T14:14:49.865+0000] {logging_mixin.py:188} INFO - [2026-09-10T14:14:49.864+0000] {dag.py:3834} INFO - Setting next_dagrun for example_task_group_decorator to 2026-09-09 00:00:00+00:00, run_after=2026-09-10 00:00:00+00:00
[2026-09-10T14:14:49.892+0000] {processor.py:183} INFO - Processing /home/airflow/.local/lib/python3.8/site-packages/airflow/example_dags/example_task_group_decorator.py took 0.128 seconds
[2026-09-10T14:15:20.593+0000] {processor.py:161} INFO - Started process (PID=474) to work on /home/airflow/.local/lib/python3.8/site-packages/airflow/example_dags/example_task_group_decorator.py
[2026-09-10T14:15:20.596+0000] {processor.py:830} INFO - Processing file /home/airflow/.local/lib/python3.8/site-packages/airflow/example_dags/example_task_group_decorator.py for tasks to queue
[2026-09-10T14:15:20.599+0000] {logging_mixin.py:188} INFO - [2026-09-10T14:15:20.599+0000] {dagbag.py:540} INFO - Filling up the DagBag from /home/airflow/.local/lib/python3.8/site-packages/airflow/example_dags/example_task_group_decorator.py
[2026-09-10T14:15:20.619+0000] {processor.py:840} INFO - DAG(s) 'example_task_group_decorator' retrieved from /home/airflow/.local/lib/python3.8/site-packages/airflow/example_dags/example_task_group_decorator.py
[2026-09-10T14:15:20.654+0000] {logging_mixin.py:188} INFO - [2026-09-10T14:15:20.653+0000] {dag.py:3047} INFO - Sync 1 DAGs
[2026-09-10T14:15:20.680+0000] {logging_mixin.py:188} INFO - [2026-09-10T14:15:20.680+0000] {dag.py:3834} INFO - Setting next_dagrun for example_task_group_decorator to 2026-09-09 00:00:00+00:00, run_after=2026-09-10 00:00:00+00:00
[2026-09-10T14:15:20.704+0000] {processor.py:183} INFO - Processing /home/airflow/.local/lib/python3.8/site-packages/airflow/example_dags/example_task_group_decorator.py took 0.115 seconds
[2026-09-10T14:15:51.849+0000] {processor.py:161} INFO - Started process (PID=535) to work on /home/airflow/.local/lib/python3.8/site-packages/airflow/example_dags/example_task_group_decorator.py
[2026-09-10T14:15:51.851+0000] {processor.py:830} INFO - Processing file /home/airflow/.local/lib/python3.8/site-packages/airflow/example_dags/example_task_group_decorator.py for tasks to queue
[2026-09-10T14:15:51.854+0000] {logging_mixin.py:188} INFO - [2026-09-10T14:15:51.854+0000] {dagbag.py:540} INFO - Filling up the DagBag from /home/airflow/.local/lib/python3.8/site-packages/airflow/example_dags/example_task_group_decorator.py
[2026-09-10T14:15:51.873+0000] {processor.py:840} INFO - DAG(s) 'example_task_group_decorator' retrieved from /home/airflow/.local/lib/python3.8/site-packages/airflow/example_dags/example_task_group_decorator.py
[2026-09-10T14:15:51.904+0000] {logging_mixin.py:188} INFO - [2026-09-10T14:15:51.903+0000] {dag.py:3047} INFO - Sync 1 DAGs
[2026-09-10T14:15:51.940+0000] {logging_mixin.py:188} INFO - [2026-09-10T14:15:51.939+0000] {dag.py:3834} INFO - Setting next_dagrun for example_task_group_decorator to 2026-09-09 00:00:00+00:00, run_after=2026-09-10 00:00:00+00:00
[2026-09-10T14:15:51.967+0000] {processor.py:183} INFO - Processing /home/airflow/.local/lib/python3.8/site-packages/airflow/example_dags/example_task_group_decorator.py took 0.124 seconds
[2026-09-10T14:16:22.800+0000] {processor.py:161} INFO - Started process (PID=596) to work on /home/airflow/.local/lib/python3.8/site-packages/airflow/example_dags/example_task_group_decorator.py
[2026-09-10T14:16:22.801+0000] {processor.py:830} INFO - Processing file /home/airflow/.local/lib/python3.8/site-packages/airflow/example_dags/example_task_group_decorator.py for tasks to queue
[2026-09-10T14:16:22.805+0000] {logging_mixin.py:188} INFO - [2026-09-10T14:16:22.804+0000] {dagbag.py:540} INFO - Filling up the DagBag from /home/airflow/.local/lib/python3.8/site-packages/airflow/example_dags/example_task_group_decorator.py
[2026-09-10T14:16:22.827+0000] {processor.py:840} INFO - DAG(s) 'example_task_group_decorator' retrieved from /home/airflow/.local/lib/python3.8/site-packages/airflow/example_dags/example_task_group_decorator.py
[2026-09-10T14:16:22.862+0000] {logging_mixin.py:188} INFO - [2026-09-10T14:16:22.861+0000] {dag.py:3047} INFO - Sync 1 DAGs
[2026-09-10T14:16:22.897+0000] {logging_mixin.py:188} INFO - [2026-09-10T14:16:22.896+0000] {dag.py:3834} INFO - Setting next_dagrun for example_task_group_decorator to 2026-09-09 00:00:00+00:00, run_after=2026-09-10 00:00:00+00:00
[2026-09-10T14:16:22.923+0000] {processor.py:183} INFO - Processing /home/airflow/.local/lib/python3.8/site-packages/airflow/example_dags/example_task_group_decorator.py took 0.127 seconds
[2026-09-10T14:16:53.417+0000] {processor.py:161} INFO - Started process (PID=657) to work on /home/airflow/.local/lib/python3.8/site-packages/airflow/example_dags/example_task_group_decorator.py
[2026-09-10T14:16:53.419+0000] {processor.py:830} INFO - Processing file /home/airflow/.local/lib/python3.8/site-packages/airflow/example_dags/example_task_group_decorator.py for tasks to queue
[2026-09-10T14:16:53.422+0000] {logging_mixin.py:188} INFO - [2026-09-10T14:16:53.421+0000] {dagbag.py:540} INFO - Filling up the DagBag from /home/airflow/.local/lib/python3.8/site-packages/airflow/example_dags/example_task_group_decorator.py
[2026-09-10T14:16:53.445+0000] {processor.py:840} INFO - DAG(s) 'example_task_group_decorator' retrieved from /home/airflow/.local/lib/python3.8/site-packages/airflow/example_dags/example_task_group_decorator.py
[2026-09-10T14:16:53.475+0000] {logging_mixin.py:188} INFO - [2026-09-10T14:16:53.475+0000] {dag.py:3047} INFO - Sync 1 DAGs
[2026-09-10T14:16:53.500+0000] {logging_mixin.py:188} INFO - [2026-09-10T14:16:53.500+0000] {dag.py:3834} INFO - Setting next_dagrun for example_task_group_decorator to 2026-09-09 00:00:00+00:00, run_after=2026-09-10 00:00:00+00:00
[2026-09-10T14:16:53.527+0000] {processor.py:183} INFO - Processing /home/airflow/.local/lib/python3.8/site-packages/airflow/example_dags/example_task_group_decorator.py took 0.115 seconds
[2026-09-10T14:17:24.129+0000] {processor.py:161} INFO - Started process (PID=718) to work on /home/airflow/.local/lib/python3.8/site-packages/airflow/example_dags/example_task_group_decorator.py
[2026-09-10T14:17:24.131+0000] {processor.py:830} INFO - Processing file /home/airflow/.local/lib/python3.8/site-packages/airflow/example_dags/example_task_group_decorator.py for tasks to queue
[2026-09-10T14:17:24.134+0000] {logging_mixin.py:188} INFO - [2026-09-10T14:17:24.134+0000] {dagbag.py:540} INFO - Filling up the DagBag from /home/airflow/.local/lib/python3.8/site-packages/airflow/example_dags/example_task_group_decorator.py
[2026-09-10T14:17:24.154+0000] {processor.py:840} INFO - DAG(s) 'example_task_group_decorator' retrieved from /home/airflow/.local/lib/python3.8/site-packages/airflow/example_dags/example_task_group_decorator.py
[2026-09-10T14:17:24.183+0000] {logging_mixin.py:188} INFO - [2026-09-10T14:17:24.183+0000] {dag.py:3047} INFO - Sync 1 DAGs
[2026-09-10T14:17:24.214+0000] {logging_mixin.py:188} INFO - [2026-09-10T14:17:24.214+0000] {dag.py:3834} INFO - Setting next_dagrun for example_task_group_decorator to 2026-09-09 00:00:00+00:00, run_after=2026-09-10 00:00:00+00:00
[2026-09-10T14:17:24.243+0000] {processor.py:183} INFO - Processing /home/airflow/.local/lib/python3.8/site-packages/airflow/example_dags/example_task_group_decorator.py took 0.119 seconds
[2026-09-10T14:17:55.825+0000] {processor.py:161} INFO - Started process (PID=779) to work on /home/airflow/.local/lib/python3.8/site-packages/airflow/example_dags/example_task_group_decorator.py
[2026-09-10T14:17:55.827+0000] {processor.py:830} INFO - Processing file /home/airflow/.local/lib/python3.8/site-packages/airflow/example_dags/example_task_group_decorator.py for tasks to queue
[2026-09-10T14:17:55.830+0000] {logging_mixin.py:188} INFO - [2026-09-10T14:17:55.829+0000] {dagbag.py:540} INFO - Filling up the DagBag from /home/airflow/.local/lib/python3.8/site-packages/airflow/example_dags/example_task_group_decorator.py
[2026-09-10T14:17:55.851+0000] {processor.py:840} INFO - DAG(s) 'example_task_group_decorator' retrieved from /home/airflow/.local/lib/python3.8/site-packages/airflow/example_dags/example_task_group_decorator.py
[2026-09-10T14:17:55.883+0000] {logging_mixin.py:188} INFO - [2026-09-10T14:17:55.883+0000] {dag.py:3047} INFO - Sync 1 DAGs
[2026-09-10T14:17:55.912+0000] {logging_mixin.py:188} INFO - [2026-09-10T14:17:55.911+0000] {dag.py:3834} INFO - Setting next_dagrun for example_task_group_decorator to 2026-09-09 00:00:00+00:00, run_after=2026-09-10 00:00:00+00:00
[2026-09-10T14:17:55.948+0000] {processor.py:183} INFO - Processing /home/airflow/.local/lib/python3.8/site-packages/airflow/example_dags/example_task_group_decorator.py took 0.128 seconds
[2026-09-10T14:18:26.884+0000] {processor.py:161} INFO - Started process (PID=840) to work on /home/airflow/.local/lib/python3.8/site-packages/airflow/example_dags/example_task_group_decorator.py
[2026-09-10T14:18:26.887+0000] {processor.py:830} INFO - Processing file /home/airflow/.local/lib/python3.8/site-packages/airflow/example_dags/example_task_group_decorator.py for tasks to queue
[2026-09-10T14:18:26.890+0000] {logging_mixin.py:188} INFO - [2026-09-10T14:18:26.890+0000] {dagbag.py:540} INFO - Filling up the DagBag from /home/airflow/.local/lib/python3.8/site-packages/airflow/example_dags/example_task_group_decorator.py
[2026-09-10T14:18:26.911+0000] {processor.py:840} INFO - DAG(s) 'example_task_group_decorator' retrieved from /home/airflow/.local/lib/python3.8/site-packages/airflow/example_dags/example_task_group_decorator.py
[2026-09-10T14:18:26.942+0000] {logging_mixin.py:188} INFO - [2026-09-10T14:18:26.942+0000] {dag.py:3047} INFO - Sync 1 DAGs
[2026-09-10T14:18:26.976+0000] {logging_mixin.py:188} INFO - [2026-09-10T14:18:26.976+0000] {dag.py:3834} INFO - Setting next_dagrun for example_task_group_decorator to 2026-09-09 00:00:00+00:00, run_after=2026-09-10 00:00:00+00:00
[2026-09-10T14:18:26.999+0000] {processor.py:183} INFO - Processing /home/airflow/.local/lib/python3.8/site-packages/airflow/example_dags/example_task_group_decorator.py took 0.118 seconds
[2026-09-10T14:18:58.183+0000] {processor.py:161} INFO - Started process (PID=901) to work on /home/airflow/.local/lib/python3.8/site-packages/airflow/example_dags/example_task_group_decorator.py
[2026-09-10T14:18:58.185+0000] {processor.py:830} INFO - Processing file /home/airflow/.local/lib/python3.8/site-packages/airflow/example_dags/example_task_group_decorator.py for tasks to queue
[2026-09-10T14:18:58.189+0000] {logging_mixin.py:188} INFO - [2026-09-10T14:18:58.188+0000] {dagbag.py:540} INFO - Filling up the DagBag from /home/airflow/.local/lib/python3.8/site-packages/airflow/example_dags/example_task_group_decorator.py
[2026-09-10T14:18:58.213+0000] {processor.py:840} INFO - DAG(s) 'example_task_group_decorator' retrieved from /home/airflow/.local/lib/python3.8/site-packages/airflow/example_dags/example_task_group_decorator.py
[2026-09-10T14:18:58.250+0000] {logging_mixin.py:188} INFO - [2026-09-10T14:18:58.250+0000] {dag.py:3047} INFO - Sync 1 DAGs
[2026-09-10T14:18:58.282+0000] {logging_mixin.py:188} INFO - [2026-09-10T14:18:58.281+0000] {dag.py:3834} INFO - Setting next_dagrun for example_task_group_decorator to 2026-09-09 00:00:00+00:00, run_after=2026-09-10 00:00:00+00:00
[2026-09-10T14:18:58.314+0000] {processor.py:183} INFO - Processing /home/airflow/.local/lib/python3.8/site-packages/airflow/example_dags/example_task_group_decorator.py took 0.136 seconds
[2026-09-10T14:19:29.863+0000] {processor.py:161} INFO - Started process (PID=966) to work on /home/airflow/.local/lib/python3.8/site-packages/airflow/example_dags/example_task_group_decorator.py
[2026-09-10T14:19:29.866+0000] {processor.py:830} INFO - Processing file /home/airflow/.local/lib/python3.8/site-packages/airflow/example_dags/example_task_group_decorator.py for tasks to queue
[2026-09-10T14:19:29.871+0000] {logging_mixin.py:188} INFO - [2026-09-10T14:19:29.871+0000] {dagbag.py:540} INFO - Filling up the DagBag from /home/airflow/.local/lib/python3.8/site-packages/airflow/example_dags/example_task_group_decorator.py
[2026-09-10T14:19:29.904+0000] {processor.py:840} INFO - DAG(s) 'example_task_group_decorator' retrieved from /home/airflow/.local/lib/python3.8/site-packages/airflow/example_dags/example_task_group_decorator.py
[2026-09-10T14:19:29.950+0000] {logging_mixin.py:188} INFO - [2026-09-10T14:19:29.950+0000] {dag.py:3047} INFO - Sync 1 DAGs
[2026-09-10T14:19:29.994+0000] {logging_mixin.py:188} INFO - [2026-09-10T14:19:29.994+0000] {dag.py:3834} INFO - Setting next_dagrun for example_task_group_decorator to 2026-09-09 00:00:00+00:00, run_after=2026-09-10 00:00:00+00:00
[2026-09-10T14:19:30.032+0000] {processor.py:183} INFO - Processing /home/airflow/.local/lib/python3.8/site-packages/airflow/example_dags/example_task_group_decorator.py took 0.176 seconds
[2026-09-10T14:20:00.771+0000] {processor.py:161} INFO - Started process (PID=1027) to work on /home/airflow/.local/lib/python3.8/site-packages/airflow/example_dags/example_task_group_decorator.py
[2026-09-10T14:20:00.773+0000] {processor.py:830} INFO - Processing file /home/airflow/.local/lib/python3.8/site-packages/airflow/example_dags/example_task_group_decorator.py for tasks to queue
[2026-09-10T14:20:00.776+0000] {logging_mixin.py:188} INFO - [2026-09-10T14:20:00.776+0000] {dagbag.py:540} INFO - Filling up the DagBag from /home/airflow/.local/lib/python3.8/site-packages/airflow/example_dags/example_task_group_decorator.py
[2026-09-10T14:20:00.798+0000] {processor.py:840} INFO - DAG(s) 'example_task_group_decorator' retrieved from /home/airflow/.local/lib/python3.8/site-packages/airflow/example_dags/example_task_group_decorator.py
[2026-09-10T14:20:00.832+0000] {logging_mixin.py:188} INFO - [2026-09-10T14:20:00.831+0000] {dag.py:3047} INFO - Sync 1 DAGs
[2026-09-10T14:20:00.870+0000] {logging_mixin.py:188} INFO - [2026-09-10T14:20:00.869+0000] {dag.py:3834} INFO - Setting next_dagrun for example_task_group_decorator to 2026-09-09 00:00:00+00:00, run_after=2026-09-10 00:00:00+00:00
[2026-09-10T14:20:00.901+0000] {processor.py:183} INFO - Processing /home/airflow/.local/lib/python3.8/site-packages/airflow/example_dags/example_task_group_decorator.py took 0.136 seconds
[2026-09-10T14:20:31.862+0000] {processor.py:161} INFO - Started process (PID=1088) to work on /home/airflow/.local/lib/python3.8/site-packages/airflow/example_dags/example_task_group_decorator.py
[2026-09-10T14:20:31.864+0000] {processor.py:830} INFO - Processing file /home/airflow/.local/lib/python3.8/site-packages/airflow/example_dags/example_task_group_decorator.py for tasks to queue
[2026-09-10T14:20:31.868+0000] {logging_mixin.py:188} INFO - [2026-09-10T14:20:31.867+0000] {dagbag.py:540} INFO - Filling up the DagBag from /home/airflow/.local/lib/python3.8/site-packages/airflow/example_dags/example_task_group_decorator.py
[2026-09-10T14:20:31.887+0000] {processor.py:840} INFO - DAG(s) 'example_task_group_decorator' retrieved from /home/airflow/.local/lib/python3.8/site-packages/airflow/example_dags/example_task_group_decorator.py
[2026-09-10T14:20:31.919+0000] {logging_mixin.py:188} INFO - [2026-09-10T14:20:31.919+0000] {dag.py:3047} INFO - Sync 1 DAGs
[2026-09-10T14:20:31.945+0000] {logging_mixin.py:188} INFO - [2026-09-10T14:20:31.945+0000] {dag.py:3834} INFO - Setting next_dagrun for example_task_group_decorator to 2026-09-09 00:00:00+00:00, run_after=2026-09-10 00:00:00+00:00
[2026-09-10T14:20:31.970+0000] {processor.py:183} INFO - Processing /home/airflow/.local/lib/python3.8/site-packages/airflow/example_dags/example_task_group_decorator.py took 0.113 seconds
[2026-09-10T14:21:02.834+0000] {processor.py:161} INFO - Started process (PID=1149) to work on /home/airflow/.local/lib/python3.8/site-packages/airflow/example_dags/example_task_group_decorator.py
[2026-09-10T14:21:02.836+0000] {processor.py:830} INFO - Processing file /home/airflow/.local/lib/python3.8/site-packages/airflow/example_dags/example_task_group_decorator.py for tasks to queue
[2026-09-10T14:21:02.839+0000] {logging_mixin.py:188} INFO - [2026-09-10T14:21:02.838+0000] {dagbag.py:540} INFO - Filling up the DagBag from /home/airflow/.local/lib/python3.8/site-packages/airflow/example_dags/example_task_group_decorator.py
[2026-09-10T14:21:02.857+0000] {processor.py:840} INFO - DAG(s) 'example_task_group_decorator' retrieved from /home/airflow/.local/lib/python3.8/site-packages/airflow/example_dags/example_task_group_decorator.py
[2026-09-10T14:21:02.895+0000] {logging_mixin.py:188} INFO - [2026-09-10T14:21:02.895+0000] {dag.py:3047} INFO - Sync 1 DAGs
[2026-09-10T14:21:02.933+0000] {logging_mixin.py:188} INFO - [2026-09-10T14:21:02.933+0000] {dag.py:3834} INFO - Setting next_dagrun for example_task_group_decorator to 2026-09-09 00:00:00+00:00, run_after=2026-09-10 00:00:00+00:00
[2026-09-10T14:21:02.972+0000] {processor.py:183} INFO - Processing /home/airflow/.local/lib/python3.8/site-packages/airflow/example_dags/example_task_group_decorator.py took 0.142 seconds
[2026-09-10T14:21:33.956+0000] {processor.py:161} INFO - Started process (PID=1210) to work on /home/airflow/.local/lib/python3.8/site-packages/airflow/example_dags/example_task_group_decorator.py
[2026-09-10T14:21:33.958+0000] {processor.py:830} INFO - Processing file /home/airflow/.local/lib/python3.8/site-packages/airflow/example_dags/example_task_group_decorator.py for tasks to queue
[2026-09-10T14:21:33.961+0000] {logging_mixin.py:188} INFO - [2026-09-10T14:21:33.960+0000] {dagbag.py:540} INFO - Filling up the DagBag from /home/airflow/.local/lib/python3.8/site-packages/airflow/example_dags/example_task_group_decorator.py
[2026-09-10T14:21:33.978+0000] {processor.py:840} INFO - DAG(s) 'example_task_group_decorator' retrieved from /home/airflow/.local/lib/python3.8/site-packages/airflow/example_dags/example_task_group_decorator.py
[2026-09-10T14:21:34.009+0000] {logging_mixin.py:188} INFO - [2026-09-10T14:21:34.008+0000] {dag.py:3047} INFO - Sync 1 DAGs
[2026-09-10T14:21:34.036+0000] {logging_mixin.py:188} INFO - [2026-09-10T14:21:34.036+0000] {dag.py:3834} INFO - Setting next_dagrun for example_task_group_decorator to 2026-09-09 00:00:00+00:00, run_after=2026-09-10 00:00:00+00:00
[2026-09-10T14:21:34.056+0000] {processor.py:183} INFO - Processing /home/airflow/.local/lib/python3.8/site-packages/airflow/example_dags/example_task_group_decorator.py took 0.105 seconds
[2026-09-10T14:22:04.939+0000] {processor.py:161} INFO - Started process (PID=1275) to work on /home/airflow/.local/lib/python3.8/site-packages/airflow/example_dags/example_task_group_decorator.py
[2026-09-10T14:22:04.940+0000] {processor.py:830} INFO - Processing file /home/airflow/.local/lib/python3.8/site-packages/airflow/example_dags/example_task_group_decorator.py for tasks to queue
[2026-09-10T14:22:04.943+0000] {logging_mixin.py:188} INFO - [2026-09-10T14:22:04.943+0000] {dagbag.py:540} INFO - Filling up the DagBag from /home/airflow/.local/lib/python3.8/site-packages/airflow/example_dags/example_task_group_decorator.py
[2026-09-10T14:22:04.960+0000] {processor.py:840} INFO - DAG(s) 'example_task_group_decorator' retrieved from /home/airflow/.local/lib/python3.8/site-packages/airflow/example_dags/example_task_group_decorator.py
[2026-09-10T14:22:04.995+0000] {logging_mixin.py:188} INFO - [2026-09-10T14:22:04.994+0000] {dag.py:3047} INFO - Sync 1 DAGs
[2026-09-10T14:22:05.020+0000] {logging_mixin.py:188} INFO - [2026-09-10T14:22:05.020+0000] {dag.py:3834} INFO - Setting next_dagrun for example_task_group_decorator to 2026-09-09 00:00:00+00:00, run_after=2026-09-10 00:00:00+00:00
[2026-09-10T14:22:05.044+0000] {processor.py:183} INFO - Processing /home/airflow/.local/lib/python3.8/site-packages/airflow/example_dags/example_task_group_decorator.py took 0.109 seconds
[2026-09-10T14:22:35.854+0000] {processor.py:161} INFO - Started process (PID=1336) to work on /home/airflow/.local/lib/python3.8/site-packages/airflow/example_dags/example_task_group_decorator.py
[2026-09-10T14:22:35.859+0000] {processor.py:830} INFO - Processing file /home/airflow/.local/lib/python3.8/site-packages/airflow/example_dags/example_task_group_decorator.py for tasks to queue
[2026-09-10T14:22:35.866+0000] {logging_mixin.py:188} INFO - [2026-09-10T14:22:35.865+0000] {dagbag.py:540} INFO - Filling up the DagBag from /home/airflow/.local/lib/python3.8/site-packages/airflow/example_dags/example_task_group_decorator.py
[2026-09-10T14:22:35.891+0000] {processor.py:840} INFO - DAG(s) 'example_task_group_decorator' retrieved from /home/airflow/.local/lib/python3.8/site-packages/airflow/example_dags/example_task_group_decorator.py
[2026-09-10T14:22:35.965+0000] {logging_mixin.py:188} INFO - [2026-09-10T14:22:35.964+0000] {dag.py:3047} INFO - Sync 1 DAGs
[2026-09-10T14:22:36.158+0000] {logging_mixin.py:188} INFO - [2026-09-10T14:22:36.158+0000] {dag.py:3834} INFO - Setting next_dagrun for example_task_group_decorator to 2026-09-09 00:00:00+00:00, run_after=2026-09-10 00:00:00+00:00
[2026-09-10T14:22:36.390+0000] {processor.py:183} INFO - Processing /home/airflow/.local/lib/python3.8/site-packages/airflow/example_dags/example_task_group_decorator.py took 0.550 seconds
[2026-09-10T14:23:06.806+0000] {processor.py:161} INFO - Started process (PID=1397) to work on /home/airflow/.local/lib/python3.8/site-packages/airflow/example_dags/example_task_group_decorator.py
[2026-09-10T14:23:06.809+0000] {processor.py:830} INFO - Processing file /home/airflow/.local/lib/python3.8/site-packages/airflow/example_dags/example_task_group_decorator.py for tasks to queue
[2026-09-10T14:23:06.813+0000] {logging_mixin.py:188} INFO - [2026-09-10T14:23:06.812+0000] {dagbag.py:540} INFO - Filling up the DagBag from /home/airflow/.local/lib/python3.8/site-packages/airflow/example_dags/example_task_group_decorator.py
[2026-09-10T14:23:06.837+0000] {processor.py:840} INFO - DAG(s) 'example_task_group_decorator' retrieved from /home/airflow/.local/lib/python3.8/site-packages/airflow/example_dags/example_task_group_decorator.py
[2026-09-10T14:23:06.886+0000] {logging_mixin.py:188} INFO - [2026-09-10T14:23:06.886+0000] {dag.py:3047} INFO - Sync 1 DAGs
[2026-09-10T14:23:06.910+0000] {logging_mixin.py:188} INFO - [2026-09-10T14:23:06.910+0000] {dag.py:3834} INFO - Setting next_dagrun for example_task_group_decorator to 2026-09-09 00:00:00+00:00, run_after=2026-09-10 00:00:00+00:00
[2026-09-10T14:23:06.930+0000] {processor.py:183} INFO - Processing /home/airflow/.local/lib/python3.8/site-packages/airflow/example_dags/example_task_group_decorator.py took 0.129 seconds
[2026-09-10T14:23:37.816+0000] {processor.py:161} INFO - Started process (PID=1458) to work on /home/airflow/.local/lib/python3.8/site-packages/airflow/example_dags/example_task_group_decorator.py
[2026-09-10T14:23:37.818+0000] {processor.py:830} INFO - Processing file /home/airflow/.local/lib/python3.8/site-packages/airflow/example_dags/example_task_group_decorator.py for tasks to queue
[2026-09-10T14:23:37.821+0000] {logging_mixin.py:188} INFO - [2026-09-10T14:23:37.820+0000] {dagbag.py:540} INFO - Filling up the DagBag from /home/airflow/.local/lib/python3.8/site-packages/airflow/example_dags/example_task_group_decorator.py
[2026-09-10T14:23:37.843+0000] {processor.py:840} INFO - DAG(s) 'example_task_group_decorator' retrieved from /home/airflow/.local/lib/python3.8/site-packages/airflow/example_dags/example_task_group_decorator.py
[2026-09-10T14:23:37.876+0000] {logging_mixin.py:188} INFO - [2026-09-10T14:23:37.876+0000] {dag.py:3047} INFO - Sync 1 DAGs
[2026-09-10T14:23:37.904+0000] {logging_mixin.py:188} INFO - [2026-09-10T14:23:37.904+0000] {dag.py:3834} INFO - Setting next_dagrun for example_task_group_decorator to 2026-09-09 00:00:00+00:00, run_after=2026-09-10 00:00:00+00:00
[2026-09-10T14:23:37.927+0000] {processor.py:183} INFO - Processing /home/airflow/.local/lib/python3.8/site-packages/airflow/example_dags/example_task_group_decorator.py took 0.115 seconds
[2026-09-10T14:24:09.137+0000] {processor.py:161} INFO - Started process (PID=1519) to work on /home/airflow/.local/lib/python3.8/site-packages/airflow/example_dags/example_task_group_decorator.py
[2026-09-10T14:24:09.139+0000] {processor.py:830} INFO - Processing file /home/airflow/.local/lib/python3.8/site-packages/airflow/example_dags/example_task_group_decorator.py for tasks to queue
[2026-09-10T14:24:09.141+0000] {logging_mixin.py:188} INFO - [2026-09-10T14:24:09.141+0000] {dagbag.py:540} INFO - Filling up the DagBag from /home/airflow/.local/lib/python3.8/site-packages/airflow/example_dags/example_task_group_decorator.py
[2026-09-10T14:24:09.156+0000] {processor.py:840} INFO - DAG(s) 'example_task_group_decorator' retrieved from /home/airflow/.local/lib/python3.8/site-packages/airflow/example_dags/example_task_group_decorator.py
[2026-09-10T14:24:09.185+0000] {logging_mixin.py:188} INFO - [2026-09-10T14:24:09.185+0000] {dag.py:3047} INFO - Sync 1 DAGs
[2026-09-10T14:24:09.209+0000] {logging_mixin.py:188} INFO - [2026-09-10T14:24:09.209+0000] {dag.py:3834} INFO - Setting next_dagrun for example_task_group_decorator to 2026-09-09 00:00:00+00:00, run_after=2026-09-10 00:00:00+00:00
[2026-09-10T14:24:09.234+0000] {processor.py:183} INFO - Processing /home/airflow/.local/lib/python3.8/site-packages/airflow/example_dags/example_task_group_decorator.py took 0.100 seconds
[2026-09-10T14:24:40.717+0000] {processor.py:161} INFO - Started process (PID=1580) to work on /home/airflow/.local/lib/python3.8/site-packages/airflow/example_dags/example_task_group_decorator.py
[2026-09-10T14:24:40.720+0000] {processor.py:830} INFO - Processing file /home/airflow/.local/lib/python3.8/site-packages/airflow/example_dags/example_task_group_decorator.py for tasks to queue
[2026-09-10T14:24:40.723+0000] {logging_mixin.py:188} INFO - [2026-09-10T14:24:40.723+0000] {dagbag.py:540} INFO - Filling up the DagBag from /home/airflow/.local/lib/python3.8/site-packages/airflow/example_dags/example_task_group_decorator.py
[2026-09-10T14:24:40.744+0000] {processor.py:840} INFO - DAG(s) 'example_task_group_decorator' retrieved from /home/airflow/.local/lib/python3.8/site-packages/airflow/example_dags/example_task_group_decorator.py
[2026-09-10T14:24:40.776+0000] {logging_mixin.py:188} INFO - [2026-09-10T14:24:40.775+0000] {dag.py:3047} INFO - Sync 1 DAGs
[2026-09-10T14:24:40.801+0000] {logging_mixin.py:188} INFO - [2026-09-10T14:24:40.801+0000] {dag.py:3834} INFO - Setting next_dagrun for example_task_group_decorator to 2026-09-09 00:00:00+00:00, run_after=2026-09-10 00:00:00+00:00
[2026-09-10T14:24:40.824+0000] {processor.py:183} INFO - Processing /home/airflow/.local/lib/python3.8/site-packages/airflow/example_dags/example_task_group_decorator.py took 0.111 seconds
[2026-09-10T14:25:12.207+0000] {processor.py:161} INFO - Started process (PID=1641) to work on /home/airflow/.local/lib/python3.8/site-packages/airflow/example_dags/example_task_group_decorator.py
[2026-09-10T14:25:12.210+0000] {processor.py:830} INFO - Processing file /home/airflow/.local/lib/python3.8/site-packages/airflow/example_dags/example_task_group_decorator.py for tasks to queue
[2026-09-10T14:25:12.213+0000] {logging_mixin.py:188} INFO - [2026-09-10T14:25:12.212+0000] {dagbag.py:540} INFO - Filling up the DagBag from /home/airflow/.local/lib/python3.8/site-packages/airflow/example_dags/example_task_group_decorator.py
[2026-09-10T14:25:12.233+0000] {processor.py:840} INFO - DAG(s) 'example_task_group_decorator' retrieved from /home/airflow/.local/lib/python3.8/site-packages/airflow/example_dags/example_task_group_decorator.py
[2026-09-10T14:25:12.260+0000] {logging_mixin.py:188} INFO - [2026-09-10T14:25:12.259+0000] {dag.py:3047} INFO - Sync 1 DAGs
[2026-09-10T14:25:12.285+0000] {logging_mixin.py:188} INFO - [2026-09-10T14:25:12.285+0000] {dag.py:3834} INFO - Setting next_dagrun for example_task_group_decorator to 2026-09-09 00:00:00+00:00, run_after=2026-09-10 00:00:00+00:00
[2026-09-10T14:25:12.308+0000] {processor.py:183} INFO - Processing /home/airflow/.local/lib/python3.8/site-packages/airflow/example_dags/example_task_group_decorator.py took 0.107 seconds
[2026-09-10T14:25:43.197+0000] {processor.py:161} INFO - Started process (PID=1701) to work on /home/airflow/.local/lib/python3.8/site-packages/airflow/example_dags/example_task_group_decorator.py
[2026-09-10T14:25:43.200+0000] {processor.py:830} INFO - Processing file /home/airflow/.local/lib/python3.8/site-packages/airflow/example_dags/example_task_group_decorator.py for tasks to queue
[2026-09-10T14:25:43.204+0000] {logging_mixin.py:188} INFO - [2026-09-10T14:25:43.203+0000] {dagbag.py:540} INFO - Filling up the DagBag from /home/airflow/.local/lib/python3.8/site-packages/airflow/example_dags/example_task_group_decorator.py
[2026-09-10T14:25:43.221+0000] {processor.py:840} INFO - DAG(s) 'example_task_group_decorator' retrieved from /home/airflow/.local/lib/python3.8/site-packages/airflow/example_dags/example_task_group_decorator.py
[2026-09-10T14:25:43.254+0000] {logging_mixin.py:188} INFO - [2026-09-10T14:25:43.254+0000] {dag.py:3047} INFO - Sync 1 DAGs
[2026-09-10T14:25:43.283+0000] {logging_mixin.py:188} INFO - [2026-09-10T14:25:43.282+0000] {dag.py:3834} INFO - Setting next_dagrun for example_task_group_decorator to 2026-09-09 00:00:00+00:00, run_after=2026-09-10 00:00:00+00:00
[2026-09-10T14:25:43.306+0000] {processor.py:183} INFO - Processing /home/airflow/.local/lib/python3.8/site-packages/airflow/example_dags/example_task_group_decorator.py took 0.114 seconds
[2026-09-10T14:26:17.878+0000] {processor.py:161} INFO - Started process (PID=89) to work on /home/airflow/.local/lib/python3.8/site-packages/airflow/example_dags/example_task_group_decorator.py
[2026-09-10T14:26:17.881+0000] {processor.py:830} INFO - Processing file /home/airflow/.local/lib/python3.8/site-packages/airflow/example_dags/example_task_group_decorator.py for tasks to queue
[2026-09-10T14:26:17.885+0000] {logging_mixin.py:188} INFO - [2026-09-10T14:26:17.884+0000] {dagbag.py:540} INFO - Filling up the DagBag from /home/airflow/.local/lib/python3.8/site-packages/airflow/example_dags/example_task_group_decorator.py
[2026-09-10T14:26:17.916+0000] {processor.py:840} INFO - DAG(s) 'example_task_group_decorator' retrieved from /home/airflow/.local/lib/python3.8/site-packages/airflow/example_dags/example_task_group_decorator.py
[2026-09-10T14:26:17.968+0000] {logging_mixin.py:188} INFO - [2026-09-10T14:26:17.968+0000] {dag.py:3047} INFO - Sync 1 DAGs
[2026-09-10T14:26:18.002+0000] {logging_mixin.py:188} INFO - [2026-09-10T14:26:18.001+0000] {dag.py:3834} INFO - Setting next_dagrun for example_task_group_decorator to 2026-09-09 00:00:00+00:00, run_after=2026-09-10 00:00:00+00:00
[2026-09-10T14:26:18.029+0000] {processor.py:183} INFO - Processing /home/airflow/.local/lib/python3.8/site-packages/airflow/example_dags/example_task_group_decorator.py took 0.157 seconds
[2026-09-10T14:26:48.321+0000] {processor.py:161} INFO - Started process (PID=148) to work on /home/airflow/.local/lib/python3.8/site-packages/airflow/example_dags/example_task_group_decorator.py
[2026-09-10T14:26:48.323+0000] {processor.py:830} INFO - Processing file /home/airflow/.local/lib/python3.8/site-packages/airflow/example_dags/example_task_group_decorator.py for tasks to queue
[2026-09-10T14:26:48.325+0000] {logging_mixin.py:188} INFO - [2026-09-10T14:26:48.325+0000] {dagbag.py:540} INFO - Filling up the DagBag from /home/airflow/.local/lib/python3.8/site-packages/airflow/example_dags/example_task_group_decorator.py
[2026-09-10T14:26:48.344+0000] {processor.py:840} INFO - DAG(s) 'example_task_group_decorator' retrieved from /home/airflow/.local/lib/python3.8/site-packages/airflow/example_dags/example_task_group_decorator.py
[2026-09-10T14:26:48.376+0000] {logging_mixin.py:188} INFO - [2026-09-10T14:26:48.375+0000] {dag.py:3047} INFO - Sync 1 DAGs
[2026-09-10T14:26:48.402+0000] {logging_mixin.py:188} INFO - [2026-09-10T14:26:48.402+0000] {dag.py:3834} INFO - Setting next_dagrun for example_task_group_decorator to 2026-09-09 00:00:00+00:00, run_after=2026-09-10 00:00:00+00:00
[2026-09-10T14:26:48.426+0000] {processor.py:183} INFO - Processing /home/airflow/.local/lib/python3.8/site-packages/airflow/example_dags/example_task_group_decorator.py took 0.108 seconds
[2026-09-10T14:27:19.975+0000] {processor.py:161} INFO - Started process (PID=213) to work on /home/airflow/.local/lib/python3.8/site-packages/airflow/example_dags/example_task_group_decorator.py
[2026-09-10T14:27:19.977+0000] {processor.py:830} INFO - Processing file /home/airflow/.local/lib/python3.8/site-packages/airflow/example_dags/example_task_group_decorator.py for tasks to queue
[2026-09-10T14:27:19.980+0000] {logging_mixin.py:188} INFO - [2026-09-10T14:27:19.979+0000] {dagbag.py:540} INFO - Filling up the DagBag from /home/airflow/.local/lib/python3.8/site-packages/airflow/example_dags/example_task_group_decorator.py
[2026-09-10T14:27:19.998+0000] {processor.py:840} INFO - DAG(s) 'example_task_group_decorator' retrieved from /home/airflow/.local/lib/python3.8/site-packages/airflow/example_dags/example_task_group_decorator.py
[2026-09-10T14:27:20.031+0000] {logging_mixin.py:188} INFO - [2026-09-10T14:27:20.030+0000] {dag.py:3047} INFO - Sync 1 DAGs
[2026-09-10T14:27:20.059+0000] {logging_mixin.py:188} INFO - [2026-09-10T14:27:20.059+0000] {dag.py:3834} INFO - Setting next_dagrun for example_task_group_decorator to 2026-09-09 00:00:00+00:00, run_after=2026-09-10 00:00:00+00:00
[2026-09-10T14:27:20.084+0000] {processor.py:183} INFO - Processing /home/airflow/.local/lib/python3.8/site-packages/airflow/example_dags/example_task_group_decorator.py took 0.115 seconds
[2026-09-10T14:27:50.360+0000] {processor.py:161} INFO - Started process (PID=272) to work on /home/airflow/.local/lib/python3.8/site-packages/airflow/example_dags/example_task_group_decorator.py
[2026-09-10T14:27:50.361+0000] {processor.py:830} INFO - Processing file /home/airflow/.local/lib/python3.8/site-packages/airflow/example_dags/example_task_group_decorator.py for tasks to queue
[2026-09-10T14:27:50.364+0000] {logging_mixin.py:188} INFO - [2026-09-10T14:27:50.364+0000] {dagbag.py:540} INFO - Filling up the DagBag from /home/airflow/.local/lib/python3.8/site-packages/airflow/example_dags/example_task_group_decorator.py
[2026-09-10T14:27:50.380+0000] {processor.py:840} INFO - DAG(s) 'example_task_group_decorator' retrieved from /home/airflow/.local/lib/python3.8/site-packages/airflow/example_dags/example_task_group_decorator.py
[2026-09-10T14:27:50.423+0000] {logging_mixin.py:188} INFO - [2026-09-10T14:27:50.422+0000] {dag.py:3047} INFO - Sync 1 DAGs
[2026-09-10T14:27:50.464+0000] {logging_mixin.py:188} INFO - [2026-09-10T14:27:50.463+0000] {dag.py:3834} INFO - Setting next_dagrun for example_task_group_decorator to 2026-09-09 00:00:00+00:00, run_after=2026-09-10 00:00:00+00:00
[2026-09-10T14:27:50.503+0000] {processor.py:183} INFO - Processing /home/airflow/.local/lib/python3.8/site-packages/airflow/example_dags/example_task_group_decorator.py took 0.147 seconds
[2026-09-10T14:28:21.841+0000] {processor.py:161} INFO - Started process (PID=335) to work on /home/airflow/.local/lib/python3.8/site-packages/airflow/example_dags/example_task_group_decorator.py
[2026-09-10T14:28:21.844+0000] {processor.py:830} INFO - Processing file /home/airflow/.local/lib/python3.8/site-packages/airflow/example_dags/example_task_group_decorator.py for tasks to queue
[2026-09-10T14:28:21.848+0000] {logging_mixin.py:188} INFO - [2026-09-10T14:28:21.848+0000] {dagbag.py:540} INFO - Filling up the DagBag from /home/airflow/.local/lib/python3.8/site-packages/airflow/example_dags/example_task_group_decorator.py
[2026-09-10T14:28:21.878+0000] {processor.py:840} INFO - DAG(s) 'example_task_group_decorator' retrieved from /home/airflow/.local/lib/python3.8/site-packages/airflow/example_dags/example_task_group_decorator.py
[2026-09-10T14:28:21.921+0000] {logging_mixin.py:188} INFO - [2026-09-10T14:28:21.921+0000] {dag.py:3047} INFO - Sync 1 DAGs
[2026-09-10T14:28:21.964+0000] {logging_mixin.py:188} INFO - [2026-09-10T14:28:21.964+0000] {dag.py:3834} INFO - Setting next_dagrun for example_task_group_decorator to 2026-09-09 00:00:00+00:00, run_after=2026-09-10 00:00:00+00:00
[2026-09-10T14:28:21.997+0000] {processor.py:183} INFO - Processing /home/airflow/.local/lib/python3.8/site-packages/airflow/example_dags/example_task_group_decorator.py took 0.163 seconds
[2026-09-10T14:28:52.257+0000] {processor.py:161} INFO - Started process (PID=394) to work on /home/airflow/.local/lib/python3.8/site-packages/airflow/example_dags/example_task_group_decorator.py
[2026-09-10T14:28:52.259+0000] {processor.py:830} INFO - Processing file /home/airflow/.local/lib/python3.8/site-packages/airflow/example_dags/example_task_group_decorator.py for tasks to queue
[2026-09-10T14:28:52.262+0000] {logging_mixin.py:188} INFO - [2026-09-10T14:28:52.261+0000] {dagbag.py:540} INFO - Filling up the DagBag from /home/airflow/.local/lib/python3.8/site-packages/airflow/example_dags/example_task_group_decorator.py
[2026-09-10T14:28:52.277+0000] {processor.py:840} INFO - DAG(s) 'example_task_group_decorator' retrieved from /home/airflow/.local/lib/python3.8/site-packages/airflow/example_dags/example_task_group_decorator.py
[2026-09-10T14:28:52.304+0000] {logging_mixin.py:188} INFO - [2026-09-10T14:28:52.304+0000] {dag.py:3047} INFO - Sync 1 DAGs
[2026-09-10T14:28:52.328+0000] {logging_mixin.py:188} INFO - [2026-09-10T14:28:52.328+0000] {dag.py:3834} INFO - Setting next_dagrun for example_task_group_decorator to 2026-09-09 00:00:00+00:00, run_after=2026-09-10 00:00:00+00:00
[2026-09-10T14:28:52.349+0000] {processor.py:183} INFO - Processing /home/airflow/.local/lib/python3.8/site-packages/airflow/example_dags/example_task_group_decorator.py took 0.096 seconds
[2026-09-10T14:29:22.670+0000] {processor.py:161} INFO - Started process (PID=453) to work on /home/airflow/.local/lib/python3.8/site-packages/airflow/example_dags/example_task_group_decorator.py
[2026-09-10T14:29:22.671+0000] {processor.py:830} INFO - Processing file /home/airflow/.local/lib/python3.8/site-packages/airflow/example_dags/example_task_group_decorator.py for tasks to queue
[2026-09-10T14:29:22.675+0000] {logging_mixin.py:188} INFO - [2026-09-10T14:29:22.675+0000] {dagbag.py:540} INFO - Filling up the DagBag from /home/airflow/.local/lib/python3.8/site-packages/airflow/example_dags/example_task_group_decorator.py
[2026-09-10T14:29:22.695+0000] {processor.py:840} INFO - DAG(s) 'example_task_group_decorator' retrieved from /home/airflow/.local/lib/python3.8/site-packages/airflow/example_dags/example_task_group_decorator.py
[2026-09-10T14:29:22.724+0000] {logging_mixin.py:188} INFO - [2026-09-10T14:29:22.724+0000] {dag.py:3047} INFO - Sync 1 DAGs
[2026-09-10T14:29:22.752+0000] {logging_mixin.py:188} INFO - [2026-09-10T14:29:22.752+0000] {dag.py:3834} INFO - Setting next_dagrun for example_task_group_decorator to 2026-09-09 00:00:00+00:00, run_after=2026-09-10 00:00:00+00:00
[2026-09-10T14:29:22.777+0000] {processor.py:183} INFO - Processing /home/airflow/.local/lib/python3.8/site-packages/airflow/example_dags/example_task_group_decorator.py took 0.112 seconds
[2026-09-10T14:29:54.145+0000] {processor.py:161} INFO - Started process (PID=512) to work on /home/airflow/.local/lib/python3.8/site-packages/airflow/example_dags/example_task_group_decorator.py
[2026-09-10T14:29:54.147+0000] {processor.py:830} INFO - Processing file /home/airflow/.local/lib/python3.8/site-packages/airflow/example_dags/example_task_group_decorator.py for tasks to queue
[2026-09-10T14:29:54.149+0000] {logging_mixin.py:188} INFO - [2026-09-10T14:29:54.149+0000] {dagbag.py:540} INFO - Filling up the DagBag from /home/airflow/.local/lib/python3.8/site-packages/airflow/example_dags/example_task_group_decorator.py
[2026-09-10T14:29:54.165+0000] {processor.py:840} INFO - DAG(s) 'example_task_group_decorator' retrieved from /home/airflow/.local/lib/python3.8/site-packages/airflow/example_dags/example_task_group_decorator.py
[2026-09-10T14:29:54.193+0000] {logging_mixin.py:188} INFO - [2026-09-10T14:29:54.193+0000] {dag.py:3047} INFO - Sync 1 DAGs
[2026-09-10T14:29:54.218+0000] {logging_mixin.py:188} INFO - [2026-09-10T14:29:54.217+0000] {dag.py:3834} INFO - Setting next_dagrun for example_task_group_decorator to 2026-09-09 00:00:00+00:00, run_after=2026-09-10 00:00:00+00:00
[2026-09-10T14:29:54.243+0000] {processor.py:183} INFO - Processing /home/airflow/.local/lib/python3.8/site-packages/airflow/example_dags/example_task_group_decorator.py took 0.102 seconds
[2026-09-10T14:30:24.694+0000] {processor.py:161} INFO - Started process (PID=571) to work on /home/airflow/.local/lib/python3.8/site-packages/airflow/example_dags/example_task_group_decorator.py
[2026-09-10T14:30:24.697+0000] {processor.py:830} INFO - Processing file /home/airflow/.local/lib/python3.8/site-packages/airflow/example_dags/example_task_group_decorator.py for tasks to queue
[2026-09-10T14:30:24.701+0000] {logging_mixin.py:188} INFO - [2026-09-10T14:30:24.700+0000] {dagbag.py:540} INFO - Filling up the DagBag from /home/airflow/.local/lib/python3.8/site-packages/airflow/example_dags/example_task_group_decorator.py
[2026-09-10T14:30:24.728+0000] {processor.py:840} INFO - DAG(s) 'example_task_group_decorator' retrieved from /home/airflow/.local/lib/python3.8/site-packages/airflow/example_dags/example_task_group_decorator.py
[2026-09-10T14:30:24.771+0000] {logging_mixin.py:188} INFO - [2026-09-10T14:30:24.770+0000] {dag.py:3047} INFO - Sync 1 DAGs
[2026-09-10T14:30:24.813+0000] {logging_mixin.py:188} INFO - [2026-09-10T14:30:24.813+0000] {dag.py:3834} INFO - Setting next_dagrun for example_task_group_decorator to 2026-09-09 00:00:00+00:00, run_after=2026-09-10 00:00:00+00:00
[2026-09-10T14:30:24.854+0000] {processor.py:183} INFO - Processing /home/airflow/.local/lib/python3.8/site-packages/airflow/example_dags/example_task_group_decorator.py took 0.166 seconds
[2026-09-10T14:30:55.762+0000] {processor.py:161} INFO - Started process (PID=630) to work on /home/airflow/.local/lib/python3.8/site-packages/airflow/example_dags/example_task_group_decorator.py
[2026-09-10T14:30:55.764+0000] {processor.py:830} INFO - Processing file /home/airflow/.local/lib/python3.8/site-packages/airflow/example_dags/example_task_group_decorator.py for tasks to queue
[2026-09-10T14:30:55.769+0000] {logging_mixin.py:188} INFO - [2026-09-10T14:30:55.768+0000] {dagbag.py:540} INFO - Filling up the DagBag from /home/airflow/.local/lib/python3.8/site-packages/airflow/example_dags/example_task_group_decorator.py
[2026-09-10T14:30:55.792+0000] {processor.py:840} INFO - DAG(s) 'example_task_group_decorator' retrieved from /home/airflow/.local/lib/python3.8/site-packages/airflow/example_dags/example_task_group_decorator.py
[2026-09-10T14:30:55.829+0000] {logging_mixin.py:188} INFO - [2026-09-10T14:30:55.829+0000] {dag.py:3047} INFO - Sync 1 DAGs
[2026-09-10T14:30:55.861+0000] {logging_mixin.py:188} INFO - [2026-09-10T14:30:55.861+0000] {dag.py:3834} INFO - Setting next_dagrun for example_task_group_decorator to 2026-09-09 00:00:00+00:00, run_after=2026-09-10 00:00:00+00:00
[2026-09-10T14:30:55.888+0000] {processor.py:183} INFO - Processing /home/airflow/.local/lib/python3.8/site-packages/airflow/example_dags/example_task_group_decorator.py took 0.130 seconds
[2026-09-10T14:31:26.390+0000] {processor.py:161} INFO - Started process (PID=689) to work on /home/airflow/.local/lib/python3.8/site-packages/airflow/example_dags/example_task_group_decorator.py
[2026-09-10T14:31:26.398+0000] {processor.py:830} INFO - Processing file /home/airflow/.local/lib/python3.8/site-packages/airflow/example_dags/example_task_group_decorator.py for tasks to queue
[2026-09-10T14:31:26.403+0000] {logging_mixin.py:188} INFO - [2026-09-10T14:31:26.403+0000] {dagbag.py:540} INFO - Filling up the DagBag from /home/airflow/.local/lib/python3.8/site-packages/airflow/example_dags/example_task_group_decorator.py
[2026-09-10T14:31:26.457+0000] {processor.py:840} INFO - DAG(s) 'example_task_group_decorator' retrieved from /home/airflow/.local/lib/python3.8/site-packages/airflow/example_dags/example_task_group_decorator.py
[2026-09-10T14:31:26.534+0000] {logging_mixin.py:188} INFO - [2026-09-10T14:31:26.533+0000] {dag.py:3047} INFO - Sync 1 DAGs
[2026-09-10T14:31:26.594+0000] {logging_mixin.py:188} INFO - [2026-09-10T14:31:26.594+0000] {dag.py:3834} INFO - Setting next_dagrun for example_task_group_decorator to 2026-09-09 00:00:00+00:00, run_after=2026-09-10 00:00:00+00:00
[2026-09-10T14:31:26.628+0000] {processor.py:183} INFO - Processing /home/airflow/.local/lib/python3.8/site-packages/airflow/example_dags/example_task_group_decorator.py took 0.251 seconds
[2026-09-10T14:31:57.473+0000] {processor.py:161} INFO - Started process (PID=748) to work on /home/airflow/.local/lib/python3.8/site-packages/airflow/example_dags/example_task_group_decorator.py
[2026-09-10T14:31:57.475+0000] {processor.py:830} INFO - Processing file /home/airflow/.local/lib/python3.8/site-packages/airflow/example_dags/example_task_group_decorator.py for tasks to queue
[2026-09-10T14:31:57.480+0000] {logging_mixin.py:188} INFO - [2026-09-10T14:31:57.479+0000] {dagbag.py:540} INFO - Filling up the DagBag from /home/airflow/.local/lib/python3.8/site-packages/airflow/example_dags/example_task_group_decorator.py
[2026-09-10T14:31:57.498+0000] {processor.py:840} INFO - DAG(s) 'example_task_group_decorator' retrieved from /home/airflow/.local/lib/python3.8/site-packages/airflow/example_dags/example_task_group_decorator.py
[2026-09-10T14:31:57.537+0000] {logging_mixin.py:188} INFO - [2026-09-10T14:31:57.536+0000] {dag.py:3047} INFO - Sync 1 DAGs
[2026-09-10T14:31:57.569+0000] {logging_mixin.py:188} INFO - [2026-09-10T14:31:57.569+0000] {dag.py:3834} INFO - Setting next_dagrun for example_task_group_decorator to 2026-09-09 00:00:00+00:00, run_after=2026-09-10 00:00:00+00:00
[2026-09-10T14:31:57.595+0000] {processor.py:183} INFO - Processing /home/airflow/.local/lib/python3.8/site-packages/airflow/example_dags/example_task_group_decorator.py took 0.130 seconds
[2026-09-10T14:32:28.099+0000] {processor.py:161} INFO - Started process (PID=807) to work on /home/airflow/.local/lib/python3.8/site-packages/airflow/example_dags/example_task_group_decorator.py
[2026-09-10T14:32:28.101+0000] {processor.py:830} INFO - Processing file /home/airflow/.local/lib/python3.8/site-packages/airflow/example_dags/example_task_group_decorator.py for tasks to queue
[2026-09-10T14:32:28.105+0000] {logging_mixin.py:188} INFO - [2026-09-10T14:32:28.104+0000] {dagbag.py:540} INFO - Filling up the DagBag from /home/airflow/.local/lib/python3.8/site-packages/airflow/example_dags/example_task_group_decorator.py
[2026-09-10T14:32:28.124+0000] {processor.py:840} INFO - DAG(s) 'example_task_group_decorator' retrieved from /home/airflow/.local/lib/python3.8/site-packages/airflow/example_dags/example_task_group_decorator.py
[2026-09-10T14:32:28.156+0000] {logging_mixin.py:188} INFO - [2026-09-10T14:32:28.156+0000] {dag.py:3047} INFO - Sync 1 DAGs
[2026-09-10T14:32:28.193+0000] {logging_mixin.py:188} INFO - [2026-09-10T14:32:28.193+0000] {dag.py:3834} INFO - Setting next_dagrun for example_task_group_decorator to 2026-09-09 00:00:00+00:00, run_after=2026-09-10 00:00:00+00:00
[2026-09-10T14:32:28.218+0000] {processor.py:183} INFO - Processing /home/airflow/.local/lib/python3.8/site-packages/airflow/example_dags/example_task_group_decorator.py took 0.125 seconds
[2026-09-10T14:32:59.375+0000] {processor.py:161} INFO - Started process (PID=866) to work on /home/airflow/.local/lib/python3.8/site-packages/airflow/example_dags/example_task_group_decorator.py
[2026-09-10T14:32:59.378+0000] {processor.py:830} INFO - Processing file /home/airflow/.local/lib/python3.8/site-packages/airflow/example_dags/example_task_group_decorator.py for tasks to queue
[2026-09-10T14:32:59.382+0000] {logging_mixin.py:188} INFO - [2026-09-10T14:32:59.381+0000] {dagbag.py:540} INFO - Filling up the DagBag from /home/airflow/.local/lib/python3.8/site-packages/airflow/example_dags/example_task_group_decorator.py
[2026-09-10T14:32:59.433+0000] {processor.py:840} INFO - DAG(s) 'example_task_group_decorator' retrieved from /home/airflow/.local/lib/python3.8/site-packages/airflow/example_dags/example_task_group_decorator.py
[2026-09-10T14:32:59.493+0000] {logging_mixin.py:188} INFO - [2026-09-10T14:32:59.493+0000] {dag.py:3047} INFO - Sync 1 DAGs
[2026-09-10T14:32:59.526+0000] {logging_mixin.py:188} INFO - [2026-09-10T14:32:59.526+0000] {dag.py:3834} INFO - Setting next_dagrun for example_task_group_decorator to 2026-09-09 00:00:00+00:00, run_after=2026-09-10 00:00:00+00:00
[2026-09-10T14:32:59.551+0000] {processor.py:183} INFO - Processing /home/airflow/.local/lib/python3.8/site-packages/airflow/example_dags/example_task_group_decorator.py took 0.182 seconds
[2026-09-10T14:33:31.164+0000] {processor.py:161} INFO - Started process (PID=925) to work on /home/airflow/.local/lib/python3.8/site-packages/airflow/example_dags/example_task_group_decorator.py
[2026-09-10T14:33:31.166+0000] {processor.py:830} INFO - Processing file /home/airflow/.local/lib/python3.8/site-packages/airflow/example_dags/example_task_group_decorator.py for tasks to queue
[2026-09-10T14:33:31.169+0000] {logging_mixin.py:188} INFO - [2026-09-10T14:33:31.168+0000] {dagbag.py:540} INFO - Filling up the DagBag from /home/airflow/.local/lib/python3.8/site-packages/airflow/example_dags/example_task_group_decorator.py
[2026-09-10T14:33:31.197+0000] {processor.py:840} INFO - DAG(s) 'example_task_group_decorator' retrieved from /home/airflow/.local/lib/python3.8/site-packages/airflow/example_dags/example_task_group_decorator.py
[2026-09-10T14:33:31.234+0000] {logging_mixin.py:188} INFO - [2026-09-10T14:33:31.234+0000] {dag.py:3047} INFO - Sync 1 DAGs
[2026-09-10T14:33:31.261+0000] {logging_mixin.py:188} INFO - [2026-09-10T14:33:31.261+0000] {dag.py:3834} INFO - Setting next_dagrun for example_task_group_decorator to 2026-09-09 00:00:00+00:00, run_after=2026-09-10 00:00:00+00:00
[2026-09-10T14:33:31.283+0000] {processor.py:183} INFO - Processing /home/airflow/.local/lib/python3.8/site-packages/airflow/example_dags/example_task_group_decorator.py took 0.124 seconds
[2026-09-10T14:34:01.940+0000] {processor.py:161} INFO - Started process (PID=984) to work on /home/airflow/.local/lib/python3.8/site-packages/airflow/example_dags/example_task_group_decorator.py
[2026-09-10T14:34:01.942+0000] {processor.py:830} INFO - Processing file /home/airflow/.local/lib/python3.8/site-packages/airflow/example_dags/example_task_group_decorator.py for tasks to queue
[2026-09-10T14:34:01.947+0000] {logging_mixin.py:188} INFO - [2026-09-10T14:34:01.946+0000] {dagbag.py:540} INFO - Filling up the DagBag from /home/airflow/.local/lib/python3.8/site-packages/airflow/example_dags/example_task_group_decorator.py
[2026-09-10T14:34:01.969+0000] {processor.py:840} INFO - DAG(s) 'example_task_group_decorator' retrieved from /home/airflow/.local/lib/python3.8/site-packages/airflow/example_dags/example_task_group_decorator.py
[2026-09-10T14:34:02.009+0000] {logging_mixin.py:188} INFO - [2026-09-10T14:34:02.008+0000] {dag.py:3047} INFO - Sync 1 DAGs
[2026-09-10T14:34:02.037+0000] {logging_mixin.py:188} INFO - [2026-09-10T14:34:02.037+0000] {dag.py:3834} INFO - Setting next_dagrun for example_task_group_decorator to 2026-09-09 00:00:00+00:00, run_after=2026-09-10 00:00:00+00:00
[2026-09-10T14:34:02.066+0000] {processor.py:183} INFO - Processing /home/airflow/.local/lib/python3.8/site-packages/airflow/example_dags/example_task_group_decorator.py took 0.130 seconds
[2026-09-10T14:34:32.772+0000] {processor.py:161} INFO - Started process (PID=1043) to work on /home/airflow/.local/lib/python3.8/site-packages/airflow/example_dags/example_task_group_decorator.py
[2026-09-10T14:34:32.774+0000] {processor.py:830} INFO - Processing file /home/airflow/.local/lib/python3.8/site-packages/airflow/example_dags/example_task_group_decorator.py for tasks to queue
[2026-09-10T14:34:32.776+0000] {logging_mixin.py:188} INFO - [2026-09-10T14:34:32.776+0000] {dagbag.py:540} INFO - Filling up the DagBag from /home/airflow/.local/lib/python3.8/site-packages/airflow/example_dags/example_task_group_decorator.py
[2026-09-10T14:34:32.798+0000] {processor.py:840} INFO - DAG(s) 'example_task_group_decorator' retrieved from /home/airflow/.local/lib/python3.8/site-packages/airflow/example_dags/example_task_group_decorator.py
[2026-09-10T14:34:32.832+0000] {logging_mixin.py:188} INFO - [2026-09-10T14:34:32.831+0000] {dag.py:3047} INFO - Sync 1 DAGs
[2026-09-10T14:34:32.861+0000] {logging_mixin.py:188} INFO - [2026-09-10T14:34:32.861+0000] {dag.py:3834} INFO - Setting next_dagrun for example_task_group_decorator to 2026-09-09 00:00:00+00:00, run_after=2026-09-10 00:00:00+00:00
[2026-09-10T14:34:32.883+0000] {processor.py:183} INFO - Processing /home/airflow/.local/lib/python3.8/site-packages/airflow/example_dags/example_task_group_decorator.py took 0.117 seconds
[2026-09-10T14:35:03.370+0000] {processor.py:161} INFO - Started process (PID=1103) to work on /home/airflow/.local/lib/python3.8/site-packages/airflow/example_dags/example_task_group_decorator.py
[2026-09-10T14:35:03.372+0000] {processor.py:830} INFO - Processing file /home/airflow/.local/lib/python3.8/site-packages/airflow/example_dags/example_task_group_decorator.py for tasks to queue
[2026-09-10T14:35:03.375+0000] {logging_mixin.py:188} INFO - [2026-09-10T14:35:03.375+0000] {dagbag.py:540} INFO - Filling up the DagBag from /home/airflow/.local/lib/python3.8/site-packages/airflow/example_dags/example_task_group_decorator.py
[2026-09-10T14:35:03.401+0000] {processor.py:840} INFO - DAG(s) 'example_task_group_decorator' retrieved from /home/airflow/.local/lib/python3.8/site-packages/airflow/example_dags/example_task_group_decorator.py
[2026-09-10T14:35:03.438+0000] {logging_mixin.py:188} INFO - [2026-09-10T14:35:03.438+0000] {dag.py:3047} INFO - Sync 1 DAGs
[2026-09-10T14:35:03.469+0000] {logging_mixin.py:188} INFO - [2026-09-10T14:35:03.469+0000] {dag.py:3834} INFO - Setting next_dagrun for example_task_group_decorator to 2026-09-09 00:00:00+00:00, run_after=2026-09-10 00:00:00+00:00
[2026-09-10T14:35:03.495+0000] {processor.py:183} INFO - Processing /home/airflow/.local/lib/python3.8/site-packages/airflow/example_dags/example_task_group_decorator.py took 0.131 seconds
[2026-09-10T14:35:34.276+0000] {processor.py:161} INFO - Started process (PID=1162) to work on /home/airflow/.local/lib/python3.8/site-packages/airflow/example_dags/example_task_group_decorator.py
[2026-09-10T14:35:34.278+0000] {processor.py:830} INFO - Processing file /home/airflow/.local/lib/python3.8/site-packages/airflow/example_dags/example_task_group_decorator.py for tasks to queue
[2026-09-10T14:35:34.281+0000] {logging_mixin.py:188} INFO - [2026-09-10T14:35:34.281+0000] {dagbag.py:540} INFO - Filling up the DagBag from /home/airflow/.local/lib/python3.8/site-packages/airflow/example_dags/example_task_group_decorator.py
[2026-09-10T14:35:34.305+0000] {processor.py:840} INFO - DAG(s) 'example_task_group_decorator' retrieved from /home/airflow/.local/lib/python3.8/site-packages/airflow/example_dags/example_task_group_decorator.py
[2026-09-10T14:35:34.351+0000] {logging_mixin.py:188} INFO - [2026-09-10T14:35:34.351+0000] {dag.py:3047} INFO - Sync 1 DAGs
[2026-09-10T14:35:34.399+0000] {logging_mixin.py:188} INFO - [2026-09-10T14:35:34.399+0000] {dag.py:3834} INFO - Setting next_dagrun for example_task_group_decorator to 2026-09-09 00:00:00+00:00, run_after=2026-09-10 00:00:00+00:00
[2026-09-10T14:35:34.428+0000] {processor.py:183} INFO - Processing /home/airflow/.local/lib/python3.8/site-packages/airflow/example_dags/example_task_group_decorator.py took 0.158 seconds
[2026-09-10T14:36:05.430+0000] {processor.py:161} INFO - Started process (PID=1222) to work on /home/airflow/.local/lib/python3.8/site-packages/airflow/example_dags/example_task_group_decorator.py
[2026-09-10T14:36:05.433+0000] {processor.py:830} INFO - Processing file /home/airflow/.local/lib/python3.8/site-packages/airflow/example_dags/example_task_group_decorator.py for tasks to queue
[2026-09-10T14:36:05.438+0000] {logging_mixin.py:188} INFO - [2026-09-10T14:36:05.437+0000] {dagbag.py:540} INFO - Filling up the DagBag from /home/airflow/.local/lib/python3.8/site-packages/airflow/example_dags/example_task_group_decorator.py
[2026-09-10T14:36:05.470+0000] {processor.py:840} INFO - DAG(s) 'example_task_group_decorator' retrieved from /home/airflow/.local/lib/python3.8/site-packages/airflow/example_dags/example_task_group_decorator.py
[2026-09-10T14:36:05.557+0000] {logging_mixin.py:188} INFO - [2026-09-10T14:36:05.556+0000] {dag.py:3047} INFO - Sync 1 DAGs
[2026-09-10T14:36:05.607+0000] {logging_mixin.py:188} INFO - [2026-09-10T14:36:05.607+0000] {dag.py:3834} INFO - Setting next_dagrun for example_task_group_decorator to 2026-09-09 00:00:00+00:00, run_after=2026-09-10 00:00:00+00:00
[2026-09-10T14:36:05.635+0000] {processor.py:183} INFO - Processing /home/airflow/.local/lib/python3.8/site-packages/airflow/example_dags/example_task_group_decorator.py took 0.215 seconds
[2026-09-10T14:36:37.220+0000] {processor.py:161} INFO - Started process (PID=1282) to work on /home/airflow/.local/lib/python3.8/site-packages/airflow/example_dags/example_task_group_decorator.py
[2026-09-10T14:36:37.222+0000] {processor.py:830} INFO - Processing file /home/airflow/.local/lib/python3.8/site-packages/airflow/example_dags/example_task_group_decorator.py for tasks to queue
[2026-09-10T14:36:37.226+0000] {logging_mixin.py:188} INFO - [2026-09-10T14:36:37.226+0000] {dagbag.py:540} INFO - Filling up the DagBag from /home/airflow/.local/lib/python3.8/site-packages/airflow/example_dags/example_task_group_decorator.py
[2026-09-10T14:36:37.245+0000] {processor.py:840} INFO - DAG(s) 'example_task_group_decorator' retrieved from /home/airflow/.local/lib/python3.8/site-packages/airflow/example_dags/example_task_group_decorator.py
[2026-09-10T14:36:37.281+0000] {logging_mixin.py:188} INFO - [2026-09-10T14:36:37.281+0000] {dag.py:3047} INFO - Sync 1 DAGs
[2026-09-10T14:36:37.315+0000] {logging_mixin.py:188} INFO - [2026-09-10T14:36:37.315+0000] {dag.py:3834} INFO - Setting next_dagrun for example_task_group_decorator to 2026-09-09 00:00:00+00:00, run_after=2026-09-10 00:00:00+00:00
[2026-09-10T14:36:37.336+0000] {processor.py:183} INFO - Processing /home/airflow/.local/lib/python3.8/site-packages/airflow/example_dags/example_task_group_decorator.py took 0.122 seconds
[2026-09-10T14:37:07.588+0000] {processor.py:161} INFO - Started process (PID=1341) to work on /home/airflow/.local/lib/python3.8/site-packages/airflow/example_dags/example_task_group_decorator.py
[2026-09-10T14:37:07.590+0000] {processor.py:830} INFO - Processing file /home/airflow/.local/lib/python3.8/site-packages/airflow/example_dags/example_task_group_decorator.py for tasks to queue
[2026-09-10T14:37:07.595+0000] {logging_mixin.py:188} INFO - [2026-09-10T14:37:07.594+0000] {dagbag.py:540} INFO - Filling up the DagBag from /home/airflow/.local/lib/python3.8/site-packages/airflow/example_dags/example_task_group_decorator.py
[2026-09-10T14:37:07.650+0000] {processor.py:840} INFO - DAG(s) 'example_task_group_decorator' retrieved from /home/airflow/.local/lib/python3.8/site-packages/airflow/example_dags/example_task_group_decorator.py
[2026-09-10T14:37:07.711+0000] {logging_mixin.py:188} INFO - [2026-09-10T14:37:07.710+0000] {dag.py:3047} INFO - Sync 1 DAGs
[2026-09-10T14:37:07.758+0000] {logging_mixin.py:188} INFO - [2026-09-10T14:37:07.757+0000] {dag.py:3834} INFO - Setting next_dagrun for example_task_group_decorator to 2026-09-09 00:00:00+00:00, run_after=2026-09-10 00:00:00+00:00
[2026-09-10T14:37:07.789+0000] {processor.py:183} INFO - Processing /home/airflow/.local/lib/python3.8/site-packages/airflow/example_dags/example_task_group_decorator.py took 0.207 seconds
[2026-09-10T14:37:38.554+0000] {processor.py:161} INFO - Started process (PID=1400) to work on /home/airflow/.local/lib/python3.8/site-packages/airflow/example_dags/example_task_group_decorator.py
[2026-09-10T14:37:38.561+0000] {processor.py:830} INFO - Processing file /home/airflow/.local/lib/python3.8/site-packages/airflow/example_dags/example_task_group_decorator.py for tasks to queue
[2026-09-10T14:37:38.566+0000] {logging_mixin.py:188} INFO - [2026-09-10T14:37:38.566+0000] {dagbag.py:540} INFO - Filling up the DagBag from /home/airflow/.local/lib/python3.8/site-packages/airflow/example_dags/example_task_group_decorator.py
[2026-09-10T14:37:38.604+0000] {processor.py:840} INFO - DAG(s) 'example_task_group_decorator' retrieved from /home/airflow/.local/lib/python3.8/site-packages/airflow/example_dags/example_task_group_decorator.py
[2026-09-10T14:37:38.659+0000] {logging_mixin.py:188} INFO - [2026-09-10T14:37:38.659+0000] {dag.py:3047} INFO - Sync 1 DAGs
[2026-09-10T14:37:38.695+0000] {logging_mixin.py:188} INFO - [2026-09-10T14:37:38.695+0000] {dag.py:3834} INFO - Setting next_dagrun for example_task_group_decorator to 2026-09-09 00:00:00+00:00, run_after=2026-09-10 00:00:00+00:00
[2026-09-10T14:37:38.721+0000] {processor.py:183} INFO - Processing /home/airflow/.local/lib/python3.8/site-packages/airflow/example_dags/example_task_group_decorator.py took 0.175 seconds
[2026-09-10T14:38:10.018+0000] {processor.py:161} INFO - Started process (PID=1459) to work on /home/airflow/.local/lib/python3.8/site-packages/airflow/example_dags/example_task_group_decorator.py
[2026-09-10T14:38:10.019+0000] {processor.py:830} INFO - Processing file /home/airflow/.local/lib/python3.8/site-packages/airflow/example_dags/example_task_group_decorator.py for tasks to queue
[2026-09-10T14:38:10.023+0000] {logging_mixin.py:188} INFO - [2026-09-10T14:38:10.023+0000] {dagbag.py:540} INFO - Filling up the DagBag from /home/airflow/.local/lib/python3.8/site-packages/airflow/example_dags/example_task_group_decorator.py
[2026-09-10T14:38:10.055+0000] {processor.py:840} INFO - DAG(s) 'example_task_group_decorator' retrieved from /home/airflow/.local/lib/python3.8/site-packages/airflow/example_dags/example_task_group_decorator.py
[2026-09-10T14:38:10.090+0000] {logging_mixin.py:188} INFO - [2026-09-10T14:38:10.089+0000] {dag.py:3047} INFO - Sync 1 DAGs
[2026-09-10T14:38:10.143+0000] {logging_mixin.py:188} INFO - [2026-09-10T14:38:10.142+0000] {dag.py:3834} INFO - Setting next_dagrun for example_task_group_decorator to 2026-09-09 00:00:00+00:00, run_after=2026-09-10 00:00:00+00:00
[2026-09-10T14:38:10.175+0000] {processor.py:183} INFO - Processing /home/airflow/.local/lib/python3.8/site-packages/airflow/example_dags/example_task_group_decorator.py took 0.162 seconds
[2026-09-10T14:38:41.218+0000] {processor.py:161} INFO - Started process (PID=1518) to work on /home/airflow/.local/lib/python3.8/site-packages/airflow/example_dags/example_task_group_decorator.py
[2026-09-10T14:38:41.221+0000] {processor.py:830} INFO - Processing file /home/airflow/.local/lib/python3.8/site-packages/airflow/example_dags/example_task_group_decorator.py for tasks to queue
[2026-09-10T14:38:41.226+0000] {logging_mixin.py:188} INFO - [2026-09-10T14:38:41.226+0000] {dagbag.py:540} INFO - Filling up the DagBag from /home/airflow/.local/lib/python3.8/site-packages/airflow/example_dags/example_task_group_decorator.py
[2026-09-10T14:38:41.285+0000] {processor.py:840} INFO - DAG(s) 'example_task_group_decorator' retrieved from /home/airflow/.local/lib/python3.8/site-packages/airflow/example_dags/example_task_group_decorator.py
[2026-09-10T14:38:41.360+0000] {logging_mixin.py:188} INFO - [2026-09-10T14:38:41.359+0000] {dag.py:3047} INFO - Sync 1 DAGs
[2026-09-10T14:38:41.411+0000] {logging_mixin.py:188} INFO - [2026-09-10T14:38:41.410+0000] {dag.py:3834} INFO - Setting next_dagrun for example_task_group_decorator to 2026-09-09 00:00:00+00:00, run_after=2026-09-10 00:00:00+00:00
[2026-09-10T14:38:41.445+0000] {processor.py:183} INFO - Processing /home/airflow/.local/lib/python3.8/site-packages/airflow/example_dags/example_task_group_decorator.py took 0.238 seconds
[2026-09-10T14:39:12.239+0000] {processor.py:161} INFO - Started process (PID=1577) to work on /home/airflow/.local/lib/python3.8/site-packages/airflow/example_dags/example_task_group_decorator.py
[2026-09-10T14:39:12.241+0000] {processor.py:830} INFO - Processing file /home/airflow/.local/lib/python3.8/site-packages/airflow/example_dags/example_task_group_decorator.py for tasks to queue
[2026-09-10T14:39:12.244+0000] {logging_mixin.py:188} INFO - [2026-09-10T14:39:12.244+0000] {dagbag.py:540} INFO - Filling up the DagBag from /home/airflow/.local/lib/python3.8/site-packages/airflow/example_dags/example_task_group_decorator.py
[2026-09-10T14:39:12.281+0000] {processor.py:840} INFO - DAG(s) 'example_task_group_decorator' retrieved from /home/airflow/.local/lib/python3.8/site-packages/airflow/example_dags/example_task_group_decorator.py
[2026-09-10T14:39:12.328+0000] {logging_mixin.py:188} INFO - [2026-09-10T14:39:12.327+0000] {dag.py:3047} INFO - Sync 1 DAGs
[2026-09-10T14:39:12.412+0000] {logging_mixin.py:188} INFO - [2026-09-10T14:39:12.411+0000] {dag.py:3834} INFO - Setting next_dagrun for example_task_group_decorator to 2026-09-09 00:00:00+00:00, run_after=2026-09-10 00:00:00+00:00
[2026-09-10T14:39:12.476+0000] {processor.py:183} INFO - Processing /home/airflow/.local/lib/python3.8/site-packages/airflow/example_dags/example_task_group_decorator.py took 0.242 seconds
[2026-09-10T14:39:43.956+0000] {processor.py:161} INFO - Started process (PID=1636) to work on /home/airflow/.local/lib/python3.8/site-packages/airflow/example_dags/example_task_group_decorator.py
[2026-09-10T14:39:43.959+0000] {processor.py:830} INFO - Processing file /home/airflow/.local/lib/python3.8/site-packages/airflow/example_dags/example_task_group_decorator.py for tasks to queue
[2026-09-10T14:39:43.964+0000] {logging_mixin.py:188} INFO - [2026-09-10T14:39:43.963+0000] {dagbag.py:540} INFO - Filling up the DagBag from /home/airflow/.local/lib/python3.8/site-packages/airflow/example_dags/example_task_group_decorator.py
[2026-09-10T14:39:43.985+0000] {processor.py:840} INFO - DAG(s) 'example_task_group_decorator' retrieved from /home/airflow/.local/lib/python3.8/site-packages/airflow/example_dags/example_task_group_decorator.py
[2026-09-10T14:39:44.024+0000] {logging_mixin.py:188} INFO - [2026-09-10T14:39:44.024+0000] {dag.py:3047} INFO - Sync 1 DAGs
[2026-09-10T14:39:44.062+0000] {logging_mixin.py:188} INFO - [2026-09-10T14:39:44.062+0000] {dag.py:3834} INFO - Setting next_dagrun for example_task_group_decorator to 2026-09-09 00:00:00+00:00, run_after=2026-09-10 00:00:00+00:00
[2026-09-10T14:39:44.098+0000] {processor.py:183} INFO - Processing /home/airflow/.local/lib/python3.8/site-packages/airflow/example_dags/example_task_group_decorator.py took 0.148 seconds
[2026-09-10T14:40:15.275+0000] {processor.py:161} INFO - Started process (PID=1695) to work on /home/airflow/.local/lib/python3.8/site-packages/airflow/example_dags/example_task_group_decorator.py
[2026-09-10T14:40:15.289+0000] {processor.py:830} INFO - Processing file /home/airflow/.local/lib/python3.8/site-packages/airflow/example_dags/example_task_group_decorator.py for tasks to queue
[2026-09-10T14:40:15.292+0000] {logging_mixin.py:188} INFO - [2026-09-10T14:40:15.292+0000] {dagbag.py:540} INFO - Filling up the DagBag from /home/airflow/.local/lib/python3.8/site-packages/airflow/example_dags/example_task_group_decorator.py
[2026-09-10T14:40:15.315+0000] {processor.py:840} INFO - DAG(s) 'example_task_group_decorator' retrieved from /home/airflow/.local/lib/python3.8/site-packages/airflow/example_dags/example_task_group_decorator.py
[2026-09-10T14:40:15.360+0000] {logging_mixin.py:188} INFO - [2026-09-10T14:40:15.359+0000] {dag.py:3047} INFO - Sync 1 DAGs
[2026-09-10T14:40:15.382+0000] {logging_mixin.py:188} INFO - [2026-09-10T14:40:15.382+0000] {dag.py:3834} INFO - Setting next_dagrun for example_task_group_decorator to 2026-09-09 00:00:00+00:00, run_after=2026-09-10 00:00:00+00:00
[2026-09-10T14:40:15.402+0000] {processor.py:183} INFO - Processing /home/airflow/.local/lib/python3.8/site-packages/airflow/example_dags/example_task_group_decorator.py took 0.132 seconds
